M_GeV T_GeV <g0>/T
1.000000000000000056e-01 1.000000000000000000e+02 2.458933831635180117e-02
1.000000000000000056e-01 1.023531021899025859e+02 2.369342334825494736e-02
1.000000000000000056e-01 1.047615752789664043e+02 2.291645653489543522e-02
1.000000000000000056e-01 1.072267222010323167e+02 2.201901951519022807e-02
1.000000000000000056e-01 1.097498765493055686e+02 2.113412922528847340e-02
1.000000000000000056e-01 1.123324032978026565e+02 2.028935668795291136e-02
1.000000000000000056e-01 1.149756995397735579e+02 1.950417510024569923e-02
1.000000000000000056e-01 1.176811952434997863e+02 1.879965636917456037e-02
1.000000000000000056e-01 1.204503540258782408e+02 1.817218665775525294e-02
1.000000000000000056e-01 1.232846739442065882e+02 1.761174368940909493e-02
1.000000000000000056e-01 1.261856883066019748e+02 1.712642545759047313e-02
1.000000000000000056e-01 1.291549665014883885e+02 1.666845322466615348e-02
1.000000000000000056e-01 1.321941148466028721e+02 1.625652166645049149e-02
1.000000000000000056e-01 1.353047774579807481e+02 1.589201304971913850e-02
1.000000000000000056e-01 1.384886371393873219e+02 1.560272754629060850e-02
1.000000000000000056e-01 1.417474162926804695e+02 1.531844969317240623e-02
1.000000000000000056e-01 1.450828778495940128e+02 1.525989314253434030e-02
1.000000000000000056e-01 1.484968262254465117e+02 1.548173370630385494e-02
1.000000000000000056e-01 1.519911082952933157e+02 1.485104796878652413e-02
1.000000000000000056e-01 1.555676143930472222e+02 1.379597955983344164e-02
1.000000000000000056e-01 1.592282793341092315e+02 1.269528585858833124e-02
1.000000000000000056e-01 1.629750834620643332e+02 1.153429035781159025e-02
1.000000000000000056e-01 1.668100537200059250e+02 1.100253358673353860e-02
1.000000000000000056e-01 1.707352647470690385e+02 1.090768337684262616e-02
1.000000000000000056e-01 1.747528400007682876e+02 1.081379302346205037e-02
1.000000000000000056e-01 1.788649529057435075e+02 1.074831114609153815e-02
1.000000000000000056e-01 1.830738280295367701e+02 1.070501280040207261e-02
1.000000000000000056e-01 1.873817422860383033e+02 1.068450938115984676e-02
1.000000000000000056e-01 1.917910261672488730e+02 1.066454490988383644e-02
1.000000000000000056e-01 1.963040650040270521e+02 1.065406727837052946e-02
1.000000000000000056e-01 2.009233002565045751e+02 1.065049612361854831e-02
1.000000000000000056e-01 2.056512308348651459e+02 1.065049640038329831e-02
1.000000000000000056e-01 2.104904144512019855e+02 1.066090768148161318e-02
1.000000000000000056e-01 2.154434690031882269e+02 1.066090793494583674e-02
1.000000000000000056e-01 2.205130739903045480e+02 1.069417225260010235e-02
1.000000000000000056e-01 2.257019719633919124e+02 1.069417248767344682e-02
1.000000000000000056e-01 2.310129700083157900e+02 1.069417271206397381e-02
1.000000000000000056e-01 2.364489412645407072e+02 1.073345825165582246e-02
1.000000000000000056e-01 2.420128264794381039e+02 1.073345845760025757e-02
1.000000000000000056e-01 2.477076355991711409e+02 1.077760708405475602e-02
1.000000000000000056e-01 2.535364493970111539e+02 1.077760727289023973e-02
1.000000000000000056e-01 2.595024211399737055e+02 1.077760745314378273e-02
1.000000000000000056e-01 2.656087782946686957e+02 1.082171548838396780e-02
1.000000000000000056e-01 2.718588242732940330e+02 1.082171565336694820e-02
1.000000000000000056e-01 2.782559402207126027e+02 1.086276254011662827e-02
1.000000000000000056e-01 2.848035868435802058e+02 1.086276269064662819e-02
1.000000000000000056e-01 2.915053062825175516e+02 1.086276283433535231e-02
1.000000000000000056e-01 2.983647240283340238e+02 1.090123791854191032e-02
1.000000000000000056e-01 3.053855508833415797e+02 1.090123804951532473e-02
1.000000000000000056e-01 3.125715849688235153e+02 1.093509131266332847e-02
1.000000000000000056e-01 3.199267137797384635e+02 1.093509143194777884e-02
1.000000000000000056e-01 3.274549162877728463e+02 1.096517294191495448e-02
1.000000000000000056e-01 3.351602650938841066e+02 1.096517305056516657e-02
1.000000000000000056e-01 3.430469286314919373e+02 1.096517315427731482e-02
1.000000000000000056e-01 3.511191734215130964e+02 1.099139752013090013e-02
1.000000000000000056e-01 3.593813663804625662e+02 1.099139761461195505e-02
1.000000000000000056e-01 3.678379771828634262e+02 1.101364828865212912e-02
1.000000000000000056e-01 3.764935806792467474e+02 1.101364837473389410e-02
1.000000000000000056e-01 3.853528593710527161e+02 1.101364845690323661e-02
1.000000000000000056e-01 3.944206059437656222e+02 1.103027609202958566e-02
1.000000000000000056e-01 4.037017258596553688e+02 1.103027616683001887e-02
1.000000000000000056e-01 4.132012400115334572e+02 1.104323006678242444e-02
1.000000000000000056e-01 4.229242874389498752e+02 1.104323013488060432e-02
1.000000000000000056e-01 4.328761281083056929e+02 1.104323019988373566e-02
1.000000000000000056e-01 4.430621457583877714e+02 1.105281675217406959e-02
1.000000000000000056e-01 4.534878508128581984e+02 1.105281681136041118e-02
1.000000000000000056e-01 4.641588833612777307e+02 1.105888083486962666e-02
1.000000000000000056e-01 4.750810162102798131e+02 1.105888088875372523e-02
1.000000000000000056e-01 4.862601580065353346e+02 1.105888094018877069e-02
1.000000000000000056e-01 4.977023564332108663e+02 1.106191285861499000e-02
1.000000000000000056e-01 5.094138014816380178e+02 1.106191290544541322e-02
1.000000000000000056e-01 5.214008287999683944e+02 1.106234779516323229e-02
1.000000000000000056e-01 5.336699231206307559e+02 1.106234783780408321e-02
1.000000000000000056e-01 5.462277217684342077e+02 1.106234787850689932e-02
1.000000000000000056e-01 5.590810182512223037e+02 1.106042347634400742e-02
1.000000000000000056e-01 5.722367659350220492e+02 1.106042351340881351e-02
1.000000000000000056e-01 5.857020818056666940e+02 1.105636353050195794e-02
1.000000000000000056e-01 5.994842503189408944e+02 1.105636356425575284e-02
1.000000000000000056e-01 6.135907273413175744e+02 1.105636359647539473e-02
1.000000000000000056e-01 6.280291441834252737e+02 1.105037346161455089e-02
1.000000000000000056e-01 6.428073117284319551e+02 1.105037349095801778e-02
1.000000000000000056e-01 6.579332246575681893e+02 1.104265819923862420e-02
1.000000000000000056e-01 6.734150657750820983e+02 1.104265822596330743e-02
1.000000000000000056e-01 6.892612104349694846e+02 1.104265825147332167e-02
1.000000000000000056e-01 7.054802310718645231e+02 1.103340175129168162e-02
1.000000000000000056e-01 7.220809018385464242e+02 1.103340177452658173e-02
1.000000000000000056e-01 7.390722033525775032e+02 1.102278430947244842e-02
1.000000000000000056e-01 7.564633275546290179e+02 1.102278433063585972e-02
1.000000000000000056e-01 7.742636826811269657e+02 1.102278435083741369e-02
1.000000000000000056e-01 7.924828983539169940e+02 1.101094400798298574e-02
1.000000000000000056e-01 8.111308307896872520e+02 1.101094402638394185e-02
1.000000000000000056e-01 8.302175681319744172e+02 1.099803216667561909e-02
1.000000000000000056e-01 8.497534359086438371e+02 1.099803218343660752e-02
1.000000000000000056e-01 8.697490026177833897e+02 1.099803219943577305e-02
1.000000000000000056e-01 8.902150854450383122e+02 1.098417903914370580e-02
1.000000000000000056e-01 9.111627561154896284e+02 1.098417905371746467e-02
1.000000000000000056e-01 9.326033468832199560e+02 1.096949461046579227e-02
1.000000000000000056e-01 9.545484566618337112e+02 1.096949462374120429e-02
1.000000000000000056e-01 9.770099572992256753e+02 1.096949463641324653e-02
1.000000000000000056e-01 1.000000000000000000e+03 1.095410716850083940e-02
1.000000000000000056e-01 1.000000000000000000e+03 1.095410716850083940e-02
1.000000000000000056e-01 1.097498765493055544e+03 1.093807705685713449e-02
1.000000000000000056e-01 1.204503540258781186e+03 1.090449124320374413e-02
1.000000000000000056e-01 1.321941148466028608e+03 1.086931202488445637e-02
1.000000000000000056e-01 1.450828778495938650e+03 1.085127294356365638e-02
1.000000000000000056e-01 1.592282793341090610e+03 1.081455489801368998e-02
1.000000000000000056e-01 1.747528400007682876e+03 1.079594820972580062e-02
1.000000000000000056e-01 1.917910261672486740e+03 1.075841941290122533e-02
1.000000000000000056e-01 2.104904144512019684e+03 1.072063745040474116e-02
1.000000000000000056e-01 2.310129700083158241e+03 1.070171116433420687e-02
1.000000000000000056e-01 2.535364493970108924e+03 1.066387573685905442e-02
1.000000000000000056e-01 2.782559402207123185e+03 1.064499952498813504e-02
1.000000000000000056e-01 3.053855508833412387e+03 1.060738745080476615e-02
1.000000000000000056e-01 3.351602650938840725e+03 1.056972951421270533e-02
1.000000000000000056e-01 3.678379771828630510e+03 1.055099365789795990e-02
1.000000000000000056e-01 4.037017258596553802e+03 1.051377851739749604e-02
1.000000000000000056e-01 4.430621457583877600e+03 1.047693351534390548e-02
1.000000000000000056e-01 4.862601580065348571e+03 1.045866787088208655e-02
1.000000000000000056e-01 5.336699231206307559e+03 1.042244303582519870e-02
1.000000000000000056e-01 5.857020818056661483e+03 1.040448973348418772e-02
1.000000000000000056e-01 6.428073117284318869e+03 1.036892263103299239e-02
1.000000000000000056e-01 7.054802310718638182e+03 1.033379065436559018e-02
1.000000000000000056e-01 7.742636826811270112e+03 1.031610647050489570e-02
1.000000000000000056e-01 8.497534359086437689e+03 1.028102005860623107e-02
1.000000000000000056e-01 9.326033468832189101e+03 1.026364798716263710e-02
1.000000000000000056e-01 1.023531021899026928e+04 1.022924345048236913e-02
1.000000000000000056e-01 1.123324032978026480e+04 1.019530419534814443e-02
1.000000000000000056e-01 1.232846739442065882e+04 1.017850463747010069e-02
1.000000000000000056e-01 1.353047774579807628e+04 1.014524273220583118e-02
1.000000000000000056e-01 1.484968262254463480e+04 1.012877245704541310e-02
1.000000000000000056e-01 1.629750834620643400e+04 1.009617383767565622e-02
1.000000000000000056e-01 1.788649529057435211e+04 1.006400848780533187e-02
1.000000000000000056e-01 1.963040650040268520e+04 1.004808325321214502e-02
1.000000000000000056e-01 2.154434690031882201e+04 1.001655342435527410e-02
1.000000000000000056e-01 2.364489412645407356e+04 1.000094083443851985e-02
1.000000000000000056e-01 2.595024211399731939e+04 9.970031624758702096e-03
1.000000000000000056e-01 2.848035868435799057e+04 9.939524930840208661e-03
1.000000000000000056e-01 3.125715849688235176e+04 9.924417735830146428e-03
1.000000000000000056e-01 3.430469286314912461e+04 9.894499837165249626e-03
1.000000000000000056e-01 3.764935806792470976e+04 9.864963835768699937e-03
1.000000000000000056e-01 4.132012400115334458e+04 9.850338179953899154e-03
1.000000000000000056e-01 4.534878508128582325e+04 9.821361487706755863e-03
1.000000000000000056e-01 4.977023564332113892e+04 9.807014731289297529e-03
1.000000000000000056e-01 5.462277217684336938e+04 9.778375238642602815e-03
1.000000000000000056e-01 5.994842503189409035e+04 9.749997470659172924e-03
1.000000000000000056e-01 6.579332246575682075e+04 9.735937189534193958e-03
1.000000000000000056e-01 7.220809018385456875e+04 9.708084976926547108e-03
1.000000000000000056e-01 7.924828983539169712e+04 9.694283638582882473e-03
1.000000000000000056e-01 8.697490026177834079e+04 9.666941204133302351e-03
1.000000000000000056e-01 9.545484566618327517e+04 9.639926280693629848e-03
1.000000000000000056e-01 1.047615752789664111e+05 9.626544405291074039e-03
1.000000000000000056e-01 1.149756995397735591e+05 9.600015111603176290e-03
1.000000000000000056e-01 1.261856883066018490e+05 9.586871626215118236e-03
1.000000000000000056e-01 1.384886371393871668e+05 9.560816605277874455e-03
1.000000000000000056e-01 1.519911082952933211e+05 9.535068207812144939e-03
1.000000000000000056e-01 1.668100537200059043e+05 9.522230060952095385e-03
1.000000000000000056e-01 1.830738280295369623e+05 9.496647328633004911e-03
1.000000000000000056e-01 2.009233002565045899e+05 9.483964936739652102e-03
1.000000000000000056e-01 2.205130739903045760e+05 9.458822918996613593e-03
1.000000000000000056e-01 2.420128264794383431e+05 9.433965878654308052e-03
1.000000000000000056e-01 2.656087782946684165e+05 9.421646847813597639e-03
1.000000000000000056e-01 2.915053062825175584e+05 9.397214283174680841e-03
1.000000000000000056e-01 3.199267137797384639e+05 9.373060895680837556e-03
1.000000000000000056e-01 3.511191734215127653e+05 9.361086637709591096e-03
1.000000000000000056e-01 3.853528593710527639e+05 9.337336367322332173e-03
1.000000000000000056e-01 4.229242874389499193e+05 9.325557478853970308e-03
1.000000000000000056e-01 4.641588833612772287e+05 9.302198780906561007e-03
1.000000000000000056e-01 5.094138014816375216e+05 9.279092945613956131e-03
1.000000000000000056e-01 5.590810182512222091e+05 9.267644191298288203e-03
1.000000000000000056e-01 6.135907273413175717e+05 9.244671597388474937e-03
1.000000000000000056e-01 6.734150657750827959e+05 9.233156768995829863e-03
1.000000000000000056e-01 7.390722033525775187e+05 9.210317588007894962e-03
1.000000000000000056e-01 8.111308307896872284e+05 9.187724802579637709e-03
1.000000000000000056e-01 8.902150854450393235e+05 9.176516453016501929e-03
1.000000000000000056e-01 9.770099572992246831e+05 9.154285902651647724e-03
1.000000000000000056e-01 1.072267222010323079e+06 9.143256211413723980e-03
1.000000000000000056e-01 1.176811952434999170e+06 9.121375767709499413e-03
1.000000000000000056e-01 1.291549665014882805e+06 9.099724438806600438e-03
1.000000000000000056e-01 1.417474162926804740e+06 9.088981991173618324e-03
1.000000000000000056e-01 1.555676143930472201e+06 9.067669102457705937e-03
1.000000000000000056e-01 1.707352647470688680e+06 9.057096698716699673e-03
1.000000000000000056e-01 1.873817422860383056e+06 9.036110519539179015e-03
1.000000000000000056e-01 2.056512308348651510e+06 9.015337723893977750e-03
1.000000000000000056e-01 2.257019719633921515e+06 9.005034153730306565e-03
1.000000000000000056e-01 2.477076355991709046e+06 8.984575757416488756e-03
1.000000000000000056e-01 2.718588242732940242e+06 8.974426805441611601e-03
1.000000000000000056e-01 2.983647240283340216e+06 8.954279741844362733e-03
1.000000000000000056e-01 3.274549162877731491e+06 8.934337007243676673e-03
1.000000000000000056e-01 3.593813663804625627e+06 8.924435702233122006e-03
1.000000000000000056e-01 3.944206059437655844e+06 8.904782402555860149e-03
1.000000000000000056e-01 4.328761281083061360e+06 8.885323791263968068e-03
1.000000000000000056e-01 4.750810162102793343e+06 8.875670276367939385e-03
1.000000000000000056e-01 5.214008287999684922e+06 8.856492042046313143e-03
1.000000000000000056e-01 5.722367659350220114e+06 8.846978258379835022e-03
1.000000000000000056e-01 6.280291441834246740e+06 8.828078114027682749e-03
1.000000000000000056e-01 6.892612104349695146e+06 8.809359693261487392e-03
1.000000000000000056e-01 7.564633275546290912e+06 8.800073127474777532e-03
1.000000000000000056e-01 8.302175681319751777e+06 8.781623988254008695e-03
1.000000000000000056e-01 9.111627561154887080e+06 8.772466401493171639e-03
1.000000000000000056e-01 1.000000000000000000e+07 8.754273673126099914e-03
1.400000000000000133e-01 1.000000000000000000e+02 2.458915315103074942e-02
1.400000000000000133e-01 1.023531021899025859e+02 2.369326067533787314e-02
1.400000000000000133e-01 1.047615752789664043e+02 2.291631511062490467e-02
1.400000000000000133e-01 1.072267222010323167e+02 2.201890139935523683e-02
1.400000000000000133e-01 1.097498765493055686e+02 2.113403587623518057e-02
1.400000000000000133e-01 1.123324032978026565e+02 2.028927240864007719e-02
1.400000000000000133e-01 1.149756995397735579e+02 1.950410403684784549e-02
1.400000000000000133e-01 1.176811952434997863e+02 1.879959579501102110e-02
1.400000000000000133e-01 1.204503540258782408e+02 1.817213469630567582e-02
1.400000000000000133e-01 1.232846739442065882e+02 1.761169742552621403e-02
1.400000000000000133e-01 1.261856883066019748e+02 1.712638968556186303e-02
1.400000000000000133e-01 1.291549665014883885e+02 1.666841905357044351e-02
1.400000000000000133e-01 1.321941148466028721e+02 1.625649226168309272e-02
1.400000000000000133e-01 1.353047774579807481e+02 1.589198470012977843e-02
1.400000000000000133e-01 1.384886371393873219e+02 1.560269848209407291e-02
1.400000000000000133e-01 1.417474162926804695e+02 1.531842226590182134e-02
1.400000000000000133e-01 1.450828778495940128e+02 1.525986338371015591e-02
1.400000000000000133e-01 1.484968262254465117e+02 1.548169956440766624e-02
1.400000000000000133e-01 1.519911082952933157e+02 1.485101851355384757e-02
1.400000000000000133e-01 1.555676143930472222e+02 1.379595709113793853e-02
1.400000000000000133e-01 1.592282793341092315e+02 1.269526983856678753e-02
1.400000000000000133e-01 1.629750834620643332e+02 1.153427911842916029e-02
1.400000000000000133e-01 1.668100537200059250e+02 1.100252556157526283e-02
1.400000000000000133e-01 1.707352647470690385e+02 1.090767617273356339e-02
1.400000000000000133e-01 1.747528400007682876e+02 1.081378635520278096e-02
1.400000000000000133e-01 1.788649529057435075e+02 1.074830467537262260e-02
1.400000000000000133e-01 1.830738280295367701e+02 1.070500627667367484e-02
1.400000000000000133e-01 1.873817422860383033e+02 1.068450276326190183e-02
1.400000000000000133e-01 1.917910261672488730e+02 1.066453848953079556e-02
1.400000000000000133e-01 1.963040650040270521e+02 1.065406113885998540e-02
1.400000000000000133e-01 2.009233002565045751e+02 1.065049027864567455e-02
1.400000000000000133e-01 2.056512308348651459e+02 1.065049082098604508e-02
1.400000000000000133e-01 2.104904144512019855e+02 1.066090232848450510e-02
1.400000000000000133e-01 2.154434690031882269e+02 1.066090282518416914e-02
1.400000000000000133e-01 2.205130739903045480e+02 1.069416728793339162e-02
1.400000000000000133e-01 2.257019719633919124e+02 1.069416774860611034e-02
1.400000000000000133e-01 2.310129700083157900e+02 1.069416818834683335e-02
1.400000000000000133e-01 2.364489412645407072e+02 1.073345390211821564e-02
1.400000000000000133e-01 2.420128264794381039e+02 1.073345430571803413e-02
1.400000000000000133e-01 2.477076355991711409e+02 1.077760309582119665e-02
1.400000000000000133e-01 2.535364493970111539e+02 1.077760346589800439e-02
1.400000000000000133e-01 2.595024211399737055e+02 1.077760381915786325e-02
1.400000000000000133e-01 2.656087782946686957e+02 1.082171200388429115e-02
1.400000000000000133e-01 2.718588242732940330e+02 1.082171232722132365e-02
1.400000000000000133e-01 2.782559402207126027e+02 1.086275936084995022e-02
1.400000000000000133e-01 2.848035868435802058e+02 1.086275965586505458e-02
1.400000000000000133e-01 2.915053062825175516e+02 1.086275993747337285e-02
1.400000000000000133e-01 2.983647240283340238e+02 1.090123515230038108e-02
1.400000000000000133e-01 3.053855508833415797e+02 1.090123540899098561e-02
1.400000000000000133e-01 3.125715849688235153e+02 1.093508879328974719e-02
1.400000000000000133e-01 3.199267137797384635e+02 1.093508902707334383e-02
1.400000000000000133e-01 3.274549162877728463e+02 1.096517064713578918e-02
1.400000000000000133e-01 3.351602650938841066e+02 1.096517086007894187e-02
1.400000000000000133e-01 3.430469286314919373e+02 1.096517106334451118e-02
1.400000000000000133e-01 3.511191734215130964e+02 1.099139552460775236e-02
1.400000000000000133e-01 3.593813663804625662e+02 1.099139570978226524e-02
1.400000000000000133e-01 3.678379771828634262e+02 1.101364647052468192e-02
1.400000000000000133e-01 3.764935806792467474e+02 1.101364663923813658e-02
1.400000000000000133e-01 3.853528593710527161e+02 1.101364680028389144e-02
1.400000000000000133e-01 3.944206059437656222e+02 1.103027451216888853e-02
1.400000000000000133e-01 4.037017258596553688e+02 1.103027465877274259e-02
1.400000000000000133e-01 4.132012400115334572e+02 1.104322862847727758e-02
1.400000000000000133e-01 4.229242874389498752e+02 1.104322876194561119e-02
1.400000000000000133e-01 4.328761281083056929e+02 1.104322888934799150e-02
1.400000000000000133e-01 4.430621457583877714e+02 1.105281550209418970e-02
1.400000000000000133e-01 4.534878508128581984e+02 1.105281561809631080e-02
1.400000000000000133e-01 4.641588833612777307e+02 1.105887969677703080e-02
1.400000000000000133e-01 4.750810162102798131e+02 1.105887980238732561e-02
1.400000000000000133e-01 4.862601580065353346e+02 1.105887990319769434e-02
1.400000000000000133e-01 4.977023564332108663e+02 1.106191186950214456e-02
1.400000000000000133e-01 5.094138014816380178e+02 1.106191196128786941e-02
1.400000000000000133e-01 5.214008287999683944e+02 1.106234689453786287e-02
1.400000000000000133e-01 5.336699231206307559e+02 1.106234697811238343e-02
1.400000000000000133e-01 5.462277217684342077e+02 1.106234705788846501e-02
1.400000000000000133e-01 5.590810182512223037e+02 1.106042269349036267e-02
1.400000000000000133e-01 5.722367659350220492e+02 1.106042276613621034e-02
1.400000000000000133e-01 5.857020818056666940e+02 1.105636281758064048e-02
1.400000000000000133e-01 5.994842503189408944e+02 1.105636288373708018e-02
1.400000000000000133e-01 6.135907273413175744e+02 1.105636294688668725e-02
1.400000000000000133e-01 6.280291441834252737e+02 1.105037284184375891e-02
1.400000000000000133e-01 6.428073117284319551e+02 1.105037289935625194e-02
1.400000000000000133e-01 6.579332246575681893e+02 1.104265763477947984e-02
1.400000000000000133e-01 6.734150657750820983e+02 1.104265768715926958e-02
1.400000000000000133e-01 6.892612104349694846e+02 1.104265773715835258e-02
1.400000000000000133e-01 7.054802310718645231e+02 1.103340126054076255e-02
1.400000000000000133e-01 7.220809018385464242e+02 1.103340130608071977e-02
1.400000000000000133e-01 7.390722033525775032e+02 1.102278386247350882e-02
1.400000000000000133e-01 7.564633275546290179e+02 1.102278390395343942e-02
1.400000000000000133e-01 7.742636826811269657e+02 1.102278394354809336e-02
1.400000000000000133e-01 7.924828983539169940e+02 1.101094361933125515e-02
1.400000000000000133e-01 8.111308307896872520e+02 1.101094365539681021e-02
1.400000000000000133e-01 8.302175681319744172e+02 1.099803181266143827e-02
1.400000000000000133e-01 8.497534359086438371e+02 1.099803184551274154e-02
1.400000000000000133e-01 8.697490026177833897e+02 1.099803187687092496e-02
1.400000000000000133e-01 8.902150854450383122e+02 1.098417873132697883e-02
1.400000000000000133e-01 9.111627561154896284e+02 1.098417875989134672e-02
1.400000000000000133e-01 9.326033468832199560e+02 1.096949433007115074e-02
1.400000000000000133e-01 9.545484566618337112e+02 1.096949435609083194e-02
1.400000000000000133e-01 9.770099572992256753e+02 1.096949438092787929e-02
1.400000000000000133e-01 1.000000000000000000e+03 1.095410692467770584e-02
1.400000000000000133e-01 1.000000000000000000e+03 1.095410692467770584e-02
1.400000000000000133e-01 1.097498765493055544e+03 1.093807685448219998e-02
1.400000000000000133e-01 1.204503540258781186e+03 1.090449107525504405e-02
1.400000000000000133e-01 1.321941148466028608e+03 1.086931188549886303e-02
1.400000000000000133e-01 1.450828778495938650e+03 1.085127282786266766e-02
1.400000000000000133e-01 1.592282793341090610e+03 1.081455480198404741e-02
1.400000000000000133e-01 1.747528400007682876e+03 1.079594813001141622e-02
1.400000000000000133e-01 1.917910261672486740e+03 1.075841934673609640e-02
1.400000000000000133e-01 2.104904144512019684e+03 1.072063739548647678e-02
1.400000000000000133e-01 2.310129700083158241e+03 1.070171111874504769e-02
1.400000000000000133e-01 2.535364493970108924e+03 1.066387569901771845e-02
1.400000000000000133e-01 2.782559402207123185e+03 1.064499949357439884e-02
1.400000000000000133e-01 3.053855508833412387e+03 1.060738742472866480e-02
1.400000000000000133e-01 3.351602650938840725e+03 1.056972949257018075e-02
1.400000000000000133e-01 3.678379771828630510e+03 1.055099363993239683e-02
1.400000000000000133e-01 4.037017258596553802e+03 1.051377850248652254e-02
1.400000000000000133e-01 4.430621457583877600e+03 1.047693350296832922e-02
1.400000000000000133e-01 4.862601580065348571e+03 1.045866786060908708e-02
1.400000000000000133e-01 5.336699231206307559e+03 1.042244302729847596e-02
1.400000000000000133e-01 5.857020818056661483e+03 1.040448972640609961e-02
1.400000000000000133e-01 6.428073117284318869e+03 1.036892262515801133e-02
1.400000000000000133e-01 7.054802310718638182e+03 1.033379064948935881e-02
1.400000000000000133e-01 7.742636826811270112e+03 1.031610646645762450e-02
1.400000000000000133e-01 8.497534359086437689e+03 1.028102005524810826e-02
1.400000000000000133e-01 9.326033468832189101e+03 1.026364798437547077e-02
1.400000000000000133e-01 1.023531021899026928e+04 1.022924344816979192e-02
1.400000000000000133e-01 1.123324032978026480e+04 1.019530419342924189e-02
1.400000000000000133e-01 1.232846739442065882e+04 1.017850463587741811e-02
1.400000000000000133e-01 1.353047774579807628e+04 1.014524273088429629e-02
1.400000000000000133e-01 1.484968262254463480e+04 1.012877245594854397e-02
1.400000000000000133e-01 1.629750834620643400e+04 1.009617383676549886e-02
1.400000000000000133e-01 1.788649529057435211e+04 1.006400848705008184e-02
1.400000000000000133e-01 1.963040650040268520e+04 1.004808325258529401e-02
1.400000000000000133e-01 2.154434690031882201e+04 1.001655342383511553e-02
1.400000000000000133e-01 2.364489412645407356e+04 1.000094083400679228e-02
1.400000000000000133e-01 2.595024211399731939e+04 9.970031624400415779e-03
1.400000000000000133e-01 2.848035868435799057e+04 9.939524930542906547e-03
1.400000000000000133e-01 3.125715849688235176e+04 9.924417735583413239e-03
1.400000000000000133e-01 3.430469286314912461e+04 9.894499836960477662e-03
1.400000000000000133e-01 3.764935806792470976e+04 9.864963835598766426e-03
1.400000000000000133e-01 4.132012400115334458e+04 9.850338179812857461e-03
1.400000000000000133e-01 4.534878508128582325e+04 9.821361487589707132e-03
1.400000000000000133e-01 4.977023564332113892e+04 9.807014731192147811e-03
1.400000000000000133e-01 5.462277217684336938e+04 9.778375238562019706e-03
1.400000000000000133e-01 5.994842503189409035e+04 9.749997470592302803e-03
1.400000000000000133e-01 6.579332246575682075e+04 9.735937189478679338e-03
1.400000000000000133e-01 7.220809018385456875e+04 9.708084976880495404e-03
1.400000000000000133e-01 7.924828983539169712e+04 9.694283638544654372e-03
1.400000000000000133e-01 8.697490026177834079e+04 9.666941204101582932e-03
1.400000000000000133e-01 9.545484566618327517e+04 9.639926280667314093e-03
1.400000000000000133e-01 1.047615752789664111e+05 9.626544405269230401e-03
1.400000000000000133e-01 1.149756995397735591e+05 9.600015111585053634e-03
1.400000000000000133e-01 1.261856883066018490e+05 9.586871626200074714e-03
1.400000000000000133e-01 1.384886371393871668e+05 9.560816605265391385e-03
1.400000000000000133e-01 1.519911082952933211e+05 9.535068207801799048e-03
1.400000000000000133e-01 1.668100537200059043e+05 9.522230060943510238e-03
1.400000000000000133e-01 1.830738280295369623e+05 9.496647328625885606e-03
1.400000000000000133e-01 2.009233002565045899e+05 9.483964936733740164e-03
1.400000000000000133e-01 2.205130739903045760e+05 9.458822918991709530e-03
1.400000000000000133e-01 2.420128264794383431e+05 9.433965878650238390e-03
1.400000000000000133e-01 2.656087782946684165e+05 9.421646847810220132e-03
1.400000000000000133e-01 2.915053062825175584e+05 9.397214283171874058e-03
1.400000000000000133e-01 3.199267137797384639e+05 9.373060895678507823e-03
1.400000000000000133e-01 3.511191734215127653e+05 9.361086637707656880e-03
1.400000000000000133e-01 3.853528593710527639e+05 9.337336367320727554e-03
1.400000000000000133e-01 4.229242874389499193e+05 9.325557478852648449e-03
1.400000000000000133e-01 4.641588833612772287e+05 9.302198780905466396e-03
1.400000000000000133e-01 5.094138014816375216e+05 9.279092945613038462e-03
1.400000000000000133e-01 5.590810182512222091e+05 9.267644191297531864e-03
1.400000000000000133e-01 6.135907273413175717e+05 9.244671597387845233e-03
1.400000000000000133e-01 6.734150657750827959e+05 9.233156768995304242e-03
1.400000000000000133e-01 7.390722033525775187e+05 9.210317588007464751e-03
1.400000000000000133e-01 8.111308307896872284e+05 9.187724802579278621e-03
1.400000000000000133e-01 8.902150854450393235e+05 9.176516453016200087e-03
1.400000000000000133e-01 9.770099572992246831e+05 9.154285902651401394e-03
1.400000000000000133e-01 1.072267222010323079e+06 9.143256211413521017e-03
1.400000000000000133e-01 1.176811952434999170e+06 9.121375767709329410e-03
1.400000000000000133e-01 1.291549665014882805e+06 9.099724438806456456e-03
1.400000000000000133e-01 1.417474162926804740e+06 9.088981991173502098e-03
1.400000000000000133e-01 1.555676143930472201e+06 9.067669102457608793e-03
1.400000000000000133e-01 1.707352647470688680e+06 9.057096698716621611e-03
1.400000000000000133e-01 1.873817422860383056e+06 9.036110519539109626e-03
1.400000000000000133e-01 2.056512308348651510e+06 9.015337723893923974e-03
1.400000000000000133e-01 2.257019719633921515e+06 9.005034153730261462e-03
1.400000000000000133e-01 2.477076355991709046e+06 8.984575757416448857e-03
1.400000000000000133e-01 2.718588242732940242e+06 8.974426805441578642e-03
1.400000000000000133e-01 2.983647240283340216e+06 8.954279741844334978e-03
1.400000000000000133e-01 3.274549162877731491e+06 8.934337007243657591e-03
1.400000000000000133e-01 3.593813663804625627e+06 8.924435702233104659e-03
1.400000000000000133e-01 3.944206059437655844e+06 8.904782402555846271e-03
1.400000000000000133e-01 4.328761281083061360e+06 8.885323791263957660e-03
1.400000000000000133e-01 4.750810162102793343e+06 8.875670276367928976e-03
1.400000000000000133e-01 5.214008287999684922e+06 8.856492042046306204e-03
1.400000000000000133e-01 5.722367659350220114e+06 8.846978258379828083e-03
1.400000000000000133e-01 6.280291441834246740e+06 8.828078114027677545e-03
1.400000000000000133e-01 6.892612104349695146e+06 8.809359693261483923e-03
1.400000000000000133e-01 7.564633275546290912e+06 8.800073127474774062e-03
1.400000000000000133e-01 8.302175681319751777e+06 8.781623988254005225e-03
1.400000000000000133e-01 9.111627561154887080e+06 8.772466401493169905e-03
1.400000000000000133e-01 1.000000000000000000e+07 8.754273673126098179e-03
2.000000000000000111e-01 1.000000000000000000e+02 2.458875839724760856e-02
2.000000000000000111e-01 1.023531021899025859e+02 2.369291501666534114e-02
2.000000000000000111e-01 1.047615752789664043e+02 2.291601565615530162e-02
2.000000000000000111e-01 1.072267222010323167e+02 2.201864401402915672e-02
2.000000000000000111e-01 1.097498765493055686e+02 2.113381341204929181e-02
2.000000000000000111e-01 1.123324032978026565e+02 2.028909246280907047e-02
2.000000000000000111e-01 1.149756995397735579e+02 1.950395329928704402e-02
2.000000000000000111e-01 1.176811952434997863e+02 1.879946810859206910e-02
2.000000000000000111e-01 1.204503540258782408e+02 1.817202518486408722e-02
2.000000000000000111e-01 1.232846739442065882e+02 1.761160229110476927e-02
2.000000000000000111e-01 1.261856883066019748e+02 1.712630425181144514e-02
2.000000000000000111e-01 1.291549665014883885e+02 1.666835067560913999e-02
2.000000000000000111e-01 1.321941148466028721e+02 1.625643017268362661e-02
2.000000000000000111e-01 1.353047774579807481e+02 1.589194350514314125e-02
2.000000000000000111e-01 1.384886371393873219e+02 1.560263570779561564e-02
2.000000000000000111e-01 1.417474162926804695e+02 1.531836383424300084e-02
2.000000000000000111e-01 1.450828778495940128e+02 1.525980002577182089e-02
2.000000000000000111e-01 1.484968262254465117e+02 1.548162699022868731e-02
2.000000000000000111e-01 1.519911082952933157e+02 1.485095608180325537e-02
2.000000000000000111e-01 1.555676143930472222e+02 1.379590936847603297e-02
2.000000000000000111e-01 1.592282793341092315e+02 1.269523575259815830e-02
2.000000000000000111e-01 1.629750834620643332e+02 1.153425525386952977e-02
2.000000000000000111e-01 1.668100537200059250e+02 1.100250851744466116e-02
2.000000000000000111e-01 1.707352647470690385e+02 1.090766087167824999e-02
2.000000000000000111e-01 1.747528400007682876e+02 1.081377219182247211e-02
2.000000000000000111e-01 1.788649529057435075e+02 1.074829093140557829e-02
2.000000000000000111e-01 1.830738280295367701e+02 1.070499242012689332e-02
2.000000000000000111e-01 1.873817422860383033e+02 1.068448870669829083e-02
2.000000000000000111e-01 1.917910261672488730e+02 1.066452485206233029e-02
2.000000000000000111e-01 1.963040650040270521e+02 1.065404809736001171e-02
2.000000000000000111e-01 2.009233002565045751e+02 1.065047786241374826e-02
2.000000000000000111e-01 2.056512308348651459e+02 1.065047896871758847e-02
2.000000000000000111e-01 2.104904144512019855e+02 1.066089095666659936e-02
2.000000000000000111e-01 2.154434690031882269e+02 1.066089196994860107e-02
2.000000000000000111e-01 2.205130739903045480e+02 1.069415674061550796e-02
2.000000000000000111e-01 2.257019719633919124e+02 1.069415768045621322e-02
2.000000000000000111e-01 2.310129700083157900e+02 1.069415857760587334e-02
2.000000000000000111e-01 2.364489412645407072e+02 1.073344466122558814e-02
2.000000000000000111e-01 2.420128264794381039e+02 1.073344548467672702e-02
2.000000000000000111e-01 2.477076355991711409e+02 1.077759462231518695e-02
2.000000000000000111e-01 2.535364493970111539e+02 1.077759537739754296e-02
2.000000000000000111e-01 2.595024211399737055e+02 1.077759609817522009e-02
2.000000000000000111e-01 2.656087782946686957e+02 1.082170460040556871e-02
2.000000000000000111e-01 2.718588242732940330e+02 1.082170526014880445e-02
2.000000000000000111e-01 2.782559402207126027e+02 1.086275260577464034e-02
2.000000000000000111e-01 2.848035868435802058e+02 1.086275320774370175e-02
2.000000000000000111e-01 2.915053062825175516e+02 1.086275378236104330e-02
2.000000000000000111e-01 2.983647240283340238e+02 1.090122927467087471e-02
2.000000000000000111e-01 3.053855508833415797e+02 1.090122979845418658e-02
2.000000000000000111e-01 3.125715849688235153e+02 1.093508344013147983e-02
2.000000000000000111e-01 3.199267137797384635e+02 1.093508391718038715e-02
2.000000000000000111e-01 3.274549162877728463e+02 1.096516577114282215e-02
2.000000000000000111e-01 3.351602650938841066e+02 1.096516620567182521e-02
2.000000000000000111e-01 3.430469286314919373e+02 1.096516662045496707e-02
2.000000000000000111e-01 3.511191734215130964e+02 1.099139128442607437e-02
2.000000000000000111e-01 3.593813663804625662e+02 1.099139166229707795e-02
2.000000000000000111e-01 3.678379771828634262e+02 1.101364260725183272e-02
2.000000000000000111e-01 3.764935806792467474e+02 1.101364295153560609e-02
2.000000000000000111e-01 3.853528593710527161e+02 1.101364328017366209e-02
2.000000000000000111e-01 3.944206059437656222e+02 1.103027115514922801e-02
2.000000000000000111e-01 4.037017258596553688e+02 1.103027145431892050e-02
2.000000000000000111e-01 4.132012400115334572e+02 1.104322557222948108e-02
2.000000000000000111e-01 4.229242874389498752e+02 1.104322584459603053e-02
2.000000000000000111e-01 4.328761281083056929e+02 1.104322610458461154e-02
2.000000000000000111e-01 4.430621457583877714e+02 1.105281284578689231e-02
2.000000000000000111e-01 4.534878508128581984e+02 1.105281308251258345e-02
2.000000000000000111e-01 4.641588833612777307e+02 1.105887727842251068e-02
2.000000000000000111e-01 4.750810162102798131e+02 1.105887749394279806e-02
2.000000000000000111e-01 4.862601580065353346e+02 1.105887769966829026e-02
2.000000000000000111e-01 4.977023564332108663e+02 1.106190976770653200e-02
2.000000000000000111e-01 5.094138014816380178e+02 1.106190995501615294e-02
2.000000000000000111e-01 5.214008287999683944e+02 1.106234498076586609e-02
2.000000000000000111e-01 5.336699231206307559e+02 1.106234515131939745e-02
2.000000000000000111e-01 5.462277217684342077e+02 1.106234531412154248e-02
2.000000000000000111e-01 5.590810182512223037e+02 1.106042102996918075e-02
2.000000000000000111e-01 5.722367659350220492e+02 1.106042117822092150e-02
2.000000000000000111e-01 5.857020818056666940e+02 1.105636130265813359e-02
2.000000000000000111e-01 5.994842503189408944e+02 1.105636143766710287e-02
2.000000000000000111e-01 6.135907273413175744e+02 1.105636156654005338e-02
2.000000000000000111e-01 6.280291441834252737e+02 1.105037152485744377e-02
2.000000000000000111e-01 6.428073117284319551e+02 1.105037164222667095e-02
2.000000000000000111e-01 6.579332246575681893e+02 1.104265643532583926e-02
2.000000000000000111e-01 6.734150657750820983e+02 1.104265654222071763e-02
2.000000000000000111e-01 6.892612104349694846e+02 1.104265664425732943e-02
2.000000000000000111e-01 7.054802310718645231e+02 1.103340021771168945e-02
2.000000000000000111e-01 7.220809018385464242e+02 1.103340031064838599e-02
2.000000000000000111e-01 7.390722033525775032e+02 1.102278291261450140e-02
2.000000000000000111e-01 7.564633275546290179e+02 1.102278299726579779e-02
2.000000000000000111e-01 7.742636826811269657e+02 1.102278307806972384e-02
2.000000000000000111e-01 7.924828983539169940e+02 1.101094279345671278e-02
2.000000000000000111e-01 8.111308307896872520e+02 1.101094286705864810e-02
2.000000000000000111e-01 8.302175681319744172e+02 1.099803106038989807e-02
2.000000000000000111e-01 8.497534359086438371e+02 1.099803112743239983e-02
2.000000000000000111e-01 8.697490026177833897e+02 1.099803119142774531e-02
2.000000000000000111e-01 8.902150854450383122e+02 1.098417807722296309e-02
2.000000000000000111e-01 9.111627561154896284e+02 1.098417813551678078e-02
2.000000000000000111e-01 9.326033468832199560e+02 1.096949373423796240e-02
2.000000000000000111e-01 9.545484566618337112e+02 1.096949378733873444e-02
2.000000000000000111e-01 9.770099572992256753e+02 1.096949383802602734e-02
2.000000000000000111e-01 1.000000000000000000e+03 1.095410640655761735e-02
2.000000000000000111e-01 1.000000000000000000e+03 1.095410640655761735e-02
2.000000000000000111e-01 1.097498765493055544e+03 1.093807642443832447e-02
2.000000000000000111e-01 1.204503540258781186e+03 1.090449071836603612e-02
2.000000000000000111e-01 1.321941148466028608e+03 1.086931158930586408e-02
2.000000000000000111e-01 1.450828778495938650e+03 1.085127258199898234e-02
2.000000000000000111e-01 1.592282793341090610e+03 1.081455459792171267e-02
2.000000000000000111e-01 1.747528400007682876e+03 1.079594796061875660e-02
2.000000000000000111e-01 1.917910261672486740e+03 1.075841920613547671e-02
2.000000000000000111e-01 2.104904144512019684e+03 1.072063727878538701e-02
2.000000000000000111e-01 2.310129700083158241e+03 1.070171102186823903e-02
2.000000000000000111e-01 2.535364493970108924e+03 1.066387561860501938e-02
2.000000000000000111e-01 2.782559402207123185e+03 1.064499942682029313e-02
2.000000000000000111e-01 3.053855508833412387e+03 1.060738736931696527e-02
2.000000000000000111e-01 3.351602650938840725e+03 1.056972944657985983e-02
2.000000000000000111e-01 3.678379771828630510e+03 1.055099360175559484e-02
2.000000000000000111e-01 4.037017258596553802e+03 1.051377847080068977e-02
2.000000000000000111e-01 4.430621457583877600e+03 1.047693347667026827e-02
2.000000000000000111e-01 4.862601580065348571e+03 1.045866783877893481e-02
2.000000000000000111e-01 5.336699231206307559e+03 1.042244300917921293e-02
2.000000000000000111e-01 5.857020818056661483e+03 1.040448971136517624e-02
2.000000000000000111e-01 6.428073117284318869e+03 1.036892261267370954e-02
2.000000000000000111e-01 7.054802310718638182e+03 1.033379063912738018e-02
2.000000000000000111e-01 7.742636826811270112e+03 1.031610645785714653e-02
2.000000000000000111e-01 8.497534359086437689e+03 1.028102004811206824e-02
2.000000000000000111e-01 9.326033468832189101e+03 1.026364797845273624e-02
2.000000000000000111e-01 1.023531021899026928e+04 1.022924344325556144e-02
2.000000000000000111e-01 1.123324032978026480e+04 1.019530418935159048e-02
2.000000000000000111e-01 1.232846739442065882e+04 1.017850463249298648e-02
2.000000000000000111e-01 1.353047774579807628e+04 1.014524272807602878e-02
2.000000000000000111e-01 1.484968262254463480e+04 1.012877245361769318e-02
2.000000000000000111e-01 1.629750834620643400e+04 1.009617383483141055e-02
2.000000000000000111e-01 1.788649529057435211e+04 1.006400848544520069e-02
2.000000000000000111e-01 1.963040650040268520e+04 1.004808325125320853e-02
2.000000000000000111e-01 2.154434690031882201e+04 1.001655342272976187e-02
2.000000000000000111e-01 2.364489412645407356e+04 1.000094083308934387e-02
2.000000000000000111e-01 2.595024211399731939e+04 9.970031623639111565e-03
2.000000000000000111e-01 2.848035868435799057e+04 9.939524929911161891e-03
2.000000000000000111e-01 3.125715849688235176e+04 9.924417735059042761e-03
2.000000000000000111e-01 3.430469286314912461e+04 9.894499836525339626e-03
2.000000000000000111e-01 3.764935806792470976e+04 9.864963835237685469e-03
2.000000000000000111e-01 4.132012400115334458e+04 9.850338179513151021e-03
2.000000000000000111e-01 4.534878508128582325e+04 9.821361487340999827e-03
2.000000000000000111e-01 4.977023564332113892e+04 9.807014730985701839e-03
2.000000000000000111e-01 5.462277217684336938e+04 9.778375238390720967e-03
2.000000000000000111e-01 5.994842503189409035e+04 9.749997470450183848e-03
2.000000000000000111e-01 6.579332246575682075e+04 9.735937189360726815e-03
2.000000000000000111e-01 7.220809018385456875e+04 9.708084976782629244e-03
2.000000000000000111e-01 7.924828983539169712e+04 9.694283638463438088e-03
2.000000000000000111e-01 8.697490026177834079e+04 9.666941204034201068e-03
2.000000000000000111e-01 9.545484566618327517e+04 9.639926280611403955e-03
2.000000000000000111e-01 1.047615752789664111e+05 9.626544405222830017e-03
2.000000000000000111e-01 1.149756995397735591e+05 9.600015111546549712e-03
2.000000000000000111e-01 1.261856883066018490e+05 9.586871626168115904e-03
2.000000000000000111e-01 1.384886371393871668e+05 9.560816605238883076e-03
2.000000000000000111e-01 1.519911082952933211e+05 9.535068207779802754e-03
2.000000000000000111e-01 1.668100537200059043e+05 9.522230060925252274e-03
2.000000000000000111e-01 1.830738280295369623e+05 9.496647328610738001e-03
2.000000000000000111e-01 2.009233002565045899e+05 9.483964936721168623e-03
2.000000000000000111e-01 2.205130739903045760e+05 9.458822918981280373e-03
2.000000000000000111e-01 2.420128264794383431e+05 9.433965878641594263e-03
2.000000000000000111e-01 2.656087782946684165e+05 9.421646847803041847e-03
2.000000000000000111e-01 2.915053062825175584e+05 9.397214283165922222e-03
2.000000000000000111e-01 3.199267137797384639e+05 9.373060895673565596e-03
2.000000000000000111e-01 3.511191734215127653e+05 9.361086637703555993e-03
2.000000000000000111e-01 3.853528593710527639e+05 9.337336367317330965e-03
2.000000000000000111e-01 4.229242874389499193e+05 9.325557478849819115e-03
2.000000000000000111e-01 4.641588833612772287e+05 9.302198780903119316e-03
2.000000000000000111e-01 5.094138014816375216e+05 9.279092945611102511e-03
2.000000000000000111e-01 5.590810182512222091e+05 9.267644191295916836e-03
2.000000000000000111e-01 6.135907273413175717e+05 9.244671597386507761e-03
2.000000000000000111e-01 6.734150657750827959e+05 9.233156768994192284e-03
2.000000000000000111e-01 7.390722033525775187e+05 9.210317588006548817e-03
2.000000000000000111e-01 8.111308307896872284e+05 9.187724802578513608e-03
2.000000000000000111e-01 8.902150854450393235e+05 9.176516453015565178e-03
2.000000000000000111e-01 9.770099572992246831e+05 9.154285902650879242e-03
2.000000000000000111e-01 1.072267222010323079e+06 9.143256211413087337e-03
2.000000000000000111e-01 1.176811952434999170e+06 9.121375767708972057e-03
2.000000000000000111e-01 1.291549665014882805e+06 9.099724438806156349e-03
2.000000000000000111e-01 1.417474162926804740e+06 9.088981991173250563e-03
2.000000000000000111e-01 1.555676143930472201e+06 9.067669102457402361e-03
2.000000000000000111e-01 1.707352647470688680e+06 9.057096698716453342e-03
2.000000000000000111e-01 1.873817422860383056e+06 9.036110519538967378e-03
2.000000000000000111e-01 2.056512308348651510e+06 9.015337723893806013e-03
2.000000000000000111e-01 2.257019719633921515e+06 9.005034153730160848e-03
2.000000000000000111e-01 2.477076355991709046e+06 8.984575757416370795e-03
2.000000000000000111e-01 2.718588242732940242e+06 8.974426805441509253e-03
2.000000000000000111e-01 2.983647240283340216e+06 8.954279741844281201e-03
2.000000000000000111e-01 3.274549162877731491e+06 8.934337007243610754e-03
2.000000000000000111e-01 3.593813663804625627e+06 8.924435702233064760e-03
2.000000000000000111e-01 3.944206059437655844e+06 8.904782402555813312e-03
2.000000000000000111e-01 4.328761281083061360e+06 8.885323791263929905e-03
2.000000000000000111e-01 4.750810162102793343e+06 8.875670276367909894e-03
2.000000000000000111e-01 5.214008287999684922e+06 8.856492042046287122e-03
2.000000000000000111e-01 5.722367659350220114e+06 8.846978258379815940e-03
2.000000000000000111e-01 6.280291441834246740e+06 8.828078114027663667e-03
2.000000000000000111e-01 6.892612104349695146e+06 8.809359693261471780e-03
2.000000000000000111e-01 7.564633275546290912e+06 8.800073127474763654e-03
2.000000000000000111e-01 8.302175681319751777e+06 8.781623988253996552e-03
2.000000000000000111e-01 9.111627561154887080e+06 8.772466401493162966e-03
2.000000000000000111e-01 1.000000000000000000e+07 8.754273673126091240e-03
2.999999999999999889e-01 1.000000000000000000e+02 2.458779517128308403e-02
2.999999999999999889e-01 1.023531021899025859e+02 2.369206945900314068e-02
2.999999999999999889e-01 1.047615752789664043e+02 2.291528404080185252e-02
2.999999999999999889e-01 1.072267222010323167e+02 2.201802025773646337e-02
2.999999999999999889e-01 1.097498765493055686e+02 2.113328816725930717e-02
2.999999999999999889e-01 1.123324032978026565e+02 2.028865331460464466e-02
2.999999999999999889e-01 1.149756995397735579e+02 1.950358557892207037e-02
2.999999999999999889e-01 1.176811952434997863e+02 1.879915549272133390e-02
2.999999999999999889e-01 1.204503540258782408e+02 1.817175554477038976e-02
2.999999999999999889e-01 1.232846739442065882e+02 1.761137224978876273e-02
2.999999999999999889e-01 1.261856883066019748e+02 1.712610522029351171e-02
2.999999999999999889e-01 1.291549665014883885e+02 1.666816859148284591e-02
2.999999999999999889e-01 1.321941148466028721e+02 1.625627775779504847e-02
2.999999999999999889e-01 1.353047774579807481e+02 1.589179824115400166e-02
2.999999999999999889e-01 1.384886371393873219e+02 1.560248512313924286e-02
2.999999999999999889e-01 1.417474162926804695e+02 1.531822042952530813e-02
2.999999999999999889e-01 1.450828778495940128e+02 1.525964532666802299e-02
2.999999999999999889e-01 1.484968262254465117e+02 1.548144912870425688e-02
2.999999999999999889e-01 1.519911082952933157e+02 1.485080311919427867e-02
2.999999999999999889e-01 1.555676143930472222e+02 1.379579267370953898e-02
2.999999999999999889e-01 1.592282793341092315e+02 1.269515240222695088e-02
2.999999999999999889e-01 1.629750834620643332e+02 1.153419680671959914e-02
2.999999999999999889e-01 1.668100537200059250e+02 1.100246679607342487e-02
2.999999999999999889e-01 1.707352647470690385e+02 1.090762341308101208e-02
2.999999999999999889e-01 1.747528400007682876e+02 1.081373751588746331e-02
2.999999999999999889e-01 1.788649529057435075e+02 1.074825728138664206e-02
2.999999999999999889e-01 1.830738280295367701e+02 1.070495849455668259e-02
2.999999999999999889e-01 1.873817422860383033e+02 1.068445429143129524e-02
2.999999999999999889e-01 1.917910261672488730e+02 1.066449146005223059e-02
2.999999999999999889e-01 1.963040650040270521e+02 1.065401616134962863e-02
2.999999999999999889e-01 2.009233002565045751e+02 1.065044745534486116e-02
2.999999999999999889e-01 2.056512308348651459e+02 1.065044994170746828e-02
2.999999999999999889e-01 2.104904144512019855e+02 1.066086310350646341e-02
2.999999999999999889e-01 2.154434690031882269e+02 1.066086538124215791e-02
2.999999999999999889e-01 2.205130739903045480e+02 1.069413090426364447e-02
2.999999999999999889e-01 2.257019719633919124e+02 1.069413301721283856e-02
2.999999999999999889e-01 2.310129700083157900e+02 1.069413503425716699e-02
2.999999999999999889e-01 2.364489412645407072e+02 1.073342202274333093e-02
2.999999999999999889e-01 2.420128264794381039e+02 1.073342387428700105e-02
2.999999999999999889e-01 2.477076355991711409e+02 1.077757386247647428e-02
2.999999999999999889e-01 2.535364493970111539e+02 1.077757556044053183e-02
2.999999999999999889e-01 2.595024211399737055e+02 1.077757718130525552e-02
2.999999999999999889e-01 2.656087782946686957e+02 1.082168646084548380e-02
2.999999999999999889e-01 2.718588242732940330e+02 1.082168794456174477e-02
2.999999999999999889e-01 2.782559402207126027e+02 1.086273605419467089e-02
2.999999999999999889e-01 2.848035868435802058e+02 1.086273740806012814e-02
2.999999999999999889e-01 2.915053062825175516e+02 1.086273870043438089e-02
2.999999999999999889e-01 2.983647240283340238e+02 1.090121487235743737e-02
2.999999999999999889e-01 3.053855508833415797e+02 1.090121605045661808e-02
2.999999999999999889e-01 3.125715849688235153e+02 1.093507032257925310e-02
2.999999999999999889e-01 3.199267137797384635e+02 1.093507139560623113e-02
2.999999999999999889e-01 3.274549162877728463e+02 1.096515382255147664e-02
2.999999999999999889e-01 3.351602650938841066e+02 1.096515479997248708e-02
2.999999999999999889e-01 3.430469286314919373e+02 1.096515573298919959e-02
2.999999999999999889e-01 3.511191734215130964e+02 1.099138089357664348e-02
2.999999999999999889e-01 3.593813663804625662e+02 1.099138174358745869e-02
2.999999999999999889e-01 3.678379771828634262e+02 1.101363313987153460e-02
2.999999999999999889e-01 3.764935806792467474e+02 1.101363391434819969e-02
2.999999999999999889e-01 3.853528593710527161e+02 1.101363465363633387e-02
2.999999999999999889e-01 3.944206059437656222e+02 1.103026292821931119e-02
2.999999999999999889e-01 4.037017258596553688e+02 1.103026360123079107e-02
2.999999999999999889e-01 4.132012400115334572e+02 1.104321808229210763e-02
2.999999999999999889e-01 4.229242874389498752e+02 1.104321869501851197e-02
2.999999999999999889e-01 4.328761281083056929e+02 1.104321927990321861e-02
2.999999999999999889e-01 4.430621457583877714e+02 1.105280633587628521e-02
2.999999999999999889e-01 4.534878508128581984e+02 1.105280686843566722e-02
2.999999999999999889e-01 4.641588833612777307e+02 1.105887135161360939e-02
2.999999999999999889e-01 4.750810162102798131e+02 1.105887183647402162e-02
2.999999999999999889e-01 4.862601580065353346e+02 1.105887229930146813e-02
2.999999999999999889e-01 4.977023564332108663e+02 1.106190461664421226e-02
2.999999999999999889e-01 5.094138014816380178e+02 1.106190503804572837e-02
2.999999999999999889e-01 5.214008287999683944e+02 1.106234029047566472e-02
2.999999999999999889e-01 5.336699231206307559e+02 1.106234067418388443e-02
2.999999999999999889e-01 5.462277217684342077e+02 1.106234104045484938e-02
2.999999999999999889e-01 5.590810182512223037e+02 1.106041695295733977e-02
2.999999999999999889e-01 5.722367659350220492e+02 1.106041728649589592e-02
2.999999999999999889e-01 5.857020818056666940e+02 1.105635758981592283e-02
2.999999999999999889e-01 5.994842503189408944e+02 1.105635789356303883e-02
2.999999999999999889e-01 6.135907273413175744e+02 1.105635818350615869e-02
2.999999999999999889e-01 6.280291441834252737e+02 1.105036829710278994e-02
2.999999999999999889e-01 6.428073117284319551e+02 1.105036856116620690e-02
2.999999999999999889e-01 6.579332246575681893e+02 1.104265349561503115e-02
2.999999999999999889e-01 6.734150657750820983e+02 1.104265373611419340e-02
2.999999999999999889e-01 6.892612104349694846e+02 1.104265396568342161e-02
2.999999999999999889e-01 7.054802310718645231e+02 1.103339766185358617e-02
2.999999999999999889e-01 7.220809018385464242e+02 1.103339787095032436e-02
2.999999999999999889e-01 7.390722033525775032e+02 1.102278058460785803e-02
2.999999999999999889e-01 7.564633275546290179e+02 1.102278077506432113e-02
2.999999999999999889e-01 7.742636826811269657e+02 1.102278095686495644e-02
2.999999999999999889e-01 7.924828983539169940e+02 1.101094076931429661e-02
2.999999999999999889e-01 8.111308307896872520e+02 1.101094093491181147e-02
2.999999999999999889e-01 8.302175681319744172e+02 1.099802921663684853e-02
2.999999999999999889e-01 8.497534359086438371e+02 1.099802936747675160e-02
2.999999999999999889e-01 8.697490026177833897e+02 1.099802951146119923e-02
2.999999999999999889e-01 8.902150854450383122e+02 1.098417647406435375e-02
2.999999999999999889e-01 9.111627561154896284e+02 1.098417660522121170e-02
2.999999999999999889e-01 9.326033468832199560e+02 1.096949227389374705e-02
2.999999999999999889e-01 9.545484566618337112e+02 1.096949239336689023e-02
2.999999999999999889e-01 9.770099572992256753e+02 1.096949250741009567e-02
2.999999999999999889e-01 1.000000000000000000e+03 1.095410513667909036e-02
2.999999999999999889e-01 1.000000000000000000e+03 1.095410513667909036e-02
2.999999999999999889e-01 1.097498765493055544e+03 1.093807537042551861e-02
2.999999999999999889e-01 1.204503540258781186e+03 1.090448984364934988e-02
2.999999999999999889e-01 1.321941148466028608e+03 1.086931086335040340e-02
2.999999999999999889e-01 1.450828778495938650e+03 1.085127197939730198e-02
2.999999999999999889e-01 1.592282793341090610e+03 1.081455409777267763e-02
2.999999999999999889e-01 1.747528400007682876e+03 1.079594754544331396e-02
2.999999999999999889e-01 1.917910261672486740e+03 1.075841886152792068e-02
2.999999999999999889e-01 2.104904144512019684e+03 1.072063699275452135e-02
2.999999999999999889e-01 2.310129700083158241e+03 1.070171078442593536e-02
2.999999999999999889e-01 2.535364493970108924e+03 1.066387542151560168e-02
2.999999999999999889e-01 2.782559402207123185e+03 1.064499926320767662e-02
2.999999999999999889e-01 3.053855508833412387e+03 1.060738723350429513e-02
2.999999999999999889e-01 3.351602650938840725e+03 1.056972933385863858e-02
2.999999999999999889e-01 3.678379771828630510e+03 1.055099350818515698e-02
2.999999999999999889e-01 4.037017258596553802e+03 1.051377839313944774e-02
2.999999999999999889e-01 4.430621457583877600e+03 1.047693341221426870e-02
2.999999999999999889e-01 4.862601580065348571e+03 1.045866778527373801e-02
2.999999999999999889e-01 5.336699231206307559e+03 1.042244296476923723e-02
2.999999999999999889e-01 5.857020818056661483e+03 1.040448967450021897e-02
2.999999999999999889e-01 6.428073117284318869e+03 1.036892258207493082e-02
2.999999999999999889e-01 7.054802310718638182e+03 1.033379061373037103e-02
2.999999999999999889e-01 7.742636826811270112e+03 1.031610643677756227e-02
2.999999999999999889e-01 8.497534359086437689e+03 1.028102003062178124e-02
2.999999999999999889e-01 9.326033468832189101e+03 1.026364796393622672e-02
2.999999999999999889e-01 1.023531021899026928e+04 1.022924343121086981e-02
2.999999999999999889e-01 1.123324032978026480e+04 1.019530417935737843e-02
2.999999999999999889e-01 1.232846739442065882e+04 1.017850462419780250e-02
2.999999999999999889e-01 1.353047774579807628e+04 1.014524272119298083e-02
2.999999999999999889e-01 1.484968262254463480e+04 1.012877244790482550e-02
2.999999999999999889e-01 1.629750834620643400e+04 1.009617383009096640e-02
2.999999999999999889e-01 1.788649529057435211e+04 1.006400848151165622e-02
2.999999999999999889e-01 1.963040650040268520e+04 1.004808324798832884e-02
2.999999999999999889e-01 2.154434690031882201e+04 1.001655342002058004e-02
2.999999999999999889e-01 2.364489412645407356e+04 1.000094083084069815e-02
2.999999999999999889e-01 2.595024211399731939e+04 9.970031621773104216e-03
2.999999999999999889e-01 2.848035868435799057e+04 9.939524928362735573e-03
2.999999999999999889e-01 3.125715849688235176e+04 9.924417733773839914e-03
2.999999999999999889e-01 3.430469286314912461e+04 9.894499835458814285e-03
2.999999999999999889e-01 3.764935806792470976e+04 9.864963834352646899e-03
2.999999999999999889e-01 4.132012400115334458e+04 9.850338178778563283e-03
2.999999999999999889e-01 4.534878508128582325e+04 9.821361486731412793e-03
2.999999999999999889e-01 4.977023564332113892e+04 9.807014730479728104e-03
2.999999999999999889e-01 5.462277217684336938e+04 9.778375237970904008e-03
2.999999999999999889e-01 5.994842503189409035e+04 9.749997470101849639e-03
2.999999999999999889e-01 6.579332246575682075e+04 9.735937189071657699e-03
2.999999999999999889e-01 7.220809018385456875e+04 9.708084976542774233e-03
2.999999999999999889e-01 7.924828983539169712e+04 9.694283638264364691e-03
2.999999999999999889e-01 8.697490026177834079e+04 9.666941203869031107e-03
2.999999999999999889e-01 9.545484566618327517e+04 9.639926280474357331e-03
2.999999999999999889e-01 1.047615752789664111e+05 9.626544405109091138e-03
2.999999999999999889e-01 1.149756995397735591e+05 9.600015111452175551e-03
2.999999999999999889e-01 1.261856883066018490e+05 9.586871626089793139e-03
2.999999999999999889e-01 1.384886371393871668e+05 9.560816605173886457e-03
2.999999999999999889e-01 1.519911082952933211e+05 9.535068207725892753e-03
2.999999999999999889e-01 1.668100537200059043e+05 9.522230060880496408e-03
2.999999999999999889e-01 1.830738280295369623e+05 9.496647328573625327e-03
2.999999999999999889e-01 2.009233002565045899e+05 9.483964936690358200e-03
2.999999999999999889e-01 2.205130739903045760e+05 9.458822918955731365e-03
2.999999999999999889e-01 2.420128264794383431e+05 9.433965878620397677e-03
2.999999999999999889e-01 2.656087782946684165e+05 9.421646847785446546e-03
2.999999999999999889e-01 2.915053062825175584e+05 9.397214283151331463e-03
2.999999999999999889e-01 3.199267137797384639e+05 9.373060895661460695e-03
2.999999999999999889e-01 3.511191734215127653e+05 9.361086637693511944e-03
2.999999999999999889e-01 3.853528593710527639e+05 9.337336367308995619e-03
2.999999999999999889e-01 4.229242874389499193e+05 9.325557478842911446e-03
2.999999999999999889e-01 4.641588833612772287e+05 9.302198780897368707e-03
2.999999999999999889e-01 5.094138014816375216e+05 9.279092945606340695e-03
2.999999999999999889e-01 5.590810182512222091e+05 9.267644191291958197e-03
2.999999999999999889e-01 6.135907273413175717e+05 9.244671597383234338e-03
2.999999999999999889e-01 6.734150657750827959e+05 9.233156768991472238e-03
2.999999999999999889e-01 7.390722033525775187e+05 9.210317588004288472e-03
2.999999999999999889e-01 8.111308307896872284e+05 9.187724802576647046e-03
2.999999999999999889e-01 8.902150854450393235e+05 9.176516453014017805e-03
2.999999999999999889e-01 9.770099572992246831e+05 9.154285902649588608e-03
2.999999999999999889e-01 1.072267222010323079e+06 9.143256211412020482e-03
2.999999999999999889e-01 1.176811952434999170e+06 9.121375767708089083e-03
2.999999999999999889e-01 1.291549665014882805e+06 9.099724438805420826e-03
2.999999999999999889e-01 1.417474162926804740e+06 9.088981991172643410e-03
2.999999999999999889e-01 1.555676143930472201e+06 9.067669102456894087e-03
2.999999999999999889e-01 1.707352647470688680e+06 9.057096698716028335e-03
2.999999999999999889e-01 1.873817422860383056e+06 9.036110519538623903e-03
2.999999999999999889e-01 2.056512308348651510e+06 9.015337723893516314e-03
2.999999999999999889e-01 2.257019719633921515e+06 9.005034153729926660e-03
2.999999999999999889e-01 2.477076355991709046e+06 8.984575757416173036e-03
2.999999999999999889e-01 2.718588242732940242e+06 8.974426805441347924e-03
2.999999999999999889e-01 2.983647240283340216e+06 8.954279741844144158e-03
2.999999999999999889e-01 3.274549162877731491e+06 8.934337007243499731e-03
2.999999999999999889e-01 3.593813663804625627e+06 8.924435702232971085e-03
2.999999999999999889e-01 3.944206059437655844e+06 8.904782402555736984e-03
2.999999999999999889e-01 4.328761281083061360e+06 8.885323791263865720e-03
2.999999999999999889e-01 4.750810162102793343e+06 8.875670276367856118e-03
2.999999999999999889e-01 5.214008287999684922e+06 8.856492042046243754e-03
2.999999999999999889e-01 5.722367659350220114e+06 8.846978258379776042e-03
2.999999999999999889e-01 6.280291441834246740e+06 8.828078114027634177e-03
2.999999999999999889e-01 6.892612104349695146e+06 8.809359693261445759e-03
2.999999999999999889e-01 7.564633275546290912e+06 8.800073127474741103e-03
2.999999999999999889e-01 8.302175681319751777e+06 8.781623988253982674e-03
2.999999999999999889e-01 9.111627561154887080e+06 8.772466401493150823e-03
2.999999999999999889e-01 1.000000000000000000e+07 8.754273673126077362e-03
5.000000000000000000e-01 1.000000000000000000e+02 2.458474539346364868e-02
5.000000000000000000e-01 1.023531021899025859e+02 2.368939593045718203e-02
5.000000000000000000e-01 1.047615752789664043e+02 2.291296832453768029e-02
5.000000000000000000e-01 1.072267222010323167e+02 2.201604265565963378e-02
5.000000000000000000e-01 1.097498765493055686e+02 2.113162085700585544e-02
5.000000000000000000e-01 1.123324032978026565e+02 2.028725586700585309e-02
5.000000000000000000e-01 1.149756995397735579e+02 1.950241108252013036e-02
5.000000000000000000e-01 1.176811952434997863e+02 1.879815862199784096e-02
5.000000000000000000e-01 1.204503540258782408e+02 1.817089769903171281e-02
5.000000000000000000e-01 1.232846739442065882e+02 1.761062810062057407e-02
5.000000000000000000e-01 1.261856883066019748e+02 1.712547153560550761e-02
5.000000000000000000e-01 1.291549665014883885e+02 1.666762557923793381e-02
5.000000000000000000e-01 1.321941148466028721e+02 1.625579145030849396e-02
5.000000000000000000e-01 1.353047774579807481e+02 1.589131436844529524e-02
5.000000000000000000e-01 1.384886371393873219e+02 1.560200182117157247e-02
5.000000000000000000e-01 1.417474162926804695e+02 1.531776455543019423e-02
5.000000000000000000e-01 1.450828778495940128e+02 1.525915159966599252e-02
5.000000000000000000e-01 1.484968262254465117e+02 1.548088517960753870e-02
5.000000000000000000e-01 1.519911082952933157e+02 1.485031673382318854e-02
5.000000000000000000e-01 1.555676143930472222e+02 1.379542094736466162e-02
5.000000000000000000e-01 1.592282793341092315e+02 1.269488684866137626e-02
5.000000000000000000e-01 1.629750834620643332e+02 1.153401035758724359e-02
5.000000000000000000e-01 1.668100537200059250e+02 1.100233379232859986e-02
5.000000000000000000e-01 1.707352647470690385e+02 1.090750396105763347e-02
5.000000000000000000e-01 1.747528400007682876e+02 1.081362691418802542e-02
5.000000000000000000e-01 1.788649529057435075e+02 1.074814994331840280e-02
5.000000000000000000e-01 1.830738280295367701e+02 1.070485027843899595e-02
5.000000000000000000e-01 1.873817422860383033e+02 1.068434451352108343e-02
5.000000000000000000e-01 1.917910261672488730e+02 1.066438491948858147e-02
5.000000000000000000e-01 1.963040650040270521e+02 1.065391423558195542e-02
5.000000000000000000e-01 2.009233002565045751e+02 1.065035038840138858e-02
5.000000000000000000e-01 2.056512308348651459e+02 1.065035727013321012e-02
5.000000000000000000e-01 2.104904144512019855e+02 1.066077415303092434e-02
5.000000000000000000e-01 2.154434690031882269e+02 1.066078046114002711e-02
5.000000000000000000e-01 2.205130739903045480e+02 1.069404836950025618e-02
5.000000000000000000e-01 2.257019719633919124e+02 1.069405422387703988e-02
5.000000000000000000e-01 2.310129700083157900e+02 1.069405981316966410e-02
5.000000000000000000e-01 2.364489412645407072e+02 1.073334968183516265e-02
5.000000000000000000e-01 2.420128264794381039e+02 1.073335481422765803e-02
5.000000000000000000e-01 2.477076355991711409e+02 1.077750751231615171e-02
5.000000000000000000e-01 2.535364493970111539e+02 1.077751222030235573e-02
5.000000000000000000e-01 2.595024211399737055e+02 1.077751671488249782e-02
5.000000000000000000e-01 2.656087782946686957e+02 1.082162847340508577e-02
5.000000000000000000e-01 2.718588242732940330e+02 1.082163258859587807e-02
5.000000000000000000e-01 2.782559402207126027e+02 1.086268313648070319e-02
5.000000000000000000e-01 2.848035868435802058e+02 1.086268689222034435e-02
5.000000000000000000e-01 2.915053062825175516e+02 1.086269047759351632e-02
5.000000000000000000e-01 2.983647240283340238e+02 1.090116881960630398e-02
5.000000000000000000e-01 3.053855508833415797e+02 1.090117208844500370e-02
5.000000000000000000e-01 3.125715849688235153e+02 1.093502837433883365e-02
5.000000000000000000e-01 3.199267137797384635e+02 1.093503135202007065e-02
5.000000000000000000e-01 3.274549162877728463e+02 1.096511560964297076e-02
5.000000000000000000e-01 3.351602650938841066e+02 1.096511832231593028e-02
5.000000000000000000e-01 3.430469286314919373e+02 1.096512091185504294e-02
5.000000000000000000e-01 3.511191734215130964e+02 1.099134765955347634e-02
5.000000000000000000e-01 3.593813663804625662e+02 1.099135001893089547e-02
5.000000000000000000e-01 3.678379771828634262e+02 1.101360285783692383e-02
5.000000000000000000e-01 3.764935806792467474e+02 1.101360500772598228e-02
5.000000000000000000e-01 3.853528593710527161e+02 1.101360705999636196e-02
5.000000000000000000e-01 3.944206059437656222e+02 1.103023661213917150e-02
5.000000000000000000e-01 4.037017258596553688e+02 1.103023848054878256e-02
5.000000000000000000e-01 4.132012400115334572e+02 1.104319412274657256e-02
5.000000000000000000e-01 4.229242874389498752e+02 1.104319582389211296e-02
5.000000000000000000e-01 4.328761281083056929e+02 1.104319744777697634e-02
5.000000000000000000e-01 4.430621457583877714e+02 1.105278551032536083e-02
5.000000000000000000e-01 4.534878508128581984e+02 1.105278698900565189e-02
5.000000000000000000e-01 4.641588833612777307e+02 1.105885239088383321e-02
5.000000000000000000e-01 4.750810162102798131e+02 1.105885373718362187e-02
5.000000000000000000e-01 4.862601580065353346e+02 1.105885502232820117e-02
5.000000000000000000e-01 4.977023564332108663e+02 1.106188813703578265e-02
5.000000000000000000e-01 5.094138014816380178e+02 1.106188930719482870e-02
5.000000000000000000e-01 5.214008287999683944e+02 1.106232528466920967e-02
5.000000000000000000e-01 5.336699231206307559e+02 1.106232635019531278e-02
5.000000000000000000e-01 5.462277217684342077e+02 1.106232736731394689e-02
5.000000000000000000e-01 5.590810182512223037e+02 1.106040390886599105e-02
5.000000000000000000e-01 5.722367659350220492e+02 1.106040483511387326e-02
5.000000000000000000e-01 5.857020818056666940e+02 1.105634571065839365e-02
5.000000000000000000e-01 5.994842503189408944e+02 1.105634655419552442e-02
5.000000000000000000e-01 6.135907273413175744e+02 1.105634735940643799e-02
5.000000000000000000e-01 6.280291441834252737e+02 1.105035796974738853e-02
5.000000000000000000e-01 6.428073117284319551e+02 1.105035870310256199e-02
5.000000000000000000e-01 6.579332246575681893e+02 1.104264408974810381e-02
5.000000000000000000e-01 6.734150657750820983e+02 1.104264475767362946e-02
5.000000000000000000e-01 6.892612104349694846e+02 1.104264539524957636e-02
5.000000000000000000e-01 7.054802310718645231e+02 1.103338948401898570e-02
5.000000000000000000e-01 7.220809018385464242e+02 1.103339006474694274e-02
5.000000000000000000e-01 7.390722033525775032e+02 1.102277313574199363e-02
5.000000000000000000e-01 7.564633275546290179e+02 1.102277366470786300e-02
5.000000000000000000e-01 7.742636826811269657e+02 1.102277416963683490e-02
5.000000000000000000e-01 7.924828983539169940e+02 1.101093429262927845e-02
5.000000000000000000e-01 8.111308307896872520e+02 1.101093475256203699e-02
5.000000000000000000e-01 8.302175681319744172e+02 1.099802331710069900e-02
5.000000000000000000e-01 8.497534359086438371e+02 1.099802373605036042e-02
5.000000000000000000e-01 8.697490026177833897e+02 1.099802413596151322e-02
5.000000000000000000e-01 8.902150854450383122e+02 1.098417134431524216e-02
5.000000000000000000e-01 9.111627561154896284e+02 1.098417170860194539e-02
5.000000000000000000e-01 9.326033468832199560e+02 1.096948760108989313e-02
5.000000000000000000e-01 9.545484566618337112e+02 1.096948793292828669e-02
5.000000000000000000e-01 9.770099572992256753e+02 1.096948824968627112e-02
5.000000000000000000e-01 1.000000000000000000e+03 1.095410107329325249e-02
5.000000000000000000e-01 1.000000000000000000e+03 1.095410107329325249e-02
5.000000000000000000e-01 1.097498765493055544e+03 1.093807199774011855e-02
5.000000000000000000e-01 1.204503540258781186e+03 1.090448704466360358e-02
5.000000000000000000e-01 1.321941148466028608e+03 1.086930854036750362e-02
5.000000000000000000e-01 1.450828778495938650e+03 1.085127005112341766e-02
5.000000000000000000e-01 1.592282793341090610e+03 1.081455249733145191e-02
5.000000000000000000e-01 1.747528400007682876e+03 1.079594621690655419e-02
5.000000000000000000e-01 1.917910261672486740e+03 1.075841775880092242e-02
5.000000000000000000e-01 2.104904144512019684e+03 1.072063607746772881e-02
5.000000000000000000e-01 2.310129700083158241e+03 1.070171002461876679e-02
5.000000000000000000e-01 2.535364493970108924e+03 1.066387479083518233e-02
5.000000000000000000e-01 2.782559402207123185e+03 1.064499873965128220e-02
5.000000000000000000e-01 3.053855508833412387e+03 1.060738679890650682e-02
5.000000000000000000e-01 3.351602650938840725e+03 1.056972897315267175e-02
5.000000000000000000e-01 3.678379771828630510e+03 1.055099320876101525e-02
5.000000000000000000e-01 4.037017258596553802e+03 1.051377814462435556e-02
5.000000000000000000e-01 4.430621457583877600e+03 1.047693320595574629e-02
5.000000000000000000e-01 4.862601580065348571e+03 1.045866761405758391e-02
5.000000000000000000e-01 5.336699231206307559e+03 1.042244282265762136e-02
5.000000000000000000e-01 5.857020818056661483e+03 1.040448955653249484e-02
5.000000000000000000e-01 6.428073117284318869e+03 1.036892248415900025e-02
5.000000000000000000e-01 7.054802310718638182e+03 1.033379053246008712e-02
5.000000000000000000e-01 7.742636826811270112e+03 1.031610636932300124e-02
5.000000000000000000e-01 8.497534359086437689e+03 1.028101997465295445e-02
5.000000000000000000e-01 9.326033468832189101e+03 1.026364791748342331e-02
5.000000000000000000e-01 1.023531021899026928e+04 1.022924339266791799e-02
5.000000000000000000e-01 1.123324032978026480e+04 1.019530414737588112e-02
5.000000000000000000e-01 1.232846739442065882e+04 1.017850459765321479e-02
5.000000000000000000e-01 1.353047774579807628e+04 1.014524269916731655e-02
5.000000000000000000e-01 1.484968262254463480e+04 1.012877242962369716e-02
5.000000000000000000e-01 1.629750834620643400e+04 1.009617381492159890e-02
5.000000000000000000e-01 1.788649529057435211e+04 1.006400846892430666e-02
5.000000000000000000e-01 1.963040650040268520e+04 1.004808323754068783e-02
5.000000000000000000e-01 2.154434690031882201e+04 1.001655341135120232e-02
5.000000000000000000e-01 2.364489412645407356e+04 1.000094082364504609e-02
5.000000000000000000e-01 2.595024211399731939e+04 9.970031615801913660e-03
5.000000000000000000e-01 2.848035868435799057e+04 9.939524923407782458e-03
5.000000000000000000e-01 3.125715849688235176e+04 9.924417729661183518e-03
5.000000000000000000e-01 3.430469286314912461e+04 9.894499832045952278e-03
5.000000000000000000e-01 3.764935806792470976e+04 9.864963831520544291e-03
5.000000000000000000e-01 4.132012400115334458e+04 9.850338176427888073e-03
5.000000000000000000e-01 4.534878508128582325e+04 9.821361484780714510e-03
5.000000000000000000e-01 4.977023564332113892e+04 9.807014728860617009e-03
5.000000000000000000e-01 5.462277217684336938e+04 9.778375236627469963e-03
5.000000000000000000e-01 5.994842503189409035e+04 9.749997468987210009e-03
5.000000000000000000e-01 6.579332246575682075e+04 9.735937188146569568e-03
5.000000000000000000e-01 7.220809018385456875e+04 9.708084975775238892e-03
5.000000000000000000e-01 7.924828983539169712e+04 9.694283637627362088e-03
5.000000000000000000e-01 8.697490026177834079e+04 9.666941203340509436e-03
5.000000000000000000e-01 9.545484566618327517e+04 9.639926280035852196e-03
5.000000000000000000e-01 1.047615752789664111e+05 9.626544404745127070e-03
5.000000000000000000e-01 1.149756995397735591e+05 9.600015111150210501e-03
5.000000000000000000e-01 1.261856883066018490e+05 9.586871625839165495e-03
5.000000000000000000e-01 1.384886371393871668e+05 9.560816604965953827e-03
5.000000000000000000e-01 1.519911082952933211e+05 9.535068207553339809e-03
5.000000000000000000e-01 1.668100537200059043e+05 9.522230060737300189e-03
5.000000000000000000e-01 1.830738280295369623e+05 9.496647328454836667e-03
5.000000000000000000e-01 2.009233002565045899e+05 9.483964936591773864e-03
5.000000000000000000e-01 2.205130739903045760e+05 9.458822918873956501e-03
5.000000000000000000e-01 2.420128264794383431e+05 9.433965878552571724e-03
5.000000000000000000e-01 2.656087782946684165e+05 9.421646847729159974e-03
5.000000000000000000e-01 2.915053062825175584e+05 9.397214283104625768e-03
5.000000000000000000e-01 3.199267137797384639e+05 9.373060895622720851e-03
5.000000000000000000e-01 3.511191734215127653e+05 9.361086637661357110e-03
5.000000000000000000e-01 3.853528593710527639e+05 9.337336367282312102e-03
5.000000000000000000e-01 4.229242874389499193e+05 9.325557478820760762e-03
5.000000000000000000e-01 4.641588833612772287e+05 9.302198780879011863e-03
5.000000000000000000e-01 5.094138014816375216e+05 9.279092945591108088e-03
5.000000000000000000e-01 5.590810182512222091e+05 9.267644191279313798e-03
5.000000000000000000e-01 6.135907273413175717e+05 9.244671597372739261e-03
5.000000000000000000e-01 6.734150657750827959e+05 9.233156768982779539e-03
5.000000000000000000e-01 7.390722033525775187e+05 9.210317587997089370e-03
5.000000000000000000e-01 8.111308307896872284e+05 9.187724802570665719e-03
5.000000000000000000e-01 8.902150854450393235e+05 9.176516453009058230e-03
5.000000000000000000e-01 9.770099572992246831e+05 9.154285902645479048e-03
5.000000000000000000e-01 1.072267222010323079e+06 9.143256211408608281e-03
5.000000000000000000e-01 1.176811952434999170e+06 9.121375767705256279e-03
5.000000000000000000e-01 1.291549665014882805e+06 9.099724438803072010e-03
5.000000000000000000e-01 1.417474162926804740e+06 9.088981991170700520e-03
5.000000000000000000e-01 1.555676143930472201e+06 9.067669102455284263e-03
5.000000000000000000e-01 1.707352647470688680e+06 9.057096698714685659e-03
5.000000000000000000e-01 1.873817422860383056e+06 9.036110519537508476e-03
5.000000000000000000e-01 2.056512308348651510e+06 9.015337723892598645e-03
5.000000000000000000e-01 2.257019719633921515e+06 9.005034153729163382e-03
5.000000000000000000e-01 2.477076355991709046e+06 8.984575757415532923e-03
5.000000000000000000e-01 2.718588242732940242e+06 8.974426805440824037e-03
5.000000000000000000e-01 2.983647240283340216e+06 8.954279741843705273e-03
5.000000000000000000e-01 3.274549162877731491e+06 8.934337007243138909e-03
5.000000000000000000e-01 3.593813663804625627e+06 8.924435702232672712e-03
5.000000000000000000e-01 3.944206059437655844e+06 8.904782402555487184e-03
5.000000000000000000e-01 4.328761281083061360e+06 8.885323791263655818e-03
5.000000000000000000e-01 4.750810162102793343e+06 8.875670276367680911e-03
5.000000000000000000e-01 5.214008287999684922e+06 8.856492042046103241e-03
5.000000000000000000e-01 5.722367659350220114e+06 8.846978258379659815e-03
5.000000000000000000e-01 6.280291441834246740e+06 8.828078114027533563e-03
5.000000000000000000e-01 6.892612104349695146e+06 8.809359693261365962e-03
5.000000000000000000e-01 7.564633275546290912e+06 8.800073127474678653e-03
5.000000000000000000e-01 8.302175681319751777e+06 8.781623988253925428e-03
5.000000000000000000e-01 9.111627561154887080e+06 8.772466401493098781e-03
5.000000000000000000e-01 1.000000000000000000e+07 8.754273673126037464e-03
7.000000000000000666e-01 1.000000000000000000e+02 2.458026401767865812e-02
7.000000000000000666e-01 1.023531021899025859e+02 2.368546207789622854e-02
7.000000000000000666e-01 1.047615752789664043e+02 2.290955631761367947e-02
7.000000000000000666e-01 1.072267222010323167e+02 2.201312516413085618e-02
7.000000000000000666e-01 1.097498765493055686e+02 2.112915373106643777e-02
7.000000000000000666e-01 1.123324032978026565e+02 2.028518477716112489e-02
7.000000000000000666e-01 1.149756995397735579e+02 1.950066834079123776e-02
7.000000000000000666e-01 1.176811952434997863e+02 1.879667560654986816e-02
7.000000000000000666e-01 1.204503540258782408e+02 1.816961832277428843e-02
7.000000000000000666e-01 1.232846739442065882e+02 1.760952361786626008e-02
7.000000000000000666e-01 1.261856883066019748e+02 1.712452634561979423e-02
7.000000000000000666e-01 1.291549665014883885e+02 1.666682782325075093e-02
7.000000000000000666e-01 1.321941148466028721e+02 1.625506541864977714e-02
7.000000000000000666e-01 1.353047774579807481e+02 1.589061906960108003e-02
7.000000000000000666e-01 1.384886371393873219e+02 1.560127279203561007e-02
7.000000000000000666e-01 1.417474162926804695e+02 1.531708555940747632e-02
7.000000000000000666e-01 1.450828778495940128e+02 1.525841834715995285e-02
7.000000000000000666e-01 1.484968262254465117e+02 1.548004627284943653e-02
7.000000000000000666e-01 1.519911082952933157e+02 1.484959339320688493e-02
7.000000000000000666e-01 1.555676143930472222e+02 1.379486838172633636e-02
7.000000000000000666e-01 1.592282793341092315e+02 1.269449186413182558e-02
7.000000000000000666e-01 1.629750834620643332e+02 1.153373203234055698e-02
7.000000000000000666e-01 1.668100537200059250e+02 1.100213569792844737e-02
7.000000000000000666e-01 1.707352647470690385e+02 1.090732594616949068e-02
7.000000000000000666e-01 1.747528400007682876e+02 1.081346202403230504e-02
7.000000000000000666e-01 1.788649529057435075e+02 1.074798989529800707e-02
7.000000000000000666e-01 1.830738280295367701e+02 1.070468892444128260e-02
7.000000000000000666e-01 1.873817422860383033e+02 1.068418083220784749e-02
7.000000000000000666e-01 1.917910261672488730e+02 1.066422599100872934e-02
7.000000000000000666e-01 1.963040650040270521e+02 1.065376210531258916e-02
7.000000000000000666e-01 2.009233002565045751e+02 1.065020545183081521e-02
7.000000000000000666e-01 2.056512308348651459e+02 1.065021886836021829e-02
7.000000000000000666e-01 2.104904144512019855e+02 1.066064123410043543e-02
7.000000000000000666e-01 2.154434690031882269e+02 1.066065354323677411e-02
7.000000000000000666e-01 2.205130739903045480e+02 1.069392496725239672e-02
7.000000000000000666e-01 2.257019719633919124e+02 1.069393639859010647e-02
7.000000000000000666e-01 2.310129700083157900e+02 1.069394731415558054e-02
7.000000000000000666e-01 2.364489412645407072e+02 1.073324145973249093e-02
7.000000000000000666e-01 2.420128264794381039e+02 1.073325148791630206e-02
7.000000000000000666e-01 2.477076355991711409e+02 1.077740821739085926e-02
7.000000000000000666e-01 2.535364493970111539e+02 1.077741742010412604e-02
7.000000000000000666e-01 2.595024211399737055e+02 1.077742620673532298e-02
7.000000000000000666e-01 2.656087782946686957e+02 1.082154165997188319e-02
7.000000000000000666e-01 2.718588242732940330e+02 1.082154970757096511e-02
7.000000000000000666e-01 2.782559402207126027e+02 1.086260389424836652e-02
7.000000000000000666e-01 2.848035868435802058e+02 1.086261124093516536e-02
7.000000000000000666e-01 2.915053062825175516e+02 1.086261825498747308e-02
7.000000000000000666e-01 2.983647240283340238e+02 1.090109983890062174e-02
7.000000000000000666e-01 3.053855508833415797e+02 1.090110623514953594e-02
7.000000000000000666e-01 3.125715849688235153e+02 1.093496553134292761e-02
7.000000000000000666e-01 3.199267137797384635e+02 1.093497135898733111e-02
7.000000000000000666e-01 3.274549162877728463e+02 1.096505835449316547e-02
7.000000000000000666e-01 3.351602650938841066e+02 1.096506366436329760e-02
7.000000000000000666e-01 3.430469286314919373e+02 1.096506873350683656e-02
7.000000000000000666e-01 3.511191734215130964e+02 1.099129785601913982e-02
7.000000000000000666e-01 3.593813663804625662e+02 1.099130247524189238e-02
7.000000000000000666e-01 3.678379771828634262e+02 1.101355747344431521e-02
7.000000000000000666e-01 3.764935806792467474e+02 1.101356168302878788e-02
7.000000000000000666e-01 3.853528593710527161e+02 1.101356570165200333e-02
7.000000000000000666e-01 3.944206059437656222e+02 1.103019716676891665e-02
7.000000000000000666e-01 4.037017258596553688e+02 1.103020082572885377e-02
7.000000000000000666e-01 4.132012400115334572e+02 1.104315820694084377e-02
7.000000000000000666e-01 4.229242874389498752e+02 1.104316153863163508e-02
7.000000000000000666e-01 4.328761281083056929e+02 1.104316471911772658e-02
7.000000000000000666e-01 4.430621457583877714e+02 1.105275428956194704e-02
7.000000000000000666e-01 4.534878508128581984e+02 1.105275718586683914e-02
7.000000000000000666e-01 4.641588833612777307e+02 1.105882396420854175e-02
7.000000000000000666e-01 4.750810162102798131e+02 1.105882660138900707e-02
7.000000000000000666e-01 4.862601580065353346e+02 1.105882911884412990e-02
7.000000000000000666e-01 4.977023564332108663e+02 1.106186342843236241e-02
7.000000000000000666e-01 5.094138014816380178e+02 1.106186572076913767e-02
7.000000000000000666e-01 5.214008287999683944e+02 1.106230278486346197e-02
7.000000000000000666e-01 5.336699231206307559e+02 1.106230487232666600e-02
7.000000000000000666e-01 5.462277217684342077e+02 1.106230686499706621e-02
7.000000000000000666e-01 5.590810182512223037e+02 1.106038434942230135e-02
7.000000000000000666e-01 5.722367659350220492e+02 1.106038616414041671e-02
7.000000000000000666e-01 5.857020818056666940e+02 1.105632789744983788e-02
7.000000000000000666e-01 5.994842503189408944e+02 1.105632955018150641e-02
7.000000000000000666e-01 6.135907273413175744e+02 1.105633112784717639e-02
7.000000000000000666e-01 6.280291441834252737e+02 1.105034248287892901e-02
7.000000000000000666e-01 6.428073117284319551e+02 1.105034391980220555e-02
7.000000000000000666e-01 6.579332246575681893e+02 1.104262998439403849e-02
7.000000000000000666e-01 6.734150657750820983e+02 1.104263129315327142e-02
7.000000000000000666e-01 6.892612104349694846e+02 1.104263254246056966e-02
7.000000000000000666e-01 7.054802310718645231e+02 1.103337721986826295e-02
7.000000000000000666e-01 7.220809018385464242e+02 1.103337835781216178e-02
7.000000000000000666e-01 7.390722033525775032e+02 1.102276196459936290e-02
7.000000000000000666e-01 7.564633275546290179e+02 1.102276300113794703e-02
7.000000000000000666e-01 7.742636826811269657e+02 1.102276399058501992e-02
7.000000000000000666e-01 7.924828983539169940e+02 1.101092457923143718e-02
7.000000000000000666e-01 8.111308307896872520e+02 1.101092548052238877e-02
7.000000000000000666e-01 8.302175681319744172e+02 1.099801446914891283e-02
7.000000000000000666e-01 8.497534359086438371e+02 1.099801529014313682e-02
7.000000000000000666e-01 8.697490026177833897e+02 1.099801607383493578e-02
7.000000000000000666e-01 8.902150854450383122e+02 1.098416365071485518e-02
7.000000000000000666e-01 9.111627561154896284e+02 1.098416436460545112e-02
7.000000000000000666e-01 9.326033468832199560e+02 1.096948059273418659e-02
7.000000000000000666e-01 9.545484566618337112e+02 1.096948124304496057e-02
7.000000000000000666e-01 9.770099572992256753e+02 1.096948186380629527e-02
7.000000000000000666e-01 1.000000000000000000e+03 1.095409497885832181e-02
7.000000000000000666e-01 1.000000000000000000e+03 1.095409497885832181e-02
7.000000000000000666e-01 1.097498765493055544e+03 1.093806693915641039e-02
7.000000000000000666e-01 1.204503540258781186e+03 1.090448284649240575e-02
7.000000000000000666e-01 1.321941148466028608e+03 1.086930505610607216e-02
7.000000000000000666e-01 1.450828778495938650e+03 1.085126715885974952e-02
7.000000000000000666e-01 1.592282793341090610e+03 1.081455009677162980e-02
7.000000000000000666e-01 1.747528400007682876e+03 1.079594422417195186e-02
7.000000000000000666e-01 1.917910261672486740e+03 1.075841610475932950e-02
7.000000000000000666e-01 2.104904144512019684e+03 1.072063470457144951e-02
7.000000000000000666e-01 2.310129700083158241e+03 1.070170888493151770e-02
7.000000000000000666e-01 2.535364493970108924e+03 1.066387384483089874e-02
7.000000000000000666e-01 2.782559402207123185e+03 1.064499795432795673e-02
7.000000000000000666e-01 3.053855508833412387e+03 1.060738614701764448e-02
7.000000000000000666e-01 3.351602650938840725e+03 1.056972843209916073e-02
7.000000000000000666e-01 3.678379771828630510e+03 1.055099275962858608e-02
7.000000000000000666e-01 4.037017258596553802e+03 1.051377777185436013e-02
7.000000000000000666e-01 4.430621457583877600e+03 1.047693289656975724e-02
7.000000000000000666e-01 4.862601580065348571e+03 1.045866735723458875e-02
7.000000000000000666e-01 5.336699231206307559e+03 1.042244260949108312e-02
7.000000000000000666e-01 5.857020818056661483e+03 1.040448937958151319e-02
7.000000000000000666e-01 6.428073117284318869e+03 1.036892233728552333e-02
7.000000000000000666e-01 7.054802310718638182e+03 1.033379041055490673e-02
7.000000000000000666e-01 7.742636826811270112e+03 1.031610626814135658e-02
7.000000000000000666e-01 8.497534359086437689e+03 1.028101989069982528e-02
7.000000000000000666e-01 9.326033468832189101e+03 1.026364784780433095e-02
7.000000000000000666e-01 1.023531021899026928e+04 1.022924333485352409e-02
7.000000000000000666e-01 1.123324032978026480e+04 1.019530409940368719e-02
7.000000000000000666e-01 1.232846739442065882e+04 1.017850455783636879e-02
7.000000000000000666e-01 1.353047774579807628e+04 1.014524266612884529e-02
7.000000000000000666e-01 1.484968262254463480e+04 1.012877240220200030e-02
7.000000000000000666e-01 1.629750834620643400e+04 1.009617379216752771e-02
7.000000000000000666e-01 1.788649529057435211e+04 1.006400845004329012e-02
7.000000000000000666e-01 1.963040650040268520e+04 1.004808322186924452e-02
7.000000000000000666e-01 2.154434690031882201e+04 1.001655339834712360e-02
7.000000000000000666e-01 2.364489412645407356e+04 1.000094081285155499e-02
7.000000000000000666e-01 2.595024211399731939e+04 9.970031606845133898e-03
7.000000000000000666e-01 2.848035868435799057e+04 9.939524915975397890e-03
7.000000000000000666e-01 3.125715849688235176e+04 9.924417723492192853e-03
7.000000000000000666e-01 3.430469286314912461e+04 9.894499826926658401e-03
7.000000000000000666e-01 3.764935806792470976e+04 9.864963827272366093e-03
7.000000000000000666e-01 4.132012400115334458e+04 9.850338172901863115e-03
7.000000000000000666e-01 4.534878508128582325e+04 9.821361481854709585e-03
7.000000000000000666e-01 4.977023564332113892e+04 9.807014726431920876e-03
7.000000000000000666e-01 5.462277217684336938e+04 9.778375234612319764e-03
7.000000000000000666e-01 5.994842503189409035e+04 9.749997467315267910e-03
7.000000000000000666e-01 6.579332246575682075e+04 9.735937186758967729e-03
7.000000000000000666e-01 7.220809018385456875e+04 9.708084974623942820e-03
7.000000000000000666e-01 7.924828983539169712e+04 9.694283636671853846e-03
7.000000000000000666e-01 8.697490026177834079e+04 9.666941202547733869e-03
7.000000000000000666e-01 9.545484566618327517e+04 9.639926279378074545e-03
7.000000000000000666e-01 1.047615752789664111e+05 9.626544404199218266e-03
7.000000000000000666e-01 1.149756995397735591e+05 9.600015110697249915e-03
7.000000000000000666e-01 1.261856883066018490e+05 9.586871625463223162e-03
7.000000000000000666e-01 1.384886371393871668e+05 9.560816604654015852e-03
7.000000000000000666e-01 1.519911082952933211e+05 9.535068207294527740e-03
7.000000000000000666e-01 1.668100537200059043e+05 9.522230060522511932e-03
7.000000000000000666e-01 1.830738280295369623e+05 9.496647328276651076e-03
7.000000000000000666e-01 2.009233002565045899e+05 9.483964936443923383e-03
7.000000000000000666e-01 2.205130739903045760e+05 9.458822918751287265e-03
7.000000000000000666e-01 2.420128264794383431e+05 9.433965878450804171e-03
7.000000000000000666e-01 2.656087782946684165e+05 9.421646847644706696e-03
7.000000000000000666e-01 2.915053062825175584e+05 9.397214283034562021e-03
7.000000000000000666e-01 3.199267137797384639e+05 9.373060895564600675e-03
7.000000000000000666e-01 3.511191734215127653e+05 9.361086637613130063e-03
7.000000000000000666e-01 3.853528593710527639e+05 9.337336367242298971e-03
7.000000000000000666e-01 4.229242874389499193e+05 9.325557478787561624e-03
7.000000000000000666e-01 4.641588833612772287e+05 9.302198780851454046e-03
7.000000000000000666e-01 5.094138014816375216e+05 9.279092945568256576e-03
7.000000000000000666e-01 5.590810182512222091e+05 9.267644191260351536e-03
7.000000000000000666e-01 6.135907273413175717e+05 9.244671597357013992e-03
7.000000000000000666e-01 6.734150657750827959e+05 9.233156768969724010e-03
7.000000000000000666e-01 7.390722033525775187e+05 9.210317587986261226e-03
7.000000000000000666e-01 8.111308307896872284e+05 9.187724802561686790e-03
7.000000000000000666e-01 8.902150854450393235e+05 9.176516453001616266e-03
7.000000000000000666e-01 9.770099572992246831e+05 9.154285902639293024e-03
7.000000000000000666e-01 1.072267222010323079e+06 9.143256211403485642e-03
7.000000000000000666e-01 1.176811952434999170e+06 9.121375767701016615e-03
7.000000000000000666e-01 1.291549665014882805e+06 9.099724438799553991e-03
7.000000000000000666e-01 1.417474162926804740e+06 9.088981991167777510e-03
7.000000000000000666e-01 1.555676143930472201e+06 9.067669102452859120e-03
7.000000000000000666e-01 1.707352647470688680e+06 9.057096698712678584e-03
7.000000000000000666e-01 1.873817422860383056e+06 9.036110519535839672e-03
7.000000000000000666e-01 2.056512308348651510e+06 9.015337723891216071e-03
7.000000000000000666e-01 2.257019719633921515e+06 9.005034153728009791e-03
7.000000000000000666e-01 2.477076355991709046e+06 8.984575757414587499e-03
7.000000000000000666e-01 2.718588242732940242e+06 8.974426805440029534e-03
7.000000000000000666e-01 2.983647240283340216e+06 8.954279741843051282e-03
7.000000000000000666e-01 3.274549162877731491e+06 8.934337007242592471e-03
7.000000000000000666e-01 3.593813663804625627e+06 8.924435702232223419e-03
7.000000000000000666e-01 3.944206059437655844e+06 8.904782402555114218e-03
7.000000000000000666e-01 4.328761281083061360e+06 8.885323791263348772e-03
7.000000000000000666e-01 4.750810162102793343e+06 8.875670276367425907e-03
7.000000000000000666e-01 5.214008287999684922e+06 8.856492042045886401e-03
7.000000000000000666e-01 5.722367659350220114e+06 8.846978258379482873e-03
7.000000000000000666e-01 6.280291441834246740e+06 8.828078114027387846e-03
7.000000000000000666e-01 6.892612104349695146e+06 8.809359693261248000e-03
7.000000000000000666e-01 7.564633275546290912e+06 8.800073127474576304e-03
7.000000000000000666e-01 8.302175681319751777e+06 8.781623988253842161e-03
7.000000000000000666e-01 9.111627561154887080e+06 8.772466401493025923e-03
7.000000000000000666e-01 1.000000000000000000e+07 8.754273673125981953e-03
1.000000000000000000e+00 1.000000000000000000e+02 2.457104643572546182e-02
1.000000000000000000e+00 1.023531021899025859e+02 2.367736715928542637e-02
1.000000000000000000e+00 1.047615752789664043e+02 2.290252755435247256e-02
1.000000000000000000e+00 1.072267222010323167e+02 2.200710048859777501e-02
1.000000000000000000e+00 1.097498765493055686e+02 2.112404705791454812e-02
1.000000000000000000e+00 1.123324032978026565e+02 2.028087427318515587e-02
1.000000000000000000e+00 1.149756995397735579e+02 1.949702756843989249e-02
1.000000000000000000e+00 1.176811952434997863e+02 1.879357019761293893e-02
1.000000000000000000e+00 1.204503540258782408e+02 1.816694152889359107e-02
1.000000000000000000e+00 1.232846739442065882e+02 1.760720566361295009e-02
1.000000000000000000e+00 1.261856883066019748e+02 1.712254038115375299e-02
1.000000000000000000e+00 1.291549665014883885e+02 1.666512241727916357e-02
1.000000000000000000e+00 1.321941148466028721e+02 1.625353519230605254e-02
1.000000000000000000e+00 1.353047774579807481e+02 1.588915460646718111e-02
1.000000000000000000e+00 1.384886371393873219e+02 1.559977103908673397e-02
1.000000000000000000e+00 1.417474162926804695e+02 1.531565929137290900e-02
1.000000000000000000e+00 1.450828778495940128e+02 1.525688201483574834e-02
1.000000000000000000e+00 1.484968262254465117e+02 1.547829580555044708e-02
1.000000000000000000e+00 1.519911082952933157e+02 1.484808358479376353e-02
1.000000000000000000e+00 1.555676143930472222e+02 1.379371364292304031e-02
1.000000000000000000e+00 1.592282793341092315e+02 1.269366517126146489e-02
1.000000000000000000e+00 1.629750834620643332e+02 1.153314418404120106e-02
1.000000000000000000e+00 1.668100537200059250e+02 1.100172013714701552e-02
1.000000000000000000e+00 1.707352647470690385e+02 1.090695211614240399e-02
1.000000000000000000e+00 1.747528400007682876e+02 1.081311551423370584e-02
1.000000000000000000e+00 1.788649529057435075e+02 1.074765347632334993e-02
1.000000000000000000e+00 1.830738280295367701e+02 1.070434977790180042e-02
1.000000000000000000e+00 1.873817422860383033e+02 1.068383680425523223e-02
1.000000000000000000e+00 1.917910261672488730e+02 1.066389167255753570e-02
1.000000000000000000e+00 1.963040650040270521e+02 1.065344176109931859e-02
1.000000000000000000e+00 2.009233002565045751e+02 1.064990003288264833e-02
1.000000000000000000e+00 2.056512308348651459e+02 1.064992711313011813e-02
1.000000000000000000e+00 2.104904144512019855e+02 1.066036075031065282e-02
1.000000000000000000e+00 2.154434690031882269e+02 1.066038564060785981e-02
1.000000000000000000e+00 2.205130739903045480e+02 1.069366429518309874e-02
1.000000000000000000e+00 2.257019719633919124e+02 1.069368744194512839e-02
1.000000000000000000e+00 2.310129700083157900e+02 1.069370955191958558e-02
1.000000000000000000e+00 2.364489412645407072e+02 1.073301261802572619e-02
1.000000000000000000e+00 2.420128264794381039e+02 1.073303295108833481e-02
1.000000000000000000e+00 2.477076355991711409e+02 1.077719811732491713e-02
1.000000000000000000e+00 2.535364493970111539e+02 1.077721679248080412e-02
1.000000000000000000e+00 2.595024211399737055e+02 1.077723462771373875e-02
1.000000000000000000e+00 2.656087782946686957e+02 1.082135783963921426e-02
1.000000000000000000e+00 2.718588242732940330e+02 1.082137418591899020e-02
1.000000000000000000e+00 2.782559402207126027e+02 1.086243603245769934e-02
1.000000000000000000e+00 2.848035868435802058e+02 1.086245096357632209e-02
1.000000000000000000e+00 2.915053062825175516e+02 1.086246522128359038e-02
1.000000000000000000e+00 2.983647240283340238e+02 1.090095364241849135e-02
1.000000000000000000e+00 3.053855508833415797e+02 1.090096665035074873e-02
1.000000000000000000e+00 3.125715849688235153e+02 1.093483230281346898e-02
1.000000000000000000e+00 3.199267137797384635e+02 1.093484415910324185e-02
1.000000000000000000e+00 3.274549162877728463e+02 1.096493694066786283e-02
1.000000000000000000e+00 3.351602650938841066e+02 1.096494774726814586e-02
1.000000000000000000e+00 3.430469286314919373e+02 1.096495806521446265e-02
1.000000000000000000e+00 3.511191734215130964e+02 1.099119221117828352e-02
1.000000000000000000e+00 3.593813663804625662e+02 1.099120161602524549e-02
1.000000000000000000e+00 3.678379771828634262e+02 1.101346118446910188e-02
1.000000000000000000e+00 3.764935806792467474e+02 1.101346975741908200e-02
1.000000000000000000e+00 3.853528593710527161e+02 1.101347794224108619e-02
1.000000000000000000e+00 3.944206059437656222e+02 1.103011345915021202e-02
1.000000000000000000e+00 4.037017258596553688e+02 1.103012091298012469e-02
1.000000000000000000e+00 4.132012400115334572e+02 1.104308197897395892e-02
1.000000000000000000e+00 4.229242874389498752e+02 1.104308876734520252e-02
1.000000000000000000e+00 4.328761281083056929e+02 1.104309524810586501e-02
1.000000000000000000e+00 4.430621457583877714e+02 1.105268801505256138e-02
1.000000000000000000e+00 4.534878508128581984e+02 1.105269391765423270e-02
1.000000000000000000e+00 4.641588833612777307e+02 1.105876361470349047e-02
1.000000000000000000e+00 4.750810162102798131e+02 1.105876898994717812e-02
1.000000000000000000e+00 4.862601580065353346e+02 1.105877412145055659e-02
1.000000000000000000e+00 4.977023564332108663e+02 1.106181096554071860e-02
1.000000000000000000e+00 5.094138014816380178e+02 1.106181563870885405e-02
1.000000000000000000e+00 5.214008287999683944e+02 1.106225500812020243e-02
1.000000000000000000e+00 5.336699231206307559e+02 1.106225926407035029e-02
1.000000000000000000e+00 5.462277217684342077e+02 1.106226332693548663e-02
1.000000000000000000e+00 5.590810182512223037e+02 1.106034281218657572e-02
1.000000000000000000e+00 5.722367659350220492e+02 1.106034651254931070e-02
1.000000000000000000e+00 5.857020818056666940e+02 1.105629006634091180e-02
1.000000000000000000e+00 5.994842503189408944e+02 1.105629343666541739e-02
1.000000000000000000e+00 6.135907273413175744e+02 1.105629665402390639e-02
1.000000000000000000e+00 6.280291441834252737e+02 1.105030958983439261e-02
1.000000000000000000e+00 6.428073117284319551e+02 1.105031252037285555e-02
1.000000000000000000e+00 6.579332246575681893e+02 1.104260002421594659e-02
1.000000000000000000e+00 6.734150657750820983e+02 1.104260269353233778e-02
1.000000000000000000e+00 6.892612104349694846e+02 1.104260524166181950e-02
1.000000000000000000e+00 7.054802310718645231e+02 1.103335116889105072e-02
1.000000000000000000e+00 7.220809018385464242e+02 1.103335349000162877e-02
1.000000000000000000e+00 7.390722033525775032e+02 1.102273823449633275e-02
1.000000000000000000e+00 7.564633275546290179e+02 1.102274034886642148e-02
1.000000000000000000e+00 7.742636826811269657e+02 1.102274236722131963e-02
1.000000000000000000e+00 7.924828983539169940e+02 1.101090394474371452e-02
1.000000000000000000e+00 8.111308307896872520e+02 1.101090578334576291e-02
1.000000000000000000e+00 8.302175681319744172e+02 1.099799567263204901e-02
1.000000000000000000e+00 8.497534359086438371e+02 1.099799734749362136e-02
1.000000000000000000e+00 8.697490026177833897e+02 1.099799894628424902e-02
1.000000000000000000e+00 8.902150854450383122e+02 1.098414730588602797e-02
1.000000000000000000e+00 9.111627561154896284e+02 1.098414876232360615e-02
1.000000000000000000e+00 9.326033468832199560e+02 1.096946570336130612e-02
1.000000000000000000e+00 9.545484566618337112e+02 1.096946703012565034e-02
1.000000000000000000e+00 9.770099572992256753e+02 1.096946829662057837e-02
1.000000000000000000e+00 1.000000000000000000e+03 1.095408203074667471e-02
1.000000000000000000e+00 1.000000000000000000e+03 1.095408203074667471e-02
1.000000000000000000e+00 1.097498765493055544e+03 1.093805619143503258e-02
1.000000000000000000e+00 1.204503540258781186e+03 1.090447392660270041e-02
1.000000000000000000e+00 1.321941148466028608e+03 1.086929765289835689e-02
1.000000000000000000e+00 1.450828778495938650e+03 1.085126101338545340e-02
1.000000000000000000e+00 1.592282793341090610e+03 1.081454499598831151e-02
1.000000000000000000e+00 1.747528400007682876e+03 1.079593998989184997e-02
1.000000000000000000e+00 1.917910261672486740e+03 1.075841259011590945e-02
1.000000000000000000e+00 2.104904144512019684e+03 1.072063178730212583e-02
1.000000000000000000e+00 2.310129700083158241e+03 1.070170646318964122e-02
1.000000000000000000e+00 2.535364493970108924e+03 1.066387183463674525e-02
1.000000000000000000e+00 2.782559402207123185e+03 1.064499628556083224e-02
1.000000000000000000e+00 3.053855508833412387e+03 1.060738476178501796e-02
1.000000000000000000e+00 3.351602650938840725e+03 1.056972728238211173e-02
1.000000000000000000e+00 3.678379771828630510e+03 1.055099180523714521e-02
1.000000000000000000e+00 4.037017258596553802e+03 1.051377697972849523e-02
1.000000000000000000e+00 4.430621457583877600e+03 1.047693223913177644e-02
1.000000000000000000e+00 4.862601580065348571e+03 1.045866681149071678e-02
1.000000000000000000e+00 5.336699231206307559e+03 1.042244215651563603e-02
1.000000000000000000e+00 5.857020818056661483e+03 1.040448900356309367e-02
1.000000000000000000e+00 6.428073117284318869e+03 1.036892202518103351e-02
1.000000000000000000e+00 7.054802310718638182e+03 1.033379015150758841e-02
1.000000000000000000e+00 7.742636826811270112e+03 1.031610605313112473e-02
1.000000000000000000e+00 8.497534359086437689e+03 1.028101971230000605e-02
1.000000000000000000e+00 9.326033468832189101e+03 1.026364769973661141e-02
1.000000000000000000e+00 1.023531021899026928e+04 1.022924321199824606e-02
1.000000000000000000e+00 1.123324032978026480e+04 1.019530399746297958e-02
1.000000000000000000e+00 1.232846739442065882e+04 1.017850447322568228e-02
1.000000000000000000e+00 1.353047774579807628e+04 1.014524259592215934e-02
1.000000000000000000e+00 1.484968262254463480e+04 1.012877234393095953e-02
1.000000000000000000e+00 1.629750834620643400e+04 1.009617374381521424e-02
1.000000000000000000e+00 1.788649529057435211e+04 1.006400840992117095e-02
1.000000000000000000e+00 1.963040650040268520e+04 1.004808318856743182e-02
1.000000000000000000e+00 2.154434690031882201e+04 1.001655337071347129e-02
1.000000000000000000e+00 2.364489412645407356e+04 1.000094078991540895e-02
1.000000000000000000e+00 2.595024211399731939e+04 9.970031587812023741e-03
1.000000000000000000e+00 2.848035868435799057e+04 9.939524900181503919e-03
1.000000000000000000e+00 3.125715849688235176e+04 9.924417710383140814e-03
1.000000000000000000e+00 3.430469286314912461e+04 9.894499816048174523e-03
1.000000000000000000e+00 3.764935806792470976e+04 9.864963818245012575e-03
1.000000000000000000e+00 4.132012400115334458e+04 9.850338165409094557e-03
1.000000000000000000e+00 4.534878508128582325e+04 9.821361475636905536e-03
1.000000000000000000e+00 4.977023564332113892e+04 9.807014721270981492e-03
1.000000000000000000e+00 5.462277217684336938e+04 9.778375230330154863e-03
1.000000000000000000e+00 5.994842503189409035e+04 9.749997463762361677e-03
1.000000000000000000e+00 6.579332246575682075e+04 9.735937183810310785e-03
1.000000000000000000e+00 7.220809018385456875e+04 9.708084972177422403e-03
1.000000000000000000e+00 7.924828983539169712e+04 9.694283634641413794e-03
1.000000000000000000e+00 8.697490026177834079e+04 9.666941200863071043e-03
1.000000000000000000e+00 9.545484566618327517e+04 9.639926277980296818e-03
1.000000000000000000e+00 1.047615752789664111e+05 9.626544403039125411e-03
1.000000000000000000e+00 1.149756995397735591e+05 9.600015109734705634e-03
1.000000000000000000e+00 1.261856883066018490e+05 9.586871624664341368e-03
1.000000000000000000e+00 1.384886371393871668e+05 9.560816603991165868e-03
1.000000000000000000e+00 1.519911082952933211e+05 9.535068206744552743e-03
1.000000000000000000e+00 1.668100537200059043e+05 9.522230060066081900e-03
1.000000000000000000e+00 1.830738280295369623e+05 9.496647327898021657e-03
1.000000000000000000e+00 2.009233002565045899e+05 9.483964936129688633e-03
1.000000000000000000e+00 2.205130739903045760e+05 9.458822918490650267e-03
1.000000000000000000e+00 2.420128264794383431e+05 9.433965878234565686e-03
1.000000000000000000e+00 2.656087782946684165e+05 9.421646847465259961e-03
1.000000000000000000e+00 2.915053062825175584e+05 9.397214282885708869e-03
1.000000000000000000e+00 3.199267137797384639e+05 9.373060895441103976e-03
1.000000000000000000e+00 3.511191734215127653e+05 9.361086637510656477e-03
1.000000000000000000e+00 3.853528593710527639e+05 9.337336367157283643e-03
1.000000000000000000e+00 4.229242874389499193e+05 9.325557478717012155e-03
1.000000000000000000e+00 4.641588833612772287e+05 9.302198780792927946e-03
1.000000000000000000e+00 5.094138014816375216e+05 9.279092945519701666e-03
1.000000000000000000e+00 5.590810182512222091e+05 9.267644191220043501e-03
1.000000000000000000e+00 6.135907273413175717e+05 9.244671597323594545e-03
1.000000000000000000e+00 6.734150657750827959e+05 9.233156768941999659e-03
1.000000000000000000e+00 7.390722033525775187e+05 9.210317587963270936e-03
1.000000000000000000e+00 8.111308307896872284e+05 9.187724802542630853e-03
1.000000000000000000e+00 8.902150854450393235e+05 9.176516452985790384e-03
1.000000000000000000e+00 9.770099572992246831e+05 9.154285902626178514e-03
1.000000000000000000e+00 1.072267222010323079e+06 9.143256211392605456e-03
1.000000000000000000e+00 1.176811952434999170e+06 9.121375767691990849e-03
1.000000000000000000e+00 1.291549665014882805e+06 9.099724438792066925e-03
1.000000000000000000e+00 1.417474162926804740e+06 9.088981991161567200e-03
1.000000000000000000e+00 1.555676143930472201e+06 9.067669102447713930e-03
1.000000000000000000e+00 1.707352647470688680e+06 9.057096698708407695e-03
1.000000000000000000e+00 1.873817422860383056e+06 9.036110519532297367e-03
1.000000000000000000e+00 2.056512308348651510e+06 9.015337723888280919e-03
1.000000000000000000e+00 2.257019719633921515e+06 9.005034153725572504e-03
1.000000000000000000e+00 2.477076355991709046e+06 8.984575757412564811e-03
1.000000000000000000e+00 2.718588242732940242e+06 8.974426805438352056e-03
1.000000000000000000e+00 2.983647240283340216e+06 8.954279741841661769e-03
1.000000000000000000e+00 3.274549162877731491e+06 8.934337007241438880e-03
1.000000000000000000e+00 3.593813663804625627e+06 8.924435702231267586e-03
1.000000000000000000e+00 3.944206059437655844e+06 8.904782402554316245e-03
1.000000000000000000e+00 4.328761281083061360e+06 8.885323791262687843e-03
1.000000000000000000e+00 4.750810162102793343e+06 8.875670276366881203e-03
1.000000000000000000e+00 5.214008287999684922e+06 8.856492042045433638e-03
1.000000000000000000e+00 5.722367659350220114e+06 8.846978258379097765e-03
1.000000000000000000e+00 6.280291441834246740e+06 8.828078114027079065e-03
1.000000000000000000e+00 6.892612104349695146e+06 8.809359693260987792e-03
1.000000000000000000e+00 7.564633275546290912e+06 8.800073127474359463e-03
1.000000000000000000e+00 8.302175681319751777e+06 8.781623988253665219e-03
1.000000000000000000e+00 9.111627561154887080e+06 8.772466401492880206e-03
1.000000000000000000e+00 1.000000000000000000e+07 8.754273673125862257e-03
2.000000000000000000e+00 1.000000000000000000e+02 2.452254833427965422e-02
2.000000000000000000e+00 1.023531021899025859e+02 2.363473175468279799e-02
2.000000000000000000e+00 1.047615752789664043e+02 2.286537284787136526e-02
2.000000000000000000e+00 1.072267222010323167e+02 2.197505527087393121e-02
2.000000000000000000e+00 1.097498765493055686e+02 2.109663515107156745e-02
2.000000000000000000e+00 1.123324032978026565e+02 2.025750544041897069e-02
2.000000000000000000e+00 1.149756995397735579e+02 1.947707079127697360e-02
2.000000000000000000e+00 1.176811952434997863e+02 1.877638812530244006e-02
2.000000000000000000e+00 1.204503540258782408e+02 1.815204325448825651e-02
2.000000000000000000e+00 1.232846739442065882e+02 1.759427289926628057e-02
2.000000000000000000e+00 1.261856883066019748e+02 1.711140542181251514e-02
2.000000000000000000e+00 1.291549665014883885e+02 1.665550016728213276e-02
2.000000000000000000e+00 1.321941148466028721e+02 1.624486308304543686e-02
2.000000000000000000e+00 1.353047774579807481e+02 1.588086116810631318e-02
2.000000000000000000e+00 1.384886371393873219e+02 1.559133169393934169e-02
2.000000000000000000e+00 1.417474162926804695e+02 1.530771539100895563e-02
2.000000000000000000e+00 1.450828778495940128e+02 1.524841155897915801e-02
2.000000000000000000e+00 1.484968262254465117e+02 1.546873335144687001e-02
2.000000000000000000e+00 1.519911082952933157e+02 1.483982243561794180e-02
2.000000000000000000e+00 1.555676143930472222e+02 1.378737138084819985e-02
2.000000000000000000e+00 1.592282793341092315e+02 1.268909062520277506e-02
2.000000000000000000e+00 1.629750834620643332e+02 1.153033299800735115e-02
2.000000000000000000e+00 1.668100537200059250e+02 1.099940262641576141e-02
2.000000000000000000e+00 1.707352647470690385e+02 1.090485872000179941e-02
2.000000000000000000e+00 1.747528400007682876e+02 1.081116988097392470e-02
2.000000000000000000e+00 1.788649529057435075e+02 1.074576291175991308e-02
2.000000000000000000e+00 1.830738280295367701e+02 1.070244471076642508e-02
2.000000000000000000e+00 1.873817422860383033e+02 1.068190497379116997e-02
2.000000000000000000e+00 1.917910261672488730e+02 1.066200812169521006e-02
2.000000000000000000e+00 1.963040650040270521e+02 1.065162947244530957e-02
2.000000000000000000e+00 2.009233002565045751e+02 1.064816703102962336e-02
2.000000000000000000e+00 2.056512308348651459e+02 1.064826923295747289e-02
2.000000000000000000e+00 2.104904144512019855e+02 1.065876007390251408e-02
2.000000000000000000e+00 2.154434690031882269e+02 1.065885487289453502e-02
2.000000000000000000e+00 2.205130739903045480e+02 1.069217024536907659e-02
2.000000000000000000e+00 2.257019719633919124e+02 1.069225901253482471e-02
2.000000000000000000e+00 2.310129700083157900e+02 1.069234394683657961e-02
2.000000000000000000e+00 2.364489412645407072e+02 1.073169534279242235e-02
2.000000000000000000e+00 2.420128264794381039e+02 1.073177385701326939e-02
2.000000000000000000e+00 2.477076355991711409e+02 1.077598541317551818e-02
2.000000000000000000e+00 2.535364493970111539e+02 1.077605784254635768e-02
2.000000000000000000e+00 2.595024211399737055e+02 1.077612710210480371e-02
2.000000000000000000e+00 2.656087782946686957e+02 1.082029361656780021e-02
2.000000000000000000e+00 2.718588242732940330e+02 1.082035732171410941e-02
2.000000000000000000e+00 2.782559402207126027e+02 1.086146237964243262e-02
2.000000000000000000e+00 2.848035868435802058e+02 1.086152074572701957e-02
2.000000000000000000e+00 2.915053062825175516e+02 1.086157653317057145e-02
2.000000000000000000e+00 2.983647240283340238e+02 1.090010384148308760e-02
2.000000000000000000e+00 3.053855508833415797e+02 1.090015486575993640e-02
2.000000000000000000e+00 3.125715849688235153e+02 1.093405685775900374e-02
2.000000000000000000e+00 3.199267137797384635e+02 1.093410346446390367e-02
2.000000000000000000e+00 3.274549162877728463e+02 1.096422945118169165e-02
2.000000000000000000e+00 3.351602650938841066e+02 1.096427201090913357e-02
2.000000000000000000e+00 3.430469286314919373e+02 1.096431267322304365e-02
2.000000000000000000e+00 3.511191734215130964e+02 1.099057576584519177e-02
2.000000000000000000e+00 3.593813663804625662e+02 1.099061288773256137e-02
2.000000000000000000e+00 3.678379771828634262e+02 1.101289885958681158e-02
2.000000000000000000e+00 3.764935806792467474e+02 1.101293274433563785e-02
2.000000000000000000e+00 3.853528593710527161e+02 1.101296511175004281e-02
2.000000000000000000e+00 3.944206059437656222e+02 1.102962411146497790e-02
2.000000000000000000e+00 4.037017258596553688e+02 1.102965362196999151e-02
2.000000000000000000e+00 4.132012400115334572e+02 1.104263608113339318e-02
2.000000000000000000e+00 4.229242874389498752e+02 1.104266298429215816e-02
2.000000000000000000e+00 4.328761281083056929e+02 1.104268867876511892e-02
2.000000000000000000e+00 4.430621457583877714e+02 1.105230004127859093e-02
2.000000000000000000e+00 4.534878508128581984e+02 1.105232346367503865e-02
2.000000000000000000e+00 4.641588833612777307e+02 1.105841016171291678e-02
2.000000000000000000e+00 4.750810162102798131e+02 1.105843150782238882e-02
2.000000000000000000e+00 4.862601580065353346e+02 1.105845189249111613e-02
2.000000000000000000e+00 4.977023564332108663e+02 1.106150352142275771e-02
2.000000000000000000e+00 5.094138014816380178e+02 1.106152209749969827e-02
2.000000000000000000e+00 5.214008287999683944e+02 1.106197492670775440e-02
2.000000000000000000e+00 5.336699231206307559e+02 1.106199185421492641e-02
2.000000000000000000e+00 5.462277217684342077e+02 1.106200801781911762e-02
2.000000000000000000e+00 5.590810182512223037e+02 1.106009919763582469e-02
2.000000000000000000e+00 5.722367659350220492e+02 1.106011392645148139e-02
2.000000000000000000e+00 5.857020818056666940e+02 1.105606812765776159e-02
2.000000000000000000e+00 5.994842503189408944e+02 1.105608154884691122e-02
2.000000000000000000e+00 6.135907273413175744e+02 1.105609436345372613e-02
2.000000000000000000e+00 6.280291441834252737e+02 1.105011655219759713e-02
2.000000000000000000e+00 6.428073117284319551e+02 1.105012822894118653e-02
2.000000000000000000e+00 6.579332246575681893e+02 1.104242416140350895e-02
2.000000000000000000e+00 6.734150657750820983e+02 1.104243480103046619e-02
2.000000000000000000e+00 6.892612104349694846e+02 1.104244495922448305e-02
2.000000000000000000e+00 7.054802310718645231e+02 1.103319821021589604e-02
2.000000000000000000e+00 7.220809018385464242e+02 1.103320746618827869e-02
2.000000000000000000e+00 7.390722033525775032e+02 1.102259887992972261e-02
2.000000000000000000e+00 7.564633275546290179e+02 1.102260731378060417e-02
2.000000000000000000e+00 7.742636826811269657e+02 1.102261536565544466e-02
2.000000000000000000e+00 7.924828983539169940e+02 1.101078274268960794e-02
2.000000000000000000e+00 8.111308307896872520e+02 1.101079007920772491e-02
2.000000000000000000e+00 8.302175681319744172e+02 1.099788525212043802e-02
2.000000000000000000e+00 8.497534359086438371e+02 1.099789193670483445e-02
2.000000000000000000e+00 8.697490026177833897e+02 1.099789831831858751e-02
2.000000000000000000e+00 8.902150854450383122e+02 1.098405127134527773e-02
2.000000000000000000e+00 9.111627561154896284e+02 1.098405708583544138e-02
2.000000000000000000e+00 9.326033468832199560e+02 1.096937821150092106e-02
2.000000000000000000e+00 9.545484566618337112e+02 1.096938350919694771e-02
2.000000000000000000e+00 9.770099572992256753e+02 1.096938856664320637e-02
2.000000000000000000e+00 1.000000000000000000e+03 1.095400593563661609e-02
2.000000000000000000e+00 1.000000000000000000e+03 1.095400593563661609e-02
2.000000000000000000e+00 1.097498765493055544e+03 1.093799301807630610e-02
2.000000000000000000e+00 1.204503540258781186e+03 1.090442149026420171e-02
2.000000000000000000e+00 1.321941148466028608e+03 1.086925412790158696e-02
2.000000000000000000e+00 1.450828778495938650e+03 1.085122487963639283e-02
2.000000000000000000e+00 1.592282793341090610e+03 1.081451500254688829e-02
2.000000000000000000e+00 1.747528400007682876e+03 1.079591509008493051e-02
2.000000000000000000e+00 1.917910261672486740e+03 1.075839192110238964e-02
2.000000000000000000e+00 2.104904144512019684e+03 1.072061463061444418e-02
2.000000000000000000e+00 2.310129700083158241e+03 1.070169222022281964e-02
2.000000000000000000e+00 2.535364493970108924e+03 1.066386001175184672e-02
2.000000000000000000e+00 2.782559402207123185e+03 1.064498647051977283e-02
2.000000000000000000e+00 3.053855508833412387e+03 1.060737661421616920e-02
2.000000000000000000e+00 3.351602650938840725e+03 1.056972051993658630e-02
2.000000000000000000e+00 3.678379771828630510e+03 1.055098619158220327e-02
2.000000000000000000e+00 4.037017258596553802e+03 1.051377232045093250e-02
2.000000000000000000e+00 4.430621457583877600e+03 1.047692837204830182e-02
2.000000000000000000e+00 4.862601580065348571e+03 1.045866360137013250e-02
2.000000000000000000e+00 5.336699231206307559e+03 1.042243949204970342e-02
2.000000000000000000e+00 5.857020818056661483e+03 1.040448679175606968e-02
2.000000000000000000e+00 6.428073117284318869e+03 1.036892018931818288e-02
2.000000000000000000e+00 7.054802310718638182e+03 1.033378862773162189e-02
2.000000000000000000e+00 7.742636826811270112e+03 1.031610478838713985e-02
2.000000000000000000e+00 8.497534359086437689e+03 1.028101866290458133e-02
2.000000000000000000e+00 9.326033468832189101e+03 1.026364682876063257e-02
2.000000000000000000e+00 1.023531021899026928e+04 1.022924248932734204e-02
2.000000000000000000e+00 1.123324032978026480e+04 1.019530339781678577e-02
2.000000000000000000e+00 1.232846739442065882e+04 1.017850397551932871e-02
2.000000000000000000e+00 1.353047774579807628e+04 1.014524218294411174e-02
2.000000000000000000e+00 1.484968262254463480e+04 1.012877200116182527e-02
2.000000000000000000e+00 1.629750834620643400e+04 1.009617345939098874e-02
2.000000000000000000e+00 1.788649529057435211e+04 1.006400817390947465e-02
2.000000000000000000e+00 1.963040650040268520e+04 1.004808299267500454e-02
2.000000000000000000e+00 2.154434690031882201e+04 1.001655320816305372e-02
2.000000000000000000e+00 2.364489412645407356e+04 1.000094065499714663e-02
2.000000000000000000e+00 2.595024211399731939e+04 9.970031475852599370e-03
2.000000000000000000e+00 2.848035868435799057e+04 9.939524807276519866e-03
2.000000000000000000e+00 3.125715849688235176e+04 9.924417633271006428e-03
2.000000000000000000e+00 3.430469286314912461e+04 9.894499752057148503e-03
2.000000000000000000e+00 3.764935806792470976e+04 9.864963765143000204e-03
2.000000000000000000e+00 4.132012400115334458e+04 9.850338121333984676e-03
2.000000000000000000e+00 4.534878508128582325e+04 9.821361439061636681e-03
2.000000000000000000e+00 4.977023564332113892e+04 9.807014690912474117e-03
2.000000000000000000e+00 5.462277217684336938e+04 9.778375205140913545e-03
2.000000000000000000e+00 5.994842503189409035e+04 9.749997442862951003e-03
2.000000000000000000e+00 6.579332246575682075e+04 9.735937166465197593e-03
2.000000000000000000e+00 7.220809018385456875e+04 9.708084957786165120e-03
2.000000000000000000e+00 7.924828983539169712e+04 9.694283622697539085e-03
2.000000000000000000e+00 8.697490026177834079e+04 9.666941190953327878e-03
2.000000000000000000e+00 9.545484566618327517e+04 9.639926269758129079e-03
2.000000000000000000e+00 1.047615752789664111e+05 9.626544396215054589e-03
2.000000000000000000e+00 1.149756995397735591e+05 9.600015104072693109e-03
2.000000000000000000e+00 1.261856883066018490e+05 9.586871619965013636e-03
2.000000000000000000e+00 1.384886371393871668e+05 9.560816600092046993e-03
2.000000000000000000e+00 1.519911082952933211e+05 9.535068203509397544e-03
2.000000000000000000e+00 1.668100537200059043e+05 9.522230057381142823e-03
2.000000000000000000e+00 1.830738280295369623e+05 9.496647325670775491e-03
2.000000000000000000e+00 2.009233002565045899e+05 9.483964934281354647e-03
2.000000000000000000e+00 2.205130739903045760e+05 9.458822916957350738e-03
2.000000000000000000e+00 2.420128264794383431e+05 9.433965876962628269e-03
2.000000000000000000e+00 2.656087782946684165e+05 9.421646846409694603e-03
2.000000000000000000e+00 2.915053062825175584e+05 9.397214282010043010e-03
2.000000000000000000e+00 3.199267137797384639e+05 9.373060894714678112e-03
2.000000000000000000e+00 3.511191734215127653e+05 9.361086636907789763e-03
2.000000000000000000e+00 3.853528593710527639e+05 9.337336366657152456e-03
2.000000000000000000e+00 4.229242874389499193e+05 9.325557478301951808e-03
2.000000000000000000e+00 4.641588833612772287e+05 9.302198780448606152e-03
2.000000000000000000e+00 5.094138014816375216e+05 9.279092945234049955e-03
2.000000000000000000e+00 5.590810182512222091e+05 9.267644190982990068e-03
2.000000000000000000e+00 6.135907273413175717e+05 9.244671597126984455e-03
2.000000000000000000e+00 6.734150657750827959e+05 9.233156768778864529e-03
2.000000000000000000e+00 7.390722033525775187e+05 9.210317587828009342e-03
2.000000000000000000e+00 8.111308307896872284e+05 9.187724802430467103e-03
2.000000000000000000e+00 8.902150854450393235e+05 9.176516452892732878e-03
2.000000000000000000e+00 9.770099572992246831e+05 9.154285902549024953e-03
2.000000000000000000e+00 1.072267222010323079e+06 9.143256211328575078e-03
2.000000000000000000e+00 1.176811952434999170e+06 9.121375767638901372e-03
2.000000000000000000e+00 1.291549665014882805e+06 9.099724438748036173e-03
2.000000000000000000e+00 1.417474162926804740e+06 9.088981991125037393e-03
2.000000000000000000e+00 1.555676143930472201e+06 9.067669102417418719e-03
2.000000000000000000e+00 1.707352647470688680e+06 9.057096698683266348e-03
2.000000000000000000e+00 1.873817422860383056e+06 9.036110519511454664e-03
2.000000000000000000e+00 2.056512308348651510e+06 9.015337723871003073e-03
2.000000000000000000e+00 2.257019719633921515e+06 9.005034153711241954e-03
2.000000000000000000e+00 2.477076355991709046e+06 8.984575757400668078e-03
2.000000000000000000e+00 2.718588242732940242e+06 8.974426805428479745e-03
2.000000000000000000e+00 2.983647240283340216e+06 8.954279741833477343e-03
2.000000000000000000e+00 3.274549162877731491e+06 8.934337007234650907e-03
2.000000000000000000e+00 3.593813663804625627e+06 8.924435702225636674e-03
2.000000000000000000e+00 3.944206059437655844e+06 8.904782402549648104e-03
2.000000000000000000e+00 4.328761281083061360e+06 8.885323791258815940e-03
2.000000000000000000e+00 4.750810162102793343e+06 8.875670276363666761e-03
2.000000000000000000e+00 5.214008287999684922e+06 8.856492042042767368e-03
2.000000000000000000e+00 5.722367659350220114e+06 8.846978258376892931e-03
2.000000000000000000e+00 6.280291441834246740e+06 8.828078114025247197e-03
2.000000000000000000e+00 6.892612104349695146e+06 8.809359693259469909e-03
2.000000000000000000e+00 7.564633275546290912e+06 8.800073127473096585e-03
2.000000000000000000e+00 8.302175681319751777e+06 8.781623988252622651e-03
2.000000000000000000e+00 9.111627561154887080e+06 8.772466401492009375e-03
2.000000000000000000e+00 1.000000000000000000e+07 8.754273673125145816e-03
3.000000000000000000e+00 1.000000000000000000e+02 2.445361936088224705e-02
3.000000000000000000e+00 1.023531021899025859e+02 2.357401554707541300e-02
3.000000000000000000e+00 1.047615752789664043e+02 2.281228602302249123e-02
3.000000000000000000e+00 1.072267222010323167e+02 2.192906548528255478e-02
3.000000000000000000e+00 1.097498765493055686e+02 2.105708320684425774e-02
3.000000000000000000e+00 1.123324032978026565e+02 2.022345893939625494e-02
3.000000000000000000e+00 1.149756995397735579e+02 1.944773099978678102e-02
3.000000000000000000e+00 1.176811952434997863e+02 1.875089096423170065e-02
3.000000000000000000e+00 1.204503540258782408e+02 1.812982299039882228e-02
3.000000000000000000e+00 1.232846739442065882e+02 1.757493636109784194e-02
3.000000000000000000e+00 1.261856883066019748e+02 1.709465365939677808e-02
3.000000000000000000e+00 1.291549665014883885e+02 1.664086309904716857e-02
3.000000000000000000e+00 1.321941148466028721e+02 1.623152981049178628e-02
3.000000000000000000e+00 1.353047774579807481e+02 1.586807915057278015e-02
3.000000000000000000e+00 1.384886371393873219e+02 1.557857120847218509e-02
3.000000000000000000e+00 1.417474162926804695e+02 1.529572891234441331e-02
3.000000000000000000e+00 1.450828778495940128e+02 1.523586729708604516e-02
3.000000000000000000e+00 1.484968262254465117e+02 1.545482086022587596e-02
3.000000000000000000e+00 1.519911082952933157e+02 1.482778553722141276e-02
3.000000000000000000e+00 1.555676143930472222e+02 1.377808576199033436e-02
3.000000000000000000e+00 1.592282793341092315e+02 1.268244541234004284e-02
3.000000000000000000e+00 1.629750834620643332e+02 1.153062181062721597e-02
3.000000000000000000e+00 1.668100537200059250e+02 1.099589885942031664e-02
3.000000000000000000e+00 1.707352647470690385e+02 1.090167169444660432e-02
3.000000000000000000e+00 1.747528400007682876e+02 1.080819486494620681e-02
3.000000000000000000e+00 1.788649529057435075e+02 1.074286940022797787e-02
3.000000000000000000e+00 1.830738280295367701e+02 1.069953333372106880e-02
3.000000000000000000e+00 1.873817422860383033e+02 1.067895661208069849e-02
3.000000000000000000e+00 1.917910261672488730e+02 1.065911747525909344e-02
3.000000000000000000e+00 1.963040650040270521e+02 1.064882808013597852e-02
3.000000000000000000e+00 2.009233002565045751e+02 1.064547401725335352e-02
3.000000000000000000e+00 2.056512308348651459e+02 1.064568665455564722e-02
3.000000000000000000e+00 2.104904144512019855e+02 1.065624663895652774e-02
3.000000000000000000e+00 2.154434690031882269e+02 1.065644609338157849e-02
3.000000000000000000e+00 2.205130739903045480e+02 1.068980560523234008e-02
3.000000000000000000e+00 2.257019719633919124e+02 1.068999397190243186e-02
3.000000000000000000e+00 2.310129700083157900e+02 1.069017456286740046e-02
3.000000000000000000e+00 2.364489412645407072e+02 1.072959388640456167e-02
3.000000000000000000e+00 2.420128264794381039e+02 1.072976193309177310e-02
3.000000000000000000e+00 2.477076355991711409e+02 1.077404075976280164e-02
3.000000000000000000e+00 2.535364493970111539e+02 1.077419666549142910e-02
3.000000000000000000e+00 2.595024211399737055e+02 1.077434598426017277e-02
3.000000000000000000e+00 2.656087782946686957e+02 1.081857724281398009e-02
3.000000000000000000e+00 2.718588242732940330e+02 1.081871523957957625e-02
3.000000000000000000e+00 2.782559402207126027e+02 1.085988635554494160e-02
3.000000000000000000e+00 2.848035868435802058e+02 1.086001330102166415e-02
3.000000000000000000e+00 2.915053062825175516e+02 1.086013479185004953e-02
3.000000000000000000e+00 2.983647240283340238e+02 1.089872252893416861e-02
3.000000000000000000e+00 3.053855508833415797e+02 1.089883402700351014e-02
3.000000000000000000e+00 3.125715849688235153e+02 1.093279308670105747e-02
3.000000000000000000e+00 3.199267137797384635e+02 1.093289523510164452e-02
3.000000000000000000e+00 3.274549162877728463e+02 1.096307376761911610e-02
3.000000000000000000e+00 3.351602650938841066e+02 1.096316729117008566e-02
3.000000000000000000e+00 3.430469286314919373e+02 1.096325672822019356e-02
3.000000000000000000e+00 3.511191734215130964e+02 1.098956600543316182e-02
3.000000000000000000e+00 3.593813663804625662e+02 1.098964783837512622e-02
3.000000000000000000e+00 3.678379771828634262e+02 1.101197616070151257e-02
3.000000000000000000e+00 3.764935806792467474e+02 1.101205100597834816e-02
3.000000000000000000e+00 3.853528593710527161e+02 1.101212255314214412e-02
3.000000000000000000e+00 3.944206059437656222e+02 1.102881946605495204e-02
3.000000000000000000e+00 4.037017258596553688e+02 1.102888480817635145e-02
3.000000000000000000e+00 4.132012400115334572e+02 1.104190193224992116e-02
3.000000000000000000e+00 4.229242874389498752e+02 1.104196159085422436e-02
3.000000000000000000e+00 4.328761281083056929e+02 1.104201860342673459e-02
3.000000000000000000e+00 4.430621457583877714e+02 1.105166022325469385e-02
3.000000000000000000e+00 4.534878508128581984e+02 1.105171226171217796e-02
3.000000000000000000e+00 4.641588833612777307e+02 1.105782669606102803e-02
3.000000000000000000e+00 4.750810162102798131e+02 1.105787417661000145e-02
3.000000000000000000e+00 4.862601580065353346e+02 1.105791954054872149e-02
3.000000000000000000e+00 4.977023564332108663e+02 1.106099536526595865e-02
3.000000000000000000e+00 5.094138014816380178e+02 1.106103674572709618e-02
3.000000000000000000e+00 5.214008287999683944e+02 1.106151164364012340e-02
3.000000000000000000e+00 5.336699231206307559e+02 1.106154938571071722e-02
3.000000000000000000e+00 5.462277217684342077e+02 1.106158543858587820e-02
3.000000000000000000e+00 5.590810182512223037e+02 1.105969583683990773e-02
3.000000000000000000e+00 5.722367659350220492e+02 1.105972871506057456e-02
3.000000000000000000e+00 5.857020818056666940e+02 1.105570043836824959e-02
3.000000000000000000e+00 5.994842503189408944e+02 1.105573041879108834e-02
3.000000000000000000e+00 6.135907273413175744e+02 1.105575905317460021e-02
3.000000000000000000e+00 6.280291441834252737e+02 1.104979649570878020e-02
3.000000000000000000e+00 6.428073117284319551e+02 1.104982260348837814e-02
3.000000000000000000e+00 6.579332246575681893e+02 1.104213244552566635e-02
3.000000000000000000e+00 6.734150657750820983e+02 1.104215624763149085e-02
3.000000000000000000e+00 6.892612104349694846e+02 1.104217897842138703e-02
3.000000000000000000e+00 7.054802310718645231e+02 1.103294433182962567e-02
3.000000000000000000e+00 7.220809018385464242e+02 1.103296505371120263e-02
3.000000000000000000e+00 7.390722033525775032e+02 1.102236749718245659e-02
3.000000000000000000e+00 7.564633275546290179e+02 1.102238638678955732e-02
3.000000000000000000e+00 7.742636826811269657e+02 1.102240442450513370e-02
3.000000000000000000e+00 7.924828983539169940e+02 1.101058140275974935e-02
3.000000000000000000e+00 8.111308307896872520e+02 1.101059784419638858e-02
3.000000000000000000e+00 8.302175681319744172e+02 1.099770176967983758e-02
3.000000000000000000e+00 8.497534359086438371e+02 1.099771675529412004e-02
3.000000000000000000e+00 8.697490026177833897e+02 1.099773106401576508e-02
3.000000000000000000e+00 8.902150854450383122e+02 1.098389163238232789e-02
3.000000000000000000e+00 9.111627561154896284e+02 1.098390467344162978e-02
3.000000000000000000e+00 9.326033468832199560e+02 1.096923274003124352e-02
3.000000000000000000e+00 9.545484566618337112e+02 1.096924462526012098e-02
3.000000000000000000e+00 9.770099572992256753e+02 1.096925597296525071e-02
3.000000000000000000e+00 1.000000000000000000e+03 1.095387937481702260e-02
3.000000000000000000e+00 1.000000000000000000e+03 1.095387937481702260e-02
3.000000000000000000e+00 1.097498765493055544e+03 1.093788791206131046e-02
3.000000000000000000e+00 1.204503540258781186e+03 1.090433422317576423e-02
3.000000000000000000e+00 1.321941148466028608e+03 1.086918167420917493e-02
3.000000000000000000e+00 1.450828778495938650e+03 1.085116471760341414e-02
3.000000000000000000e+00 1.592282793341090610e+03 1.081446505573618010e-02
3.000000000000000000e+00 1.747528400007682876e+03 1.079587361965282134e-02
3.000000000000000000e+00 1.917910261672486740e+03 1.075835749305347269e-02
3.000000000000000000e+00 2.104904144512019684e+03 1.072058605023577804e-02
3.000000000000000000e+00 2.310129700083158241e+03 1.070166849170327457e-02
3.000000000000000000e+00 2.535364493970108924e+03 1.066384031372071689e-02
3.000000000000000000e+00 2.782559402207123185e+03 1.064497011680791069e-02
3.000000000000000000e+00 3.053855508833412387e+03 1.060736303819193038e-02
3.000000000000000000e+00 3.351602650938840725e+03 1.056970925145614415e-02
3.000000000000000000e+00 3.678379771828630510e+03 1.055097683705592988e-02
3.000000000000000000e+00 4.037017258596553802e+03 1.051376455607536814e-02
3.000000000000000000e+00 4.430621457583877600e+03 1.047692192766391285e-02
3.000000000000000000e+00 4.862601580065348571e+03 1.045865825169138216e-02
3.000000000000000000e+00 5.336699231206307559e+03 1.042243505163574502e-02
3.000000000000000000e+00 5.857020818056661483e+03 1.040448310566186203e-02
3.000000000000000000e+00 6.428073117284318869e+03 1.036891712972090422e-02
3.000000000000000000e+00 7.054802310718638182e+03 1.033378608822589466e-02
3.000000000000000000e+00 7.742636826811270112e+03 1.031610268056410915e-02
3.000000000000000000e+00 8.497534359086437689e+03 1.028101691397020727e-02
3.000000000000000000e+00 9.326033468832189101e+03 1.026364537717413400e-02
3.000000000000000000e+00 1.023531021899026928e+04 1.022924128490373952e-02
3.000000000000000000e+00 1.123324032978026480e+04 1.019530239842580781e-02
3.000000000000000000e+00 1.232846739442065882e+04 1.017850314602211474e-02
3.000000000000000000e+00 1.353047774579807628e+04 1.014524149465660489e-02
3.000000000000000000e+00 1.484968262254463480e+04 1.012877142988633655e-02
3.000000000000000000e+00 1.629750834620643400e+04 1.009617298535504110e-02
3.000000000000000000e+00 1.788649529057435211e+04 1.006400778055974686e-02
3.000000000000000000e+00 1.963040650040268520e+04 1.004808266618977333e-02
3.000000000000000000e+00 2.154434690031882201e+04 1.001655293724713555e-02
3.000000000000000000e+00 2.364489412645407356e+04 1.000094043013439148e-02
3.000000000000000000e+00 2.595024211399731939e+04 9.970031289254286180e-03
3.000000000000000000e+00 2.848035868435799057e+04 9.939524652435352201e-03
3.000000000000000000e+00 3.125715849688235176e+04 9.924417504751181437e-03
3.000000000000000000e+00 3.430469286314912461e+04 9.894499645405665719e-03
3.000000000000000000e+00 3.764935806792470976e+04 9.864963676639790235e-03
3.000000000000000000e+00 4.132012400115334458e+04 9.850338047875561304e-03
3.000000000000000000e+00 4.534878508128582325e+04 9.821361378102968012e-03
3.000000000000000000e+00 4.977023564332113892e+04 9.807014640315036419e-03
3.000000000000000000e+00 5.462277217684336938e+04 9.778375163158879377e-03
3.000000000000000000e+00 5.994842503189409035e+04 9.749997408030621274e-03
3.000000000000000000e+00 6.579332246575682075e+04 9.735937137556712612e-03
3.000000000000000000e+00 7.220809018385456875e+04 9.708084933800698729e-03
3.000000000000000000e+00 7.924828983539169712e+04 9.694283602791094537e-03
3.000000000000000000e+00 8.697490026177834079e+04 9.666941174437051684e-03
3.000000000000000000e+00 9.545484566618327517e+04 9.639926256054504039e-03
3.000000000000000000e+00 1.047615752789664111e+05 9.626544384841589919e-03
3.000000000000000000e+00 1.149756995397735591e+05 9.600015094635984750e-03
3.000000000000000000e+00 1.261856883066018490e+05 9.586871612132815204e-03
3.000000000000000000e+00 1.384886371393871668e+05 9.560816593593524787e-03
3.000000000000000000e+00 1.519911082952933211e+05 9.535068198117448504e-03
3.000000000000000000e+00 1.668100537200059043e+05 9.522230052906243206e-03
3.000000000000000000e+00 1.830738280295369623e+05 9.496647321958682358e-03
3.000000000000000000e+00 2.009233002565045899e+05 9.483964931200775453e-03
3.000000000000000000e+00 2.205130739903045760e+05 9.458822914401867135e-03
3.000000000000000000e+00 2.420128264794383431e+05 9.433965874842712915e-03
3.000000000000000000e+00 2.656087782946684165e+05 9.421646844650403974e-03
3.000000000000000000e+00 2.915053062825175584e+05 9.397214280550595863e-03
3.000000000000000000e+00 3.199267137797384639e+05 9.373060893503959087e-03
3.000000000000000000e+00 3.511191734215127653e+05 9.361086635903020578e-03
3.000000000000000000e+00 3.853528593710527639e+05 9.337336365823629969e-03
3.000000000000000000e+00 4.229242874389499193e+05 9.325557477610197862e-03
3.000000000000000000e+00 4.641588833612772287e+05 9.302198779874749218e-03
3.000000000000000000e+00 5.094138014816375216e+05 9.279092944757968975e-03
3.000000000000000000e+00 5.590810182512222091e+05 9.267644190587885980e-03
3.000000000000000000e+00 6.135907273413175717e+05 9.244671596799284782e-03
3.000000000000000000e+00 6.734150657750827959e+05 9.233156768506974379e-03
3.000000000000000000e+00 7.390722033525775187e+05 9.210317587602552536e-03
3.000000000000000000e+00 8.111308307896872284e+05 9.187724802243536770e-03
3.000000000000000000e+00 8.902150854450393235e+05 9.176516452737641660e-03
3.000000000000000000e+00 9.770099572992246831e+05 9.154285902420426432e-03
3.000000000000000000e+00 1.072267222010323079e+06 9.143256211221867033e-03
3.000000000000000000e+00 1.176811952434999170e+06 9.121375767550418331e-03
3.000000000000000000e+00 1.291549665014882805e+06 9.099724438674669513e-03
3.000000000000000000e+00 1.417474162926804740e+06 9.088981991064160743e-03
3.000000000000000000e+00 1.555676143930472201e+06 9.067669102366929593e-03
3.000000000000000000e+00 1.707352647470688680e+06 9.057096698641379715e-03
3.000000000000000000e+00 1.873817422860383056e+06 9.036110519476730704e-03
3.000000000000000000e+00 2.056512308348651510e+06 9.015337723842201459e-03
3.000000000000000000e+00 2.257019719633921515e+06 9.005034153687344403e-03
3.000000000000000000e+00 2.477076355991709046e+06 8.984575757380848862e-03
3.000000000000000000e+00 2.718588242732940242e+06 8.974426805412034566e-03
3.000000000000000000e+00 2.983647240283340216e+06 8.954279741819835478e-03
3.000000000000000000e+00 3.274549162877731491e+06 8.934337007223342245e-03
3.000000000000000000e+00 3.593813663804625627e+06 8.924435702216250085e-03
3.000000000000000000e+00 3.944206059437655844e+06 8.904782402541866135e-03
3.000000000000000000e+00 4.328761281083061360e+06 8.885323791252362768e-03
3.000000000000000000e+00 4.750810162102793343e+06 8.875670276358306465e-03
3.000000000000000000e+00 5.214008287999684922e+06 8.856492042038323007e-03
3.000000000000000000e+00 5.722367659350220114e+06 8.846978258373199705e-03
3.000000000000000000e+00 6.280291441834246740e+06 8.828078114022187145e-03
3.000000000000000000e+00 6.892612104349695146e+06 8.809359693256932008e-03
3.000000000000000000e+00 7.564633275546290912e+06 8.800073127470992365e-03
3.000000000000000000e+00 8.302175681319751777e+06 8.781623988250872315e-03
3.000000000000000000e+00 9.111627561154887080e+06 8.772466401490562615e-03
3.000000000000000000e+00 1.000000000000000000e+07 8.754273673123940183e-03
5.000000000000000000e+00 1.000000000000000000e+02 2.427839439206516334e-02
5.000000000000000000e+00 1.023531021899025859e+02 2.341977571885146825e-02
5.000000000000000000e+00 1.047615752789664043e+02 2.267756727985067652e-02
5.000000000000000000e+00 1.072267222010323167e+02 2.181261900437733367e-02
5.000000000000000000e+00 1.097498765493055686e+02 2.095712088486175947e-02
5.000000000000000000e+00 1.123324032978026565e+02 2.013789430476757916e-02
5.000000000000000000e+00 1.149756995397735579e+02 1.937402358403208028e-02
5.000000000000000000e+00 1.176811952434997863e+02 1.868635067414268353e-02
5.000000000000000000e+00 1.204503540258782408e+02 1.807379709906907495e-02
5.000000000000000000e+00 1.232846739442065882e+02 1.752996572686564211e-02
5.000000000000000000e+00 1.261856883066019748e+02 1.705453692827020584e-02
5.000000000000000000e+00 1.291549665014883885e+02 1.660234760403166143e-02
5.000000000000000000e+00 1.321941148466028721e+02 1.619504740710925317e-02
5.000000000000000000e+00 1.353047774579807481e+02 1.583314441739939668e-02
5.000000000000000000e+00 1.384886371393873219e+02 1.554489148621109561e-02
5.000000000000000000e+00 1.417474162926804695e+02 1.526461017596545712e-02
5.000000000000000000e+00 1.450828778495940128e+02 1.520448112594537972e-02
5.000000000000000000e+00 1.484968262254465117e+02 1.542134382503421164e-02
5.000000000000000000e+00 1.519911082952933157e+02 1.480011740397286710e-02
5.000000000000000000e+00 1.555676143930472222e+02 1.376016072192397244e-02
5.000000000000000000e+00 1.592282793341092315e+02 1.267853225813125699e-02
5.000000000000000000e+00 1.629750834620643332e+02 1.151355295469331207e-02
5.000000000000000000e+00 1.668100537200059250e+02 1.098638253353314762e-02
5.000000000000000000e+00 1.707352647470690385e+02 1.089292782337479906e-02
5.000000000000000000e+00 1.747528400007682876e+02 1.079998466677309886e-02
5.000000000000000000e+00 1.788649529057435075e+02 1.073488366882554591e-02
5.000000000000000000e+00 1.830738280295367701e+02 1.069153221949048840e-02
5.000000000000000000e+00 1.873817422860383033e+02 1.067088702223343948e-02
5.000000000000000000e+00 1.917910261672488730e+02 1.065114892665671234e-02
5.000000000000000000e+00 1.963040650040270521e+02 1.064102499075404891e-02
5.000000000000000000e+00 2.009233002565045751e+02 1.063791204794881269e-02
5.000000000000000000e+00 2.056512308348651459e+02 1.063841019845381507e-02
5.000000000000000000e+00 2.104904144512019855e+02 1.064906988373609011e-02
5.000000000000000000e+00 2.154434690031882269e+02 1.064954681023220530e-02
5.000000000000000000e+00 2.205130739903045480e+02 1.068296538130730777e-02
5.000000000000000000e+00 2.257019719633919124e+02 1.068342309193304369e-02
5.000000000000000000e+00 2.310129700083157900e+02 1.068386341316820802e-02
5.000000000000000000e+00 2.364489412645407072e+02 1.072343424925431034e-02
5.000000000000000000e+00 2.420128264794381039e+02 1.072384934410770818e-02
5.000000000000000000e+00 2.477076355991711409e+02 1.076828916167909406e-02
5.000000000000000000e+00 2.535364493970111539e+02 1.076867868450679527e-02
5.000000000000000000e+00 2.595024211399737055e+02 1.076905285894494586e-02
5.000000000000000000e+00 2.656087782946686957e+02 1.081344932472805102e-02
5.000000000000000000e+00 2.718588242732940330e+02 1.081379854326199041e-02
5.000000000000000000e+00 2.782559402207126027e+02 1.085514630573559264e-02
5.000000000000000000e+00 2.848035868435802058e+02 1.085547032128256206e-02
5.000000000000000000e+00 2.915053062825175516e+02 1.085578120897149647e-02
5.000000000000000000e+00 2.983647240283340238e+02 1.089453580190083599e-02
5.000000000000000000e+00 3.053855508833415797e+02 1.089482324714302446e-02
5.000000000000000000e+00 3.125715849688235153e+02 1.092894325137975034e-02
5.000000000000000000e+00 3.199267137797384635e+02 1.092920833599501061e-02
5.000000000000000000e+00 3.274549162877728463e+02 1.095953731200211868e-02
5.000000000000000000e+00 3.351602650938841066e+02 1.095978145685896910e-02
5.000000000000000000e+00 3.430469286314919373e+02 1.096001541437664588e-02
5.000000000000000000e+00 3.511191734215130964e+02 1.098645905316772420e-02
5.000000000000000000e+00 3.593813663804625662e+02 1.098667423758706123e-02
5.000000000000000000e+00 3.678379771828634262e+02 1.100912708971137945e-02
5.000000000000000000e+00 3.764935806792467474e+02 1.100932482730915263e-02
5.000000000000000000e+00 3.853528593710527161e+02 1.100951418279177627e-02
5.000000000000000000e+00 3.944206059437656222e+02 1.102632407584759090e-02
5.000000000000000000e+00 4.037017258596553688e+02 1.102649771948430342e-02
5.000000000000000000e+00 4.132012400115334572e+02 1.103961892021925947e-02
5.000000000000000000e+00 4.229242874389498752e+02 1.103977805089660646e-02
5.000000000000000000e+00 4.328761281083056929e+02 1.103993034946241548e-02
5.000000000000000000e+00 4.430621457583877714e+02 1.104966359695039833e-02
5.000000000000000000e+00 4.534878508128581984e+02 1.104980306492981540e-02
5.000000000000000000e+00 4.641588833612777307e+02 1.105600196915880462e-02
5.000000000000000000e+00 4.750810162102798131e+02 1.105612960205113772e-02
5.000000000000000000e+00 4.862601580065353346e+02 1.105625169753295979e-02
5.000000000000000000e+00 4.977023564332108663e+02 1.105940170054590943e-02
5.000000000000000000e+00 5.094138014816380178e+02 1.105951336797006586e-02
5.000000000000000000e+00 5.214008287999683944e+02 1.106005620096432197e-02
5.000000000000000000e+00 5.336699231206307559e+02 1.106015829507161173e-02
5.000000000000000000e+00 5.462277217684342077e+02 1.106025592155986635e-02
5.000000000000000000e+00 5.590810182512223037e+02 1.105842578006710313e-02
5.000000000000000000e+00 5.722367659350220492e+02 1.105851499904867037e-02
5.000000000000000000e+00 5.857020818056666940e+02 1.105454110490432067e-02
5.000000000000000000e+00 5.994842503189408944e+02 1.105462261838799885e-02
5.000000000000000000e+00 6.135907273413175744e+02 1.105470053954000706e-02
5.000000000000000000e+00 6.280291441834252737e+02 1.104878551158382238e-02
5.000000000000000000e+00 6.428073117284319551e+02 1.104885667892101068e-02
5.000000000000000000e+00 6.579332246575681893e+02 1.104120996754800327e-02
5.000000000000000000e+00 6.734150657750820983e+02 1.104127495159519003e-02
5.000000000000000000e+00 6.892612104349694846e+02 1.104133705508031187e-02
5.000000000000000000e+00 7.054802310718645231e+02 1.103214032787506495e-02
5.000000000000000000e+00 7.220809018385464242e+02 1.103219702096588060e-02
5.000000000000000000e+00 7.390722033525775032e+02 1.102163408849804287e-02
5.000000000000000000e+00 7.564633275546290179e+02 1.102168583403430671e-02
5.000000000000000000e+00 7.742636826811269657e+02 1.102173527489194726e-02
5.000000000000000000e+00 7.924828983539169940e+02 1.100994246652546235e-02
5.000000000000000000e+00 8.111308307896872520e+02 1.100998758223327260e-02
5.000000000000000000e+00 8.302175681319744172e+02 1.099711909140142600e-02
5.000000000000000000e+00 8.497534359086438371e+02 1.099716025427946789e-02
5.000000000000000000e+00 8.697490026177833897e+02 1.099719957667123771e-02
5.000000000000000000e+00 8.902150854450383122e+02 1.098338419140236152e-02
5.000000000000000000e+00 9.111627561154896284e+02 1.098342006224666337e-02
5.000000000000000000e+00 9.326033468832199560e+02 1.096877007122240739e-02
5.000000000000000000e+00 9.545484566618337112e+02 1.096880278972515478e-02
5.000000000000000000e+00 9.770099572992256753e+02 1.096883404066626398e-02
5.000000000000000000e+00 1.000000000000000000e+03 1.095347654379363010e-02
5.000000000000000000e+00 1.000000000000000000e+03 1.095347654379363010e-02
5.000000000000000000e+00 1.097498765493055544e+03 1.093755307626401337e-02
5.000000000000000000e+00 1.204503540258781186e+03 1.090405601452468926e-02
5.000000000000000000e+00 1.321941148466028608e+03 1.086895055022084507e-02
5.000000000000000000e+00 1.450828778495938650e+03 1.085097270409061433e-02
5.000000000000000000e+00 1.592282793341090610e+03 1.081430557719422793e-02
5.000000000000000000e+00 1.747528400007682876e+03 1.079574115779325001e-02
5.000000000000000000e+00 1.917910261672486740e+03 1.075824749263380904e-02
5.000000000000000000e+00 2.104904144512019684e+03 1.072049471075262397e-02
5.000000000000000000e+00 2.310129700083158241e+03 1.070159264199850926e-02
5.000000000000000000e+00 2.535364493970108924e+03 1.066377733670881983e-02
5.000000000000000000e+00 2.782559402207123185e+03 1.064491782418740783e-02
5.000000000000000000e+00 3.053855508833412387e+03 1.060731962219537902e-02
5.000000000000000000e+00 3.351602650938840725e+03 1.056967321127424454e-02
5.000000000000000000e+00 3.678379771828630510e+03 1.055094691569407467e-02
5.000000000000000000e+00 4.037017258596553802e+03 1.051373971918904970e-02
5.000000000000000000e+00 4.430621457583877600e+03 1.047690131196498883e-02
5.000000000000000000e+00 4.862601580065348571e+03 1.045864113710055082e-02
5.000000000000000000e+00 5.336699231206307559e+03 1.042242084535380774e-02
5.000000000000000000e+00 5.857020818056661483e+03 1.040447131226565451e-02
5.000000000000000000e+00 6.428073117284318869e+03 1.036890734047142548e-02
5.000000000000000000e+00 7.054802310718638182e+03 1.033377796282232766e-02
5.000000000000000000e+00 7.742636826811270112e+03 1.031609593623246217e-02
5.000000000000000000e+00 8.497534359086437689e+03 1.028101131786749063e-02
5.000000000000000000e+00 9.326033468832189101e+03 1.026364073243442310e-02
5.000000000000000000e+00 1.023531021899026928e+04 1.022923743098201957e-02
5.000000000000000000e+00 1.123324032978026480e+04 1.019529920053694957e-02
5.000000000000000000e+00 1.232846739442065882e+04 1.017850049174323472e-02
5.000000000000000000e+00 1.353047774579807628e+04 1.014523929221447344e-02
5.000000000000000000e+00 1.484968262254463480e+04 1.012876960185860389e-02
5.000000000000000000e+00 1.629750834620643400e+04 1.009617146847735340e-02
5.000000000000000000e+00 1.788649529057435211e+04 1.006400652186649827e-02
5.000000000000000000e+00 1.963040650040268520e+04 1.004808162145493129e-02
5.000000000000000000e+00 2.154434690031882201e+04 1.001655207032864717e-02
5.000000000000000000e+00 2.364489412645407356e+04 1.000093971058217679e-02
5.000000000000000000e+00 2.595024211399731939e+04 9.970030692145670156e-03
5.000000000000000000e+00 2.848035868435799057e+04 9.939524156947748129e-03
5.000000000000000000e+00 3.125715849688235176e+04 9.924417093490517025e-03
5.000000000000000000e+00 3.430469286314912461e+04 9.894499304122885905e-03
5.000000000000000000e+00 3.764935806792470976e+04 9.864963393430873848e-03
5.000000000000000000e+00 4.132012400115334458e+04 9.850337812809572061e-03
5.000000000000000000e+00 4.534878508128582325e+04 9.821361183035844100e-03
5.000000000000000000e+00 4.977023564332113892e+04 9.807014478403647609e-03
5.000000000000000000e+00 5.462277217684336938e+04 9.778375028816671879e-03
5.000000000000000000e+00 5.994842503189409035e+04 9.749997296567400676e-03
5.000000000000000000e+00 6.579332246575682075e+04 9.735937045049715757e-03
5.000000000000000000e+00 7.220809018385456875e+04 9.708084857047369343e-03
5.000000000000000000e+00 7.924828983539169712e+04 9.694283539090544494e-03
5.000000000000000000e+00 8.697490026177834079e+04 9.666941121585089294e-03
5.000000000000000000e+00 9.545484566618327517e+04 9.639926212202934094e-03
5.000000000000000000e+00 1.047615752789664111e+05 9.626544348446536281e-03
5.000000000000000000e+00 1.149756995397735591e+05 9.600015064438567267e-03
5.000000000000000000e+00 1.261856883066018490e+05 9.586871587069821857e-03
5.000000000000000000e+00 1.384886371393871668e+05 9.560816572798244359e-03
5.000000000000000000e+00 1.519911082952933211e+05 9.535068180863278189e-03
5.000000000000000000e+00 1.668100537200059043e+05 9.522230038586602247e-03
5.000000000000000000e+00 1.830738280295369623e+05 9.496647310080033252e-03
5.000000000000000000e+00 2.009233002565045899e+05 9.483964921342935214e-03
5.000000000000000000e+00 2.205130739903045760e+05 9.458822906224323424e-03
5.000000000000000000e+00 2.420128264794383431e+05 9.433965868059014312e-03
5.000000000000000000e+00 2.656087782946684165e+05 9.421646839020664244e-03
5.000000000000000000e+00 2.915053062825175584e+05 9.397214275880387199e-03
5.000000000000000000e+00 3.199267137797384639e+05 9.373060889629676248e-03
5.000000000000000000e+00 3.511191734215127653e+05 9.361086632687780004e-03
5.000000000000000000e+00 3.853528593710527639e+05 9.337336363156312213e-03
5.000000000000000000e+00 4.229242874389499193e+05 9.325557475396598767e-03
5.000000000000000000e+00 4.641588833612772287e+05 9.302198778038351865e-03
5.000000000000000000e+00 5.094138014816375216e+05 9.279092943234512267e-03
5.000000000000000000e+00 5.590810182512222091e+05 9.267644189323544918e-03
5.000000000000000000e+00 6.135907273413175717e+05 9.244671595750675666e-03
5.000000000000000000e+00 6.734150657750827959e+05 9.233156767636942902e-03
5.000000000000000000e+00 7.390722033525775187e+05 9.210317586881148696e-03
5.000000000000000000e+00 8.111308307896872284e+05 9.187724801645365952e-03
5.000000000000000000e+00 8.902150854450393235e+05 9.176516452241325131e-03
5.000000000000000000e+00 9.770099572992246831e+05 9.154285902008865022e-03
5.000000000000000000e+00 1.072267222010323079e+06 9.143256210880411003e-03
5.000000000000000000e+00 1.176811952434999170e+06 9.121375767267250745e-03
5.000000000000000000e+00 1.291549665014882805e+06 9.099724438439871221e-03
5.000000000000000000e+00 1.417474162926804740e+06 9.088981990869346092e-03
5.000000000000000000e+00 1.555676143930472201e+06 9.067669102205383469e-03
5.000000000000000000e+00 1.707352647470688680e+06 9.057096698507351509e-03
5.000000000000000000e+00 1.873817422860383056e+06 9.036110519365559215e-03
5.000000000000000000e+00 2.056512308348651510e+06 9.015337723750019988e-03
5.000000000000000000e+00 2.257019719633921515e+06 9.005034153610858710e-03
5.000000000000000000e+00 2.477076355991709046e+06 8.984575757317429107e-03
5.000000000000000000e+00 2.718588242732940242e+06 8.974426805359406525e-03
5.000000000000000000e+00 2.983647240283340216e+06 8.954279741776189835e-03
5.000000000000000000e+00 3.274549162877731491e+06 8.934337007187145505e-03
5.000000000000000000e+00 3.593813663804625627e+06 8.924435702186216818e-03
5.000000000000000000e+00 3.944206059437655844e+06 8.904782402516953771e-03
5.000000000000000000e+00 4.328761281083061360e+06 8.885323791231705681e-03
5.000000000000000000e+00 4.750810162102793343e+06 8.875670276341155254e-03
5.000000000000000000e+00 5.214008287999684922e+06 8.856492042024117356e-03
5.000000000000000000e+00 5.722367659350220114e+06 8.846978258361408790e-03
5.000000000000000000e+00 6.280291441834246740e+06 8.828078114012401570e-03
5.000000000000000000e+00 6.892612104349695146e+06 8.809359693248813503e-03
5.000000000000000000e+00 7.564633275546290912e+06 8.800073127464265108e-03
5.000000000000000000e+00 8.302175681319751777e+06 8.781623988245288240e-03
5.000000000000000000e+00 9.111627561154887080e+06 8.772466401485925699e-03
5.000000000000000000e+00 1.000000000000000000e+07 8.754273673120092567e-03
7.000000000000000000e+00 1.000000000000000000e+02 2.408397457794417967e-02
7.000000000000000000e+00 1.023531021899025859e+02 2.325151385859033915e-02
7.000000000000000000e+00 1.047615752789664043e+02 2.253364592930455490e-02
7.000000000000000000e+00 1.072267222010323167e+02 2.169131902283420038e-02
7.000000000000000000e+00 1.097498765493055686e+02 2.085661487484672533e-02
7.000000000000000000e+00 1.123324032978026565e+02 2.005810067027173627e-02
7.000000000000000000e+00 1.149756995397735579e+02 1.931021634402539308e-02
7.000000000000000000e+00 1.176811952434997863e+02 1.862423770075235033e-02
7.000000000000000000e+00 1.204503540258782408e+02 1.801023149874934892e-02
7.000000000000000000e+00 1.232846739442065882e+02 1.746632940015840907e-02
7.000000000000000000e+00 1.261856883066019748e+02 1.700032678638399922e-02
7.000000000000000000e+00 1.291549665014883885e+02 1.655788031099359944e-02
7.000000000000000000e+00 1.321941148466028721e+02 1.615619891265848013e-02
7.000000000000000000e+00 1.353047774579807481e+02 1.579829793660847762e-02
7.000000000000000000e+00 1.384886371393873219e+02 1.551404867560672758e-02
7.000000000000000000e+00 1.417474162926804695e+02 1.523878001978484949e-02
7.000000000000000000e+00 1.450828778495940128e+02 1.518158915289072146e-02
7.000000000000000000e+00 1.484968262254465117e+02 1.540026713418850279e-02
7.000000000000000000e+00 1.519911082952933157e+02 1.478930621325101787e-02
7.000000000000000000e+00 1.555676143930472222e+02 1.376061157553671969e-02
7.000000000000000000e+00 1.592282793341092315e+02 1.267390074445605939e-02
7.000000000000000000e+00 1.629750834620643332e+02 1.147949206113349323e-02
7.000000000000000000e+00 1.668100537200059250e+02 1.097454295223683485e-02
7.000000000000000000e+00 1.707352647470690385e+02 1.088194074346340683e-02
7.000000000000000000e+00 1.747528400007682876e+02 1.078961347514370735e-02
7.000000000000000000e+00 1.788649529057435075e+02 1.072480878932738184e-02
7.000000000000000000e+00 1.830738280295367701e+02 1.068150197424730038e-02
7.000000000000000000e+00 1.873817422860383033e+02 1.066083652395267631e-02
7.000000000000000000e+00 1.917910261672488730e+02 1.064117598266293291e-02
7.000000000000000000e+00 1.963040650040270521e+02 1.063117343292346688e-02
7.000000000000000000e+00 2.009233002565045751e+02 1.062829079857861327e-02
7.000000000000000000e+00 2.056512308348651459e+02 1.062912446955447017e-02
7.000000000000000000e+00 2.104904144512019855e+02 1.063978029791806494e-02
7.000000000000000000e+00 2.154434690031882269e+02 1.064059007817647409e-02
7.000000000000000000e+00 2.205130739903045480e+02 1.067398760740768601e-02
7.000000000000000000e+00 2.257019719633919124e+02 1.067477417525814799e-02
7.000000000000000000e+00 2.310129700083157900e+02 1.067553270706676598e-02
7.000000000000000000e+00 2.364489412645407072e+02 1.071523133022811783e-02
7.000000000000000000e+00 2.420128264794381039e+02 1.071595400125562210e-02
7.000000000000000000e+00 2.477076355991711409e+02 1.076054963012057497e-02
7.000000000000000000e+00 2.535364493970111539e+02 1.076123426122679860e-02
7.000000000000000000e+00 2.595024211399737055e+02 1.076189342944636716e-02
7.000000000000000000e+00 2.656087782946686957e+02 1.080646785332606968e-02
7.000000000000000000e+00 2.718588242732940330e+02 1.080708827837791562e-02
7.000000000000000000e+00 2.782559402207126027e+02 1.084864093663655618e-02
7.000000000000000000e+00 2.848035868435802058e+02 1.084922092313745853e-02
7.000000000000000000e+00 2.915053062825175516e+02 1.084977859337975421e-02
7.000000000000000000e+00 2.983647240283340238e+02 1.088873560653026706e-02
7.000000000000000000e+00 3.053855508833415797e+02 1.088925468925275655e-02
7.000000000000000000e+00 3.125715849688235153e+02 1.092357586103434933e-02
7.000000000000000000e+00 3.199267137797384635e+02 1.092405746680001795e-02
7.000000000000000000e+00 3.274549162877728463e+02 1.095457837095928019e-02
7.000000000000000000e+00 3.351602650938841066e+02 1.095502439379433465e-02
7.000000000000000000e+00 3.430469286314919373e+02 1.095545260170500274e-02
7.000000000000000000e+00 3.511191734215130964e+02 1.098207129262469481e-02
7.000000000000000000e+00 3.593813663804625662e+02 1.098246711615413068e-02
7.000000000000000000e+00 3.678379771828634262e+02 1.100508458546571415e-02
7.000000000000000000e+00 3.764935806792467474e+02 1.100544999281767924e-02
7.000000000000000000e+00 3.853528593710527161e+02 1.100580049915140038e-02
7.000000000000000000e+00 3.944206059437656222e+02 1.102276249436991151e-02
7.000000000000000000e+00 4.037017258596553688e+02 1.102308524328087826e-02
7.000000000000000000e+00 4.132012400115334572e+02 1.103634800954921003e-02
7.000000000000000000e+00 4.229242874389498752e+02 1.103664491083530472e-02
7.000000000000000000e+00 4.328761281083056929e+02 1.103692949337079995e-02
7.000000000000000000e+00 4.430621457583877714e+02 1.104678884105368859e-02
7.000000000000000000e+00 4.534878508128581984e+02 1.104705034989329412e-02
7.000000000000000000e+00 4.641588833612777307e+02 1.105336643696432607e-02
7.000000000000000000e+00 4.750810162102798131e+02 1.105360652126523464e-02
7.000000000000000000e+00 4.862601580065353346e+02 1.105383649661664976e-02
7.000000000000000000e+00 4.977023564332108663e+02 1.105709037302499663e-02
7.000000000000000000e+00 5.094138014816380178e+02 1.105730131638247779e-02
7.000000000000000000e+00 5.214008287999683944e+02 1.105793984574636284e-02
7.000000000000000000e+00 5.336699231206307559e+02 1.105813322485813682e-02
7.000000000000000000e+00 5.462277217684342077e+02 1.105831835891479473e-02
7.000000000000000000e+00 5.590810182512223037e+02 1.105657259277419667e-02
7.000000000000000000e+00 5.722367659350220492e+02 1.105674219645525792e-02
7.000000000000000000e+00 5.857020818056666940e+02 1.105284583525639568e-02
7.000000000000000000e+00 5.994842503189408944e+02 1.105300114283454607e-02
7.000000000000000000e+00 6.135907273413175744e+02 1.105314975733604974e-02
7.000000000000000000e+00 6.280291441834252737e+02 1.104730289571697298e-02
7.000000000000000000e+00 6.428073117284319551e+02 1.104743890747032602e-02
7.000000000000000000e+00 6.579332246575681893e+02 1.103985474084509880e-02
7.000000000000000000e+00 6.734150657750820983e+02 1.103997917214677611e-02
7.000000000000000000e+00 6.892612104349694846e+02 1.104009819188548486e-02
7.000000000000000000e+00 7.054802310718645231e+02 1.103095631725830791e-02
7.000000000000000000e+00 7.220809018385464242e+02 1.103106515450433776e-02
7.000000000000000000e+00 7.390722033525775032e+02 1.102055245909839935e-02
7.000000000000000000e+00 7.564633275546290179e+02 1.102065195635541783e-02
7.000000000000000000e+00 7.742636826811269657e+02 1.102074709288410580e-02
7.000000000000000000e+00 7.924828983539169940e+02 1.100899829430691118e-02
7.000000000000000000e+00 8.111308307896872520e+02 1.100908523219419101e-02
7.000000000000000000e+00 8.302175681319744172e+02 1.099625701818616325e-02
7.000000000000000000e+00 8.497534359086438371e+02 1.099633644403692073e-02
7.000000000000000000e+00 8.697490026177833897e+02 1.099641236610623615e-02
7.000000000000000000e+00 8.902150854450383122e+02 1.098263220557084766e-02
7.000000000000000000e+00 9.111627561154896284e+02 1.098270154549489501e-02
7.000000000000000000e+00 9.326033468832199560e+02 1.096808376009349509e-02
7.000000000000000000e+00 9.545484566618337112e+02 1.096814707568563411e-02
7.000000000000000000e+00 9.770099572992256753e+02 1.096820758292386955e-02
7.000000000000000000e+00 1.000000000000000000e+03 1.095287819542835848e-02
7.000000000000000000e+00 1.000000000000000000e+03 1.095287819542835848e-02
7.000000000000000000e+00 1.097498765493055544e+03 1.093705495188428307e-02
7.000000000000000000e+00 1.204503540258781186e+03 1.090364159278178237e-02
7.000000000000000000e+00 1.321941148466028608e+03 1.086860588675512412e-02
7.000000000000000000e+00 1.450828778495938650e+03 1.085068609349716835e-02
7.000000000000000000e+00 1.592282793341090610e+03 1.081406734362957284e-02
7.000000000000000000e+00 1.747528400007682876e+03 1.079554314957683822e-02
7.000000000000000000e+00 1.917910261672486740e+03 1.075808296930770916e-02
7.000000000000000000e+00 2.104904144512019684e+03 1.072035803411056608e-02
7.000000000000000000e+00 2.310129700083158241e+03 1.070147909827701832e-02
7.000000000000000000e+00 2.535364493970108924e+03 1.066368303188800805e-02
7.000000000000000000e+00 2.782559402207123185e+03 1.064483949668934906e-02
7.000000000000000000e+00 3.053855508833412387e+03 1.060725457572261540e-02
7.000000000000000000e+00 3.351602650938840725e+03 1.056961920491480619e-02
7.000000000000000000e+00 3.678379771828630510e+03 1.055090207100188929e-02
7.000000000000000000e+00 4.037017258596553802e+03 1.051370248982245841e-02
7.000000000000000000e+00 4.430621457583877600e+03 1.047687040645821875e-02
7.000000000000000000e+00 4.862601580065348571e+03 1.045861547770499979e-02
7.000000000000000000e+00 5.336699231206307559e+03 1.042239954460871115e-02
7.000000000000000000e+00 5.857020818056661483e+03 1.040445362817732713e-02
7.000000000000000000e+00 6.428073117284318869e+03 1.036889266076854166e-02
7.000000000000000000e+00 7.054802310718638182e+03 1.033376577761340766e-02
7.000000000000000000e+00 7.742636826811270112e+03 1.031608582173905962e-02
7.000000000000000000e+00 8.497534359086437689e+03 1.028100292510460666e-02
7.000000000000000000e+00 9.326033468832189101e+03 1.026363376628721021e-02
7.000000000000000000e+00 1.023531021899026928e+04 1.022923165076733247e-02
7.000000000000000000e+00 1.123324032978026480e+04 1.019529440416714824e-02
7.000000000000000000e+00 1.232846739442065882e+04 1.017849651064547077e-02
7.000000000000000000e+00 1.353047774579807628e+04 1.014523598877369731e-02
7.000000000000000000e+00 1.484968262254463480e+04 1.012876685997080549e-02
7.000000000000000000e+00 1.629750834620643400e+04 1.009616919326755680e-02
7.000000000000000000e+00 1.788649529057435211e+04 1.006400463390064691e-02
7.000000000000000000e+00 1.963040650040268520e+04 1.004808005440383130e-02
7.000000000000000000e+00 2.154434690031882201e+04 1.001655076998640183e-02
7.000000000000000000e+00 2.364489412645407356e+04 1.000093863127840023e-02
7.000000000000000000e+00 2.595024211399731939e+04 9.970029796499734268e-03
7.000000000000000000e+00 2.848035868435799057e+04 9.939523413728139009e-03
7.000000000000000000e+00 3.125715849688235176e+04 9.924416476607694423e-03
7.000000000000000000e+00 3.430469286314912461e+04 9.894498792204383525e-03
7.000000000000000000e+00 3.764935806792470976e+04 9.864962968621439690e-03
7.000000000000000000e+00 4.132012400115334458e+04 9.850337460213298701e-03
7.000000000000000000e+00 4.534878508128582325e+04 9.821360890437039540e-03
7.000000000000000000e+00 4.977023564332113892e+04 9.807014235537894059e-03
7.000000000000000000e+00 5.462277217684336938e+04 9.778374827304252281e-03
7.000000000000000000e+00 5.994842503189409035e+04 9.749997129373192545e-03
7.000000000000000000e+00 6.579332246575682075e+04 9.735936906289646350e-03
7.000000000000000000e+00 7.220809018385456875e+04 9.708084741917623328e-03
7.000000000000000000e+00 7.924828983539169712e+04 9.694283443539924994e-03
7.000000000000000000e+00 8.697490026177834079e+04 9.666941042307265405e-03
7.000000000000000000e+00 9.545484566618327517e+04 9.639926146425666781e-03
7.000000000000000000e+00 1.047615752789664111e+05 9.626544293854026949e-03
7.000000000000000000e+00 1.149756995397735591e+05 9.600015019142508696e-03
7.000000000000000000e+00 1.261856883066018490e+05 9.586871549475317958e-03
7.000000000000000000e+00 1.384886371393871668e+05 9.560816541605355809e-03
7.000000000000000000e+00 1.519911082952933211e+05 9.535068154982038330e-03
7.000000000000000000e+00 1.668100537200059043e+05 9.522230017107153818e-03
7.000000000000000000e+00 1.830738280295369623e+05 9.496647292262037909e-03
7.000000000000000000e+00 2.009233002565045899e+05 9.483964906556188734e-03
7.000000000000000000e+00 2.205130739903045760e+05 9.458822893958013928e-03
7.000000000000000000e+00 2.420128264794383431e+05 9.433965857883457734e-03
7.000000000000000000e+00 2.656087782946684165e+05 9.421646830576047710e-03
7.000000000000000000e+00 2.915053062825175584e+05 9.397214268875063795e-03
7.000000000000000000e+00 3.199267137797384639e+05 9.373060883818253725e-03
7.000000000000000000e+00 3.511191734215127653e+05 9.361086627864922613e-03
7.000000000000000000e+00 3.853528593710527639e+05 9.337336359155356397e-03
7.000000000000000000e+00 4.229242874389499193e+05 9.325557472076168031e-03
7.000000000000000000e+00 4.641588833612772287e+05 9.302198775283786192e-03
7.000000000000000000e+00 5.094138014816375216e+05 9.279092940949322868e-03
7.000000000000000000e+00 5.590810182512222091e+05 9.267644187427037661e-03
7.000000000000000000e+00 6.135907273413175717e+05 9.244671594177758522e-03
7.000000000000000000e+00 6.734150657750827959e+05 9.233156766331884410e-03
7.000000000000000000e+00 7.390722033525775187e+05 9.210317585799054213e-03
7.000000000000000000e+00 8.111308307896872284e+05 9.187724800748087173e-03
7.000000000000000000e+00 8.902150854450393235e+05 9.176516451496877225e-03
7.000000000000000000e+00 9.770099572992246831e+05 9.154285901391548061e-03
7.000000000000000000e+00 1.072267222010323079e+06 9.143256210368221754e-03
7.000000000000000000e+00 1.176811952434999170e+06 9.121375766842562682e-03
7.000000000000000000e+00 1.291549665014882805e+06 9.099724438087678988e-03
7.000000000000000000e+00 1.417474162926804740e+06 9.088981990577121514e-03
7.000000000000000000e+00 1.555676143930472201e+06 9.067669101963065151e-03
7.000000000000000000e+00 1.707352647470688680e+06 9.057096698306286650e-03
7.000000000000000000e+00 1.873817422860383056e+06 9.036110519198824534e-03
7.000000000000000000e+00 2.056512308348651510e+06 9.015337723611743445e-03
7.000000000000000000e+00 2.257019719633921515e+06 9.005034153496125834e-03
7.000000000000000000e+00 2.477076355991709046e+06 8.984575757222284728e-03
7.000000000000000000e+00 2.718588242732940242e+06 8.974426805280452321e-03
7.000000000000000000e+00 2.983647240283340216e+06 8.954279741710724841e-03
7.000000000000000000e+00 3.274549162877731491e+06 8.934337007132848660e-03
7.000000000000000000e+00 3.593813663804625627e+06 8.924435702141152171e-03
7.000000000000000000e+00 3.944206059437655844e+06 8.904782402479603440e-03
7.000000000000000000e+00 4.328761281083061360e+06 8.885323791200714846e-03
7.000000000000000000e+00 4.750810162102793343e+06 8.875670276315446652e-03
7.000000000000000000e+00 5.214008287999684922e+06 8.856492042002787196e-03
7.000000000000000000e+00 5.722367659350220114e+06 8.846978258343714610e-03
7.000000000000000000e+00 6.280291441834246740e+06 8.828078113997732748e-03
7.000000000000000000e+00 6.892612104349695146e+06 8.809359693236647887e-03
7.000000000000000000e+00 7.564633275546290912e+06 8.800073127454170752e-03
7.000000000000000000e+00 8.302175681319751777e+06 8.781623988236911260e-03
7.000000000000000000e+00 9.111627561154887080e+06 8.772466401478971193e-03
7.000000000000000000e+00 1.000000000000000000e+07 8.754273673114326346e-03
1.000000000000000000e+01 1.000000000000000000e+02 2.381287828021884725e-02
1.000000000000000000e+01 1.023531021899025859e+02 2.302997484451577148e-02
1.000000000000000000e+01 1.047615752789664043e+02 2.235945840745996380e-02
1.000000000000000000e+01 1.072267222010323167e+02 2.156105478591592226e-02
1.000000000000000000e+01 1.097498765493055686e+02 2.074089511080501325e-02
1.000000000000000000e+01 1.123324032978026565e+02 1.991766909305638794e-02
1.000000000000000000e+01 1.149756995397735579e+02 1.917349034339562233e-02
1.000000000000000000e+01 1.176811952434997863e+02 1.855046832371409077e-02
1.000000000000000000e+01 1.204503540258782408e+02 1.794560381335641441e-02
1.000000000000000000e+01 1.232846739442065882e+02 1.741004475411789612e-02
1.000000000000000000e+01 1.261856883066019748e+02 1.695078830879622606e-02
1.000000000000000000e+01 1.291549665014883885e+02 1.651765128269626695e-02
1.000000000000000000e+01 1.321941148466028721e+02 1.612590810724132823e-02
1.000000000000000000e+01 1.353047774579807481e+02 1.577596920307446082e-02
1.000000000000000000e+01 1.384886371393873219e+02 1.549860242455442308e-02
1.000000000000000000e+01 1.417474162926804695e+02 1.522920274932568728e-02
1.000000000000000000e+01 1.450828778495940128e+02 1.517179195402515099e-02
1.000000000000000000e+01 1.484968262254465117e+02 1.538205197778703265e-02
1.000000000000000000e+01 1.519911082952933157e+02 1.476327597523201425e-02
1.000000000000000000e+01 1.555676143930472222e+02 1.371401290226774254e-02
1.000000000000000000e+01 1.592282793341092315e+02 1.259407650659099404e-02
1.000000000000000000e+01 1.629750834620643332e+02 1.142917640309558391e-02
1.000000000000000000e+01 1.668100537200059250e+02 1.095371577251878954e-02
1.000000000000000000e+01 1.707352647470690385e+02 1.086245377711616417e-02
1.000000000000000000e+01 1.747528400007682876e+02 1.077114397816992392e-02
1.000000000000000000e+01 1.788649529057435075e+02 1.070690257737854680e-02
1.000000000000000000e+01 1.830738280295367701e+02 1.066379845613266673e-02
1.000000000000000000e+01 1.873817422860383033e+02 1.064322835340601563e-02
1.000000000000000000e+01 1.917910261672488730e+02 1.062369090856443883e-02
1.000000000000000000e+01 1.963040650040270521e+02 1.061382780414330852e-02
1.000000000000000000e+01 2.009233002565045751e+02 1.061126137702711469e-02
1.000000000000000000e+01 2.056512308348651459e+02 1.061265459654949991e-02
1.000000000000000000e+01 2.104904144512019855e+02 1.062311831798071204e-02
1.000000000000000000e+01 2.154434690031882269e+02 1.062448769098226810e-02
1.000000000000000000e+01 2.205130739903045480e+02 1.065769545974419585e-02
1.000000000000000000e+01 2.257019719633919124e+02 1.065904034062060447e-02
1.000000000000000000e+01 2.310129700083157900e+02 1.066034044047907241e-02
1.000000000000000000e+01 2.364489412645407072e+02 1.070014188030958893e-02
1.000000000000000000e+01 2.420128264794381039e+02 1.070139463829425201e-02
1.000000000000000000e+01 2.477076355991711409e+02 1.074616624775249357e-02
1.000000000000000000e+01 2.535364493970111539e+02 1.074736572662250873e-02
1.000000000000000000e+01 2.595024211399737055e+02 1.074852348883167594e-02
1.000000000000000000e+01 2.656087782946686957e+02 1.079334066520982668e-02
1.000000000000000000e+01 2.718588242732940330e+02 1.079444108059200019e-02
1.000000000000000000e+01 2.782559402207126027e+02 1.083630644205718987e-02
1.000000000000000000e+01 2.848035868435802058e+02 1.083734432675302443e-02
1.000000000000000000e+01 2.915053062825175516e+02 1.083834471579664567e-02
1.000000000000000000e+01 2.983647240283340238e+02 1.087762916870651901e-02
1.000000000000000000e+01 3.053855508833415797e+02 1.087856793294589113e-02
1.000000000000000000e+01 3.125715849688235153e+02 1.091322724904477195e-02
1.000000000000000000e+01 3.199267137797384635e+02 1.091410474522936866e-02
1.000000000000000000e+01 3.274549162877728463e+02 1.094495638076551161e-02
1.000000000000000000e+01 3.351602650938841066e+02 1.094577468031506830e-02
1.000000000000000000e+01 3.430469286314919373e+02 1.094656208117972609e-02
1.000000000000000000e+01 3.511191734215130964e+02 1.097348989790274988e-02
1.000000000000000000e+01 3.593813663804625662e+02 1.097422240716130863e-02
1.000000000000000000e+01 3.678379771828634262e+02 1.099713569641926937e-02
1.000000000000000000e+01 3.764935806792467474e+02 1.099781594779196403e-02
1.000000000000000000e+01 3.853528593710527161e+02 1.099846985106544064e-02
1.000000000000000000e+01 3.944206059437656222e+02 1.101571126672720377e-02
1.000000000000000000e+01 4.037017258596553688e+02 1.101631665629872539e-02
1.000000000000000000e+01 4.132012400115334572e+02 1.102984271624803635e-02
1.000000000000000000e+01 4.229242874389498752e+02 1.103040245519535875e-02
1.000000000000000000e+01 4.328761281083056929e+02 1.103094003689783324e-02
1.000000000000000000e+01 4.430621457583877714e+02 1.104103716048199756e-02
1.000000000000000000e+01 4.534878508128581984e+02 1.104153348378516218e-02
1.000000000000000000e+01 4.641588833612777307e+02 1.104807270580088555e-02
1.000000000000000000e+01 4.750810162102798131e+02 1.104853038428886720e-02
1.000000000000000000e+01 4.862601580065353346e+02 1.104896959818771340e-02
1.000000000000000000e+01 4.977023564332108663e+02 1.105242351305816585e-02
1.000000000000000000e+01 5.094138014816380178e+02 1.105282802989683566e-02
1.000000000000000000e+01 5.214008287999683944e+02 1.105365220967268435e-02
1.000000000000000000e+01 5.336699231206307559e+02 1.105402447904107154e-02
1.000000000000000000e+01 5.462277217684342077e+02 1.105438147722255342e-02
1.000000000000000000e+01 5.590810182512223037e+02 1.105280089365093428e-02
1.000000000000000000e+01 5.722367659350220492e+02 1.105312911808579643e-02
1.000000000000000000e+01 5.857020818056666940e+02 1.104938545759857546e-02
1.000000000000000000e+01 5.994842503189408944e+02 1.104968703490928628e-02
1.000000000000000000e+01 6.135907273413175744e+02 1.104997605748694531e-02
1.000000000000000000e+01 6.280291441834252737e+02 1.104426447827102850e-02
1.000000000000000000e+01 6.428073117284319551e+02 1.104452982181893840e-02
1.000000000000000000e+01 6.579332246575681893e+02 1.103707039899125622e-02
1.000000000000000000e+01 6.734150657750820983e+02 1.103731387050374720e-02
1.000000000000000000e+01 6.892612104349694846e+02 1.103754707347256309e-02
1.000000000000000000e+01 7.054802310718645231e+02 1.102851531183202637e-02
1.000000000000000000e+01 7.220809018385464242e+02 1.102872914705212322e-02
1.000000000000000000e+01 7.390722033525775032e+02 1.101831771930311156e-02
1.000000000000000000e+01 7.564633275546290179e+02 1.101851370832464955e-02
1.000000000000000000e+01 7.742636826811269657e+02 1.101870133604120928e-02
1.000000000000000000e+01 7.924828983539169940e+02 1.100704173911907016e-02
1.000000000000000000e+01 8.111308307896872520e+02 1.100721360402272253e-02
1.000000000000000000e+01 8.302175681319744172e+02 1.099446730928576969e-02
1.000000000000000000e+01 8.497534359086438371e+02 1.099462467426113275e-02
1.000000000000000000e+01 8.697490026177833897e+02 1.099477525780893743e-02
1.000000000000000000e+01 8.902150854450383122e+02 1.098106707673692645e-02
1.000000000000000000e+01 9.111627561154896284e+02 1.098120488561676357e-02
1.000000000000000000e+01 9.326033468832199560e+02 1.096665310208609634e-02
1.000000000000000000e+01 9.545484566618337112e+02 1.096677917872454326e-02
1.000000000000000000e+01 9.770099572992256753e+02 1.096689977446719914e-02
1.000000000000000000e+01 1.000000000000000000e+03 1.095162822356520946e-02
1.000000000000000000e+01 1.000000000000000000e+03 1.095162822356520946e-02
1.000000000000000000e+01 1.097498765493055544e+03 1.093601170243029691e-02
1.000000000000000000e+01 1.204503540258781186e+03 1.090277175700610050e-02
1.000000000000000000e+01 1.321941148466028608e+03 1.086788111370075825e-02
1.000000000000000000e+01 1.450828778495938650e+03 1.085008241391601305e-02
1.000000000000000000e+01 1.592282793341090610e+03 1.081356487221387178e-02
1.000000000000000000e+01 1.747528400007682876e+03 1.079512502380404818e-02
1.000000000000000000e+01 1.917910261672486740e+03 1.075773520862480757e-02
1.000000000000000000e+01 2.104904144512019684e+03 1.072006889191735000e-02
1.000000000000000000e+01 2.310129700083158241e+03 1.070123872048038896e-02
1.000000000000000000e+01 2.535364493970108924e+03 1.066348326444161408e-02
1.000000000000000000e+01 2.782559402207123185e+03 1.064467348896469372e-02
1.000000000000000000e+01 3.053855508833412387e+03 1.060711665748501065e-02
1.000000000000000000e+01 3.351602650938840725e+03 1.056950465426149434e-02
1.000000000000000000e+01 3.678379771828630510e+03 1.055080692372349985e-02
1.000000000000000000e+01 4.037017258596553802e+03 1.051362348021117089e-02
1.000000000000000000e+01 4.430621457583877600e+03 1.047680480376277611e-02
1.000000000000000000e+01 4.862601580065348571e+03 1.045856100103906457e-02
1.000000000000000000e+01 5.336699231206307559e+03 1.042235431497507379e-02
1.000000000000000000e+01 5.857020818056661483e+03 1.040441607334709542e-02
1.000000000000000000e+01 6.428073117284318869e+03 1.036886148297816272e-02
1.000000000000000000e+01 7.054802310718638182e+03 1.033373989556059420e-02
1.000000000000000000e+01 7.742636826811270112e+03 1.031606433641166568e-02
1.000000000000000000e+01 8.497534359086437689e+03 1.028098509601848252e-02
1.000000000000000000e+01 9.326033468832189101e+03 1.026361896705430508e-02
1.000000000000000000e+01 1.023531021899026928e+04 1.022921937046957809e-02
1.000000000000000000e+01 1.123324032978026480e+04 1.019528421372651456e-02
1.000000000000000000e+01 1.232846739442065882e+04 1.017848805208913972e-02
1.000000000000000000e+01 1.353047774579807628e+04 1.014522896984775165e-02
1.000000000000000000e+01 1.484968262254463480e+04 1.012876103407182350e-02
1.000000000000000000e+01 1.629750834620643400e+04 1.009616435887170094e-02
1.000000000000000000e+01 1.788649529057435211e+04 1.006400062226799237e-02
1.000000000000000000e+01 1.963040650040268520e+04 1.004807672462407729e-02
1.000000000000000000e+01 2.154434690031882201e+04 1.001654800690051327e-02
1.000000000000000000e+01 2.364489412645407356e+04 1.000093633785560307e-02
1.000000000000000000e+01 2.595024211399731939e+04 9.970027893319931278e-03
1.000000000000000000e+01 2.848035868435799057e+04 9.939521834433452663e-03
1.000000000000000000e+01 3.125715849688235176e+04 9.924415165764161745e-03
1.000000000000000000e+01 3.430469286314912461e+04 9.894497704400085497e-03
1.000000000000000000e+01 3.764935806792470976e+04 9.864962065916992040e-03
1.000000000000000000e+01 4.132012400115334458e+04 9.850336710956999337e-03
1.000000000000000000e+01 4.534878508128582325e+04 9.821360268672058025e-03
1.000000000000000000e+01 4.977023564332113892e+04 9.807013719453302331e-03
1.000000000000000000e+01 5.462277217684336938e+04 9.778374399093977751e-03
1.000000000000000000e+01 5.994842503189409035e+04 9.749996774087953816e-03
1.000000000000000000e+01 6.579332246575682075e+04 9.735936611426210599e-03
1.000000000000000000e+01 7.220809018385456875e+04 9.708084497268180263e-03
1.000000000000000000e+01 7.924828983539169712e+04 9.694283240495706402e-03
1.000000000000000000e+01 8.697490026177834079e+04 9.666940873842488555e-03
1.000000000000000000e+01 9.545484566618327517e+04 9.639926006649405035e-03
1.000000000000000000e+01 1.047615752789664111e+05 9.626544177845216751e-03
1.000000000000000000e+01 1.149756995397735591e+05 9.600014922888552502e-03
1.000000000000000000e+01 1.261856883066018490e+05 9.586871469587162839e-03
1.000000000000000000e+01 1.384886371393871668e+05 9.560816475320527488e-03
1.000000000000000000e+01 1.519911082952933211e+05 9.535068099984427697e-03
1.000000000000000000e+01 1.668100537200059043e+05 9.522229971463352580e-03
1.000000000000000000e+01 1.830738280295369623e+05 9.496647254398840957e-03
1.000000000000000000e+01 2.009233002565045899e+05 9.483964875134353115e-03
1.000000000000000000e+01 2.205130739903045760e+05 9.458822867892135305e-03
1.000000000000000000e+01 2.420128264794383431e+05 9.433965836260410631e-03
1.000000000000000000e+01 2.656087782946684165e+05 9.421646812631249285e-03
1.000000000000000000e+01 2.915053062825175584e+05 9.397214253988742452e-03
1.000000000000000000e+01 3.199267137797384639e+05 9.373060871468982813e-03
1.000000000000000000e+01 3.511191734215127653e+05 9.361086617616346320e-03
1.000000000000000000e+01 3.853528593710527639e+05 9.337336350653289291e-03
1.000000000000000000e+01 4.229242874389499193e+05 9.325557465020284376e-03
1.000000000000000000e+01 4.641588833612772287e+05 9.302198769430315706e-03
1.000000000000000000e+01 5.094138014816375216e+05 9.279092936093295829e-03
1.000000000000000000e+01 5.590810182512222091e+05 9.267644183396978388e-03
1.000000000000000000e+01 6.135907273413175717e+05 9.244671590835291594e-03
1.000000000000000000e+01 6.734150657750827959e+05 9.233156763558647909e-03
1.000000000000000000e+01 7.390722033525775187e+05 9.210317583499562019e-03
1.000000000000000000e+01 8.111308307896872284e+05 9.187724798841390150e-03
1.000000000000000000e+01 8.902150854450393235e+05 9.176516449914878804e-03
1.000000000000000000e+01 9.770099572992246831e+05 9.154285900079764046e-03
1.000000000000000000e+01 1.072267222010323079e+06 9.143256209279798999e-03
1.000000000000000000e+01 1.176811952434999170e+06 9.121375765940029426e-03
1.000000000000000000e+01 1.291549665014882805e+06 9.099724437339272443e-03
1.000000000000000000e+01 1.417474162926804740e+06 9.088981989956152960e-03
1.000000000000000000e+01 1.555676143930472201e+06 9.067669101448131569e-03
1.000000000000000000e+01 1.707352647470688680e+06 9.057096697879025993e-03
1.000000000000000000e+01 1.873817422860383056e+06 9.036110518844531550e-03
1.000000000000000000e+01 2.056512308348651510e+06 9.015337723317928126e-03
1.000000000000000000e+01 2.257019719633921515e+06 9.005034153252329532e-03
1.000000000000000000e+01 2.477076355991709046e+06 8.984575757020106176e-03
1.000000000000000000e+01 2.718588242732940242e+06 8.974426805112706296e-03
1.000000000000000000e+01 2.983647240283340216e+06 8.954279741571594814e-03
1.000000000000000000e+01 3.274549162877731491e+06 8.934337007017480875e-03
1.000000000000000000e+01 3.593813663804625627e+06 8.924435702045442273e-03
1.000000000000000000e+01 3.944206059437655844e+06 8.904782402400208616e-03
1.000000000000000000e+01 4.328761281083061360e+06 8.885323791134880356e-03
1.000000000000000000e+01 4.750810162102793343e+06 8.875670276260816741e-03
1.000000000000000000e+01 5.214008287999684922e+06 8.856492041957474484e-03
1.000000000000000000e+01 5.722367659350220114e+06 8.846978258306112744e-03
1.000000000000000000e+01 6.280291441834246740e+06 8.828078113966551094e-03
1.000000000000000000e+01 6.892612104349695146e+06 8.809359693210790099e-03
1.000000000000000000e+01 7.564633275546290912e+06 8.800073127432705283e-03
1.000000000000000000e+01 8.302175681319751777e+06 8.781623988219116467e-03
1.000000000000000000e+01 9.111627561154887080e+06 8.772466401464205227e-03
1.000000000000000000e+01 1.000000000000000000e+07 8.754273673102079198e-03
2.000000000000000000e+01 1.000000000000000000e+02 2.260810523599462302e-02
2.000000000000000000e+01 1.023531021899025859e+02 2.191696864084505605e-02
2.000000000000000000e+01 1.047615752789664043e+02 2.132360461340949975e-02
2.000000000000000000e+01 1.072267222010323167e+02 2.059718212813939006e-02
2.000000000000000000e+01 1.097498765493055686e+02 1.985892915924154789e-02
2.000000000000000000e+01 1.123324032978026565e+02 1.913214846381659784e-02
2.000000000000000000e+01 1.149756995397735579e+02 1.846707549255324765e-02
2.000000000000000000e+01 1.176811952434997863e+02 1.786058077249448248e-02
2.000000000000000000e+01 1.204503540258782408e+02 1.729666389426325057e-02
2.000000000000000000e+01 1.232846739442065882e+02 1.678796081745968088e-02
2.000000000000000000e+01 1.261856883066019748e+02 1.638953509751711612e-02
2.000000000000000000e+01 1.291549665014883885e+02 1.595168168877465764e-02
2.000000000000000000e+01 1.321941148466028721e+02 1.556110943777886009e-02
2.000000000000000000e+01 1.353047774579807481e+02 1.521148858600309718e-02
2.000000000000000000e+01 1.384886371393873219e+02 1.493598782753645382e-02
2.000000000000000000e+01 1.417474162926804695e+02 1.466063709700375813e-02
2.000000000000000000e+01 1.450828778495940128e+02 1.459020013269153766e-02
2.000000000000000000e+01 1.484968262254465117e+02 1.478442486191067738e-02
2.000000000000000000e+01 1.519911082952933157e+02 1.419541271466355677e-02
2.000000000000000000e+01 1.555676143930472222e+02 1.322126211871443510e-02
2.000000000000000000e+01 1.592282793341092315e+02 1.223785018130721380e-02
2.000000000000000000e+01 1.629750834620643332e+02 1.138827144797500274e-02
2.000000000000000000e+01 1.668100537200059250e+02 1.086649022355706644e-02
2.000000000000000000e+01 1.707352647470690385e+02 1.077995868295713450e-02
2.000000000000000000e+01 1.747528400007682876e+02 1.069254270042412774e-02
2.000000000000000000e+01 1.788649529057435075e+02 1.063092385322099431e-02
2.000000000000000000e+01 1.830738280295367701e+02 1.058943116572040599e-02
2.000000000000000000e+01 1.873817422860383033e+02 1.057009070775024803e-02
2.000000000000000000e+01 1.917910261672488730e+02 1.055145979465363024e-02
2.000000000000000000e+01 1.963040650040270521e+02 1.054231457417016682e-02
2.000000000000000000e+01 2.009233002565045751e+02 1.054089853006779168e-02
2.000000000000000000e+01 2.056512308348651459e+02 1.054447089911235771e-02
2.000000000000000000e+01 2.104904144512019855e+02 1.055370716001407388e-02
2.000000000000000000e+01 2.154434690031882269e+02 1.055722681076941630e-02
2.000000000000000000e+01 2.205130739903045480e+02 1.058914261729843390e-02
2.000000000000000000e+01 2.257019719633919124e+02 1.059262083961216676e-02
2.000000000000000000e+01 2.310129700083157900e+02 1.059599515521736368e-02
2.000000000000000000e+01 2.364489412645407072e+02 1.063550508013674789e-02
2.000000000000000000e+01 2.420128264794381039e+02 1.063880413793315272e-02
2.000000000000000000e+01 2.477076355991711409e+02 1.068363117819478084e-02
2.000000000000000000e+01 2.535364493970111539e+02 1.068684078458561997e-02
2.000000000000000000e+01 2.595024211399737055e+02 1.068995252374493020e-02
2.000000000000000000e+01 2.656087782946686957e+02 1.073520544284661121e-02
2.000000000000000000e+01 2.718588242732940330e+02 1.073821272574452396e-02
2.000000000000000000e+01 2.782559402207126027e+02 1.078090917236184353e-02
2.000000000000000000e+01 2.848035868435802058e+02 1.078379311474549074e-02
2.000000000000000000e+01 2.915053062825175516e+02 1.078658624326556473e-02
2.000000000000000000e+01 2.983647240283340238e+02 1.082688031598976960e-02
2.000000000000000000e+01 3.053855508833415797e+02 1.082954397697218421e-02
2.000000000000000000e+01 3.125715849688235153e+02 1.086534803704107023e-02
2.000000000000000000e+01 3.199267137797384635e+02 1.086787632248905310e-02
2.000000000000000000e+01 3.274549162877728463e+02 1.089991111080666937e-02
2.000000000000000000e+01 3.351602650938841066e+02 1.090230361990427235e-02
2.000000000000000000e+01 3.430469286314919373e+02 1.090461703662774784e-02
2.000000000000000000e+01 3.511191734215130964e+02 1.093270875278256477e-02
2.000000000000000000e+01 3.593813663804625662e+02 1.093489116139567154e-02
2.000000000000000000e+01 3.678379771828634262e+02 1.095896097500776399e-02
2.000000000000000000e+01 3.764935806792467474e+02 1.096101483615520220e-02
2.000000000000000000e+01 3.853528593710527161e+02 1.096299862753759118e-02
2.000000000000000000e+01 3.944206059437656222e+02 1.098138617530864183e-02
2.000000000000000000e+01 4.037017258596553688e+02 1.098324581335600666e-02
2.000000000000000000e+01 4.132012400115334572e+02 1.099788054359026289e-02
2.000000000000000000e+01 4.229242874389498752e+02 1.099962050326034127e-02
2.000000000000000000e+01 4.328761281083056929e+02 1.100129937375659596e-02
2.000000000000000000e+01 4.430621457583877714e+02 1.101242642607733191e-02
2.000000000000000000e+01 4.534878508128581984e+02 1.101399403182639312e-02
2.000000000000000000e+01 4.641588833612777307e+02 1.102152050475821606e-02
2.000000000000000000e+01 4.750810162102798131e+02 1.102298169793137356e-02
2.000000000000000000e+01 4.862601580065353346e+02 1.102439022528938460e-02
2.000000000000000000e+01 4.977023564332108663e+02 1.102875045040231997e-02
2.000000000000000000e+01 5.094138014816380178e+02 1.103006100468783592e-02
2.000000000000000000e+01 5.214008287999683944e+02 1.103173974995294571e-02
2.000000000000000000e+01 5.336699231206307559e+02 1.103295768767067683e-02
2.000000000000000000e+01 5.462277217684342077e+02 1.103413066353441628e-02
2.000000000000000000e+01 5.590810182512223037e+02 1.103332527285683616e-02
2.000000000000000000e+01 5.722367659350220492e+02 1.103441378509233649e-02
2.000000000000000000e+01 5.857020818056666940e+02 1.103139627831547023e-02
2.000000000000000000e+01 5.994842503189408944e+02 1.103240539741377930e-02
2.000000000000000000e+01 6.135907273413175744e+02 1.103337643716613414e-02
2.000000000000000000e+01 6.280291441834252737e+02 1.102831899350059479e-02
2.000000000000000000e+01 6.428073117284319551e+02 1.102921808582502800e-02
2.000000000000000000e+01 6.579332246575681893e+02 1.102236863478874354e-02
2.000000000000000000e+01 6.734150657750820983e+02 1.102320039132969470e-02
2.000000000000000000e+01 6.892612104349694846e+02 1.102400012317378795e-02
2.000000000000000000e+01 7.054802310718645231e+02 1.101551471746909164e-02
2.000000000000000000e+01 7.220809018385464242e+02 1.101625375260343112e-02
2.000000000000000000e+01 7.390722033525775032e+02 1.100634969069494949e-02
2.000000000000000000e+01 7.564633275546290179e+02 1.100703213463020795e-02
2.000000000000000000e+01 7.742636826811269657e+02 1.100768781241833957e-02
2.000000000000000000e+01 7.924828983539169940e+02 1.099648089949156575e-02
2.000000000000000000e+01 8.111308307896872520e+02 1.099708577777250978e-02
2.000000000000000000e+01 8.302175681319744172e+02 1.098475872665210899e-02
2.000000000000000000e+01 8.497534359086438371e+02 1.098531637727055525e-02
2.000000000000000000e+01 8.697490026177833897e+02 1.098585178072826983e-02
2.000000000000000000e+01 8.902150854450383122e+02 1.097251624074453008e-02
2.000000000000000000e+01 9.111627561154896284e+02 1.097300941115550432e-02
2.000000000000000000e+01 9.326033468832199560e+02 1.095880186698133633e-02
2.000000000000000000e+01 9.545484566618337112e+02 1.095925587477033017e-02
2.000000000000000000e+01 9.770099572992256753e+02 1.095969148384978893e-02
2.000000000000000000e+01 1.000000000000000000e+03 1.094472473625907917e-02
2.000000000000000000e+01 1.000000000000000000e+03 1.094472473625907917e-02
2.000000000000000000e+01 1.097498765493055544e+03 1.093020438762399953e-02
2.000000000000000000e+01 1.204503540258781186e+03 1.089789558845944036e-02
2.000000000000000000e+01 1.321941148466028608e+03 1.086379242133062029e-02
2.000000000000000000e+01 1.450828778495938650e+03 1.084665726413750440e-02
2.000000000000000000e+01 1.592282793341090610e+03 1.081069969751880314e-02
2.000000000000000000e+01 1.747528400007682876e+03 1.079273009105130750e-02
2.000000000000000000e+01 1.917910261672486740e+03 1.075573564429909215e-02
2.000000000000000000e+01 2.104904144512019684e+03 1.071840079929285011e-02
2.000000000000000000e+01 2.310129700083158241e+03 1.069984784556428543e-02
2.000000000000000000e+01 2.535364493970108924e+03 1.066232448338413560e-02
2.000000000000000000e+01 2.782559402207123185e+03 1.064370843056804995e-02
2.000000000000000000e+01 3.053855508833412387e+03 1.060631342760563929e-02
2.000000000000000000e+01 3.351602650938840725e+03 1.056883647734310067e-02
2.000000000000000000e+01 3.678379771828630510e+03 1.055025117765405300e-02
2.000000000000000000e+01 4.037017258596553802e+03 1.051316147629917722e-02
2.000000000000000000e+01 4.430621457583877600e+03 1.047642083250873400e-02
2.000000000000000000e+01 4.862601580065348571e+03 1.045824189004510019e-02
2.000000000000000000e+01 5.336699231206307559e+03 1.042208919268216259e-02
2.000000000000000000e+01 5.857020818056661483e+03 1.040419581127111255e-02
2.000000000000000000e+01 6.428073117284318869e+03 1.036867853590723795e-02
2.000000000000000000e+01 7.054802310718638182e+03 1.033358796250397234e-02
2.000000000000000000e+01 7.742636826811270112e+03 1.031593817000449852e-02
2.000000000000000000e+01 8.497534359086437689e+03 1.028088037050933594e-02
2.000000000000000000e+01 9.326033468832189101e+03 1.026353201765461617e-02
2.000000000000000000e+01 1.023531021899026928e+04 1.022914720630641212e-02
2.000000000000000000e+01 1.123324032978026480e+04 1.019522432058067585e-02
2.000000000000000000e+01 1.232846739442065882e+04 1.017843833091346996e-02
2.000000000000000000e+01 1.353047774579807628e+04 1.014518770637231650e-02
2.000000000000000000e+01 1.484968262254463480e+04 1.012872678090715947e-02
2.000000000000000000e+01 1.629750834620643400e+04 1.009613593292860330e-02
2.000000000000000000e+01 1.788649529057435211e+04 1.006397703253298498e-02
2.000000000000000000e+01 1.963040650040268520e+04 1.004805714328962409e-02
2.000000000000000000e+01 2.154434690031882201e+04 1.001653175734220844e-02
2.000000000000000000e+01 2.364489412645407356e+04 1.000092284982194088e-02
2.000000000000000000e+01 2.595024211399731939e+04 9.970016700009359453e-03
2.000000000000000000e+01 2.848035868435799057e+04 9.939512545757877432e-03
2.000000000000000000e+01 3.125715849688235176e+04 9.924407455813882839e-03
2.000000000000000000e+01 3.430469286314912461e+04 9.894491306171102410e-03
2.000000000000000000e+01 3.764935806792470976e+04 9.864956756320566317e-03
2.000000000000000000e+01 4.132012400115334458e+04 9.850332303864079569e-03
2.000000000000000000e+01 4.534878508128582325e+04 9.821356611436809006e-03
2.000000000000000000e+01 4.977023564332113892e+04 9.807010683803917689e-03
2.000000000000000000e+01 5.462277217684336938e+04 9.778371880308559666e-03
2.000000000000000000e+01 5.994842503189409035e+04 9.749994684243225990e-03
2.000000000000000000e+01 6.579332246575682075e+04 9.735934876982616643e-03
2.000000000000000000e+01 7.220809018385456875e+04 9.708083058186427194e-03
2.000000000000000000e+01 7.924828983539169712e+04 9.694282046140508327e-03
2.000000000000000000e+01 8.697490026177834079e+04 9.666939882888787514e-03
2.000000000000000000e+01 9.545484566618327517e+04 9.639925184446897569e-03
2.000000000000000000e+01 1.047615752789664111e+05 9.626543495447979076e-03
2.000000000000000000e+01 1.149756995397735591e+05 9.600014356694006393e-03
2.000000000000000000e+01 1.261856883066018490e+05 9.586870999660435100e-03
2.000000000000000000e+01 1.384886371393871668e+05 9.560816085412352297e-03
2.000000000000000000e+01 1.519911082952933211e+05 9.535067776470829842e-03
2.000000000000000000e+01 1.668100537200059043e+05 9.522229702971595974e-03
2.000000000000000000e+01 1.830738280295369623e+05 9.496647031674979034e-03
2.000000000000000000e+01 2.009233002565045899e+05 9.483964690300612788e-03
2.000000000000000000e+01 2.205130739903045760e+05 9.458822714563832126e-03
2.000000000000000000e+01 2.420128264794383431e+05 9.433965709066311628e-03
2.000000000000000000e+01 2.656087782946684165e+05 9.421646707073861801e-03
2.000000000000000000e+01 2.915053062825175584e+05 9.397214166422329998e-03
2.000000000000000000e+01 3.199267137797384639e+05 9.373060798826247236e-03
2.000000000000000000e+01 3.511191734215127653e+05 9.361086557330649746e-03
2.000000000000000000e+01 3.853528593710527639e+05 9.337336300641254846e-03
2.000000000000000000e+01 4.229242874389499193e+05 9.325557423515087527e-03
2.000000000000000000e+01 4.641588833612772287e+05 9.302198734998205765e-03
2.000000000000000000e+01 5.094138014816375216e+05 9.279092907528398854e-03
2.000000000000000000e+01 5.590810182512222091e+05 9.267644159690748701e-03
2.000000000000000000e+01 6.135907273413175717e+05 9.244671571173710203e-03
2.000000000000000000e+01 6.734150657750827959e+05 9.233156747245537324e-03
2.000000000000000000e+01 7.390722033525775187e+05 9.210317569973159799e-03
2.000000000000000000e+01 8.111308307896872284e+05 9.187724787625528577e-03
2.000000000000000000e+01 8.902150854450393235e+05 9.176516440609062270e-03
2.000000000000000000e+01 9.770099572992246831e+05 9.154285892363354937e-03
2.000000000000000000e+01 1.072267222010323079e+06 9.143256202877390881e-03
2.000000000000000000e+01 1.176811952434999170e+06 9.121375760631050475e-03
2.000000000000000000e+01 1.291549665014882805e+06 9.099724432936913757e-03
2.000000000000000000e+01 1.417474162926804740e+06 9.088981986303389105e-03
2.000000000000000000e+01 1.555676143930472201e+06 9.067669098419099682e-03
2.000000000000000000e+01 1.707352647470688680e+06 9.057096695365744743e-03
2.000000000000000000e+01 1.873817422860383056e+06 9.036110516760342826e-03
2.000000000000000000e+01 2.056512308348651510e+06 9.015337721589581493e-03
2.000000000000000000e+01 2.257019719633921515e+06 9.005034151818252716e-03
2.000000000000000000e+01 2.477076355991709046e+06 8.984575755830840477e-03
2.000000000000000000e+01 2.718588242732940242e+06 8.974426804125908846e-03
2.000000000000000000e+01 2.983647240283340216e+06 8.954279740753228606e-03
2.000000000000000000e+01 3.274549162877731491e+06 8.934337006338808479e-03
2.000000000000000000e+01 3.593813663804625627e+06 8.924435701482288583e-03
2.000000000000000000e+01 3.944206059437655844e+06 8.904782401933174218e-03
2.000000000000000000e+01 4.328761281083061360e+06 8.885323790747573849e-03
2.000000000000000000e+01 4.750810162102793343e+06 8.875670275939429726e-03
2.000000000000000000e+01 5.214008287999684922e+06 8.856492041690923814e-03
2.000000000000000000e+01 5.722367659350220114e+06 8.846978258084947644e-03
2.000000000000000000e+01 6.280291441834246740e+06 8.828078113783124903e-03
2.000000000000000000e+01 6.892612104349695146e+06 8.809359693058647911e-03
2.000000000000000000e+01 7.564633275546290912e+06 8.800073127306453843e-03
2.000000000000000000e+01 8.302175681319751777e+06 8.781623988114408558e-03
2.000000000000000000e+01 9.111627561154887080e+06 8.772466401377337214e-03
2.000000000000000000e+01 1.000000000000000000e+07 8.754273673030023989e-03
3.000000000000000000e+01 1.000000000000000000e+02 2.084290546354085338e-02
3.000000000000000000e+01 1.023531021899025859e+02 2.019726912338643682e-02
3.000000000000000000e+01 1.047615752789664043e+02 1.965321756091342395e-02
3.000000000000000000e+01 1.072267222010323167e+02 1.898923953580997082e-02
3.000000000000000000e+01 1.097498765493055686e+02 1.832692192678127968e-02
3.000000000000000000e+01 1.123324032978026565e+02 1.769050890535033005e-02
3.000000000000000000e+01 1.149756995397735579e+02 1.709627726915196461e-02
3.000000000000000000e+01 1.176811952434997863e+02 1.655681901260360259e-02
3.000000000000000000e+01 1.204503540258782408e+02 1.608782178545423158e-02
3.000000000000000000e+01 1.232846739442065882e+02 1.566258768850631311e-02
3.000000000000000000e+01 1.261856883066019748e+02 1.528867652578769047e-02
3.000000000000000000e+01 1.291549665014883885e+02 1.493490357785128529e-02
3.000000000000000000e+01 1.321941148466028721e+02 1.460896679082134345e-02
3.000000000000000000e+01 1.353047774579807481e+02 1.432565284784737859e-02
3.000000000000000000e+01 1.384886371393873219e+02 1.411436306324316027e-02
3.000000000000000000e+01 1.417474162926804695e+02 1.391414255501166250e-02
3.000000000000000000e+01 1.450828778495940128e+02 1.391498406666671558e-02
3.000000000000000000e+01 1.484968262254465117e+02 1.417958240969359462e-02
3.000000000000000000e+01 1.519911082952933157e+02 1.369358520994389677e-02
3.000000000000000000e+01 1.555676143930472222e+02 1.285514016913980040e-02
3.000000000000000000e+01 1.592282793341092315e+02 1.208367760660960209e-02
3.000000000000000000e+01 1.629750834620643332e+02 1.148704006189146289e-02
3.000000000000000000e+01 1.668100537200059250e+02 1.076131777500447841e-02
3.000000000000000000e+01 1.707352647470690385e+02 1.067974392425250982e-02
3.000000000000000000e+01 1.747528400007682876e+02 1.059666559050827933e-02
3.000000000000000000e+01 1.788649529057435075e+02 1.053834499082580839e-02
3.000000000000000000e+01 1.830738280295367701e+02 1.049932725990754268e-02
3.000000000000000000e+01 1.873817422860383033e+02 1.048207087883819104e-02
3.000000000000000000e+01 1.917910261672488730e+02 1.046509010346395423e-02
3.000000000000000000e+01 1.963040650040270521e+02 1.045729447212312771e-02
3.000000000000000000e+01 2.009233002565045751e+02 1.045744430141816450e-02
3.000000000000000000e+01 2.056512308348651459e+02 1.046350853950022038e-02
3.000000000000000000e+01 2.104904144512019855e+02 1.047182675765155439e-02
3.000000000000000000e+01 2.154434690031882269e+02 1.047775593891756181e-02
3.000000000000000000e+01 2.205130739903045480e+02 1.050845898895154222e-02
3.000000000000000000e+01 2.257019719633919124e+02 1.051428541428202357e-02
3.000000000000000000e+01 2.310129700083157900e+02 1.051994538939263375e-02
3.000000000000000000e+01 2.364489412645407072e+02 1.055885656785995885e-02
3.000000000000000000e+01 2.420128264794381039e+02 1.056439342752299795e-02
3.000000000000000000e+01 2.477076355991711409e+02 1.060890422849961393e-02
3.000000000000000000e+01 2.535364493970111539e+02 1.061430663369450182e-02
3.000000000000000000e+01 2.595024211399737055e+02 1.061955478269919519e-02
3.000000000000000000e+01 2.656087782946686957e+02 1.066487864968235916e-02
3.000000000000000000e+01 2.718588242732940330e+02 1.066997612212743085e-02
3.000000000000000000e+01 2.782559402207126027e+02 1.071319149328163293e-02
3.000000000000000000e+01 2.848035868435802058e+02 1.071811237123383546e-02
3.000000000000000000e+01 2.915053062825175516e+02 1.072289012912979941e-02
3.000000000000000000e+01 2.983647240283340238e+02 1.076396374450009144e-02
3.000000000000000000e+01 3.053855508833415797e+02 1.076855398807590597e-02
3.000000000000000000e+01 3.125715849688235153e+02 1.080535549134620937e-02
3.000000000000000000e+01 3.199267137797384635e+02 1.080974612156450528e-02
3.000000000000000000e+01 3.274549162877728463e+02 1.084288042520354690e-02
3.000000000000000000e+01 3.351602650938841066e+02 1.084706758021617215e-02
3.000000000000000000e+01 3.430469286314919373e+02 1.085112780037957372e-02
3.000000000000000000e+01 3.511191734215130964e+02 1.088036269911944742e-02
3.000000000000000000e+01 3.593813663804625662e+02 1.088422288848807547e-02
3.000000000000000000e+01 3.678379771828634262e+02 1.090947697610585368e-02
3.000000000000000000e+01 3.764935806792467474e+02 1.091313778226098846e-02
3.000000000000000000e+01 3.853528593710527161e+02 1.091668410871353932e-02
3.000000000000000000e+01 3.944206059437656222e+02 1.093630901861314224e-02
3.000000000000000000e+01 4.037017258596553688e+02 1.093965850459288104e-02
3.000000000000000000e+01 4.132012400115334572e+02 1.095552446499846282e-02
3.000000000000000000e+01 4.229242874389498752e+02 1.095868150213093889e-02
3.000000000000000000e+01 4.328761281083056929e+02 1.096173675808463296e-02
3.000000000000000000e+01 4.430621457583877714e+02 1.097404180704770679e-02
3.000000000000000000e+01 4.534878508128581984e+02 1.097691510756546723e-02
3.000000000000000000e+01 4.641588833612777307e+02 1.098559725687036498e-02
3.000000000000000000e+01 4.750810162102798131e+02 1.098829424310784723e-02
3.000000000000000000e+01 4.862601580065353346e+02 1.099090172119327434e-02
3.000000000000000000e+01 4.977023564332108663e+02 1.099634975118267931e-02
3.000000000000000000e+01 5.094138014816380178e+02 1.099879231258334839e-02
3.000000000000000000e+01 5.214008287999683944e+02 1.100151439683571576e-02
3.000000000000000000e+01 5.336699231206307559e+02 1.100379933539090763e-02
3.000000000000000000e+01 5.462277217684342077e+02 1.100600634369183414e-02
3.000000000000000000e+01 5.590810182512223037e+02 1.100616695771091010e-02
3.000000000000000000e+01 5.722367659350220492e+02 1.100822816043988545e-02
3.000000000000000000e+01 5.857020818056666940e+02 1.100612864667392492e-02
3.000000000000000000e+01 5.994842503189408944e+02 1.100805142546852980e-02
3.000000000000000000e+01 6.135907273413175744e+02 1.100990692563895076e-02
3.000000000000000000e+01 6.280291441834252737e+02 1.100569134874996441e-02
3.000000000000000000e+01 6.428073117284319551e+02 1.100741974062275849e-02
3.000000000000000000e+01 6.579332246575681893e+02 1.100136500749737158e-02
3.000000000000000000e+01 6.734150657750820983e+02 1.100297335925767318e-02
3.000000000000000000e+01 6.892612104349694846e+02 1.100452406959463898e-02
3.000000000000000000e+01 7.054802310718645231e+02 1.099676188571306786e-02
3.000000000000000000e+01 7.220809018385464242e+02 1.099820305293840172e-02
3.000000000000000000e+01 7.390722033525775032e+02 1.098897786034303860e-02
3.000000000000000000e+01 7.564633275546290179e+02 1.099031604307080905e-02
3.000000000000000000e+01 7.742636826811269657e+02 1.099160518078191352e-02
3.000000000000000000e+01 7.924828983539169940e+02 1.098101256533379200e-02
3.000000000000000000e+01 8.111308307896872520e+02 1.098220819748828292e-02
3.000000000000000000e+01 8.302175681319744172e+02 1.097045545095547137e-02
3.000000000000000000e+01 8.497534359086438371e+02 1.097156348903414146e-02
3.000000000000000000e+01 8.697490026177833897e+02 1.097263005814672412e-02
3.000000000000000000e+01 8.902150854450383122e+02 1.095981157035995010e-02
3.000000000000000000e+01 9.111627561154896284e+02 1.096079896697944693e-02
3.000000000000000000e+01 9.326033468832199560e+02 1.094707310475044257e-02
3.000000000000000000e+01 9.545484566618337112e+02 1.094798656747478748e-02
3.000000000000000000e+01 9.770099572992256753e+02 1.094886516846979053e-02
3.000000000000000000e+01 1.000000000000000000e+03 1.093432999816155819e-02
3.000000000000000000e+01 1.000000000000000000e+03 1.093432999816155819e-02
3.000000000000000000e+01 1.097498765493055544e+03 1.092137154373269171e-02
3.000000000000000000e+01 1.204503540258781186e+03 1.089040938782154418e-02
3.000000000000000000e+01 1.321941148466028608e+03 1.085746016635092195e-02
3.000000000000000000e+01 1.450828778495938650e+03 1.084130843479868579e-02
3.000000000000000000e+01 1.592282793341090610e+03 1.080619159342063179e-02
3.000000000000000000e+01 1.747528400007682876e+03 1.078893515232482239e-02
3.000000000000000000e+01 1.917910261672486740e+03 1.075254719581030145e-02
3.000000000000000000e+01 2.104904144512019684e+03 1.071572570058352235e-02
3.000000000000000000e+01 2.310129700083158241e+03 1.069760560320901638e-02
3.000000000000000000e+01 2.535364493970108924e+03 1.066044787469170793e-02
3.000000000000000000e+01 2.782559402207123185e+03 1.064213909809110827e-02
3.000000000000000000e+01 3.053855508833412387e+03 1.060500263248785428e-02
3.000000000000000000e+01 3.351602650938840725e+03 1.056774270980127481e-02
3.000000000000000000e+01 3.678379771828630510e+03 1.054933896310202013e-02
3.000000000000000000e+01 4.037017258596553802e+03 1.051240138313626685e-02
3.000000000000000000e+01 4.430621457583877600e+03 1.047578786619247915e-02
3.000000000000000000e+01 4.862601580065348571e+03 1.045771493269944188e-02
3.000000000000000000e+01 5.336699231206307559e+03 1.042165075661506853e-02
3.000000000000000000e+01 5.857020818056661483e+03 1.040383110497707791e-02
3.000000000000000000e+01 6.428073117284318869e+03 1.036837530083747905e-02
3.000000000000000000e+01 7.054802310718638182e+03 1.033333591190869170e-02
3.000000000000000000e+01 7.742636826811270112e+03 1.031572870706902456e-02
3.000000000000000000e+01 8.497534359086437689e+03 1.028070639569462694e-02
3.000000000000000000e+01 9.326033468832189101e+03 1.026338749607763785e-02
3.000000000000000000e+01 1.023531021899026928e+04 1.022902720698713394e-02
3.000000000000000000e+01 1.123324032978026480e+04 1.019512468948032338e-02
3.000000000000000000e+01 1.232846739442065882e+04 1.017835559452695895e-02
3.000000000000000000e+01 1.353047774579807628e+04 1.014511902581676818e-02
3.000000000000000000e+01 1.484968262254463480e+04 1.012866975594324537e-02
3.000000000000000000e+01 1.629750834620643400e+04 1.009608860055907428e-02
3.000000000000000000e+01 1.788649529057435211e+04 1.006393774699758381e-02
3.000000000000000000e+01 1.963040650040268520e+04 1.004802452896969532e-02
3.000000000000000000e+01 2.154434690031882201e+04 1.001650468948339125e-02
3.000000000000000000e+01 2.364489412645407356e+04 1.000090037996114074e-02
3.000000000000000000e+01 2.595024211399731939e+04 9.969998051565133121e-03
3.000000000000000000e+01 2.848035868435799057e+04 9.939497069538043988e-03
3.000000000000000000e+01 3.125715849688235176e+04 9.924394609289226288e-03
3.000000000000000000e+01 3.430469286314912461e+04 9.894480644808762576e-03
3.000000000000000000e+01 3.764935806792470976e+04 9.864947908624367365e-03
3.000000000000000000e+01 4.132012400115334458e+04 9.850324959836813041e-03
3.000000000000000000e+01 4.534878508128582325e+04 9.821350516826423196e-03
3.000000000000000000e+01 4.977023564332113892e+04 9.807005624928578219e-03
3.000000000000000000e+01 5.462277217684336938e+04 9.778367682707331254e-03
3.000000000000000000e+01 5.994842503189409035e+04 9.749991201428177476e-03
3.000000000000000000e+01 6.579332246575682075e+04 9.735931986422648177e-03
3.000000000000000000e+01 7.220809018385456875e+04 9.708080659841139201e-03
3.000000000000000000e+01 7.924828983539169712e+04 9.694280055634383816e-03
3.000000000000000000e+01 8.697490026177834079e+04 9.666938231358820910e-03
3.000000000000000000e+01 9.545484566618327517e+04 9.639923814150571507e-03
3.000000000000000000e+01 1.047615752789664111e+05 9.626542358147725104e-03
3.000000000000000000e+01 1.149756995397735591e+05 9.600013413056154507e-03
3.000000000000000000e+01 1.261856883066018490e+05 9.586870216462822433e-03
3.000000000000000000e+01 1.384886371393871668e+05 9.560815435574826493e-03
3.000000000000000000e+01 1.519911082952933211e+05 9.535067237288056760e-03
3.000000000000000000e+01 1.668100537200059043e+05 9.522229255489829056e-03
3.000000000000000000e+01 1.830738280295369623e+05 9.496646660471681767e-03
3.000000000000000000e+01 2.009233002565045899e+05 9.483964382246547892e-03
3.000000000000000000e+01 2.205130739903045760e+05 9.458822459018165901e-03
3.000000000000000000e+01 2.420128264794383431e+05 9.433965497077161436e-03
3.000000000000000000e+01 2.656087782946684165e+05 9.421646531145548217e-03
3.000000000000000000e+01 2.915053062825175584e+05 9.397214020478822719e-03
3.000000000000000000e+01 3.199267137797384639e+05 9.373060677755387302e-03
3.000000000000000000e+01 3.511191734215127653e+05 9.361086456854725291e-03
3.000000000000000000e+01 3.853528593710527639e+05 9.337336217288029483e-03
3.000000000000000000e+01 4.229242874389499193e+05 9.325557354339883767e-03
3.000000000000000000e+01 4.641588833612772287e+05 9.302198677611442021e-03
3.000000000000000000e+01 5.094138014816375216e+05 9.279092859920319916e-03
3.000000000000000000e+01 5.590810182512222091e+05 9.267644120180384970e-03
3.000000000000000000e+01 6.135907273413175717e+05 9.244671538404462818e-03
3.000000000000000000e+01 6.734150657750827959e+05 9.233156720057002914e-03
3.000000000000000000e+01 7.390722033525775187e+05 9.210317547429179227e-03
3.000000000000000000e+01 8.111308307896872284e+05 9.187724768932446773e-03
3.000000000000000000e+01 8.902150854450393235e+05 9.176516425099335086e-03
3.000000000000000000e+01 9.770099572992246831e+05 9.154285879502684076e-03
3.000000000000000000e+01 1.072267222010323079e+06 9.143256192206711264e-03
3.000000000000000000e+01 1.176811952434999170e+06 9.121375751782737767e-03
3.000000000000000000e+01 1.291549665014882805e+06 9.099724425599621525e-03
3.000000000000000000e+01 1.417474162926804740e+06 9.088981980215448189e-03
3.000000000000000000e+01 1.555676143930472201e+06 9.067669093370693545e-03
3.000000000000000000e+01 1.707352647470688680e+06 9.057096691176902761e-03
3.000000000000000000e+01 1.873817422860383056e+06 9.036110513286723864e-03
3.000000000000000000e+01 2.056512308348651510e+06 9.015337718709008977e-03
3.000000000000000000e+01 2.257019719633921515e+06 9.005034149428091730e-03
3.000000000000000000e+01 2.477076355991709046e+06 8.984575753848728086e-03
3.000000000000000000e+01 2.718588242732940242e+06 8.974426802481245274e-03
3.000000000000000000e+01 2.983647240283340216e+06 8.954279739389310946e-03
3.000000000000000000e+01 3.274549162877731491e+06 8.934337005207687241e-03
3.000000000000000000e+01 3.593813663804625627e+06 8.924435700543735528e-03
3.000000000000000000e+01 3.944206059437655844e+06 8.904782401154796856e-03
3.000000000000000000e+01 4.328761281083061360e+06 8.885323790102031202e-03
3.000000000000000000e+01 4.750810162102793343e+06 8.875670275403793955e-03
3.000000000000000000e+01 5.214008287999684922e+06 8.856492041246701030e-03
3.000000000000000000e+01 5.722367659350220114e+06 8.846978257716331048e-03
3.000000000000000000e+01 6.280291441834246740e+06 8.828078113477390299e-03
3.000000000000000000e+01 6.892612104349695146e+06 8.809359692805102462e-03
3.000000000000000000e+01 7.564633275546290912e+06 8.800073127096071784e-03
3.000000000000000000e+01 8.302175681319751777e+06 8.781623987939909254e-03
3.000000000000000000e+01 9.111627561154887080e+06 8.772466401232529437e-03
3.000000000000000000e+01 1.000000000000000000e+07 8.754273672909927348e-03
5.000000000000000000e+01 1.000000000000000000e+02 1.808245498199326576e-02
5.000000000000000000e+01 1.023531021899025859e+02 1.754245886265881280e-02
5.000000000000000000e+01 1.047615752789664043e+02 1.710110510177698107e-02
5.000000000000000000e+01 1.072267222010323167e+02 1.655721163792291117e-02
5.000000000000000000e+01 1.097498765493055686e+02 1.602257023771139210e-02
5.000000000000000000e+01 1.123324032978026565e+02 1.551942497341696203e-02
5.000000000000000000e+01 1.149756995397735579e+02 1.506229861053035718e-02
5.000000000000000000e+01 1.176811952434997863e+02 1.465506915315461720e-02
5.000000000000000000e+01 1.204503540258782408e+02 1.431208389822718509e-02
5.000000000000000000e+01 1.232846739442065882e+02 1.400928926488359191e-02
5.000000000000000000e+01 1.261856883066019748e+02 1.375228651883066838e-02
5.000000000000000000e+01 1.291549665014883885e+02 1.350580272646379615e-02
5.000000000000000000e+01 1.321941148466028721e+02 1.329914314510304528e-02
5.000000000000000000e+01 1.353047774579807481e+02 1.314064599031027243e-02
5.000000000000000000e+01 1.384886371393873219e+02 1.305970526048351281e-02
5.000000000000000000e+01 1.417474162926804695e+02 1.300478817378898470e-02
5.000000000000000000e+01 1.450828778495940128e+02 1.316281882799186925e-02
5.000000000000000000e+01 1.484968262254465117e+02 1.359705176243606976e-02
5.000000000000000000e+01 1.519911082952933157e+02 1.335590957415213817e-02
5.000000000000000000e+01 1.555676143930472222e+02 1.280577473363632771e-02
5.000000000000000000e+01 1.592282793341092315e+02 1.230634677408484062e-02
5.000000000000000000e+01 1.629750834620643332e+02 1.193149969172084719e-02
5.000000000000000000e+01 1.668100537200059250e+02 1.052147023257710146e-02
5.000000000000000000e+01 1.707352647470690385e+02 1.044993730568674097e-02
5.000000000000000000e+01 1.747528400007682876e+02 1.037598672771631626e-02
5.000000000000000000e+01 1.788649529057435075e+02 1.032506731312913574e-02
5.000000000000000000e+01 1.830738280295367701e+02 1.029208927627265659e-02
5.000000000000000000e+01 1.873817422860383033e+02 1.028009345787333009e-02
5.000000000000000000e+01 1.917910261672488730e+02 1.026761759542974169e-02
5.000000000000000000e+01 1.963040650040270521e+02 1.026371880253940105e-02
5.000000000000000000e+01 2.009233002565045751e+02 1.026790893409120810e-02
5.000000000000000000e+01 2.056512308348651459e+02 1.027936395891998478e-02
5.000000000000000000e+01 2.104904144512019855e+02 1.028755349242408725e-02
5.000000000000000000e+01 2.154434690031882269e+02 1.029865052865230023e-02
5.000000000000000000e+01 2.205130739903045480e+02 1.032834159735263914e-02
5.000000000000000000e+01 2.257019719633919124e+02 1.033914835370939450e-02
5.000000000000000000e+01 2.310129700083157900e+02 1.034966445544389935e-02
5.000000000000000000e+01 2.364489412645407072e+02 1.038794452735318681e-02
5.000000000000000000e+01 2.420128264794381039e+02 1.039818477419463677e-02
5.000000000000000000e+01 2.477076355991711409e+02 1.044230177752610532e-02
5.000000000000000000e+01 2.535364493970111539e+02 1.045227097479769704e-02
5.000000000000000000e+01 2.595024211399737055e+02 1.046197509280522887e-02
5.000000000000000000e+01 2.656087782946686957e+02 1.050738684979972935e-02
5.000000000000000000e+01 2.718588242732940330e+02 1.051681684436909722e-02
5.000000000000000000e+01 2.782559402207126027e+02 1.056081039088170755e-02
5.000000000000000000e+01 2.848035868435802058e+02 1.056994289971697858e-02
5.000000000000000000e+01 2.915053062825175516e+02 1.057883204655717113e-02
5.000000000000000000e+01 2.983647240283340238e+02 1.062113851665495885e-02
5.000000000000000000e+01 3.053855508833415797e+02 1.062972194440067394e-02
5.000000000000000000e+01 3.125715849688235153e+02 1.066820116703758037e-02
5.000000000000000000e+01 3.199267137797384635e+02 1.067646276298800725e-02
5.000000000000000000e+01 3.274549162877728463e+02 1.071152230842079001e-02
5.000000000000000000e+01 3.351602650938841066e+02 1.071945541383753295e-02
5.000000000000000000e+01 3.430469286314919373e+02 1.072717213366620147e-02
5.000000000000000000e+01 3.511191734215130964e+02 1.075848039332884601e-02
5.000000000000000000e+01 3.593813663804625662e+02 1.076587202158305057e-02
5.000000000000000000e+01 3.678379771828634262e+02 1.079334182193560782e-02
5.000000000000000000e+01 3.764935806792467474e+02 1.080040655721358975e-02
5.000000000000000000e+01 3.853528593710527161e+02 1.080727390967143806e-02
5.000000000000000000e+01 3.944206059437656222e+02 1.082930642006663981e-02
5.000000000000000000e+01 4.037017258596553688e+02 1.083584654321996868e-02
5.000000000000000000e+01 4.132012400115334572e+02 1.085416681918109118e-02
5.000000000000000000e+01 4.229242874389498752e+02 1.086038296731005846e-02
5.000000000000000000e+01 4.328761281083056929e+02 1.086642054511889263e-02
5.000000000000000000e+01 4.430621457583877714e+02 1.088113387560818088e-02
5.000000000000000000e+01 4.534878508128581984e+02 1.088686009869959358e-02
5.000000000000000000e+01 4.641588833612777307e+02 1.089795586789490435e-02
5.000000000000000000e+01 4.750810162102798131e+02 1.090337625392582242e-02
5.000000000000000000e+01 4.862601580065353346e+02 1.090863637030096978e-02
5.000000000000000000e+01 4.977023564332108663e+02 1.091640898334630440e-02
5.000000000000000000e+01 5.094138014816380178e+02 1.092137801814485262e-02
5.000000000000000000e+01 5.214008287999683944e+02 1.092636645506396206e-02
5.000000000000000000e+01 5.336699231206307559e+02 1.093105371842959840e-02
5.000000000000000000e+01 5.462277217684342077e+02 1.093559832224889547e-02
5.000000000000000000e+01 5.590810182512223037e+02 1.093789881817227964e-02
5.000000000000000000e+01 5.722367659350220492e+02 1.094217834285197109e-02
5.000000000000000000e+01 5.857020818056666940e+02 1.094214164207504662e-02
5.000000000000000000e+01 5.994842503189408944e+02 1.094616641612818075e-02
5.000000000000000000e+01 6.135907273413175744e+02 1.095006517199198157e-02
5.000000000000000000e+01 6.280291441834252737e+02 1.094777526033403892e-02
5.000000000000000000e+01 6.428073117284319551e+02 1.095143621126298122e-02
5.000000000000000000e+01 6.579332246575681893e+02 1.094722229380022671e-02
5.000000000000000000e+01 6.734150657750820983e+02 1.095065605520597132e-02
5.000000000000000000e+01 6.892612104349694846e+02 1.095397931042626193e-02
5.000000000000000000e+01 7.054802310718645231e+02 1.094791986286512697e-02
5.000000000000000000e+01 7.220809018385464242e+02 1.095103246822736603e-02
5.000000000000000000e+01 7.390722033525775032e+02 1.094342381788971676e-02
5.000000000000000000e+01 7.564633275546290179e+02 1.094633620029155339e-02
5.000000000000000000e+01 7.742636826811269657e+02 1.094915234915791458e-02
5.000000000000000000e+01 7.924828983539169940e+02 1.094004448569230528e-02
5.000000000000000000e+01 8.111308307896872520e+02 1.094267604516283368e-02
5.000000000000000000e+01 8.302175681319744172e+02 1.093232561807470568e-02
5.000000000000000000e+01 8.497534359086438371e+02 1.093478245847957428e-02
5.000000000000000000e+01 8.697490026177833897e+02 1.093715604184563282e-02
5.000000000000000000e+01 8.902150854450383122e+02 1.092561771196201917e-02
5.000000000000000000e+01 9.111627561154896284e+02 1.092783103950614211e-02
5.000000000000000000e+01 9.326033468832199560e+02 1.091530892871200691e-02
5.000000000000000000e+01 9.545484566618337112e+02 1.091737112784324504e-02
5.000000000000000000e+01 9.770099572992256753e+02 1.091936174054869250e-02
5.000000000000000000e+01 1.000000000000000000e+03 1.090591932288527410e-02
5.000000000000000000e+01 1.000000000000000000e+03 1.090591932288527410e-02
5.000000000000000000e+01 1.097498765493055544e+03 1.089693965433586806e-02
5.000000000000000000e+01 1.204503540258781186e+03 1.086946665931787410e-02
5.000000000000000000e+01 1.321941148466028608e+03 1.083955226416032959e-02
5.000000000000000000e+01 1.450828778495938650e+03 1.082601929640157092e-02
5.000000000000000000e+01 1.592282793341090610e+03 1.079317647806535795e-02
5.000000000000000000e+01 1.747528400007682876e+03 1.077787128080362998e-02
5.000000000000000000e+01 1.917910261672486740e+03 1.074316705429413307e-02
5.000000000000000000e+01 2.104904144512019684e+03 1.070778809460914451e-02
5.000000000000000000e+01 2.310129700083158241e+03 1.069089704738258005e-02
5.000000000000000000e+01 2.535364493970108924e+03 1.065479089101504726e-02
5.000000000000000000e+01 2.782559402207123185e+03 1.063737442558137722e-02
5.000000000000000000e+01 3.053855508833412387e+03 1.060099737827415421e-02
5.000000000000000000e+01 3.351602650938840725e+03 1.056438106791677753e-02
5.000000000000000000e+01 3.678379771828630510e+03 1.054652014202154577e-02
5.000000000000000000e+01 4.037017258596553802e+03 1.051004154061539568e-02
5.000000000000000000e+01 4.430621457583877600e+03 1.047381445670257823e-02
5.000000000000000000e+01 4.862601580065348571e+03 1.045606580580575942e-02
5.000000000000000000e+01 5.336699231206307559e+03 1.042027422027859244e-02
5.000000000000000000e+01 5.857020818056661483e+03 1.040268275937205472e-02
5.000000000000000000e+01 6.428073117284318869e+03 1.036741818796811827e-02
5.000000000000000000e+01 7.054802310718638182e+03 1.033253868784586756e-02
5.000000000000000000e+01 7.742636826811270112e+03 1.031506497335218930e-02
5.000000000000000000e+01 8.497534359086437689e+03 1.028015427267301579e-02
5.000000000000000000e+01 9.326033468832189101e+03 1.026292823690889630e-02
5.000000000000000000e+01 1.023531021899026928e+04 1.022864545447973311e-02
5.000000000000000000e+01 1.123324032978026480e+04 1.019480743854591503e-02
5.000000000000000000e+01 1.232846739442065882e+04 1.017809192907728755e-02
5.000000000000000000e+01 1.353047774579807628e+04 1.014490000851048755e-02
5.000000000000000000e+01 1.484968262254463480e+04 1.012848780401093447e-02
5.000000000000000000e+01 1.629750834620643400e+04 1.009593750441764061e-02
5.000000000000000000e+01 1.788649529057435211e+04 1.006381228884319252e-02
5.000000000000000000e+01 1.963040650040268520e+04 1.004792034025365176e-02
5.000000000000000000e+01 2.154434690031882201e+04 1.001641819539272199e-02
5.000000000000000000e+01 2.364489412645407356e+04 1.000082856161839048e-02
5.000000000000000000e+01 2.595024211399731939e+04 9.969938435712316291e-03
5.000000000000000000e+01 2.848035868435799057e+04 9.939447586702997509e-03
5.000000000000000000e+01 3.125715849688235176e+04 9.924353528825131596e-03
5.000000000000000000e+01 3.430469286314912461e+04 9.894446548163996283e-03
5.000000000000000000e+01 3.764935806792470976e+04 9.864919609671236878e-03
5.000000000000000000e+01 4.132012400115334458e+04 9.850301468405797331e-03
5.000000000000000000e+01 4.534878508128582325e+04 9.821331020629989889e-03
5.000000000000000000e+01 4.977023564332113892e+04 9.806989441060884327e-03
5.000000000000000000e+01 5.462277217684336938e+04 9.778354253525921996e-03
5.000000000000000000e+01 5.994842503189409035e+04 9.749980058598292990e-03
5.000000000000000000e+01 6.579332246575682075e+04 9.735922738136311774e-03
5.000000000000000000e+01 7.220809018385456875e+04 9.708072986179474770e-03
5.000000000000000000e+01 7.924828983539169712e+04 9.694273686735791276e-03
5.000000000000000000e+01 8.697490026177834079e+04 9.666932946962407402e-03
5.000000000000000000e+01 9.545484566618327517e+04 9.639919429548447424e-03
5.000000000000000000e+01 1.047615752789664111e+05 9.626538719026040553e-03
5.000000000000000000e+01 1.149756995397735591e+05 9.600010393580651544e-03
5.000000000000000000e+01 1.261856883066018490e+05 9.586867710344964058e-03
5.000000000000000000e+01 1.384886371393871668e+05 9.560813356174010028e-03
5.000000000000000000e+01 1.519911082952933211e+05 9.535065511958077181e-03
5.000000000000000000e+01 1.668100537200059043e+05 9.522227823586122339e-03
5.000000000000000000e+01 1.830738280295369623e+05 9.496645472647358491e-03
5.000000000000000000e+01 2.009233002565045899e+05 9.483963396491705555e-03
5.000000000000000000e+01 2.205130739903045760e+05 9.458821641284569787e-03
5.000000000000000000e+01 2.420128264794383431e+05 9.433964818720604745e-03
5.000000000000000000e+01 2.656087782946684165e+05 9.421645968181015587e-03
5.000000000000000000e+01 2.915053062825175584e+05 9.397213553463703434e-03
5.000000000000000000e+01 3.199267137797384639e+05 9.373060290331483579e-03
5.000000000000000000e+01 3.511191734215127653e+05 9.361086135333757455e-03
5.000000000000000000e+01 3.853528593710527639e+05 9.337335950559064179e-03
5.000000000000000000e+01 4.229242874389499193e+05 9.325557132980182365e-03
5.000000000000000000e+01 4.641588833612772287e+05 9.302198493974407623e-03
5.000000000000000000e+01 5.094138014816375216e+05 9.279092707574893711e-03
5.000000000000000000e+01 5.590810182512222091e+05 9.267643993747555486e-03
5.000000000000000000e+01 6.135907273413175717e+05 9.244671433543063740e-03
5.000000000000000000e+01 6.734150657750827959e+05 9.233156633053865581e-03
5.000000000000000000e+01 7.390722033525775187e+05 9.210317475288561095e-03
5.000000000000000000e+01 8.111308307896872284e+05 9.187724709114639815e-03
5.000000000000000000e+01 8.902150854450393235e+05 9.176516375468306633e-03
5.000000000000000000e+01 9.770099572992246831e+05 9.154285838348579646e-03
5.000000000000000000e+01 1.072267222010323079e+06 9.143256158060532324e-03
5.000000000000000000e+01 1.176811952434999170e+06 9.121375723468199553e-03
5.000000000000000000e+01 1.291549665014882805e+06 9.099724402120342240e-03
5.000000000000000000e+01 1.417474162926804740e+06 9.088981960734055995e-03
5.000000000000000000e+01 1.555676143930472201e+06 9.067669077215843518e-03
5.000000000000000000e+01 1.707352647470688680e+06 9.057096677772701401e-03
5.000000000000000000e+01 1.873817422860383056e+06 9.036110502171117165e-03
5.000000000000000000e+01 2.056512308348651510e+06 9.015337709491175883e-03
5.000000000000000000e+01 2.257019719633921515e+06 9.005034141779650822e-03
5.000000000000000000e+01 2.477076355991709046e+06 8.984575747505958027e-03
5.000000000000000000e+01 2.718588242732940242e+06 8.974426797218321497e-03
5.000000000000000000e+01 2.983647240283340216e+06 8.954279735024736273e-03
5.000000000000000000e+01 3.274549162877731491e+06 8.934337001588110380e-03
5.000000000000000000e+01 3.593813663804625627e+06 8.924435697540337650e-03
5.000000000000000000e+01 3.944206059437655844e+06 8.904782398664009765e-03
5.000000000000000000e+01 4.328761281083061360e+06 8.885323788036355447e-03
5.000000000000000000e+01 4.750810162102793343e+06 8.875670273689736239e-03
5.000000000000000000e+01 5.214008287999684922e+06 8.856492039825147183e-03
5.000000000000000000e+01 5.722367659350220114e+06 8.846978256536732962e-03
5.000000000000000000e+01 6.280291441834246740e+06 8.828078112499105137e-03
5.000000000000000000e+01 6.892612104349695146e+06 8.809359691993730659e-03
5.000000000000000000e+01 7.564633275546290912e+06 8.800073126422789174e-03
5.000000000000000000e+01 8.302175681319751777e+06 8.781623987381519114e-03
5.000000000000000000e+01 9.111627561154887080e+06 8.772466400769163980e-03
5.000000000000000000e+01 1.000000000000000000e+07 8.754273672525611505e-03
7.000000000000000000e+01 1.000000000000000000e+02 1.621970164403124456e-02
7.000000000000000000e+01 1.023531021899025859e+02 1.578195316188125974e-02
7.000000000000000000e+01 1.047615752789664043e+02 1.543809621293318855e-02
7.000000000000000000e+01 1.072267222010323167e+02 1.500623569882433318e-02
7.000000000000000000e+01 1.097498765493055686e+02 1.458971500939041342e-02
7.000000000000000000e+01 1.123324032978026565e+02 1.420943586799397820e-02
7.000000000000000000e+01 1.149756995397735579e+02 1.387808524440219300e-02
7.000000000000000000e+01 1.176811952434997863e+02 1.359673992549993542e-02
7.000000000000000000e+01 1.204503540258782408e+02 1.338078075739284820e-02
7.000000000000000000e+01 1.232846739442065882e+02 1.320535269524234119e-02
7.000000000000000000e+01 1.261856883066019748e+02 1.307935302353521213e-02
7.000000000000000000e+01 1.291549665014883885e+02 1.297129426731824520e-02
7.000000000000000000e+01 1.321941148466028721e+02 1.290540184905064787e-02
7.000000000000000000e+01 1.353047774579807481e+02 1.289129253458302232e-02
7.000000000000000000e+01 1.384886371393873219e+02 1.295063949871862533e-02
7.000000000000000000e+01 1.417474162926804695e+02 1.302834030377634546e-02
7.000000000000000000e+01 1.450828778495940128e+02 1.330256844115950549e-02
7.000000000000000000e+01 1.484968262254465117e+02 1.383199958176709737e-02
7.000000000000000000e+01 1.519911082952933157e+02 1.371360157189838343e-02
7.000000000000000000e+01 1.555676143930472222e+02 1.329022538313096025e-02
7.000000000000000000e+01 1.592282793341092315e+02 1.290027359273743755e-02
7.000000000000000000e+01 1.629750834620643332e+02 1.260174280360397414e-02
7.000000000000000000e+01 1.668100537200059250e+02 1.026292252121942597e-02
7.000000000000000000e+01 1.707352647470690385e+02 1.020107821783327456e-02
7.000000000000000000e+01 1.747528400007682876e+02 1.013615913011715365e-02
7.000000000000000000e+01 1.788649529057435075e+02 1.009282593682218031e-02
7.000000000000000000e+01 1.830738280295367701e+02 1.006629938549716968e-02
7.000000000000000000e+01 1.873817422860383033e+02 1.006000364277637518e-02
7.000000000000000000e+01 1.917910261672488730e+02 1.005264492044403470e-02
7.000000000000000000e+01 1.963040650040270521e+02 1.005331854727947033e-02
7.000000000000000000e+01 2.009233002565045751e+02 1.006206418291306741e-02
7.000000000000000000e+01 2.056512308348651459e+02 1.007897397517502555e-02
7.000000000000000000e+01 2.104904144512019855e+02 1.008853575379271665e-02
7.000000000000000000e+01 2.154434690031882269e+02 1.010486682758190806e-02
7.000000000000000000e+01 2.205130739903045480e+02 1.013498547397161803e-02
7.000000000000000000e+01 2.257019719633919124e+02 1.015082923767655042e-02
7.000000000000000000e+01 2.310129700083157900e+02 1.016627173213232455e-02
7.000000000000000000e+01 2.364489412645407072e+02 1.020488592908052120e-02
7.000000000000000000e+01 2.420128264794381039e+02 1.021987986782133331e-02
7.000000000000000000e+01 2.477076355991711409e+02 1.026432510573359498e-02
7.000000000000000000e+01 2.535364493970111539e+02 1.027888937665797156e-02
7.000000000000000000e+01 2.595024211399737055e+02 1.029308688259553822e-02
7.000000000000000000e+01 2.656087782946686957e+02 1.033902263551832006e-02
7.000000000000000000e+01 2.718588242732940330e+02 1.035280162598952239e-02
7.000000000000000000e+01 2.782559402207126027e+02 1.039774227242707023e-02
7.000000000000000000e+01 2.848035868435802058e+02 1.041108748657881139e-02
7.000000000000000000e+01 2.915053062825175516e+02 1.042409639215975334e-02
7.000000000000000000e+01 2.983647240283340238e+02 1.046763781650708255e-02
7.000000000000000000e+01 3.053855508833415797e+02 1.048021307557797654e-02
7.000000000000000000e+01 3.125715849688235153e+02 1.052027502332926988e-02
7.000000000000000000e+01 3.199267137797384635e+02 1.053240278260639089e-02
7.000000000000000000e+01 3.274549162877728463e+02 1.056925983979969605e-02
7.000000000000000000e+01 3.351602650938841066e+02 1.058093477303025630e-02
7.000000000000000000e+01 3.430469286314919373e+02 1.059231104313558200e-02
7.000000000000000000e+01 3.511191734215130964e+02 1.062555092666180034e-02
7.000000000000000000e+01 3.593813663804625662e+02 1.063648125024626093e-02
7.000000000000000000e+01 3.678379771828634262e+02 1.066602951379444497e-02
7.000000000000000000e+01 3.764935806792467474e+02 1.067651242337915377e-02
7.000000000000000000e+01 3.853528593710527161e+02 1.068672223226374215e-02
7.000000000000000000e+01 3.944206059437656222e+02 1.071103024575027762e-02
7.000000000000000000e+01 4.037017258596553688e+02 1.072079338221025059e-02
7.000000000000000000e+01 4.132012400115334572e+02 1.074146292378547890e-02
7.000000000000000000e+01 4.229242874389498752e+02 1.075078267262872395e-02
7.000000000000000000e+01 4.328761281083056929e+02 1.075985386634805904e-02
7.000000000000000000e+01 4.430621457583877714e+02 1.077690627548927998e-02
7.000000000000000000e+01 4.534878508128581984e+02 1.078554915812977681e-02
7.000000000000000000e+01 4.641588833612777307e+02 1.079902128652662600e-02
7.000000000000000000e+01 4.750810162102798131e+02 1.080724149033491371e-02
7.000000000000000000e+01 4.862601580065353346e+02 1.081523669664146564e-02
7.000000000000000000e+01 4.977023564332108663e+02 1.082533438108810621e-02
7.000000000000000000e+01 5.094138014816380178e+02 1.083292433202666383e-02
7.000000000000000000e+01 5.214008287999683944e+02 1.084020779431955732e-02
7.000000000000000000e+01 5.336699231206307559e+02 1.084740308349927199e-02
7.000000000000000000e+01 5.462277217684342077e+02 1.085439593705527644e-02
7.000000000000000000e+01 5.590810182512223037e+02 1.085889624853336385e-02
7.000000000000000000e+01 5.722367659350220492e+02 1.086551463926187060e-02
7.000000000000000000e+01 5.857020818056666940e+02 1.086762314511996105e-02
7.000000000000000000e+01 5.994842503189408944e+02 1.087387931008581415e-02
7.000000000000000000e+01 6.135907273413175744e+02 1.087995445006394862e-02
7.000000000000000000e+01 6.280291441834252737e+02 1.087969636828484479e-02
7.000000000000000000e+01 6.428073117284319551e+02 1.088543026464889284e-02
7.000000000000000000e+01 6.579332246575681893e+02 1.088317941051215876e-02
7.000000000000000000e+01 6.734150657750820983e+02 1.088858510655071367e-02
7.000000000000000000e+01 6.892612104349694846e+02 1.089382992757095305e-02
7.000000000000000000e+01 7.054802310718645231e+02 1.088961168704910033e-02
7.000000000000000000e+01 7.220809018385464242e+02 1.089454929854426039e-02
7.000000000000000000e+01 7.390722033525775032e+02 1.088870608419937810e-02
7.000000000000000000e+01 7.564633275546290179e+02 1.089334971696623300e-02
7.000000000000000000e+01 7.742636826811269657e+02 1.089785126579363890e-02
7.000000000000000000e+01 7.924828983539169940e+02 1.089038635227805932e-02
7.000000000000000000e+01 8.111308307896872520e+02 1.089461427121549836e-02
7.000000000000000000e+01 8.302175681319744172e+02 1.088582989385068409e-02
7.000000000000000000e+01 8.497534359086438371e+02 1.088979708689728244e-02
7.000000000000000000e+01 8.697490026177833897e+02 1.089363955571834991e-02
7.000000000000000000e+01 8.902150854450383122e+02 1.088354886905909188e-02
7.000000000000000000e+01 9.111627561154896284e+02 1.088714990106959789e-02
7.000000000000000000e+01 9.326033468832199560e+02 1.087600077578892988e-02
7.000000000000000000e+01 9.545484566618337112e+02 1.087937263261496389e-02
7.000000000000000000e+01 9.770099572992256753e+02 1.088263565395280325e-02
7.000000000000000000e+01 1.000000000000000000e+03 1.087045475789180302e-02
7.000000000000000000e+01 1.000000000000000000e+03 1.087045475789180302e-02
7.000000000000000000e+01 1.097498765493055544e+03 1.086609117765590694e-02
7.000000000000000000e+01 1.204503540258781186e+03 1.084273232313889314e-02
7.000000000000000000e+01 1.321941148466028608e+03 1.081644766064777941e-02
7.000000000000000000e+01 1.450828778495938650e+03 1.080608325293039816e-02
7.000000000000000000e+01 1.592282793341090610e+03 1.077603495531362886e-02
7.000000000000000000e+01 1.747528400007682876e+03 1.076315348069737353e-02
7.000000000000000000e+01 1.917910261672486740e+03 1.073057174290510674e-02
7.000000000000000000e+01 2.104904144512019684e+03 1.069703305297690053e-02
7.000000000000000000e+01 2.310129700083158241e+03 1.068172533200895460e-02
7.000000000000000000e+01 2.535364493970108924e+03 1.064699206305855066e-02
7.000000000000000000e+01 2.782559402207123185e+03 1.063075149459227590e-02
7.000000000000000000e+01 3.053855508833412387e+03 1.059538768849636707e-02
7.000000000000000000e+01 3.351602650938840725e+03 1.055963895163604567e-02
7.000000000000000000e+01 3.678379771828630510e+03 1.054251612963598601e-02
7.000000000000000000e+01 4.037017258596553802e+03 1.050666844143157558e-02
7.000000000000000000e+01 4.430621457583877600e+03 1.047097734270328005e-02
7.000000000000000000e+01 4.862601580065348571e+03 1.045368198897879408e-02
7.000000000000000000e+01 5.336699231206307559e+03 1.041827487573675215e-02
7.000000000000000000e+01 5.857020818056661483e+03 1.040100747382186400e-02
7.000000000000000000e+01 6.428073117284318869e+03 1.036601652651177388e-02
7.000000000000000000e+01 7.054802310718638182e+03 1.033136721300364699e-02
7.000000000000000000e+01 7.742636826811270112e+03 1.031408668937917016e-02
7.000000000000000000e+01 8.497534359086437689e+03 1.027933838787948445e-02
7.000000000000000000e+01 9.326033468832189101e+03 1.026224802557636900e-02
7.000000000000000000e+01 1.023531021899026928e+04 1.022807894848763027e-02
7.000000000000000000e+01 1.123324032978026480e+04 1.019433587131996985e-02
7.000000000000000000e+01 1.232846739442065882e+04 1.017769944703428124e-02
7.000000000000000000e+01 1.353047774579807628e+04 1.014457359616186688e-02
7.000000000000000000e+01 1.484968262254463480e+04 1.012821635011161223e-02
7.000000000000000000e+01 1.629750834620643400e+04 1.009571188995713950e-02
7.000000000000000000e+01 1.788649529057435211e+04 1.006362482009399290e-02
7.000000000000000000e+01 1.963040650040268520e+04 1.004776455643805952e-02
7.000000000000000000e+01 2.154434690031882201e+04 1.001628880192549989e-02
7.000000000000000000e+01 2.364489412645407356e+04 1.000072107530106981e-02
7.000000000000000000e+01 2.595024211399731939e+04 9.969849179674930562e-03
7.000000000000000000e+01 2.848035868435799057e+04 9.939373479029929917e-03
7.000000000000000000e+01 3.125715849688235176e+04 9.924291988876962969e-03
7.000000000000000000e+01 3.430469286314912461e+04 9.894395459272118873e-03
7.000000000000000000e+01 3.764935806792470976e+04 9.864877200166230140e-03
7.000000000000000000e+01 4.132012400115334458e+04 9.850266258193291283e-03
7.000000000000000000e+01 4.534878508128582325e+04 9.821301795020831449e-03
7.000000000000000000e+01 4.977023564332113892e+04 9.806965178184192181e-03
7.000000000000000000e+01 5.462277217684336938e+04 9.778334118716430420e-03
7.000000000000000000e+01 5.994842503189409035e+04 9.749963350567736678e-03
7.000000000000000000e+01 6.579332246575682075e+04 9.735908870002963483e-03
7.000000000000000000e+01 7.220809018385456875e+04 9.708061478664885974e-03
7.000000000000000000e+01 7.924828983539169712e+04 9.694264135446268096e-03
7.000000000000000000e+01 8.697490026177834079e+04 9.666925021794054232e-03
7.000000000000000000e+01 9.545484566618327517e+04 9.639912853633466477e-03
7.000000000000000000e+01 1.047615752789664111e+05 9.626533261026434460e-03
7.000000000000000000e+01 1.149756995397735591e+05 9.600005864840464864e-03
7.000000000000000000e+01 1.261856883066018490e+05 9.586863951495055644e-03
7.000000000000000000e+01 1.384886371393871668e+05 9.560810237299197101e-03
7.000000000000000000e+01 1.519911082952933211e+05 9.535062924119900793e-03
7.000000000000000000e+01 1.668100537200059043e+05 9.522225675838906153e-03
7.000000000000000000e+01 1.830738280295369623e+05 9.496643690985859601e-03
7.000000000000000000e+01 2.009233002565045899e+05 9.483961917911242628e-03
7.000000000000000000e+01 2.205130739903045760e+05 9.458820414720046227e-03
7.000000000000000000e+01 2.420128264794383431e+05 9.433963801210610081e-03
7.000000000000000000e+01 2.656087782946684165e+05 9.421645123751357445e-03
7.000000000000000000e+01 2.915053062825175584e+05 9.397212852952899556e-03
7.000000000000000000e+01 3.199267137797384639e+05 9.373059709203847983e-03
7.000000000000000000e+01 3.511191734215127653e+05 9.361085653057989522e-03
7.000000000000000000e+01 3.853528593710527639e+05 9.337335550469524556e-03
7.000000000000000000e+01 4.229242874389499193e+05 9.325556800943326022e-03
7.000000000000000000e+01 4.641588833612772287e+05 9.302198218520744272e-03
7.000000000000000000e+01 5.094138014816375216e+05 9.279092479058085804e-03
7.000000000000000000e+01 5.590810182512222091e+05 9.267643804099178623e-03
7.000000000000000000e+01 6.135907273413175717e+05 9.244671276251576614e-03
7.000000000000000000e+01 6.734150657750827959e+05 9.233156502549570710e-03
7.000000000000000000e+01 7.390722033525775187e+05 9.210317367077919259e-03
7.000000000000000000e+01 8.111308307896872284e+05 9.187724619388144484e-03
7.000000000000000000e+01 8.902150854450393235e+05 9.176516301021932220e-03
7.000000000000000000e+01 9.770099572992246831e+05 9.154285776617511472e-03
7.000000000000000000e+01 1.072267222010323079e+06 9.143256106841340242e-03
7.000000000000000000e+01 1.176811952434999170e+06 9.121375680996442539e-03
7.000000000000000000e+01 1.291549665014882805e+06 9.099724366901444997e-03
7.000000000000000000e+01 1.417474162926804740e+06 9.088981931511972909e-03
7.000000000000000000e+01 1.555676143930472201e+06 9.067669052983572814e-03
7.000000000000000000e+01 1.707352647470688680e+06 9.057096657666395892e-03
7.000000000000000000e+01 1.873817422860383056e+06 9.036110485497721861e-03
7.000000000000000000e+01 2.056512308348651510e+06 9.015337695664444456e-03
7.000000000000000000e+01 2.257019719633921515e+06 9.005034130306987725e-03
7.000000000000000000e+01 2.477076355991709046e+06 8.984575737991830693e-03
7.000000000000000000e+01 2.718588242732940242e+06 8.974426789323908943e-03
7.000000000000000000e+01 2.983647240283340216e+06 8.954279728477858649e-03
7.000000000000000000e+01 3.274549162877731491e+06 8.934336996158752028e-03
7.000000000000000000e+01 3.593813663804625627e+06 8.924435693035226089e-03
7.000000000000000000e+01 3.944206059437655844e+06 8.904782394927826528e-03
7.000000000000000000e+01 4.328761281083061360e+06 8.885323784937816660e-03
7.000000000000000000e+01 4.750810162102793343e+06 8.875670271118619309e-03
7.000000000000000000e+01 5.214008287999684922e+06 8.856492037692811209e-03
7.000000000000000000e+01 5.722367659350220114e+06 8.846978254767370528e-03
7.000000000000000000e+01 6.280291441834246740e+06 8.828078111031652242e-03
7.000000000000000000e+01 6.892612104349695146e+06 8.809359690776688567e-03
7.000000000000000000e+01 7.564633275546290912e+06 8.800073125412873065e-03
7.000000000000000000e+01 8.302175681319751777e+06 8.781623986543923496e-03
7.000000000000000000e+01 9.111627561154887080e+06 8.772466400074140080e-03
7.000000000000000000e+01 1.000000000000000000e+07 8.754273671949152485e-03
1.000000000000000000e+02 1.000000000000000000e+02 1.592804209025390841e-02
1.000000000000000000e+02 1.023531021899025859e+02 1.560937527342551485e-02
1.000000000000000000e+02 1.047615752789664043e+02 1.537390320401374640e-02
1.000000000000000000e+02 1.072267222010323167e+02 1.506232453621626430e-02
1.000000000000000000e+02 1.097498765493055686e+02 1.476515742439654666e-02
1.000000000000000000e+02 1.123324032978026565e+02 1.450067620204224979e-02
1.000000000000000000e+02 1.149756995397735579e+02 1.427881740725580294e-02
1.000000000000000000e+02 1.176811952434997863e+02 1.409872759434679067e-02
1.000000000000000000e+02 1.204503540258782408e+02 1.397466450716415218e-02
1.000000000000000000e+02 1.232846739442065882e+02 1.388419587453177534e-02
1.000000000000000000e+02 1.261856883066019748e+02 1.383649019259562511e-02
1.000000000000000000e+02 1.291549665014883885e+02 1.380399989845273491e-02
1.000000000000000000e+02 1.321941148466028721e+02 1.380961394108323054e-02
1.000000000000000000e+02 1.353047774579807481e+02 1.386101987407019516e-02
1.000000000000000000e+02 1.384886371393873219e+02 1.397679012900222666e-02
1.000000000000000000e+02 1.417474162926804695e+02 1.410459098113845886e-02
1.000000000000000000e+02 1.450828778495940128e+02 1.441141602335439462e-02
1.000000000000000000e+02 1.484968262254465117e+02 1.495063627854618417e-02
1.000000000000000000e+02 1.519911082952933157e+02 1.488346688557996497e-02
1.000000000000000000e+02 1.555676143930472222e+02 1.452293013153411506e-02
1.000000000000000000e+02 1.592282793341092315e+02 1.418014081067208408e-02
1.000000000000000000e+02 1.629750834620643332e+02 1.389754419400981815e-02
1.000000000000000000e+02 1.668100537200059250e+02 9.867366981752266966e-03
1.000000000000000000e+02 1.707352647470690385e+02 9.818804858076716005e-03
1.000000000000000000e+02 1.747528400007682876e+02 9.766476883961259722e-03
1.000000000000000000e+02 1.788649529057435075e+02 9.733911903285286452e-03
1.000000000000000000e+02 1.830738280295367701e+02 9.716729508608515017e-03
1.000000000000000000e+02 1.873817422860383033e+02 9.718731282256658568e-03
1.000000000000000000e+02 1.917910261672488730e+02 9.719034362992713671e-03
1.000000000000000000e+02 1.963040650040270521e+02 9.726677579203120774e-03
1.000000000000000000e+02 2.009233002565045751e+02 9.742262215585785132e-03
1.000000000000000000e+02 2.056512308348651459e+02 9.766889721410975181e-03
1.000000000000000000e+02 2.104904144512019855e+02 9.779769403590437768e-03
1.000000000000000000e+02 2.154434690031882269e+02 9.803552951130625748e-03
1.000000000000000000e+02 2.205130739903045480e+02 9.835677986976647247e-03
1.000000000000000000e+02 2.257019719633919124e+02 9.858729203743419808e-03
1.000000000000000000e+02 2.310129700083157900e+02 9.881250075268672647e-03
1.000000000000000000e+02 2.364489412645407072e+02 9.921489938918833656e-03
1.000000000000000000e+02 2.420128264794381039e+02 9.943334918031645348e-03
1.000000000000000000e+02 2.477076355991711409e+02 9.989238725461034238e-03
1.000000000000000000e+02 2.535364493970111539e+02 1.001043857226489690e-02
1.000000000000000000e+02 2.595024211399737055e+02 1.003114640413201378e-02
1.000000000000000000e+02 2.656087782946686957e+02 1.007860414248297649e-02
1.000000000000000000e+02 2.718588242732940330e+02 1.009868978705550507e-02
1.000000000000000000e+02 2.782559402207126027e+02 1.014551563496585151e-02
1.000000000000000000e+02 2.848035868435802058e+02 1.016497244947256809e-02
1.000000000000000000e+02 2.915053062825175516e+02 1.018397366809367134e-02
1.000000000000000000e+02 2.983647240283340238e+02 1.022963303988889787e-02
1.000000000000000000e+02 3.053855508833415797e+02 1.024801473429568129e-02
1.000000000000000000e+02 3.125715849688235153e+02 1.029055787296009015e-02
1.000000000000000000e+02 3.199267137797384635e+02 1.030831038698531640e-02
1.000000000000000000e+02 3.274549162877728463e+02 1.034788847031514400e-02
1.000000000000000000e+02 3.351602650938841066e+02 1.036500929036955621e-02
1.000000000000000000e+02 3.430469286314919373e+02 1.038172223080576460e-02
1.000000000000000000e+02 3.511191734215130964e+02 1.041782176362046272e-02
1.000000000000000000e+02 3.593813663804625662e+02 1.043391516096386570e-02
1.000000000000000000e+02 3.678379771828634262e+02 1.046650397751994893e-02
1.000000000000000000e+02 3.764935806792467474e+02 1.048197829688654083e-02
1.000000000000000000e+02 3.853528593710527161e+02 1.049707775099997277e-02
1.000000000000000000e+02 3.944206059437656222e+02 1.052465538991005992e-02
1.000000000000000000e+02 4.037017258596553688e+02 1.053914082704897510e-02
1.000000000000000000e+02 4.132012400115334572e+02 1.056318632016436422e-02
1.000000000000000000e+02 4.229242874389498752e+02 1.057706248708964979e-02
1.000000000000000000e+02 4.328761281083056929e+02 1.059059551733626016e-02
1.000000000000000000e+02 4.430621457583877714e+02 1.061101908744998754e-02
1.000000000000000000e+02 4.534878508128581984e+02 1.062396229487885292e-02
1.000000000000000000e+02 4.641588833612777307e+02 1.064087118167413894e-02
1.000000000000000000e+02 4.750810162102798131e+02 1.065323157205914743e-02
1.000000000000000000e+02 4.862601580065353346e+02 1.066527923904574994e-02
1.000000000000000000e+02 4.977023564332108663e+02 1.067876121693740570e-02
1.000000000000000000e+02 5.094138014816380178e+02 1.069024778929496267e-02
1.000000000000000000e+02 5.214008287999683944e+02 1.070089342081090647e-02
1.000000000000000000e+02 5.336699231206307559e+02 1.071183152879770506e-02
1.000000000000000000e+02 5.462277217684342077e+02 1.072248594023877087e-02
1.000000000000000000e+02 5.590810182512223037e+02 1.073023655564479817e-02
1.000000000000000000e+02 5.722367659350220492e+02 1.074036745763028156e-02
1.000000000000000000e+02 5.857020818056666940e+02 1.074566829682821988e-02
1.000000000000000000e+02 5.994842503189408944e+02 1.075529041005352134e-02
1.000000000000000000e+02 6.135907273413175744e+02 1.076465636290507150e-02
1.000000000000000000e+02 6.280291441834252737e+02 1.076745056900559570e-02
1.000000000000000000e+02 6.428073117284319551e+02 1.077633378467761534e-02
1.000000000000000000e+02 6.579332246575681893e+02 1.077705365855924705e-02
1.000000000000000000e+02 6.734150657750820983e+02 1.078547008937908933e-02
1.000000000000000000e+02 6.892612104349694846e+02 1.079365633689801859e-02
1.000000000000000000e+02 7.054802310718645231e+02 1.079225221608980621e-02
1.000000000000000000e+02 7.220809018385464242e+02 1.079999802911380327e-02
1.000000000000000000e+02 7.390722033525775032e+02 1.079687319044234615e-02
1.000000000000000000e+02 7.564633275546290179e+02 1.080419506288119932e-02
1.000000000000000000e+02 7.742636826811269657e+02 1.081131111865383555e-02
1.000000000000000000e+02 7.924828983539169940e+02 1.080640152248852834e-02
1.000000000000000000e+02 8.111308307896872520e+02 1.081311958074583288e-02
1.000000000000000000e+02 8.302175681319744172e+02 1.080678867405850292e-02
1.000000000000000000e+02 8.497534359086438371e+02 1.081312516985685063e-02
1.000000000000000000e+02 8.697490026177833897e+02 1.081927856798441979e-02
1.000000000000000000e+02 8.902150854450383122e+02 1.081147877252722211e-02
1.000000000000000000e+02 9.111627561154896284e+02 1.081727563887044039e-02
1.000000000000000000e+02 9.326033468832199560e+02 1.080831473707931020e-02
1.000000000000000000e+02 9.545484566618337112e+02 1.081377103588846561e-02
1.000000000000000000e+02 9.770099572992256753e+02 1.081906528627269402e-02
1.000000000000000000e+02 1.000000000000000000e+03 1.080891527878945907e-02
1.000000000000000000e+02 1.000000000000000000e+03 1.080891527878945907e-02
1.000000000000000000e+02 1.097498765493055544e+03 1.081200875581072966e-02
1.000000000000000000e+02 1.204503540258781186e+03 1.079539108363840837e-02
1.000000000000000000e+02 1.321941148466028608e+03 1.077512890430877904e-02
1.000000000000000000e+02 1.450828778495938650e+03 1.077007462207449015e-02
1.000000000000000000e+02 1.592282793341090610e+03 1.074477775290559080e-02
1.000000000000000000e+02 1.747528400007682876e+03 1.073605674989633330e-02
1.000000000000000000e+02 1.917910261672486740e+03 1.070717034107305718e-02
1.000000000000000000e+02 2.104904144512019684e+03 1.067687213788015045e-02
1.000000000000000000e+02 2.310129700083158241e+03 1.066437745914974693e-02
1.000000000000000000e+02 2.535364493970108924e+03 1.063211593853475093e-02
1.000000000000000000e+02 2.782559402207123185e+03 1.061801072736263778e-02
1.000000000000000000e+02 3.053855508833412387e+03 1.058451008389212078e-02
1.000000000000000000e+02 3.351602650938840725e+03 1.055037277413144008e-02
1.000000000000000000e+02 3.678379771828630510e+03 1.053463210527137359e-02
1.000000000000000000e+02 4.037017258596553802e+03 1.049997936026795912e-02
1.000000000000000000e+02 4.430621457583877600e+03 1.046531279693775109e-02
1.000000000000000000e+02 4.862601580065348571e+03 1.044889076396256396e-02
1.000000000000000000e+02 5.336699231206307559e+03 1.041423195832629281e-02
1.000000000000000000e+02 5.857020818056661483e+03 1.039760005575447212e-02
1.000000000000000000e+02 6.428073117284318869e+03 1.036315067908150436e-02
1.000000000000000000e+02 7.054802310718638182e+03 1.032896046856605562e-02
1.000000000000000000e+02 7.742636826811270112e+03 1.031206785645452824e-02
1.000000000000000000e+02 8.497534359086437689e+03 1.027764809092619920e-02
1.000000000000000000e+02 9.326033468832189101e+03 1.026083376753130980e-02
1.000000000000000000e+02 1.023531021899026928e+04 1.022689746501121918e-02
1.000000000000000000e+02 1.123324032978026480e+04 1.019334972289818834e-02
1.000000000000000000e+02 1.232846739442065882e+04 1.017687670240750505e-02
1.000000000000000000e+02 1.353047774579807628e+04 1.014388795230899976e-02
1.000000000000000000e+02 1.484968262254463480e+04 1.012764512458708306e-02
1.000000000000000000e+02 1.629750834620643400e+04 1.009523640943171298e-02
1.000000000000000000e+02 1.788649529057435211e+04 1.006322922197744330e-02
1.000000000000000000e+02 1.963040650040268520e+04 1.004743545270909803e-02
1.000000000000000000e+02 2.154434690031882201e+04 1.001601519546595209e-02
1.000000000000000000e+02 2.364489412645407356e+04 1.000049361013639719e-02
1.000000000000000000e+02 2.595024211399731939e+04 9.969660168609289705e-03
1.000000000000000000e+02 2.848035868435799057e+04 9.939216458720040101e-03
1.000000000000000000e+02 3.125715849688235176e+04 9.924161534749622107e-03
1.000000000000000000e+02 3.430469286314912461e+04 9.894287116792530382e-03
1.000000000000000000e+02 3.764935806792470976e+04 9.864787233895869548e-03
1.000000000000000000e+02 4.132012400115334458e+04 9.850191543136864805e-03
1.000000000000000000e+02 4.534878508128582325e+04 9.821239764664152147e-03
1.000000000000000000e+02 4.977023564332113892e+04 9.806913670845608666e-03
1.000000000000000000e+02 5.462277217684336938e+04 9.778291367828066336e-03
1.000000000000000000e+02 5.994842503189409035e+04 9.749927870688616938e-03
1.000000000000000000e+02 6.579332246575682075e+04 9.735879417294675611e-03
1.000000000000000000e+02 7.220809018385456875e+04 9.708037037036718400e-03
1.000000000000000000e+02 7.924828983539169712e+04 9.694243847143017151e-03
1.000000000000000000e+02 8.697490026177834079e+04 9.666908186485963922e-03
1.000000000000000000e+02 9.545484566618327517e+04 9.639898883746736424e-03
1.000000000000000000e+02 1.047615752789664111e+05 9.626521665495607269e-03
1.000000000000000000e+02 1.149756995397735591e+05 9.599996243150926006e-03
1.000000000000000000e+02 1.261856883066018490e+05 9.586855965240583671e-03
1.000000000000000000e+02 1.384886371393871668e+05 9.560803610591799007e-03
1.000000000000000000e+02 1.519911082952933211e+05 9.535057425588177107e-03
1.000000000000000000e+02 1.668100537200059043e+05 9.522221112307502691e-03
1.000000000000000000e+02 1.830738280295369623e+05 9.496639905254001396e-03
1.000000000000000000e+02 2.009233002565045899e+05 9.483958776134171487e-03
1.000000000000000000e+02 2.205130739903045760e+05 9.458817808413342784e-03
1.000000000000000000e+02 2.420128264794383431e+05 9.433961639100787305e-03
1.000000000000000000e+02 2.656087782946684165e+05 9.421643329406689804e-03
1.000000000000000000e+02 2.915053062825175584e+05 9.397211364414782137e-03
1.000000000000000000e+02 3.199267137797384639e+05 9.373058474340362212e-03
1.000000000000000000e+02 3.511191734215127653e+05 9.361084628244616471e-03
1.000000000000000000e+02 3.853528593710527639e+05 9.337334700294949719e-03
1.000000000000000000e+02 4.229242874389499193e+05 9.325556095375815355e-03
1.000000000000000000e+02 4.641588833612772287e+05 9.302197633189211029e-03
1.000000000000000000e+02 5.094138014816375216e+05 9.279091993465013108e-03
1.000000000000000000e+02 5.590810182512222091e+05 9.267643401100018538e-03
1.000000000000000000e+02 6.135907273413175717e+05 9.244670942009652545e-03
1.000000000000000000e+02 6.734150657750827959e+05 9.233156225229681435e-03
1.000000000000000000e+02 7.390722033525775187e+05 9.210317137131487572e-03
1.000000000000000000e+02 8.111308307896872284e+05 9.187724428720152672e-03
1.000000000000000000e+02 8.902150854450393235e+05 9.176516142823927177e-03
1.000000000000000000e+02 9.770099572992246831e+05 9.154285645439382349e-03
1.000000000000000000e+02 1.072267222010323079e+06 9.143255998000818577e-03
1.000000000000000000e+02 1.176811952434999170e+06 9.121375590744152523e-03
1.000000000000000000e+02 1.291549665014882805e+06 9.099724292061414990e-03
1.000000000000000000e+02 1.417474162926804740e+06 9.088981869415138290e-03
1.000000000000000000e+02 1.555676143930472201e+06 9.067669001490044622e-03
1.000000000000000000e+02 1.707352647470688680e+06 9.057096614940545257e-03
1.000000000000000000e+02 1.873817422860383056e+06 9.036110450066803246e-03
1.000000000000000000e+02 2.056512308348651510e+06 9.015337666282667931e-03
1.000000000000000000e+02 2.257019719633921515e+06 9.005034105927577776e-03
1.000000000000000000e+02 2.477076355991709046e+06 8.984575717774280837e-03
1.000000000000000000e+02 2.718588242732940242e+06 8.974426772548336692e-03
1.000000000000000000e+02 2.983647240283340216e+06 8.954279714565777093e-03
1.000000000000000000e+02 3.274549162877731491e+06 8.934336984621364663e-03
1.000000000000000000e+02 3.593813663804625627e+06 8.924435683461911725e-03
1.000000000000000000e+02 3.944206059437655844e+06 8.904782386988411777e-03
1.000000000000000000e+02 4.328761281083061360e+06 8.885323778353446458e-03
1.000000000000000000e+02 4.750810162102793343e+06 8.875670265655043537e-03
1.000000000000000000e+02 5.214008287999684922e+06 8.856492033161609406e-03
1.000000000000000000e+02 5.722367659350220114e+06 8.846978251007452804e-03
1.000000000000000000e+02 6.280291441834246740e+06 8.828078107913346281e-03
1.000000000000000000e+02 6.892612104349695146e+06 8.809359688190441379e-03
1.000000000000000000e+02 7.564633275546290912e+06 8.800073123266853592e-03
1.000000000000000000e+02 8.302175681319751777e+06 8.781623984764033025e-03
1.000000000000000000e+02 9.111627561154887080e+06 8.772466398597189574e-03
1.000000000000000000e+02 1.000000000000000000e+07 8.754273670724179238e-03
1.400000000000000000e+02 1.000000000000000000e+02 1.872979127302993110e-02
1.400000000000000000e+02 1.023531021899025859e+02 1.838790530089130099e-02
1.400000000000000000e+02 1.047615752789664043e+02 1.812017175672225866e-02
1.400000000000000000e+02 1.072267222010323167e+02 1.779195872819962568e-02
1.400000000000000000e+02 1.097498765493055686e+02 1.748016895759177750e-02
1.400000000000000000e+02 1.123324032978026565e+02 1.719992369761651554e-02
1.400000000000000000e+02 1.149756995397735579e+02 1.695864659249864473e-02
1.400000000000000000e+02 1.176811952434997863e+02 1.675502082020756747e-02
1.400000000000000000e+02 1.204503540258782408e+02 1.660116937387482935e-02
1.400000000000000000e+02 1.232846739442065882e+02 1.647880845418671705e-02
1.400000000000000000e+02 1.261856883066019748e+02 1.639615516308830234e-02
1.400000000000000000e+02 1.291549665014883885e+02 1.632874641441298125e-02
1.400000000000000000e+02 1.321941148466028721e+02 1.629890461542536986e-02
1.400000000000000000e+02 1.353047774579807481e+02 1.631140346412618403e-02
1.400000000000000000e+02 1.384886371393873219e+02 1.638257930912968494e-02
1.400000000000000000e+02 1.417474162926804695e+02 1.646359435072355937e-02
1.400000000000000000e+02 1.450828778495940128e+02 1.670766480410995278e-02
1.400000000000000000e+02 1.484968262254465117e+02 1.716272067137498622e-02
1.400000000000000000e+02 1.519911082952933157e+02 1.706344165611309999e-02
1.400000000000000000e+02 1.555676143930472222e+02 1.669017864695760550e-02
1.400000000000000000e+02 1.592282793341092315e+02 1.632450033565114103e-02
1.400000000000000000e+02 1.629750834620643332e+02 1.599899199827371776e-02
1.400000000000000000e+02 1.668100537200059250e+02 1.017985321398871823e-02
1.400000000000000000e+02 1.707352647470690385e+02 1.001217982485613778e-02
1.400000000000000000e+02 1.747528400007682876e+02 9.852727041183633253e-03
1.400000000000000000e+02 1.788649529057435075e+02 9.723454677286705317e-03
1.400000000000000000e+02 1.830738280295367701e+02 9.620250149615230256e-03
1.400000000000000000e+02 1.873817422860383033e+02 9.547025719902867136e-03
1.400000000000000000e+02 1.917910261672488730e+02 9.483379382075390537e-03
1.400000000000000000e+02 1.963040650040270521e+02 9.437945728823881122e-03
1.400000000000000000e+02 2.009233002565045751e+02 9.411591835685122198e-03
1.400000000000000000e+02 2.056512308348651459e+02 9.406084890049655825e-03
1.400000000000000000e+02 2.104904144512019855e+02 9.395712213755680331e-03
1.400000000000000000e+02 2.154434690031882269e+02 9.410443149968375498e-03
1.400000000000000000e+02 2.205130739903045480e+02 9.438456617472874496e-03
1.400000000000000000e+02 2.257019719633919124e+02 9.469657982666026055e-03
1.400000000000000000e+02 2.310129700083157900e+02 9.500599827850406479e-03
1.400000000000000000e+02 2.364489412645407072e+02 9.543836338458176402e-03
1.400000000000000000e+02 2.420128264794381039e+02 9.573897327054707584e-03
1.400000000000000000e+02 2.477076355991711409e+02 9.622522369692059624e-03
1.400000000000000000e+02 2.535364493970111539e+02 9.651736227387826619e-03
1.400000000000000000e+02 2.595024211399737055e+02 9.680345579058568378e-03
1.400000000000000000e+02 2.656087782946686957e+02 9.730490276814785996e-03
1.400000000000000000e+02 2.718588242732940330e+02 9.758275342869066754e-03
1.400000000000000000e+02 2.782559402207126027e+02 9.808059230774350198e-03
1.400000000000000000e+02 2.848035868435802058e+02 9.835015536959026625e-03
1.400000000000000000e+02 2.915053062825175516e+02 9.861400325649796392e-03
1.400000000000000000e+02 2.983647240283340238e+02 9.910176753827442883e-03
1.400000000000000000e+02 3.053855508833415797e+02 9.935743180512053574e-03
1.400000000000000000e+02 3.125715849688235153e+02 9.981730552796176312e-03
1.400000000000000000e+02 3.199267137797384635e+02 1.000646945780227573e-02
1.400000000000000000e+02 3.274549162877728463e+02 1.004972196374020153e-02
1.400000000000000000e+02 3.351602650938841066e+02 1.007363056921664959e-02
1.400000000000000000e+02 3.430469286314919373e+02 1.009701614212711596e-02
1.400000000000000000e+02 3.511191734215130964e+02 1.013691208821242487e-02
1.400000000000000000e+02 3.593813663804625662e+02 1.015948038742803955e-02
1.400000000000000000e+02 3.678379771828634262e+02 1.019605053467323962e-02
1.400000000000000000e+02 3.764935806792467474e+02 1.021780220658875804e-02
1.400000000000000000e+02 3.853528593710527161e+02 1.023906708059187966e-02
1.400000000000000000e+02 3.944206059437656222e+02 1.027083585274609842e-02
1.400000000000000000e+02 4.037017258596553688e+02 1.029129182511823865e-02
1.400000000000000000e+02 4.132012400115334572e+02 1.031964552444253856e-02
1.400000000000000000e+02 4.229242874389498752e+02 1.033929814984408876e-02
1.400000000000000000e+02 4.328761281083056929e+02 1.035850042803403669e-02
1.400000000000000000e+02 4.430621457583877714e+02 1.038322235225098110e-02
1.400000000000000000e+02 4.534878508128581984e+02 1.040164408157217418e-02
1.400000000000000000e+02 4.641588833612777307e+02 1.042292751913584045e-02
1.400000000000000000e+02 4.750810162102798131e+02 1.044057723015079896e-02
1.400000000000000000e+02 4.862601580065353346e+02 1.045781268606469153e-02
1.400000000000000000e+02 4.977023564332108663e+02 1.047561078238484593e-02
1.400000000000000000e+02 5.094138014816380178e+02 1.049210021844827409e-02
1.400000000000000000e+02 5.214008287999683944e+02 1.050704629571457514e-02
1.400000000000000000e+02 5.336699231206307559e+02 1.052280456772667662e-02
1.400000000000000000e+02 5.462277217684342077e+02 1.053818377720927221e-02
1.400000000000000000e+02 5.590810182512223037e+02 1.055011203785173948e-02
1.400000000000000000e+02 5.722367659350220492e+02 1.056479011198245208e-02
1.400000000000000000e+02 5.857020818056666940e+02 1.057421146185357798e-02
1.400000000000000000e+02 5.994842503189408944e+02 1.058820593946404806e-02
1.400000000000000000e+02 6.135907273413175744e+02 1.060185523905079336e-02
1.400000000000000000e+02 6.280291441834252737e+02 1.060861384851519151e-02
1.400000000000000000e+02 6.428073117284319551e+02 1.062161120784930329e-02
1.400000000000000000e+02 6.579332246575681893e+02 1.062620899365040311e-02
1.400000000000000000e+02 6.734150657750820983e+02 1.063857363815160287e-02
1.400000000000000000e+02 6.892612104349694846e+02 1.065062538859611399e-02
1.400000000000000000e+02 7.054802310718645231e+02 1.065292150444693484e-02
1.400000000000000000e+02 7.220809018385464242e+02 1.066437282760207550e-02
1.400000000000000000e+02 7.390722033525775032e+02 1.066484240547623322e-02
1.400000000000000000e+02 7.564633275546290179e+02 1.067571338890276403e-02
1.400000000000000000e+02 7.742636826811269657e+02 1.068630197953392494e-02
1.400000000000000000e+02 7.924828983539169940e+02 1.068479807257901627e-02
1.400000000000000000e+02 8.111308307896872520e+02 1.069483839806912272e-02
1.400000000000000000e+02 8.302175681319744172e+02 1.069179683811746599e-02
1.400000000000000000e+02 8.497534359086438371e+02 1.070130914835990162e-02
1.400000000000000000e+02 8.697490026177833897e+02 1.071056768574085716e-02
1.400000000000000000e+02 8.902150854450383122e+02 1.070586523388186544e-02
1.400000000000000000e+02 9.111627561154896284e+02 1.071462700567603170e-02
1.400000000000000000e+02 9.326033468832199560e+02 1.070864280489713417e-02
1.400000000000000000e+02 9.545484566618337112e+02 1.071692772856651897e-02
1.400000000000000000e+02 9.770099572992256753e+02 1.072498557831359084e-02
1.400000000000000000e+02 1.000000000000000000e+03 1.071762270801870399e-02
1.400000000000000000e+02 1.000000000000000000e+03 1.071762270801870399e-02
1.400000000000000000e+02 1.097498765493055544e+03 1.073097288758509925e-02
1.400000000000000000e+02 1.204503540258781186e+03 1.072375108646253343e-02
1.400000000000000000e+02 1.321941148466028608e+03 1.071198251609880615e-02
1.400000000000000000e+02 1.450828778495938650e+03 1.071448654580139936e-02
1.400000000000000000e+02 1.592282793341090610e+03 1.069605088926974500e-02
1.400000000000000000e+02 1.747528400007682876e+03 1.069339272728644062e-02
1.400000000000000000e+02 1.917910261672486740e+03 1.066997045254454608e-02
1.400000000000000000e+02 2.104904144512019684e+03 1.064451978492905043e-02
1.400000000000000000e+02 2.310129700083158241e+03 1.063627073517415048e-02
1.400000000000000000e+02 2.535364493970108924e+03 1.060779325519844475e-02
1.400000000000000000e+02 2.782559402207123185e+03 1.059698574685745062e-02
1.400000000000000000e+02 3.053855508833412387e+03 1.056640225729664311e-02
1.400000000000000000e+02 3.351602650938840725e+03 1.053481548742790479e-02
1.400000000000000000e+02 3.678379771828630510e+03 1.052128084348404394e-02
1.400000000000000000e+02 4.037017258596553802e+03 1.048855978138487841e-02
1.400000000000000000e+02 4.430621457583877600e+03 1.045556602851204289e-02
1.400000000000000000e+02 4.862601580065348571e+03 1.044058153689889946e-02
1.400000000000000000e+02 5.336699231206307559e+03 1.040716890114019508e-02
1.400000000000000000e+02 5.857020818056661483e+03 1.039160378569168978e-02
1.400000000000000000e+02 6.428073117284318869e+03 1.035807346855931177e-02
1.400000000000000000e+02 7.054802310718638182e+03 1.032466934792220133e-02
1.400000000000000000e+02 7.742636826811270112e+03 1.030844615351993697e-02
1.400000000000000000e+02 8.497534359086437689e+03 1.027459884419457299e-02
1.400000000000000000e+02 9.326033468832189101e+03 1.025826899205601987e-02
1.400000000000000000e+02 1.023531021899026928e+04 1.022474474666918050e-02
1.400000000000000000e+02 1.123324032978026480e+04 1.019154525342606810e-02
1.400000000000000000e+02 1.232846739442065882e+04 1.017536533966398489e-02
1.400000000000000000e+02 1.353047774579807628e+04 1.014262416185728738e-02
1.400000000000000000e+02 1.484968262254463480e+04 1.012658900938351661e-02
1.400000000000000000e+02 1.629750834620643400e+04 1.009435501100095292e-02
1.400000000000000000e+02 1.788649529057435211e+04 1.006249422946096407e-02
1.400000000000000000e+02 1.963040650040268520e+04 1.004682277306752358e-02
1.400000000000000000e+02 2.154434690031882201e+04 1.001550497057314068e-02
1.400000000000000000e+02 2.364489412645407356e+04 1.000006880379689274e-02
1.400000000000000000e+02 2.595024211399731939e+04 9.969306742257636259e-03
1.400000000000000000e+02 2.848035868435799057e+04 9.938922542571259830e-03
1.400000000000000000e+02 3.125715849688235176e+04 9.923917124930223266e-03
1.400000000000000000e+02 3.430469286314912461e+04 9.894083981323034682e-03
1.400000000000000000e+02 3.764935806792470976e+04 9.864618445631703758e-03
1.400000000000000000e+02 4.132012400115334458e+04 9.850051291923496086e-03
1.400000000000000000e+02 4.534878508128582325e+04 9.821123272241820412e-03
1.400000000000000000e+02 4.977023564332113892e+04 9.806816903501042529e-03
1.400000000000000000e+02 5.462277217684336938e+04 9.778211025960369465e-03
1.400000000000000000e+02 5.994842503189409035e+04 9.749861175599464080e-03
1.400000000000000000e+02 6.579332246575682075e+04 9.735824039605517344e-03
1.400000000000000000e+02 7.220809018385456875e+04 9.707991072780374625e-03
1.400000000000000000e+02 7.924828983539169712e+04 9.694205687503565372e-03
1.400000000000000000e+02 8.697490026177834079e+04 9.666876517374037303e-03
1.400000000000000000e+02 9.545484566618327517e+04 9.639872601966073193e-03
1.400000000000000000e+02 1.047615752789664111e+05 9.626499848624396616e-03
1.400000000000000000e+02 1.149756995397735591e+05 9.599978138672964068e-03
1.400000000000000000e+02 1.261856883066018490e+05 9.586840937086952424e-03
1.400000000000000000e+02 1.384886371393871668e+05 9.560791140112432848e-03
1.400000000000000000e+02 1.519911082952933211e+05 9.535047077712513128e-03
1.400000000000000000e+02 1.668100537200059043e+05 9.522212523721384353e-03
1.400000000000000000e+02 1.830738280295369623e+05 9.496632780272030658e-03
1.400000000000000000e+02 2.009233002565045899e+05 9.483952862961969599e-03
1.400000000000000000e+02 2.205130739903045760e+05 9.458812902951281923e-03
1.400000000000000000e+02 2.420128264794383431e+05 9.433957569611879992e-03
1.400000000000000000e+02 2.656087782946684165e+05 9.421639952068820364e-03
1.400000000000000000e+02 2.915053062825175584e+05 9.397208562635161327e-03
1.400000000000000000e+02 3.199267137797384639e+05 9.373056150012232940e-03
1.400000000000000000e+02 3.511191734215127653e+05 9.361082699267544646e-03
1.400000000000000000e+02 3.853528593710527639e+05 9.337333100024063429e-03
1.400000000000000000e+02 4.229242874389499193e+05 9.325554767288626520e-03
1.400000000000000000e+02 4.641588833612772287e+05 9.302196531416246500e-03
1.400000000000000000e+02 5.094138014816375216e+05 9.279091079426572686e-03
1.400000000000000000e+02 5.590810182512222091e+05 9.267642642526507241e-03
1.400000000000000000e+02 6.135907273413175717e+05 9.244670312857507233e-03
1.400000000000000000e+02 6.734150657750827959e+05 9.233155703222039462e-03
1.400000000000000000e+02 7.390722033525775187e+05 9.210316704295517382e-03
1.400000000000000000e+02 8.111308307896872284e+05 9.187724069818685099e-03
1.400000000000000000e+02 8.902150854450393235e+05 9.176515845041527744e-03
1.400000000000000000e+02 9.770099572992246831e+05 9.154285398517265915e-03
1.400000000000000000e+02 1.072267222010323079e+06 9.143255793125549050e-03
1.400000000000000000e+02 1.176811952434999170e+06 9.121375420858158362e-03
1.400000000000000000e+02 1.291549665014882805e+06 9.099724151186533785e-03
1.400000000000000000e+02 1.417474162926804740e+06 9.088981752527312483e-03
1.400000000000000000e+02 1.555676143930472201e+06 9.067668904561307017e-03
1.400000000000000000e+02 1.707352647470688680e+06 9.057096534515566080e-03
1.400000000000000000e+02 1.873817422860383056e+06 9.036110383373418056e-03
1.400000000000000000e+02 2.056512308348651510e+06 9.015337610975848043e-03
1.400000000000000000e+02 2.257019719633921515e+06 9.005034060036953142e-03
1.400000000000000000e+02 2.477076355991709046e+06 8.984575679717773239e-03
1.400000000000000000e+02 2.718588242732940242e+06 8.974426740970795763e-03
1.400000000000000000e+02 2.983647240283340216e+06 8.954279688378335988e-03
1.400000000000000000e+02 3.274549162877731491e+06 8.934336962903915644e-03
1.400000000000000000e+02 3.593813663804625627e+06 8.924435665441522725e-03
1.400000000000000000e+02 3.944206059437655844e+06 8.904782372043649336e-03
1.400000000000000000e+02 4.328761281083061360e+06 8.885323765959332945e-03
1.400000000000000000e+02 4.750810162102793343e+06 8.875670255370653877e-03
1.400000000000000000e+02 5.214008287999684922e+06 8.856492024632298468e-03
1.400000000000000000e+02 5.722367659350220114e+06 8.846978243929977045e-03
1.400000000000000000e+02 6.280291441834246740e+06 8.828078102043571129e-03
1.400000000000000000e+02 6.892612104349695146e+06 8.809359683322250459e-03
1.400000000000000000e+02 7.564633275546290912e+06 8.800073119227239463e-03
1.400000000000000000e+02 8.302175681319751777e+06 8.781623981413657493e-03
1.400000000000000000e+02 9.111627561154887080e+06 8.772466395817029791e-03
1.400000000000000000e+02 1.000000000000000000e+07 8.754273668418331017e-03
2.000000000000000000e+02 1.000000000000000000e+02 2.557668789096462225e-02
2.000000000000000000e+02 1.023531021899025859e+02 2.505538686164614920e-02
2.000000000000000000e+02 1.047615752789664043e+02 2.460242214062523594e-02
2.000000000000000000e+02 1.072267222010323167e+02 2.411054059454677267e-02
2.000000000000000000e+02 1.097498765493055686e+02 2.364093923855752760e-02
2.000000000000000000e+02 1.123324032978026565e+02 2.320505404907962851e-02
2.000000000000000000e+02 1.149756995397735579e+02 2.280800202029411444e-02
2.000000000000000000e+02 1.176811952434997863e+02 2.244837513086739636e-02
2.000000000000000000e+02 1.204503540258782408e+02 2.213591882949126483e-02
2.000000000000000000e+02 1.232846739442065882e+02 2.185673220174278938e-02
2.000000000000000000e+02 1.261856883066019748e+02 2.161738952745896267e-02
2.000000000000000000e+02 1.291549665014883885e+02 2.139630712477557858e-02
2.000000000000000000e+02 1.321941148466028721e+02 2.121530223234690399e-02
2.000000000000000000e+02 1.353047774579807481e+02 2.107605565178407789e-02
2.000000000000000000e+02 1.384886371393873219e+02 2.099244545343048260e-02
2.000000000000000000e+02 1.417474162926804695e+02 2.092033878819316711e-02
2.000000000000000000e+02 1.450828778495940128e+02 2.099561887032052113e-02
2.000000000000000000e+02 1.484968262254465117e+02 2.125973104305171196e-02
2.000000000000000000e+02 1.519911082952933157e+02 2.103872683269780025e-02
2.000000000000000000e+02 1.555676143930472222e+02 2.057457621488202951e-02
2.000000000000000000e+02 1.592282793341092315e+02 2.011453910310260010e-02
2.000000000000000000e+02 1.629750834620643332e+02 1.968625127048756127e-02
2.000000000000000000e+02 1.668100537200059250e+02 1.320674619109473390e-02
2.000000000000000000e+02 1.707352647470690385e+02 1.284689444226546837e-02
2.000000000000000000e+02 1.747528400007682876e+02 1.249687740353557820e-02
2.000000000000000000e+02 1.788649529057435075e+02 1.217680917522373854e-02
2.000000000000000000e+02 1.830738280295367701e+02 1.188315489107596296e-02
2.000000000000000000e+02 1.873817422860383033e+02 1.162011000167441008e-02
2.000000000000000000e+02 1.917910261672488730e+02 1.136844835302414959e-02
2.000000000000000000e+02 1.963040650040270521e+02 1.113653479931287979e-02
2.000000000000000000e+02 2.009233002565045751e+02 1.092583770357438352e-02
2.000000000000000000e+02 2.056512308348651459e+02 1.073916445115550948e-02
2.000000000000000000e+02 2.104904144512019855e+02 1.054679067866936236e-02
2.000000000000000000e+02 2.154434690031882269e+02 1.038598654349750551e-02
2.000000000000000000e+02 2.205130739903045480e+02 1.023638861627177224e-02
2.000000000000000000e+02 2.257019719633919124e+02 1.010105439792179267e-02
2.000000000000000000e+02 2.310129700083157900e+02 9.978089801955566940e-03
2.000000000000000000e+02 2.364489412645407072e+02 9.874606401844338369e-03
2.000000000000000000e+02 2.420128264794381039e+02 9.776320159469720217e-03
2.000000000000000000e+02 2.477076355991711409e+02 9.703265030335153640e-03
2.000000000000000000e+02 2.535364493970111539e+02 9.629066505476792728e-03
2.000000000000000000e+02 2.595024211399737055e+02 9.566470112301645942e-03
2.000000000000000000e+02 2.656087782946686957e+02 9.531733312763272445e-03
2.000000000000000000e+02 2.718588242732940330e+02 9.492157093248779556e-03
2.000000000000000000e+02 2.782559402207126027e+02 9.480910835735678957e-03
2.000000000000000000e+02 2.848035868435802058e+02 9.463479362256183719e-03
2.000000000000000000e+02 2.915053062825175516e+02 9.456576842462751861e-03
2.000000000000000000e+02 2.983647240283340238e+02 9.478054988801113551e-03
2.000000000000000000e+02 3.053855508833415797e+02 9.491672716237993870e-03
2.000000000000000000e+02 3.125715849688235153e+02 9.531589722369416054e-03
2.000000000000000000e+02 3.199267137797384635e+02 9.563631944740063479e-03
2.000000000000000000e+02 3.274549162877728463e+02 9.612099636206582892e-03
2.000000000000000000e+02 3.351602650938841066e+02 9.644955997895467842e-03
2.000000000000000000e+02 3.430469286314919373e+02 9.677181110706284395e-03
2.000000000000000000e+02 3.511191734215130964e+02 9.722462196004351062e-03
2.000000000000000000e+02 3.593813663804625662e+02 9.753670097171585757e-03
2.000000000000000000e+02 3.678379771828634262e+02 9.795858715196361505e-03
2.000000000000000000e+02 3.764935806792467474e+02 9.826043206565710300e-03
2.000000000000000000e+02 3.853528593710527161e+02 9.855625492569941234e-03
2.000000000000000000e+02 3.944206059437656222e+02 9.893254920929661286e-03
2.000000000000000000e+02 4.037017258596553688e+02 9.921814564308873222e-03
2.000000000000000000e+02 4.132012400115334572e+02 9.956183647210794033e-03
2.000000000000000000e+02 4.229242874389498752e+02 9.983721706365654425e-03
2.000000000000000000e+02 4.328761281083056929e+02 1.001069072279756056e-02
2.000000000000000000e+02 4.430621457583877714e+02 1.004143221937593179e-02
2.000000000000000000e+02 4.534878508128581984e+02 1.006739854589074751e-02
2.000000000000000000e+02 4.641588833612777307e+02 1.009480201623892855e-02
2.000000000000000000e+02 4.750810162102798131e+02 1.011977203686398666e-02
2.000000000000000000e+02 4.862601580065353346e+02 1.014420902744596863e-02
2.000000000000000000e+02 4.977023564332108663e+02 1.016806473818777402e-02
2.000000000000000000e+02 5.094138014816380178e+02 1.019153082912817830e-02
2.000000000000000000e+02 5.214008287999683944e+02 1.021252726821357537e-02
2.000000000000000000e+02 5.336699231206307559e+02 1.023503705926858028e-02
2.000000000000000000e+02 5.462277217684342077e+02 1.025705143863590331e-02
2.000000000000000000e+02 5.590810182512223037e+02 1.027488563973790771e-02
2.000000000000000000e+02 5.722367659350220492e+02 1.029597581441158566e-02
2.000000000000000000e+02 5.857020818056666940e+02 1.031124098192831400e-02
2.000000000000000000e+02 5.994842503189408944e+02 1.033142592750059541e-02
2.000000000000000000e+02 6.135907273413175744e+02 1.035115362001548349e-02
2.000000000000000000e+02 6.280291441834252737e+02 1.036356464190092523e-02
2.000000000000000000e+02 6.428073117284319551e+02 1.038242292002789641e-02
2.000000000000000000e+02 6.579332246575681893e+02 1.039257050649110975e-02
2.000000000000000000e+02 6.734150657750820983e+02 1.041058134188128231e-02
2.000000000000000000e+02 6.892612104349694846e+02 1.042817272915627300e-02
2.000000000000000000e+02 7.054802310718645231e+02 1.043579534432151172e-02
2.000000000000000000e+02 7.220809018385464242e+02 1.045257722453409553e-02
2.000000000000000000e+02 7.390722033525775032e+02 1.045824284267945527e-02
2.000000000000000000e+02 7.564633275546290179e+02 1.047423897725873951e-02
2.000000000000000000e+02 7.742636826811269657e+02 1.048985242631982756e-02
2.000000000000000000e+02 7.924828983539169940e+02 1.049330280598866939e-02
2.000000000000000000e+02 8.111308307896872520e+02 1.050816920784135473e-02
2.000000000000000000e+02 8.302175681319744172e+02 1.050993469593188186e-02
2.000000000000000000e+02 8.497534359086438371e+02 1.052407858438568315e-02
2.000000000000000000e+02 8.697490026177833897e+02 1.053787501487094859e-02
2.000000000000000000e+02 8.902150854450383122e+02 1.053772971315678798e-02
2.000000000000000000e+02 9.111627561154896284e+02 1.055084206477192345e-02
2.000000000000000000e+02 9.326033468832199560e+02 1.054925913750310619e-02
2.000000000000000000e+02 9.545484566618337112e+02 1.056171197048092272e-02
2.000000000000000000e+02 9.770099572992256753e+02 1.057385071628570532e-02
2.000000000000000000e+02 1.000000000000000000e+03 1.057063881557693610e-02
2.000000000000000000e+02 1.000000000000000000e+03 1.057063881557693610e-02
2.000000000000000000e+02 1.097498765493055544e+03 1.059927821140888363e-02
2.000000000000000000e+02 1.204503540258781186e+03 1.060622577309498250e-02
2.000000000000000000e+02 1.321941148466028608e+03 1.060739834372114755e-02
2.000000000000000000e+02 1.450828778495938650e+03 1.062150900964818970e-02
2.000000000000000000e+02 1.592282793341090610e+03 1.061375271939028753e-02
2.000000000000000000e+02 1.747528400007682876e+03 1.062060814041831773e-02
2.000000000000000000e+02 1.917910261672486740e+03 1.060588343076458891e-02
2.000000000000000000e+02 2.104904144512019684e+03 1.058823703467442687e-02
2.000000000000000000e+02 2.310129700083158241e+03 1.058688091754278297e-02
2.000000000000000000e+02 2.535364493970108924e+03 1.056463822163651242e-02
2.000000000000000000e+02 2.782559402207123185e+03 1.055931082792062152e-02
2.000000000000000000e+02 3.053855508833412387e+03 1.053364666327077752e-02
2.000000000000000000e+02 3.351602650938840725e+03 1.050641068818084639e-02
2.000000000000000000e+02 3.678379771828630510e+03 1.049667132574216670e-02
2.000000000000000000e+02 4.037017258596553802e+03 1.046732086541196302e-02
2.000000000000000000e+02 4.430621457583877600e+03 1.043727783274186333e-02
2.000000000000000000e+02 4.862601580065348571e+03 1.042485049409344958e-02
2.000000000000000000e+02 5.336699231206307559e+03 1.039368405274115024e-02
2.000000000000000000e+02 5.857020818056661483e+03 1.038005781419999198e-02
2.000000000000000000e+02 6.428073117284318869e+03 1.034821885433074087e-02
2.000000000000000000e+02 7.054802310718638182e+03 1.031627573351542350e-02
2.000000000000000000e+02 7.742636826811270112e+03 1.030130714398681813e-02
2.000000000000000000e+02 8.497534359086437689e+03 1.026854508840527140e-02
2.000000000000000000e+02 9.326033468832189101e+03 1.025314108911955929e-02
2.000000000000000000e+02 1.023531021899026928e+04 1.022041277364614358e-02
2.000000000000000000e+02 1.123324032978026480e+04 1.018789193811140380e-02
2.000000000000000000e+02 1.232846739442065882e+04 1.017228763142586506e-02
2.000000000000000000e+02 1.353047774579807628e+04 1.014003716977376381e-02
2.000000000000000000e+02 1.484968262254463480e+04 1.012441658638758499e-02
2.000000000000000000e+02 1.629750834620643400e+04 1.009253418880733284e-02
2.000000000000000000e+02 1.788649529057435211e+04 1.006097000961671088e-02
2.000000000000000000e+02 1.963040650040268520e+04 1.004554777041571575e-02
2.000000000000000000e+02 2.154434690031882201e+04 1.001443998850828215e-02
2.000000000000000000e+02 2.364489412645407356e+04 9.999179739667992187e-03
2.000000000000000000e+02 2.595024211399731939e+04 9.968565383475696054e-03
2.000000000000000000e+02 2.848035868435799057e+04 9.938304801175155967e-03
2.000000000000000000e+02 3.125715849688235176e+04 9.923402549994339572e-03
2.000000000000000000e+02 3.430469286314912461e+04 9.893655687381366567e-03
2.000000000000000000e+02 3.764935806792470976e+04 9.864262131853433063e-03
2.000000000000000000e+02 4.132012400115334458e+04 9.849754905400480778e-03
2.000000000000000000e+02 4.534878508128582325e+04 9.820876876501637848e-03
2.000000000000000000e+02 4.977023564332113892e+04 9.806612073398687443e-03
2.000000000000000000e+02 5.462277217684336938e+04 9.778040857264493763e-03
2.000000000000000000e+02 5.994842503189409035e+04 9.749719836824214531e-03
2.000000000000000000e+02 6.579332246575682075e+04 9.735706631361217001e-03
2.000000000000000000e+02 7.220809018385456875e+04 9.707893585952179563e-03
2.000000000000000000e+02 7.924828983539169712e+04 9.694124727978493603e-03
2.000000000000000000e+02 8.697490026177834079e+04 9.666809310564133603e-03
2.000000000000000000e+02 9.545484566618327517e+04 9.639816815676664069e-03
2.000000000000000000e+02 1.047615752789664111e+05 9.626453531020215740e-03
2.000000000000000000e+02 1.149756995397735591e+05 9.599939696648853230e-03
2.000000000000000000e+02 1.261856883066018490e+05 9.586809023004476751e-03
2.000000000000000000e+02 1.384886371393871668e+05 9.560764654722317402e-03
2.000000000000000000e+02 1.519911082952933211e+05 9.535025098440555111e-03
2.000000000000000000e+02 1.668100537200059043e+05 9.522194279863538044e-03
2.000000000000000000e+02 1.830738280295369623e+05 9.496617644456660512e-03
2.000000000000000000e+02 2.009233002565045899e+05 9.483940300768467155e-03
2.000000000000000000e+02 2.205130739903045760e+05 9.458802481128016429e-03
2.000000000000000000e+02 2.420128264794383431e+05 9.433948923529281855e-03
2.000000000000000000e+02 2.656087782946684165e+05 9.421632776318368194e-03
2.000000000000000000e+02 2.915053062825175584e+05 9.397202609609838636e-03
2.000000000000000000e+02 3.199267137797384639e+05 9.373051211338601432e-03
2.000000000000000000e+02 3.511191734215127653e+05 9.361078600552984186e-03
2.000000000000000000e+02 3.853528593710527639e+05 9.337329699698778199e-03
2.000000000000000000e+02 4.229242874389499193e+05 9.325551945276271820e-03
2.000000000000000000e+02 4.641588833612772287e+05 9.302194190268404939e-03
2.000000000000000000e+02 5.094138014816375216e+05 9.279089137177688393e-03
2.000000000000000000e+02 5.590810182512222091e+05 9.267641030615017539e-03
2.000000000000000000e+02 6.135907273413175717e+05 9.244668975948788087e-03
2.000000000000000000e+02 6.734150657750827959e+05 9.233154593983144282e-03
2.000000000000000000e+02 7.390722033525775187e+05 9.210315784537978154e-03
2.000000000000000000e+02 8.111308307896872284e+05 9.187723307166158898e-03
2.000000000000000000e+02 8.902150854450393235e+05 9.176515212262974230e-03
2.000000000000000000e+02 9.770099572992246831e+05 9.154284873814028459e-03
2.000000000000000000e+02 1.072267222010323079e+06 9.143255357769913827e-03
2.000000000000000000e+02 1.176811952434999170e+06 9.121375059853420106e-03
2.000000000000000000e+02 1.291549665014882805e+06 9.099723851829491159e-03
2.000000000000000000e+02 1.417474162926804740e+06 9.088981504142102513e-03
2.000000000000000000e+02 1.555676143930472201e+06 9.067668698588687848e-03
2.000000000000000000e+02 1.707352647470688680e+06 9.057096363613159271e-03
2.000000000000000000e+02 1.873817422860383056e+06 9.036110241650404523e-03
2.000000000000000000e+02 2.056512308348651510e+06 9.015337493449175621e-03
2.000000000000000000e+02 2.257019719633921515e+06 9.005033962519651616e-03
2.000000000000000000e+02 2.477076355991709046e+06 8.984575598847854838e-03
2.000000000000000000e+02 2.718588242732940242e+06 8.974426673868635129e-03
2.000000000000000000e+02 2.983647240283340216e+06 8.954279632730101704e-03
2.000000000000000000e+02 3.274549162877731491e+06 8.934336916754419960e-03
2.000000000000000000e+02 3.593813663804625627e+06 8.924435627148254863e-03
2.000000000000000000e+02 3.944206059437655844e+06 8.904782340286063191e-03
2.000000000000000000e+02 4.328761281083061360e+06 8.885323739621871220e-03
2.000000000000000000e+02 4.750810162102793343e+06 8.875670233516354257e-03
2.000000000000000000e+02 5.214008287999684922e+06 8.856492006507512074e-03
2.000000000000000000e+02 5.722367659350220114e+06 8.846978228890326965e-03
2.000000000000000000e+02 6.280291441834246740e+06 8.828078089570281367e-03
2.000000000000000000e+02 6.892612104349695146e+06 8.809359672977325889e-03
2.000000000000000000e+02 7.564633275546290912e+06 8.800073110643066160e-03
2.000000000000000000e+02 8.302175681319751777e+06 8.781623974294118160e-03
2.000000000000000000e+02 9.111627561154887080e+06 8.772466389909201745e-03
2.000000000000000000e+02 1.000000000000000000e+07 8.754273663518432821e-03
3.000000000000000000e+02 1.000000000000000000e+02 3.987660724290395531e-02
3.000000000000000000e+02 1.023531021899025859e+02 3.891653173923324133e-02
3.000000000000000000e+02 1.047615752789664043e+02 3.802558534998654732e-02
3.000000000000000000e+02 1.072267222010323167e+02 3.712653468095260950e-02
3.000000000000000000e+02 1.097498765493055686e+02 3.626279696658525620e-02
3.000000000000000000e+02 1.123324032978026565e+02 3.544176280058867340e-02
3.000000000000000000e+02 1.149756995397735579e+02 3.466633620770768337e-02
3.000000000000000000e+02 1.176811952434997863e+02 3.393452328009165242e-02
3.000000000000000000e+02 1.204503540258782408e+02 3.325405577952191688e-02
3.000000000000000000e+02 1.232846739442065882e+02 3.261477061563646668e-02
3.000000000000000000e+02 1.261856883066019748e+02 3.202110251893207360e-02
3.000000000000000000e+02 1.291549665014883885e+02 3.145454326469416390e-02
3.000000000000000000e+02 1.321941148466028721e+02 3.093586353897434527e-02
3.000000000000000000e+02 1.353047774579807481e+02 3.046374388929823721e-02
3.000000000000000000e+02 1.384886371393873219e+02 3.004898635066459434e-02
3.000000000000000000e+02 1.417474162926804695e+02 2.965370612230082067e-02
3.000000000000000000e+02 1.450828778495940128e+02 2.939167364515482550e-02
3.000000000000000000e+02 1.484968262254465117e+02 2.929617109843044021e-02
3.000000000000000000e+02 1.519911082952933157e+02 2.880966632597607366e-02
3.000000000000000000e+02 1.555676143930472222e+02 2.812771501269665034e-02
3.000000000000000000e+02 1.592282793341092315e+02 2.745558055685815707e-02
3.000000000000000000e+02 1.629750834620643332e+02 2.681808101728122909e-02
3.000000000000000000e+02 1.668100537200059250e+02 2.073996021605531773e-02
3.000000000000000000e+02 1.707352647470690385e+02 2.011453423059835974e-02
3.000000000000000000e+02 1.747528400007682876e+02 1.950266423635290194e-02
3.000000000000000000e+02 1.788649529057435075e+02 1.892167453666386903e-02
3.000000000000000000e+02 1.830738280295367701e+02 1.836849272666185931e-02
3.000000000000000000e+02 1.873817422860383033e+02 1.784723915786197088e-02
3.000000000000000000e+02 1.917910261672488730e+02 1.734025226199213329e-02
3.000000000000000000e+02 1.963040650040270521e+02 1.685510908839702240e-02
3.000000000000000000e+02 2.009233002565045751e+02 1.639360025534140897e-02
3.000000000000000000e+02 2.056512308348651459e+02 1.595926418953112422e-02
3.000000000000000000e+02 2.104904144512019855e+02 1.551882523478489290e-02
3.000000000000000000e+02 2.154434690031882269e+02 1.511572042498001908e-02
3.000000000000000000e+02 2.205130739903045480e+02 1.472102556691397800e-02
3.000000000000000000e+02 2.257019719633919124e+02 1.434845058315783323e-02
3.000000000000000000e+02 2.310129700083157900e+02 1.399071175851938041e-02
3.000000000000000000e+02 2.364489412645407072e+02 1.364874382959372322e-02
3.000000000000000000e+02 2.420128264794381039e+02 1.332048602180582048e-02
3.000000000000000000e+02 2.477076355991711409e+02 1.301330396152454959e-02
3.000000000000000000e+02 2.535364493970111539e+02 1.271390989388111910e-02
3.000000000000000000e+02 2.595024211399737055e+02 1.242853981831563807e-02
3.000000000000000000e+02 2.656087782946686957e+02 1.216700691068354177e-02
3.000000000000000000e+02 2.718588242732940330e+02 1.190962240980149474e-02
3.000000000000000000e+02 2.782559402207126027e+02 1.167706056825167441e-02
3.000000000000000000e+02 2.848035868435802058e+02 1.144710083498390839e-02
3.000000000000000000e+02 2.915053062825175516e+02 1.123048382026345729e-02
3.000000000000000000e+02 2.983647240283340238e+02 1.103950825308301631e-02
3.000000000000000000e+02 3.053855508833415797e+02 1.084951694195388297e-02
3.000000000000000000e+02 3.125715849688235153e+02 1.068405346823053312e-02
3.000000000000000000e+02 3.199267137797384635e+02 1.052014343280001200e-02
3.000000000000000000e+02 3.274549162877728463e+02 1.037956135706738676e-02
3.000000000000000000e+02 3.351602650938841066e+02 1.024118352511384049e-02
3.000000000000000000e+02 3.430469286314919373e+02 1.011523767407662353e-02
3.000000000000000000e+02 3.511191734215130964e+02 1.001118397705741750e-02
3.000000000000000000e+02 3.593813663804625662e+02 9.909917867886508178e-03
3.000000000000000000e+02 3.678379771828634262e+02 9.828673332536288013e-03
3.000000000000000000e+02 3.764935806792467474e+02 9.751457149759622939e-03
3.000000000000000000e+02 3.853528593710527161e+02 9.685916979796269435e-03
3.000000000000000000e+02 3.944206059437656222e+02 9.637589153046686660e-03
3.000000000000000000e+02 4.037017258596553688e+02 9.595028986768042514e-03
3.000000000000000000e+02 4.132012400115334572e+02 9.567484117486414058e-03
3.000000000000000000e+02 4.229242874389498752e+02 9.547055361635045298e-03
3.000000000000000000e+02 4.328761281083056929e+02 9.537264767570637417e-03
3.000000000000000000e+02 4.430621457583877714e+02 9.540109453958242267e-03
3.000000000000000000e+02 4.534878508128581984e+02 9.550889483173972960e-03
3.000000000000000000e+02 4.641588833612777307e+02 9.571738195733108315e-03
3.000000000000000000e+02 4.750810162102798131e+02 9.601772031451290962e-03
3.000000000000000000e+02 4.862601580065353346e+02 9.636499720866772284e-03
3.000000000000000000e+02 4.977023564332108663e+02 9.669214271672299868e-03
3.000000000000000000e+02 5.094138014816380178e+02 9.702751627736141624e-03
3.000000000000000000e+02 5.214008287999683944e+02 9.732655025990523748e-03
3.000000000000000000e+02 5.336699231206307559e+02 9.764995980544888612e-03
3.000000000000000000e+02 5.462277217684342077e+02 9.796716821801011374e-03
3.000000000000000000e+02 5.590810182512223037e+02 9.823338624038578659e-03
3.000000000000000000e+02 5.722367659350220492e+02 9.853883834437155570e-03
3.000000000000000000e+02 5.857020818056666940e+02 9.877897377426813827e-03
3.000000000000000000e+02 5.994842503189408944e+02 9.907279673139014753e-03
3.000000000000000000e+02 6.135907273413175744e+02 9.936074062767656992e-03
3.000000000000000000e+02 6.280291441834252737e+02 9.957027945346606790e-03
3.000000000000000000e+02 6.428073117284319551e+02 9.984689254466152727e-03
3.000000000000000000e+02 6.579332246575681893e+02 1.000327241052059897e-02
3.000000000000000000e+02 6.734150657750820983e+02 1.002981972367552634e-02
3.000000000000000000e+02 6.892612104349694846e+02 1.005581503838742265e-02
3.000000000000000000e+02 7.054802310718645231e+02 1.007160440508172647e-02
3.000000000000000000e+02 7.220809018385464242e+02 1.009652222728225392e-02
3.000000000000000000e+02 7.390722033525775032e+02 1.011019764982204645e-02
3.000000000000000000e+02 7.564633275546290179e+02 1.013406166936917270e-02
3.000000000000000000e+02 7.742636826811269657e+02 1.015741182969718236e-02
3.000000000000000000e+02 7.924828983539169940e+02 1.016856111018636308e-02
3.000000000000000000e+02 8.111308307896872520e+02 1.019089839435066529e-02
3.000000000000000000e+02 8.302175681319744172e+02 1.020017286845370172e-02
3.000000000000000000e+02 8.497534359086438371e+02 1.022152395192221092e-02
3.000000000000000000e+02 8.697490026177833897e+02 1.024240027162418541e-02
3.000000000000000000e+02 8.902150854450383122e+02 1.024942828612056440e-02
3.000000000000000000e+02 9.111627561154896284e+02 1.026936184781813109e-02
3.000000000000000000e+02 9.326033468832199560e+02 1.027474236739773540e-02
3.000000000000000000e+02 9.545484566618337112e+02 1.029376150962271752e-02
3.000000000000000000e+02 9.770099572992256753e+02 1.031234488766717347e-02
3.000000000000000000e+02 1.000000000000000000e+03 1.031574981246430149e-02
3.000000000000000000e+02 1.000000000000000000e+03 1.031574981246430149e-02
3.000000000000000000e+02 1.097498765493055544e+03 1.036877630399270223e-02
3.000000000000000000e+02 1.204503540258781186e+03 1.039858591411226343e-02
3.000000000000000000e+02 1.321941148466028608e+03 1.042084423344516453e-02
3.000000000000000000e+02 1.450828778495938650e+03 1.045400207968471759e-02
3.000000000000000000e+02 1.592282793341090610e+03 1.046399710010316453e-02
3.000000000000000000e+02 1.747528400007682876e+03 1.048678166151353376e-02
3.000000000000000000e+02 1.917910261672486740e+03 1.048682464476176010e-02
3.000000000000000000e+02 2.104904144512019684e+03 1.048257748232881217e-02
3.000000000000000000e+02 2.310129700083158241e+03 1.049314932610845123e-02
3.000000000000000000e+02 2.535364493970108924e+03 1.048186312606751332e-02
3.000000000000000000e+02 2.782559402207123185e+03 1.048624693918455766e-02
3.000000000000000000e+02 3.053855508833412387e+03 1.046944066248662632e-02
3.000000000000000000e+02 3.351602650938840725e+03 1.045013709783695725e-02
3.000000000000000000e+02 3.678379771828630510e+03 1.044737913706239758e-02
3.000000000000000000e+02 4.037017258596553802e+03 1.042433054049073278e-02
3.000000000000000000e+02 4.430621457583877600e+03 1.039987286964453445e-02
3.000000000000000000e+02 4.862601580065348571e+03 1.039233052926701213e-02
3.000000000000000000e+02 5.336699231206307559e+03 1.036552351201954630e-02
3.000000000000000000e+02 5.857020818056661483e+03 1.035569514210717308e-02
3.000000000000000000e+02 6.428073117284318869e+03 1.032722020686777965e-02
3.000000000000000000e+02 7.054802310718638182e+03 1.029821728453732960e-02
3.000000000000000000e+02 7.742636826811270112e+03 1.028579755598889138e-02
3.000000000000000000e+02 8.497534359086437689e+03 1.025527213691974221e-02
3.000000000000000000e+02 9.326033468832189101e+03 1.024179357949992972e-02
3.000000000000000000e+02 1.023531021899026928e+04 1.021074308876237548e-02
3.000000000000000000e+02 1.123324032978026480e+04 1.017966844066005815e-02
3.000000000000000000e+02 1.232846739442065882e+04 1.016530192544194862e-02
3.000000000000000000e+02 1.353047774579807628e+04 1.013411987572769395e-02
3.000000000000000000e+02 1.484968262254463480e+04 1.011941009794963334e-02
3.000000000000000000e+02 1.629750834620643400e+04 1.008830912607966250e-02
3.000000000000000000e+02 1.788649529057435211e+04 1.005741051489430528e-02
3.000000000000000000e+02 1.963040650040268520e+04 1.004255225159759318e-02
3.000000000000000000e+02 2.154434690031882201e+04 1.001192441513672898e-02
3.000000000000000000e+02 2.364489412645407356e+04 9.997069244688737075e-03
3.000000000000000000e+02 2.595024211399731939e+04 9.966797852133207208e-03
3.000000000000000000e+02 2.848035868435799057e+04 9.936826292015619316e-03
3.000000000000000000e+02 3.125715849688235176e+04 9.922166678026967529e-03
3.000000000000000000e+02 3.430469286314912461e+04 9.892623977140819341e-03
3.000000000000000000e+02 3.764935806792470976e+04 9.863401591281134237e-03
3.000000000000000000e+02 4.132012400115334458e+04 9.849037467308061761e-03
3.000000000000000000e+02 4.534878508128582325e+04 9.820279302840361629e-03
3.000000000000000000e+02 4.977023564332113892e+04 9.806114478484733929e-03
3.000000000000000000e+02 5.462277217684336938e+04 9.777626888758002288e-03
3.000000000000000000e+02 5.994842503189409035e+04 9.749375595155523183e-03
3.000000000000000000e+02 6.579332246575682075e+04 9.735420382457019017e-03
3.000000000000000000e+02 7.220809018385456875e+04 9.707655705377292096e-03
3.000000000000000000e+02 7.924828983539169712e+04 9.693927032766962507e-03
3.000000000000000000e+02 8.697490026177834079e+04 9.666645099539660987e-03
3.000000000000000000e+02 9.545484566618327517e+04 9.639680440312567086e-03
3.000000000000000000e+02 1.047615752789664111e+05 9.626340254083582890e-03
3.000000000000000000e+02 1.149756995397735591e+05 9.599845647265696849e-03
3.000000000000000000e+02 1.261856883066018490e+05 9.586730920814252876e-03
3.000000000000000000e+02 1.384886371393871668e+05 9.560699821839714965e-03
3.000000000000000000e+02 1.519911082952933211e+05 9.534971284746911538e-03
3.000000000000000000e+02 1.668100537200059043e+05 9.522149604004678455e-03
3.000000000000000000e+02 1.830738280295369623e+05 9.496580574234166419e-03
3.000000000000000000e+02 2.009233002565045899e+05 9.483909529998708551e-03
3.000000000000000000e+02 2.205130739903045760e+05 9.458776950551970805e-03
3.000000000000000000e+02 2.420128264794383431e+05 9.433927741230399913e-03
3.000000000000000000e+02 2.656087782946684165e+05 9.421615194969994514e-03
3.000000000000000000e+02 2.915053062825175584e+05 9.397188023207006524e-03
3.000000000000000000e+02 3.199267137797384639e+05 9.373039109755086640e-03
3.000000000000000000e+02 3.511191734215127653e+05 9.361068556762658713e-03
3.000000000000000000e+02 3.853528593710527639e+05 9.337321367007125200e-03
3.000000000000000000e+02 4.229242874389499193e+05 9.325545029573348299e-03
3.000000000000000000e+02 4.641588833612772287e+05 9.302188452848894964e-03
3.000000000000000000e+02 5.094138014816375216e+05 9.279084377239872963e-03
3.000000000000000000e+02 5.590810182512222091e+05 9.267637080180371467e-03
3.000000000000000000e+02 6.135907273413175717e+05 9.244665699439246973e-03
3.000000000000000000e+02 6.734150657750827959e+05 9.233151875417532073e-03
3.000000000000000000e+02 7.390722033525775187e+05 9.210313530338978816e-03
3.000000000000000000e+02 8.111308307896872284e+05 9.187721437994976481e-03
3.000000000000000000e+02 8.902150854450393235e+05 9.176513661387032672e-03
3.000000000000000000e+02 9.770099572992246831e+05 9.154283587812625869e-03
3.000000000000000000e+02 1.072267222010323079e+06 9.143254290746586493e-03
3.000000000000000000e+02 1.176811952434999170e+06 9.121374175054996342e-03
3.000000000000000000e+02 1.291549665014882805e+06 9.099723118123110785e-03
3.000000000000000000e+02 1.417474162926804740e+06 9.088980895363035425e-03
3.000000000000000000e+02 1.555676143930472201e+06 9.067668193759505918e-03
3.000000000000000000e+02 1.707352647470688680e+06 9.057095944738607907e-03
3.000000000000000000e+02 1.873817422860383056e+06 9.036109894292820854e-03
3.000000000000000000e+02 2.056512308348651510e+06 9.015337205395476672e-03
3.000000000000000000e+02 2.257019719633921515e+06 9.005033723507922805e-03
3.000000000000000000e+02 2.477076355991709046e+06 8.984575400638147510e-03
3.000000000000000000e+02 2.718588242732940242e+06 8.974426509403150495e-03
3.000000000000000000e+02 2.983647240283340216e+06 8.954279496337810146e-03
3.000000000000000000e+02 3.274549162877731491e+06 8.934336803643186040e-03
3.000000000000000000e+02 3.593813663804625627e+06 8.924435533292390810e-03
3.000000000000000000e+02 3.944206059437655844e+06 8.904782262448998273e-03
3.000000000000000000e+02 4.328761281083061360e+06 8.885323675069370722e-03
3.000000000000000000e+02 4.750810162102793343e+06 8.875670179951939201e-03
3.000000000000000000e+02 5.214008287999684922e+06 8.856491962084066250e-03
3.000000000000000000e+02 5.722367659350220114e+06 8.846978192028481791e-03
3.000000000000000000e+02 6.280291441834246740e+06 8.828078058998541783e-03
3.000000000000000000e+02 6.892612104349695146e+06 8.809359647622156536e-03
3.000000000000000000e+02 7.564633275546290912e+06 8.800073089603453400e-03
3.000000000000000000e+02 8.302175681319751777e+06 8.781623956844283180e-03
3.000000000000000000e+02 9.111627561154887080e+06 8.772466375429249785e-03
3.000000000000000000e+02 1.000000000000000000e+07 8.754273651508858931e-03
5.000000000000000000e+02 1.000000000000000000e+02 7.420771248159029054e-02
5.000000000000000000e+02 1.023531021899025859e+02 7.219487905781478421e-02
5.000000000000000000e+02 1.047615752789664043e+02 7.026456568368562305e-02
5.000000000000000000e+02 1.072267222010323167e+02 6.837129051556165016e-02
5.000000000000000000e+02 1.097498765493055686e+02 6.653977850194049692e-02
5.000000000000000000e+02 1.123324032978026565e+02 6.477356970744312104e-02
5.000000000000000000e+02 1.149756995397735579e+02 6.307358684545148753e-02
5.000000000000000000e+02 1.176811952434997863e+02 6.143658189571499229e-02
5.000000000000000000e+02 1.204503540258782408e+02 5.986912960192528749e-02
5.000000000000000000e+02 1.232846739442065882e+02 5.836380931661122595e-02
5.000000000000000000e+02 1.261856883066019748e+02 5.692266844033749829e-02
5.000000000000000000e+02 1.291549665014883885e+02 5.553077422019928738e-02
5.000000000000000000e+02 1.321941148466028721e+02 5.420681388634416425e-02
5.000000000000000000e+02 1.353047774579807481e+02 5.294672388547519426e-02
5.000000000000000000e+02 1.384886371393873219e+02 5.175742942340164077e-02
5.000000000000000000e+02 1.417474162926804695e+02 5.060916427014266333e-02
5.000000000000000000e+02 1.450828778495940128e+02 4.958712063037841455e-02
5.000000000000000000e+02 1.484968262254465117e+02 4.871375470083633835e-02
5.000000000000000000e+02 1.519911082952933157e+02 4.758108916163002883e-02
5.000000000000000000e+02 1.555676143930472222e+02 4.632762688184382388e-02
5.000000000000000000e+02 1.592282793341092315e+02 4.510477094025535511e-02
5.000000000000000000e+02 1.629750834620643332e+02 4.393327112313800270e-02
5.000000000000000000e+02 1.668100537200059250e+02 3.881258563769546255e-02
5.000000000000000000e+02 1.707352647470690385e+02 3.765760398028378947e-02
5.000000000000000000e+02 1.747528400007682876e+02 3.653112819798873256e-02
5.000000000000000000e+02 1.788649529057435075e+02 3.544620072177492170e-02
5.000000000000000000e+02 1.830738280295367701e+02 3.439993957618196069e-02
5.000000000000000000e+02 1.873817422860383033e+02 3.339572053380945177e-02
5.000000000000000000e+02 1.917910261672488730e+02 3.241800765268754159e-02
5.000000000000000000e+02 1.963040650040270521e+02 3.147269435889547134e-02
5.000000000000000000e+02 2.009233002565045751e+02 3.056137043232557207e-02
5.000000000000000000e+02 2.056512308348651459e+02 2.968772202686313644e-02
5.000000000000000000e+02 2.104904144512019855e+02 2.881594029004540952e-02
5.000000000000000000e+02 2.154434690031882269e+02 2.799337759327791275e-02
5.000000000000000000e+02 2.205130739903045480e+02 2.718299450008768853e-02
5.000000000000000000e+02 2.257019719633919124e+02 2.640877773969977846e-02
5.000000000000000000e+02 2.310129700083157900e+02 2.565762777428054475e-02
5.000000000000000000e+02 2.364489412645407072e+02 2.492334594864667116e-02
5.000000000000000000e+02 2.420128264794381039e+02 2.421673546556031564e-02
5.000000000000000000e+02 2.477076355991711409e+02 2.353070531024508902e-02
5.000000000000000000e+02 2.535364493970111539e+02 2.286639565427720303e-02
5.000000000000000000e+02 2.595024211399737055e+02 2.222230028708320482e-02
5.000000000000000000e+02 2.656087782946686957e+02 2.160031636769809901e-02
5.000000000000000000e+02 2.718588242732940330e+02 2.099553409021155670e-02
5.000000000000000000e+02 2.782559402207126027e+02 2.041354193873065603e-02
5.000000000000000000e+02 2.848035868435802058e+02 1.984632685774326277e-02
5.000000000000000000e+02 2.915053062825175516e+02 1.929715021613888012e-02
5.000000000000000000e+02 2.983647240283340238e+02 1.877113601341686214e-02
5.000000000000000000e+02 3.053855508833415797e+02 1.825726353369392513e-02
5.000000000000000000e+02 3.125715849688235153e+02 1.776567482982704255e-02
5.000000000000000000e+02 3.199267137797384635e+02 1.728579107073791379e-02
5.000000000000000000e+02 3.274549162877728463e+02 1.682724923836724507e-02
5.000000000000000000e+02 3.351602650938841066e+02 1.638018963228179622e-02
5.000000000000000000e+02 3.430469286314919373e+02 1.594903199671793975e-02
5.000000000000000000e+02 3.511191734215130964e+02 1.553802160426246554e-02
5.000000000000000000e+02 3.593813663804625662e+02 1.513819319942309033e-02
5.000000000000000000e+02 3.678379771828634262e+02 1.475712169125446491e-02
5.000000000000000000e+02 3.764935806792467474e+02 1.438775195407763705e-02
5.000000000000000000e+02 3.853528593710527161e+02 1.403322507910338343e-02
5.000000000000000000e+02 3.944206059437656222e+02 1.369535467840942225e-02
5.000000000000000000e+02 4.037017258596553688e+02 1.337014851080967764e-02
5.000000000000000000e+02 4.132012400115334572e+02 1.306003333856387005e-02
5.000000000000000000e+02 4.229242874389498752e+02 1.276347268568573008e-02
5.000000000000000000e+02 4.328761281083056929e+02 1.248093877219860065e-02
5.000000000000000000e+02 4.430621457583877714e+02 1.221191322600721253e-02
5.000000000000000000e+02 4.534878508128581984e+02 1.195711960682609501e-02
5.000000000000000000e+02 4.641588833612777307e+02 1.171412936135860124e-02
5.000000000000000000e+02 4.750810162102798131e+02 1.148650777578479228e-02
5.000000000000000000e+02 4.862601580065353346e+02 1.127222899362102966e-02
5.000000000000000000e+02 4.977023564332108663e+02 1.106810804380633367e-02
5.000000000000000000e+02 5.094138014816380178e+02 1.088019905471076382e-02
5.000000000000000000e+02 5.214008287999683944e+02 1.070095455595243029e-02
5.000000000000000000e+02 5.336699231206307559e+02 1.053888371147388738e-02
5.000000000000000000e+02 5.462277217684342077e+02 1.038951029645789927e-02
5.000000000000000000e+02 5.590810182512223037e+02 1.024726134959503578e-02
5.000000000000000000e+02 5.722367659350220492e+02 1.012292126703897600e-02
5.000000000000000000e+02 5.857020818056666940e+02 1.000428690480336356e-02
5.000000000000000000e+02 5.994842503189408944e+02 9.904408741319033899e-03
5.000000000000000000e+02 6.135907273413175744e+02 9.816527124208209928e-03
5.000000000000000000e+02 6.280291441834252737e+02 9.732824932696736847e-03
5.000000000000000000e+02 6.428073117284319551e+02 9.668467046346908983e-03
5.000000000000000000e+02 6.579332246575681893e+02 9.606919980243114332e-03
5.000000000000000000e+02 6.734150657750820983e+02 9.565363542235043662e-03
5.000000000000000000e+02 6.892612104349694846e+02 9.534906241616963526e-03
5.000000000000000000e+02 7.054802310718645231e+02 9.505675767265011830e-03
5.000000000000000000e+02 7.220809018385464242e+02 9.496718800735807001e-03
5.000000000000000000e+02 7.390722033525775032e+02 9.487590266900287200e-03
5.000000000000000000e+02 7.564633275546290179e+02 9.499051584101900203e-03
5.000000000000000000e+02 7.742636826811269657e+02 9.520258295828420980e-03
5.000000000000000000e+02 7.924828983539169940e+02 9.539466065007004905e-03
5.000000000000000000e+02 8.111308307896872520e+02 9.574385273347512521e-03
5.000000000000000000e+02 8.302175681319744172e+02 9.596515416652727851e-03
5.000000000000000000e+02 8.497534359086438371e+02 9.630137121099719213e-03
5.000000000000000000e+02 8.697490026177833897e+02 9.663131319010231576e-03
5.000000000000000000e+02 8.902150854450383122e+02 9.682624110228786954e-03
5.000000000000000000e+02 9.111627561154896284e+02 9.714350022700241061e-03
5.000000000000000000e+02 9.326033468832199560e+02 9.731942715646852912e-03
5.000000000000000000e+02 9.545484566618337112e+02 9.762421662031988551e-03
5.000000000000000000e+02 9.770099572992256753e+02 9.792304094584624793e-03
5.000000000000000000e+02 1.000000000000000000e+03 9.807467644298985959e-03
5.000000000000000000e+02 1.000000000000000000e+03 9.807467644298985959e-03
5.000000000000000000e+02 1.097498765493055544e+03 9.903989705550677106e-03
5.000000000000000000e+02 1.204503540258781186e+03 9.975306465576025405e-03
5.000000000000000000e+02 1.321941148466028608e+03 1.003640066656569241e-02
5.000000000000000000e+02 1.450828778495938650e+03 1.010502046673940682e-02
5.000000000000000000e+02 1.592282793341090610e+03 1.014856505275576852e-02
5.000000000000000000e+02 1.747528400007682876e+03 1.020172909162355042e-02
5.000000000000000000e+02 1.917910261672486740e+03 1.023035459251890600e-02
5.000000000000000000e+02 2.104904144512019684e+03 1.025234813031654021e-02
5.000000000000000000e+02 2.310129700083158241e+03 1.028646545103343961e-02
5.000000000000000000e+02 2.535364493970108924e+03 1.029715103377222725e-02
5.000000000000000000e+02 2.782559402207123185e+03 1.032116679411511709e-02
5.000000000000000000e+02 3.053855508833412387e+03 1.032257315832686186e-02
5.000000000000000000e+02 3.351602650938840725e+03 1.031979444690651893e-02
5.000000000000000000e+02 3.678379771828630510e+03 1.033171134293084902e-02
5.000000000000000000e+02 4.037017258596553802e+03 1.032215737296873423e-02
5.000000000000000000e+02 4.430621457583877600e+03 1.030982965700424914e-02
5.000000000000000000e+02 4.862601580065348571e+03 1.031300213439889819e-02
5.000000000000000000e+02 5.336699231206307559e+03 1.029594405342038749e-02
5.000000000000000000e+02 5.857020818056661483e+03 1.029469795662022076e-02
5.000000000000000000e+02 6.428073117284318869e+03 1.027397401766215468e-02
5.000000000000000000e+02 7.054802310718638182e+03 1.025184599904424738e-02
5.000000000000000000e+02 7.742636826811270112e+03 1.024545389152824344e-02
5.000000000000000000e+02 8.497534359086437689e+03 1.022031999371129062e-02
5.000000000000000000e+02 9.326033468832189101e+03 1.021153362352648399e-02
5.000000000000000000e+02 1.023531021899026928e+04 1.018464810849647323e-02
5.000000000000000000e+02 1.123324032978026480e+04 1.015721469177530666e-02
5.000000000000000000e+02 1.232846739442065882e+04 1.014599941071394999e-02
5.000000000000000000e+02 1.353047774579807628e+04 1.011758477154119096e-02
5.000000000000000000e+02 1.484968262254463480e+04 1.010526072709353081e-02
5.000000000000000000e+02 1.629750834620643400e+04 1.007624057701340253e-02
5.000000000000000000e+02 1.788649529057435211e+04 1.004713796616161017e-02
5.000000000000000000e+02 1.963040650040268520e+04 1.003381891856483001e-02
5.000000000000000000e+02 2.154434690031882201e+04 1.000452092159645132e-02
5.000000000000000000e+02 2.364489412645407356e+04 9.990800814748693193e-03
5.000000000000000000e+02 2.595024211399731939e+04 9.961504031852488894e-03
5.000000000000000000e+02 2.848035868435799057e+04 9.932363539269477640e-03
5.000000000000000000e+02 3.125715849688235176e+04 9.918408901143807230e-03
5.000000000000000000e+02 3.430469286314912461e+04 9.889466466800240357e-03
5.000000000000000000e+02 3.764935806792470976e+04 9.860752377377143829e-03
5.000000000000000000e+02 4.132012400115334458e+04 9.846816891902648514e-03
5.000000000000000000e+02 4.534878508128582325e+04 9.818421062966358609e-03
5.000000000000000000e+02 4.977023564332113892e+04 9.804560642990957711e-03
5.000000000000000000e+02 5.462277217684336938e+04 9.776329546829481271e-03
5.000000000000000000e+02 5.994842503189409035e+04 9.748293403847647920e-03
5.000000000000000000e+02 6.579332246575682075e+04 9.734518035035302080e-03
5.000000000000000000e+02 7.220809018385456875e+04 9.706904096766727150e-03
5.000000000000000000e+02 7.924828983539169712e+04 9.693301138475638595e-03
5.000000000000000000e+02 8.697490026177834079e+04 9.666124339973386145e-03
5.000000000000000000e+02 9.545484566618327517e+04 9.639247337117890987e-03
5.000000000000000000e+02 1.047615752789664111e+05 9.625980065064713292e-03
5.000000000000000000e+02 1.149756995397735591e+05 9.599546291026835043e-03
5.000000000000000000e+02 1.261856883066018490e+05 9.586482106793931673e-03
5.000000000000000000e+02 1.384886371393871668e+05 9.560493131030118816e-03
5.000000000000000000e+02 1.519911082952933211e+05 9.534799619285615896e-03
5.000000000000000000e+02 1.668100537200059043e+05 9.522007014405408157e-03
5.000000000000000000e+02 1.830738280295369623e+05 9.496462208590317547e-03
5.000000000000000000e+02 2.009233002565045899e+05 9.483811242908516195e-03
5.000000000000000000e+02 2.205130739903045760e+05 9.458695377125668838e-03
5.000000000000000000e+02 2.420128264794383431e+05 9.433860044138080853e-03
5.000000000000000000e+02 2.656087782946684165e+05 9.421558994320559932e-03
5.000000000000000000e+02 2.915053062825175584e+05 9.397141388062324810e-03
5.000000000000000000e+02 3.199267137797384639e+05 9.373000413329928698e-03
5.000000000000000000e+02 3.511191734215127653e+05 9.361036436430802618e-03
5.000000000000000000e+02 3.853528593710527639e+05 9.337294716103563055e-03
5.000000000000000000e+02 4.229242874389499193e+05 9.325522908797546917e-03
5.000000000000000000e+02 4.641588833612772287e+05 9.302170099664875541e-03
5.000000000000000000e+02 5.094138014816375216e+05 9.279069149978735193e-03
5.000000000000000000e+02 5.590810182512222091e+05 9.267624441925612772e-03
5.000000000000000000e+02 6.135907273413175717e+05 9.244655216778991519e-03
5.000000000000000000e+02 6.734150657750827959e+05 9.233143177506487886e-03
5.000000000000000000e+02 7.390722033525775187e+05 9.210306317939277038e-03
5.000000000000000000e+02 8.111308307896872284e+05 9.187715457364657376e-03
5.000000000000000000e+02 8.902150854450393235e+05 9.176508699079493833e-03
5.000000000000000000e+02 9.770099572992246831e+05 9.154279472950811736e-03
5.000000000000000000e+02 1.072267222010323079e+06 9.143250876508544900e-03
5.000000000000000000e+02 1.176811952434999170e+06 9.121371343863773906e-03
5.000000000000000000e+02 1.291549665014882805e+06 9.099720770375879786e-03
5.000000000000000000e+02 1.417474162926804740e+06 9.088978947348152343e-03
5.000000000000000000e+02 1.555676143930472201e+06 9.067666578360184665e-03
5.000000000000000000e+02 1.707352647470688680e+06 9.057094604377379649e-03
5.000000000000000000e+02 1.873817422860383056e+06 9.036108782774322085e-03
5.000000000000000000e+02 2.056512308348651510e+06 9.015336283641485829e-03
5.000000000000000000e+02 2.257019719633921515e+06 9.005032958682702288e-03
5.000000000000000000e+02 2.477076355991709046e+06 8.984574766375616126e-03
5.000000000000000000e+02 2.718588242732940242e+06 8.974425983119481073e-03
5.000000000000000000e+02 2.983647240283340216e+06 8.954279059886518372e-03
5.000000000000000000e+02 3.274549162877731491e+06 8.934336441690055378e-03
5.000000000000000000e+02 3.593813663804625627e+06 8.924435232955605854e-03
5.000000000000000000e+02 3.944206059437655844e+06 8.904782013371685678e-03
5.000000000000000000e+02 4.328761281083061360e+06 8.885323468502293043e-03
5.000000000000000000e+02 4.750810162102793343e+06 8.875670008546469522e-03
5.000000000000000000e+02 5.214008287999684922e+06 8.856491819929469128e-03
5.000000000000000000e+02 5.722367659350220114e+06 8.846978074070872833e-03
5.000000000000000000e+02 6.280291441834246740e+06 8.828077961169212076e-03
5.000000000000000000e+02 6.892612104349695146e+06 8.809359566485711751e-03
5.000000000000000000e+02 7.564633275546290912e+06 8.800073022276765772e-03
5.000000000000000000e+02 8.302175681319751777e+06 8.781623901004833796e-03
5.000000000000000000e+02 9.111627561154887080e+06 8.772466329093444801e-03
5.000000000000000000e+02 1.000000000000000000e+07 8.754273613078246072e-03
7.000000000000000000e+02 1.000000000000000000e+02 1.124090760761819879e-01
7.000000000000000000e+02 1.023531021899025859e+02 1.093595713763029637e-01
7.000000000000000000e+02 1.047615752789664043e+02 1.064033685963876458e-01
7.000000000000000000e+02 1.072267222010323167e+02 1.035106923773379400e-01
7.000000000000000000e+02 1.097498765493055686e+02 1.006975845597442437e-01
7.000000000000000000e+02 1.123324032978026565e+02 9.796619877236056873e-02
7.000000000000000000e+02 1.149756995397735579e+02 9.531690715374534217e-02
7.000000000000000000e+02 1.176811952434997863e+02 9.274598146779940155e-02
7.000000000000000000e+02 1.204503540258782408e+02 9.026003321239543797e-02
7.000000000000000000e+02 1.232846739442065882e+02 8.785286034308499581e-02
7.000000000000000000e+02 1.261856883066019748e+02 8.552560635544580181e-02
7.000000000000000000e+02 1.291549665014883885e+02 8.326561367573184769e-02
7.000000000000000000e+02 1.321941148466028721e+02 8.109014530771600782e-02
7.000000000000000000e+02 1.353047774579807481e+02 7.899425440141083499e-02
7.000000000000000000e+02 1.384886371393873219e+02 7.698290388485258540e-02
7.000000000000000000e+02 1.417474162926804695e+02 7.503138727043619227e-02
7.000000000000000000e+02 1.450828778495940128e+02 7.320809320941638887e-02
7.000000000000000000e+02 1.484968262254465117e+02 7.152905057829365976e-02
7.000000000000000000e+02 1.519911082952933157e+02 6.967478094705274738e-02
7.000000000000000000e+02 1.555676143930472222e+02 6.775154921870422953e-02
7.000000000000000000e+02 1.592282793341092315e+02 6.587879239302489587e-02
7.000000000000000000e+02 1.629750834620643332e+02 6.407416767491747045e-02
7.000000000000000000e+02 1.668100537200059250e+02 5.925424165386967285e-02
7.000000000000000000e+02 1.707352647470690385e+02 5.750025215692325387e-02
7.000000000000000000e+02 1.747528400007682876e+02 5.579222505943170346e-02
7.000000000000000000e+02 1.788649529057435075e+02 5.414052223468260316e-02
7.000000000000000000e+02 1.830738280295367701e+02 5.254240057679607223e-02
7.000000000000000000e+02 1.873817422860383033e+02 5.100065041935288035e-02
7.000000000000000000e+02 1.917910261672488730e+02 4.950130800050271673e-02
7.000000000000000000e+02 1.963040650040270521e+02 4.804907524619540793e-02
7.000000000000000000e+02 2.009233002565045751e+02 4.664525311959517861e-02
7.000000000000000000e+02 2.056512308348651459e+02 4.529332998392361642e-02
7.000000000000000000e+02 2.104904144512019855e+02 4.395731231097809583e-02
7.000000000000000000e+02 2.154434690031882269e+02 4.268471150436067840e-02
7.000000000000000000e+02 2.205130739903045480e+02 4.143536135003991761e-02
7.000000000000000000e+02 2.257019719633919124e+02 4.023761323577038085e-02
7.000000000000000000e+02 2.310129700083157900e+02 3.907555947388750145e-02
7.000000000000000000e+02 2.364489412645407072e+02 3.793916368696916008e-02
7.000000000000000000e+02 2.420128264794381039e+02 3.684549584836083885e-02
7.000000000000000000e+02 2.477076355991711409e+02 3.577969116415544854e-02
7.000000000000000000e+02 2.535364493970111539e+02 3.475038248506637228e-02
7.000000000000000000e+02 2.595024211399737055e+02 3.375167941073296124e-02
7.000000000000000000e+02 2.656087782946686957e+02 3.278080302633553517e-02
7.000000000000000000e+02 2.718588242732940330e+02 3.184081972564013763e-02
7.000000000000000000e+02 2.782559402207126027e+02 3.092855977806894044e-02
7.000000000000000000e+02 2.848035868435802058e+02 3.004383640758594848e-02
7.000000000000000000e+02 2.915053062825175516e+02 2.918539481428006344e-02
7.000000000000000000e+02 2.983647240283340238e+02 2.835388492458755863e-02
7.000000000000000000e+02 3.053855508833415797e+02 2.754598716367177499e-02
7.000000000000000000e+02 3.125715849688235153e+02 2.676370332101086699e-02
7.000000000000000000e+02 3.199267137797384635e+02 2.600350400390867220e-02
7.000000000000000000e+02 3.274549162877728463e+02 2.526756505977077044e-02
7.000000000000000000e+02 3.351602650938841066e+02 2.455246683127740998e-02
7.000000000000000000e+02 3.430469286314919373e+02 2.385891772554040238e-02
7.000000000000000000e+02 3.511191734215130964e+02 2.318775817106466172e-02
7.000000000000000000e+02 3.593813663804625662e+02 2.253586796441835530e-02
7.000000000000000000e+02 3.678379771828634262e+02 2.190475311588071378e-02
7.000000000000000000e+02 3.764935806792467474e+02 2.129249997668760525e-02
7.000000000000000000e+02 3.853528593710527161e+02 2.069929399980352525e-02
7.000000000000000000e+02 3.944206059437656222e+02 2.012445389715689786e-02
7.000000000000000000e+02 4.037017258596553688e+02 1.956824564113661749e-02
7.000000000000000000e+02 4.132012400115334572e+02 1.902875189241624507e-02
7.000000000000000000e+02 4.229242874389498752e+02 1.850801747056939756e-02
7.000000000000000000e+02 4.328761281083056929e+02 1.800444991082723531e-02
7.000000000000000000e+02 4.430621457583877714e+02 1.751578136702807917e-02
7.000000000000000000e+02 4.534878508128581984e+02 1.704573006783909050e-02
7.000000000000000000e+02 4.641588833612777307e+02 1.658891427726220599e-02
7.000000000000000000e+02 4.750810162102798131e+02 1.615125107625486889e-02
7.000000000000000000e+02 4.862601580065353346e+02 1.572936806416917743e-02
7.000000000000000000e+02 4.977023564332108663e+02 1.531901635666826737e-02
7.000000000000000000e+02 5.094138014816380178e+02 1.492807650946506061e-02
7.000000000000000000e+02 5.214008287999683944e+02 1.454726517859840362e-02
7.000000000000000000e+02 5.336699231206307559e+02 1.418643159920788058e-02
7.000000000000000000e+02 5.462277217684342077e+02 1.384034953011582282e-02
7.000000000000000000e+02 5.590810182512223037e+02 1.350291509671020310e-02
7.000000000000000000e+02 5.722367659350220492e+02 1.318584915054480354e-02
7.000000000000000000e+02 5.857020818056666940e+02 1.287616678717003194e-02
7.000000000000000000e+02 5.994842503189408944e+02 1.258746757257445288e-02
7.000000000000000000e+02 6.135907273413175744e+02 1.231272211907879360e-02
7.000000000000000000e+02 6.280291441834252737e+02 1.204401627971309410e-02
7.000000000000000000e+02 6.428073117284319551e+02 1.179675874056120705e-02
7.000000000000000000e+02 6.579332246575681893e+02 1.155440264570704346e-02
7.000000000000000000e+02 6.734150657750820983e+02 1.133408382732152379e-02
7.000000000000000000e+02 6.892612104349694846e+02 1.112704297264001732e-02
7.000000000000000000e+02 7.054802310718645231e+02 1.092367531405403526e-02
7.000000000000000000e+02 7.220809018385464242e+02 1.074278616138008187e-02
7.000000000000000000e+02 7.390722033525775032e+02 1.056454463146438809e-02
7.000000000000000000e+02 7.564633275546290179e+02 1.040928424398351003e-02
7.000000000000000000e+02 7.742636826811269657e+02 1.026665535652615188e-02
7.000000000000000000e+02 7.924828983539169940e+02 1.012551558697041484e-02
7.000000000000000000e+02 8.111308307896872520e+02 1.000771216076827737e-02
7.000000000000000000e+02 8.302175681319744172e+02 9.890441996493573237e-03
7.000000000000000000e+02 8.497534359086438371e+02 9.796890943691993411e-03
7.000000000000000000e+02 8.697490026177833897e+02 9.715257906024990855e-03
7.000000000000000000e+02 8.902150854450383122e+02 9.633024475059301373e-03
7.000000000000000000e+02 9.111627561154896284e+02 9.574688065691693006e-03
7.000000000000000000e+02 9.326033468832199560e+02 9.514808842066124761e-03
7.000000000000000000e+02 9.545484566618337112e+02 9.479027214903726004e-03
7.000000000000000000e+02 9.770099572992256753e+02 9.454232708099412352e-03
7.000000000000000000e+02 1.000000000000000000e+03 9.426675243742030710e-03
7.000000000000000000e+02 1.000000000000000000e+03 9.426675243742030710e-03
7.000000000000000000e+02 1.097498765493055544e+03 9.458198653122109473e-03
7.000000000000000000e+02 1.204503540258781186e+03 9.563753705926244034e-03
7.000000000000000000e+02 1.321941148466028608e+03 9.658596968492385443e-03
7.000000000000000000e+02 1.450828778495938650e+03 9.758544940012221780e-03
7.000000000000000000e+02 1.592282793341090610e+03 9.832280924923919238e-03
7.000000000000000000e+02 1.747528400007682876e+03 9.913141371547843153e-03
7.000000000000000000e+02 1.917910261672486740e+03 9.968230081640112872e-03
7.000000000000000000e+02 2.104904144512019684e+03 1.001482348123814738e-02
7.000000000000000000e+02 2.310129700083158241e+03 1.007121454931102916e-02
7.000000000000000000e+02 2.535364493970108924e+03 1.010295862726343780e-02
7.000000000000000000e+02 2.782559402207123185e+03 1.014592979743126483e-02
7.000000000000000000e+02 3.053855508833412387e+03 1.016514822381999264e-02
7.000000000000000000e+02 3.351602650938840725e+03 1.017869027229010605e-02
7.000000000000000000e+02 3.678379771828630510e+03 1.020519697914950424e-02
7.000000000000000000e+02 4.037017258596553802e+03 1.020924545003075792e-02
7.000000000000000000e+02 4.430621457583877600e+03 1.020927464582157933e-02
7.000000000000000000e+02 4.862601580065348571e+03 1.022343912295764490e-02
7.000000000000000000e+02 5.336699231206307559e+03 1.021653590914479125e-02
7.000000000000000000e+02 5.857020818056661483e+03 1.022429771851426743e-02
7.000000000000000000e+02 6.428073117284318869e+03 1.021184103236656704e-02
7.000000000000000000e+02 7.054802310718638182e+03 1.019713524228769118e-02
7.000000000000000000e+02 7.742636826811270112e+03 1.019730834405535233e-02
7.000000000000000000e+02 8.497534359086437689e+03 1.017814708688091589e-02
7.000000000000000000e+02 9.326033468832189101e+03 1.017460514898116918e-02
7.000000000000000000e+02 1.023531021899026928e+04 1.015245398966408558e-02
7.000000000000000000e+02 1.123324032978026480e+04 1.012921244183438881e-02
7.000000000000000000e+02 1.232846739442065882e+04 1.012165885743937510e-02
7.000000000000000000e+02 1.353047774579807628e+04 1.009651278638173423e-02
7.000000000000000000e+02 1.484968262254463480e+04 1.008703339785305998e-02
7.000000000000000000e+02 1.629750834620643400e+04 1.006053376555504295e-02
7.000000000000000000e+02 1.788649529057435211e+04 1.003363330677592598e-02
7.000000000000000000e+02 1.963040650040268520e+04 1.002221998106141848e-02
7.000000000000000000e+02 2.154434690031882201e+04 9.994592916885078338e-03
7.000000000000000000e+02 2.364489412645407356e+04 9.982313110333871850e-03
7.000000000000000000e+02 2.595024211399731939e+04 9.954270543821643405e-03
7.000000000000000000e+02 2.848035868435799057e+04 9.926211893382112100e-03
7.000000000000000000e+02 3.125715849688235176e+04 9.913184146936506597e-03
7.000000000000000000e+02 3.430469286314912461e+04 9.885041200340755063e-03
7.000000000000000000e+02 3.764935806792470976e+04 9.857011498268399355e-03
7.000000000000000000e+02 4.132012400115334458e+04 9.843658720218065664e-03
7.000000000000000000e+02 4.534878508128582325e+04 9.815761075412786363e-03
7.000000000000000000e+02 4.977023564332113892e+04 9.802322934818277073e-03
7.000000000000000000e+02 5.462277217684336938e+04 9.774451210621747446e-03
7.000000000000000000e+02 5.994842503189409035e+04 9.746719039407851157e-03
7.000000000000000000e+02 6.579332246575682075e+04 9.733199588592580595e-03
7.000000000000000000e+02 7.220809018385456875e+04 9.705801766410912176e-03
7.000000000000000000e+02 7.924828983539169712e+04 9.692380107037018577e-03
7.000000000000000000e+02 8.697490026177834079e+04 9.665355827155800925e-03
7.000000000000000000e+02 9.545484566618327517e+04 9.638606602614018665e-03
7.000000000000000000e+02 1.047615752789664111e+05 9.625446049107786589e-03
7.000000000000000000e+02 1.149756995397735591e+05 9.599101659251929597e-03
7.000000000000000000e+02 1.261856883066018490e+05 9.586111964092919671e-03
7.000000000000000000e+02 1.384886371393871668e+05 9.560185248042364983e-03
7.000000000000000000e+02 1.519911082952933211e+05 9.534543624650585955e-03
7.000000000000000000e+02 1.668100537200059043e+05 9.521794176077048866e-03
7.000000000000000000e+02 1.830738280295369623e+05 9.496285388668508978e-03
7.000000000000000000e+02 2.009233002565045899e+05 9.483664318033577928e-03
7.000000000000000000e+02 2.205130739903045760e+05 9.458573368565327197e-03
7.000000000000000000e+02 2.420128264794383431e+05 9.433758742714643680e-03
7.000000000000000000e+02 2.656087782946684165e+05 9.421474862520458696e-03
7.000000000000000000e+02 2.915053062825175584e+05 9.397071552722421547e-03
7.000000000000000000e+02 3.199267137797384639e+05 9.372942450094271308e-03
7.000000000000000000e+02 3.511191734215127653e+05 9.360988312247851481e-03
7.000000000000000000e+02 3.853528593710527639e+05 9.337254778775599257e-03
7.000000000000000000e+02 4.229242874389499193e+05 9.325489754618852822e-03
7.000000000000000000e+02 4.641588833612772287e+05 9.302142588579843940e-03
7.000000000000000000e+02 5.094138014816375216e+05 9.279046322030698110e-03
7.000000000000000000e+02 5.590810182512222091e+05 9.267605493488048976e-03
7.000000000000000000e+02 6.135907273413175717e+05 9.244639498980319545e-03
7.000000000000000000e+02 6.734150657750827959e+05 9.233130134917496429e-03
7.000000000000000000e+02 7.390722033525775187e+05 9.210295502299873857e-03
7.000000000000000000e+02 8.111308307896872284e+05 9.187706488467421370e-03
7.000000000000000000e+02 8.902150854450393235e+05 9.176501257032768435e-03
7.000000000000000000e+02 9.770099572992246831e+05 9.154273301636751264e-03
7.000000000000000000e+02 1.072267222010323079e+06 9.143245755827309959e-03
7.000000000000000000e+02 1.176811952434999170e+06 9.121367097544378841e-03
7.000000000000000000e+02 1.291549665014882805e+06 9.099717249078370998e-03
7.000000000000000000e+02 1.417474162926804740e+06 9.088976025549052803e-03
7.000000000000000000e+02 1.555676143930472201e+06 9.067664155415610522e-03
7.000000000000000000e+02 1.707352647470688680e+06 9.057092593942118672e-03
7.000000000000000000e+02 1.873817422860383056e+06 9.036107115570289269e-03
7.000000000000000000e+02 2.056512308348651510e+06 9.015334901061466608e-03
7.000000000000000000e+02 2.257019719633921515e+06 9.005031811480065582e-03
7.000000000000000000e+02 2.477076355991709046e+06 8.984573815006143341e-03
7.000000000000000000e+02 2.718588242732940242e+06 8.974425193710774268e-03
7.000000000000000000e+02 2.983647240283340216e+06 8.954278405221189480e-03
7.000000000000000000e+02 3.274549162877731491e+06 8.934335898768372072e-03
7.000000000000000000e+02 3.593813663804625627e+06 8.924434782455938769e-03
7.000000000000000000e+02 3.944206059437655844e+06 8.904781639759556597e-03
7.000000000000000000e+02 4.328761281083061360e+06 8.885323158654305498e-03
7.000000000000000000e+02 4.750810162102793343e+06 8.875669751440103811e-03
7.000000000000000000e+02 5.214008287999684922e+06 8.856491606698825916e-03
7.000000000000000000e+02 5.722367659350220114e+06 8.846977897135356247e-03
7.000000000000000000e+02 6.280291441834246740e+06 8.828077814425809924e-03
7.000000000000000000e+02 6.892612104349695146e+06 8.809359444781479989e-03
7.000000000000000000e+02 7.564633275546290912e+06 8.800072921287045713e-03
7.000000000000000000e+02 8.302175681319751777e+06 8.781623817245884367e-03
7.000000000000000000e+02 9.111627561154887080e+06 8.772466259589882173e-03
7.000000000000000000e+02 1.000000000000000000e+07 8.754273555432436071e-03
1.000000000000000000e+03 1.000000000000000000e+02 1.710958624285218999e-01
1.000000000000000000e+03 1.023531021899025859e+02 1.667044321967348364e-01
1.000000000000000000e+03 1.047615752789664043e+02 1.624149566728405880e-01
1.000000000000000000e+03 1.072267222010323167e+02 1.582097559380619967e-01
1.000000000000000000e+03 1.097498765493055686e+02 1.540985193290376754e-01
1.000000000000000000e+03 1.123324032978026565e+02 1.500826214362727951e-01
1.000000000000000000e+03 1.149756995397735579e+02 1.461622584266785152e-01
1.000000000000000000e+03 1.176811952434997863e+02 1.423335421997212191e-01
1.000000000000000000e+03 1.204503540258782408e+02 1.386033576569503933e-01
1.000000000000000000e+03 1.232846739442065882e+02 1.349665068842291760e-01
1.000000000000000000e+03 1.261856883066019748e+02 1.314236743664235485e-01
1.000000000000000000e+03 1.291549665014883885e+02 1.279644144430511221e-01
1.000000000000000000e+03 1.321941148466028721e+02 1.246045414153492681e-01
1.000000000000000000e+03 1.353047774579807481e+02 1.213388843556250235e-01
1.000000000000000000e+03 1.384886371393873219e+02 1.181710041568443809e-01
1.000000000000000000e+03 1.417474162926804695e+02 1.150810181029635337e-01
1.000000000000000000e+03 1.450828778495940128e+02 1.121225856588040914e-01
1.000000000000000000e+03 1.484968262254465117e+02 1.093062918895275071e-01
1.000000000000000000e+03 1.519911082952933157e+02 1.063909857996555020e-01
1.000000000000000000e+03 1.555676143930472222e+02 1.034555950727583523e-01
1.000000000000000000e+03 1.592282793341092315e+02 1.005914102921992709e-01
1.000000000000000000e+03 1.629750834620643332e+02 9.781311035908829554e-02
1.000000000000000000e+03 1.668100537200059250e+02 9.284190358829817746e-02
1.000000000000000000e+03 1.707352647470690385e+02 9.015828629856716125e-02
1.000000000000000000e+03 1.747528400007682876e+02 8.754092955855820313e-02
1.000000000000000000e+03 1.788649529057435075e+02 8.499800572184060266e-02
1.000000000000000000e+03 1.830738280295367701e+02 8.252721726546245751e-02
1.000000000000000000e+03 1.873817422860383033e+02 8.013101754994031434e-02
1.000000000000000000e+03 1.917910261672488730e+02 7.779741456734405591e-02
1.000000000000000000e+03 1.963040650040270521e+02 7.553021452635075295e-02
1.000000000000000000e+03 2.009233002565045751e+02 7.333063220541995164e-02
1.000000000000000000e+03 2.056512308348651459e+02 7.120204416980129014e-02
1.000000000000000000e+03 2.104904144512019855e+02 6.910986102389041208e-02
1.000000000000000000e+03 2.154434690031882269e+02 6.710002831808184465e-02
1.000000000000000000e+03 2.205130739903045480e+02 6.513156761384204796e-02
1.000000000000000000e+03 2.257019719633919124e+02 6.323531789713654483e-02
1.000000000000000000e+03 2.310129700083157900e+02 6.139384403317534739e-02
1.000000000000000000e+03 2.364489412645407072e+02 5.959443908852622707e-02
1.000000000000000000e+03 2.420128264794381039e+02 5.785865191804007157e-02
1.000000000000000000e+03 2.477076355991711409e+02 5.616587177458691460e-02
1.000000000000000000e+03 2.535364493970111539e+02 5.453054892352748872e-02
1.000000000000000000e+03 2.595024211399737055e+02 5.294342247335783597e-02
1.000000000000000000e+03 2.656087782946686957e+02 5.139788201731997075e-02
1.000000000000000000e+03 2.718588242732940330e+02 4.990347383787545332e-02
1.000000000000000000e+03 2.782559402207126027e+02 4.844974336604469800e-02
1.000000000000000000e+03 2.848035868435802058e+02 4.704301520226970151e-02
1.000000000000000000e+03 2.915053062825175516e+02 4.567818246505726820e-02
1.000000000000000000e+03 2.983647240283340238e+02 4.435191511237007722e-02
1.000000000000000000e+03 3.053855508833415797e+02 4.306746990860808172e-02
1.000000000000000000e+03 3.125715849688235153e+02 4.181962406601365256e-02
1.000000000000000000e+03 3.199267137797384635e+02 4.061090783146906191e-02
1.000000000000000000e+03 3.274549162877728463e+02 3.943675674474468595e-02
1.000000000000000000e+03 3.351602650938841066e+02 3.829930956989509305e-02
1.000000000000000000e+03 3.430469286314919373e+02 3.719580970555180777e-02
1.000000000000000000e+03 3.511191734215130964e+02 3.612383234408253485e-02
1.000000000000000000e+03 3.593813663804625662e+02 3.508532682783637585e-02
1.000000000000000000e+03 3.678379771828634262e+02 3.407611068347775329e-02
1.000000000000000000e+03 3.764935806792467474e+02 3.309870305650498140e-02
1.000000000000000000e+03 3.853528593710527161e+02 3.215039546315930086e-02
1.000000000000000000e+03 3.944206059437656222e+02 3.122800805733403837e-02
1.000000000000000000e+03 4.037017258596553688e+02 3.033541858566461344e-02
1.000000000000000000e+03 4.132012400115334572e+02 2.946654591909634094e-02
1.000000000000000000e+03 4.229242874389498752e+02 2.862640272000902680e-02
1.000000000000000000e+03 4.328761281083056929e+02 2.781129325918194409e-02
1.000000000000000000e+03 4.430621457583877714e+02 2.701712871670133853e-02
1.000000000000000000e+03 4.534878508128581984e+02 2.625004409708013922e-02
1.000000000000000000e+03 4.641588833612777307e+02 2.550179913204917576e-02
1.000000000000000000e+03 4.750810162102798131e+02 2.478009639431938763e-02
1.000000000000000000e+03 4.862601580065353346e+02 2.408014639461168033e-02
1.000000000000000000e+03 4.977023564332108663e+02 2.339655632107960279e-02
1.000000000000000000e+03 5.094138014816380178e+02 2.273848613893100432e-02
1.000000000000000000e+03 5.214008287999683944e+02 2.209500749772325481e-02
1.000000000000000000e+03 5.336699231206307559e+02 2.147676349548609601e-02
1.000000000000000000e+03 5.462277217684342077e+02 2.087772173501315984e-02
1.000000000000000000e+03 5.590810182512223037e+02 2.029119506288616648e-02
1.000000000000000000e+03 5.722367659350220492e+02 1.972930367092507950e-02
1.000000000000000000e+03 5.857020818056666940e+02 1.917841271875982134e-02
1.000000000000000000e+03 5.994842503189408944e+02 1.865212575597133965e-02
1.000000000000000000e+03 6.135907273413175744e+02 1.814312124234223819e-02
1.000000000000000000e+03 6.280291441834252737e+02 1.764337338404045954e-02
1.000000000000000000e+03 6.428073117284319551e+02 1.716798362105149273e-02
1.000000000000000000e+03 6.579332246575681893e+02 1.670057169807000197e-02
1.000000000000000000e+03 6.734150657750820983e+02 1.625765630858837588e-02
1.000000000000000000e+03 6.892612104349694846e+02 1.583060702952608298e-02
1.000000000000000000e+03 7.054802310718645231e+02 1.541008446463082611e-02
1.000000000000000000e+03 7.220809018385464242e+02 1.501404496760370445e-02
1.000000000000000000e+03 7.390722033525775032e+02 1.462346182161923351e-02
1.000000000000000000e+03 7.564633275546290179e+02 1.425758806312973220e-02
1.000000000000000000e+03 7.742636826811269657e+02 1.390653157050894366e-02
1.000000000000000000e+03 7.924828983539169940e+02 1.355970484085586465e-02
1.000000000000000000e+03 8.111308307896872520e+02 1.323771332211119180e-02
1.000000000000000000e+03 8.302175681319744172e+02 1.291903894655955891e-02
1.000000000000000000e+03 8.497534359086438371e+02 1.262546145428049098e-02
1.000000000000000000e+03 8.697490026177833897e+02 1.234589162441798900e-02
1.000000000000000000e+03 8.902150854450383122e+02 1.206858727708958433e-02
1.000000000000000000e+03 9.111627561154896284e+02 1.181655016715508003e-02
1.000000000000000000e+03 9.326033468832199560e+02 1.156598333073347896e-02
1.000000000000000000e+03 9.545484566618337112e+02 1.134093243905499697e-02
1.000000000000000000e+03 9.770099572992256753e+02 1.112920840656380500e-02
1.000000000000000000e+03 1.000000000000000000e+03 1.091802553833589630e-02
1.000000000000000000e+03 1.000000000000000000e+03 1.091802553833589630e-02
1.000000000000000000e+03 1.097498765493055544e+03 1.023982143236789460e-02
1.000000000000000000e+03 1.204503540258781186e+03 9.747467285443707843e-03
1.000000000000000000e+03 1.321941148466028608e+03 9.444604954122071822e-03
1.000000000000000000e+03 1.450828778495938650e+03 9.335392288626438370e-03
1.000000000000000000e+03 1.592282793341090610e+03 9.374224890145136865e-03
1.000000000000000000e+03 1.747528400007682876e+03 9.491191713799800034e-03
1.000000000000000000e+03 1.917910261672486740e+03 9.581459150747760264e-03
1.000000000000000000e+03 2.104904144512019684e+03 9.661285638210621862e-03
1.000000000000000000e+03 2.310129700083158241e+03 9.748161018758845150e-03
1.000000000000000000e+03 2.535364493970108924e+03 9.809143023662258987e-03
1.000000000000000000e+03 2.782559402207123185e+03 9.878699269293666693e-03
1.000000000000000000e+03 3.053855508833412387e+03 9.923203004743127997e-03
1.000000000000000000e+03 3.351602650938840725e+03 9.960133884860602679e-03
1.000000000000000000e+03 3.678379771828630510e+03 1.000769595774808791e-02
1.000000000000000000e+03 4.037017258596553802e+03 1.003158018617135785e-02
1.000000000000000000e+03 4.430621457583877600e+03 1.004977869605567543e-02
1.000000000000000000e+03 4.862601580065348571e+03 1.008019385057577766e-02
1.000000000000000000e+03 5.336699231206307559e+03 1.008846521375603156e-02
1.000000000000000000e+03 5.857020818056661483e+03 1.010975832836373198e-02
1.000000000000000000e+03 6.428073117284318869e+03 1.010986412598992301e-02
1.000000000000000000e+03 7.054802310718638182e+03 1.010653600621284030e-02
1.000000000000000000e+03 7.742636826811270112e+03 1.011683237885256485e-02
1.000000000000000000e+03 8.497534359086437689e+03 1.010700145640091967e-02
1.000000000000000000e+03 9.326033468832189101e+03 1.011170607892366256e-02
1.000000000000000000e+03 1.023531021899026928e+04 1.009710244206571579e-02
1.000000000000000000e+03 1.123324032978026480e+04 1.008061331317526045e-02
1.000000000000000000e+03 1.232846739442065882e+04 1.007900101337075478e-02
1.000000000000000000e+03 1.353047774579807628e+04 1.005923415697664372e-02
1.000000000000000000e+03 1.484968262254463480e+04 1.005447218100809746e-02
1.000000000000000000e+03 1.629750834620643400e+04 1.003221214950785097e-02
1.000000000000000000e+03 1.788649529057435211e+04 1.000905574221534929e-02
1.000000000000000000e+03 1.963040650040268520e+04 1.000090870335235659e-02
1.000000000000000000e+03 2.154434690031882201e+04 9.976185134356000545e-03
1.000000000000000000e+03 2.364489412645407356e+04 9.966428848815649111e-03
1.000000000000000000e+03 2.595024211399731939e+04 9.940613256171440884e-03
1.000000000000000000e+03 2.848035868435799057e+04 9.914495646242792518e-03
1.000000000000000000e+03 3.125715849688235176e+04 9.903145193869485052e-03
1.000000000000000000e+03 3.430469286314912461e+04 9.876467284941922373e-03
1.000000000000000000e+03 3.764935806792470976e+04 9.849704568306416608e-03
1.000000000000000000e+03 4.132012400115334458e+04 9.837440061721639331e-03
1.000000000000000000e+03 4.534878508128582325e+04 9.810483832675770399e-03
1.000000000000000000e+03 4.977023564332113892e+04 9.797850766692199620e-03
1.000000000000000000e+03 5.462277217684336938e+04 9.770671851542912442e-03
1.000000000000000000e+03 5.994842503189409035e+04 9.743531252108640975e-03
1.000000000000000000e+03 6.579332246575682075e+04 9.730514013157659861e-03
1.000000000000000000e+03 7.220809018385456875e+04 9.703544380852902745e-03
1.000000000000000000e+03 7.924828983539169712e+04 9.690484654761981689e-03
1.000000000000000000e+03 8.697490026177834079e+04 9.663767369241047650e-03
1.000000000000000000e+03 9.545484566618327517e+04 9.637277121634498997e-03
1.000000000000000000e+03 1.047615752789664111e+05 9.624334150406602117e-03
1.000000000000000000e+03 1.149756995397735591e+05 9.598173105338576178e-03
1.000000000000000000e+03 1.261856883066018490e+05 9.585336930941150413e-03
1.000000000000000000e+03 1.384886371393871668e+05 9.559539133953505116e-03
1.000000000000000000e+03 1.519911082952933211e+05 9.534005365863084530e-03
1.000000000000000000e+03 1.668100537200059043e+05 9.521345909602083393e-03
1.000000000000000000e+03 1.830738280295369623e+05 9.495912459507482861e-03
1.000000000000000000e+03 2.009233002565045899e+05 9.483354065610929279e-03
1.000000000000000000e+03 2.205130739903045760e+05 9.458315470780761722e-03
1.000000000000000000e+03 2.420128264794383431e+05 9.433544432549781020e-03
1.000000000000000000e+03 2.656087782946684165e+05 9.421296746262724370e-03
1.000000000000000000e+03 2.915053062825175584e+05 9.396923614368992914e-03
1.000000000000000000e+03 3.199267137797384639e+05 9.372819599122695147e-03
1.000000000000000000e+03 3.511191734215127653e+05 9.360886270759863001e-03
1.000000000000000000e+03 3.853528593710527639e+05 9.337170066310815017e-03
1.000000000000000000e+03 4.229242874389499193e+05 9.325419408849795755e-03
1.000000000000000000e+03 4.641588833612772287e+05 9.302084201616718506e-03
1.000000000000000000e+03 5.094138014816375216e+05 9.278997863995056689e-03
1.000000000000000000e+03 5.590810182512222091e+05 9.267565263571230991e-03
1.000000000000000000e+03 6.135907273413175717e+05 9.244606123256003324e-03
1.000000000000000000e+03 6.734150657750827959e+05 9.233102436417806383e-03
1.000000000000000000e+03 7.390722033525775187e+05 9.210272530836586743e-03
1.000000000000000000e+03 8.111308307896872284e+05 9.187687437707885499e-03
1.000000000000000000e+03 8.902150854450393235e+05 9.176485448311896137e-03
1.000000000000000000e+03 9.770099572992246831e+05 9.154260191489052914e-03
1.000000000000000000e+03 1.072267222010323079e+06 9.143234877069804020e-03
1.000000000000000000e+03 1.176811952434999170e+06 9.121358075976722726e-03
1.000000000000000000e+03 1.291549665014882805e+06 9.099709767608489888e-03
1.000000000000000000e+03 1.417474162926804740e+06 9.088969817614991897e-03
1.000000000000000000e+03 1.555676143930472201e+06 9.067659007273231112e-03
1.000000000000000000e+03 1.707352647470688680e+06 9.057088322191746838e-03
1.000000000000000000e+03 1.873817422860383056e+06 9.036103573055289176e-03
1.000000000000000000e+03 2.056512308348651510e+06 9.015331963281924404e-03
1.000000000000000000e+03 2.257019719633921515e+06 9.005029373814603735e-03
1.000000000000000000e+03 2.477076355991709046e+06 8.984571793442901882e-03
1.000000000000000000e+03 2.718588242732940242e+06 8.974423516284179073e-03
1.000000000000000000e+03 2.983647240283340216e+06 8.954277014103614180e-03
1.000000000000000000e+03 3.274549162877731491e+06 8.934334745091792457e-03
1.000000000000000000e+03 3.593813663804625627e+06 8.924433825166231196e-03
1.000000000000000000e+03 3.944206059437655844e+06 8.904780845849035939e-03
1.000000000000000000e+03 4.328761281083061360e+06 8.885322500237885154e-03
1.000000000000000000e+03 4.750810162102793343e+06 8.875669205096315892e-03
1.000000000000000000e+03 5.214008287999684922e+06 8.856491153588786844e-03
1.000000000000000000e+03 5.722367659350220114e+06 8.846977521150843626e-03
1.000000000000000000e+03 6.280291441834246740e+06 8.828077502598492485e-03
1.000000000000000000e+03 6.892612104349695146e+06 8.809359186161649577e-03
1.000000000000000000e+03 7.564633275546290912e+06 8.800072706685011653e-03
1.000000000000000000e+03 8.302175681319751777e+06 8.781623639258877290e-03
1.000000000000000000e+03 9.111627561154887080e+06 8.772466111895343283e-03
1.000000000000000000e+03 1.000000000000000000e+07 8.754273432935477314e-03
2.000000000000000000e+03 1.000000000000000000e+02 3.978873577297383779e-01
2.000000000000000000e+03 1.023531021899025859e+02 3.887399103854333737e-01
2.000000000000000000e+03 1.047615752789664043e+02 3.798027632461770664e-01
2.000000000000000000e+03 1.072267222010323167e+02 3.710710815012749908e-01
2.000000000000000000e+03 1.097498765493055686e+02 3.625401414925381038e-01
2.000000000000000000e+03 1.123324032978026565e+02 3.542053281588798952e-01
2.000000000000000000e+03 1.149756995397735579e+02 3.460621325396651682e-01
2.000000000000000000e+03 1.176811952434997863e+02 3.381061493354572400e-01
2.000000000000000000e+03 1.204503540258782408e+02 3.303330745248403422e-01
2.000000000000000000e+03 1.232846739442065882e+02 3.227387030360361342e-01
2.000000000000000000e+03 1.261856883066019748e+02 3.153189264720451801e-01
2.000000000000000000e+03 1.291549665014883885e+02 3.080697308880901986e-01
2.000000000000000000e+03 1.321941148466028721e+02 3.009871946201569393e-01
2.000000000000000000e+03 1.353047774579807481e+02 2.940674861634529624e-01
2.000000000000000000e+03 1.384886371393873219e+02 2.873068620996457878e-01
2.000000000000000000e+03 1.417474162926804695e+02 2.807016650717494843e-01
2.000000000000000000e+03 1.450828778495940128e+02 2.742483218055711824e-01
2.000000000000000000e+03 1.484968262254465117e+02 2.679433411766453665e-01
2.000000000000000000e+03 1.519911082952933157e+02 2.617833123216061764e-01
2.000000000000000000e+03 1.555676143930472222e+02 2.557649027929820296e-01
2.000000000000000000e+03 1.592282793341092315e+02 2.498848567564119494e-01
2.000000000000000000e+03 1.629750834620643332e+02 2.441399932293051855e-01
2.000000000000000000e+03 1.668100537200059250e+02 2.385272043599964420e-01
2.000000000000000000e+03 1.707352647470690385e+02 2.330434537464637912e-01
2.000000000000000000e+03 1.747528400007682876e+02 2.276857747936966991e-01
2.000000000000000000e+03 1.788649529057435075e+02 2.224512691088304517e-01
2.000000000000000000e+03 1.830738280295367701e+02 2.173371049331770111e-01
2.000000000000000000e+03 1.873817422860383033e+02 2.123405156103005675e-01
2.000000000000000000e+03 1.917910261672488730e+02 2.074587980893151107e-01
2.000000000000000000e+03 1.963040650040270521e+02 2.026893114625904213e-01
2.000000000000000000e+03 2.009233002565045751e+02 1.702348791844084108e-01
2.000000000000000000e+03 2.056512308348651459e+02 1.657802075054757018e-01
2.000000000000000000e+03 2.104904144512019855e+02 1.613973657601924516e-01
2.000000000000000000e+03 2.154434690031882269e+02 1.571257847011363618e-01
2.000000000000000000e+03 2.205130739903045480e+02 1.529291089489042132e-01
2.000000000000000000e+03 2.257019719633919124e+02 1.488376465381813507e-01
2.000000000000000000e+03 2.310129700083157900e+02 1.448350492866203876e-01
2.000000000000000000e+03 2.364489412645407072e+02 1.409078360127765661e-01
2.000000000000000000e+03 2.420128264794381039e+02 1.370803481634083887e-01
2.000000000000000000e+03 2.477076355991711409e+02 1.333288223722185750e-01
2.000000000000000000e+03 2.535364493970111539e+02 1.296728480516561588e-01
2.000000000000000000e+03 2.595024211399737055e+02 1.261012043421646245e-01
2.000000000000000000e+03 2.656087782946686957e+02 1.226043630517540117e-01
2.000000000000000000e+03 2.718588242732940330e+02 1.191984717239255309e-01
2.000000000000000000e+03 2.782559402207126027e+02 1.158667060639941432e-01
2.000000000000000000e+03 2.848035868435802058e+02 1.126225160726035124e-01
2.000000000000000000e+03 2.915053062825175516e+02 1.094575764584140576e-01
2.000000000000000000e+03 2.983647240283340238e+02 1.063648101749874175e-01
2.000000000000000000e+03 3.053855508833415797e+02 1.033551829305327519e-01
2.000000000000000000e+03 3.125715849688235153e+02 1.004160713790031578e-01
2.000000000000000000e+03 3.199267137797384635e+02 9.755728981643597975e-02
2.000000000000000000e+03 3.274549162877728463e+02 9.476714621343110267e-02
2.000000000000000000e+03 3.351602650938841066e+02 9.205458549519514311e-02
2.000000000000000000e+03 3.430469286314919373e+02 8.941332277404624718e-02
2.000000000000000000e+03 3.511191734215130964e+02 8.683742785829191846e-02
2.000000000000000000e+03 3.593813663804625662e+02 8.433516749620820208e-02
2.000000000000000000e+03 3.678379771828634262e+02 8.189590191852366696e-02
2.000000000000000000e+03 3.764935806792467474e+02 7.952765797471962606e-02
2.000000000000000000e+03 3.853528593710527161e+02 7.722449046095708480e-02
2.000000000000000000e+03 3.944206059437656222e+02 7.498036283450532080e-02
2.000000000000000000e+03 4.037017258596553688e+02 7.280351764955328431e-02
2.000000000000000000e+03 4.132012400115334572e+02 7.068299794753038490e-02
2.000000000000000000e+03 4.229242874389498752e+02 6.862723602654596800e-02
2.000000000000000000e+03 4.328761281083056929e+02 6.663001873536339437e-02
2.000000000000000000e+03 4.430621457583877714e+02 6.468501875597132411e-02
2.000000000000000000e+03 4.534878508128581984e+02 6.280093447367741943e-02
2.000000000000000000e+03 4.641588833612777307e+02 6.096613111909939681e-02
2.000000000000000000e+03 4.750810162102798131e+02 5.918985457051741811e-02
2.000000000000000000e+03 4.862601580065353346e+02 5.746548725481897407e-02
2.000000000000000000e+03 4.977023564332108663e+02 5.578614182963727297e-02
2.000000000000000000e+03 5.094138014816380178e+02 5.416164986932779646e-02
2.000000000000000000e+03 5.214008287999683944e+02 5.257925542955005360e-02
2.000000000000000000e+03 5.336699231206307559e+02 5.104942695060615127e-02
2.000000000000000000e+03 5.462277217684342077e+02 4.956501273887731207e-02
2.000000000000000000e+03 5.590810182512223037e+02 4.811851771528150024e-02
2.000000000000000000e+03 5.722367659350220492e+02 4.672115129310896314e-02
2.000000000000000000e+03 5.857020818056666940e+02 4.535887252150933718e-02
2.000000000000000000e+03 5.994842503189408944e+02 4.404364666693472152e-02
2.000000000000000000e+03 6.135907273413175744e+02 4.276771921402963000e-02
2.000000000000000000e+03 6.280291441834252737e+02 4.152292085928511317e-02
2.000000000000000000e+03 6.428073117284319551e+02 4.032210225802278225e-02
2.000000000000000000e+03 6.579332246575681893e+02 3.914977928641660831e-02
2.000000000000000000e+03 6.734150657750820983e+02 3.801962688700203513e-02
2.000000000000000000e+03 6.892612104349694846e+02 3.692323480367004640e-02
2.000000000000000000e+03 7.054802310718645231e+02 3.585173309550999943e-02
2.000000000000000000e+03 7.220809018385464242e+02 3.481976440559792635e-02
2.000000000000000000e+03 7.390722033525775032e+02 3.381033071035458026e-02
2.000000000000000000e+03 7.564633275546290179e+02 3.283891822668157101e-02
2.000000000000000000e+03 7.742636826811269657e+02 3.189644359487368852e-02
2.000000000000000000e+03 7.924828983539169940e+02 3.097333094601187331e-02
2.000000000000000000e+03 8.111308307896872520e+02 3.008608327785263284e-02
2.000000000000000000e+03 8.302175681319744172e+02 2.921615794381059519e-02
2.000000000000000000e+03 8.497534359086438371e+02 2.838090055369009435e-02
2.000000000000000000e+03 8.697490026177833897e+02 2.757054295662373505e-02
2.000000000000000000e+03 8.902150854450383122e+02 2.677481302833631047e-02
2.000000000000000000e+03 9.111627561154896284e+02 2.601207137937472380e-02
2.000000000000000000e+03 9.326033468832199560e+02 2.526224589762041117e-02
2.000000000000000000e+03 9.545484566618337112e+02 2.454451491347931988e-02
2.000000000000000000e+03 9.770099572992256753e+02 2.384843139375881702e-02
2.000000000000000000e+03 1.000000000000000000e+03 2.316304740224756076e-02
2.000000000000000000e+03 1.000000000000000000e+03 2.316304740224756076e-02
2.000000000000000000e+03 1.097498765493055544e+03 2.065243146295673779e-02
2.000000000000000000e+03 1.204503540258781186e+03 1.842896658216309699e-02
2.000000000000000000e+03 1.321941148466028608e+03 1.647950037476093171e-02
2.000000000000000000e+03 1.450828778495938650e+03 1.479839447451246522e-02
2.000000000000000000e+03 1.592282793341090610e+03 1.334618246076291551e-02
2.000000000000000000e+03 1.747528400007682876e+03 1.213726179300704533e-02
2.000000000000000000e+03 1.917910261672486740e+03 1.113511896263163180e-02
2.000000000000000000e+03 2.104904144512019684e+03 1.034449339083525626e-02
2.000000000000000000e+03 2.310129700083158241e+03 9.771987057891897213e-03
2.000000000000000000e+03 2.535364493970108924e+03 9.379754576761668503e-03
2.000000000000000000e+03 2.782559402207123185e+03 9.187451575397442491e-03
2.000000000000000000e+03 3.053855508833412387e+03 9.151470142261862104e-03
2.000000000000000000e+03 3.351602650938840725e+03 9.241401412125736098e-03
2.000000000000000000e+03 3.678379771828630510e+03 9.349510595753887307e-03
2.000000000000000000e+03 4.037017258596553802e+03 9.431758419588265330e-03
2.000000000000000000e+03 4.430621457583877600e+03 9.504456354836073387e-03
2.000000000000000000e+03 4.862601580065348571e+03 9.584353584045541413e-03
2.000000000000000000e+03 5.336699231206307559e+03 9.639673194996218469e-03
2.000000000000000000e+03 5.857020818056661483e+03 9.703415759699194135e-03
2.000000000000000000e+03 6.428073117284318869e+03 9.743589296099789201e-03
2.000000000000000000e+03 7.054802310718638182e+03 9.777032118206477329e-03
2.000000000000000000e+03 7.742636826811270112e+03 9.820325612589973080e-03
2.000000000000000000e+03 8.497534359086437689e+03 9.841406658708215169e-03
2.000000000000000000e+03 9.326033468832189101e+03 9.873677215983681435e-03
2.000000000000000000e+03 1.023531021899026928e+04 9.884748143821200234e-03
2.000000000000000000e+03 1.123324032978026480e+04 9.891547114235685681e-03
2.000000000000000000e+03 1.232846739442065882e+04 9.910614638005415741e-03
2.000000000000000000e+03 1.353047774579807628e+04 9.909941443272181349e-03
2.000000000000000000e+03 1.484968262254463480e+04 9.922090653882562408e-03
2.000000000000000000e+03 1.629750834620643400e+04 9.915348972929555540e-03
2.000000000000000000e+03 1.788649529057435211e+04 9.906115524539649622e-03
2.000000000000000000e+03 1.963040650040268520e+04 9.910250977855502089e-03
2.000000000000000000e+03 2.154434690031882201e+04 9.896687552012067499e-03
2.000000000000000000e+03 2.364489412645407356e+04 9.896747344469842417e-03
2.000000000000000000e+03 2.595024211399731939e+04 9.879788877976167921e-03
2.000000000000000000e+03 2.848035868435799057e+04 9.861522959408277819e-03
2.000000000000000000e+03 3.125715849688235176e+04 9.857045287559972405e-03
2.000000000000000000e+03 3.430469286314912461e+04 9.836503589641670472e-03
2.000000000000000000e+03 3.764935806792470976e+04 9.815138876432996651e-03
2.000000000000000000e+03 4.132012400115334458e+04 9.807574441477312499e-03
2.000000000000000000e+03 4.534878508128582325e+04 9.784771071782608770e-03
2.000000000000000000e+03 4.977023564332113892e+04 9.775739726212859249e-03
2.000000000000000000e+03 5.462277217684336938e+04 9.751725184061406024e-03
2.000000000000000000e+03 5.994842503189409035e+04 9.727332760453864802e-03
2.000000000000000000e+03 6.579332246575682075e+04 9.716682379664186298e-03
2.000000000000000000e+03 7.220809018385456875e+04 9.691770515615259415e-03
2.000000000000000000e+03 7.924828983539169712e+04 9.680475607082513617e-03
2.000000000000000000e+03 8.697490026177834079e+04 9.655283076413211443e-03
2.000000000000000000e+03 9.545484566618327517e+04 9.630099419252951404e-03
2.000000000000000000e+03 1.047615752789664111e+05 9.618269590689856874e-03
2.000000000000000000e+03 1.149756995397735591e+05 9.593061718212701067e-03
2.000000000000000000e+03 1.261856883066018490e+05 9.581033942763855782e-03
2.000000000000000000e+03 1.384886371393871668e+05 9.555924559785967942e-03
2.000000000000000000e+03 1.519911082952933211e+05 9.530973581863950994e-03
2.000000000000000000e+03 1.668100537200059043e+05 9.518805433451300868e-03
2.000000000000000000e+03 1.830738280295369623e+05 9.493787658623976597e-03
2.000000000000000000e+03 2.009233002565045899e+05 9.481577978295832945e-03
2.000000000000000000e+03 2.205130739903045760e+05 9.456833104042149454e-03
2.000000000000000000e+03 2.420128264794383431e+05 9.432308278051760794e-03
2.000000000000000000e+03 2.656087782946684165e+05 9.420266214505083890e-03
2.000000000000000000e+03 2.915053062825175584e+05 9.396065475135738365e-03
2.000000000000000000e+03 3.199267137797384639e+05 9.372105414467276838e-03
2.000000000000000000e+03 3.511191734215127653e+05 9.360291935979543620e-03
2.000000000000000000e+03 3.853528593710527639e+05 9.336675882801521997e-03
2.000000000000000000e+03 4.229242874389499193e+05 9.325008479977279358e-03
2.000000000000000000e+03 4.641588833612772287e+05 9.301742746819380639e-03
2.000000000000000000e+03 5.094138014816375216e+05 9.278714206255289296e-03
2.000000000000000000e+03 5.590810182512222091e+05 9.267329580679163972e-03
2.000000000000000000e+03 6.135907273413175717e+05 9.244410464553879520e-03
2.000000000000000000e+03 6.734150657750827959e+05 9.232939967467801087e-03
2.000000000000000000e+03 7.390722033525775187e+05 9.210137725931781885e-03
2.000000000000000000e+03 8.111308307896872284e+05 9.187575597154969478e-03
2.000000000000000000e+03 8.902150854450393235e+05 9.176392609893623681e-03
2.000000000000000000e+03 9.770099572992246831e+05 9.154183179679940829e-03
2.000000000000000000e+03 1.072267222010323079e+06 9.143170958141417712e-03
2.000000000000000000e+03 1.176811952434999170e+06 9.121305058995736806e-03
2.000000000000000000e+03 1.291549665014882805e+06 9.099665794305393865e-03
2.000000000000000000e+03 1.417474162926804740e+06 9.088933324773141101e-03
2.000000000000000000e+03 1.555676143930472201e+06 9.067628740977199189e-03
2.000000000000000000e+03 1.707352647470688680e+06 9.057063205917224857e-03
2.000000000000000000e+03 1.873817422860383056e+06 9.036082742803477549e-03
2.000000000000000000e+03 2.056512308348651510e+06 9.015314687808528848e-03
2.000000000000000000e+03 2.257019719633921515e+06 9.005015038460892352e-03
2.000000000000000000e+03 2.477076355991709046e+06 8.984559904560214527e-03
2.000000000000000000e+03 2.718588242732940242e+06 8.974413650909450132e-03
2.000000000000000000e+03 2.983647240283340216e+06 8.954268832331668468e-03
2.000000000000000000e+03 3.274549162877731491e+06 8.934327959638740588e-03
2.000000000000000000e+03 3.593813663804625627e+06 8.924428194657711699e-03
2.000000000000000000e+03 3.944206059437655844e+06 8.904776176207022595e-03
2.000000000000000000e+03 4.328761281083061360e+06 8.885318627490377055e-03
2.000000000000000000e+03 4.750810162102793343e+06 8.875665991509750635e-03
2.000000000000000000e+03 5.214008287999684922e+06 8.856488488373946352e-03
2.000000000000000000e+03 5.722367659350220114e+06 8.846975309572829155e-03
2.000000000000000000e+03 6.280291441834246740e+06 8.828075668386160119e-03
2.000000000000000000e+03 6.892612104349695146e+06 8.809357664914189978e-03
2.000000000000000000e+03 7.564633275546290912e+06 8.800071444351588099e-03
2.000000000000000000e+03 8.302175681319751777e+06 8.781622592298362479e-03
2.000000000000000000e+03 9.111627561154887080e+06 8.772465243119000750e-03
2.000000000000000000e+03 1.000000000000000000e+07 8.754272712375436860e-03
3.000000000000000000e+03 1.000000000000000000e+02 5.968310365946075668e-01
3.000000000000000000e+03 1.023531021899025859e+02 5.831098655781500328e-01
3.000000000000000000e+03 1.047615752789664043e+02 5.697041448692656829e-01
3.000000000000000000e+03 1.072267222010323167e+02 5.566066222519124862e-01
3.000000000000000000e+03 1.097498765493055686e+02 5.438102122388072113e-01
3.000000000000000000e+03 1.123324032978026565e+02 5.313079922383199261e-01
3.000000000000000000e+03 1.149756995397735579e+02 5.190931988094977800e-01
3.000000000000000000e+03 1.176811952434997863e+02 5.071592240031858045e-01
3.000000000000000000e+03 1.204503540258782408e+02 4.954996117872604300e-01
3.000000000000000000e+03 1.232846739442065882e+02 4.841080545540542568e-01
3.000000000000000000e+03 1.261856883066019748e+02 4.729783897080677146e-01
3.000000000000000000e+03 1.291549665014883885e+02 4.621045963321353534e-01
3.000000000000000000e+03 1.321941148466028721e+02 4.514807919302354366e-01
3.000000000000000000e+03 1.353047774579807481e+02 4.411012292451794714e-01
3.000000000000000000e+03 1.384886371393873219e+02 4.309602931494686540e-01
3.000000000000000000e+03 1.417474162926804695e+02 4.210524976076241987e-01
3.000000000000000000e+03 1.450828778495940128e+02 4.113724827083567459e-01
3.000000000000000000e+03 1.484968262254465117e+02 4.019150117649680221e-01
3.000000000000000000e+03 1.519911082952933157e+02 3.926749684824092923e-01
3.000000000000000000e+03 1.555676143930472222e+02 3.836473541894730444e-01
3.000000000000000000e+03 1.592282793341092315e+02 3.748272851346178824e-01
3.000000000000000000e+03 1.629750834620643332e+02 3.662099898439578061e-01
3.000000000000000000e+03 1.668100537200059250e+02 3.577908065399946214e-01
3.000000000000000000e+03 1.707352647470690385e+02 3.495651806196956590e-01
3.000000000000000000e+03 1.747528400007682876e+02 3.415286621905450071e-01
3.000000000000000000e+03 1.788649529057435075e+02 3.336769036632457053e-01
3.000000000000000000e+03 1.830738280295367701e+02 3.260056573997655027e-01
3.000000000000000000e+03 1.873817422860383033e+02 3.185107734154508652e-01
3.000000000000000000e+03 1.917910261672488730e+02 3.111881971339726660e-01
3.000000000000000000e+03 1.963040650040270521e+02 3.040339671938856458e-01
3.000000000000000000e+03 2.009233002565045751e+02 2.970442133056124256e-01
3.000000000000000000e+03 2.056512308348651459e+02 2.902151541576981630e-01
3.000000000000000000e+03 2.104904144512019855e+02 2.835430953712008151e-01
3.000000000000000000e+03 2.154434690031882269e+02 2.770244275011072288e-01
3.000000000000000000e+03 2.205130739903045480e+02 2.706556240836989202e-01
3.000000000000000000e+03 2.257019719633919124e+02 2.644332397288099434e-01
3.000000000000000000e+03 2.310129700083157900e+02 2.583539082559405120e-01
3.000000000000000000e+03 2.364489412645407072e+02 2.524143408732242300e-01
3.000000000000000000e+03 2.420128264794381039e+02 2.466113243982609726e-01
3.000000000000000000e+03 2.477076355991711409e+02 2.409417195198501893e-01
3.000000000000000000e+03 2.535364493970111539e+02 2.354024590996908473e-01
3.000000000000000000e+03 2.595024211399737055e+02 2.299905465131214521e-01
3.000000000000000000e+03 2.656087782946686957e+02 2.247030540280103017e-01
3.000000000000000000e+03 2.718588242732940330e+02 2.195371212209119571e-01
3.000000000000000000e+03 2.782559402207126027e+02 2.144899534296379195e-01
3.000000000000000000e+03 2.848035868435802058e+02 2.095588202414034318e-01
3.000000000000000000e+03 2.915053062825175516e+02 2.047410540157297010e-01
3.000000000000000000e+03 2.983647240283340238e+02 2.000340484413062891e-01
3.000000000000000000e+03 3.053855508833415797e+02 1.676169581813287401e-01
3.000000000000000000e+03 3.125715849688235153e+02 1.632081905306312364e-01
3.000000000000000000e+03 3.199267137797384635e+02 1.588971146740217888e-01
3.000000000000000000e+03 3.274549162877728463e+02 1.546712185958882269e-01
3.000000000000000000e+03 3.351602650938841066e+02 1.505410685966926121e-01
3.000000000000000000e+03 3.430469286314919373e+02 1.465001675396877812e-01
3.000000000000000000e+03 3.511191734215130964e+02 1.425423075463755906e-01
3.000000000000000000e+03 3.593813663804625662e+02 1.386773544637806832e-01
3.000000000000000000e+03 3.678379771828634262e+02 1.348938532131835899e-01
3.000000000000000000e+03 3.764935806792467474e+02 1.312012563245482377e-01
3.000000000000000000e+03 3.853528593710527161e+02 1.275934265989601413e-01
3.000000000000000000e+03 3.944206059437656222e+02 1.240642178756403563e-01
3.000000000000000000e+03 4.037017258596553688e+02 1.206230094003363784e-01
3.000000000000000000e+03 4.132012400115334572e+02 1.172584454532838577e-01
3.000000000000000000e+03 4.229242874389498752e+02 1.139798228020819232e-01
3.000000000000000000e+03 4.328761281083056929e+02 1.107809295447241549e-01
3.000000000000000000e+03 4.430621457583877714e+02 1.076554976951942105e-01
3.000000000000000000e+03 4.534878508128581984e+02 1.046128334448712810e-01
3.000000000000000000e+03 4.641588833612777307e+02 1.016413179819511542e-01
3.000000000000000000e+03 4.750810162102798131e+02 9.875044051086716290e-02
3.000000000000000000e+03 4.862601580065353346e+02 9.593374848647288899e-02
3.000000000000000000e+03 4.977023564332108663e+02 9.318460757704610797e-02
3.000000000000000000e+03 5.094138014816380178e+02 9.051274805125780754e-02
3.000000000000000000e+03 5.214008287999683944e+02 8.790588821770807526e-02
3.000000000000000000e+03 5.336699231206307559e+02 8.537403595135931167e-02
3.000000000000000000e+03 5.462277217684342077e+02 8.291034806907636445e-02
3.000000000000000000e+03 5.590810182512223037e+02 8.050772898235503128e-02
3.000000000000000000e+03 5.722367659350220492e+02 7.817656179738190214e-02
3.000000000000000000e+03 5.857020818056666940e+02 7.590369882436744098e-02
3.000000000000000000e+03 5.994842503189408944e+02 7.369991649081304719e-02
3.000000000000000000e+03 6.135907273413175744e+02 7.155789280902542793e-02
3.000000000000000000e+03 6.280291441834252737e+02 6.946998669503039181e-02
3.000000000000000000e+03 6.428073117284319551e+02 6.744749027584703849e-02
3.000000000000000000e+03 6.579332246575681893e+02 6.547621699061803580e-02
3.000000000000000000e+03 6.734150657750820983e+02 6.356794176861292611e-02
3.000000000000000000e+03 6.892612104349694846e+02 6.171483473406569331e-02
3.000000000000000000e+03 7.054802310718645231e+02 5.990859525068267799e-02
3.000000000000000000e+03 7.220809018385464242e+02 5.816170457201131488e-02
3.000000000000000000e+03 7.390722033525775032e+02 5.645881705743399648e-02
3.000000000000000000e+03 7.564633275546290179e+02 5.481287952572142658e-02
3.000000000000000000e+03 7.742636826811269657e+02 5.321548711285446071e-02
3.000000000000000000e+03 7.924828983539169940e+02 5.165783341567540404e-02
3.000000000000000000e+03 8.111308307896872520e+02 5.015358971502047181e-02
3.000000000000000000e+03 8.302175681319744172e+02 4.868624962561404756e-02
3.000000000000000000e+03 8.497534359086438371e+02 4.727007959367358209e-02
3.000000000000000000e+03 8.697490026177833897e+02 4.589612490748912893e-02
3.000000000000000000e+03 8.902150854450383122e+02 4.455500756852583816e-02
3.000000000000000000e+03 9.111627561154896284e+02 4.326178332072289773e-02
3.000000000000000000e+03 9.326033468832199560e+02 4.199874178545053016e-02
3.000000000000000000e+03 9.545484566618337112e+02 4.078156574033069137e-02
3.000000000000000000e+03 9.770099572992256753e+02 3.960076369121290352e-02
3.000000000000000000e+03 1.000000000000000000e+03 3.844640968257698188e-02
3.000000000000000000e+03 1.000000000000000000e+03 3.844640968257698188e-02
3.000000000000000000e+03 1.097498765493055544e+03 3.418656093969742876e-02
3.000000000000000000e+03 1.204503540258781186e+03 3.040046030588481815e-02
3.000000000000000000e+03 1.321941148466028608e+03 2.704133837600720958e-02
3.000000000000000000e+03 1.450828778495938650e+03 2.407269614795246732e-02
3.000000000000000000e+03 1.592282793341090610e+03 2.143356950113694745e-02
3.000000000000000000e+03 1.747528400007682876e+03 1.911412573575566390e-02
3.000000000000000000e+03 1.917910261672486740e+03 1.706538387002303966e-02
3.000000000000000000e+03 2.104904144512019684e+03 1.527864042190944620e-02
3.000000000000000000e+03 2.310129700083158241e+03 1.375126712127137073e-02
3.000000000000000000e+03 2.535364493970108924e+03 1.244495685268904965e-02
3.000000000000000000e+03 2.782559402207123185e+03 1.137604806465516982e-02
3.000000000000000000e+03 3.053855508833412387e+03 1.050847205173694072e-02
3.000000000000000000e+03 3.351602650938840725e+03 9.847367538005819682e-03
3.000000000000000000e+03 3.678379771828630510e+03 9.399059074974866132e-03
3.000000000000000000e+03 4.037017258596553802e+03 9.125119711177675022e-03
3.000000000000000000e+03 4.430621457583877600e+03 9.028072910571076706e-03
3.000000000000000000e+03 4.862601580065348571e+03 9.102179369088202882e-03
3.000000000000000000e+03 5.336699231206307559e+03 9.197384542379597253e-03
3.000000000000000000e+03 5.857020818056661483e+03 9.297909864383023526e-03
3.000000000000000000e+03 6.428073117284318869e+03 9.373602148929653308e-03
3.000000000000000000e+03 7.054802310718638182e+03 9.440272385526625801e-03
3.000000000000000000e+03 7.742636826811270112e+03 9.513824844400413025e-03
3.000000000000000000e+03 8.497534359086437689e+03 9.563732700667995981e-03
3.000000000000000000e+03 9.326033468832189101e+03 9.622028760138628609e-03
3.000000000000000000e+03 1.023531021899026928e+04 9.657706145640827800e-03
3.000000000000000000e+03 1.123324032978026480e+04 9.687107747989264633e-03
3.000000000000000000e+03 1.232846739442065882e+04 9.726428185870062901e-03
3.000000000000000000e+03 1.353047774579807628e+04 9.744727876581071521e-03
3.000000000000000000e+03 1.484968262254463480e+04 9.773816668280952552e-03
3.000000000000000000e+03 1.629750834620643400e+04 9.782859319054605304e-03
3.000000000000000000e+03 1.788649529057435211e+04 9.787958798421361392e-03
3.000000000000000000e+03 1.963040650040268520e+04 9.804839779229542959e-03
3.000000000000000000e+03 2.154434690031882201e+04 9.803057404909125763e-03
3.000000000000000000e+03 2.364489412645407356e+04 9.813569081722976761e-03
3.000000000000000000e+03 2.595024211399731939e+04 9.806216496185918285e-03
3.000000000000000000e+03 2.848035868435799057e+04 9.796585765784663127e-03
3.000000000000000000e+03 3.125715849688235176e+04 9.799741656634788911e-03
3.000000000000000000e+03 3.430469286314912461e+04 9.786150261076934781e-03
3.000000000000000000e+03 3.764935806792470976e+04 9.770991534826811015e-03
3.000000000000000000e+03 4.132012400115334458e+04 9.768890452236658403e-03
3.000000000000000000e+03 4.534878508128582325e+04 9.751011458351699010e-03
3.000000000000000000e+03 4.977023564332113892e+04 9.746300953699530215e-03
3.000000000000000000e+03 5.462277217684336938e+04 9.726159131843947064e-03
3.000000000000000000e+03 5.994842503189409035e+04 9.705182801906252904e-03
3.000000000000000000e+03 6.579332246575682075e+04 9.697510343390520343e-03
3.000000000000000000e+03 7.220809018385456875e+04 9.675237804133875533e-03
3.000000000000000000e+03 7.924828983539169712e+04 9.666234997688354785e-03
3.000000000000000000e+03 8.697490026177834079e+04 9.643059997059172037e-03
3.000000000000000000e+03 9.545484566618327517e+04 9.619631707623605560e-03
3.000000000000000000e+03 1.047615752789664111e+05 9.609317044069655075e-03
3.000000000000000000e+03 1.149756995397735591e+05 9.585429574844086739e-03
3.000000000000000000e+03 1.261856883066018490e+05 9.574536555732740886e-03
3.000000000000000000e+03 1.384886371393871668e+05 9.550409709050473872e-03
3.000000000000000000e+03 1.519911082952933211e+05 9.526302438877323753e-03
3.000000000000000000e+03 1.668100537200059043e+05 9.514854700727994399e-03
3.000000000000000000e+03 1.830738280295369623e+05 9.490455464605904168e-03
3.000000000000000000e+03 2.009233002565045899e+05 9.478770758472931240e-03
3.000000000000000000e+03 2.205130739903045760e+05 9.454473775741970357e-03
3.000000000000000000e+03 2.420128264794383431e+05 9.430328490832515231e-03
3.000000000000000000e+03 2.656087782946684165e+05 9.418606401690550120e-03
3.000000000000000000e+03 2.915053062825175584e+05 9.394676539732093462e-03
3.000000000000000000e+03 3.199267137797384639e+05 9.370944505453015355e-03
3.000000000000000000e+03 3.511191734215127653e+05 9.359322179083150867e-03
3.000000000000000000e+03 3.853528593710527639e+05 9.335866937508994004e-03
3.000000000000000000e+03 4.229242874389499193e+05 9.324333925374753140e-03
3.000000000000000000e+03 4.641588833612772287e+05 9.301180907386007515e-03
3.000000000000000000e+03 5.094138014816375216e+05 9.278246524039255108e-03
3.000000000000000000e+03 5.590810182512222091e+05 9.266940321423293783e-03
3.000000000000000000e+03 6.135907273413175717e+05 9.244086841317120454e-03
3.000000000000000000e+03 6.734150657750827959e+05 9.232670907324946191e-03
3.000000000000000000e+03 7.390722033525775187e+05 9.209914249248232765e-03
3.000000000000000000e+03 8.111308307896872284e+05 9.187390029287789348e-03
3.000000000000000000e+03 8.902150854450393235e+05 9.176238456876187680e-03
3.000000000000000000e+03 9.770099572992246831e+05 9.154055227656311688e-03
3.000000000000000000e+03 1.072267222010323079e+06 9.143064704288286770e-03
3.000000000000000000e+03 1.176811952434999170e+06 9.121216889890816984e-03
3.000000000000000000e+03 1.291549665014882805e+06 9.099592638890608917e-03
3.000000000000000000e+03 1.417474162926804740e+06 9.088872595644857666e-03
3.000000000000000000e+03 1.555676143930472201e+06 9.067578361051235533e-03
3.000000000000000000e+03 1.707352647470688680e+06 9.057021389627399957e-03
3.000000000000000000e+03 1.873817422860383056e+06 9.036048056287626987e-03
3.000000000000000000e+03 2.056512308348651510e+06 9.015285916507248185e-03
3.000000000000000000e+03 2.257019719633921515e+06 9.004991160818156051e-03
3.000000000000000000e+03 2.477076355991709046e+06 8.984540099864823937e-03
3.000000000000000000e+03 2.718588242732940242e+06 8.974397215599798708e-03
3.000000000000000000e+03 2.983647240283340216e+06 8.954255200873581164e-03
3.000000000000000000e+03 3.274549162877731491e+06 8.934316653889263354e-03
3.000000000000000000e+03 3.593813663804625627e+06 8.924418812782169627e-03
3.000000000000000000e+03 3.944206059437655844e+06 8.904768395064236938e-03
3.000000000000000000e+03 4.328761281083061360e+06 8.885312174013112324e-03
3.000000000000000000e+03 4.750810162102793343e+06 8.875660636292815805e-03
3.000000000000000000e+03 5.214008287999684922e+06 8.856484046875043314e-03
3.000000000000000000e+03 5.722367659350220114e+06 8.846971623972410548e-03
3.000000000000000000e+03 6.280291441834246740e+06 8.828072611616466850e-03
3.000000000000000000e+03 6.892612104349695146e+06 8.809355129675098400e-03
3.000000000000000000e+03 7.564633275546290912e+06 8.800069340582240135e-03
3.000000000000000000e+03 8.302175681319751777e+06 8.781620847446856143e-03
3.000000000000000000e+03 9.111627561154887080e+06 8.772463795215505733e-03
3.000000000000000000e+03 1.000000000000000000e+07 8.754271511481497015e-03
5.000000000000000000e+03 1.000000000000000000e+02 9.947183943243458337e-01
5.000000000000000000e+03 1.023531021899025859e+02 9.718497759635833511e-01
5.000000000000000000e+03 1.047615752789664043e+02 9.495069081154426938e-01
5.000000000000000000e+03 1.072267222010323167e+02 9.276777037531874770e-01
5.000000000000000000e+03 1.097498765493055686e+02 9.063503537313453151e-01
5.000000000000000000e+03 1.123324032978026565e+02 8.855133203971998768e-01
5.000000000000000000e+03 1.149756995397735579e+02 8.651553313491628927e-01
5.000000000000000000e+03 1.176811952434997863e+02 8.452653733386430446e-01
5.000000000000000000e+03 1.204503540258782408e+02 8.258326863121008277e-01
5.000000000000000000e+03 1.232846739442065882e+02 8.068467575900903910e-01
5.000000000000000000e+03 1.261856883066019748e+02 7.882973161801128947e-01
5.000000000000000000e+03 1.291549665014883885e+02 7.701743272202256074e-01
5.000000000000000000e+03 1.321941148466028721e+02 7.524679865503923759e-01
5.000000000000000000e+03 1.353047774579807481e+02 7.351687154086324893e-01
5.000000000000000000e+03 1.384886371393873219e+02 7.182671552491144418e-01
5.000000000000000000e+03 1.417474162926804695e+02 7.017541626793736276e-01
5.000000000000000000e+03 1.450828778495940128e+02 6.856208045139279283e-01
5.000000000000000000e+03 1.484968262254465117e+02 6.698583529416134441e-01
5.000000000000000000e+03 1.519911082952933157e+02 6.544582808040154687e-01
5.000000000000000000e+03 1.555676143930472222e+02 6.394122569824550739e-01
5.000000000000000000e+03 1.592282793341092315e+02 6.247121418910298596e-01
5.000000000000000000e+03 1.629750834620643332e+02 6.103499830732630471e-01
5.000000000000000000e+03 1.668100537200059250e+02 5.963180108999910356e-01
5.000000000000000000e+03 1.707352647470690385e+02 5.826086343661595057e-01
5.000000000000000000e+03 1.747528400007682876e+02 5.692144369842416785e-01
5.000000000000000000e+03 1.788649529057435075e+02 5.561281727720761570e-01
5.000000000000000000e+03 1.830738280295367701e+02 5.433427623329425415e-01
5.000000000000000000e+03 1.873817422860383033e+02 5.308512890257514050e-01
5.000000000000000000e+03 1.917910261672488730e+02 5.186469952232878322e-01
5.000000000000000000e+03 1.963040650040270521e+02 5.067232786564760394e-01
5.000000000000000000e+03 2.009233002565045751e+02 4.950736888426873761e-01
5.000000000000000000e+03 2.056512308348651459e+02 4.836919235961635311e-01
5.000000000000000000e+03 2.104904144512019855e+02 4.725718256186680066e-01
5.000000000000000000e+03 2.154434690031882269e+02 4.617073791685120110e-01
5.000000000000000000e+03 2.205130739903045480e+02 4.510927068061648670e-01
5.000000000000000000e+03 2.257019719633919124e+02 4.407220662146832391e-01
5.000000000000000000e+03 2.310129700083157900e+02 4.305898470932341682e-01
5.000000000000000000e+03 2.364489412645407072e+02 4.206905681220404203e-01
5.000000000000000000e+03 2.420128264794381039e+02 4.110188739971016303e-01
5.000000000000000000e+03 2.477076355991711409e+02 4.015695325330836951e-01
5.000000000000000000e+03 2.535364493970111539e+02 3.923374318328180510e-01
5.000000000000000000e+03 2.595024211399737055e+02 3.833175775218690684e-01
5.000000000000000000e+03 2.656087782946686957e+02 3.745050900466838639e-01
5.000000000000000000e+03 2.718588242732940330e+02 3.658952020348532064e-01
5.000000000000000000e+03 2.782559402207126027e+02 3.574832557160631530e-01
5.000000000000000000e+03 2.848035868435802058e+02 3.492647004023390345e-01
5.000000000000000000e+03 2.915053062825175516e+02 3.412350900262161035e-01
5.000000000000000000e+03 2.983647240283340238e+02 3.333900807355105189e-01
5.000000000000000000e+03 3.053855508833415797e+02 3.257254285433864860e-01
5.000000000000000000e+03 3.125715849688235153e+02 3.182369870324460170e-01
5.000000000000000000e+03 3.199267137797384635e+02 3.109207051116039677e-01
5.000000000000000000e+03 3.274549162877728463e+02 3.037726248245333216e-01
5.000000000000000000e+03 3.351602650938841066e+02 2.967888792084910077e-01
5.000000000000000000e+03 3.430469286314919373e+02 2.899656902023725058e-01
5.000000000000000000e+03 3.511191734215130964e+02 2.832993666028604807e-01
5.000000000000000000e+03 3.593813663804625662e+02 2.767863020675583874e-01
5.000000000000000000e+03 3.678379771828634262e+02 2.704229731640355183e-01
5.000000000000000000e+03 3.764935806792467474e+02 2.642059374637240055e-01
5.000000000000000000e+03 3.853528593710527161e+02 2.581318316796348822e-01
5.000000000000000000e+03 3.944206059437656222e+02 2.521973698468906733e-01
5.000000000000000000e+03 4.037017258596553688e+02 2.463993415450876912e-01
5.000000000000000000e+03 4.132012400115334572e+02 2.407346101615234490e-01
5.000000000000000000e+03 4.229242874389498752e+02 2.352001111943555212e-01
5.000000000000000000e+03 4.328761281083056929e+02 2.297928505947703925e-01
5.000000000000000000e+03 4.430621457583877714e+02 2.245099031472639894e-01
5.000000000000000000e+03 4.534878508128581984e+02 2.193484108871614213e-01
5.000000000000000000e+03 4.641588833612777307e+02 2.143055815545186205e-01
5.000000000000000000e+03 4.750810162102798131e+02 2.093786870835656899e-01
5.000000000000000000e+03 4.862601580065353346e+02 2.045650621268824687e-01
5.000000000000000000e+03 4.977023564332108663e+02 1.998621026134988765e-01
5.000000000000000000e+03 5.094138014816380178e+02 1.674049184481399555e-01
5.000000000000000000e+03 5.214008287999683944e+02 1.630005759308531532e-01
5.000000000000000000e+03 5.336699231206307559e+02 1.586927597628771391e-01
5.000000000000000000e+03 5.462277217684342077e+02 1.544757741634524839e-01
5.000000000000000000e+03 5.590810182512223037e+02 1.503437447757536016e-01
5.000000000000000000e+03 5.722367659350220492e+02 1.463059941235839712e-01
5.000000000000000000e+03 5.857020818056666940e+02 1.423514425912484616e-01
5.000000000000000000e+03 5.994842503189408944e+02 1.384895372973356242e-01
5.000000000000000000e+03 6.135907273413175744e+02 1.347142392804218380e-01
5.000000000000000000e+03 6.280291441834252737e+02 1.310192882289110405e-01
5.000000000000000000e+03 6.428073117284319551e+02 1.274143669171023951e-01
5.000000000000000000e+03 6.579332246575681893e+02 1.238877533014586391e-01
5.000000000000000000e+03 6.734150657750820983e+02 1.204493358768616018e-01
5.000000000000000000e+03 6.892612104349694846e+02 1.170926922352245741e-01
5.000000000000000000e+03 7.054802310718645231e+02 1.138111362943933780e-01
5.000000000000000000e+03 7.220809018385464242e+02 1.106148765656737309e-01
5.000000000000000000e+03 7.390722033525775032e+02 1.074914334553848938e-01
5.000000000000000000e+03 7.564633275546290179e+02 1.044512731384214105e-01
5.000000000000000000e+03 7.742636826811269657e+02 1.014875367869405992e-01
5.000000000000000000e+03 7.924828983539169940e+02 9.859306002597890972e-02
5.000000000000000000e+03 8.111308307896872520e+02 9.577869833208567385e-02
5.000000000000000000e+03 8.302175681319744172e+02 9.303110500671900318e-02
5.000000000000000000e+03 8.497534359086438371e+02 9.036143833051620000e-02
5.000000000000000000e+03 8.697490026177833897e+02 8.776235314967119339e-02
5.000000000000000000e+03 8.902150854450383122e+02 8.522616684024700295e-02
5.000000000000000000e+03 9.111627561154896284e+02 8.276448556703595860e-02
5.000000000000000000e+03 9.326033468832199560e+02 8.036301707296349128e-02
5.000000000000000000e+03 9.545484566618337112e+02 7.803371331538766498e-02
5.000000000000000000e+03 9.770099572992256753e+02 7.576871827281056460e-02
5.000000000000000000e+03 1.000000000000000000e+03 7.355981433149361148e-02
5.000000000000000000e+03 1.000000000000000000e+03 7.355981433149361148e-02
5.000000000000000000e+03 1.097498765493055544e+03 6.534817789120525577e-02
5.000000000000000000e+03 1.204503540258781186e+03 5.803077445192909162e-02
5.000000000000000000e+03 1.321941148466028608e+03 5.152971456550796414e-02
5.000000000000000000e+03 1.450828778495938650e+03 4.577054438620616061e-02
5.000000000000000000e+03 1.592282793341090610e+03 4.065721010268436020e-02
5.000000000000000000e+03 1.747528400007682876e+03 3.613340645708425919e-02
5.000000000000000000e+03 1.917910261672486740e+03 3.211352383110789577e-02
5.000000000000000000e+03 2.104904144512019684e+03 2.854706812201716210e-02
5.000000000000000000e+03 2.310129700083158241e+03 2.539330580874306006e-02
5.000000000000000000e+03 2.535364493970108924e+03 2.258787866946551995e-02
5.000000000000000000e+03 2.782559402207123185e+03 2.011688458779251759e-02
5.000000000000000000e+03 3.053855508833412387e+03 1.792901065738425684e-02
5.000000000000000000e+03 3.351602650938840725e+03 1.601258929887320465e-02
5.000000000000000000e+03 3.678379771828630510e+03 1.436247207937862112e-02
5.000000000000000000e+03 4.037017258596553802e+03 1.293996180115311589e-02
5.000000000000000000e+03 4.430621457583877600e+03 1.174612375938575808e-02
5.000000000000000000e+03 4.862601580065348571e+03 1.078492822577295333e-02
5.000000000000000000e+03 5.336699231206307559e+03 1.002147823552782500e-02
5.000000000000000000e+03 5.857020818056661483e+03 9.474469181743322768e-03
5.000000000000000000e+03 6.428073117284318869e+03 9.107708433502474318e-03
5.000000000000000000e+03 7.054802310718638182e+03 8.924335478037937613e-03
5.000000000000000000e+03 7.742636826811270112e+03 8.924524728648615055e-03
5.000000000000000000e+03 8.497534359086437689e+03 9.018719092514780253e-03
5.000000000000000000e+03 9.326033468832189101e+03 9.122456014968334873e-03
5.000000000000000000e+03 1.023531021899026928e+04 9.201998682353109207e-03
5.000000000000000000e+03 1.123324032978026480e+04 9.272428732959530837e-03
5.000000000000000000e+03 1.232846739442065882e+04 9.349074487140856052e-03
5.000000000000000000e+03 1.353047774579807628e+04 9.402879963896984203e-03
5.000000000000000000e+03 1.484968262254463480e+04 9.464045113603224840e-03
5.000000000000000000e+03 1.629750834620643400e+04 9.503371706971240271e-03
5.000000000000000000e+03 1.788649529057435211e+04 9.536279043496354024e-03
5.000000000000000000e+03 1.963040650040268520e+04 9.578090630079002035e-03
5.000000000000000000e+03 2.154434690031882201e+04 9.599630766571982596e-03
5.000000000000000000e+03 2.364489412645407356e+04 9.630976314844814576e-03
5.000000000000000000e+03 2.595024211399731939e+04 9.643011917770036995e-03
5.000000000000000000e+03 2.848035868435799057e+04 9.650983086631103464e-03
5.000000000000000000e+03 3.125715849688235176e+04 9.669800682725130866e-03
5.000000000000000000e+03 3.430469286314912461e+04 9.670672638960441797e-03
5.000000000000000000e+03 3.764935806792470976e+04 9.668570350073620728e-03
5.000000000000000000e+03 4.132012400115334458e+04 9.678048971447580223e-03
5.000000000000000000e+03 4.534878508128582325e+04 9.670776260813380293e-03
5.000000000000000000e+03 4.977023564332113892e+04 9.675450386361422392e-03
5.000000000000000000e+03 5.462277217684336938e+04 9.663865870350044421e-03
5.000000000000000000e+03 5.994842503189409035e+04 9.650538668368529097e-03
5.000000000000000000e+03 6.579332246575682075e+04 9.649598146259645570e-03
5.000000000000000000e+03 7.220809018385456875e+04 9.633400291136483273e-03
5.000000000000000000e+03 7.924828983539169712e+04 9.629727153843300330e-03
5.000000000000000000e+03 8.697490026177834079e+04 9.611328732763834565e-03
5.000000000000000000e+03 9.545484566618327517e+04 9.592115183734525874e-03
5.000000000000000000e+03 1.047615752789664111e+05 9.585479183541974202e-03
5.000000000000000000e+03 1.149756995397735591e+05 9.564854848337208879e-03
5.000000000000000000e+03 1.261856883066018490e+05 9.556799052701410446e-03
5.000000000000000000e+03 1.384886371393871668e+05 9.535171896508543021e-03
5.000000000000000000e+03 1.519911082952933211e+05 9.513242039411224163e-03
5.000000000000000000e+03 1.668100537200059043e+05 9.503676830517934770e-03
5.000000000000000000e+03 1.830738280295369623e+05 9.480921458771966390e-03
5.000000000000000000e+03 2.009233002565045899e+05 9.470649570361795375e-03
5.000000000000000000e+03 2.205130739903045760e+05 9.447577597565152280e-03
5.000000000000000000e+03 2.420128264794383431e+05 9.424484859098733458e-03
5.000000000000000000e+03 2.656087782946684165e+05 9.413661212684686086e-03
5.000000000000000000e+03 2.915053062825175584e+05 9.390503047364726422e-03
5.000000000000000000e+03 3.199267137797384639e+05 9.367428790138585329e-03
5.000000000000000000e+03 3.511191734215127653e+05 9.356364013464830640e-03
5.000000000000000000e+03 3.853528593710527639e+05 9.333383449083786434e-03
5.000000000000000000e+03 4.229242874389499193e+05 9.322250953700426598e-03
5.000000000000000000e+03 4.641588833612772287e+05 9.299437190105340131e-03
5.000000000000000000e+03 5.094138014816375216e+05 9.276788563603692583e-03
5.000000000000000000e+03 5.590810182512222091e+05 9.265722059267372801e-03
5.000000000000000000e+03 6.135907273413175717e+05 9.243070599767770970e-03
5.000000000000000000e+03 6.734150657750827959e+05 9.231823529973174833e-03
5.000000000000000000e+03 7.390722033525775187e+05 9.209208691378307013e-03
5.000000000000000000e+03 8.111308307896872284e+05 9.186802918517481681e-03
5.000000000000000000e+03 8.902150854450393235e+05 9.175749849977543615e-03
5.000000000000000000e+03 9.770099572992246831e+05 9.153649050609327306e-03
5.000000000000000000e+03 1.072267222010323079e+06 9.142726967227643789e-03
5.000000000000000000e+03 1.176811952434999170e+06 9.120936332728582160e-03
5.000000000000000000e+03 1.291549665014882805e+06 9.099359643047031862e-03
5.000000000000000000e+03 1.417474162926804740e+06 9.088679026417266493e-03
5.000000000000000000e+03 1.555676143930472201e+06 9.067417675626935833e-03
5.000000000000000000e+03 1.707352647470688680e+06 9.056887944806683854e-03
5.000000000000000000e+03 1.873817422860383056e+06 9.035937314093987760e-03
5.000000000000000000e+03 2.056512308348651510e+06 9.015194024809490211e-03
5.000000000000000000e+03 2.257019719633921515e+06 9.004914874406893394e-03
5.000000000000000000e+03 2.477076355991709046e+06 8.984476809348763277e-03
5.000000000000000000e+03 2.718588242732940242e+06 8.974344681020476541e-03
5.000000000000000000e+03 2.983647240283340216e+06 8.954211620632701596e-03
5.000000000000000000e+03 3.274549162877731491e+06 8.934280503460650946e-03
5.000000000000000000e+03 3.593813663804625627e+06 8.924388810101007222e-03
5.000000000000000000e+03 3.944206059437655844e+06 8.904743508770660704e-03
5.000000000000000000e+03 4.328761281083061360e+06 8.885291532127186087e-03
5.000000000000000000e+03 4.750810162102793343e+06 8.875643505979930598e-03
5.000000000000000000e+03 5.214008287999684922e+06 8.856469838490628119e-03
5.000000000000000000e+03 5.722367659350220114e+06 8.846959833097092774e-03
5.000000000000000000e+03 6.280291441834246740e+06 8.828062832059151849e-03
5.000000000000000000e+03 6.892612104349695146e+06 8.809347018365507390e-03
5.000000000000000000e+03 7.564633275546290912e+06 8.800062609524988630e-03
5.000000000000000000e+03 8.302175681319751777e+06 8.781615264616361369e-03
5.000000000000000000e+03 9.111627561154887080e+06 8.772459162403562632e-03
5.000000000000000000e+03 1.000000000000000000e+07 8.754267668952082568e-03
7.000000000000000000e+03 1.000000000000000000e+02 1.392605752054084212e+00
7.000000000000000000e+03 1.023531021899025859e+02 1.360589686349016780e+00
7.000000000000000000e+03 1.047615752789664043e+02 1.329309671361619927e+00
7.000000000000000000e+03 1.072267222010323167e+02 1.298748785254462579e+00
7.000000000000000000e+03 1.097498765493055686e+02 1.268890495223883530e+00
7.000000000000000000e+03 1.123324032978026565e+02 1.239718648556079605e+00
7.000000000000000000e+03 1.149756995397735579e+02 1.211217463888828005e+00
7.000000000000000000e+03 1.176811952434997863e+02 1.183371522674100174e+00
7.000000000000000000e+03 1.204503540258782408e+02 1.156165760836941114e+00
7.000000000000000000e+03 1.232846739442065882e+02 1.129585460626126636e+00
7.000000000000000000e+03 1.261856883066019748e+02 1.103616242652158075e+00
7.000000000000000000e+03 1.291549665014883885e+02 1.078244058108315695e+00
7.000000000000000000e+03 1.321941148466028721e+02 1.053455181170549260e+00
7.000000000000000000e+03 1.353047774579807481e+02 1.029236201572085285e+00
7.000000000000000000e+03 1.384886371393873219e+02 1.005574017348760174e+00
7.000000000000000000e+03 1.417474162926804695e+02 9.824558277511230564e-01
7.000000000000000000e+03 1.450828778495940128e+02 9.598691263194992773e-01
7.000000000000000000e+03 1.484968262254465117e+02 9.378016941182588662e-01
7.000000000000000000e+03 1.519911082952933157e+02 9.162415931256215895e-01
7.000000000000000000e+03 1.555676143930472222e+02 8.951771597754371035e-01
7.000000000000000000e+03 1.592282793341092315e+02 8.745969986474418922e-01
7.000000000000000000e+03 1.629750834620643332e+02 8.544899763025681771e-01
7.000000000000000000e+03 1.668100537200059250e+02 8.348452152599874498e-01
7.000000000000000000e+03 1.707352647470690385e+02 8.156520881126232414e-01
7.000000000000000000e+03 1.747528400007682876e+02 7.969002117779383498e-01
7.000000000000000000e+03 1.788649529057435075e+02 7.785794418809065531e-01
7.000000000000000000e+03 1.830738280295367701e+02 7.606798672661195804e-01
7.000000000000000000e+03 1.873817422860383033e+02 7.431918046360519448e-01
7.000000000000000000e+03 1.917910261672488730e+02 7.261057933126029429e-01
7.000000000000000000e+03 1.963040650040270521e+02 7.094125901190664329e-01
7.000000000000000000e+03 2.009233002565045751e+02 6.931031643797622710e-01
7.000000000000000000e+03 2.056512308348651459e+02 6.771686930346290101e-01
7.000000000000000000e+03 2.104904144512019855e+02 6.616005558661353092e-01
7.000000000000000000e+03 2.154434690031882269e+02 6.463903308359167932e-01
7.000000000000000000e+03 2.205130739903045480e+02 6.315297895286308139e-01
7.000000000000000000e+03 2.257019719633919124e+02 6.170108927005565347e-01
7.000000000000000000e+03 2.310129700083157900e+02 6.028257859305278243e-01
7.000000000000000000e+03 2.364489412645407072e+02 5.889667953708566106e-01
7.000000000000000000e+03 2.420128264794381039e+02 5.754264235959423157e-01
7.000000000000000000e+03 2.477076355991711409e+02 5.621973455463170621e-01
7.000000000000000000e+03 2.535364493970111539e+02 5.492724045659452825e-01
7.000000000000000000e+03 2.595024211399737055e+02 5.366446085306166847e-01
7.000000000000000000e+03 2.656087782946686957e+02 5.243071260653574539e-01
7.000000000000000000e+03 2.718588242732940330e+02 5.122532828487945666e-01
7.000000000000000000e+03 2.782559402207126027e+02 5.004765580024884697e-01
7.000000000000000000e+03 2.848035868435802058e+02 4.889705805632746927e-01
7.000000000000000000e+03 2.915053062825175516e+02 4.777291260367026449e-01
7.000000000000000000e+03 2.983647240283340238e+02 4.667461130297146932e-01
7.000000000000000000e+03 3.053855508833415797e+02 4.560155999607410360e-01
7.000000000000000000e+03 3.125715849688235153e+02 4.455317818454244128e-01
7.000000000000000000e+03 3.199267137797384635e+02 4.352889871562455326e-01
7.000000000000000000e+03 3.274549162877728463e+02 4.252816747543466391e-01
7.000000000000000000e+03 3.351602650938841066e+02 4.155044308918873774e-01
7.000000000000000000e+03 3.430469286314919373e+02 4.059519662833215303e-01
7.000000000000000000e+03 3.511191734215130964e+02 3.966191132440046729e-01
7.000000000000000000e+03 3.593813663804625662e+02 3.875008228945817090e-01
7.000000000000000000e+03 3.678379771828634262e+02 3.785921624296497701e-01
7.000000000000000000e+03 3.764935806792467474e+02 3.698883124492136076e-01
7.000000000000000000e+03 3.853528593710527161e+02 3.613845643514888573e-01
7.000000000000000000e+03 3.944206059437656222e+02 3.530763177856469093e-01
7.000000000000000000e+03 4.037017258596553688e+02 3.449590781631227676e-01
7.000000000000000000e+03 4.132012400115334572e+02 3.370284542261328675e-01
7.000000000000000000e+03 4.229242874389498752e+02 3.292801556720977296e-01
7.000000000000000000e+03 4.328761281083056929e+02 3.217099908326785385e-01
7.000000000000000000e+03 4.430621457583877714e+02 3.143138644061695408e-01
7.000000000000000000e+03 4.534878508128581984e+02 3.070877752420260176e-01
7.000000000000000000e+03 4.641588833612777307e+02 3.000278141763260131e-01
7.000000000000000000e+03 4.750810162102798131e+02 2.931301619169920381e-01
7.000000000000000000e+03 4.862601580065353346e+02 2.863910869776354340e-01
7.000000000000000000e+03 4.977023564332108663e+02 2.798069436588984105e-01
7.000000000000000000e+03 5.094138014816380178e+02 2.733741700762069016e-01
7.000000000000000000e+03 5.214008287999683944e+02 2.670892862328662076e-01
7.000000000000000000e+03 5.336699231206307559e+02 2.609488921374532033e-01
7.000000000000000000e+03 5.462277217684342077e+02 2.549496659644931995e-01
7.000000000000000000e+03 5.590810182512223037e+02 2.490883622574212863e-01
7.000000000000000000e+03 5.722367659350220492e+02 2.433618101728569905e-01
7.000000000000000000e+03 5.857020818056666940e+02 2.377669117652452813e-01
7.000000000000000000e+03 5.994842503189408944e+02 2.323006403109310336e-01
7.000000000000000000e+03 6.135907273413175744e+02 2.269600386707652517e-01
7.000000000000000000e+03 6.280291441834252737e+02 2.217422176903549869e-01
7.000000000000000000e+03 6.428073117284319551e+02 2.166443546370893092e-01
7.000000000000000000e+03 6.579332246575681893e+02 2.116636916731007290e-01
7.000000000000000000e+03 6.734150657750820983e+02 2.067975343633325913e-01
7.000000000000000000e+03 6.892612104349694846e+02 2.020432502179047296e-01
7.000000000000000000e+03 7.054802310718645231e+02 1.694600956290054083e-01
7.000000000000000000e+03 7.220809018385464242e+02 1.650174880900641683e-01
7.000000000000000000e+03 7.390722033525775032e+02 1.606618091301189599e-01
7.000000000000000000e+03 7.564633275546290179e+02 1.564022484147883085e-01
7.000000000000000000e+03 7.742636826811269657e+02 1.522331032258217864e-01
7.000000000000000000e+03 7.924828983539169940e+02 1.481484155693819915e-01
7.000000000000000000e+03 8.111308307896872520e+02 1.441576040607778775e-01
7.000000000000000000e+03 8.302175681319744172e+02 1.402494350745407958e-01
7.000000000000000000e+03 8.497534359086438371e+02 1.364335080889161333e-01
7.000000000000000000e+03 8.697490026177833897e+02 1.327036972584202668e-01
7.000000000000000000e+03 8.902150854450383122e+02 1.290536020733443756e-01
7.000000000000000000e+03 9.111627561154896284e+02 1.254931311447319842e-01
7.000000000000000000e+03 9.326033468832199560e+02 1.220103033484477434e-01
7.000000000000000000e+03 9.545484566618337112e+02 1.186152540581894982e-01
7.000000000000000000e+03 9.770099572992256753e+02 1.153014292572811378e-01
7.000000000000000000e+03 1.000000000000000000e+03 1.120619754765651011e-01
7.000000000000000000e+03 1.000000000000000000e+03 1.120619754765651011e-01
7.000000000000000000e+03 1.097498765493055544e+03 9.990133504489090432e-02
7.000000000000000000e+03 1.204503540258781186e+03 8.892812247943866766e-02
7.000000000000000000e+03 1.321941148466028608e+03 7.907207295372660483e-02
7.000000000000000000e+03 1.450828778495938650e+03 7.025997710956037590e-02
7.000000000000000000e+03 1.592282793341090610e+03 6.239449541733888688e-02
7.000000000000000000e+03 1.747528400007682876e+03 5.540541970481117906e-02
7.000000000000000000e+03 1.917910261672486740e+03 4.919301448082453315e-02
7.000000000000000000e+03 2.104904144512019684e+03 4.368297309158228336e-02
7.000000000000000000e+03 2.310129700083158241e+03 3.880694040947105933e-02
7.000000000000000000e+03 2.535364493970108924e+03 3.447577263281983995e-02
7.000000000000000000e+03 2.782559402207123185e+03 3.064369452311773920e-02
7.000000000000000000e+03 3.053855508833412387e+03 2.723497915851973150e-02
7.000000000000000000e+03 3.351602650938840725e+03 2.421072255134795390e-02
7.000000000000000000e+03 3.678379771828630510e+03 2.154161390403835225e-02
7.000000000000000000e+03 4.037017258596553802e+03 1.917315015757919267e-02
7.000000000000000000e+03 4.430621457583877600e+03 1.708969275716847730e-02
7.000000000000000000e+03 4.862601580065348571e+03 1.528252371578510925e-02
7.000000000000000000e+03 5.336699231206307559e+03 1.371188941060027221e-02
7.000000000000000000e+03 5.857020818056661483e+03 1.238919712264296633e-02
7.000000000000000000e+03 6.428073117284318869e+03 1.127929977933650463e-02
7.000000000000000000e+03 7.054802310718638182e+03 1.038553470092517736e-02
7.000000000000000000e+03 7.742636826811270112e+03 9.712690308698125607e-03
7.000000000000000000e+03 8.497534359086437689e+03 9.226246579644135221e-03
7.000000000000000000e+03 9.326033468832189101e+03 8.943695446672486962e-03
7.000000000000000000e+03 1.023531021899026928e+04 8.826311406007172206e-03
7.000000000000000000e+03 1.123324032978026480e+04 8.870385155930433224e-03
7.000000000000000000e+03 1.232846739442065882e+04 8.979215755423481174e-03
7.000000000000000000e+03 1.353047774579807628e+04 9.064315367485014513e-03
7.000000000000000000e+03 1.484968262254463480e+04 9.154273173856544710e-03
7.000000000000000000e+03 1.629750834620643400e+04 9.221264868785949281e-03
7.000000000000000000e+03 1.788649529057435211e+04 9.279967266925611899e-03
7.000000000000000000e+03 1.963040650040268520e+04 9.345202815504875804e-03
7.000000000000000000e+03 2.154434690031882201e+04 9.388938779881809624e-03
7.000000000000000000e+03 2.364489412645407356e+04 9.440306715689700950e-03
7.000000000000000000e+03 2.595024211399731939e+04 9.471181044051205783e-03
7.000000000000000000e+03 2.848035868435799057e+04 9.496414139347831782e-03
7.000000000000000000e+03 3.125715849688235176e+04 9.530693058788000313e-03
7.000000000000000000e+03 3.430469286314912461e+04 9.545988186976881937e-03
7.000000000000000000e+03 3.764935806792470976e+04 9.557012273522152990e-03
7.000000000000000000e+03 4.132012400115334458e+04 9.578194682724319731e-03
7.000000000000000000e+03 4.534878508128582325e+04 9.581760322779270256e-03
7.000000000000000000e+03 4.977023564332113892e+04 9.596076543480233298e-03
7.000000000000000000e+03 5.462277217684336938e+04 9.593391222487025055e-03
7.000000000000000000e+03 5.994842503189409035e+04 9.588094896474219642e-03
7.000000000000000000e+03 6.579332246575682075e+04 9.594268504977004203e-03
7.000000000000000000e+03 7.220809018385456875e+04 9.584580644284686896e-03
7.000000000000000000e+03 7.924828983539169712e+04 9.586660904058604341e-03
7.000000000000000000e+03 8.697490026177834079e+04 9.573495806374371364e-03
7.000000000000000000e+03 9.545484566618327517e+04 9.558952892286922201e-03
7.000000000000000000e+03 1.047615752789664111e+05 9.556427849920270598e-03
7.000000000000000000e+03 1.149756995397735591e+05 9.539506737054571570e-03
7.000000000000000000e+03 1.261856883066018490e+05 9.534700039026743762e-03
7.000000000000000000e+03 1.384886371393871668e+05 9.515980041693827482e-03
7.000000000000000000e+03 1.519911082952933211e+05 9.496613582797353015e-03
7.000000000000000000e+03 1.668100537200059043e+05 9.489286707409134297e-03
7.000000000000000000e+03 1.830738280295369623e+05 9.468516271681314336e-03
7.000000000000000000e+03 2.009233002565045899e+05 9.459967718562892897e-03
7.000000000000000000e+03 2.205130739903045760e+05 9.438412639200696036e-03
7.000000000000000000e+03 2.420128264794383431e+05 9.416639522864710815e-03
7.000000000000000000e+03 2.656087782946684165e+05 9.406954536742534456e-03
7.000000000000000000e+03 2.915053062825175584e+05 9.384788633585893630e-03
7.000000000000000000e+03 3.199267137797384639e+05 9.362570675848436857e-03
7.000000000000000000e+03 3.511191734215127653e+05 9.352239815744942120e-03
7.000000000000000000e+03 3.853528593710527639e+05 9.329892523532449383e-03
7.000000000000000000e+03 4.229242874389499193e+05 9.319300146521731359e-03
7.000000000000000000e+03 4.641588833612772287e+05 9.296949524352022404e-03
7.000000000000000000e+03 5.094138014816375216e+05 9.274695151189305334e-03
7.000000000000000000e+03 5.590810182512222091e+05 9.263962465395058146e-03
7.000000000000000000e+03 6.135907273413175717e+05 9.241595159339484333e-03
7.000000000000000000e+03 6.734150657750827959e+05 9.230587502141372053e-03
7.000000000000000000e+03 7.390722033525775187e+05 9.208175362775499612e-03
7.000000000000000000e+03 8.111308307896872284e+05 9.185940020650809265e-03
7.000000000000000000e+03 8.902150854450393235e+05 9.175029492396132025e-03
7.000000000000000000e+03 9.770099572992246831e+05 9.153048637273038593e-03
7.000000000000000000e+03 1.072267222010323079e+06 9.142226575071755665e-03
7.000000000000000000e+03 1.176811952434999170e+06 9.120519854073640478e-03
7.000000000000000000e+03 1.291549665014882805e+06 9.099013197836307645e-03
7.000000000000000000e+03 1.417474162926804740e+06 9.088390798059302680e-03
7.000000000000000000e+03 1.555676143930472201e+06 9.067178129405335796e-03
7.000000000000000000e+03 1.707352647470688680e+06 9.056688807714690509e-03
7.000000000000000000e+03 1.873817422860383056e+06 9.035771917208104340e-03
7.000000000000000000e+03 2.056512308348651510e+06 9.015056684980446086e-03
7.000000000000000000e+03 2.257019719633921515e+06 9.004800789759360644e-03
7.000000000000000000e+03 2.477076355991709046e+06 8.984382112875362661e-03
7.000000000000000000e+03 2.718588242732940242e+06 8.974266044801584158e-03
7.000000000000000000e+03 2.983647240283340216e+06 8.954146365056717127e-03
7.000000000000000000e+03 3.274549162877731491e+06 8.934226357319590556e-03
7.000000000000000000e+03 3.593813663804625627e+06 8.924343861044374202e-03
7.000000000000000000e+03 3.944206059437655844e+06 8.904706217375144006e-03
7.000000000000000000e+03 4.328761281083061360e+06 8.885260595623858254e-03
7.000000000000000000e+03 4.750810162102793343e+06 8.875617828697966727e-03
7.000000000000000000e+03 5.214008287999684922e+06 8.856448538493955427e-03
7.000000000000000000e+03 5.722367659350220114e+06 8.846942155472327721e-03
7.000000000000000000e+03 6.280291441834246740e+06 8.828048168730860679e-03
7.000000000000000000e+03 6.892612104349695146e+06 8.809334855554724550e-03
7.000000000000000000e+03 7.564633275546290912e+06 8.800052515806813108e-03
7.000000000000000000e+03 8.302175681319751777e+06 8.781606892352947571e-03
7.000000000000000000e+03 9.111627561154887080e+06 8.772452214554055105e-03
7.000000000000000000e+03 1.000000000000000000e+07 8.754261906103717392e-03
1.000000000000000000e+04 1.000000000000000000e+02 1.989436788648691667e+00
1.000000000000000000e+04 1.023531021899025859e+02 1.943699551927166702e+00
1.000000000000000000e+04 1.047615752789664043e+02 1.899013816230885388e+00
1.000000000000000000e+04 1.072267222010323167e+02 1.855355407506374954e+00
1.000000000000000000e+04 1.097498765493055686e+02 1.812700707462690630e+00
1.000000000000000000e+04 1.123324032978026565e+02 1.771026640794399754e+00
1.000000000000000000e+04 1.149756995397735579e+02 1.730310662698325785e+00
1.000000000000000000e+04 1.176811952434997863e+02 1.690530746677286089e+00
1.000000000000000000e+04 1.204503540258782408e+02 1.651665372624201655e+00
1.000000000000000000e+04 1.232846739442065882e+02 1.613693515180180782e+00
1.000000000000000000e+04 1.261856883066019748e+02 1.576594632360225789e+00
1.000000000000000000e+04 1.291549665014883885e+02 1.540348654440451215e+00
1.000000000000000000e+04 1.321941148466028721e+02 1.504935973100784752e+00
1.000000000000000000e+04 1.353047774579807481e+02 1.470337430817264979e+00
1.000000000000000000e+04 1.384886371393873219e+02 1.436534310498228884e+00
1.000000000000000000e+04 1.417474162926804695e+02 1.403508325358747255e+00
1.000000000000000000e+04 1.450828778495940128e+02 1.371241609027855857e+00
1.000000000000000000e+04 1.484968262254465117e+02 1.339716705883226888e+00
1.000000000000000000e+04 1.519911082952933157e+02 1.308916561608030937e+00
1.000000000000000000e+04 1.555676143930472222e+02 1.278824513964910148e+00
1.000000000000000000e+04 1.592282793341092315e+02 1.249424283782059719e+00
1.000000000000000000e+04 1.629750834620643332e+02 1.220699966146526094e+00
1.000000000000000000e+04 1.668100537200059250e+02 1.192636021799982071e+00
1.000000000000000000e+04 1.707352647470690385e+02 1.165217268732319011e+00
1.000000000000000000e+04 1.747528400007682876e+02 1.138428873968483357e+00
1.000000000000000000e+04 1.788649529057435075e+02 1.112256345544152314e+00
1.000000000000000000e+04 1.830738280295367701e+02 1.086685524665885083e+00
1.000000000000000000e+04 1.873817422860383033e+02 1.061702578051502810e+00
1.000000000000000000e+04 1.917910261672488730e+02 1.037293990446575664e+00
1.000000000000000000e+04 1.963040650040270521e+02 1.013446557312952079e+00
1.000000000000000000e+04 2.009233002565045751e+02 9.901473776853747522e-01
1.000000000000000000e+04 2.056512308348651459e+02 9.673838471923270621e-01
1.000000000000000000e+04 2.104904144512019855e+02 9.451436512373360133e-01
1.000000000000000000e+04 2.154434690031882269e+02 9.234147583370240220e-01
1.000000000000000000e+04 2.205130739903045480e+02 9.021854136123297341e-01
1.000000000000000000e+04 2.257019719633919124e+02 8.814441324293664781e-01
1.000000000000000000e+04 2.310129700083157900e+02 8.611796941864683363e-01
1.000000000000000000e+04 2.364489412645407072e+02 8.413811362440808406e-01
1.000000000000000000e+04 2.420128264794381039e+02 8.220377479942032606e-01
1.000000000000000000e+04 2.477076355991711409e+02 8.031390650661673902e-01
1.000000000000000000e+04 2.535364493970111539e+02 7.846748636656361020e-01
1.000000000000000000e+04 2.595024211399737055e+02 7.666351550437381368e-01
1.000000000000000000e+04 2.656087782946686957e+02 7.490101800933677278e-01
1.000000000000000000e+04 2.718588242732940330e+02 7.317904040697064127e-01
1.000000000000000000e+04 2.782559402207126027e+02 7.149665114321263060e-01
1.000000000000000000e+04 2.848035868435802058e+02 6.985294008046780689e-01
1.000000000000000000e+04 2.915053062825175516e+02 6.824701800524322071e-01
1.000000000000000000e+04 2.983647240283340238e+02 6.667801614710210378e-01
1.000000000000000000e+04 3.053855508833415797e+02 6.514508570867729720e-01
1.000000000000000000e+04 3.125715849688235153e+02 6.364739740648920341e-01
1.000000000000000000e+04 3.199267137797384635e+02 6.218414102232079355e-01
1.000000000000000000e+04 3.274549162877728463e+02 6.075452496490666432e-01
1.000000000000000000e+04 3.351602650938841066e+02 5.935777584169820154e-01
1.000000000000000000e+04 3.430469286314919373e+02 5.799313804047450116e-01
1.000000000000000000e+04 3.511191734215130964e+02 5.665987332057209613e-01
1.000000000000000000e+04 3.593813663804625662e+02 5.535726041351167748e-01
1.000000000000000000e+04 3.678379771828634262e+02 5.408459463280710366e-01
1.000000000000000000e+04 3.764935806792467474e+02 5.284118749274480109e-01
1.000000000000000000e+04 3.853528593710527161e+02 5.162636633592697644e-01
1.000000000000000000e+04 3.944206059437656222e+02 5.043947396937813465e-01
1.000000000000000000e+04 4.037017258596553688e+02 4.927986830901753823e-01
1.000000000000000000e+04 4.132012400115334572e+02 4.814692203230468981e-01
1.000000000000000000e+04 4.229242874389498752e+02 4.704002223887110423e-01
1.000000000000000000e+04 4.328761281083056929e+02 4.595857011895407851e-01
1.000000000000000000e+04 4.430621457583877714e+02 4.490198062945279789e-01
1.000000000000000000e+04 4.534878508128581984e+02 4.386968217743228426e-01
1.000000000000000000e+04 4.641588833612777307e+02 4.286111631090372409e-01
1.000000000000000000e+04 4.750810162102798131e+02 4.187573741671313798e-01
1.000000000000000000e+04 4.862601580065353346e+02 4.091301242537649374e-01
1.000000000000000000e+04 4.977023564332108663e+02 3.997242052269977530e-01
1.000000000000000000e+04 5.094138014816380178e+02 3.905345286802956450e-01
1.000000000000000000e+04 5.214008287999683944e+02 3.815561231898088601e-01
1.000000000000000000e+04 5.336699231206307559e+02 3.727841316249331793e-01
1.000000000000000000e+04 5.462277217684342077e+02 3.642138085207045073e-01
1.000000000000000000e+04 5.590810182512223037e+02 3.558405175106018059e-01
1.000000000000000000e+04 5.722367659350220492e+02 3.476597288183670975e-01
1.000000000000000000e+04 5.857020818056666940e+02 3.396670168074932827e-01
1.000000000000000000e+04 5.994842503189408944e+02 3.318580575870443417e-01
1.000000000000000000e+04 6.135907273413175744e+02 3.242286266725218358e-01
1.000000000000000000e+04 6.280291441834252737e+02 3.167745967005071162e-01
1.000000000000000000e+04 6.428073117284319551e+02 3.094919351958418940e-01
1.000000000000000000e+04 6.579332246575681893e+02 3.023767023901439144e-01
1.000000000000000000e+04 6.734150657750820983e+02 2.954250490904751780e-01
1.000000000000000000e+04 6.892612104349694846e+02 2.886332145970067486e-01
1.000000000000000000e+04 7.054802310718645231e+02 2.819975246685594850e-01
1.000000000000000000e+04 7.220809018385464242e+02 2.755143895349166372e-01
1.000000000000000000e+04 7.390722033525775032e+02 2.691803019548311138e-01
1.000000000000000000e+04 7.564633275546290179e+02 2.629918353186819768e-01
1.000000000000000000e+04 7.742636826811269657e+02 2.569456417947504345e-01
1.000000000000000000e+04 7.924828983539169940e+02 2.510384505181112447e-01
1.000000000000000000e+04 8.111308307896872520e+02 2.452670658211634214e-01
1.000000000000000000e+04 8.302175681319744172e+02 2.396283655048412065e-01
1.000000000000000000e+04 8.497534359086438371e+02 2.341192991495681663e-01
1.000000000000000000e+04 8.697490026177833897e+02 2.287368864650440314e-01
1.000000000000000000e+04 8.902150854450383122e+02 2.234782156779704654e-01
1.000000000000000000e+04 9.111627561154896284e+02 2.183404419568408250e-01
1.000000000000000000e+04 9.326033468832199560e+02 2.133207858729470885e-01
1.000000000000000000e+04 9.545484566618337112e+02 2.084165318967653169e-01
1.000000000000000000e+04 9.770099572992256753e+02 2.036250269289111570e-01
1.000000000000000000e+04 1.000000000000000000e+03 1.709413706336530281e-01
1.000000000000000000e+04 1.000000000000000000e+03 1.709413706336530281e-01
1.000000000000000000e+04 1.097498765493055544e+03 1.535906007179240751e-01
1.000000000000000000e+04 1.204503540258781186e+03 1.376715216933030450e-01
1.000000000000000000e+04 1.321941148466028608e+03 1.231336424856135647e-01
1.000000000000000000e+04 1.450828778495938650e+03 1.099212580895897601e-01
1.000000000000000000e+04 1.592282793341090610e+03 9.795617606722835380e-02
1.000000000000000000e+04 1.747528400007682876e+03 8.717833430505983472e-02
1.000000000000000000e+04 1.917910261672486740e+03 7.749839852806604534e-02
1.000000000000000000e+04 2.104904144512019684e+03 6.884153386855811074e-02
1.000000000000000000e+04 2.310129700083158241e+03 6.113136197024080648e-02
1.000000000000000000e+04 2.535364493970108924e+03 5.426850031399168411e-02
1.000000000000000000e+04 2.782559402207123185e+03 4.818410507472939419e-02
1.000000000000000000e+04 3.053855508833412387e+03 4.278107506816553052e-02
1.000000000000000000e+04 3.351602650938840725e+03 3.799065000336788317e-02
1.000000000000000000e+04 3.678379771828630510e+03 3.375182465016055011e-02
1.000000000000000000e+04 4.037017258596553802e+03 2.998345777117483041e-02
1.000000000000000000e+04 4.430621457583877600e+03 2.663938998912633582e-02
1.000000000000000000e+04 4.862601580065348571e+03 2.368298959774942439e-02
1.000000000000000000e+04 5.336699231206307559e+03 2.105492795660376254e-02
1.000000000000000000e+04 5.857020818056661483e+03 1.874442371537267740e-02
1.000000000000000000e+04 6.428073117284318869e+03 1.670458281105260262e-02
1.000000000000000000e+04 7.054802310718638182e+03 1.492624413818237697e-02
1.000000000000000000e+04 7.742636826811270112e+03 1.340561234891833597e-02
1.000000000000000000e+04 8.497534359086437689e+03 1.210699727393355421e-02
1.000000000000000000e+04 9.326033468832189101e+03 1.104440465873396220e-02
1.000000000000000000e+04 1.023531021899026928e+04 1.018445067804470659e-02
1.000000000000000000e+04 1.123324032978026480e+04 9.531134393406937369e-03
1.000000000000000000e+04 1.232846739442065882e+04 9.089001429065043242e-03
1.000000000000000000e+04 1.353047774579807628e+04 8.822692398071679820e-03
1.000000000000000000e+04 1.484968262254463480e+04 8.746205120175853595e-03
1.000000000000000000e+04 1.629750834620643400e+04 8.809479759535497265e-03
1.000000000000000000e+04 1.788649529057435211e+04 8.902283423543504506e-03
1.000000000000000000e+04 1.963040650040268520e+04 8.999036023418949259e-03
1.000000000000000000e+04 2.154434690031882201e+04 9.073146778573631596e-03
1.000000000000000000e+04 2.364489412645407356e+04 9.152309452535771842e-03
1.000000000000000000e+04 2.595024211399731939e+04 9.209691827579084139e-03
1.000000000000000000e+04 2.848035868435799057e+04 9.259503420412675684e-03
1.000000000000000000e+04 3.125715849688235176e+04 9.316014038682651766e-03
1.000000000000000000e+04 3.430469286314912461e+04 9.352254416667340337e-03
1.000000000000000000e+04 3.764935806792470976e+04 9.382502935295527688e-03
1.000000000000000000e+04 4.132012400115334458e+04 9.420935897960572292e-03
1.000000000000000000e+04 4.534878508128582325e+04 9.440607875086475670e-03
1.000000000000000000e+04 4.977023564332113892e+04 9.469323466635329312e-03
1.000000000000000000e+04 5.462277217684336938e+04 9.480033354717538885e-03
1.000000000000000000e+04 5.994842503189409035e+04 9.486903968438417656e-03
1.000000000000000000e+04 6.579332246575682075e+04 9.503903220415915731e-03
1.000000000000000000e+04 7.220809018385456875e+04 9.504212979752469856e-03
1.000000000000000000e+04 7.924828983539169712e+04 9.515169843737290509e-03
1.000000000000000000e+04 8.697490026177834079e+04 9.510162612606546176e-03
1.000000000000000000e+04 9.545484566618327517e+04 9.502959209996837686e-03
1.000000000000000000e+04 1.047615752789664111e+05 9.506930239018076406e-03
1.000000000000000000e+04 1.149756995397735591e+05 9.495930551373179401e-03
1.000000000000000000e+04 1.261856883066018490e+05 9.496352113551011914e-03
1.000000000000000000e+04 1.384886371393871668e+05 9.482369164301248862e-03
1.000000000000000000e+04 1.519911082952933211e+05 9.467220382560656913e-03
1.000000000000000000e+04 1.668100537200059043e+05 9.463603731489064752e-03
1.000000000000000000e+04 1.830738280295369623e+05 9.446167405032290798e-03
1.000000000000000000e+04 2.009233002565045899e+05 9.440536158420791482e-03
1.000000000000000000e+04 2.205130739903045760e+05 9.421583149314859823e-03
1.000000000000000000e+04 2.420128264794383431e+05 9.402097552464615607e-03
1.000000000000000000e+04 2.656087782946684165e+05 9.394403306729090866e-03
1.000000000000000000e+04 2.915053062825175584e+05 9.373995033800789842e-03
1.000000000000000000e+04 3.199267137797384639e+05 9.353310247489133450e-03
1.000000000000000000e+04 3.511191734215127653e+05 9.344305653352395422e-03
1.000000000000000000e+04 3.853528593710527639e+05 9.323117493219399907e-03
1.000000000000000000e+04 4.229242874389499193e+05 9.313523335714168905e-03
1.000000000000000000e+04 4.641588833612772287e+05 9.292039404314259357e-03
1.000000000000000000e+04 5.094138014816375216e+05 9.270530839966118278e-03
1.000000000000000000e+04 5.590810182512222091e+05 9.260435860776300085e-03
1.000000000000000000e+04 6.135907273413175717e+05 9.238617712513282065e-03
1.000000000000000000e+04 6.734150657750827959e+05 9.228077082518732627e-03
1.000000000000000000e+04 7.390722033525775187e+05 9.206064474857920260e-03
1.000000000000000000e+04 8.111308307896872284e+05 9.184168046106193015e-03
1.000000000000000000e+04 8.902150854450393235e+05 9.173543172224218542e-03
1.000000000000000000e+04 9.770099572992246831e+05 9.151804641949182542e-03
1.000000000000000000e+04 1.072267222010323079e+06 9.141185961194033677e-03
1.000000000000000000e+04 1.176811952434999170e+06 9.119650978129098529e-03
1.000000000000000000e+04 1.291549665014882805e+06 9.098288423346704429e-03
1.000000000000000000e+04 1.417474162926804740e+06 9.087786353570883116e-03
1.000000000000000000e+04 1.555676143930472201e+06 9.066674746201253826e-03
1.000000000000000000e+04 1.707352647470688680e+06 9.056269598371219365e-03
1.000000000000000000e+04 1.873817422860383056e+06 9.035423217039435795e-03
1.000000000000000000e+04 2.056512308348651510e+06 9.014766770688437125e-03
1.000000000000000000e+04 2.257019719633921515e+06 9.004559705211809609e-03
1.000000000000000000e+04 2.477076355991709046e+06 8.984181819412703426e-03
1.000000000000000000e+04 2.718588242732940242e+06 8.974099593066598574e-03
1.000000000000000000e+04 2.983647240283340216e+06 8.954008148647265783e-03
1.000000000000000000e+04 3.274549162877731491e+06 8.934111610266417050e-03
1.000000000000000000e+04 3.593813663804625627e+06 8.924248561417793407e-03
1.000000000000000000e+04 3.944206059437655844e+06 8.904627123659034429e-03
1.000000000000000000e+04 4.328761281083061360e+06 8.885194959819812943e-03
1.000000000000000000e+04 4.750810162102793343e+06 8.875563336579610912e-03
1.000000000000000000e+04 5.214008287999684922e+06 8.856403325917572983e-03
1.000000000000000000e+04 5.722367659350220114e+06 8.846904625017824875e-03
1.000000000000000000e+04 6.280291441834246740e+06 8.828017033026783200e-03
1.000000000000000000e+04 6.892612104349695146e+06 8.809309026092086367e-03
1.000000000000000000e+04 7.564633275546290912e+06 8.800031078059187412e-03
1.000000000000000000e+04 8.302175681319751777e+06 8.781589109178361899e-03
1.000000000000000000e+04 9.111627561154887080e+06 8.772437455818671986e-03
1.000000000000000000e+04 1.000000000000000000e+07 8.754249663814951329e-03
2.000000000000000000e+04 1.000000000000000000e+02 3.978873577297383335e+00
2.000000000000000000e+04 1.023531021899025859e+02 3.887399103854333404e+00
2.000000000000000000e+04 1.047615752789664043e+02 3.798027632461770775e+00
2.000000000000000000e+04 1.072267222010323167e+02 3.710710815012749908e+00
2.000000000000000000e+04 1.097498765493055686e+02 3.625401414925381260e+00
2.000000000000000000e+04 1.123324032978026565e+02 3.542053281588799507e+00
2.000000000000000000e+04 1.149756995397735579e+02 3.460621325396651571e+00
2.000000000000000000e+04 1.176811952434997863e+02 3.381061493354572178e+00
2.000000000000000000e+04 1.204503540258782408e+02 3.303330745248403311e+00
2.000000000000000000e+04 1.232846739442065882e+02 3.227387030360361564e+00
2.000000000000000000e+04 1.261856883066019748e+02 3.153189264720451579e+00
2.000000000000000000e+04 1.291549665014883885e+02 3.080697308880902430e+00
2.000000000000000000e+04 1.321941148466028721e+02 3.009871946201569504e+00
2.000000000000000000e+04 1.353047774579807481e+02 2.940674861634529957e+00
2.000000000000000000e+04 1.384886371393873219e+02 2.873068620996457767e+00
2.000000000000000000e+04 1.417474162926804695e+02 2.807016650717494510e+00
2.000000000000000000e+04 1.450828778495940128e+02 2.742483218055711713e+00
2.000000000000000000e+04 1.484968262254465117e+02 2.679433411766453776e+00
2.000000000000000000e+04 1.519911082952933157e+02 2.617833123216061875e+00
2.000000000000000000e+04 1.555676143930472222e+02 2.557649027929820296e+00
2.000000000000000000e+04 1.592282793341092315e+02 2.498848567564119438e+00
2.000000000000000000e+04 1.629750834620643332e+02 2.441399932293052188e+00
2.000000000000000000e+04 1.668100537200059250e+02 2.385272043599964142e+00
2.000000000000000000e+04 1.707352647470690385e+02 2.330434537464638023e+00
2.000000000000000000e+04 1.747528400007682876e+02 2.276857747936966714e+00
2.000000000000000000e+04 1.788649529057435075e+02 2.224512691088304628e+00
2.000000000000000000e+04 1.830738280295367701e+02 2.173371049331770166e+00
2.000000000000000000e+04 1.873817422860383033e+02 2.123405156103005620e+00
2.000000000000000000e+04 1.917910261672488730e+02 2.074587980893151329e+00
2.000000000000000000e+04 1.963040650040270521e+02 2.026893114625904158e+00
2.000000000000000000e+04 2.009233002565045751e+02 1.980294755370749504e+00
2.000000000000000000e+04 2.056512308348651459e+02 1.934767694384654124e+00
2.000000000000000000e+04 2.104904144512019855e+02 1.890287302474672027e+00
2.000000000000000000e+04 2.154434690031882269e+02 1.846829516674048044e+00
2.000000000000000000e+04 2.205130739903045480e+02 1.804370827224659468e+00
2.000000000000000000e+04 2.257019719633919124e+02 1.762888264858732956e+00
2.000000000000000000e+04 2.310129700083157900e+02 1.722359388372936673e+00
2.000000000000000000e+04 2.364489412645407072e+02 1.682762272488161681e+00
2.000000000000000000e+04 2.420128264794381039e+02 1.644075495988406521e+00
2.000000000000000000e+04 2.477076355991711409e+02 1.606278130132334780e+00
2.000000000000000000e+04 2.535364493970111539e+02 1.569349727331272204e+00
2.000000000000000000e+04 2.595024211399737055e+02 1.533270310087476274e+00
2.000000000000000000e+04 2.656087782946686957e+02 1.498020360186735456e+00
2.000000000000000000e+04 2.718588242732940330e+02 1.463580808139412825e+00
2.000000000000000000e+04 2.782559402207126027e+02 1.429933022864252612e+00
2.000000000000000000e+04 2.848035868435802058e+02 1.397058801609356138e+00
2.000000000000000000e+04 2.915053062825175516e+02 1.364940360104864414e+00
2.000000000000000000e+04 2.983647240283340238e+02 1.333560322942042076e+00
2.000000000000000000e+04 3.053855508833415797e+02 1.302901714173545944e+00
2.000000000000000000e+04 3.125715849688235153e+02 1.272947948129784068e+00
2.000000000000000000e+04 3.199267137797384635e+02 1.243682820446415871e+00
2.000000000000000000e+04 3.274549162877728463e+02 1.215090499298133286e+00
2.000000000000000000e+04 3.351602650938841066e+02 1.187155516833964031e+00
2.000000000000000000e+04 3.430469286314919373e+02 1.159862760809490023e+00
2.000000000000000000e+04 3.511191734215130964e+02 1.133197466411441923e+00
2.000000000000000000e+04 3.593813663804625662e+02 1.107145208270233550e+00
2.000000000000000000e+04 3.678379771828634262e+02 1.081691892656142073e+00
2.000000000000000000e+04 3.764935806792467474e+02 1.056823749854896022e+00
2.000000000000000000e+04 3.853528593710527161e+02 1.032527326718539529e+00
2.000000000000000000e+04 3.944206059437656222e+02 1.008789479387562693e+00
2.000000000000000000e+04 4.037017258596553688e+02 9.855973661803507646e-01
2.000000000000000000e+04 4.132012400115334572e+02 9.629384406460937962e-01
2.000000000000000000e+04 4.229242874389498752e+02 9.408004447774220846e-01
2.000000000000000000e+04 4.328761281083056929e+02 9.191714023790815702e-01
2.000000000000000000e+04 4.430621457583877714e+02 8.980396125890559578e-01
2.000000000000000000e+04 4.534878508128581984e+02 8.773936435486456853e-01
2.000000000000000000e+04 4.641588833612777307e+02 8.572223262180744818e-01
2.000000000000000000e+04 4.750810162102798131e+02 8.375147483342627597e-01
2.000000000000000000e+04 4.862601580065353346e+02 8.182602485075298748e-01
2.000000000000000000e+04 4.977023564332108663e+02 7.994484104539955061e-01
2.000000000000000000e+04 5.094138014816380178e+02 7.810690573605912901e-01
2.000000000000000000e+04 5.214008287999683944e+02 7.631122463796177202e-01
2.000000000000000000e+04 5.336699231206307559e+02 7.455682632498663587e-01
2.000000000000000000e+04 5.462277217684342077e+02 7.284276170414090146e-01
2.000000000000000000e+04 5.590810182512223037e+02 7.116810350212036118e-01
2.000000000000000000e+04 5.722367659350220492e+02 6.953194576367341950e-01
2.000000000000000000e+04 5.857020818056666940e+02 6.793340336149865655e-01
2.000000000000000000e+04 5.994842503189408944e+02 6.637161151740886833e-01
2.000000000000000000e+04 6.135907273413175744e+02 6.484572533450436715e-01
2.000000000000000000e+04 6.280291441834252737e+02 6.335491934010142323e-01
2.000000000000000000e+04 6.428073117284319551e+02 6.189838703916837881e-01
2.000000000000000000e+04 6.579332246575681893e+02 6.047534047802878288e-01
2.000000000000000000e+04 6.734150657750820983e+02 5.908500981809503561e-01
2.000000000000000000e+04 6.892612104349694846e+02 5.772664291940134973e-01
2.000000000000000000e+04 7.054802310718645231e+02 5.639950493371189699e-01
2.000000000000000000e+04 7.220809018385464242e+02 5.510287790698332744e-01
2.000000000000000000e+04 7.390722033525775032e+02 5.383606039096622276e-01
2.000000000000000000e+04 7.564633275546290179e+02 5.259836706373639537e-01
2.000000000000000000e+04 7.742636826811269657e+02 5.138912835895008691e-01
2.000000000000000000e+04 7.924828983539169940e+02 5.020769010362224893e-01
2.000000000000000000e+04 8.111308307896872520e+02 4.905341316423268427e-01
2.000000000000000000e+04 8.302175681319744172e+02 4.792567310096824129e-01
2.000000000000000000e+04 8.497534359086438371e+02 4.682385982991363327e-01
2.000000000000000000e+04 8.697490026177833897e+02 4.574737729300880629e-01
2.000000000000000000e+04 8.902150854450383122e+02 4.469564313559409308e-01
2.000000000000000000e+04 9.111627561154896284e+02 4.366808839136816500e-01
2.000000000000000000e+04 9.326033468832199560e+02 4.266415717458941770e-01
2.000000000000000000e+04 9.545484566618337112e+02 4.168330637935306338e-01
2.000000000000000000e+04 9.770099572992256753e+02 4.072500538578223139e-01
2.000000000000000000e+04 1.000000000000000000e+03 3.978873577297383779e-01
2.000000000000000000e+04 1.000000000000000000e+03 3.978873577297383779e-01
2.000000000000000000e+04 1.097498765493055544e+03 3.625401414925382149e-01
2.000000000000000000e+04 1.204503540258781186e+03 3.303330745248406752e-01
2.000000000000000000e+04 1.321941148466028608e+03 3.009871946201569393e-01
2.000000000000000000e+04 1.450828778495938650e+03 2.742483218055715155e-01
2.000000000000000000e+04 1.592282793341090610e+03 2.498848567564121992e-01
2.000000000000000000e+04 1.747528400007682876e+03 2.276857747936966991e-01
2.000000000000000000e+04 1.917910261672486740e+03 2.074587980893153050e-01
2.000000000000000000e+04 2.104904144512019684e+03 1.611665103768198659e-01
2.000000000000000000e+04 2.310129700083158241e+03 1.446086761377705088e-01
2.000000000000000000e+04 2.535364493970108924e+03 1.294530071885013900e-01
2.000000000000000000e+04 2.782559402207123185e+03 1.156506427818445593e-01
2.000000000000000000e+04 3.053855508833412387e+03 1.031266115264094785e-01
2.000000000000000000e+04 3.351602650938840725e+03 9.181630673686344557e-02
2.000000000000000000e+04 3.678379771828630510e+03 8.165124551787243667e-02
2.000000000000000000e+04 4.037017258596553802e+03 7.254011025483227126e-02
2.000000000000000000e+04 4.430621457583877600e+03 6.440614899889647582e-02
2.000000000000000000e+04 4.862601580065348571e+03 5.717187444979004302e-02
2.000000000000000000e+04 5.336699231206307559e+03 5.073867221752478840e-02
2.000000000000000000e+04 5.857020818056661483e+03 4.503846868807181297e-02
2.000000000000000000e+04 6.428073117284318869e+03 3.997720799432464417e-02
2.000000000000000000e+04 7.054802310718638182e+03 3.548915204701608150e-02
2.000000000000000000e+04 7.742636826811270112e+03 3.151666828942453757e-02
2.000000000000000000e+04 8.497534359086437689e+03 2.798382500885877866e-02
2.000000000000000000e+04 9.326033468832189101e+03 2.485809842967561314e-02
2.000000000000000000e+04 1.023531021899026928e+04 2.207824795147708685e-02
2.000000000000000000e+04 1.123324032978026480e+04 1.961858167666444275e-02
2.000000000000000000e+04 1.232846739442065882e+04 1.746146344062161904e-02
2.000000000000000000e+04 1.353047774579807628e+04 1.556423422761276168e-02
2.000000000000000000e+04 1.484968262254463480e+04 1.393065873784886215e-02
2.000000000000000000e+04 1.629750834620643400e+04 1.252550099275495134e-02
2.000000000000000000e+04 1.788649529057435211e+04 1.134851769634621227e-02
2.000000000000000000e+04 1.963040650040268520e+04 1.040205108331007482e-02
2.000000000000000000e+04 2.154434690031882201e+04 9.654726620757949143e-03
2.000000000000000000e+04 2.364489412645407356e+04 9.121672543742687100e-03
2.000000000000000000e+04 2.595024211399731939e+04 8.770197923865076864e-03
2.000000000000000000e+04 2.848035868435799057e+04 8.601392431860359344e-03
2.000000000000000000e+04 3.125715849688235176e+04 8.613170840826935709e-03
2.000000000000000000e+04 3.430469286314912461e+04 8.707768864995931932e-03
2.000000000000000000e+04 3.764935806792470976e+04 8.794596714371036295e-03
2.000000000000000000e+04 4.132012400115334458e+04 8.884855464116048207e-03
2.000000000000000000e+04 4.534878508128582325e+04 8.953882457423463503e-03
2.000000000000000000e+04 4.977023564332113892e+04 9.027439594414677151e-03
2.000000000000000000e+04 5.462277217684336938e+04 9.080526297864186663e-03
2.000000000000000000e+04 5.994842503189409035e+04 9.126421991236980530e-03
2.000000000000000000e+04 6.579332246575682075e+04 9.178532774684368400e-03
2.000000000000000000e+04 7.220809018385456875e+04 9.211692135160097147e-03
2.000000000000000000e+04 7.924828983539169712e+04 9.252070776720813794e-03
2.000000000000000000e+04 8.697490026177834079e+04 9.274446386726283367e-03
2.000000000000000000e+04 9.545484566618327517e+04 9.292137204389584043e-03
2.000000000000000000e+04 1.047615752789664111e+05 9.318297863534627176e-03
2.000000000000000000e+04 1.149756995397735591e+05 9.327807363413414404e-03
2.000000000000000000e+04 1.261856883066018490e+05 9.346467324151137152e-03
2.000000000000000000e+04 1.384886371393871668e+05 9.349266218391353786e-03
2.000000000000000000e+04 1.519911082952933211e+05 9.349241300521355519e-03
2.000000000000000000e+04 1.668100537200059043e+05 9.359041849614746847e-03
2.000000000000000000e+04 1.830738280295369623e+05 9.353882135155519584e-03
2.000000000000000000e+04 2.009233002565045899e+05 9.359097314963015987e-03
2.000000000000000000e+04 2.205130739903045760e+05 9.350007841854560478e-03
2.000000000000000000e+04 2.420128264794383431e+05 9.339325126323147139e-03
2.000000000000000000e+04 2.656087782946684165e+05 9.339378670220116127e-03
2.000000000000000000e+04 2.915053062825175584e+05 9.325952863987440819e-03
2.000000000000000000e+04 3.199267137797384639e+05 9.311458256333834255e-03
2.000000000000000000e+04 3.511191734215127653e+05 9.307877494554804218e-03
2.000000000000000000e+04 3.853528593710527639e+05 9.291530345547211606e-03
2.000000000000000000e+04 4.229242874389499193e+05 9.286163056863947635e-03
2.000000000000000000e+04 4.641588833612772287e+05 9.268427149559679834e-03
2.000000000000000000e+04 5.094138014816375216e+05 9.250200746505368027e-03
2.000000000000000000e+04 5.590810182512222091e+05 9.242955077648998957e-03
2.000000000000000000e+04 6.135907273413175717e+05 9.223643182626689932e-03
2.000000000000000000e+04 6.734150657750827959e+05 9.215268001045641422e-03
2.000000000000000000e+04 7.390722033525775187e+05 9.195146510018669186e-03
2.000000000000000000e+04 8.111308307896872284e+05 9.174882868849765227e-03
2.000000000000000000e+04 8.902150854450393235e+05 9.165656128931306060e-03
2.000000000000000000e+04 9.770099572992246831e+05 9.145126510079443910e-03
2.000000000000000000e+04 1.072267222010323079e+06 9.135538033068714772e-03
2.000000000000000000e+04 1.176811952434999170e+06 9.114888160814231532e-03
2.000000000000000000e+04 1.291549665014882805e+06 9.094279412483899719e-03
2.000000000000000000e+04 1.417474162926804740e+06 9.084415108571615438e-03
2.000000000000000000e+04 1.555676143930472201e+06 9.063846599581187186e-03
2.000000000000000000e+04 1.707352647470688680e+06 9.053898859082736700e-03
2.000000000000000000e+04 1.873817422860383056e+06 9.033439975520635504e-03
2.000000000000000000e+04 2.056512308348651510e+06 9.013109655702860115e-03
2.000000000000000000e+04 2.257019719633921515e+06 9.003175661867640969e-03
2.000000000000000000e+04 2.477076355991709046e+06 8.983027669263525875e-03
2.000000000000000000e+04 2.718588242732940242e+06 8.973137345753869065e-03
2.000000000000000000e+04 2.983647240283340216e+06 8.953206947556125589e-03
2.000000000000000000e+04 3.274549162877731491e+06 8.933444908384390731e-03
2.000000000000000000e+04 3.593813663804625627e+06 8.923693749168140621e-03
2.000000000000000000e+04 3.944206059437655844e+06 8.904165891427928345e-03
2.000000000000000000e+04 4.328761281083061360e+06 8.884811668623178796e-03
2.000000000000000000e+04 4.750810162102793343e+06 8.875244740076698724e-03
2.000000000000000000e+04 5.214008287999684922e+06 8.856138720821526977e-03
2.000000000000000000e+04 5.722367659350220114e+06 8.846684794127581894e-03
2.000000000000000000e+04 6.280291441834246740e+06 8.827834531282772665e-03
2.000000000000000000e+04 6.892612104349695146e+06 8.809157538194962306e-03
2.000000000000000000e+04 7.564633275546290912e+06 8.799905285062791307e-03
2.000000000000000000e+04 8.302175681319751777e+06 8.781484717888187255e-03
2.000000000000000000e+04 9.111627561154887080e+06 8.772350788784398848e-03
2.000000000000000000e+04 1.000000000000000000e+07 8.754177753491108188e-03
3.000000000000000000e+04 1.000000000000000000e+02 5.968310365946075002e+00
3.000000000000000000e+04 1.023531021899025859e+02 5.831098655781500995e+00
3.000000000000000000e+04 1.047615752789664043e+02 5.697041448692655941e+00
3.000000000000000000e+04 1.072267222010323167e+02 5.566066222519125084e+00
3.000000000000000000e+04 1.097498765493055686e+02 5.438102122388072779e+00
3.000000000000000000e+04 1.123324032978026565e+02 5.313079922383199261e+00
3.000000000000000000e+04 1.149756995397735579e+02 5.190931988094977356e+00
3.000000000000000000e+04 1.176811952434997863e+02 5.071592240031858267e+00
3.000000000000000000e+04 1.204503540258782408e+02 4.954996117872604522e+00
3.000000000000000000e+04 1.232846739442065882e+02 4.841080545540542346e+00
3.000000000000000000e+04 1.261856883066019748e+02 4.729783897080677590e+00
3.000000000000000000e+04 1.291549665014883885e+02 4.621045963321352978e+00
3.000000000000000000e+04 1.321941148466028721e+02 4.514807919302354478e+00
3.000000000000000000e+04 1.353047774579807481e+02 4.411012292451793826e+00
3.000000000000000000e+04 1.384886371393873219e+02 4.309602931494686651e+00
3.000000000000000000e+04 1.417474162926804695e+02 4.210524976076242432e+00
3.000000000000000000e+04 1.450828778495940128e+02 4.113724827083568236e+00
3.000000000000000000e+04 1.484968262254465117e+02 4.019150117649680887e+00
3.000000000000000000e+04 1.519911082952933157e+02 3.926749684824092146e+00
3.000000000000000000e+04 1.555676143930472222e+02 3.836473541894730221e+00
3.000000000000000000e+04 1.592282793341092315e+02 3.748272851346179380e+00
3.000000000000000000e+04 1.629750834620643332e+02 3.662099898439578283e+00
3.000000000000000000e+04 1.668100537200059250e+02 3.577908065399946214e+00
3.000000000000000000e+04 1.707352647470690385e+02 3.495651806196956812e+00
3.000000000000000000e+04 1.747528400007682876e+02 3.415286621905450293e+00
3.000000000000000000e+04 1.788649529057435075e+02 3.336769036632456942e+00
3.000000000000000000e+04 1.830738280295367701e+02 3.260056573997654805e+00
3.000000000000000000e+04 1.873817422860383033e+02 3.185107734154508652e+00
3.000000000000000000e+04 1.917910261672488730e+02 3.111881971339726771e+00
3.000000000000000000e+04 1.963040650040270521e+02 3.040339671938856458e+00
3.000000000000000000e+04 2.009233002565045751e+02 2.970442133056124145e+00
3.000000000000000000e+04 2.056512308348651459e+02 2.902151541576981408e+00
3.000000000000000000e+04 2.104904144512019855e+02 2.835430953712008151e+00
3.000000000000000000e+04 2.154434690031882269e+02 2.770244275011071622e+00
3.000000000000000000e+04 2.205130739903045480e+02 2.706556240836989424e+00
3.000000000000000000e+04 2.257019719633919124e+02 2.644332397288099212e+00
3.000000000000000000e+04 2.310129700083157900e+02 2.583539082559405120e+00
3.000000000000000000e+04 2.364489412645407072e+02 2.524143408732242300e+00
3.000000000000000000e+04 2.420128264794381039e+02 2.466113243982609671e+00
3.000000000000000000e+04 2.477076355991711409e+02 2.409417195198502171e+00
3.000000000000000000e+04 2.535364493970111539e+02 2.354024590996908195e+00
3.000000000000000000e+04 2.595024211399737055e+02 2.299905465131214299e+00
3.000000000000000000e+04 2.656087782946686957e+02 2.247030540280102962e+00
3.000000000000000000e+04 2.718588242732940330e+02 2.195371212209119793e+00
3.000000000000000000e+04 2.782559402207126027e+02 2.144899534296378807e+00
3.000000000000000000e+04 2.848035868435802058e+02 2.095588202414034207e+00
3.000000000000000000e+04 2.915053062825175516e+02 2.047410540157296843e+00
3.000000000000000000e+04 2.983647240283340238e+02 2.000340484413063002e+00
3.000000000000000000e+04 3.053855508833415797e+02 1.954352571260318916e+00
3.000000000000000000e+04 3.125715849688235153e+02 1.909421922194675991e+00
3.000000000000000000e+04 3.199267137797384635e+02 1.865524230669623806e+00
3.000000000000000000e+04 3.274549162877728463e+02 1.822635748947200041e+00
3.000000000000000000e+04 3.351602650938841066e+02 1.780733275250946157e+00
3.000000000000000000e+04 3.430469286314919373e+02 1.739794141214235257e+00
3.000000000000000000e+04 3.511191734215130964e+02 1.699796199617162884e+00
3.000000000000000000e+04 3.593813663804625662e+02 1.660717812405350324e+00
3.000000000000000000e+04 3.678379771828634262e+02 1.622537838984213332e+00
3.000000000000000000e+04 3.764935806792467474e+02 1.585235624782343811e+00
3.000000000000000000e+04 3.853528593710527161e+02 1.548790990077809404e+00
3.000000000000000000e+04 3.944206059437656222e+02 1.513184219081344040e+00
3.000000000000000000e+04 4.037017258596553688e+02 1.478396049270526147e+00
3.000000000000000000e+04 4.132012400115334572e+02 1.444407660969140528e+00
3.000000000000000000e+04 4.229242874389498752e+02 1.411200667166133016e+00
3.000000000000000000e+04 4.328761281083056929e+02 1.378757103568622577e+00
3.000000000000000000e+04 4.430621457583877714e+02 1.347059418883583826e+00
3.000000000000000000e+04 4.534878508128581984e+02 1.316090465322968805e+00
3.000000000000000000e+04 4.641588833612777307e+02 1.285833489327111501e+00
3.000000000000000000e+04 4.750810162102798131e+02 1.256272122501394417e+00
3.000000000000000000e+04 4.862601580065353346e+02 1.227390372761294701e+00
3.000000000000000000e+04 4.977023564332108663e+02 1.199172615680993426e+00
3.000000000000000000e+04 5.094138014816380178e+02 1.171603586040886880e+00
3.000000000000000000e+04 5.214008287999683944e+02 1.144668369569426636e+00
3.000000000000000000e+04 5.336699231206307559e+02 1.118352394874799538e+00
3.000000000000000000e+04 5.462277217684342077e+02 1.092641425562113744e+00
3.000000000000000000e+04 5.590810182512223037e+02 1.067521552531805584e+00
3.000000000000000000e+04 5.722367659350220492e+02 1.042979186455101237e+00
3.000000000000000000e+04 5.857020818056666940e+02 1.019001050422479793e+00
3.000000000000000000e+04 5.994842503189408944e+02 9.955741727611329139e-01
3.000000000000000000e+04 6.135907273413175744e+02 9.726858800175653963e-01
3.000000000000000000e+04 6.280291441834252737e+02 9.503237901015214595e-01
3.000000000000000000e+04 6.428073117284319551e+02 9.284758055875256266e-01
3.000000000000000000e+04 6.579332246575681893e+02 9.071301071704316321e-01
3.000000000000000000e+04 6.734150657750820983e+02 8.862751472714254231e-01
3.000000000000000000e+04 6.892612104349694846e+02 8.658996437910202459e-01
3.000000000000000000e+04 7.054802310718645231e+02 8.459925740056785104e-01
3.000000000000000000e+04 7.220809018385464242e+02 8.265431686047499671e-01
3.000000000000000000e+04 7.390722033525775032e+02 8.075409058644934523e-01
3.000000000000000000e+04 7.564633275546290179e+02 7.889755059560458195e-01
3.000000000000000000e+04 7.742636826811269657e+02 7.708369253842514146e-01
3.000000000000000000e+04 7.924828983539169940e+02 7.531153515543337340e-01
3.000000000000000000e+04 8.111308307896872520e+02 7.358011974634901531e-01
3.000000000000000000e+04 8.302175681319744172e+02 7.188850965145237026e-01
3.000000000000000000e+04 8.497534359086438371e+02 7.023578974487044713e-01
3.000000000000000000e+04 8.697490026177833897e+02 6.862106593951320388e-01
3.000000000000000000e+04 8.902150854450383122e+02 6.704346470339114239e-01
3.000000000000000000e+04 9.111627561154896284e+02 6.550213258705224195e-01
3.000000000000000000e+04 9.326033468832199560e+02 6.399623576188413487e-01
3.000000000000000000e+04 9.545484566618337112e+02 6.252495956902960339e-01
3.000000000000000000e+04 9.770099572992256753e+02 6.108750807867335819e-01
3.000000000000000000e+04 1.000000000000000000e+03 5.968310365946075668e-01
3.000000000000000000e+04 1.000000000000000000e+03 5.968310365946075668e-01
3.000000000000000000e+04 1.097498765493055544e+03 5.438102122388073223e-01
3.000000000000000000e+04 1.204503540258781186e+03 4.954996117872609296e-01
3.000000000000000000e+04 1.321941148466028608e+03 4.514807919302354366e-01
3.000000000000000000e+04 1.450828778495938650e+03 4.113724827083571900e-01
3.000000000000000000e+04 1.592282793341090610e+03 3.748272851346183265e-01
3.000000000000000000e+04 1.747528400007682876e+03 3.415286621905450071e-01
3.000000000000000000e+04 1.917910261672486740e+03 3.111881971339729991e-01
3.000000000000000000e+04 2.104904144512019684e+03 2.835430953712008706e-01
3.000000000000000000e+04 2.310129700083158241e+03 2.583539082559404565e-01
3.000000000000000000e+04 2.535364493970108924e+03 2.354024590996910971e-01
3.000000000000000000e+04 2.782559402207123185e+03 2.144899534296381138e-01
3.000000000000000000e+04 3.053855508833412387e+03 1.674227142039006189e-01
3.000000000000000000e+04 3.351602650938840725e+03 1.503415419058037328e-01
3.000000000000000000e+04 3.678379771828630510e+03 1.346914155163249360e-01
3.000000000000000000e+04 4.037017258596553802e+03 1.204063318430739910e-01
3.000000000000000000e+04 4.430621457583877600e+03 1.074283308180981472e-01
3.000000000000000000e+04 4.862601580065348571e+03 9.569512132581720065e-02
3.000000000000000000e+04 5.336699231206307559e+03 8.512288521580990697e-02
3.000000000000000000e+04 5.857020818056661483e+03 7.564539912401536947e-02
3.000000000000000000e+04 6.428073117284318869e+03 6.716910436535435125e-02
3.000000000000000000e+04 7.054802310718638182e+03 5.961574208939513647e-02
3.000000000000000000e+04 7.742636826811270112e+03 5.290743572885341084e-02
3.000000000000000000e+04 8.497534359086437689e+03 4.694679061815764526e-02
3.000000000000000000e+04 9.326033468832189101e+03 4.166792221990654743e-02
3.000000000000000000e+04 1.023531021899026928e+04 3.698033069828057101e-02
3.000000000000000000e+04 1.123324032978026480e+04 3.282251703277561800e-02
3.000000000000000000e+04 1.232846739442065882e+04 2.914168501289265273e-02
3.000000000000000000e+04 1.353047774579807628e+04 2.586732595345823255e-02
3.000000000000000000e+04 1.484968262254463480e+04 2.297174614437687973e-02
3.000000000000000000e+04 1.629750834620643400e+04 2.039909435739729535e-02
3.000000000000000000e+04 1.788649529057435211e+04 1.812799751241588042e-02
3.000000000000000000e+04 1.963040650040268520e+04 1.614446327988581717e-02
3.000000000000000000e+04 2.154434690031882201e+04 1.440960400711898542e-02
3.000000000000000000e+04 2.364489412645407356e+04 1.292911652915661180e-02
3.000000000000000000e+04 2.595024211399731939e+04 1.167020013752966684e-02
3.000000000000000000e+04 2.848035868435799057e+04 1.063350913852475696e-02
3.000000000000000000e+04 3.125715849688235176e+04 9.821657150370649222e-03
3.000000000000000000e+04 3.430469286314912461e+04 9.204175861680746057e-03
3.000000000000000000e+04 3.764935806792470976e+04 8.783553667473208149e-03
3.000000000000000000e+04 4.132012400115334458e+04 8.561535241191572249e-03
3.000000000000000000e+04 4.534878508128582325e+04 8.502077829069644779e-03
3.000000000000000000e+04 4.977023564332113892e+04 8.592591899595443394e-03
3.000000000000000000e+04 5.462277217684336938e+04 8.682306622137274735e-03
3.000000000000000000e+04 5.994842503189409035e+04 8.762745797404984660e-03
3.000000000000000000e+04 6.579332246575682075e+04 8.846595885757275318e-03
3.000000000000000000e+04 7.220809018385456875e+04 8.910030954106324536e-03
3.000000000000000000e+04 7.924828983539169712e+04 8.977978565391264362e-03
3.000000000000000000e+04 8.697490026177834079e+04 9.026415310354219193e-03
3.000000000000000000e+04 9.545484566618327517e+04 9.068126121254006106e-03
3.000000000000000000e+04 1.047615752789664111e+05 9.115934700944022459e-03
3.000000000000000000e+04 1.149756995397735591e+05 9.145696166773161287e-03
3.000000000000000000e+04 1.261856883066018490e+05 9.182517489607824185e-03
3.000000000000000000e+04 1.384886371393871668e+05 9.202216997950535618e-03
3.000000000000000000e+04 1.519911082952933211e+05 9.217565567129886936e-03
3.000000000000000000e+04 1.668100537200059043e+05 9.241089215590381559e-03
3.000000000000000000e+04 1.830738280295369623e+05 9.248634613674280164e-03
3.000000000000000000e+04 2.009233002565045899e+05 9.265148220701666104e-03
3.000000000000000000e+04 2.205130739903045760e+05 9.266471416695421306e-03
3.000000000000000000e+04 2.420128264794383431e+05 9.265181370819828774e-03
3.000000000000000000e+04 2.656087782946684165e+05 9.273562941303371138e-03
3.000000000000000000e+04 2.915053062825175584e+05 9.267761262935743719e-03
3.000000000000000000e+04 3.199267137797384639e+05 9.260109351298959415e-03
3.000000000000000000e+04 3.511191734215127653e+05 9.262577695350129175e-03
3.000000000000000000e+04 3.853528593710527639e+05 9.251725196434794352e-03
3.000000000000000000e+04 4.229242874389499193e+05 9.251203640520018479e-03
3.000000000000000000e+04 4.641588833612772287e+05 9.237843883803890238e-03
3.000000000000000000e+04 5.094138014816375216e+05 9.223505642721461020e-03
3.000000000000000000e+04 5.590810182512222091e+05 9.219674405538336170e-03
3.000000000000000000e+04 6.135907273413175717e+05 9.203424150184810748e-03
3.000000000000000000e+04 6.734150657750827959e+05 9.197727422404938444e-03
3.000000000000000000e+04 7.390722033525775187e+05 9.179990528620698281e-03
3.000000000000000000e+04 8.111308307896872284e+05 9.161818233272138109e-03
3.000000000000000000e+04 8.902150854450393235e+05 9.154406208496513805e-03
3.000000000000000000e+04 9.770099572992246831e+05 9.135475817224162146e-03
3.000000000000000000e+04 1.072267222010323079e+06 9.127269301161537035e-03
3.000000000000000000e+04 1.176811952434999170e+06 9.107829031587097099e-03
3.000000000000000000e+04 1.291549665014882805e+06 9.088267030644605476e-03
3.000000000000000000e+04 1.417474162926804740e+06 9.079301132302097788e-03
3.000000000000000000e+04 1.555676143930472201e+06 9.059511009082088506e-03
3.000000000000000000e+04 1.707352647470688680e+06 9.050228009532599108e-03
3.000000000000000000e+04 1.873817422860383056e+06 9.030341213475028342e-03
3.000000000000000000e+04 2.056512308348651510e+06 9.010498967598467093e-03
3.000000000000000000e+04 2.257019719633921515e+06 9.000978600219772946e-03
3.000000000000000000e+04 2.477076355991709046e+06 8.981183264397915242e-03
3.000000000000000000e+04 2.718588242732940242e+06 8.971590351235427668e-03
3.000000000000000000e+04 2.983647240283340216e+06 8.951912134795075512e-03
3.000000000000000000e+04 3.274549162877731491e+06 8.932362538227208576e-03
3.000000000000000000e+04 3.593813663804625627e+06 8.922789418576241791e-03
3.000000000000000000e+04 3.944206059437655844e+06 8.903411528281231224e-03
3.000000000000000000e+04 4.328761281083061360e+06 8.884182944285803213e-03
3.000000000000000000e+04 4.750810162102793343e+06 8.874720814597123267e-03
3.000000000000000000e+04 5.214008287999684922e+06 8.855702657572414940e-03
3.000000000000000000e+04 5.722367659350220114e+06 8.846321857572570987e-03
3.000000000000000000e+04 6.280291441834246740e+06 8.827532765333899467e-03
3.000000000000000000e+04 6.892612104349695146e+06 8.808906731415398761e-03
3.000000000000000000e+04 7.564633275546290912e+06 8.799696791705311633e-03
3.000000000000000000e+04 8.302175681319751777e+06 8.781311539169424363e-03
3.000000000000000000e+04 9.111627561154887080e+06 8.772206902850620061e-03
3.000000000000000000e+04 1.000000000000000000e+07 8.754058290653456489e-03
5.000000000000000000e+04 1.000000000000000000e+02 9.947183943243459225e+00
5.000000000000000000e+04 1.023531021899025859e+02 9.718497759635834399e+00
5.000000000000000000e+04 1.047615752789664043e+02 9.495069081154426271e+00
5.000000000000000000e+04 1.072267222010323167e+02 9.276777037531875436e+00
5.000000000000000000e+04 1.097498765493055686e+02 9.063503537313454927e+00
5.000000000000000000e+04 1.123324032978026565e+02 8.855133203971998768e+00
5.000000000000000000e+04 1.149756995397735579e+02 8.651553313491628927e+00
5.000000000000000000e+04 1.176811952434997863e+02 8.452653733386430446e+00
5.000000000000000000e+04 1.204503540258782408e+02 8.258326863121007833e+00
5.000000000000000000e+04 1.232846739442065882e+02 8.068467575900903910e+00
5.000000000000000000e+04 1.261856883066019748e+02 7.882973161801128725e+00
5.000000000000000000e+04 1.291549665014883885e+02 7.701743272202255852e+00
5.000000000000000000e+04 1.321941148466028721e+02 7.524679865503922649e+00
5.000000000000000000e+04 1.353047774579807481e+02 7.351687154086324227e+00
5.000000000000000000e+04 1.384886371393873219e+02 7.182671552491144418e+00
5.000000000000000000e+04 1.417474162926804695e+02 7.017541626793737386e+00
5.000000000000000000e+04 1.450828778495940128e+02 6.856208045139279506e+00
5.000000000000000000e+04 1.484968262254465117e+02 6.698583529416134219e+00
5.000000000000000000e+04 1.519911082952933157e+02 6.544582808040154021e+00
5.000000000000000000e+04 1.555676143930472222e+02 6.394122569824551405e+00
5.000000000000000000e+04 1.592282793341092315e+02 6.247121418910299262e+00
5.000000000000000000e+04 1.629750834620643332e+02 6.103499830732629583e+00
5.000000000000000000e+04 1.668100537200059250e+02 5.963180108999909912e+00
5.000000000000000000e+04 1.707352647470690385e+02 5.826086343661594391e+00
5.000000000000000000e+04 1.747528400007682876e+02 5.692144369842417007e+00
5.000000000000000000e+04 1.788649529057435075e+02 5.561281727720762014e+00
5.000000000000000000e+04 1.830738280295367701e+02 5.433427623329425415e+00
5.000000000000000000e+04 1.873817422860383033e+02 5.308512890257514272e+00
5.000000000000000000e+04 1.917910261672488730e+02 5.186469952232878100e+00
5.000000000000000000e+04 1.963040650040270521e+02 5.067232786564760616e+00
5.000000000000000000e+04 2.009233002565045751e+02 4.950736888426873428e+00
5.000000000000000000e+04 2.056512308348651459e+02 4.836919235961635088e+00
5.000000000000000000e+04 2.104904144512019855e+02 4.725718256186680399e+00
5.000000000000000000e+04 2.154434690031882269e+02 4.617073791685119666e+00
5.000000000000000000e+04 2.205130739903045480e+02 4.510927068061648448e+00
5.000000000000000000e+04 2.257019719633919124e+02 4.407220662146832169e+00
5.000000000000000000e+04 2.310129700083157900e+02 4.305898470932342015e+00
5.000000000000000000e+04 2.364489412645407072e+02 4.206905681220404425e+00
5.000000000000000000e+04 2.420128264794381039e+02 4.110188739971015970e+00
5.000000000000000000e+04 2.477076355991711409e+02 4.015695325330836951e+00
5.000000000000000000e+04 2.535364493970111539e+02 3.923374318328180177e+00
5.000000000000000000e+04 2.595024211399737055e+02 3.833175775218690795e+00
5.000000000000000000e+04 2.656087782946686957e+02 3.745050900466838417e+00
5.000000000000000000e+04 2.718588242732940330e+02 3.658952020348532397e+00
5.000000000000000000e+04 2.782559402207126027e+02 3.574832557160631641e+00
5.000000000000000000e+04 2.848035868435802058e+02 3.492647004023390345e+00
5.000000000000000000e+04 2.915053062825175516e+02 3.412350900262161257e+00
5.000000000000000000e+04 2.983647240283340238e+02 3.333900807355105300e+00
5.000000000000000000e+04 3.053855508833415797e+02 3.257254285433864638e+00
5.000000000000000000e+04 3.125715849688235153e+02 3.182369870324460059e+00
5.000000000000000000e+04 3.199267137797384635e+02 3.109207051116039899e+00
5.000000000000000000e+04 3.274549162877728463e+02 3.037726248245332883e+00
5.000000000000000000e+04 3.351602650938841066e+02 2.967888792084909966e+00
5.000000000000000000e+04 3.430469286314919373e+02 2.899656902023725280e+00
5.000000000000000000e+04 3.511191734215130964e+02 2.832993666028605251e+00
5.000000000000000000e+04 3.593813663804625662e+02 2.767863020675584096e+00
5.000000000000000000e+04 3.678379771828634262e+02 2.704229731640355627e+00
5.000000000000000000e+04 3.764935806792467474e+02 2.642059374637239610e+00
5.000000000000000000e+04 3.853528593710527161e+02 2.581318316796348711e+00
5.000000000000000000e+04 3.944206059437656222e+02 2.521973698468906733e+00
5.000000000000000000e+04 4.037017258596553688e+02 2.463993415450877134e+00
5.000000000000000000e+04 4.132012400115334572e+02 2.407346101615234435e+00
5.000000000000000000e+04 4.229242874389498752e+02 2.352001111943555323e+00
5.000000000000000000e+04 4.328761281083056929e+02 2.297928505947703925e+00
5.000000000000000000e+04 4.430621457583877714e+02 2.245099031472639783e+00
5.000000000000000000e+04 4.534878508128581984e+02 2.193484108871614602e+00
5.000000000000000000e+04 4.641588833612777307e+02 2.143055815545185983e+00
5.000000000000000000e+04 4.750810162102798131e+02 2.093786870835657510e+00
5.000000000000000000e+04 4.862601580065353346e+02 2.045650621268824576e+00
5.000000000000000000e+04 4.977023564332108663e+02 1.998621026134988821e+00
5.000000000000000000e+04 5.094138014816380178e+02 1.952672643401478059e+00
5.000000000000000000e+04 5.214008287999683944e+02 1.907780615949044245e+00
5.000000000000000000e+04 5.336699231206307559e+02 1.863920658124665675e+00
5.000000000000000000e+04 5.462277217684342077e+02 1.821069042603522758e+00
5.000000000000000000e+04 5.590810182512223037e+02 1.779202587553009307e+00
5.000000000000000000e+04 5.722367659350220492e+02 1.738298644091835543e+00
5.000000000000000000e+04 5.857020818056666940e+02 1.698335084037466469e+00
5.000000000000000000e+04 5.994842503189408944e+02 1.659290287935221375e+00
5.000000000000000000e+04 6.135907273413175744e+02 1.621143133362608957e+00
5.000000000000000000e+04 6.280291441834252737e+02 1.583872983502535581e+00
5.000000000000000000e+04 6.428073117284319551e+02 1.547459675979209415e+00
5.000000000000000000e+04 6.579332246575681893e+02 1.511883511950719461e+00
5.000000000000000000e+04 6.734150657750820983e+02 1.477125245452375779e+00
5.000000000000000000e+04 6.892612104349694846e+02 1.443166072985033743e+00
5.000000000000000000e+04 7.054802310718645231e+02 1.409987623342797480e+00
5.000000000000000000e+04 7.220809018385464242e+02 1.377571947674583130e+00
5.000000000000000000e+04 7.390722033525775032e+02 1.345901509774155569e+00
5.000000000000000000e+04 7.564633275546290179e+02 1.314959176593409884e+00
5.000000000000000000e+04 7.742636826811269657e+02 1.284728208973752395e+00
5.000000000000000000e+04 7.924828983539169940e+02 1.255192252590556112e+00
5.000000000000000000e+04 8.111308307896872520e+02 1.226335329105816996e+00
5.000000000000000000e+04 8.302175681319744172e+02 1.198141827524205949e+00
5.000000000000000000e+04 8.497534359086438371e+02 1.170596495747840748e+00
5.000000000000000000e+04 8.697490026177833897e+02 1.143684432325219991e+00
5.000000000000000000e+04 8.902150854450383122e+02 1.117391078389852188e+00
5.000000000000000000e+04 9.111627561154896284e+02 1.091702209784204181e+00
5.000000000000000000e+04 9.326033468832199560e+02 1.066603929364735581e+00
5.000000000000000000e+04 9.545484566618337112e+02 1.042082659483826612e+00
5.000000000000000000e+04 9.770099572992256753e+02 1.018125134644555674e+00
5.000000000000000000e+04 1.000000000000000000e+03 9.947183943243458337e-01
5.000000000000000000e+04 1.000000000000000000e+03 9.947183943243458337e-01
5.000000000000000000e+04 1.097498765493055544e+03 9.063503537313455372e-01
5.000000000000000000e+04 1.204503540258781186e+03 8.258326863121014938e-01
5.000000000000000000e+04 1.321941148466028608e+03 7.524679865503923759e-01
5.000000000000000000e+04 1.450828778495938650e+03 6.856208045139285945e-01
5.000000000000000000e+04 1.592282793341090610e+03 6.247121418910305257e-01
5.000000000000000000e+04 1.747528400007682876e+03 5.692144369842416785e-01
5.000000000000000000e+04 1.917910261672486740e+03 5.186469952232882763e-01
5.000000000000000000e+04 2.104904144512019684e+03 4.725718256186680621e-01
5.000000000000000000e+04 2.310129700083158241e+03 4.305898470932340572e-01
5.000000000000000000e+04 2.535364493970108924e+03 3.923374318328184396e-01
5.000000000000000000e+04 2.782559402207123185e+03 3.574832557160634861e-01
5.000000000000000000e+04 3.053855508833412387e+03 3.257254285433868191e-01
5.000000000000000000e+04 3.351602650938840725e+03 2.967888792084910077e-01
5.000000000000000000e+04 3.678379771828630510e+03 2.704229731640357959e-01
5.000000000000000000e+04 4.037017258596553802e+03 2.463993415450876912e-01
5.000000000000000000e+04 4.430621457583877600e+03 2.245099031472639894e-01
5.000000000000000000e+04 4.862601580065348571e+03 2.045650621268826908e-01
5.000000000000000000e+04 5.336699231206307559e+03 1.585035798920234051e-01
5.000000000000000000e+04 5.857020818056661483e+03 1.421579546364502566e-01
5.000000000000000000e+04 6.428073117284318869e+03 1.272062302697606062e-01
5.000000000000000000e+04 7.054802310718638182e+03 1.135928866508611745e-01
5.000000000000000000e+04 7.742636826811270112e+03 1.012577586139249836e-01
5.000000000000000000e+04 8.497534359086437689e+03 9.012029868944497479e-02
5.000000000000000000e+04 9.326033468832189101e+03 8.011573990922662980e-02
5.000000000000000000e+04 1.023531021899026928e+04 7.115313768599254574e-02
5.000000000000000000e+04 1.123324032978026480e+04 6.315488258758829299e-02
5.000000000000000000e+04 1.232846739442065882e+04 5.604279795827075278e-02
5.000000000000000000e+04 1.353047774579807628e+04 4.971958640716810096e-02
5.000000000000000000e+04 1.484968262254463480e+04 4.411649568518131309e-02
5.000000000000000000e+04 1.629750834620643400e+04 3.914148114751872520e-02
5.000000000000000000e+04 1.788649529057435211e+04 3.472920162565865110e-02
5.000000000000000000e+04 1.963040650040268520e+04 3.082252243765838326e-02
5.000000000000000000e+04 2.154434690031882201e+04 2.734818578576693818e-02
5.000000000000000000e+04 2.364489412645407356e+04 2.427333208700295161e-02
5.000000000000000000e+04 2.595024211399731939e+04 2.153960160077525443e-02
5.000000000000000000e+04 2.848035868435799057e+04 1.912160125498860858e-02
5.000000000000000000e+04 3.125715849688235176e+04 1.700174407317948944e-02
5.000000000000000000e+04 3.430469286314912461e+04 1.514002829305695179e-02
5.000000000000000000e+04 3.764935806792470976e+04 1.352902776590303273e-02
5.000000000000000000e+04 4.132012400115334458e+04 1.216577413258296790e-02
5.000000000000000000e+04 4.534878508128582325e+04 1.101953078838115163e-02
5.000000000000000000e+04 4.977023564332113892e+04 1.010173959278739056e-02
5.000000000000000000e+04 5.462277217684336938e+04 9.383073172924832894e-03
5.000000000000000000e+04 5.994842503189409035e+04 8.865672343807799727e-03
5.000000000000000000e+04 6.579332246575682075e+04 8.551524609004637970e-03
5.000000000000000000e+04 7.220809018385456875e+04 8.407478484388934692e-03
5.000000000000000000e+04 7.924828983539169712e+04 8.440557984921021051e-03
5.000000000000000000e+04 8.697490026177834079e+04 8.534301890159022227e-03
5.000000000000000000e+04 9.545484566618327517e+04 8.618729489897995755e-03
5.000000000000000000e+04 1.047615752789664111e+05 8.705818425440525407e-03
5.000000000000000000e+04 1.149756995397735591e+05 8.773009561277095997e-03
5.000000000000000000e+04 1.261856883066018490e+05 8.843938799076769136e-03
5.000000000000000000e+04 1.384886371393871668e+05 8.895845719548304067e-03
5.000000000000000000e+04 1.519911082952933211e+05 8.940873424714531129e-03
5.000000000000000000e+04 1.668100537200059043e+05 8.991169706794512051e-03
5.000000000000000000e+04 1.830738280295369623e+05 9.023758179592236695e-03
5.000000000000000000e+04 2.009233002565045899e+05 9.062727550210094088e-03
5.000000000000000000e+04 2.205130739903045760e+05 9.084940132298477411e-03
5.000000000000000000e+04 2.420128264794383431e+05 9.102647085003710836e-03
5.000000000000000000e+04 2.656087782946684165e+05 9.127970490263872042e-03
5.000000000000000000e+04 2.915053062825175584e+05 9.137827553583666162e-03
5.000000000000000000e+04 3.199267137797384639e+05 9.144341119763676681e-03
5.000000000000000000e+04 3.511191734215127653e+05 9.159398573417968509e-03
5.000000000000000000e+04 3.853528593710527639e+05 9.160112417680499330e-03
5.000000000000000000e+04 4.229242874389499193e+05 9.169851161296246889e-03
5.000000000000000000e+04 4.641588833612772287e+05 9.165878407559821528e-03
5.000000000000000000e+04 5.094138014816375216e+05 9.159966313485727249e-03
5.000000000000000000e+04 5.590810182512222091e+05 9.163589189451516737e-03
5.000000000000000000e+04 6.135907273413175717e+05 9.154125331201605140e-03
5.000000000000000000e+04 6.734150657750827959e+05 9.154417276299071926e-03
5.000000000000000000e+04 7.390722033525775187e+05 9.142100166784935047e-03
5.000000000000000000e+04 8.111308307896872284e+05 9.128742724189224667e-03
5.000000000000000000e+04 8.902150854450393235e+05 9.125550080085472610e-03
5.000000000000000000e+04 9.770099572992246831e+05 9.110402695643509893e-03
5.000000000000000000e+04 1.072267222010323079e+06 9.105500672230827305e-03
5.000000000000000000e+04 1.176811952434999170e+06 9.089003913294859890e-03
5.000000000000000000e+04 1.291549665014882805e+06 9.072025917576095888e-03
5.000000000000000000e+04 1.417474162926804740e+06 9.065305046371206418e-03
5.000000000000000000e+04 1.555676143930472201e+06 9.047494803433952723e-03
5.000000000000000000e+04 1.707352647470688680e+06 9.039924856739817507e-03
5.000000000000000000e+04 1.873817422860383056e+06 9.021538547175208742e-03
5.000000000000000000e+04 2.056512308348651510e+06 9.002996115985208506e-03
5.000000000000000000e+04 2.257019719633921515e+06 8.994592639221303532e-03
5.000000000000000000e+04 2.477076355991709046e+06 8.975765675536795038e-03
5.000000000000000000e+04 2.718588242732940242e+06 8.967000635855072732e-03
5.000000000000000000e+04 2.983647240283340216e+06 8.948035390409026305e-03
5.000000000000000000e+04 3.274549162877731491e+06 8.929094594147330560e-03
5.000000000000000000e+04 3.593813663804625627e+06 8.920037888158696346e-03
5.000000000000000000e+04 3.944206059437655844e+06 8.901100557187286225e-03
5.000000000000000000e+04 4.328761281083061360e+06 8.882245101043483027e-03
5.000000000000000000e+04 4.750810162102793343e+06 8.873097171922713841e-03
5.000000000000000000e+04 5.214008287999684922e+06 8.854344925079804529e-03
5.000000000000000000e+04 5.722367659350220114e+06 8.845187125531995403e-03
5.000000000000000000e+04 6.280291441834246740e+06 8.826585942498521575e-03
5.000000000000000000e+04 6.892612104349695146e+06 8.808117400542622363e-03
5.000000000000000000e+04 7.564633275546290912e+06 8.799038900350634670e-03
5.000000000000000000e+04 8.302175681319751777e+06 8.780763869021872281e-03
5.000000000000000000e+04 9.111627561154887080e+06 8.771751004377346950e-03
5.000000000000000000e+04 1.000000000000000000e+07 8.753679173148827194e-03
7.000000000000000000e+04 1.000000000000000000e+02 1.392605752054084256e+01
7.000000000000000000e+04 1.023531021899025859e+02 1.360589686349016780e+01
7.000000000000000000e+04 1.047615752789664043e+02 1.329309671361619749e+01
7.000000000000000000e+04 1.072267222010323167e+02 1.298748785254462312e+01
7.000000000000000000e+04 1.097498765493055686e+02 1.268890495223883441e+01
7.000000000000000000e+04 1.123324032978026565e+02 1.239718648556079827e+01
7.000000000000000000e+04 1.149756995397735579e+02 1.211217463888828050e+01
7.000000000000000000e+04 1.176811952434997863e+02 1.183371522674100262e+01
7.000000000000000000e+04 1.204503540258782408e+02 1.156165760836941026e+01
7.000000000000000000e+04 1.232846739442065882e+02 1.129585460626126547e+01
7.000000000000000000e+04 1.261856883066019748e+02 1.103616242652157986e+01
7.000000000000000000e+04 1.291549665014883885e+02 1.078244058108315961e+01
7.000000000000000000e+04 1.321941148466028721e+02 1.053455181170549260e+01
7.000000000000000000e+04 1.353047774579807481e+02 1.029236201572085463e+01
7.000000000000000000e+04 1.384886371393873219e+02 1.005574017348760130e+01
7.000000000000000000e+04 1.417474162926804695e+02 9.824558277511231452e+00
7.000000000000000000e+04 1.450828778495940128e+02 9.598691263194991663e+00
7.000000000000000000e+04 1.484968262254465117e+02 9.378016941182588440e+00
7.000000000000000000e+04 1.519911082952933157e+02 9.162415931256216339e+00
7.000000000000000000e+04 1.555676143930472222e+02 8.951771597754371257e+00
7.000000000000000000e+04 1.592282793341092315e+02 8.745969986474417368e+00
7.000000000000000000e+04 1.629750834620643332e+02 8.544899763025682660e+00
7.000000000000000000e+04 1.668100537200059250e+02 8.348452152599874054e+00
7.000000000000000000e+04 1.707352647470690385e+02 8.156520881126231970e+00
7.000000000000000000e+04 1.747528400007682876e+02 7.969002117779383276e+00
7.000000000000000000e+04 1.788649529057435075e+02 7.785794418809066642e+00
7.000000000000000000e+04 1.830738280295367701e+02 7.606798672661195582e+00
7.000000000000000000e+04 1.873817422860383033e+02 7.431918046360520336e+00
7.000000000000000000e+04 1.917910261672488730e+02 7.261057933126028985e+00
7.000000000000000000e+04 1.963040650040270521e+02 7.094125901190664329e+00
7.000000000000000000e+04 2.009233002565045751e+02 6.931031643797623154e+00
7.000000000000000000e+04 2.056512308348651459e+02 6.771686930346289657e+00
7.000000000000000000e+04 2.104904144512019855e+02 6.616005558661353092e+00
7.000000000000000000e+04 2.154434690031882269e+02 6.463903308359168598e+00
7.000000000000000000e+04 2.205130739903045480e+02 6.315297895286308361e+00
7.000000000000000000e+04 2.257019719633919124e+02 6.170108927005564681e+00
7.000000000000000000e+04 2.310129700083157900e+02 6.028257859305278465e+00
7.000000000000000000e+04 2.364489412645407072e+02 5.889667953708565662e+00
7.000000000000000000e+04 2.420128264794381039e+02 5.754264235959421825e+00
7.000000000000000000e+04 2.477076355991711409e+02 5.621973455463170843e+00
7.000000000000000000e+04 2.535364493970111539e+02 5.492724045659453047e+00
7.000000000000000000e+04 2.595024211399737055e+02 5.366446085306167291e+00
7.000000000000000000e+04 2.656087782946686957e+02 5.243071260653573873e+00
7.000000000000000000e+04 2.718588242732940330e+02 5.122532828487945444e+00
7.000000000000000000e+04 2.782559402207126027e+02 5.004765580024884031e+00
7.000000000000000000e+04 2.848035868435802058e+02 4.889705805632746483e+00
7.000000000000000000e+04 2.915053062825175516e+02 4.777291260367026560e+00
7.000000000000000000e+04 2.983647240283340238e+02 4.667461130297147598e+00
7.000000000000000000e+04 3.053855508833415797e+02 4.560155999607411026e+00
7.000000000000000000e+04 3.125715849688235153e+02 4.455317818454244794e+00
7.000000000000000000e+04 3.199267137797384635e+02 4.352889871562455326e+00
7.000000000000000000e+04 3.274549162877728463e+02 4.252816747543466391e+00
7.000000000000000000e+04 3.351602650938841066e+02 4.155044308918873774e+00
7.000000000000000000e+04 3.430469286314919373e+02 4.059519662833215747e+00
7.000000000000000000e+04 3.511191734215130964e+02 3.966191132440047173e+00
7.000000000000000000e+04 3.593813663804625662e+02 3.875008228945817645e+00
7.000000000000000000e+04 3.678379771828634262e+02 3.785921624296497257e+00
7.000000000000000000e+04 3.764935806792467474e+02 3.698883124492136076e+00
7.000000000000000000e+04 3.853528593710527161e+02 3.613845643514888462e+00
7.000000000000000000e+04 3.944206059437656222e+02 3.530763177856469870e+00
7.000000000000000000e+04 4.037017258596553688e+02 3.449590781631227898e+00
7.000000000000000000e+04 4.132012400115334572e+02 3.370284542261328564e+00
7.000000000000000000e+04 4.229242874389498752e+02 3.292801556720977629e+00
7.000000000000000000e+04 4.328761281083056929e+02 3.217099908326785496e+00
7.000000000000000000e+04 4.430621457583877714e+02 3.143138644061695519e+00
7.000000000000000000e+04 4.534878508128581984e+02 3.070877752420259732e+00
7.000000000000000000e+04 4.641588833612777307e+02 3.000278141763260464e+00
7.000000000000000000e+04 4.750810162102798131e+02 2.931301619169919714e+00
7.000000000000000000e+04 4.862601580065353346e+02 2.863910869776354229e+00
7.000000000000000000e+04 4.977023564332108663e+02 2.798069436588984438e+00
7.000000000000000000e+04 5.094138014816380178e+02 2.733741700762069016e+00
7.000000000000000000e+04 5.214008287999683944e+02 2.670892862328662076e+00
7.000000000000000000e+04 5.336699231206307559e+02 2.609488921374532033e+00
7.000000000000000000e+04 5.462277217684342077e+02 2.549496659644931995e+00
7.000000000000000000e+04 5.590810182512223037e+02 2.490883622574212808e+00
7.000000000000000000e+04 5.722367659350220492e+02 2.433618101728569627e+00
7.000000000000000000e+04 5.857020818056666940e+02 2.377669117652452702e+00
7.000000000000000000e+04 5.994842503189408944e+02 2.323006403109310281e+00
7.000000000000000000e+04 6.135907273413175744e+02 2.269600386707652628e+00
7.000000000000000000e+04 6.280291441834252737e+02 2.217422176903549591e+00
7.000000000000000000e+04 6.428073117284319551e+02 2.166443546370893092e+00
7.000000000000000000e+04 6.579332246575681893e+02 2.116636916731007290e+00
7.000000000000000000e+04 6.734150657750820983e+02 2.067975343633325913e+00
7.000000000000000000e+04 6.892612104349694846e+02 2.020432502179047241e+00
7.000000000000000000e+04 7.054802310718645231e+02 1.973982672679916339e+00
7.000000000000000000e+04 7.220809018385464242e+02 1.928600726744416516e+00
7.000000000000000000e+04 7.390722033525775032e+02 1.884262113683818018e+00
7.000000000000000000e+04 7.564633275546290179e+02 1.840942847230773838e+00
7.000000000000000000e+04 7.742636826811269657e+02 1.798619492563253264e+00
7.000000000000000000e+04 7.924828983539169940e+02 1.757269153626778602e+00
7.000000000000000000e+04 8.111308307896872520e+02 1.716869460748143617e+00
7.000000000000000000e+04 8.302175681319744172e+02 1.677398558533888417e+00
7.000000000000000000e+04 8.497534359086438371e+02 1.638835094046977137e+00
7.000000000000000000e+04 8.697490026177833897e+02 1.601158205255308165e+00
7.000000000000000000e+04 8.902150854450383122e+02 1.564347509745793063e+00
7.000000000000000000e+04 9.111627561154896284e+02 1.528383093697885720e+00
7.000000000000000000e+04 9.326033468832199560e+02 1.493245501110629592e+00
7.000000000000000000e+04 9.545484566618337112e+02 1.458915723277357301e+00
7.000000000000000000e+04 9.770099572992256753e+02 1.425375188502378210e+00
7.000000000000000000e+04 1.000000000000000000e+03 1.392605752054084212e+00
7.000000000000000000e+04 1.000000000000000000e+03 1.392605752054084212e+00
7.000000000000000000e+04 1.097498765493055544e+03 1.268890495223883752e+00
7.000000000000000000e+04 1.204503540258781186e+03 1.156165760836942225e+00
7.000000000000000000e+04 1.321941148466028608e+03 1.053455181170549260e+00
7.000000000000000000e+04 1.450828778495938650e+03 9.598691263195000545e-01
7.000000000000000000e+04 1.592282793341090610e+03 8.745969986474427804e-01
7.000000000000000000e+04 1.747528400007682876e+03 7.969002117779383498e-01
7.000000000000000000e+04 1.917910261672486740e+03 7.261057933126036090e-01
7.000000000000000000e+04 2.104904144512019684e+03 6.616005558661353092e-01
7.000000000000000000e+04 2.310129700083158241e+03 6.028257859305278243e-01
7.000000000000000000e+04 2.535364493970108924e+03 5.492724045659458376e-01
7.000000000000000000e+04 2.782559402207123185e+03 5.004765580024889138e-01
7.000000000000000000e+04 3.053855508833412387e+03 4.560155999607415356e-01
7.000000000000000000e+04 3.351602650938840725e+03 4.155044308918874330e-01
7.000000000000000000e+04 3.678379771828630510e+03 3.785921624296501031e-01
7.000000000000000000e+04 4.037017258596553802e+03 3.449590781631227676e-01
7.000000000000000000e+04 4.430621457583877600e+03 3.143138644061695408e-01
7.000000000000000000e+04 4.862601580065348571e+03 2.863910869776357115e-01
7.000000000000000000e+04 5.336699231206307559e+03 2.609488921374532033e-01
7.000000000000000000e+04 5.857020818056661483e+03 2.377669117652455033e-01
7.000000000000000000e+04 6.428073117284318869e+03 2.166443546370893369e-01
7.000000000000000000e+04 7.054802310718638182e+03 1.692812977898252025e-01
7.000000000000000000e+04 7.742636826811270112e+03 1.520450034097082792e-01
7.000000000000000000e+04 8.497534359086437689e+03 1.362364595548953561e-01
7.000000000000000000e+04 9.326033468832189101e+03 1.218084207426263083e-01
7.000000000000000000e+04 1.023531021899026928e+04 1.086898808616759693e-01
7.000000000000000000e+04 1.123324032978026480e+04 9.681795500151049727e-02
7.000000000000000000e+04 1.232846739442065882e+04 8.612558406186104909e-02
7.000000000000000000e+04 1.353047774579807628e+04 7.652513838387763057e-02
7.000000000000000000e+04 1.484968262254463480e+04 6.794640369308951877e-02
7.000000000000000000e+04 1.629750834620643400e+04 6.029397184601672371e-02
7.000000000000000000e+04 1.788649529057435211e+04 5.348860588337215477e-02
7.000000000000000000e+04 1.963040650040268520e+04 4.745321095289446733e-02
7.000000000000000000e+04 2.154434690031882201e+04 4.209381842050072264e-02
7.000000000000000000e+04 2.364489412645407356e+04 3.734825899096051033e-02
7.000000000000000000e+04 2.595024211399731939e+04 3.313252721671169909e-02
7.000000000000000000e+04 2.848035868435799057e+04 2.939140245249571848e-02
7.000000000000000000e+04 3.125715849688235176e+04 2.607876738736913599e-02
7.000000000000000000e+04 3.430469286314912461e+04 2.313232303594156200e-02
7.000000000000000000e+04 3.764935806792470976e+04 2.052165537946932378e-02
7.000000000000000000e+04 4.132012400115334458e+04 1.822465806759060100e-02
7.000000000000000000e+04 4.534878508128582325e+04 1.619888284245973170e-02
7.000000000000000000e+04 4.977023564332113892e+04 1.444316348665492487e-02
7.000000000000000000e+04 5.462277217684336938e+04 1.292352436698027823e-02
7.000000000000000000e+04 5.994842503189409035e+04 1.163721670911040465e-02
7.000000000000000000e+04 6.579332246575682075e+04 1.058447333471632286e-02
7.000000000000000000e+04 7.220809018385456875e+04 9.736531054934920854e-03
7.000000000000000000e+04 7.924828983539169712e+04 9.105605897547195543e-03
7.000000000000000000e+04 8.697490026177834079e+04 8.662398524005007761e-03
7.000000000000000000e+04 9.545484566618327517e+04 8.407530308854702095e-03
7.000000000000000000e+04 1.047615752789664111e+05 8.339437324595690496e-03
7.000000000000000000e+04 1.149756995397735591e+05 8.408081793097363366e-03
7.000000000000000000e+04 1.261856883066018490e+05 8.508867271199821100e-03
7.000000000000000000e+04 1.384886371393871668e+05 8.589588478956239684e-03
7.000000000000000000e+04 1.519911082952933211e+05 8.661687226295428088e-03
7.000000000000000000e+04 1.668100537200059043e+05 8.736822760369885102e-03
7.000000000000000000e+04 1.830738280295369623e+05 8.792999535156262314e-03
7.000000000000000000e+04 2.009233002565045899e+05 8.853411906947794910e-03
7.000000000000000000e+04 2.205130739903045760e+05 8.895811259349593880e-03
7.000000000000000000e+04 2.420128264794383431e+05 8.932075541227416440e-03
7.000000000000000000e+04 2.656087782946684165e+05 8.974099545546695630e-03
7.000000000000000000e+04 2.915053062825175584e+05 8.999527210252123224e-03
7.000000000000000000e+04 3.199267137797384639e+05 9.020235606384648802e-03
7.000000000000000000e+04 3.511191734215127653e+05 9.047981726610688363e-03
7.000000000000000000e+04 3.853528593710527639e+05 9.060442809266201075e-03
7.000000000000000000e+04 4.229242874389499193e+05 9.080650590479412768e-03
7.000000000000000000e+04 4.641588833612772287e+05 9.086333288222600557e-03
7.000000000000000000e+04 5.094138014816375216e+05 9.089145637087151994e-03
7.000000000000000000e+04 5.590810182512222091e+05 9.100520025521849354e-03
7.000000000000000000e+04 6.135907273413175717e+05 9.098181208740615394e-03
7.000000000000000000e+04 6.734150657750827959e+05 9.104793384878857865e-03
7.000000000000000000e+04 7.390722033525775187e+05 9.098261556089205782e-03
7.000000000000000000e+04 8.111308307896872284e+05 9.090091129568527578e-03
7.000000000000000000e+04 8.902150854450393235e+05 9.091474056604220005e-03
7.000000000000000000e+04 9.770099572992246831e+05 9.080483672442577620e-03
7.000000000000000000e+04 1.072267222010323079e+06 9.079239792838011622e-03
7.000000000000000000e+04 1.176811952434999170e+06 9.066047774127719214e-03
7.000000000000000000e+04 1.291549665014882805e+06 9.052003325508010609e-03
7.000000000000000000e+04 1.417474162926804740e+06 9.047853338811348567e-03
7.000000000000000000e+04 1.555676143930472201e+06 9.032344289929928466e-03
7.000000000000000000e+04 1.707352647470688680e+06 9.026784527989073839e-03
7.000000000000000000e+04 1.873817422860383056e+06 9.010185869328583494e-03
7.000000000000000000e+04 2.056512308348651510e+06 8.993211582381895400e-03
7.000000000000000000e+04 2.257019719633921515e+06 8.986170315526901403e-03
7.000000000000000000e+04 2.477076355991709046e+06 8.968542685655226526e-03
7.000000000000000000e+04 2.718588242732940242e+06 8.960814966302715900e-03
7.000000000000000000e+04 2.983647240283340216e+06 8.942756777868684018e-03
7.000000000000000000e+04 3.274549162877731491e+06 8.924600886166146954e-03
7.000000000000000000e+04 3.593813663804625627e+06 8.916218112597365519e-03
7.000000000000000000e+04 3.944206059437655844e+06 8.897864028234354211e-03
7.000000000000000000e+04 4.328761281083061360e+06 8.879508813382808521e-03
7.000000000000000000e+04 4.750810162102793343e+06 8.870786953252270818e-03
7.000000000000000000e+04 5.214008287999684922e+06 8.852399762930958371e-03
7.000000000000000000e+04 5.722367659350220114e+06 8.843551238721804320e-03
7.000000000000000000e+04 6.280291441834246740e+06 8.825213409002672163e-03
7.000000000000000000e+04 6.892612104349695146e+06 8.806967573199722676e-03
7.000000000000000000e+04 7.564633275546290912e+06 8.798076384839233557e-03
7.000000000000000000e+04 8.302175681319751777e+06 8.779959619022975614e-03
7.000000000000000000e+04 9.111627561154887080e+06 8.771079335592827167e-03
7.000000000000000000e+04 1.000000000000000000e+07 8.753119073803739339e-03
1.000000000000000000e+05 1.000000000000000000e+02 1.989436788648691845e+01
1.000000000000000000e+05 1.023531021899025859e+02 1.943699551927166880e+01
1.000000000000000000e+05 1.047615752789664043e+02 1.899013816230885254e+01
1.000000000000000000e+05 1.072267222010323167e+02 1.855355407506375087e+01
1.000000000000000000e+05 1.097498765493055686e+02 1.812700707462690985e+01
1.000000000000000000e+05 1.123324032978026565e+02 1.771026640794399754e+01
1.000000000000000000e+05 1.149756995397735579e+02 1.730310662698325785e+01
1.000000000000000000e+05 1.176811952434997863e+02 1.690530746677286089e+01
1.000000000000000000e+05 1.204503540258782408e+02 1.651665372624201567e+01
1.000000000000000000e+05 1.232846739442065882e+02 1.613693515180180782e+01
1.000000000000000000e+05 1.261856883066019748e+02 1.576594632360225745e+01
1.000000000000000000e+05 1.291549665014883885e+02 1.540348654440451170e+01
1.000000000000000000e+05 1.321941148466028721e+02 1.504935973100784530e+01
1.000000000000000000e+05 1.353047774579807481e+02 1.470337430817264845e+01
1.000000000000000000e+05 1.384886371393873219e+02 1.436534310498228884e+01
1.000000000000000000e+05 1.417474162926804695e+02 1.403508325358747477e+01
1.000000000000000000e+05 1.450828778495940128e+02 1.371241609027855901e+01
1.000000000000000000e+05 1.484968262254465117e+02 1.339716705883226844e+01
1.000000000000000000e+05 1.519911082952933157e+02 1.308916561608030804e+01
1.000000000000000000e+05 1.555676143930472222e+02 1.278824513964910281e+01
1.000000000000000000e+05 1.592282793341092315e+02 1.249424283782059852e+01
1.000000000000000000e+05 1.629750834620643332e+02 1.220699966146525917e+01
1.000000000000000000e+05 1.668100537200059250e+02 1.192636021799981982e+01
1.000000000000000000e+05 1.707352647470690385e+02 1.165217268732318878e+01
1.000000000000000000e+05 1.747528400007682876e+02 1.138428873968483401e+01
1.000000000000000000e+05 1.788649529057435075e+02 1.112256345544152403e+01
1.000000000000000000e+05 1.830738280295367701e+02 1.086685524665885083e+01
1.000000000000000000e+05 1.873817422860383033e+02 1.061702578051502854e+01
1.000000000000000000e+05 1.917910261672488730e+02 1.037293990446575620e+01
1.000000000000000000e+05 1.963040650040270521e+02 1.013446557312952123e+01
1.000000000000000000e+05 2.009233002565045751e+02 9.901473776853746855e+00
1.000000000000000000e+05 2.056512308348651459e+02 9.673838471923270177e+00
1.000000000000000000e+05 2.104904144512019855e+02 9.451436512373360799e+00
1.000000000000000000e+05 2.154434690031882269e+02 9.234147583370239332e+00
1.000000000000000000e+05 2.205130739903045480e+02 9.021854136123296897e+00
1.000000000000000000e+05 2.257019719633919124e+02 8.814441324293664337e+00
1.000000000000000000e+05 2.310129700083157900e+02 8.611796941864684030e+00
1.000000000000000000e+05 2.364489412645407072e+02 8.413811362440808850e+00
1.000000000000000000e+05 2.420128264794381039e+02 8.220377479942031940e+00
1.000000000000000000e+05 2.477076355991711409e+02 8.031390650661673902e+00
1.000000000000000000e+05 2.535364493970111539e+02 7.846748636656360354e+00
1.000000000000000000e+05 2.595024211399737055e+02 7.666351550437381590e+00
1.000000000000000000e+05 2.656087782946686957e+02 7.490101800933676834e+00
1.000000000000000000e+05 2.718588242732940330e+02 7.317904040697064794e+00
1.000000000000000000e+05 2.782559402207126027e+02 7.149665114321263282e+00
1.000000000000000000e+05 2.848035868435802058e+02 6.985294008046780689e+00
1.000000000000000000e+05 2.915053062825175516e+02 6.824701800524322515e+00
1.000000000000000000e+05 2.983647240283340238e+02 6.667801614710210600e+00
1.000000000000000000e+05 3.053855508833415797e+02 6.514508570867729276e+00
1.000000000000000000e+05 3.125715849688235153e+02 6.364739740648920119e+00
1.000000000000000000e+05 3.199267137797384635e+02 6.218414102232079799e+00
1.000000000000000000e+05 3.274549162877728463e+02 6.075452496490665766e+00
1.000000000000000000e+05 3.351602650938841066e+02 5.935777584169819932e+00
1.000000000000000000e+05 3.430469286314919373e+02 5.799313804047450560e+00
1.000000000000000000e+05 3.511191734215130964e+02 5.665987332057210502e+00
1.000000000000000000e+05 3.593813663804625662e+02 5.535726041351168192e+00
1.000000000000000000e+05 3.678379771828634262e+02 5.408459463280711255e+00
1.000000000000000000e+05 3.764935806792467474e+02 5.284118749274479221e+00
1.000000000000000000e+05 3.853528593710527161e+02 5.162636633592697422e+00
1.000000000000000000e+05 3.944206059437656222e+02 5.043947396937813465e+00
1.000000000000000000e+05 4.037017258596553688e+02 4.927986830901754267e+00
1.000000000000000000e+05 4.132012400115334572e+02 4.814692203230468870e+00
1.000000000000000000e+05 4.229242874389498752e+02 4.704002223887110645e+00
1.000000000000000000e+05 4.328761281083056929e+02 4.595857011895407851e+00
1.000000000000000000e+05 4.430621457583877714e+02 4.490198062945279567e+00
1.000000000000000000e+05 4.534878508128581984e+02 4.386968217743229204e+00
1.000000000000000000e+05 4.641588833612777307e+02 4.286111631090371965e+00
1.000000000000000000e+05 4.750810162102798131e+02 4.187573741671315020e+00
1.000000000000000000e+05 4.862601580065353346e+02 4.091301242537649152e+00
1.000000000000000000e+05 4.977023564332108663e+02 3.997242052269977641e+00
1.000000000000000000e+05 5.094138014816380178e+02 3.905345286802956117e+00
1.000000000000000000e+05 5.214008287999683944e+02 3.815561231898088490e+00
1.000000000000000000e+05 5.336699231206307559e+02 3.727841316249331349e+00
1.000000000000000000e+05 5.462277217684342077e+02 3.642138085207045517e+00
1.000000000000000000e+05 5.590810182512223037e+02 3.558405175106018614e+00
1.000000000000000000e+05 5.722367659350220492e+02 3.476597288183671086e+00
1.000000000000000000e+05 5.857020818056666940e+02 3.396670168074932938e+00
1.000000000000000000e+05 5.994842503189408944e+02 3.318580575870442750e+00
1.000000000000000000e+05 6.135907273413175744e+02 3.242286266725217914e+00
1.000000000000000000e+05 6.280291441834252737e+02 3.167745967005071162e+00
1.000000000000000000e+05 6.428073117284319551e+02 3.094919351958418829e+00
1.000000000000000000e+05 6.579332246575681893e+02 3.023767023901438922e+00
1.000000000000000000e+05 6.734150657750820983e+02 2.954250490904751558e+00
1.000000000000000000e+05 6.892612104349694846e+02 2.886332145970067486e+00
1.000000000000000000e+05 7.054802310718645231e+02 2.819975246685594961e+00
1.000000000000000000e+05 7.220809018385464242e+02 2.755143895349166261e+00
1.000000000000000000e+05 7.390722033525775032e+02 2.691803019548311138e+00
1.000000000000000000e+05 7.564633275546290179e+02 2.629918353186819768e+00
1.000000000000000000e+05 7.742636826811269657e+02 2.569456417947504789e+00
1.000000000000000000e+05 7.924828983539169940e+02 2.510384505181112225e+00
1.000000000000000000e+05 8.111308307896872520e+02 2.452670658211633992e+00
1.000000000000000000e+05 8.302175681319744172e+02 2.396283655048411898e+00
1.000000000000000000e+05 8.497534359086438371e+02 2.341192991495681497e+00
1.000000000000000000e+05 8.697490026177833897e+02 2.287368864650439981e+00
1.000000000000000000e+05 8.902150854450383122e+02 2.234782156779704376e+00
1.000000000000000000e+05 9.111627561154896284e+02 2.183404419568408361e+00
1.000000000000000000e+05 9.326033468832199560e+02 2.133207858729471162e+00
1.000000000000000000e+05 9.545484566618337112e+02 2.084165318967653224e+00
1.000000000000000000e+05 9.770099572992256753e+02 2.036250269289111348e+00
1.000000000000000000e+05 1.000000000000000000e+03 1.989436788648691667e+00
1.000000000000000000e+05 1.000000000000000000e+03 1.989436788648691667e+00
1.000000000000000000e+05 1.097498765493055544e+03 1.812700707462691074e+00
1.000000000000000000e+05 1.204503540258781186e+03 1.651665372624202988e+00
1.000000000000000000e+05 1.321941148466028608e+03 1.504935973100784752e+00
1.000000000000000000e+05 1.450828778495938650e+03 1.371241609027857189e+00
1.000000000000000000e+05 1.592282793341090610e+03 1.249424283782061051e+00
1.000000000000000000e+05 1.747528400007682876e+03 1.138428873968483357e+00
1.000000000000000000e+05 1.917910261672486740e+03 1.037293990446576553e+00
1.000000000000000000e+05 2.104904144512019684e+03 9.451436512373361243e-01
1.000000000000000000e+05 2.310129700083158241e+03 8.611796941864681143e-01
1.000000000000000000e+05 2.535364493970108924e+03 7.846748636656368792e-01
1.000000000000000000e+05 2.782559402207123185e+03 7.149665114321269721e-01
1.000000000000000000e+05 3.053855508833412387e+03 6.514508570867736381e-01
1.000000000000000000e+05 3.351602650938840725e+03 5.935777584169820154e-01
1.000000000000000000e+05 3.678379771828630510e+03 5.408459463280715918e-01
1.000000000000000000e+05 4.037017258596553802e+03 4.927986830901753823e-01
1.000000000000000000e+05 4.430621457583877600e+03 4.490198062945279789e-01
1.000000000000000000e+05 4.862601580065348571e+03 4.091301242537653815e-01
1.000000000000000000e+05 5.336699231206307559e+03 3.727841316249331793e-01
1.000000000000000000e+05 5.857020818056661483e+03 3.396670168074935603e-01
1.000000000000000000e+05 6.428073117284318869e+03 3.094919351958418940e-01
1.000000000000000000e+05 7.054802310718638182e+03 2.819975246685598180e-01
1.000000000000000000e+05 7.742636826811270112e+03 2.569456417947504345e-01
1.000000000000000000e+05 8.497534359086437689e+03 2.341192991495681663e-01
1.000000000000000000e+05 9.326033468832189101e+03 2.133207858729473383e-01
1.000000000000000000e+05 1.023531021899026928e+04 1.662926090092068931e-01
1.000000000000000000e+05 1.123324032978026480e+04 1.492925342246015918e-01
1.000000000000000000e+05 1.232846739442065882e+04 1.337196357923536583e-01
1.000000000000000000e+05 1.353047774579807628e+04 1.195085730912651273e-01
1.000000000000000000e+05 1.484968262254463480e+04 1.066052646360790696e-01
1.000000000000000000e+05 1.629750834620643400e+04 9.493232632733873688e-02
1.000000000000000000e+05 1.788649529057435211e+04 8.442103805215463164e-02
1.000000000000000000e+05 1.963040650040268520e+04 7.499893057512273253e-02
1.000000000000000000e+05 2.154434690031882201e+04 6.657360193781004798e-02
1.000000000000000000e+05 2.364489412645407356e+04 5.907205800748151214e-02
1.000000000000000000e+05 2.595024211399731939e+04 5.239776369341692802e-02
1.000000000000000000e+05 2.848035868435799057e+04 4.647300506663711722e-02
1.000000000000000000e+05 3.125715849688235176e+04 4.122451390591757442e-02
1.000000000000000000e+05 3.430469286314912461e+04 3.656393726377302894e-02
1.000000000000000000e+05 3.764935806792470976e+04 3.242937272017174660e-02
1.000000000000000000e+05 4.132012400115334458e+04 2.876752202418836335e-02
1.000000000000000000e+05 4.534878508128582325e+04 2.551038017088336565e-02
1.000000000000000000e+05 4.977023564332113892e+04 2.262871570440623883e-02
1.000000000000000000e+05 5.462277217684336938e+04 2.006922116140926610e-02
1.000000000000000000e+05 5.994842503189409035e+04 1.780992867955011674e-02
1.000000000000000000e+05 6.579332246575682075e+04 1.583610051641235958e-02
1.000000000000000000e+05 7.220809018385456875e+04 1.411138127129916639e-02
1.000000000000000000e+05 7.924828983539169712e+04 1.263940012447541637e-02
1.000000000000000000e+05 8.697490026177834079e+04 1.138985899434372638e-02
1.000000000000000000e+05 9.545484566618327517e+04 1.036234150863590484e-02
1.000000000000000000e+05 1.047615752789664111e+05 9.558275924753216468e-03
1.000000000000000000e+05 1.149756995397735591e+05 8.949653338211377429e-03
1.000000000000000000e+05 1.261856883066018490e+05 8.547958132794289052e-03
1.000000000000000000e+05 1.384886371393871668e+05 8.322712649262358625e-03
1.000000000000000000e+05 1.519911082952933211e+05 8.270995219100445855e-03
1.000000000000000000e+05 1.668100537200059043e+05 8.362445073746387070e-03
1.000000000000000000e+05 1.830738280295369623e+05 8.450168894058592006e-03
1.000000000000000000e+05 2.009233002565045899e+05 8.539789590629832255e-03
1.000000000000000000e+05 2.205130739903045760e+05 8.610151013308035145e-03
1.000000000000000000e+05 2.420128264794383431e+05 8.672510783495559691e-03
1.000000000000000000e+05 2.656087782946684165e+05 8.738339093665803761e-03
1.000000000000000000e+05 2.915053062825175584e+05 8.786222253033042218e-03
1.000000000000000000e+05 3.199267137797384639e+05 8.827620893486091969e-03
1.000000000000000000e+05 3.511191734215127653e+05 8.874033252824911969e-03
1.000000000000000000e+05 3.853528593710527639e+05 8.903917014121177226e-03
1.000000000000000000e+05 4.229242874389499193e+05 8.939757816440654231e-03
1.000000000000000000e+05 4.641588833612772287e+05 8.959955679829358088e-03
1.000000000000000000e+05 5.094138014816375216e+05 8.975960830052427675e-03
1.000000000000000000e+05 5.590810182512222091e+05 8.999106429575926686e-03
1.000000000000000000e+05 6.135907273413175717e+05 9.007648733621453560e-03
1.000000000000000000e+05 6.734150657750827959e+05 9.023947357094273466e-03
1.000000000000000000e+05 7.390722033525775187e+05 9.026339923730516968e-03
1.000000000000000000e+05 8.111308307896872284e+05 9.026217267097768823e-03
1.000000000000000000e+05 8.902150854450393235e+05 9.034728428003757986e-03
1.000000000000000000e+05 9.770099572992246831e+05 9.030268602435644054e-03
1.000000000000000000e+05 1.072267222010323079e+06 9.034797947826014516e-03
1.000000000000000000e+05 1.176811952434999170e+06 9.026872158974141164e-03
1.000000000000000000e+05 1.291549665014882805e+06 9.017538820309086572e-03
1.000000000000000000e+05 1.417474162926804740e+06 9.017540655535283278e-03
1.000000000000000000e+05 1.555676143930472201e+06 9.005789890672270467e-03
1.000000000000000000e+05 1.707352647470688680e+06 9.003534157134033752e-03
1.000000000000000000e+05 1.873817422860383056e+06 8.989909215663808781e-03
1.000000000000000000e+05 2.056512308348651510e+06 8.975568558832811364e-03
1.000000000000000000e+05 2.257019719633921515e+06 8.970832647609380817e-03
1.000000000000000000e+05 2.477076355991709046e+06 8.955260761585081067e-03
1.000000000000000000e+05 2.718588242732940242e+06 8.949326328785858417e-03
1.000000000000000000e+05 2.983647240283340216e+06 8.932856871461645337e-03
1.000000000000000000e+05 3.274549162877731491e+06 8.916091011220114368e-03
1.000000000000000000e+05 3.593813663804625627e+06 8.908913500673746461e-03
1.000000000000000000e+05 3.944206059437655844e+06 8.891616477034115090e-03
1.000000000000000000e+05 4.328761281083061360e+06 8.874178508118609615e-03
1.000000000000000000e+05 4.750810162102793343e+06 8.866246277454695873e-03
1.000000000000000000e+05 5.214008287999684922e+06 8.848544500619250769e-03
1.000000000000000000e+05 5.722367659350220114e+06 8.840282917410471897e-03
1.000000000000000000e+05 6.280291441834246740e+06 8.822451038946728039e-03
1.000000000000000000e+05 6.892612104349695146e+06 8.804637707241484701e-03
1.000000000000000000e+05 7.564633275546290912e+06 8.796113843423315065e-03
1.000000000000000000e+05 8.302175681319751777e+06 8.778310633166542740e-03
1.000000000000000000e+05 9.111627561154887080e+06 8.769695252704655039e-03
1.000000000000000000e+05 1.000000000000000000e+07 8.751959818745528100e-03
1.400000000000000000e+05 1.000000000000000000e+02 2.785211504108168512e+01
1.400000000000000000e+05 1.023531021899025859e+02 2.721179372698033561e+01
1.400000000000000000e+05 1.047615752789664043e+02 2.658619342723239498e+01
1.400000000000000000e+05 1.072267222010323167e+02 2.597497570508924625e+01
1.400000000000000000e+05 1.097498765493055686e+02 2.537780990447766882e+01
1.400000000000000000e+05 1.123324032978026565e+02 2.479437297112159655e+01
1.400000000000000000e+05 1.149756995397735579e+02 2.422434927777656100e+01
1.400000000000000000e+05 1.176811952434997863e+02 2.366743045348200525e+01
1.400000000000000000e+05 1.204503540258782408e+02 2.312331521673882051e+01
1.400000000000000000e+05 1.232846739442065882e+02 2.259170921252253095e+01
1.400000000000000000e+05 1.261856883066019748e+02 2.207232485304315972e+01
1.400000000000000000e+05 1.291549665014883885e+02 2.156488116216631923e+01
1.400000000000000000e+05 1.321941148466028721e+02 2.106910362341098519e+01
1.400000000000000000e+05 1.353047774579807481e+02 2.058472403144170926e+01
1.400000000000000000e+05 1.384886371393873219e+02 2.011148034697520259e+01
1.400000000000000000e+05 1.417474162926804695e+02 1.964911655502246290e+01
1.400000000000000000e+05 1.450828778495940128e+02 1.919738252638998333e+01
1.400000000000000000e+05 1.484968262254465117e+02 1.875603388236517688e+01
1.400000000000000000e+05 1.519911082952933157e+02 1.832483186251243268e+01
1.400000000000000000e+05 1.555676143930472222e+02 1.790354319550874251e+01
1.400000000000000000e+05 1.592282793341092315e+02 1.749193997294883474e+01
1.400000000000000000e+05 1.629750834620643332e+02 1.708979952605136532e+01
1.400000000000000000e+05 1.668100537200059250e+02 1.669690430519974811e+01
1.400000000000000000e+05 1.707352647470690385e+02 1.631304176225246394e+01
1.400000000000000000e+05 1.747528400007682876e+02 1.593800423555876655e+01
1.400000000000000000e+05 1.788649529057435075e+02 1.557158883761813328e+01
1.400000000000000000e+05 1.830738280295367701e+02 1.521359734532239116e+01
1.400000000000000000e+05 1.873817422860383033e+02 1.486383609272104067e+01
1.400000000000000000e+05 1.917910261672488730e+02 1.452211586625205797e+01
1.400000000000000000e+05 1.963040650040270521e+02 1.418825180238132866e+01
1.400000000000000000e+05 2.009233002565045751e+02 1.386206328759524631e+01
1.400000000000000000e+05 2.056512308348651459e+02 1.354337386069257931e+01
1.400000000000000000e+05 2.104904144512019855e+02 1.323201111732270618e+01
1.400000000000000000e+05 2.154434690031882269e+02 1.292780661671833720e+01
1.400000000000000000e+05 2.205130739903045480e+02 1.263059579057261672e+01
1.400000000000000000e+05 2.257019719633919124e+02 1.234021785401112936e+01
1.400000000000000000e+05 2.310129700083157900e+02 1.205651571861055693e+01
1.400000000000000000e+05 2.364489412645407072e+02 1.177933590741713132e+01
1.400000000000000000e+05 2.420128264794381039e+02 1.150852847191884365e+01
1.400000000000000000e+05 2.477076355991711409e+02 1.124394691092634169e+01
1.400000000000000000e+05 2.535364493970111539e+02 1.098544809131890609e+01
1.400000000000000000e+05 2.595024211399737055e+02 1.073289217061233458e+01
1.400000000000000000e+05 2.656087782946686957e+02 1.048614252130714775e+01
1.400000000000000000e+05 2.718588242732940330e+02 1.024506565697589089e+01
1.400000000000000000e+05 2.782559402207126027e+02 1.000953116004976806e+01
1.400000000000000000e+05 2.848035868435802058e+02 9.779411611265492965e+00
1.400000000000000000e+05 2.915053062825175516e+02 9.554582520734053119e+00
1.400000000000000000e+05 2.983647240283340238e+02 9.334922260594295196e+00
1.400000000000000000e+05 3.053855508833415797e+02 9.120311999214822052e+00
1.400000000000000000e+05 3.125715849688235153e+02 8.910635636908489587e+00
1.400000000000000000e+05 3.199267137797384635e+02 8.705779743124910652e+00
1.400000000000000000e+05 3.274549162877728463e+02 8.505633495086932783e+00
1.400000000000000000e+05 3.351602650938841066e+02 8.310088617837747549e+00
1.400000000000000000e+05 3.430469286314919373e+02 8.119039325666431495e+00
1.400000000000000000e+05 3.511191734215130964e+02 7.932382264880094347e+00
1.400000000000000000e+05 3.593813663804625662e+02 7.750016457891635291e+00
1.400000000000000000e+05 3.678379771828634262e+02 7.571843248592994513e+00
1.400000000000000000e+05 3.764935806792467474e+02 7.397766248984272153e+00
1.400000000000000000e+05 3.853528593710527161e+02 7.227691287029776923e+00
1.400000000000000000e+05 3.944206059437656222e+02 7.061526355712939740e+00
1.400000000000000000e+05 4.037017258596553688e+02 6.899181563262455796e+00
1.400000000000000000e+05 4.132012400115334572e+02 6.740569084522657128e+00
1.400000000000000000e+05 4.229242874389498752e+02 6.585603113441955259e+00
1.400000000000000000e+05 4.328761281083056929e+02 6.434199816653570991e+00
1.400000000000000000e+05 4.430621457583877714e+02 6.286277288123391038e+00
1.400000000000000000e+05 4.534878508128581984e+02 6.141755504840519464e+00
1.400000000000000000e+05 4.641588833612777307e+02 6.000556283526520929e+00
1.400000000000000000e+05 4.750810162102798131e+02 5.862603238339839429e+00
1.400000000000000000e+05 4.862601580065353346e+02 5.727821739552708458e+00
1.400000000000000000e+05 4.977023564332108663e+02 5.596138873177968875e+00
1.400000000000000000e+05 5.094138014816380178e+02 5.467483401524138031e+00
1.400000000000000000e+05 5.214008287999683944e+02 5.341785724657324153e+00
1.400000000000000000e+05 5.336699231206307559e+02 5.218977842749064067e+00
1.400000000000000000e+05 5.462277217684342077e+02 5.098993319289863990e+00
1.400000000000000000e+05 5.590810182512223037e+02 4.981767245148425616e+00
1.400000000000000000e+05 5.722367659350220492e+02 4.867236203457139254e+00
1.400000000000000000e+05 5.857020818056666940e+02 4.755338235304905403e+00
1.400000000000000000e+05 5.994842503189408944e+02 4.646012806218620561e+00
1.400000000000000000e+05 6.135907273413175744e+02 4.539200773415305257e+00
1.400000000000000000e+05 6.280291441834252737e+02 4.434844353807099182e+00
1.400000000000000000e+05 6.428073117284319551e+02 4.332887092741786184e+00
1.400000000000000000e+05 6.579332246575681893e+02 4.233273833462014579e+00
1.400000000000000000e+05 6.734150657750820983e+02 4.135950687266651826e+00
1.400000000000000000e+05 6.892612104349694846e+02 4.040865004358094481e+00
1.400000000000000000e+05 7.054802310718645231e+02 3.947965345359832678e+00
1.400000000000000000e+05 7.220809018385464242e+02 3.857201453488833032e+00
1.400000000000000000e+05 7.390722033525775032e+02 3.768524227367636037e+00
1.400000000000000000e+05 7.564633275546290179e+02 3.681885694461547676e+00
1.400000000000000000e+05 7.742636826811269657e+02 3.597238985126506527e+00
1.400000000000000000e+05 7.924828983539169940e+02 3.514538307253557203e+00
1.400000000000000000e+05 8.111308307896872520e+02 3.433738921496287233e+00
1.400000000000000000e+05 8.302175681319744172e+02 3.354797117067776835e+00
1.400000000000000000e+05 8.497534359086438371e+02 3.277670188093954273e+00
1.400000000000000000e+05 8.697490026177833897e+02 3.202316410510616329e+00
1.400000000000000000e+05 8.902150854450383122e+02 3.128695019491586127e+00
1.400000000000000000e+05 9.111627561154896284e+02 3.056766187395771439e+00
1.400000000000000000e+05 9.326033468832199560e+02 2.986491002221259183e+00
1.400000000000000000e+05 9.545484566618337112e+02 2.917831446554714603e+00
1.400000000000000000e+05 9.770099572992256753e+02 2.850750377004756420e+00
1.400000000000000000e+05 1.000000000000000000e+03 2.785211504108168423e+00
1.400000000000000000e+05 1.000000000000000000e+03 2.785211504108168423e+00
1.400000000000000000e+05 1.097498765493055544e+03 2.537780990447767504e+00
1.400000000000000000e+05 1.204503540258781186e+03 2.312331521673884449e+00
1.400000000000000000e+05 1.321941148466028608e+03 2.106910362341098519e+00
1.400000000000000000e+05 1.450828778495938650e+03 1.919738252639000109e+00
1.400000000000000000e+05 1.592282793341090610e+03 1.749193997294885561e+00
1.400000000000000000e+05 1.747528400007682876e+03 1.593800423555876700e+00
1.400000000000000000e+05 1.917910261672486740e+03 1.452211586625207218e+00
1.400000000000000000e+05 2.104904144512019684e+03 1.323201111732270618e+00
1.400000000000000000e+05 2.310129700083158241e+03 1.205651571861055649e+00
1.400000000000000000e+05 2.535364493970108924e+03 1.098544809131891675e+00
1.400000000000000000e+05 2.782559402207123185e+03 1.000953116004977828e+00
1.400000000000000000e+05 3.053855508833412387e+03 9.120311999214830712e-01
1.400000000000000000e+05 3.351602650938840725e+03 8.310088617837748659e-01
1.400000000000000000e+05 3.678379771828630510e+03 7.571843248593002063e-01
1.400000000000000000e+05 4.037017258596553802e+03 6.899181563262455352e-01
1.400000000000000000e+05 4.430621457583877600e+03 6.286277288123390816e-01
1.400000000000000000e+05 4.862601580065348571e+03 5.727821739552714231e-01
1.400000000000000000e+05 5.336699231206307559e+03 5.218977842749064067e-01
1.400000000000000000e+05 5.857020818056661483e+03 4.755338235304910066e-01
1.400000000000000000e+05 6.428073117284318869e+03 4.332887092741786739e-01
1.400000000000000000e+05 7.054802310718638182e+03 3.947965345359836786e-01
1.400000000000000000e+05 7.742636826811270112e+03 3.597238985126505750e-01
1.400000000000000000e+05 8.497534359086437689e+03 3.277670188093954606e-01
1.400000000000000000e+05 9.326033468832189101e+03 2.986491002221263180e-01
1.400000000000000000e+05 1.023531021899026928e+04 2.721179372698031007e-01
1.400000000000000000e+05 1.123324032978026480e+04 2.479437297112159488e-01
1.400000000000000000e+05 1.232846739442065882e+04 2.259170921252253161e-01
1.400000000000000000e+05 1.353047774579807628e+04 2.058472403144170626e-01
1.400000000000000000e+05 1.484968262254463480e+04 1.595840423127574959e-01
1.400000000000000000e+05 1.629750834620643400e+04 1.431347325664123760e-01
1.400000000000000000e+05 1.788649529057435211e+04 1.280872092319584044e-01
1.400000000000000000e+05 1.963040650040268520e+04 1.143865174210382668e-01
1.400000000000000000e+05 2.154434690031882201e+04 1.019590658998405092e-01
1.400000000000000000e+05 2.364489412645407356e+04 9.074383940054844833e-02
1.400000000000000000e+05 2.595024211399731939e+04 8.065620516851763899e-02
1.400000000000000000e+05 2.848035868435799057e+04 7.162131102819535577e-02
1.400000000000000000e+05 3.125715849688235176e+04 6.356191053942845948e-02
1.400000000000000000e+05 3.430469286314912461e+04 5.638234674419125014e-02
1.400000000000000000e+05 3.764935806792470976e+04 5.000347690256708860e-02
1.400000000000000000e+05 4.132012400115334458e+04 4.434935085731661619e-02
1.400000000000000000e+05 4.534878508128582325e+04 3.932906882159751399e-02
1.400000000000000000e+05 4.977023564332113892e+04 3.488316994548792266e-02
1.400000000000000000e+05 5.462277217684336938e+04 3.093224315645000735e-02
1.400000000000000000e+05 5.994842503189409035e+04 2.742511534859306752e-02
1.400000000000000000e+05 6.579332246575682075e+04 2.431980276179323414e-02
1.400000000000000000e+05 7.220809018385456875e+04 2.155913243148566485e-02
1.400000000000000000e+05 7.924828983539169712e+04 1.912475153882830722e-02
1.400000000000000000e+05 8.697490026177834079e+04 1.697278430522348308e-02
1.400000000000000000e+05 9.545484566618327517e+04 1.508968808751858307e-02
1.400000000000000000e+05 1.047615752789664111e+05 1.346754717115976850e-02
1.400000000000000000e+05 1.149756995397735591e+05 1.207524351455133670e-02
1.400000000000000000e+05 1.261856883066018490e+05 1.092021797147625477e-02
1.400000000000000000e+05 1.384886371393871668e+05 9.974711573084979466e-03
1.400000000000000000e+05 1.519911082952933211e+05 9.239622332651482167e-03
1.400000000000000000e+05 1.668100537200059043e+05 8.716504487605086435e-03
1.400000000000000000e+05 1.830738280295369623e+05 8.376693441180700639e-03
1.400000000000000000e+05 2.009233002565045899e+05 8.229199105922426621e-03
1.400000000000000000e+05 2.205130739903045760e+05 8.238903426095005311e-03
1.400000000000000000e+05 2.420128264794383431e+05 8.331532556963283653e-03
1.400000000000000000e+05 2.656087782946684165e+05 8.425866001226188159e-03
1.400000000000000000e+05 2.915053062825175584e+05 8.501131154247663566e-03
1.400000000000000000e+05 3.199267137797384639e+05 8.568172847208383944e-03
1.400000000000000000e+05 3.511191734215127653e+05 8.638060979172235837e-03
1.400000000000000000e+05 3.853528593710527639e+05 8.690139099249578544e-03
1.400000000000000000e+05 4.229242874389499193e+05 8.746127119585710499e-03
1.400000000000000000e+05 4.641588833612772287e+05 8.785219089233322481e-03
1.400000000000000000e+05 5.094138014816375216e+05 8.818552654532787680e-03
1.400000000000000000e+05 5.590810182512222091e+05 8.857277317714955245e-03
1.400000000000000000e+05 6.135907273413175717e+05 8.880314658798675598e-03
1.400000000000000000e+05 6.734150657750827959e+05 8.909587893252824201e-03
1.400000000000000000e+05 7.390722033525775187e+05 8.924001646516441927e-03
1.400000000000000000e+05 8.111308307896872284e+05 8.934777723854460396e-03
1.400000000000000000e+05 8.902150854450393235e+05 8.952982946372705850e-03
1.400000000000000000e+05 9.770099572992246831e+05 8.957456614860238170e-03
1.400000000000000000e+05 1.072267222010323079e+06 8.969913304245437369e-03
1.400000000000000000e+05 1.176811952434999170e+06 8.969268326033815256e-03
1.400000000000000000e+05 1.291549665014882805e+06 8.966486527382550031e-03
1.400000000000000000e+05 1.417474162926804740e+06 8.972285627652494197e-03
1.400000000000000000e+05 1.555676143930472201e+06 8.965828667371861238e-03
1.400000000000000000e+05 1.707352647470688680e+06 8.968248672763972848e-03
1.400000000000000000e+05 1.873817422860383056e+06 8.958874140305401329e-03
1.400000000000000000e+05 2.056512308348651510e+06 8.948327655613109652e-03
1.400000000000000000e+05 2.257019719633921515e+06 8.946932442083794373e-03
1.400000000000000000e+05 2.477076355991709046e+06 8.934373608232385258e-03
1.400000000000000000e+05 2.718588242732940242e+06 8.931085338845883709e-03
1.400000000000000000e+05 2.983647240283340216e+06 8.916988677390075280e-03
1.400000000000000000e+05 3.274549162877731491e+06 8.902319277651560281e-03
1.400000000000000000e+05 3.593813663804625627e+06 8.896974454256325465e-03
1.400000000000000000e+05 3.944206059437655844e+06 8.881305451283948507e-03
1.400000000000000000e+05 4.328761281083061360e+06 8.865295475664650496e-03
1.400000000000000000e+05 4.750810162102793343e+06 8.858604340860658233e-03
1.400000000000000000e+05 5.214008287999684922e+06 8.841994164714189058e-03
1.400000000000000000e+05 5.722367659350220114e+06 8.834677019828710703e-03
1.400000000000000000e+05 6.280291441834246740e+06 8.817670092497885762e-03
1.400000000000000000e+05 6.892612104349695146e+06 8.800570275625510877e-03
1.400000000000000000e+05 7.564633275546290912e+06 8.792658987828366052e-03
1.400000000000000000e+05 8.302175681319751777e+06 8.775385284327717750e-03
1.400000000000000000e+05 9.111627561154887080e+06 8.767221966050228049e-03
1.400000000000000000e+05 1.000000000000000000e+07 8.749874627960804382e-03
2.000000000000000000e+05 1.000000000000000000e+02 3.978873577297383690e+01
2.000000000000000000e+05 1.023531021899025859e+02 3.887399103854333760e+01
2.000000000000000000e+05 1.047615752789664043e+02 3.798027632461770509e+01
2.000000000000000000e+05 1.072267222010323167e+02 3.710710815012750174e+01
2.000000000000000000e+05 1.097498765493055686e+02 3.625401414925381971e+01
2.000000000000000000e+05 1.123324032978026565e+02 3.542053281588799507e+01
2.000000000000000000e+05 1.149756995397735579e+02 3.460621325396651571e+01
2.000000000000000000e+05 1.176811952434997863e+02 3.381061493354572178e+01
2.000000000000000000e+05 1.204503540258782408e+02 3.303330745248403133e+01
2.000000000000000000e+05 1.232846739442065882e+02 3.227387030360361564e+01
2.000000000000000000e+05 1.261856883066019748e+02 3.153189264720451490e+01
2.000000000000000000e+05 1.291549665014883885e+02 3.080697308880902341e+01
2.000000000000000000e+05 1.321941148466028721e+02 3.009871946201569060e+01
2.000000000000000000e+05 1.353047774579807481e+02 2.940674861634529691e+01
2.000000000000000000e+05 1.384886371393873219e+02 2.873068620996457767e+01
2.000000000000000000e+05 1.417474162926804695e+02 2.807016650717494954e+01
2.000000000000000000e+05 1.450828778495940128e+02 2.742483218055711802e+01
2.000000000000000000e+05 1.484968262254465117e+02 2.679433411766453688e+01
2.000000000000000000e+05 1.519911082952933157e+02 2.617833123216061608e+01
2.000000000000000000e+05 1.555676143930472222e+02 2.557649027929820562e+01
2.000000000000000000e+05 1.592282793341092315e+02 2.498848567564119705e+01
2.000000000000000000e+05 1.629750834620643332e+02 2.441399932293051833e+01
2.000000000000000000e+05 1.668100537200059250e+02 2.385272043599963965e+01
2.000000000000000000e+05 1.707352647470690385e+02 2.330434537464637756e+01
2.000000000000000000e+05 1.747528400007682876e+02 2.276857747936966803e+01
2.000000000000000000e+05 1.788649529057435075e+02 2.224512691088304805e+01
2.000000000000000000e+05 1.830738280295367701e+02 2.173371049331770166e+01
2.000000000000000000e+05 1.873817422860383033e+02 2.123405156103005709e+01
2.000000000000000000e+05 1.917910261672488730e+02 2.074587980893151240e+01
2.000000000000000000e+05 1.963040650040270521e+02 2.026893114625904246e+01
2.000000000000000000e+05 2.009233002565045751e+02 1.980294755370749371e+01
2.000000000000000000e+05 2.056512308348651459e+02 1.934767694384654035e+01
2.000000000000000000e+05 2.104904144512019855e+02 1.890287302474672160e+01
2.000000000000000000e+05 2.154434690031882269e+02 1.846829516674047866e+01
2.000000000000000000e+05 2.205130739903045480e+02 1.804370827224659379e+01
2.000000000000000000e+05 2.257019719633919124e+02 1.762888264858732867e+01
2.000000000000000000e+05 2.310129700083157900e+02 1.722359388372936806e+01
2.000000000000000000e+05 2.364489412645407072e+02 1.682762272488161770e+01
2.000000000000000000e+05 2.420128264794381039e+02 1.644075495988406388e+01
2.000000000000000000e+05 2.477076355991711409e+02 1.606278130132334780e+01
2.000000000000000000e+05 2.535364493970111539e+02 1.569349727331272071e+01
2.000000000000000000e+05 2.595024211399737055e+02 1.533270310087476318e+01
2.000000000000000000e+05 2.656087782946686957e+02 1.498020360186735367e+01
2.000000000000000000e+05 2.718588242732940330e+02 1.463580808139412959e+01
2.000000000000000000e+05 2.782559402207126027e+02 1.429933022864252656e+01
2.000000000000000000e+05 2.848035868435802058e+02 1.397058801609356138e+01
2.000000000000000000e+05 2.915053062825175516e+02 1.364940360104864503e+01
2.000000000000000000e+05 2.983647240283340238e+02 1.333560322942042120e+01
2.000000000000000000e+05 3.053855508833415797e+02 1.302901714173545855e+01
2.000000000000000000e+05 3.125715849688235153e+02 1.272947948129784024e+01
2.000000000000000000e+05 3.199267137797384635e+02 1.243682820446415960e+01
2.000000000000000000e+05 3.274549162877728463e+02 1.215090499298133153e+01
2.000000000000000000e+05 3.351602650938841066e+02 1.187155516833963986e+01
2.000000000000000000e+05 3.430469286314919373e+02 1.159862760809490112e+01
2.000000000000000000e+05 3.511191734215130964e+02 1.133197466411442100e+01
2.000000000000000000e+05 3.593813663804625662e+02 1.107145208270233638e+01
2.000000000000000000e+05 3.678379771828634262e+02 1.081691892656142251e+01
2.000000000000000000e+05 3.764935806792467474e+02 1.056823749854895844e+01
2.000000000000000000e+05 3.853528593710527161e+02 1.032527326718539484e+01
2.000000000000000000e+05 3.944206059437656222e+02 1.008789479387562693e+01
2.000000000000000000e+05 4.037017258596553688e+02 9.855973661803508534e+00
2.000000000000000000e+05 4.132012400115334572e+02 9.629384406460937740e+00
2.000000000000000000e+05 4.229242874389498752e+02 9.408004447774221291e+00
2.000000000000000000e+05 4.328761281083056929e+02 9.191714023790815702e+00
2.000000000000000000e+05 4.430621457583877714e+02 8.980396125890559134e+00
2.000000000000000000e+05 4.534878508128581984e+02 8.773936435486458407e+00
2.000000000000000000e+05 4.641588833612777307e+02 8.572223262180743930e+00
2.000000000000000000e+05 4.750810162102798131e+02 8.375147483342630039e+00
2.000000000000000000e+05 4.862601580065353346e+02 8.182602485075298304e+00
2.000000000000000000e+05 4.977023564332108663e+02 7.994484104539955283e+00
2.000000000000000000e+05 5.094138014816380178e+02 7.810690573605912235e+00
2.000000000000000000e+05 5.214008287999683944e+02 7.631122463796176980e+00
2.000000000000000000e+05 5.336699231206307559e+02 7.455682632498662699e+00
2.000000000000000000e+05 5.462277217684342077e+02 7.284276170414091034e+00
2.000000000000000000e+05 5.590810182512223037e+02 7.116810350212037228e+00
2.000000000000000000e+05 5.722367659350220492e+02 6.953194576367342172e+00
2.000000000000000000e+05 5.857020818056666940e+02 6.793340336149865877e+00
2.000000000000000000e+05 5.994842503189408944e+02 6.637161151740885501e+00
2.000000000000000000e+05 6.135907273413175744e+02 6.484572533450435827e+00
2.000000000000000000e+05 6.280291441834252737e+02 6.335491934010142323e+00
2.000000000000000000e+05 6.428073117284319551e+02 6.189838703916837659e+00
2.000000000000000000e+05 6.579332246575681893e+02 6.047534047802877843e+00
2.000000000000000000e+05 6.734150657750820983e+02 5.908500981809503116e+00
2.000000000000000000e+05 6.892612104349694846e+02 5.772664291940134973e+00
2.000000000000000000e+05 7.054802310718645231e+02 5.639950493371189921e+00
2.000000000000000000e+05 7.220809018385464242e+02 5.510287790698332522e+00
2.000000000000000000e+05 7.390722033525775032e+02 5.383606039096622276e+00
2.000000000000000000e+05 7.564633275546290179e+02 5.259836706373639537e+00
2.000000000000000000e+05 7.742636826811269657e+02 5.138912835895009579e+00
2.000000000000000000e+05 7.924828983539169940e+02 5.020769010362224449e+00
2.000000000000000000e+05 8.111308307896872520e+02 4.905341316423267983e+00
2.000000000000000000e+05 8.302175681319744172e+02 4.792567310096823796e+00
2.000000000000000000e+05 8.497534359086438371e+02 4.682385982991362994e+00
2.000000000000000000e+05 8.697490026177833897e+02 4.574737729300879963e+00
2.000000000000000000e+05 8.902150854450383122e+02 4.469564313559408752e+00
2.000000000000000000e+05 9.111627561154896284e+02 4.366808839136816722e+00
2.000000000000000000e+05 9.326033468832199560e+02 4.266415717458942325e+00
2.000000000000000000e+05 9.545484566618337112e+02 4.168330637935306449e+00
2.000000000000000000e+05 9.770099572992256753e+02 4.072500538578222695e+00
2.000000000000000000e+05 1.000000000000000000e+03 3.978873577297383335e+00
2.000000000000000000e+05 1.000000000000000000e+03 3.978873577297383335e+00
2.000000000000000000e+05 1.097498765493055544e+03 3.625401414925382149e+00
2.000000000000000000e+05 1.204503540258781186e+03 3.303330745248405975e+00
2.000000000000000000e+05 1.321941148466028608e+03 3.009871946201569504e+00
2.000000000000000000e+05 1.450828778495938650e+03 2.742483218055714378e+00
2.000000000000000000e+05 1.592282793341090610e+03 2.498848567564122103e+00
2.000000000000000000e+05 1.747528400007682876e+03 2.276857747936966714e+00
2.000000000000000000e+05 1.917910261672486740e+03 2.074587980893153105e+00
2.000000000000000000e+05 2.104904144512019684e+03 1.890287302474672249e+00
2.000000000000000000e+05 2.310129700083158241e+03 1.722359388372936229e+00
2.000000000000000000e+05 2.535364493970108924e+03 1.569349727331273758e+00
2.000000000000000000e+05 2.782559402207123185e+03 1.429933022864253944e+00
2.000000000000000000e+05 3.053855508833412387e+03 1.302901714173547276e+00
2.000000000000000000e+05 3.351602650938840725e+03 1.187155516833964031e+00
2.000000000000000000e+05 3.678379771828630510e+03 1.081691892656143184e+00
2.000000000000000000e+05 4.037017258596553802e+03 9.855973661803507646e-01
2.000000000000000000e+05 4.430621457583877600e+03 8.980396125890559578e-01
2.000000000000000000e+05 4.862601580065348571e+03 8.182602485075307630e-01
2.000000000000000000e+05 5.336699231206307559e+03 7.455682632498663587e-01
2.000000000000000000e+05 5.857020818056661483e+03 6.793340336149871206e-01
2.000000000000000000e+05 6.428073117284318869e+03 6.189838703916837881e-01
2.000000000000000000e+05 7.054802310718638182e+03 5.639950493371196361e-01
2.000000000000000000e+05 7.742636826811270112e+03 5.138912835895008691e-01
2.000000000000000000e+05 8.497534359086437689e+03 4.682385982991363327e-01
2.000000000000000000e+05 9.326033468832189101e+03 4.266415717458946766e-01
2.000000000000000000e+05 1.023531021899026928e+04 3.887399103854329852e-01
2.000000000000000000e+05 1.123324032978026480e+04 3.542053281588800062e-01
2.000000000000000000e+05 1.232846739442065882e+04 3.227387030360361342e-01
2.000000000000000000e+05 1.353047774579807628e+04 2.940674861634529069e-01
2.000000000000000000e+05 1.484968262254463480e+04 2.679433411766456996e-01
2.000000000000000000e+05 1.629750834620643400e+04 2.441399932293051855e-01
2.000000000000000000e+05 1.788649529057435211e+04 2.224512691088304517e-01
2.000000000000000000e+05 1.963040650040268520e+04 2.026893114625906434e-01
2.000000000000000000e+05 2.154434690031882201e+04 1.567258004361175849e-01
2.000000000000000000e+05 2.364489412645407356e+04 1.405159829120668502e-01
2.000000000000000000e+05 2.595024211399731939e+04 1.256947238148215795e-01
2.000000000000000000e+05 2.848035868435799057e+04 1.122053956972988570e-01
2.000000000000000000e+05 3.125715849688235176e+04 9.998670833714931594e-02
2.000000000000000000e+05 3.430469286314912461e+04 8.895884470119641563e-02
2.000000000000000000e+05 3.764935806792470976e+04 7.905025599204927589e-02
2.000000000000000000e+05 4.132012400115334458e+04 7.018600661191409795e-02
2.000000000000000000e+05 4.534878508128582325e+04 6.227260058128281789e-02
2.000000000000000000e+05 4.977023564332113892e+04 5.523600373049487172e-02
2.000000000000000000e+05 5.462277217684336938e+04 4.898066453128788189e-02
2.000000000000000000e+05 5.994842503189409035e+04 4.343026808470597244e-02
2.000000000000000000e+05 6.579332246575682075e+04 3.851391233958068039e-02
2.000000000000000000e+05 7.220809018385456875e+04 3.414724799897869006e-02
2.000000000000000000e+05 7.924828983539169712e+04 3.027924015376012162e-02
2.000000000000000000e+05 8.697490026177834079e+04 2.683940614649173509e-02
2.000000000000000000e+05 9.545484566618327517e+04 2.378612378873655106e-02
2.000000000000000000e+05 1.047615752789664111e+05 2.108674906729073387e-02
2.000000000000000000e+05 1.149756995397735591e+05 1.869278003779551930e-02
2.000000000000000000e+05 1.261856883066018490e+05 1.659374072594096278e-02
2.000000000000000000e+05 1.384886371393871668e+05 1.475243588355762414e-02
2.000000000000000000e+05 1.519911082952933211e+05 1.316073552410619400e-02
2.000000000000000000e+05 1.668100537200059043e+05 1.181471829559901064e-02
2.000000000000000000e+05 1.830738280295369623e+05 1.068624501355852803e-02
2.000000000000000000e+05 2.009233002565045899e+05 9.784502894039858248e-03
2.000000000000000000e+05 2.205130739903045760e+05 9.082718795617483395e-03
2.000000000000000000e+05 2.420128264794383431e+05 8.581739805543543015e-03
2.000000000000000000e+05 2.656087782946684165e+05 8.282057647408976042e-03
2.000000000000000000e+05 2.915053062825175584e+05 8.152844166982919916e-03
2.000000000000000000e+05 3.199267137797384639e+05 8.187248991969231851e-03
2.000000000000000000e+05 3.511191734215127653e+05 8.288297097763805757e-03
2.000000000000000000e+05 3.853528593710527639e+05 8.370425714259006889e-03
2.000000000000000000e+05 4.229242874389499193e+05 8.454178450919384857e-03
2.000000000000000000e+05 4.641588833612772287e+05 8.519727839714901288e-03
2.000000000000000000e+05 5.094138014816375216e+05 8.577678915811797963e-03
2.000000000000000000e+05 5.590810182512222091e+05 8.638823940772236490e-03
2.000000000000000000e+05 6.135907273413175717e+05 8.682946822089155844e-03
2.000000000000000000e+05 6.734150657750827959e+05 8.731283223121819037e-03
2.000000000000000000e+05 7.390722033525775187e+05 8.763504292744143248e-03
2.000000000000000000e+05 8.111308307896872284e+05 8.790551196103222817e-03
2.000000000000000000e+05 8.902150854450393235e+05 8.823328709456814550e-03
2.000000000000000000e+05 9.770099572992246831e+05 8.841310495429827165e-03
2.000000000000000000e+05 1.072267222010323079e+06 8.865815958599353522e-03
2.000000000000000000e+05 1.176811952434999170e+06 8.876297128194826289e-03
2.000000000000000000e+05 1.291549665014882805e+06 8.883577813747775900e-03
2.000000000000000000e+05 1.417474162926804740e+06 8.898314326766196616e-03
2.000000000000000000e+05 1.555676143930472201e+06 8.900068849464955537e-03
2.000000000000000000e+05 1.707352647470688680e+06 8.909767624053290674e-03
2.000000000000000000e+05 1.873817422860383056e+06 8.907057988050791700e-03
2.000000000000000000e+05 2.056512308348651510e+06 8.902496908261938943e-03
2.000000000000000000e+05 2.257019719633921515e+06 8.906393669857071149e-03
2.000000000000000000e+05 2.477076355991709046e+06 8.898651741066670312e-03
2.000000000000000000e+05 2.718588242732940242e+06 8.899614657727717912e-03
2.000000000000000000e+05 2.983647240283340216e+06 8.889369592312190010e-03
2.000000000000000000e+05 3.274549162877731491e+06 8.878131281760234111e-03
2.000000000000000000e+05 3.593813663804625627e+06 8.875804796031564609e-03
2.000000000000000000e+05 3.944206059437655844e+06 8.862848591271019552e-03
2.000000000000000000e+05 4.328761281083061360e+06 8.849240780349890145e-03
2.000000000000000000e+05 4.750810162102793343e+06 8.844653854835611215e-03
2.000000000000000000e+05 5.214008287999684922e+06 8.829917988225462894e-03
2.000000000000000000e+05 5.722367659350220114e+06 8.824236911404161401e-03
2.000000000000000000e+05 6.280291441834246740e+06 8.808677909363588771e-03
2.000000000000000000e+05 6.892612104349695146e+06 8.792844671800264036e-03
2.000000000000000000e+05 7.564633275546290912e+06 8.786031993623646605e-03
2.000000000000000000e+05 8.302175681319751777e+06 8.769720772848200313e-03
2.000000000000000000e+05 9.111627561154887080e+06 8.762388165033387424e-03
2.000000000000000000e+05 1.000000000000000000e+07 8.745763541027677668e-03
3.000000000000000000e+05 1.000000000000000000e+02 5.968310365946075535e+01
3.000000000000000000e+05 1.023531021899025859e+02 5.831098655781500639e+01
3.000000000000000000e+05 1.047615752789664043e+02 5.697041448692656473e+01
3.000000000000000000e+05 1.072267222010323167e+02 5.566066222519124551e+01
3.000000000000000000e+05 1.097498765493055686e+02 5.438102122388072246e+01
3.000000000000000000e+05 1.123324032978026565e+02 5.313079922383198550e+01
3.000000000000000000e+05 1.149756995397735579e+02 5.190931988094978067e+01
3.000000000000000000e+05 1.176811952434997863e+02 5.071592240031858267e+01
3.000000000000000000e+05 1.204503540258782408e+02 4.954996117872605055e+01
3.000000000000000000e+05 1.232846739442065882e+02 4.841080545540543056e+01
3.000000000000000000e+05 1.261856883066019748e+02 4.729783897080677235e+01
3.000000000000000000e+05 1.291549665014883885e+02 4.621045963321353156e+01
3.000000000000000000e+05 1.321941148466028721e+02 4.514807919302354122e+01
3.000000000000000000e+05 1.353047774579807481e+02 4.411012292451794536e+01
3.000000000000000000e+05 1.384886371393873219e+02 4.309602931494686828e+01
3.000000000000000000e+05 1.417474162926804695e+02 4.210524976076241899e+01
3.000000000000000000e+05 1.450828778495940128e+02 4.113724827083568414e+01
3.000000000000000000e+05 1.484968262254465117e+02 4.019150117649680709e+01
3.000000000000000000e+05 1.519911082952933157e+02 3.926749684824092412e+01
3.000000000000000000e+05 1.555676143930472222e+02 3.836473541894730488e+01
3.000000000000000000e+05 1.592282793341092315e+02 3.748272851346179380e+01
3.000000000000000000e+05 1.629750834620643332e+02 3.662099898439577572e+01
3.000000000000000000e+05 1.668100537200059250e+02 3.577908065399946480e+01
3.000000000000000000e+05 1.707352647470690385e+02 3.495651806196957523e+01
3.000000000000000000e+05 1.747528400007682876e+02 3.415286621905450204e+01
3.000000000000000000e+05 1.788649529057435075e+02 3.336769036632456675e+01
3.000000000000000000e+05 1.830738280295367701e+02 3.260056573997655249e+01
3.000000000000000000e+05 1.873817422860383033e+02 3.185107734154508918e+01
3.000000000000000000e+05 1.917910261672488730e+02 3.111881971339726860e+01
3.000000000000000000e+05 1.963040650040270521e+02 3.040339671938856370e+01
3.000000000000000000e+05 2.009233002565045751e+02 2.970442133056124234e+01
3.000000000000000000e+05 2.056512308348651459e+02 2.902151541576981586e+01
3.000000000000000000e+05 2.104904144512019855e+02 2.835430953712008417e+01
3.000000000000000000e+05 2.154434690031882269e+02 2.770244275011071977e+01
3.000000000000000000e+05 2.205130739903045480e+02 2.706556240836988891e+01
3.000000000000000000e+05 2.257019719633919124e+02 2.644332397288099656e+01
3.000000000000000000e+05 2.310129700083157900e+02 2.583539082559404676e+01
3.000000000000000000e+05 2.364489412645407072e+02 2.524143408732242477e+01
3.000000000000000000e+05 2.420128264794381039e+02 2.466113243982609760e+01
3.000000000000000000e+05 2.477076355991711409e+02 2.409417195198501815e+01
3.000000000000000000e+05 2.535364493970111539e+02 2.354024590996908728e+01
3.000000000000000000e+05 2.595024211399737055e+02 2.299905465131214655e+01
3.000000000000000000e+05 2.656087782946686957e+02 2.247030540280103139e+01
3.000000000000000000e+05 2.718588242732940330e+02 2.195371212209119349e+01
3.000000000000000000e+05 2.782559402207126027e+02 2.144899534296379073e+01
3.000000000000000000e+05 2.848035868435802058e+02 2.095588202414034384e+01
3.000000000000000000e+05 2.915053062825175516e+02 2.047410540157296666e+01
3.000000000000000000e+05 2.983647240283340238e+02 2.000340484413062825e+01
3.000000000000000000e+05 3.053855508833415797e+02 1.954352571260318783e+01
3.000000000000000000e+05 3.125715849688235153e+02 1.909421922194676213e+01
3.000000000000000000e+05 3.199267137797384635e+02 1.865524230669623762e+01
3.000000000000000000e+05 3.274549162877728463e+02 1.822635748947200085e+01
3.000000000000000000e+05 3.351602650938841066e+02 1.780733275250945979e+01
3.000000000000000000e+05 3.430469286314919373e+02 1.739794141214235168e+01
3.000000000000000000e+05 3.511191734215130964e+02 1.699796199617162884e+01
3.000000000000000000e+05 3.593813663804625662e+02 1.660717812405350458e+01
3.000000000000000000e+05 3.678379771828634262e+02 1.622537838984213110e+01
3.000000000000000000e+05 3.764935806792467474e+02 1.585235624782343855e+01
3.000000000000000000e+05 3.853528593710527161e+02 1.548790990077809404e+01
3.000000000000000000e+05 3.944206059437656222e+02 1.513184219081344217e+01
3.000000000000000000e+05 4.037017258596553688e+02 1.478396049270526191e+01
3.000000000000000000e+05 4.132012400115334572e+02 1.444407660969140572e+01
3.000000000000000000e+05 4.229242874389498752e+02 1.411200667166133194e+01
3.000000000000000000e+05 4.328761281083056929e+02 1.378757103568622355e+01
3.000000000000000000e+05 4.430621457583877714e+02 1.347059418883583781e+01
3.000000000000000000e+05 4.534878508128581984e+02 1.316090465322968583e+01
3.000000000000000000e+05 4.641588833612777307e+02 1.285833489327111501e+01
3.000000000000000000e+05 4.750810162102798131e+02 1.256272122501394328e+01
3.000000000000000000e+05 4.862601580065353346e+02 1.227390372761294834e+01
3.000000000000000000e+05 4.977023564332108663e+02 1.199172615680993204e+01
3.000000000000000000e+05 5.094138014816380178e+02 1.171603586040886924e+01
3.000000000000000000e+05 5.214008287999683944e+02 1.144668369569426680e+01
3.000000000000000000e+05 5.336699231206307559e+02 1.118352394874799316e+01
3.000000000000000000e+05 5.462277217684342077e+02 1.092641425562113611e+01
3.000000000000000000e+05 5.590810182512223037e+02 1.067521552531805540e+01
3.000000000000000000e+05 5.722367659350220492e+02 1.042979186455101370e+01
3.000000000000000000e+05 5.857020818056666940e+02 1.019001050422479793e+01
3.000000000000000000e+05 5.994842503189408944e+02 9.955741727611329139e+00
3.000000000000000000e+05 6.135907273413175744e+02 9.726858800175653741e+00
3.000000000000000000e+05 6.280291441834252737e+02 9.503237901015213041e+00
3.000000000000000000e+05 6.428073117284319551e+02 9.284758055875256488e+00
3.000000000000000000e+05 6.579332246575681893e+02 9.071301071704317209e+00
3.000000000000000000e+05 6.734150657750820983e+02 8.862751472714254675e+00
3.000000000000000000e+05 6.892612104349694846e+02 8.658996437910202459e+00
3.000000000000000000e+05 7.054802310718645231e+02 8.459925740056785770e+00
3.000000000000000000e+05 7.220809018385464242e+02 8.265431686047499227e+00
3.000000000000000000e+05 7.390722033525775032e+02 8.075409058644934746e+00
3.000000000000000000e+05 7.564633275546290179e+02 7.889755059560458861e+00
3.000000000000000000e+05 7.742636826811269657e+02 7.708369253842513480e+00
3.000000000000000000e+05 7.924828983539169940e+02 7.531153515543337562e+00
3.000000000000000000e+05 8.111308307896872520e+02 7.358011974634901975e+00
3.000000000000000000e+05 8.302175681319744172e+02 7.188850965145237026e+00
3.000000000000000000e+05 8.497534359086438371e+02 7.023578974487044491e+00
3.000000000000000000e+05 8.697490026177833897e+02 6.862106593951319944e+00
3.000000000000000000e+05 8.902150854450383122e+02 6.704346470339113573e+00
3.000000000000000000e+05 9.111627561154896284e+02 6.550213258705225527e+00
3.000000000000000000e+05 9.326033468832199560e+02 6.399623576188413487e+00
3.000000000000000000e+05 9.545484566618337112e+02 6.252495956902960117e+00
3.000000000000000000e+05 9.770099572992256753e+02 6.108750807867335375e+00
3.000000000000000000e+05 1.000000000000000000e+03 5.968310365946075002e+00
3.000000000000000000e+05 1.000000000000000000e+03 5.968310365946075002e+00
3.000000000000000000e+05 1.097498765493055544e+03 5.438102122388072779e+00
3.000000000000000000e+05 1.204503540258781186e+03 4.954996117872609851e+00
3.000000000000000000e+05 1.321941148466028608e+03 4.514807919302354478e+00
3.000000000000000000e+05 1.450828778495938650e+03 4.113724827083571789e+00
3.000000000000000000e+05 1.592282793341090610e+03 3.748272851346183376e+00
3.000000000000000000e+05 1.747528400007682876e+03 3.415286621905450293e+00
3.000000000000000000e+05 1.917910261672486740e+03 3.111881971339729880e+00
3.000000000000000000e+05 2.104904144512019684e+03 2.835430953712008595e+00
3.000000000000000000e+05 2.310129700083158241e+03 2.583539082559404676e+00
3.000000000000000000e+05 2.535364493970108924e+03 2.354024590996910860e+00
3.000000000000000000e+05 2.782559402207123185e+03 2.144899534296381471e+00
3.000000000000000000e+05 3.053855508833412387e+03 1.954352571260320914e+00
3.000000000000000000e+05 3.351602650938840725e+03 1.780733275250946157e+00
3.000000000000000000e+05 3.678379771828630510e+03 1.622537838984214664e+00
3.000000000000000000e+05 4.037017258596553802e+03 1.478396049270526147e+00
3.000000000000000000e+05 4.430621457583877600e+03 1.347059418883583826e+00
3.000000000000000000e+05 4.862601580065348571e+03 1.227390372761296033e+00
3.000000000000000000e+05 5.336699231206307559e+03 1.118352394874799538e+00
3.000000000000000000e+05 5.857020818056661483e+03 1.019001050422480681e+00
3.000000000000000000e+05 6.428073117284318869e+03 9.284758055875256266e-01
3.000000000000000000e+05 7.054802310718638182e+03 8.459925740056793986e-01
3.000000000000000000e+05 7.742636826811270112e+03 7.708369253842513036e-01
3.000000000000000000e+05 8.497534359086437689e+03 7.023578974487044713e-01
3.000000000000000000e+05 9.326033468832189101e+03 6.399623576188421259e-01
3.000000000000000000e+05 1.023531021899026928e+04 5.831098655781494777e-01
3.000000000000000000e+05 1.123324032978026480e+04 5.313079922383199261e-01
3.000000000000000000e+05 1.232846739442065882e+04 4.841080545540542568e-01
3.000000000000000000e+05 1.353047774579807628e+04 4.411012292451794159e-01
3.000000000000000000e+05 1.484968262254463480e+04 4.019150117649685217e-01
3.000000000000000000e+05 1.629750834620643400e+04 3.662099898439577506e-01
3.000000000000000000e+05 1.788649529057435211e+04 3.336769036632457053e-01
3.000000000000000000e+05 1.963040650040268520e+04 3.040339671938859789e-01
3.000000000000000000e+05 2.154434690031882201e+04 2.770244275011072288e-01
3.000000000000000000e+05 2.364489412645407356e+04 2.524143408732242300e-01
3.000000000000000000e+05 2.595024211399731939e+04 2.299905465131218962e-01
3.000000000000000000e+05 2.848035868435799057e+04 2.095588202414036538e-01
3.000000000000000000e+05 3.125715849688235176e+04 1.628596383857710828e-01
3.000000000000000000e+05 3.430469286314912461e+04 1.461324410063387369e-01
3.000000000000000000e+05 3.764935806792470976e+04 1.308176109620554639e-01
3.000000000000000000e+05 4.132012400115334458e+04 1.168610124186713062e-01
3.000000000000000000e+05 4.534878508128582325e+04 1.041907584912132034e-01
3.000000000000000000e+05 4.977023564332113892e+04 9.274609761230799554e-02
3.000000000000000000e+05 5.462277217684336938e+04 8.244406086761810193e-02
3.000000000000000000e+05 5.994842503189409035e+04 7.321022481728170495e-02
3.000000000000000000e+05 6.579332246575682075e+04 6.496746939376803198e-02
3.000000000000000000e+05 7.220809018385456875e+04 5.762118978340906306e-02
3.000000000000000000e+05 7.924828983539169712e+04 5.109736900991856956e-02
3.000000000000000000e+05 8.697490026177834079e+04 4.530192433980503169e-02
3.000000000000000000e+05 9.545484566618327517e+04 4.016110965844769259e-02
3.000000000000000000e+05 1.047615752789664111e+05 3.560760364265359162e-02
3.000000000000000000e+05 1.149756995397735591e+05 3.156166580860871734e-02
3.000000000000000000e+05 1.261856883066018490e+05 2.797708660507352771e-02
3.000000000000000000e+05 1.384886371393871668e+05 2.478878657539661592e-02
3.000000000000000000e+05 1.519911082952933211e+05 2.196022088827147278e-02
3.000000000000000000e+05 1.668100537200059043e+05 1.946344480766571891e-02
3.000000000000000000e+05 1.830738280295369623e+05 1.725457132314475034e-02
3.000000000000000000e+05 2.009233002565045899e+05 1.532665968451741786e-02
3.000000000000000000e+05 2.205130739903045760e+05 1.364580710404711579e-02
3.000000000000000000e+05 2.420128264794383431e+05 1.220608936919433465e-02
3.000000000000000000e+05 2.656087782946684165e+05 1.100510171778913172e-02
3.000000000000000000e+05 2.915053062825175584e+05 1.001611451234787550e-02
3.000000000000000000e+05 3.199267137797384639e+05 9.239300332123397130e-03
3.000000000000000000e+05 3.511191734215127653e+05 8.675637044349196123e-03
3.000000000000000000e+05 3.853528593710527639e+05 8.298038166915131658e-03
3.000000000000000000e+05 4.229242874389499193e+05 8.114551014601756665e-03
3.000000000000000000e+05 4.641588833612772287e+05 8.092443944368896830e-03
3.000000000000000000e+05 5.094138014816375216e+05 8.180950983305184873e-03
3.000000000000000000e+05 5.590810182512222091e+05 8.275513075854282891e-03
3.000000000000000000e+05 6.135907273413175717e+05 8.351681917948838157e-03
3.000000000000000000e+05 6.734150657750827959e+05 8.429507681356845222e-03
3.000000000000000000e+05 7.390722033525775187e+05 8.489702507788240288e-03
3.000000000000000000e+05 8.111308307896872284e+05 8.542675108278477772e-03
3.000000000000000000e+05 8.902150854450393235e+05 8.598977735241566250e-03
3.000000000000000000e+05 9.770099572992246831e+05 8.638995815491226637e-03
3.000000000000000000e+05 1.072267222010323079e+06 8.683357994676352623e-03
3.000000000000000000e+05 1.176811952434999170e+06 8.712323732259717388e-03
3.000000000000000000e+05 1.291549665014882805e+06 8.736450900334025854e-03
3.000000000000000000e+05 1.417474162926804740e+06 8.766249823435125904e-03
3.000000000000000000e+05 1.555676143930472201e+06 8.781927900907718354e-03
3.000000000000000000e+05 1.707352647470688680e+06 8.804030376745118625e-03
3.000000000000000000e+05 1.873817422860383056e+06 8.812745655596310179e-03
3.000000000000000000e+05 2.056512308348651510e+06 8.818499804180628815e-03
3.000000000000000000e+05 2.257019719633921515e+06 8.831551359091671313e-03
3.000000000000000000e+05 2.477076355991709046e+06 8.832200876949788948e-03
3.000000000000000000e+05 2.718588242732940242e+06 8.840597949769699038e-03
3.000000000000000000e+05 2.983647240283340216e+06 8.837144306878704642e-03
3.000000000000000000e+05 3.274549162877731491e+06 8.831996788613303076e-03
3.000000000000000000e+05 3.593813663804625627e+06 8.835053581557070559e-03
3.000000000000000000e+05 3.944206059437655844e+06 8.826986060052001773e-03
3.000000000000000000e+05 4.328761281083061360e+06 8.817743025363849324e-03
3.000000000000000000e+05 4.750810162102793343e+06 8.817003326928593912e-03
3.000000000000000000e+05 5.214008287999684922e+06 8.805736212079846512e-03
3.000000000000000000e+05 5.722367659350220114e+06 8.803105494641092280e-03
3.000000000000000000e+05 6.280291441834246740e+06 8.790281711209770379e-03
3.000000000000000000e+05 6.892612104349695146e+06 8.776867228265736870e-03
3.000000000000000000e+05 7.564633275546290912e+06 8.772172077851704206e-03
3.000000000000000000e+05 8.302175681319751777e+06 8.757742516366583824e-03
3.000000000000000000e+05 9.111627561154887080e+06 8.752051013339997784e-03
3.000000000000000000e+05 1.000000000000000000e+07 8.736875253606782993e-03
5.000000000000000000e+05 1.000000000000000000e+02 9.947183943243459225e+01
5.000000000000000000e+05 1.023531021899025859e+02 9.718497759635833688e+01
5.000000000000000000e+05 1.047615752789664043e+02 9.495069081154427693e+01
5.000000000000000000e+05 1.072267222010323167e+02 9.276777037531876147e+01
5.000000000000000000e+05 1.097498765493055686e+02 9.063503537313452796e+01
5.000000000000000000e+05 1.123324032978026565e+02 8.855133203971998057e+01
5.000000000000000000e+05 1.149756995397735579e+02 8.651553313491628217e+01
5.000000000000000000e+05 1.176811952434997863e+02 8.452653733386429735e+01
5.000000000000000000e+05 1.204503540258782408e+02 8.258326863121008898e+01
5.000000000000000000e+05 1.232846739442065882e+02 8.068467575900903910e+01
5.000000000000000000e+05 1.261856883066019748e+02 7.882973161801129436e+01
5.000000000000000000e+05 1.291549665014883885e+02 7.701743272202254786e+01
5.000000000000000000e+05 1.321941148466028721e+02 7.524679865503924248e+01
5.000000000000000000e+05 1.353047774579807481e+02 7.351687154086323517e+01
5.000000000000000000e+05 1.384886371393873219e+02 7.182671552491144951e+01
5.000000000000000000e+05 1.417474162926804695e+02 7.017541626793736498e+01
5.000000000000000000e+05 1.450828778495940128e+02 6.856208045139278795e+01
5.000000000000000000e+05 1.484968262254465117e+02 6.698583529416134752e+01
5.000000000000000000e+05 1.519911082952933157e+02 6.544582808040154021e+01
5.000000000000000000e+05 1.555676143930472222e+02 6.394122569824551050e+01
5.000000000000000000e+05 1.592282793341092315e+02 6.247121418910298729e+01
5.000000000000000000e+05 1.629750834620643332e+02 6.103499830732629761e+01
5.000000000000000000e+05 1.668100537200059250e+02 5.963180108999910800e+01
5.000000000000000000e+05 1.707352647470690385e+02 5.826086343661595635e+01
5.000000000000000000e+05 1.747528400007682876e+02 5.692144369842417007e+01
5.000000000000000000e+05 1.788649529057435075e+02 5.561281727720761836e+01
5.000000000000000000e+05 1.830738280295367701e+02 5.433427623329424705e+01
5.000000000000000000e+05 1.873817422860383033e+02 5.308512890257513561e+01
5.000000000000000000e+05 1.917910261672488730e+02 5.186469952232877745e+01
5.000000000000000000e+05 1.963040650040270521e+02 5.067232786564760261e+01
5.000000000000000000e+05 2.009233002565045751e+02 4.950736888426872895e+01
5.000000000000000000e+05 2.056512308348651459e+02 4.836919235961635621e+01
5.000000000000000000e+05 2.104904144512019855e+02 4.725718256186680577e+01
5.000000000000000000e+05 2.154434690031882269e+02 4.617073791685119488e+01
5.000000000000000000e+05 2.205130739903045480e+02 4.510927068061648271e+01
5.000000000000000000e+05 2.257019719633919124e+02 4.407220662146832524e+01
5.000000000000000000e+05 2.310129700083157900e+02 4.305898470932341127e+01
5.000000000000000000e+05 2.364489412645407072e+02 4.206905681220403892e+01
5.000000000000000000e+05 2.420128264794381039e+02 4.110188739971016503e+01
5.000000000000000000e+05 2.477076355991711409e+02 4.015695325330836596e+01
5.000000000000000000e+05 2.535364493970111539e+02 3.923374318328180266e+01
5.000000000000000000e+05 2.595024211399737055e+02 3.833175775218690973e+01
5.000000000000000000e+05 2.656087782946686957e+02 3.745050900466839039e+01
5.000000000000000000e+05 2.718588242732940330e+02 3.658952020348532841e+01
5.000000000000000000e+05 2.782559402207126027e+02 3.574832557160631552e+01
5.000000000000000000e+05 2.848035868435802058e+02 3.492647004023390167e+01
5.000000000000000000e+05 2.915053062825175516e+02 3.412350900262161701e+01
5.000000000000000000e+05 2.983647240283340238e+02 3.333900807355104945e+01
5.000000000000000000e+05 3.053855508833415797e+02 3.257254285433864993e+01
5.000000000000000000e+05 3.125715849688235153e+02 3.182369870324460237e+01
5.000000000000000000e+05 3.199267137797384635e+02 3.109207051116039722e+01
5.000000000000000000e+05 3.274549162877728463e+02 3.037726248245333593e+01
5.000000000000000000e+05 3.351602650938841066e+02 2.967888792084909966e+01
5.000000000000000000e+05 3.430469286314919373e+02 2.899656902023724925e+01
5.000000000000000000e+05 3.511191734215130964e+02 2.832993666028605162e+01
5.000000000000000000e+05 3.593813663804625662e+02 2.767863020675584096e+01
5.000000000000000000e+05 3.678379771828634262e+02 2.704229731640355539e+01
5.000000000000000000e+05 3.764935806792467474e+02 2.642059374637240055e+01
5.000000000000000000e+05 3.853528593710527161e+02 2.581318316796348711e+01
5.000000000000000000e+05 3.944206059437656222e+02 2.521973698468906733e+01
5.000000000000000000e+05 4.037017258596553688e+02 2.463993415450876867e+01
5.000000000000000000e+05 4.132012400115334572e+02 2.407346101615234701e+01
5.000000000000000000e+05 4.229242874389498752e+02 2.352001111943555145e+01
5.000000000000000000e+05 4.328761281083056929e+02 2.297928505947704281e+01
5.000000000000000000e+05 4.430621457583877714e+02 2.245099031472639695e+01
5.000000000000000000e+05 4.534878508128581984e+02 2.193484108871614424e+01
5.000000000000000000e+05 4.641588833612777307e+02 2.143055815545186249e+01
5.000000000000000000e+05 4.750810162102798131e+02 2.093786870835657155e+01
5.000000000000000000e+05 4.862601580065353346e+02 2.045650621268824665e+01
5.000000000000000000e+05 4.977023564332108663e+02 1.998621026134988909e+01
5.000000000000000000e+05 5.094138014816380178e+02 1.952672643401477970e+01
5.000000000000000000e+05 5.214008287999683944e+02 1.907780615949044289e+01
5.000000000000000000e+05 5.336699231206307559e+02 1.863920658124665763e+01
5.000000000000000000e+05 5.462277217684342077e+02 1.821069042603522803e+01
5.000000000000000000e+05 5.590810182512223037e+02 1.779202587553009351e+01
5.000000000000000000e+05 5.722367659350220492e+02 1.738298644091835499e+01
5.000000000000000000e+05 5.857020818056666940e+02 1.698335084037466203e+01
5.000000000000000000e+05 5.994842503189408944e+02 1.659290287935221642e+01
5.000000000000000000e+05 6.135907273413175744e+02 1.621143133362609134e+01
5.000000000000000000e+05 6.280291441834252737e+02 1.583872983502535448e+01
5.000000000000000000e+05 6.428073117284319551e+02 1.547459675979209237e+01
5.000000000000000000e+05 6.579332246575681893e+02 1.511883511950719416e+01
5.000000000000000000e+05 6.734150657750820983e+02 1.477125245452375779e+01
5.000000000000000000e+05 6.892612104349694846e+02 1.443166072985033743e+01
5.000000000000000000e+05 7.054802310718645231e+02 1.409987623342797569e+01
5.000000000000000000e+05 7.220809018385464242e+02 1.377571947674583264e+01
5.000000000000000000e+05 7.390722033525775032e+02 1.345901509774155613e+01
5.000000000000000000e+05 7.564633275546290179e+02 1.314959176593409929e+01
5.000000000000000000e+05 7.742636826811269657e+02 1.284728208973752395e+01
5.000000000000000000e+05 7.924828983539169940e+02 1.255192252590556379e+01
5.000000000000000000e+05 8.111308307896872520e+02 1.226335329105816996e+01
5.000000000000000000e+05 8.302175681319744172e+02 1.198141827524205993e+01
5.000000000000000000e+05 8.497534359086438371e+02 1.170596495747840748e+01
5.000000000000000000e+05 8.697490026177833897e+02 1.143684432325219902e+01
5.000000000000000000e+05 8.902150854450383122e+02 1.117391078389852410e+01
5.000000000000000000e+05 9.111627561154896284e+02 1.091702209784203959e+01
5.000000000000000000e+05 9.326033468832199560e+02 1.066603929364735492e+01
5.000000000000000000e+05 9.545484566618337112e+02 1.042082659483826568e+01
5.000000000000000000e+05 9.770099572992256753e+02 1.018125134644555807e+01
5.000000000000000000e+05 1.000000000000000000e+03 9.947183943243459225e+00
5.000000000000000000e+05 1.000000000000000000e+03 9.947183943243459225e+00
5.000000000000000000e+05 1.097498765493055544e+03 9.063503537313454927e+00
5.000000000000000000e+05 1.204503540258781186e+03 8.258326863121016714e+00
5.000000000000000000e+05 1.321941148466028608e+03 7.524679865503924425e+00
5.000000000000000000e+05 1.450828778495938650e+03 6.856208045139287499e+00
5.000000000000000000e+05 1.592282793341090610e+03 6.247121418910305479e+00
5.000000000000000000e+05 1.747528400007682876e+03 5.692144369842417007e+00
5.000000000000000000e+05 1.917910261672486740e+03 5.186469952232882541e+00
5.000000000000000000e+05 2.104904144512019684e+03 4.725718256186680399e+00
5.000000000000000000e+05 2.310129700083158241e+03 4.305898470932341127e+00
5.000000000000000000e+05 2.535364493970108924e+03 3.923374318328185062e+00
5.000000000000000000e+05 2.782559402207123185e+03 3.574832557160635194e+00
5.000000000000000000e+05 3.053855508833412387e+03 3.257254285433868635e+00
5.000000000000000000e+05 3.351602650938840725e+03 2.967888792084909966e+00
5.000000000000000000e+05 3.678379771828630510e+03 2.704229731640357848e+00
5.000000000000000000e+05 4.037017258596553802e+03 2.463993415450877134e+00
5.000000000000000000e+05 4.430621457583877600e+03 2.245099031472639783e+00
5.000000000000000000e+05 4.862601580065348571e+03 2.045650621268826796e+00
5.000000000000000000e+05 5.336699231206307559e+03 1.863920658124665675e+00
5.000000000000000000e+05 5.857020818056661483e+03 1.698335084037467801e+00
5.000000000000000000e+05 6.428073117284318869e+03 1.547459675979209415e+00
5.000000000000000000e+05 7.054802310718638182e+03 1.409987623342798813e+00
5.000000000000000000e+05 7.742636826811270112e+03 1.284728208973752173e+00
5.000000000000000000e+05 8.497534359086437689e+03 1.170596495747840748e+00
5.000000000000000000e+05 9.326033468832189101e+03 1.066603929364736691e+00
5.000000000000000000e+05 1.023531021899026928e+04 9.718497759635823519e-01
5.000000000000000000e+05 1.123324032978026480e+04 8.855133203971998768e-01
5.000000000000000000e+05 1.232846739442065882e+04 8.068467575900903910e-01
5.000000000000000000e+05 1.353047774579807628e+04 7.351687154086322673e-01
5.000000000000000000e+05 1.484968262254463480e+04 6.698583529416142213e-01
5.000000000000000000e+05 1.629750834620643400e+04 6.103499830732629361e-01
5.000000000000000000e+05 1.788649529057435211e+04 5.561281727720760459e-01
5.000000000000000000e+05 1.963040650040268520e+04 5.067232786564765945e-01
5.000000000000000000e+05 2.154434690031882201e+04 4.617073791685120110e-01
5.000000000000000000e+05 2.364489412645407356e+04 4.206905681220403648e-01
5.000000000000000000e+05 2.595024211399731939e+04 3.833175775218698456e-01
5.000000000000000000e+05 2.848035868435799057e+04 3.492647004023393675e-01
5.000000000000000000e+05 3.125715849688235176e+04 3.182369870324460170e-01
5.000000000000000000e+05 3.430469286314912461e+04 2.899656902023731164e-01
5.000000000000000000e+05 3.764935806792470976e+04 2.642059374637237834e-01
5.000000000000000000e+05 4.132012400115334458e+04 2.407346101615234490e-01
5.000000000000000000e+05 4.534878508128582325e+04 2.193484108871614213e-01
5.000000000000000000e+05 4.977023564332113892e+04 1.998621026134986822e-01
5.000000000000000000e+05 5.462277217684336938e+04 1.541298240043866563e-01
5.000000000000000000e+05 5.994842503189409035e+04 1.381271939925220182e-01
5.000000000000000000e+05 6.579332246575682075e+04 1.235117995713804623e-01
5.000000000000000000e+05 7.220809018385456875e+04 1.102149696990340072e-01
5.000000000000000000e+05 7.924828983539169712e+04 9.817793723973658460e-02
5.000000000000000000e+05 8.697490026177834079e+04 8.732075686023484107e-02
5.000000000000000000e+05 9.545484566618327517e+04 7.757087508388872676e-02
5.000000000000000000e+05 1.047615752789664111e+05 6.885243755606386407e-02
5.000000000000000000e+05 1.149756995397735591e+05 6.107234599889867915e-02
5.000000000000000000e+05 1.261856883066018490e+05 5.415576112796120084e-02
5.000000000000000000e+05 1.384886371393871668e+05 4.800823054620471930e-02
5.000000000000000000e+05 1.519911082952933211e+05 4.255360502414751861e-02
5.000000000000000000e+05 1.668100537200059043e+05 3.772129959722147347e-02
5.000000000000000000e+05 1.830738280295369623e+05 3.342893390088461092e-02
5.000000000000000000e+05 2.009233002565045899e+05 2.962570922535750356e-02
5.000000000000000000e+05 2.205130739903045760e+05 2.624337991994600550e-02
5.000000000000000000e+05 2.420128264794383431e+05 2.324108649806974278e-02
5.000000000000000000e+05 2.656087782946684165e+05 2.058681271330575421e-02
5.000000000000000000e+05 2.915053062825175584e+05 1.823424575292184602e-02
5.000000000000000000e+05 3.199267137797384639e+05 1.616498839780908248e-02
5.000000000000000000e+05 3.511191734215127653e+05 1.436694410905958556e-02
5.000000000000000000e+05 3.853528593710527639e+05 1.280884876282289975e-02
5.000000000000000000e+05 4.229242874389499193e+05 1.149431576040554383e-02
5.000000000000000000e+05 4.641588833612772287e+05 1.039681241140931293e-02
5.000000000000000000e+05 5.094138014816375216e+05 9.515658712384007442e-03
5.000000000000000000e+05 5.590810182512222091e+05 8.851363502046179915e-03
5.000000000000000000e+05 6.135907273413175717e+05 8.378069752363043535e-03
5.000000000000000000e+05 6.734150657750827959e+05 8.103969359688384042e-03
5.000000000000000000e+05 7.390722033525775187e+05 7.999141775999430923e-03
5.000000000000000000e+05 8.111308307896872284e+05 8.051248941058075648e-03
5.000000000000000000e+05 8.902150854450393235e+05 8.149028965755700238e-03
5.000000000000000000e+05 9.770099572992246831e+05 8.228793307129757262e-03
5.000000000000000000e+05 1.072267222010323079e+06 8.309734462402688232e-03
5.000000000000000000e+05 1.176811952434999170e+06 8.373372137527167192e-03
5.000000000000000000e+05 1.291549665014882805e+06 8.429631143177905225e-03
5.000000000000000000e+05 1.417474162926804740e+06 8.488604302559540210e-03
5.000000000000000000e+05 1.555676143930472201e+06 8.531586428700299943e-03
5.000000000000000000e+05 1.707352647470688680e+06 8.578305205878031248e-03
5.000000000000000000e+05 1.873817422860383056e+06 8.609913388248242871e-03
5.000000000000000000e+05 2.056512308348651510e+06 8.636526137697303485e-03
5.000000000000000000e+05 2.257019719633921515e+06 8.668234309004150748e-03
5.000000000000000000e+05 2.477076355991709046e+06 8.686110720864231513e-03
5.000000000000000000e+05 2.718588242732940242e+06 8.709858556158932286e-03
5.000000000000000000e+05 2.983647240283340216e+06 8.720528143379957173e-03
5.000000000000000000e+05 3.274549162877731491e+06 8.728126857295398847e-03
5.000000000000000000e+05 3.593813663804625627e+06 8.742498616843501213e-03
5.000000000000000000e+05 3.944206059437655844e+06 8.744791733041577114e-03
5.000000000000000000e+05 4.328761281083061360e+06 8.744862621470962313e-03
5.000000000000000000e+05 4.750810162102793343e+06 8.752370448223684499e-03
5.000000000000000000e+05 5.214008287999684922e+06 8.748618209795819278e-03
5.000000000000000000e+05 5.722367659350220114e+06 8.752632508761909111e-03
5.000000000000000000e+05 6.280291441834246740e+06 8.745840552921758243e-03
5.000000000000000000e+05 6.892612104349695146e+06 8.737812660869766213e-03
5.000000000000000000e+05 7.564633275546290912e+06 8.737868927895827212e-03
5.000000000000000000e+05 8.302175681319751777e+06 8.727723258653135099e-03
5.000000000000000000e+05 9.111627561154887080e+06 8.725802226708845657e-03
5.000000000000000000e+05 1.000000000000000000e+07 8.714008259943848214e-03
7.000000000000000000e+05 1.000000000000000000e+02 1.392605752054084292e+02
7.000000000000000000e+05 1.023531021899025859e+02 1.360589686349016745e+02
7.000000000000000000e+05 1.047615752789664043e+02 1.329309671361619962e+02
7.000000000000000000e+05 1.072267222010323167e+02 1.298748785254462348e+02
7.000000000000000000e+05 1.097498765493055686e+02 1.268890495223883477e+02
7.000000000000000000e+05 1.123324032978026565e+02 1.239718648556079756e+02
7.000000000000000000e+05 1.149756995397735579e+02 1.211217463888827979e+02
7.000000000000000000e+05 1.176811952434997863e+02 1.183371522674100333e+02
7.000000000000000000e+05 1.204503540258782408e+02 1.156165760836940990e+02
7.000000000000000000e+05 1.232846739442065882e+02 1.129585460626126547e+02
7.000000000000000000e+05 1.261856883066019748e+02 1.103616242652157950e+02
7.000000000000000000e+05 1.291549665014883885e+02 1.078244058108315642e+02
7.000000000000000000e+05 1.321941148466028721e+02 1.053455181170549366e+02
7.000000000000000000e+05 1.353047774579807481e+02 1.029236201572085321e+02
7.000000000000000000e+05 1.384886371393873219e+02 1.005574017348760236e+02
7.000000000000000000e+05 1.417474162926804695e+02 9.824558277511231097e+01
7.000000000000000000e+05 1.450828778495940128e+02 9.598691263194992018e+01
7.000000000000000000e+05 1.484968262254465117e+02 9.378016941182588084e+01
7.000000000000000000e+05 1.519911082952933157e+02 9.162415931256215629e+01
7.000000000000000000e+05 1.555676143930472222e+02 8.951771597754371612e+01
7.000000000000000000e+05 1.592282793341092315e+02 8.745969986474419500e+01
7.000000000000000000e+05 1.629750834620643332e+02 8.544899763025682660e+01
7.000000000000000000e+05 1.668100537200059250e+02 8.348452152599875831e+01
7.000000000000000000e+05 1.707352647470690385e+02 8.156520881126233746e+01
7.000000000000000000e+05 1.747528400007682876e+02 7.969002117779383809e+01
7.000000000000000000e+05 1.788649529057435075e+02 7.785794418809066997e+01
7.000000000000000000e+05 1.830738280295367701e+02 7.606798672661194871e+01
7.000000000000000000e+05 1.873817422860383033e+02 7.431918046360520691e+01
7.000000000000000000e+05 1.917910261672488730e+02 7.261057933126028274e+01
7.000000000000000000e+05 1.963040650040270521e+02 7.094125901190665218e+01
7.000000000000000000e+05 2.009233002565045751e+02 6.931031643797622621e+01
7.000000000000000000e+05 2.056512308348651459e+02 6.771686930346290012e+01
7.000000000000000000e+05 2.104904144512019855e+02 6.616005558661352381e+01
7.000000000000000000e+05 2.154434690031882269e+02 6.463903308359168420e+01
7.000000000000000000e+05 2.205130739903045480e+02 6.315297895286308716e+01
7.000000000000000000e+05 2.257019719633919124e+02 6.170108927005564681e+01
7.000000000000000000e+05 2.310129700083157900e+02 6.028257859305278998e+01
7.000000000000000000e+05 2.364489412645407072e+02 5.889667953708565307e+01
7.000000000000000000e+05 2.420128264794381039e+02 5.754264235959423246e+01
7.000000000000000000e+05 2.477076355991711409e+02 5.621973455463171376e+01
7.000000000000000000e+05 2.535364493970111539e+02 5.492724045659452514e+01
7.000000000000000000e+05 2.595024211399737055e+02 5.366446085306167646e+01
7.000000000000000000e+05 2.656087782946686957e+02 5.243071260653574228e+01
7.000000000000000000e+05 2.718588242732940330e+02 5.122532828487945977e+01
7.000000000000000000e+05 2.782559402207126027e+02 5.004765580024884741e+01
7.000000000000000000e+05 2.848035868435802058e+02 4.889705805632746660e+01
7.000000000000000000e+05 2.915053062825175516e+02 4.777291260367025671e+01
7.000000000000000000e+05 2.983647240283340238e+02 4.667461130297146354e+01
7.000000000000000000e+05 3.053855508833415797e+02 4.560155999607410848e+01
7.000000000000000000e+05 3.125715849688235153e+02 4.455317818454244616e+01
7.000000000000000000e+05 3.199267137797384635e+02 4.352889871562455681e+01
7.000000000000000000e+05 3.274549162877728463e+02 4.252816747543467102e+01
7.000000000000000000e+05 3.351602650938841066e+02 4.155044308918873952e+01
7.000000000000000000e+05 3.430469286314919373e+02 4.059519662833215392e+01
7.000000000000000000e+05 3.511191734215130964e+02 3.966191132440047085e+01
7.000000000000000000e+05 3.593813663804625662e+02 3.875008228945817734e+01
7.000000000000000000e+05 3.678379771828634262e+02 3.785921624296497612e+01
7.000000000000000000e+05 3.764935806792467474e+02 3.698883124492135721e+01
7.000000000000000000e+05 3.853528593710527161e+02 3.613845643514888195e+01
7.000000000000000000e+05 3.944206059437656222e+02 3.530763177856469781e+01
7.000000000000000000e+05 4.037017258596553688e+02 3.449590781631228253e+01
7.000000000000000000e+05 4.132012400115334572e+02 3.370284542261328653e+01
7.000000000000000000e+05 4.229242874389498752e+02 3.292801556720977629e+01
7.000000000000000000e+05 4.328761281083056929e+02 3.217099908326785851e+01
7.000000000000000000e+05 4.430621457583877714e+02 3.143138644061695430e+01
7.000000000000000000e+05 4.534878508128581984e+02 3.070877752420260265e+01
7.000000000000000000e+05 4.641588833612777307e+02 3.000278141763260464e+01
7.000000000000000000e+05 4.750810162102798131e+02 2.931301619169920158e+01
7.000000000000000000e+05 4.862601580065353346e+02 2.863910869776354673e+01
7.000000000000000000e+05 4.977023564332108663e+02 2.798069436588984615e+01
7.000000000000000000e+05 5.094138014816380178e+02 2.733741700762069371e+01
7.000000000000000000e+05 5.214008287999683944e+02 2.670892862328662076e+01
7.000000000000000000e+05 5.336699231206307559e+02 2.609488921374532211e+01
7.000000000000000000e+05 5.462277217684342077e+02 2.549496659644931640e+01
7.000000000000000000e+05 5.590810182512223037e+02 2.490883622574212808e+01
7.000000000000000000e+05 5.722367659350220492e+02 2.433618101728569627e+01
7.000000000000000000e+05 5.857020818056666940e+02 2.377669117652452968e+01
7.000000000000000000e+05 5.994842503189408944e+02 2.323006403109310369e+01
7.000000000000000000e+05 6.135907273413175744e+02 2.269600386707652717e+01
7.000000000000000000e+05 6.280291441834252737e+02 2.217422176903550124e+01
7.000000000000000000e+05 6.428073117284319551e+02 2.166443546370893003e+01
7.000000000000000000e+05 6.579332246575681893e+02 2.116636916731006934e+01
7.000000000000000000e+05 6.734150657750820983e+02 2.067975343633326091e+01
7.000000000000000000e+05 6.892612104349694846e+02 2.020432502179047063e+01
7.000000000000000000e+05 7.054802310718645231e+02 1.973982672679916561e+01
7.000000000000000000e+05 7.220809018385464242e+02 1.928600726744416605e+01
7.000000000000000000e+05 7.390722033525775032e+02 1.884262113683817930e+01
7.000000000000000000e+05 7.564633275546290179e+02 1.840942847230773793e+01
7.000000000000000000e+05 7.742636826811269657e+02 1.798619492563253175e+01
7.000000000000000000e+05 7.924828983539169940e+02 1.757269153626778646e+01
7.000000000000000000e+05 8.111308307896872520e+02 1.716869460748143794e+01
7.000000000000000000e+05 8.302175681319744172e+02 1.677398558533888462e+01
7.000000000000000000e+05 8.497534359086438371e+02 1.638835094046977048e+01
7.000000000000000000e+05 8.697490026177833897e+02 1.601158205255308076e+01
7.000000000000000000e+05 8.902150854450383122e+02 1.564347509745793197e+01
7.000000000000000000e+05 9.111627561154896284e+02 1.528383093697885897e+01
7.000000000000000000e+05 9.326033468832199560e+02 1.493245501110629725e+01
7.000000000000000000e+05 9.545484566618337112e+02 1.458915723277357124e+01
7.000000000000000000e+05 9.770099572992256753e+02 1.425375188502378165e+01
7.000000000000000000e+05 1.000000000000000000e+03 1.392605752054084256e+01
7.000000000000000000e+05 1.000000000000000000e+03 1.392605752054084256e+01
7.000000000000000000e+05 1.097498765493055544e+03 1.268890495223883619e+01
7.000000000000000000e+05 1.204503540258781186e+03 1.156165760836942091e+01
7.000000000000000000e+05 1.321941148466028608e+03 1.053455181170549437e+01
7.000000000000000000e+05 1.450828778495938650e+03 9.598691263195000545e+00
7.000000000000000000e+05 1.592282793341090610e+03 8.745969986474428026e+00
7.000000000000000000e+05 1.747528400007682876e+03 7.969002117779383276e+00
7.000000000000000000e+05 1.917910261672486740e+03 7.261057933126036090e+00
7.000000000000000000e+05 2.104904144512019684e+03 6.616005558661353092e+00
7.000000000000000000e+05 2.310129700083158241e+03 6.028257859305277577e+00
7.000000000000000000e+05 2.535364493970108924e+03 5.492724045659458376e+00
7.000000000000000000e+05 2.782559402207123185e+03 5.004765580024889360e+00
7.000000000000000000e+05 3.053855508833412387e+03 4.560155999607415467e+00
7.000000000000000000e+05 3.351602650938840725e+03 4.155044308918874663e+00
7.000000000000000000e+05 3.678379771828630510e+03 3.785921624296501253e+00
7.000000000000000000e+05 4.037017258596553802e+03 3.449590781631227898e+00
7.000000000000000000e+05 4.430621457583877600e+03 3.143138644061695519e+00
7.000000000000000000e+05 4.862601580065348571e+03 2.863910869776357337e+00
7.000000000000000000e+05 5.336699231206307559e+03 2.609488921374532033e+00
7.000000000000000000e+05 5.857020818056661483e+03 2.377669117652454922e+00
7.000000000000000000e+05 6.428073117284318869e+03 2.166443546370893536e+00
7.000000000000000000e+05 7.054802310718638182e+03 1.973982672679918338e+00
7.000000000000000000e+05 7.742636826811270112e+03 1.798619492563253042e+00
7.000000000000000000e+05 8.497534359086437689e+03 1.638835094046977359e+00
7.000000000000000000e+05 9.326033468832189101e+03 1.493245501110631368e+00
7.000000000000000000e+05 1.023531021899026928e+04 1.360589686349015226e+00
7.000000000000000000e+05 1.123324032978026480e+04 1.239718648556079827e+00
7.000000000000000000e+05 1.232846739442065882e+04 1.129585460626126636e+00
7.000000000000000000e+05 1.353047774579807628e+04 1.029236201572085285e+00
7.000000000000000000e+05 1.484968262254463480e+04 9.378016941182598654e-01
7.000000000000000000e+05 1.629750834620643400e+04 8.544899763025681771e-01
7.000000000000000000e+05 1.788649529057435211e+04 7.785794418809065531e-01
7.000000000000000000e+05 1.963040650040268520e+04 7.094125901190672101e-01
7.000000000000000000e+05 2.154434690031882201e+04 6.463903308359167932e-01
7.000000000000000000e+05 2.364489412645407356e+04 5.889667953708564996e-01
7.000000000000000000e+05 2.595024211399731939e+04 5.366446085306177949e-01
7.000000000000000000e+05 2.848035868435799057e+04 4.889705805632751923e-01
7.000000000000000000e+05 3.125715849688235176e+04 4.455317818454244128e-01
7.000000000000000000e+05 3.430469286314912461e+04 4.059519662833223630e-01
7.000000000000000000e+05 3.764935806792470976e+04 3.698883124492132191e-01
7.000000000000000000e+05 4.132012400115334458e+04 3.370284542261328675e-01
7.000000000000000000e+05 4.534878508128582325e+04 3.070877752420259621e-01
7.000000000000000000e+05 4.977023564332113892e+04 2.798069436588981329e-01
7.000000000000000000e+05 5.462277217684336938e+04 2.549496659644934216e-01
7.000000000000000000e+05 5.994842503189409035e+04 2.323006403109310058e-01
7.000000000000000000e+05 6.579332246575682075e+04 2.116636916731007012e-01
7.000000000000000000e+05 7.220809018385456875e+04 1.646913467861706171e-01
7.000000000000000000e+05 7.924828983539169712e+04 1.478101558936000537e-01
7.000000000000000000e+05 8.697490026177834079e+04 1.323438242108317120e-01
7.000000000000000000e+05 9.545484566618327517e+04 1.182380749802249137e-01
7.000000000000000000e+05 1.047615752789664111e+05 1.054335226350802540e-01
7.000000000000000000e+05 1.149756995397735591e+05 9.385383862620255702e-02
7.000000000000000000e+05 1.261856883066018490e+05 8.343353797565966623e-02
7.000000000000000000e+05 1.384886371393871668e+05 7.408582499126126208e-02
7.000000000000000000e+05 1.519911082952933211e+05 6.573287579390237056e-02
7.000000000000000000e+05 1.668100537200059043e+05 5.829542195994667081e-02
7.000000000000000000e+05 1.830738280295369623e+05 5.167887433929391205e-02
7.000000000000000000e+05 2.009233002565045899e+05 4.581039334228472620e-02
7.000000000000000000e+05 2.205130739903045760e+05 4.059949994234865467e-02
7.000000000000000000e+05 2.420128264794383431e+05 3.597706581988101282e-02
7.000000000000000000e+05 2.656087782946684165e+05 3.188153000076526800e-02
7.000000000000000000e+05 2.915053062825175584e+05 2.824040876224867200e-02
7.000000000000000000e+05 3.199267137797384639e+05 2.500751335090020677e-02
7.000000000000000000e+05 3.511191734215127653e+05 2.214564666990135808e-02
7.000000000000000000e+05 3.853528593710527639e+05 1.960477616827291727e-02
7.000000000000000000e+05 4.229242874389499193e+05 1.736961816627627733e-02
7.000000000000000000e+05 4.641588833612772287e+05 1.540240959018239313e-02
7.000000000000000000e+05 5.094138014816375216e+05 1.369212361083432111e-02
7.000000000000000000e+05 5.590810182512222091e+05 1.223243712137531830e-02
7.000000000000000000e+05 6.135907273413175717e+05 1.099615751393214803e-02
7.000000000000000000e+05 6.734150657750827959e+05 9.989862812752686727e-03
7.000000000000000000e+05 7.390722033525775187e+05 9.188597506892800040e-03
7.000000000000000000e+05 8.111308307896872284e+05 8.592356148535647969e-03
7.000000000000000000e+05 8.902150854450393235e+05 8.201175096222918307e-03
7.000000000000000000e+05 9.770099572992246831e+05 7.987457070483794039e-03
7.000000000000000000e+05 1.072267222010323079e+06 7.955329786370009607e-03
7.000000000000000000e+05 1.176811952434999170e+06 8.038247604042245142e-03
7.000000000000000000e+05 1.291549665014882805e+06 8.122984960171157620e-03
7.000000000000000000e+05 1.417474162926804740e+06 8.208382922995256792e-03
7.000000000000000000e+05 1.555676143930472201e+06 8.276577985718508793e-03
7.000000000000000000e+05 1.707352647470688680e+06 8.346440834228627259e-03
7.000000000000000000e+05 1.873817422860383056e+06 8.399902847288545638e-03
7.000000000000000000e+05 2.056512308348651510e+06 8.446710031343656472e-03
7.000000000000000000e+05 2.257019719633921515e+06 8.496715841727427512e-03
7.000000000000000000e+05 2.477076355991709046e+06 8.531662934038423615e-03
7.000000000000000000e+05 2.718588242732940242e+06 8.570774205341441521e-03
7.000000000000000000e+05 2.983647240283340216e+06 8.595691907067583293e-03
7.000000000000000000e+05 3.274549162877731491e+06 8.616246635682377544e-03
7.000000000000000000e+05 3.593813663804625627e+06 8.642192175825881562e-03
7.000000000000000000e+05 3.944206059437655844e+06 8.655147520046767989e-03
7.000000000000000000e+05 4.328761281083061360e+06 8.664856659580061002e-03
7.000000000000000000e+05 4.750810162102793343e+06 8.680933562512940793e-03
7.000000000000000000e+05 5.214008287999684922e+06 8.685036902946665499e-03
7.000000000000000000e+05 5.722367659350220114e+06 8.696021226406835947e-03
7.000000000000000000e+05 6.280291441834246740e+06 8.695600600760069673e-03
7.000000000000000000e+05 6.892612104349695146e+06 8.693295128365020191e-03
7.000000000000000000e+05 7.564633275546290912e+06 8.698418223791934065e-03
7.000000000000000000e+05 8.302175681319751777e+06 8.692882466521514861e-03
7.000000000000000000e+05 9.111627561154887080e+06 8.695038126796139979e-03
7.000000000000000000e+05 1.000000000000000000e+07 8.686939630324545455e-03
