M_GeV T_GeV <hindp>/T
1.000000000000000056e-01 1.000000000000000000e+02 2.184969143942554759e-01
1.000000000000000056e-01 1.023531021899025859e+02 2.027638654943552388e-01
1.000000000000000056e-01 1.047615752789664043e+02 1.877418268469195906e-01
1.000000000000000056e-01 1.072267222010323167e+02 1.733985737591487997e-01
1.000000000000000056e-01 1.097498765493055686e+02 1.597032575260171616e-01
1.000000000000000056e-01 1.123324032978026565e+02 1.466263177731357836e-01
1.000000000000000056e-01 1.149756995397735579e+02 1.341394390882315046e-01
1.000000000000000056e-01 1.176811952434997863e+02 1.222154995807628042e-01
1.000000000000000056e-01 1.204503540258782408e+02 1.108285287345160824e-01
1.000000000000000056e-01 1.232846739442065882e+02 9.995367076209331347e-02
1.000000000000000056e-01 1.261856883066019748e+02 8.956714162506687615e-02
1.000000000000000056e-01 1.291549665014883885e+02 7.964620655034944374e-02
1.000000000000000056e-01 1.321941148466028721e+02 7.016910473747609012e-02
1.000000000000000056e-01 1.353047774579807481e+02 6.111501054710568454e-02
1.000000000000000056e-01 1.384886371393873219e+02 5.246399043922168881e-02
1.000000000000000056e-01 1.417474162926804695e+02 4.419691993157904425e-02
1.000000000000000056e-01 1.450828778495940128e+02 3.629542573917814846e-02
1.000000000000000056e-01 1.484968262254465117e+02 2.874179154387871207e-02
1.000000000000000056e-01 1.519911082952933157e+02 2.151883177216907042e-02
1.000000000000000056e-01 1.555676143930472222e+02 1.460966938726012375e-02
1.000000000000000056e-01 1.592282793341092315e+02 7.997218201721330993e-03
1.000000000000000056e-01 1.629750834620643332e+02 1.662393339545006118e-03
1.000000000000000056e-01 1.668100537200059250e+02 0.000000000000000000e+00
1.000000000000000056e-01 1.707352647470690385e+02 0.000000000000000000e+00
1.000000000000000056e-01 1.747528400007682876e+02 0.000000000000000000e+00
1.000000000000000056e-01 1.788649529057435075e+02 0.000000000000000000e+00
1.000000000000000056e-01 1.830738280295367701e+02 0.000000000000000000e+00
1.000000000000000056e-01 1.873817422860383033e+02 0.000000000000000000e+00
1.000000000000000056e-01 1.917910261672488730e+02 0.000000000000000000e+00
1.000000000000000056e-01 1.963040650040270521e+02 0.000000000000000000e+00
1.000000000000000056e-01 2.009233002565045751e+02 0.000000000000000000e+00
1.000000000000000056e-01 2.056512308348651459e+02 0.000000000000000000e+00
1.000000000000000056e-01 2.104904144512019855e+02 0.000000000000000000e+00
1.000000000000000056e-01 2.154434690031882269e+02 0.000000000000000000e+00
1.000000000000000056e-01 2.205130739903045480e+02 0.000000000000000000e+00
1.000000000000000056e-01 2.257019719633919124e+02 0.000000000000000000e+00
1.000000000000000056e-01 2.310129700083157900e+02 0.000000000000000000e+00
1.000000000000000056e-01 2.364489412645407072e+02 0.000000000000000000e+00
1.000000000000000056e-01 2.420128264794381039e+02 0.000000000000000000e+00
1.000000000000000056e-01 2.477076355991711409e+02 0.000000000000000000e+00
1.000000000000000056e-01 2.535364493970111539e+02 0.000000000000000000e+00
1.000000000000000056e-01 2.595024211399737055e+02 0.000000000000000000e+00
1.000000000000000056e-01 2.656087782946686957e+02 0.000000000000000000e+00
1.000000000000000056e-01 2.718588242732940330e+02 0.000000000000000000e+00
1.000000000000000056e-01 2.782559402207126027e+02 0.000000000000000000e+00
1.000000000000000056e-01 2.848035868435802058e+02 0.000000000000000000e+00
1.000000000000000056e-01 2.915053062825175516e+02 0.000000000000000000e+00
1.000000000000000056e-01 2.983647240283340238e+02 0.000000000000000000e+00
1.000000000000000056e-01 3.053855508833415797e+02 0.000000000000000000e+00
1.000000000000000056e-01 3.125715849688235153e+02 0.000000000000000000e+00
1.000000000000000056e-01 3.199267137797384635e+02 0.000000000000000000e+00
1.000000000000000056e-01 3.274549162877728463e+02 0.000000000000000000e+00
1.000000000000000056e-01 3.351602650938841066e+02 0.000000000000000000e+00
1.000000000000000056e-01 3.430469286314919373e+02 0.000000000000000000e+00
1.000000000000000056e-01 3.511191734215130964e+02 0.000000000000000000e+00
1.000000000000000056e-01 3.593813663804625662e+02 0.000000000000000000e+00
1.000000000000000056e-01 3.678379771828634262e+02 0.000000000000000000e+00
1.000000000000000056e-01 3.764935806792467474e+02 0.000000000000000000e+00
1.000000000000000056e-01 3.853528593710527161e+02 0.000000000000000000e+00
1.000000000000000056e-01 3.944206059437656222e+02 0.000000000000000000e+00
1.000000000000000056e-01 4.037017258596553688e+02 0.000000000000000000e+00
1.000000000000000056e-01 4.132012400115334572e+02 0.000000000000000000e+00
1.000000000000000056e-01 4.229242874389498752e+02 0.000000000000000000e+00
1.000000000000000056e-01 4.328761281083056929e+02 0.000000000000000000e+00
1.000000000000000056e-01 4.430621457583877714e+02 0.000000000000000000e+00
1.000000000000000056e-01 4.534878508128581984e+02 0.000000000000000000e+00
1.000000000000000056e-01 4.641588833612777307e+02 0.000000000000000000e+00
1.000000000000000056e-01 4.750810162102798131e+02 0.000000000000000000e+00
1.000000000000000056e-01 4.862601580065353346e+02 0.000000000000000000e+00
1.000000000000000056e-01 4.977023564332108663e+02 0.000000000000000000e+00
1.000000000000000056e-01 5.094138014816380178e+02 0.000000000000000000e+00
1.000000000000000056e-01 5.214008287999683944e+02 0.000000000000000000e+00
1.000000000000000056e-01 5.336699231206307559e+02 0.000000000000000000e+00
1.000000000000000056e-01 5.462277217684342077e+02 0.000000000000000000e+00
1.000000000000000056e-01 5.590810182512223037e+02 0.000000000000000000e+00
1.000000000000000056e-01 5.722367659350220492e+02 0.000000000000000000e+00
1.000000000000000056e-01 5.857020818056666940e+02 0.000000000000000000e+00
1.000000000000000056e-01 5.994842503189408944e+02 0.000000000000000000e+00
1.000000000000000056e-01 6.135907273413175744e+02 0.000000000000000000e+00
1.000000000000000056e-01 6.280291441834252737e+02 0.000000000000000000e+00
1.000000000000000056e-01 6.428073117284319551e+02 0.000000000000000000e+00
1.000000000000000056e-01 6.579332246575681893e+02 0.000000000000000000e+00
1.000000000000000056e-01 6.734150657750820983e+02 0.000000000000000000e+00
1.000000000000000056e-01 6.892612104349694846e+02 0.000000000000000000e+00
1.000000000000000056e-01 7.054802310718645231e+02 0.000000000000000000e+00
1.000000000000000056e-01 7.220809018385464242e+02 0.000000000000000000e+00
1.000000000000000056e-01 7.390722033525775032e+02 0.000000000000000000e+00
1.000000000000000056e-01 7.564633275546290179e+02 0.000000000000000000e+00
1.000000000000000056e-01 7.742636826811269657e+02 0.000000000000000000e+00
1.000000000000000056e-01 7.924828983539169940e+02 0.000000000000000000e+00
1.000000000000000056e-01 8.111308307896872520e+02 0.000000000000000000e+00
1.000000000000000056e-01 8.302175681319744172e+02 0.000000000000000000e+00
1.000000000000000056e-01 8.497534359086438371e+02 0.000000000000000000e+00
1.000000000000000056e-01 8.697490026177833897e+02 0.000000000000000000e+00
1.000000000000000056e-01 8.902150854450383122e+02 0.000000000000000000e+00
1.000000000000000056e-01 9.111627561154896284e+02 0.000000000000000000e+00
1.000000000000000056e-01 9.326033468832199560e+02 0.000000000000000000e+00
1.000000000000000056e-01 9.545484566618337112e+02 0.000000000000000000e+00
1.000000000000000056e-01 9.770099572992256753e+02 0.000000000000000000e+00
1.000000000000000056e-01 1.000000000000000000e+03 0.000000000000000000e+00
1.000000000000000056e-01 1.000000000000000000e+03 0.000000000000000000e+00
1.000000000000000056e-01 1.097498765493055544e+03 0.000000000000000000e+00
1.000000000000000056e-01 1.204503540258781186e+03 0.000000000000000000e+00
1.000000000000000056e-01 1.321941148466028608e+03 0.000000000000000000e+00
1.000000000000000056e-01 1.450828778495938650e+03 0.000000000000000000e+00
1.000000000000000056e-01 1.592282793341090610e+03 0.000000000000000000e+00
1.000000000000000056e-01 1.747528400007682876e+03 0.000000000000000000e+00
1.000000000000000056e-01 1.917910261672486740e+03 0.000000000000000000e+00
1.000000000000000056e-01 2.104904144512019684e+03 0.000000000000000000e+00
1.000000000000000056e-01 2.310129700083158241e+03 0.000000000000000000e+00
1.000000000000000056e-01 2.535364493970108924e+03 0.000000000000000000e+00
1.000000000000000056e-01 2.782559402207123185e+03 0.000000000000000000e+00
1.000000000000000056e-01 3.053855508833412387e+03 0.000000000000000000e+00
1.000000000000000056e-01 3.351602650938840725e+03 0.000000000000000000e+00
1.000000000000000056e-01 3.678379771828630510e+03 0.000000000000000000e+00
1.000000000000000056e-01 4.037017258596553802e+03 0.000000000000000000e+00
1.000000000000000056e-01 4.430621457583877600e+03 0.000000000000000000e+00
1.000000000000000056e-01 4.862601580065348571e+03 0.000000000000000000e+00
1.000000000000000056e-01 5.336699231206307559e+03 0.000000000000000000e+00
1.000000000000000056e-01 5.857020818056661483e+03 0.000000000000000000e+00
1.000000000000000056e-01 6.428073117284318869e+03 0.000000000000000000e+00
1.000000000000000056e-01 7.054802310718638182e+03 0.000000000000000000e+00
1.000000000000000056e-01 7.742636826811270112e+03 0.000000000000000000e+00
1.000000000000000056e-01 8.497534359086437689e+03 0.000000000000000000e+00
1.000000000000000056e-01 9.326033468832189101e+03 0.000000000000000000e+00
1.000000000000000056e-01 1.023531021899026928e+04 0.000000000000000000e+00
1.000000000000000056e-01 1.123324032978026480e+04 0.000000000000000000e+00
1.000000000000000056e-01 1.232846739442065882e+04 0.000000000000000000e+00
1.000000000000000056e-01 1.353047774579807628e+04 0.000000000000000000e+00
1.000000000000000056e-01 1.484968262254463480e+04 0.000000000000000000e+00
1.000000000000000056e-01 1.629750834620643400e+04 0.000000000000000000e+00
1.000000000000000056e-01 1.788649529057435211e+04 0.000000000000000000e+00
1.000000000000000056e-01 1.963040650040268520e+04 0.000000000000000000e+00
1.000000000000000056e-01 2.154434690031882201e+04 0.000000000000000000e+00
1.000000000000000056e-01 2.364489412645407356e+04 0.000000000000000000e+00
1.000000000000000056e-01 2.595024211399731939e+04 0.000000000000000000e+00
1.000000000000000056e-01 2.848035868435799057e+04 0.000000000000000000e+00
1.000000000000000056e-01 3.125715849688235176e+04 0.000000000000000000e+00
1.000000000000000056e-01 3.430469286314912461e+04 0.000000000000000000e+00
1.000000000000000056e-01 3.764935806792470976e+04 0.000000000000000000e+00
1.000000000000000056e-01 4.132012400115334458e+04 0.000000000000000000e+00
1.000000000000000056e-01 4.534878508128582325e+04 0.000000000000000000e+00
1.000000000000000056e-01 4.977023564332113892e+04 0.000000000000000000e+00
1.000000000000000056e-01 5.462277217684336938e+04 0.000000000000000000e+00
1.000000000000000056e-01 5.994842503189409035e+04 0.000000000000000000e+00
1.000000000000000056e-01 6.579332246575682075e+04 0.000000000000000000e+00
1.000000000000000056e-01 7.220809018385456875e+04 0.000000000000000000e+00
1.000000000000000056e-01 7.924828983539169712e+04 0.000000000000000000e+00
1.000000000000000056e-01 8.697490026177834079e+04 0.000000000000000000e+00
1.000000000000000056e-01 9.545484566618327517e+04 0.000000000000000000e+00
1.000000000000000056e-01 1.047615752789664111e+05 0.000000000000000000e+00
1.000000000000000056e-01 1.149756995397735591e+05 0.000000000000000000e+00
1.000000000000000056e-01 1.261856883066018490e+05 0.000000000000000000e+00
1.000000000000000056e-01 1.384886371393871668e+05 0.000000000000000000e+00
1.000000000000000056e-01 1.519911082952933211e+05 0.000000000000000000e+00
1.000000000000000056e-01 1.668100537200059043e+05 0.000000000000000000e+00
1.000000000000000056e-01 1.830738280295369623e+05 0.000000000000000000e+00
1.000000000000000056e-01 2.009233002565045899e+05 0.000000000000000000e+00
1.000000000000000056e-01 2.205130739903045760e+05 0.000000000000000000e+00
1.000000000000000056e-01 2.420128264794383431e+05 0.000000000000000000e+00
1.000000000000000056e-01 2.656087782946684165e+05 0.000000000000000000e+00
1.000000000000000056e-01 2.915053062825175584e+05 0.000000000000000000e+00
1.000000000000000056e-01 3.199267137797384639e+05 0.000000000000000000e+00
1.000000000000000056e-01 3.511191734215127653e+05 0.000000000000000000e+00
1.000000000000000056e-01 3.853528593710527639e+05 0.000000000000000000e+00
1.000000000000000056e-01 4.229242874389499193e+05 0.000000000000000000e+00
1.000000000000000056e-01 4.641588833612772287e+05 0.000000000000000000e+00
1.000000000000000056e-01 5.094138014816375216e+05 0.000000000000000000e+00
1.000000000000000056e-01 5.590810182512222091e+05 0.000000000000000000e+00
1.000000000000000056e-01 6.135907273413175717e+05 0.000000000000000000e+00
1.000000000000000056e-01 6.734150657750827959e+05 0.000000000000000000e+00
1.000000000000000056e-01 7.390722033525775187e+05 0.000000000000000000e+00
1.000000000000000056e-01 8.111308307896872284e+05 0.000000000000000000e+00
1.000000000000000056e-01 8.902150854450393235e+05 0.000000000000000000e+00
1.000000000000000056e-01 9.770099572992246831e+05 0.000000000000000000e+00
1.000000000000000056e-01 1.072267222010323079e+06 0.000000000000000000e+00
1.000000000000000056e-01 1.176811952434999170e+06 0.000000000000000000e+00
1.000000000000000056e-01 1.291549665014882805e+06 0.000000000000000000e+00
1.000000000000000056e-01 1.417474162926804740e+06 0.000000000000000000e+00
1.000000000000000056e-01 1.555676143930472201e+06 0.000000000000000000e+00
1.000000000000000056e-01 1.707352647470688680e+06 0.000000000000000000e+00
1.000000000000000056e-01 1.873817422860383056e+06 0.000000000000000000e+00
1.000000000000000056e-01 2.056512308348651510e+06 0.000000000000000000e+00
1.000000000000000056e-01 2.257019719633921515e+06 0.000000000000000000e+00
1.000000000000000056e-01 2.477076355991709046e+06 0.000000000000000000e+00
1.000000000000000056e-01 2.718588242732940242e+06 0.000000000000000000e+00
1.000000000000000056e-01 2.983647240283340216e+06 0.000000000000000000e+00
1.000000000000000056e-01 3.274549162877731491e+06 0.000000000000000000e+00
1.000000000000000056e-01 3.593813663804625627e+06 0.000000000000000000e+00
1.000000000000000056e-01 3.944206059437655844e+06 0.000000000000000000e+00
1.000000000000000056e-01 4.328761281083061360e+06 0.000000000000000000e+00
1.000000000000000056e-01 4.750810162102793343e+06 0.000000000000000000e+00
1.000000000000000056e-01 5.214008287999684922e+06 0.000000000000000000e+00
1.000000000000000056e-01 5.722367659350220114e+06 0.000000000000000000e+00
1.000000000000000056e-01 6.280291441834246740e+06 0.000000000000000000e+00
1.000000000000000056e-01 6.892612104349695146e+06 0.000000000000000000e+00
1.000000000000000056e-01 7.564633275546290912e+06 0.000000000000000000e+00
1.000000000000000056e-01 8.302175681319751777e+06 0.000000000000000000e+00
1.000000000000000056e-01 9.111627561154887080e+06 0.000000000000000000e+00
1.000000000000000056e-01 1.000000000000000000e+07 0.000000000000000000e+00
1.400000000000000133e-01 1.000000000000000000e+02 2.184968290512872557e-01
1.400000000000000133e-01 1.023531021899025859e+02 2.027637947697897847e-01
1.400000000000000133e-01 1.047615752789664043e+02 1.877417672448579711e-01
1.400000000000000133e-01 1.072267222010323167e+02 1.733985239694781355e-01
1.400000000000000133e-01 1.097498765493055686e+02 1.597032186278433408e-01
1.400000000000000133e-01 1.123324032978026565e+02 1.466262811635675178e-01
1.400000000000000133e-01 1.149756995397735579e+02 1.341394068540315565e-01
1.400000000000000133e-01 1.176811952434997863e+02 1.222154708639338477e-01
1.400000000000000133e-01 1.204503540258782408e+02 1.108285027808354195e-01
1.400000000000000133e-01 1.232846739442065882e+02 9.995364749181638586e-02
1.400000000000000133e-01 1.261856883066019748e+02 8.956712393737613354e-02
1.400000000000000133e-01 1.291549665014883885e+02 7.964619130446490280e-02
1.400000000000000133e-01 1.321941148466028721e+02 7.016908943555072442e-02
1.400000000000000133e-01 1.353047774579807481e+02 6.111499724659243821e-02
1.400000000000000133e-01 1.384886371393873219e+02 5.246397974426229155e-02
1.400000000000000133e-01 1.417474162926804695e+02 4.419691126372998768e-02
1.400000000000000133e-01 1.450828778495940128e+02 3.629541897115728250e-02
1.400000000000000133e-01 1.484968262254465117e+02 2.874178642459834093e-02
1.400000000000000133e-01 1.519911082952933157e+02 2.151882815711626470e-02
1.400000000000000133e-01 1.555676143930472222e+02 1.460966706435653205e-02
1.400000000000000133e-01 1.592282793341092315e+02 7.997216940375638169e-03
1.400000000000000133e-01 1.629750834620643332e+02 1.662392912142392817e-03
1.400000000000000133e-01 1.668100537200059250e+02 0.000000000000000000e+00
1.400000000000000133e-01 1.707352647470690385e+02 0.000000000000000000e+00
1.400000000000000133e-01 1.747528400007682876e+02 0.000000000000000000e+00
1.400000000000000133e-01 1.788649529057435075e+02 0.000000000000000000e+00
1.400000000000000133e-01 1.830738280295367701e+02 0.000000000000000000e+00
1.400000000000000133e-01 1.873817422860383033e+02 0.000000000000000000e+00
1.400000000000000133e-01 1.917910261672488730e+02 0.000000000000000000e+00
1.400000000000000133e-01 1.963040650040270521e+02 0.000000000000000000e+00
1.400000000000000133e-01 2.009233002565045751e+02 0.000000000000000000e+00
1.400000000000000133e-01 2.056512308348651459e+02 0.000000000000000000e+00
1.400000000000000133e-01 2.104904144512019855e+02 0.000000000000000000e+00
1.400000000000000133e-01 2.154434690031882269e+02 0.000000000000000000e+00
1.400000000000000133e-01 2.205130739903045480e+02 0.000000000000000000e+00
1.400000000000000133e-01 2.257019719633919124e+02 0.000000000000000000e+00
1.400000000000000133e-01 2.310129700083157900e+02 0.000000000000000000e+00
1.400000000000000133e-01 2.364489412645407072e+02 0.000000000000000000e+00
1.400000000000000133e-01 2.420128264794381039e+02 0.000000000000000000e+00
1.400000000000000133e-01 2.477076355991711409e+02 0.000000000000000000e+00
1.400000000000000133e-01 2.535364493970111539e+02 0.000000000000000000e+00
1.400000000000000133e-01 2.595024211399737055e+02 0.000000000000000000e+00
1.400000000000000133e-01 2.656087782946686957e+02 0.000000000000000000e+00
1.400000000000000133e-01 2.718588242732940330e+02 0.000000000000000000e+00
1.400000000000000133e-01 2.782559402207126027e+02 0.000000000000000000e+00
1.400000000000000133e-01 2.848035868435802058e+02 0.000000000000000000e+00
1.400000000000000133e-01 2.915053062825175516e+02 0.000000000000000000e+00
1.400000000000000133e-01 2.983647240283340238e+02 0.000000000000000000e+00
1.400000000000000133e-01 3.053855508833415797e+02 0.000000000000000000e+00
1.400000000000000133e-01 3.125715849688235153e+02 0.000000000000000000e+00
1.400000000000000133e-01 3.199267137797384635e+02 0.000000000000000000e+00
1.400000000000000133e-01 3.274549162877728463e+02 0.000000000000000000e+00
1.400000000000000133e-01 3.351602650938841066e+02 0.000000000000000000e+00
1.400000000000000133e-01 3.430469286314919373e+02 0.000000000000000000e+00
1.400000000000000133e-01 3.511191734215130964e+02 0.000000000000000000e+00
1.400000000000000133e-01 3.593813663804625662e+02 0.000000000000000000e+00
1.400000000000000133e-01 3.678379771828634262e+02 0.000000000000000000e+00
1.400000000000000133e-01 3.764935806792467474e+02 0.000000000000000000e+00
1.400000000000000133e-01 3.853528593710527161e+02 0.000000000000000000e+00
1.400000000000000133e-01 3.944206059437656222e+02 0.000000000000000000e+00
1.400000000000000133e-01 4.037017258596553688e+02 0.000000000000000000e+00
1.400000000000000133e-01 4.132012400115334572e+02 0.000000000000000000e+00
1.400000000000000133e-01 4.229242874389498752e+02 0.000000000000000000e+00
1.400000000000000133e-01 4.328761281083056929e+02 0.000000000000000000e+00
1.400000000000000133e-01 4.430621457583877714e+02 0.000000000000000000e+00
1.400000000000000133e-01 4.534878508128581984e+02 0.000000000000000000e+00
1.400000000000000133e-01 4.641588833612777307e+02 0.000000000000000000e+00
1.400000000000000133e-01 4.750810162102798131e+02 0.000000000000000000e+00
1.400000000000000133e-01 4.862601580065353346e+02 0.000000000000000000e+00
1.400000000000000133e-01 4.977023564332108663e+02 0.000000000000000000e+00
1.400000000000000133e-01 5.094138014816380178e+02 0.000000000000000000e+00
1.400000000000000133e-01 5.214008287999683944e+02 0.000000000000000000e+00
1.400000000000000133e-01 5.336699231206307559e+02 0.000000000000000000e+00
1.400000000000000133e-01 5.462277217684342077e+02 0.000000000000000000e+00
1.400000000000000133e-01 5.590810182512223037e+02 0.000000000000000000e+00
1.400000000000000133e-01 5.722367659350220492e+02 0.000000000000000000e+00
1.400000000000000133e-01 5.857020818056666940e+02 0.000000000000000000e+00
1.400000000000000133e-01 5.994842503189408944e+02 0.000000000000000000e+00
1.400000000000000133e-01 6.135907273413175744e+02 0.000000000000000000e+00
1.400000000000000133e-01 6.280291441834252737e+02 0.000000000000000000e+00
1.400000000000000133e-01 6.428073117284319551e+02 0.000000000000000000e+00
1.400000000000000133e-01 6.579332246575681893e+02 0.000000000000000000e+00
1.400000000000000133e-01 6.734150657750820983e+02 0.000000000000000000e+00
1.400000000000000133e-01 6.892612104349694846e+02 0.000000000000000000e+00
1.400000000000000133e-01 7.054802310718645231e+02 0.000000000000000000e+00
1.400000000000000133e-01 7.220809018385464242e+02 0.000000000000000000e+00
1.400000000000000133e-01 7.390722033525775032e+02 0.000000000000000000e+00
1.400000000000000133e-01 7.564633275546290179e+02 0.000000000000000000e+00
1.400000000000000133e-01 7.742636826811269657e+02 0.000000000000000000e+00
1.400000000000000133e-01 7.924828983539169940e+02 0.000000000000000000e+00
1.400000000000000133e-01 8.111308307896872520e+02 0.000000000000000000e+00
1.400000000000000133e-01 8.302175681319744172e+02 0.000000000000000000e+00
1.400000000000000133e-01 8.497534359086438371e+02 0.000000000000000000e+00
1.400000000000000133e-01 8.697490026177833897e+02 0.000000000000000000e+00
1.400000000000000133e-01 8.902150854450383122e+02 0.000000000000000000e+00
1.400000000000000133e-01 9.111627561154896284e+02 0.000000000000000000e+00
1.400000000000000133e-01 9.326033468832199560e+02 0.000000000000000000e+00
1.400000000000000133e-01 9.545484566618337112e+02 0.000000000000000000e+00
1.400000000000000133e-01 9.770099572992256753e+02 0.000000000000000000e+00
1.400000000000000133e-01 1.000000000000000000e+03 0.000000000000000000e+00
1.400000000000000133e-01 1.000000000000000000e+03 0.000000000000000000e+00
1.400000000000000133e-01 1.097498765493055544e+03 0.000000000000000000e+00
1.400000000000000133e-01 1.204503540258781186e+03 0.000000000000000000e+00
1.400000000000000133e-01 1.321941148466028608e+03 0.000000000000000000e+00
1.400000000000000133e-01 1.450828778495938650e+03 0.000000000000000000e+00
1.400000000000000133e-01 1.592282793341090610e+03 0.000000000000000000e+00
1.400000000000000133e-01 1.747528400007682876e+03 0.000000000000000000e+00
1.400000000000000133e-01 1.917910261672486740e+03 0.000000000000000000e+00
1.400000000000000133e-01 2.104904144512019684e+03 0.000000000000000000e+00
1.400000000000000133e-01 2.310129700083158241e+03 0.000000000000000000e+00
1.400000000000000133e-01 2.535364493970108924e+03 0.000000000000000000e+00
1.400000000000000133e-01 2.782559402207123185e+03 0.000000000000000000e+00
1.400000000000000133e-01 3.053855508833412387e+03 0.000000000000000000e+00
1.400000000000000133e-01 3.351602650938840725e+03 0.000000000000000000e+00
1.400000000000000133e-01 3.678379771828630510e+03 0.000000000000000000e+00
1.400000000000000133e-01 4.037017258596553802e+03 0.000000000000000000e+00
1.400000000000000133e-01 4.430621457583877600e+03 0.000000000000000000e+00
1.400000000000000133e-01 4.862601580065348571e+03 0.000000000000000000e+00
1.400000000000000133e-01 5.336699231206307559e+03 0.000000000000000000e+00
1.400000000000000133e-01 5.857020818056661483e+03 0.000000000000000000e+00
1.400000000000000133e-01 6.428073117284318869e+03 0.000000000000000000e+00
1.400000000000000133e-01 7.054802310718638182e+03 0.000000000000000000e+00
1.400000000000000133e-01 7.742636826811270112e+03 0.000000000000000000e+00
1.400000000000000133e-01 8.497534359086437689e+03 0.000000000000000000e+00
1.400000000000000133e-01 9.326033468832189101e+03 0.000000000000000000e+00
1.400000000000000133e-01 1.023531021899026928e+04 0.000000000000000000e+00
1.400000000000000133e-01 1.123324032978026480e+04 0.000000000000000000e+00
1.400000000000000133e-01 1.232846739442065882e+04 0.000000000000000000e+00
1.400000000000000133e-01 1.353047774579807628e+04 0.000000000000000000e+00
1.400000000000000133e-01 1.484968262254463480e+04 0.000000000000000000e+00
1.400000000000000133e-01 1.629750834620643400e+04 0.000000000000000000e+00
1.400000000000000133e-01 1.788649529057435211e+04 0.000000000000000000e+00
1.400000000000000133e-01 1.963040650040268520e+04 0.000000000000000000e+00
1.400000000000000133e-01 2.154434690031882201e+04 0.000000000000000000e+00
1.400000000000000133e-01 2.364489412645407356e+04 0.000000000000000000e+00
1.400000000000000133e-01 2.595024211399731939e+04 0.000000000000000000e+00
1.400000000000000133e-01 2.848035868435799057e+04 0.000000000000000000e+00
1.400000000000000133e-01 3.125715849688235176e+04 0.000000000000000000e+00
1.400000000000000133e-01 3.430469286314912461e+04 0.000000000000000000e+00
1.400000000000000133e-01 3.764935806792470976e+04 0.000000000000000000e+00
1.400000000000000133e-01 4.132012400115334458e+04 0.000000000000000000e+00
1.400000000000000133e-01 4.534878508128582325e+04 0.000000000000000000e+00
1.400000000000000133e-01 4.977023564332113892e+04 0.000000000000000000e+00
1.400000000000000133e-01 5.462277217684336938e+04 0.000000000000000000e+00
1.400000000000000133e-01 5.994842503189409035e+04 0.000000000000000000e+00
1.400000000000000133e-01 6.579332246575682075e+04 0.000000000000000000e+00
1.400000000000000133e-01 7.220809018385456875e+04 0.000000000000000000e+00
1.400000000000000133e-01 7.924828983539169712e+04 0.000000000000000000e+00
1.400000000000000133e-01 8.697490026177834079e+04 0.000000000000000000e+00
1.400000000000000133e-01 9.545484566618327517e+04 0.000000000000000000e+00
1.400000000000000133e-01 1.047615752789664111e+05 0.000000000000000000e+00
1.400000000000000133e-01 1.149756995397735591e+05 0.000000000000000000e+00
1.400000000000000133e-01 1.261856883066018490e+05 0.000000000000000000e+00
1.400000000000000133e-01 1.384886371393871668e+05 0.000000000000000000e+00
1.400000000000000133e-01 1.519911082952933211e+05 0.000000000000000000e+00
1.400000000000000133e-01 1.668100537200059043e+05 0.000000000000000000e+00
1.400000000000000133e-01 1.830738280295369623e+05 0.000000000000000000e+00
1.400000000000000133e-01 2.009233002565045899e+05 0.000000000000000000e+00
1.400000000000000133e-01 2.205130739903045760e+05 0.000000000000000000e+00
1.400000000000000133e-01 2.420128264794383431e+05 0.000000000000000000e+00
1.400000000000000133e-01 2.656087782946684165e+05 0.000000000000000000e+00
1.400000000000000133e-01 2.915053062825175584e+05 0.000000000000000000e+00
1.400000000000000133e-01 3.199267137797384639e+05 0.000000000000000000e+00
1.400000000000000133e-01 3.511191734215127653e+05 0.000000000000000000e+00
1.400000000000000133e-01 3.853528593710527639e+05 0.000000000000000000e+00
1.400000000000000133e-01 4.229242874389499193e+05 0.000000000000000000e+00
1.400000000000000133e-01 4.641588833612772287e+05 0.000000000000000000e+00
1.400000000000000133e-01 5.094138014816375216e+05 0.000000000000000000e+00
1.400000000000000133e-01 5.590810182512222091e+05 0.000000000000000000e+00
1.400000000000000133e-01 6.135907273413175717e+05 0.000000000000000000e+00
1.400000000000000133e-01 6.734150657750827959e+05 0.000000000000000000e+00
1.400000000000000133e-01 7.390722033525775187e+05 0.000000000000000000e+00
1.400000000000000133e-01 8.111308307896872284e+05 0.000000000000000000e+00
1.400000000000000133e-01 8.902150854450393235e+05 0.000000000000000000e+00
1.400000000000000133e-01 9.770099572992246831e+05 0.000000000000000000e+00
1.400000000000000133e-01 1.072267222010323079e+06 0.000000000000000000e+00
1.400000000000000133e-01 1.176811952434999170e+06 0.000000000000000000e+00
1.400000000000000133e-01 1.291549665014882805e+06 0.000000000000000000e+00
1.400000000000000133e-01 1.417474162926804740e+06 0.000000000000000000e+00
1.400000000000000133e-01 1.555676143930472201e+06 0.000000000000000000e+00
1.400000000000000133e-01 1.707352647470688680e+06 0.000000000000000000e+00
1.400000000000000133e-01 1.873817422860383056e+06 0.000000000000000000e+00
1.400000000000000133e-01 2.056512308348651510e+06 0.000000000000000000e+00
1.400000000000000133e-01 2.257019719633921515e+06 0.000000000000000000e+00
1.400000000000000133e-01 2.477076355991709046e+06 0.000000000000000000e+00
1.400000000000000133e-01 2.718588242732940242e+06 0.000000000000000000e+00
1.400000000000000133e-01 2.983647240283340216e+06 0.000000000000000000e+00
1.400000000000000133e-01 3.274549162877731491e+06 0.000000000000000000e+00
1.400000000000000133e-01 3.593813663804625627e+06 0.000000000000000000e+00
1.400000000000000133e-01 3.944206059437655844e+06 0.000000000000000000e+00
1.400000000000000133e-01 4.328761281083061360e+06 0.000000000000000000e+00
1.400000000000000133e-01 4.750810162102793343e+06 0.000000000000000000e+00
1.400000000000000133e-01 5.214008287999684922e+06 0.000000000000000000e+00
1.400000000000000133e-01 5.722367659350220114e+06 0.000000000000000000e+00
1.400000000000000133e-01 6.280291441834246740e+06 0.000000000000000000e+00
1.400000000000000133e-01 6.892612104349695146e+06 0.000000000000000000e+00
1.400000000000000133e-01 7.564633275546290912e+06 0.000000000000000000e+00
1.400000000000000133e-01 8.302175681319751777e+06 0.000000000000000000e+00
1.400000000000000133e-01 9.111627561154887080e+06 0.000000000000000000e+00
1.400000000000000133e-01 1.000000000000000000e+07 0.000000000000000000e+00
2.000000000000000111e-01 1.000000000000000000e+02 2.184966444435607058e-01
2.000000000000000111e-01 1.023531021899025859e+02 2.027636428399905988e-01
2.000000000000000111e-01 1.047615752789664043e+02 1.877416405524591769e-01
2.000000000000000111e-01 1.072267222010323167e+02 1.733984187630279727e-01
2.000000000000000111e-01 1.097498765493055686e+02 1.597031250837897542e-01
2.000000000000000111e-01 1.123324032978026565e+02 1.466262026352298797e-01
2.000000000000000111e-01 1.149756995397735579e+02 1.341393384693858604e-01
2.000000000000000111e-01 1.176811952434997863e+02 1.222154101359255590e-01
2.000000000000000111e-01 1.204503540258782408e+02 1.108284484910669193e-01
2.000000000000000111e-01 1.232846739442065882e+02 9.995359901447625761e-02
2.000000000000000111e-01 1.261856883066019748e+02 8.956708142558190977e-02
2.000000000000000111e-01 1.291549665014883885e+02 7.964615417085071924e-02
2.000000000000000111e-01 1.321941148466028721e+02 7.016905709303328242e-02
2.000000000000000111e-01 1.353047774579807481e+02 6.111496494714589028e-02
2.000000000000000111e-01 1.384886371393873219e+02 5.246395703183158454e-02
2.000000000000000111e-01 1.417474162926804695e+02 4.419689276560038321e-02
2.000000000000000111e-01 1.450828778495940128e+02 3.629540460927024870e-02
2.000000000000000111e-01 1.484968262254465117e+02 2.874177558712411040e-02
2.000000000000000111e-01 1.519911082952933157e+02 2.151882047824697081e-02
2.000000000000000111e-01 1.555676143930472222e+02 1.460966213262641228e-02
2.000000000000000111e-01 1.592282793341092315e+02 7.997214210887596333e-03
2.000000000000000111e-01 1.629750834620643332e+02 1.662391979651203300e-03
2.000000000000000111e-01 1.668100537200059250e+02 0.000000000000000000e+00
2.000000000000000111e-01 1.707352647470690385e+02 0.000000000000000000e+00
2.000000000000000111e-01 1.747528400007682876e+02 0.000000000000000000e+00
2.000000000000000111e-01 1.788649529057435075e+02 0.000000000000000000e+00
2.000000000000000111e-01 1.830738280295367701e+02 0.000000000000000000e+00
2.000000000000000111e-01 1.873817422860383033e+02 0.000000000000000000e+00
2.000000000000000111e-01 1.917910261672488730e+02 0.000000000000000000e+00
2.000000000000000111e-01 1.963040650040270521e+02 0.000000000000000000e+00
2.000000000000000111e-01 2.009233002565045751e+02 0.000000000000000000e+00
2.000000000000000111e-01 2.056512308348651459e+02 0.000000000000000000e+00
2.000000000000000111e-01 2.104904144512019855e+02 0.000000000000000000e+00
2.000000000000000111e-01 2.154434690031882269e+02 0.000000000000000000e+00
2.000000000000000111e-01 2.205130739903045480e+02 0.000000000000000000e+00
2.000000000000000111e-01 2.257019719633919124e+02 0.000000000000000000e+00
2.000000000000000111e-01 2.310129700083157900e+02 0.000000000000000000e+00
2.000000000000000111e-01 2.364489412645407072e+02 0.000000000000000000e+00
2.000000000000000111e-01 2.420128264794381039e+02 0.000000000000000000e+00
2.000000000000000111e-01 2.477076355991711409e+02 0.000000000000000000e+00
2.000000000000000111e-01 2.535364493970111539e+02 0.000000000000000000e+00
2.000000000000000111e-01 2.595024211399737055e+02 0.000000000000000000e+00
2.000000000000000111e-01 2.656087782946686957e+02 0.000000000000000000e+00
2.000000000000000111e-01 2.718588242732940330e+02 0.000000000000000000e+00
2.000000000000000111e-01 2.782559402207126027e+02 0.000000000000000000e+00
2.000000000000000111e-01 2.848035868435802058e+02 0.000000000000000000e+00
2.000000000000000111e-01 2.915053062825175516e+02 0.000000000000000000e+00
2.000000000000000111e-01 2.983647240283340238e+02 0.000000000000000000e+00
2.000000000000000111e-01 3.053855508833415797e+02 0.000000000000000000e+00
2.000000000000000111e-01 3.125715849688235153e+02 0.000000000000000000e+00
2.000000000000000111e-01 3.199267137797384635e+02 0.000000000000000000e+00
2.000000000000000111e-01 3.274549162877728463e+02 0.000000000000000000e+00
2.000000000000000111e-01 3.351602650938841066e+02 0.000000000000000000e+00
2.000000000000000111e-01 3.430469286314919373e+02 0.000000000000000000e+00
2.000000000000000111e-01 3.511191734215130964e+02 0.000000000000000000e+00
2.000000000000000111e-01 3.593813663804625662e+02 0.000000000000000000e+00
2.000000000000000111e-01 3.678379771828634262e+02 0.000000000000000000e+00
2.000000000000000111e-01 3.764935806792467474e+02 0.000000000000000000e+00
2.000000000000000111e-01 3.853528593710527161e+02 0.000000000000000000e+00
2.000000000000000111e-01 3.944206059437656222e+02 0.000000000000000000e+00
2.000000000000000111e-01 4.037017258596553688e+02 0.000000000000000000e+00
2.000000000000000111e-01 4.132012400115334572e+02 0.000000000000000000e+00
2.000000000000000111e-01 4.229242874389498752e+02 0.000000000000000000e+00
2.000000000000000111e-01 4.328761281083056929e+02 0.000000000000000000e+00
2.000000000000000111e-01 4.430621457583877714e+02 0.000000000000000000e+00
2.000000000000000111e-01 4.534878508128581984e+02 0.000000000000000000e+00
2.000000000000000111e-01 4.641588833612777307e+02 0.000000000000000000e+00
2.000000000000000111e-01 4.750810162102798131e+02 0.000000000000000000e+00
2.000000000000000111e-01 4.862601580065353346e+02 0.000000000000000000e+00
2.000000000000000111e-01 4.977023564332108663e+02 0.000000000000000000e+00
2.000000000000000111e-01 5.094138014816380178e+02 0.000000000000000000e+00
2.000000000000000111e-01 5.214008287999683944e+02 0.000000000000000000e+00
2.000000000000000111e-01 5.336699231206307559e+02 0.000000000000000000e+00
2.000000000000000111e-01 5.462277217684342077e+02 0.000000000000000000e+00
2.000000000000000111e-01 5.590810182512223037e+02 0.000000000000000000e+00
2.000000000000000111e-01 5.722367659350220492e+02 0.000000000000000000e+00
2.000000000000000111e-01 5.857020818056666940e+02 0.000000000000000000e+00
2.000000000000000111e-01 5.994842503189408944e+02 0.000000000000000000e+00
2.000000000000000111e-01 6.135907273413175744e+02 0.000000000000000000e+00
2.000000000000000111e-01 6.280291441834252737e+02 0.000000000000000000e+00
2.000000000000000111e-01 6.428073117284319551e+02 0.000000000000000000e+00
2.000000000000000111e-01 6.579332246575681893e+02 0.000000000000000000e+00
2.000000000000000111e-01 6.734150657750820983e+02 0.000000000000000000e+00
2.000000000000000111e-01 6.892612104349694846e+02 0.000000000000000000e+00
2.000000000000000111e-01 7.054802310718645231e+02 0.000000000000000000e+00
2.000000000000000111e-01 7.220809018385464242e+02 0.000000000000000000e+00
2.000000000000000111e-01 7.390722033525775032e+02 0.000000000000000000e+00
2.000000000000000111e-01 7.564633275546290179e+02 0.000000000000000000e+00
2.000000000000000111e-01 7.742636826811269657e+02 0.000000000000000000e+00
2.000000000000000111e-01 7.924828983539169940e+02 0.000000000000000000e+00
2.000000000000000111e-01 8.111308307896872520e+02 0.000000000000000000e+00
2.000000000000000111e-01 8.302175681319744172e+02 0.000000000000000000e+00
2.000000000000000111e-01 8.497534359086438371e+02 0.000000000000000000e+00
2.000000000000000111e-01 8.697490026177833897e+02 0.000000000000000000e+00
2.000000000000000111e-01 8.902150854450383122e+02 0.000000000000000000e+00
2.000000000000000111e-01 9.111627561154896284e+02 0.000000000000000000e+00
2.000000000000000111e-01 9.326033468832199560e+02 0.000000000000000000e+00
2.000000000000000111e-01 9.545484566618337112e+02 0.000000000000000000e+00
2.000000000000000111e-01 9.770099572992256753e+02 0.000000000000000000e+00
2.000000000000000111e-01 1.000000000000000000e+03 0.000000000000000000e+00
2.000000000000000111e-01 1.000000000000000000e+03 0.000000000000000000e+00
2.000000000000000111e-01 1.097498765493055544e+03 0.000000000000000000e+00
2.000000000000000111e-01 1.204503540258781186e+03 0.000000000000000000e+00
2.000000000000000111e-01 1.321941148466028608e+03 0.000000000000000000e+00
2.000000000000000111e-01 1.450828778495938650e+03 0.000000000000000000e+00
2.000000000000000111e-01 1.592282793341090610e+03 0.000000000000000000e+00
2.000000000000000111e-01 1.747528400007682876e+03 0.000000000000000000e+00
2.000000000000000111e-01 1.917910261672486740e+03 0.000000000000000000e+00
2.000000000000000111e-01 2.104904144512019684e+03 0.000000000000000000e+00
2.000000000000000111e-01 2.310129700083158241e+03 0.000000000000000000e+00
2.000000000000000111e-01 2.535364493970108924e+03 0.000000000000000000e+00
2.000000000000000111e-01 2.782559402207123185e+03 0.000000000000000000e+00
2.000000000000000111e-01 3.053855508833412387e+03 0.000000000000000000e+00
2.000000000000000111e-01 3.351602650938840725e+03 0.000000000000000000e+00
2.000000000000000111e-01 3.678379771828630510e+03 0.000000000000000000e+00
2.000000000000000111e-01 4.037017258596553802e+03 0.000000000000000000e+00
2.000000000000000111e-01 4.430621457583877600e+03 0.000000000000000000e+00
2.000000000000000111e-01 4.862601580065348571e+03 0.000000000000000000e+00
2.000000000000000111e-01 5.336699231206307559e+03 0.000000000000000000e+00
2.000000000000000111e-01 5.857020818056661483e+03 0.000000000000000000e+00
2.000000000000000111e-01 6.428073117284318869e+03 0.000000000000000000e+00
2.000000000000000111e-01 7.054802310718638182e+03 0.000000000000000000e+00
2.000000000000000111e-01 7.742636826811270112e+03 0.000000000000000000e+00
2.000000000000000111e-01 8.497534359086437689e+03 0.000000000000000000e+00
2.000000000000000111e-01 9.326033468832189101e+03 0.000000000000000000e+00
2.000000000000000111e-01 1.023531021899026928e+04 0.000000000000000000e+00
2.000000000000000111e-01 1.123324032978026480e+04 0.000000000000000000e+00
2.000000000000000111e-01 1.232846739442065882e+04 0.000000000000000000e+00
2.000000000000000111e-01 1.353047774579807628e+04 0.000000000000000000e+00
2.000000000000000111e-01 1.484968262254463480e+04 0.000000000000000000e+00
2.000000000000000111e-01 1.629750834620643400e+04 0.000000000000000000e+00
2.000000000000000111e-01 1.788649529057435211e+04 0.000000000000000000e+00
2.000000000000000111e-01 1.963040650040268520e+04 0.000000000000000000e+00
2.000000000000000111e-01 2.154434690031882201e+04 0.000000000000000000e+00
2.000000000000000111e-01 2.364489412645407356e+04 0.000000000000000000e+00
2.000000000000000111e-01 2.595024211399731939e+04 0.000000000000000000e+00
2.000000000000000111e-01 2.848035868435799057e+04 0.000000000000000000e+00
2.000000000000000111e-01 3.125715849688235176e+04 0.000000000000000000e+00
2.000000000000000111e-01 3.430469286314912461e+04 0.000000000000000000e+00
2.000000000000000111e-01 3.764935806792470976e+04 0.000000000000000000e+00
2.000000000000000111e-01 4.132012400115334458e+04 0.000000000000000000e+00
2.000000000000000111e-01 4.534878508128582325e+04 0.000000000000000000e+00
2.000000000000000111e-01 4.977023564332113892e+04 0.000000000000000000e+00
2.000000000000000111e-01 5.462277217684336938e+04 0.000000000000000000e+00
2.000000000000000111e-01 5.994842503189409035e+04 0.000000000000000000e+00
2.000000000000000111e-01 6.579332246575682075e+04 0.000000000000000000e+00
2.000000000000000111e-01 7.220809018385456875e+04 0.000000000000000000e+00
2.000000000000000111e-01 7.924828983539169712e+04 0.000000000000000000e+00
2.000000000000000111e-01 8.697490026177834079e+04 0.000000000000000000e+00
2.000000000000000111e-01 9.545484566618327517e+04 0.000000000000000000e+00
2.000000000000000111e-01 1.047615752789664111e+05 0.000000000000000000e+00
2.000000000000000111e-01 1.149756995397735591e+05 0.000000000000000000e+00
2.000000000000000111e-01 1.261856883066018490e+05 0.000000000000000000e+00
2.000000000000000111e-01 1.384886371393871668e+05 0.000000000000000000e+00
2.000000000000000111e-01 1.519911082952933211e+05 0.000000000000000000e+00
2.000000000000000111e-01 1.668100537200059043e+05 0.000000000000000000e+00
2.000000000000000111e-01 1.830738280295369623e+05 0.000000000000000000e+00
2.000000000000000111e-01 2.009233002565045899e+05 0.000000000000000000e+00
2.000000000000000111e-01 2.205130739903045760e+05 0.000000000000000000e+00
2.000000000000000111e-01 2.420128264794383431e+05 0.000000000000000000e+00
2.000000000000000111e-01 2.656087782946684165e+05 0.000000000000000000e+00
2.000000000000000111e-01 2.915053062825175584e+05 0.000000000000000000e+00
2.000000000000000111e-01 3.199267137797384639e+05 0.000000000000000000e+00
2.000000000000000111e-01 3.511191734215127653e+05 0.000000000000000000e+00
2.000000000000000111e-01 3.853528593710527639e+05 0.000000000000000000e+00
2.000000000000000111e-01 4.229242874389499193e+05 0.000000000000000000e+00
2.000000000000000111e-01 4.641588833612772287e+05 0.000000000000000000e+00
2.000000000000000111e-01 5.094138014816375216e+05 0.000000000000000000e+00
2.000000000000000111e-01 5.590810182512222091e+05 0.000000000000000000e+00
2.000000000000000111e-01 6.135907273413175717e+05 0.000000000000000000e+00
2.000000000000000111e-01 6.734150657750827959e+05 0.000000000000000000e+00
2.000000000000000111e-01 7.390722033525775187e+05 0.000000000000000000e+00
2.000000000000000111e-01 8.111308307896872284e+05 0.000000000000000000e+00
2.000000000000000111e-01 8.902150854450393235e+05 0.000000000000000000e+00
2.000000000000000111e-01 9.770099572992246831e+05 0.000000000000000000e+00
2.000000000000000111e-01 1.072267222010323079e+06 0.000000000000000000e+00
2.000000000000000111e-01 1.176811952434999170e+06 0.000000000000000000e+00
2.000000000000000111e-01 1.291549665014882805e+06 0.000000000000000000e+00
2.000000000000000111e-01 1.417474162926804740e+06 0.000000000000000000e+00
2.000000000000000111e-01 1.555676143930472201e+06 0.000000000000000000e+00
2.000000000000000111e-01 1.707352647470688680e+06 0.000000000000000000e+00
2.000000000000000111e-01 1.873817422860383056e+06 0.000000000000000000e+00
2.000000000000000111e-01 2.056512308348651510e+06 0.000000000000000000e+00
2.000000000000000111e-01 2.257019719633921515e+06 0.000000000000000000e+00
2.000000000000000111e-01 2.477076355991709046e+06 0.000000000000000000e+00
2.000000000000000111e-01 2.718588242732940242e+06 0.000000000000000000e+00
2.000000000000000111e-01 2.983647240283340216e+06 0.000000000000000000e+00
2.000000000000000111e-01 3.274549162877731491e+06 0.000000000000000000e+00
2.000000000000000111e-01 3.593813663804625627e+06 0.000000000000000000e+00
2.000000000000000111e-01 3.944206059437655844e+06 0.000000000000000000e+00
2.000000000000000111e-01 4.328761281083061360e+06 0.000000000000000000e+00
2.000000000000000111e-01 4.750810162102793343e+06 0.000000000000000000e+00
2.000000000000000111e-01 5.214008287999684922e+06 0.000000000000000000e+00
2.000000000000000111e-01 5.722367659350220114e+06 0.000000000000000000e+00
2.000000000000000111e-01 6.280291441834246740e+06 0.000000000000000000e+00
2.000000000000000111e-01 6.892612104349695146e+06 0.000000000000000000e+00
2.000000000000000111e-01 7.564633275546290912e+06 0.000000000000000000e+00
2.000000000000000111e-01 8.302175681319751777e+06 0.000000000000000000e+00
2.000000000000000111e-01 9.111627561154887080e+06 0.000000000000000000e+00
2.000000000000000111e-01 1.000000000000000000e+07 0.000000000000000000e+00
2.999999999999999889e-01 1.000000000000000000e+02 2.184961930258087770e-01
2.999999999999999889e-01 1.023531021899025859e+02 2.027632683011896531e-01
2.999999999999999889e-01 1.047615752789664043e+02 1.877413300859485379e-01
2.999999999999999889e-01 1.072267222010323167e+02 1.733981589411688340e-01
2.999999999999999889e-01 1.097498765493055686e+02 1.597029035807140396e-01
2.999999999999999889e-01 1.123324032978026565e+02 1.466260120574736925e-01
2.999999999999999889e-01 1.149756995397735579e+02 1.341391708703486840e-01
2.999999999999999889e-01 1.176811952434997863e+02 1.222152609034039411e-01
2.999999999999999889e-01 1.204503540258782408e+02 1.108283154480186883e-01
2.999999999999999889e-01 1.232846739442065882e+02 9.995347914654867383e-02
2.999999999999999889e-01 1.261856883066019748e+02 8.956697604819031933e-02
2.999999999999999889e-01 1.291549665014883885e+02 7.964605173522723569e-02
2.999999999999999889e-01 1.321941148466028721e+02 7.016897756965691235e-02
2.999999999999999889e-01 1.353047774579807481e+02 6.111489888867958908e-02
2.999999999999999889e-01 1.384886371393873219e+02 5.246390114448241243e-02
2.999999999999999889e-01 1.417474162926804695e+02 4.419684732288600704e-02
2.999999999999999889e-01 1.450828778495940128e+02 3.629536916871517471e-02
2.999999999999999889e-01 1.484968262254465117e+02 2.874174850243821008e-02
2.999999999999999889e-01 1.519911082952933157e+02 2.151880159720872751e-02
2.999999999999999889e-01 1.555676143930472222e+02 1.460964995030916008e-02
2.999999999999999889e-01 1.592282793341092315e+02 7.997207513112579436e-03
2.999999999999999889e-01 1.629750834620643332e+02 1.662389591948285105e-03
2.999999999999999889e-01 1.668100537200059250e+02 0.000000000000000000e+00
2.999999999999999889e-01 1.707352647470690385e+02 0.000000000000000000e+00
2.999999999999999889e-01 1.747528400007682876e+02 0.000000000000000000e+00
2.999999999999999889e-01 1.788649529057435075e+02 0.000000000000000000e+00
2.999999999999999889e-01 1.830738280295367701e+02 0.000000000000000000e+00
2.999999999999999889e-01 1.873817422860383033e+02 0.000000000000000000e+00
2.999999999999999889e-01 1.917910261672488730e+02 0.000000000000000000e+00
2.999999999999999889e-01 1.963040650040270521e+02 0.000000000000000000e+00
2.999999999999999889e-01 2.009233002565045751e+02 0.000000000000000000e+00
2.999999999999999889e-01 2.056512308348651459e+02 0.000000000000000000e+00
2.999999999999999889e-01 2.104904144512019855e+02 0.000000000000000000e+00
2.999999999999999889e-01 2.154434690031882269e+02 0.000000000000000000e+00
2.999999999999999889e-01 2.205130739903045480e+02 0.000000000000000000e+00
2.999999999999999889e-01 2.257019719633919124e+02 0.000000000000000000e+00
2.999999999999999889e-01 2.310129700083157900e+02 0.000000000000000000e+00
2.999999999999999889e-01 2.364489412645407072e+02 0.000000000000000000e+00
2.999999999999999889e-01 2.420128264794381039e+02 0.000000000000000000e+00
2.999999999999999889e-01 2.477076355991711409e+02 0.000000000000000000e+00
2.999999999999999889e-01 2.535364493970111539e+02 0.000000000000000000e+00
2.999999999999999889e-01 2.595024211399737055e+02 0.000000000000000000e+00
2.999999999999999889e-01 2.656087782946686957e+02 0.000000000000000000e+00
2.999999999999999889e-01 2.718588242732940330e+02 0.000000000000000000e+00
2.999999999999999889e-01 2.782559402207126027e+02 0.000000000000000000e+00
2.999999999999999889e-01 2.848035868435802058e+02 0.000000000000000000e+00
2.999999999999999889e-01 2.915053062825175516e+02 0.000000000000000000e+00
2.999999999999999889e-01 2.983647240283340238e+02 0.000000000000000000e+00
2.999999999999999889e-01 3.053855508833415797e+02 0.000000000000000000e+00
2.999999999999999889e-01 3.125715849688235153e+02 0.000000000000000000e+00
2.999999999999999889e-01 3.199267137797384635e+02 0.000000000000000000e+00
2.999999999999999889e-01 3.274549162877728463e+02 0.000000000000000000e+00
2.999999999999999889e-01 3.351602650938841066e+02 0.000000000000000000e+00
2.999999999999999889e-01 3.430469286314919373e+02 0.000000000000000000e+00
2.999999999999999889e-01 3.511191734215130964e+02 0.000000000000000000e+00
2.999999999999999889e-01 3.593813663804625662e+02 0.000000000000000000e+00
2.999999999999999889e-01 3.678379771828634262e+02 0.000000000000000000e+00
2.999999999999999889e-01 3.764935806792467474e+02 0.000000000000000000e+00
2.999999999999999889e-01 3.853528593710527161e+02 0.000000000000000000e+00
2.999999999999999889e-01 3.944206059437656222e+02 0.000000000000000000e+00
2.999999999999999889e-01 4.037017258596553688e+02 0.000000000000000000e+00
2.999999999999999889e-01 4.132012400115334572e+02 0.000000000000000000e+00
2.999999999999999889e-01 4.229242874389498752e+02 0.000000000000000000e+00
2.999999999999999889e-01 4.328761281083056929e+02 0.000000000000000000e+00
2.999999999999999889e-01 4.430621457583877714e+02 0.000000000000000000e+00
2.999999999999999889e-01 4.534878508128581984e+02 0.000000000000000000e+00
2.999999999999999889e-01 4.641588833612777307e+02 0.000000000000000000e+00
2.999999999999999889e-01 4.750810162102798131e+02 0.000000000000000000e+00
2.999999999999999889e-01 4.862601580065353346e+02 0.000000000000000000e+00
2.999999999999999889e-01 4.977023564332108663e+02 0.000000000000000000e+00
2.999999999999999889e-01 5.094138014816380178e+02 0.000000000000000000e+00
2.999999999999999889e-01 5.214008287999683944e+02 0.000000000000000000e+00
2.999999999999999889e-01 5.336699231206307559e+02 0.000000000000000000e+00
2.999999999999999889e-01 5.462277217684342077e+02 0.000000000000000000e+00
2.999999999999999889e-01 5.590810182512223037e+02 0.000000000000000000e+00
2.999999999999999889e-01 5.722367659350220492e+02 0.000000000000000000e+00
2.999999999999999889e-01 5.857020818056666940e+02 0.000000000000000000e+00
2.999999999999999889e-01 5.994842503189408944e+02 0.000000000000000000e+00
2.999999999999999889e-01 6.135907273413175744e+02 0.000000000000000000e+00
2.999999999999999889e-01 6.280291441834252737e+02 0.000000000000000000e+00
2.999999999999999889e-01 6.428073117284319551e+02 0.000000000000000000e+00
2.999999999999999889e-01 6.579332246575681893e+02 0.000000000000000000e+00
2.999999999999999889e-01 6.734150657750820983e+02 0.000000000000000000e+00
2.999999999999999889e-01 6.892612104349694846e+02 0.000000000000000000e+00
2.999999999999999889e-01 7.054802310718645231e+02 0.000000000000000000e+00
2.999999999999999889e-01 7.220809018385464242e+02 0.000000000000000000e+00
2.999999999999999889e-01 7.390722033525775032e+02 0.000000000000000000e+00
2.999999999999999889e-01 7.564633275546290179e+02 0.000000000000000000e+00
2.999999999999999889e-01 7.742636826811269657e+02 0.000000000000000000e+00
2.999999999999999889e-01 7.924828983539169940e+02 0.000000000000000000e+00
2.999999999999999889e-01 8.111308307896872520e+02 0.000000000000000000e+00
2.999999999999999889e-01 8.302175681319744172e+02 0.000000000000000000e+00
2.999999999999999889e-01 8.497534359086438371e+02 0.000000000000000000e+00
2.999999999999999889e-01 8.697490026177833897e+02 0.000000000000000000e+00
2.999999999999999889e-01 8.902150854450383122e+02 0.000000000000000000e+00
2.999999999999999889e-01 9.111627561154896284e+02 0.000000000000000000e+00
2.999999999999999889e-01 9.326033468832199560e+02 0.000000000000000000e+00
2.999999999999999889e-01 9.545484566618337112e+02 0.000000000000000000e+00
2.999999999999999889e-01 9.770099572992256753e+02 0.000000000000000000e+00
2.999999999999999889e-01 1.000000000000000000e+03 0.000000000000000000e+00
2.999999999999999889e-01 1.000000000000000000e+03 0.000000000000000000e+00
2.999999999999999889e-01 1.097498765493055544e+03 0.000000000000000000e+00
2.999999999999999889e-01 1.204503540258781186e+03 0.000000000000000000e+00
2.999999999999999889e-01 1.321941148466028608e+03 0.000000000000000000e+00
2.999999999999999889e-01 1.450828778495938650e+03 0.000000000000000000e+00
2.999999999999999889e-01 1.592282793341090610e+03 0.000000000000000000e+00
2.999999999999999889e-01 1.747528400007682876e+03 0.000000000000000000e+00
2.999999999999999889e-01 1.917910261672486740e+03 0.000000000000000000e+00
2.999999999999999889e-01 2.104904144512019684e+03 0.000000000000000000e+00
2.999999999999999889e-01 2.310129700083158241e+03 0.000000000000000000e+00
2.999999999999999889e-01 2.535364493970108924e+03 0.000000000000000000e+00
2.999999999999999889e-01 2.782559402207123185e+03 0.000000000000000000e+00
2.999999999999999889e-01 3.053855508833412387e+03 0.000000000000000000e+00
2.999999999999999889e-01 3.351602650938840725e+03 0.000000000000000000e+00
2.999999999999999889e-01 3.678379771828630510e+03 0.000000000000000000e+00
2.999999999999999889e-01 4.037017258596553802e+03 0.000000000000000000e+00
2.999999999999999889e-01 4.430621457583877600e+03 0.000000000000000000e+00
2.999999999999999889e-01 4.862601580065348571e+03 0.000000000000000000e+00
2.999999999999999889e-01 5.336699231206307559e+03 0.000000000000000000e+00
2.999999999999999889e-01 5.857020818056661483e+03 0.000000000000000000e+00
2.999999999999999889e-01 6.428073117284318869e+03 0.000000000000000000e+00
2.999999999999999889e-01 7.054802310718638182e+03 0.000000000000000000e+00
2.999999999999999889e-01 7.742636826811270112e+03 0.000000000000000000e+00
2.999999999999999889e-01 8.497534359086437689e+03 0.000000000000000000e+00
2.999999999999999889e-01 9.326033468832189101e+03 0.000000000000000000e+00
2.999999999999999889e-01 1.023531021899026928e+04 0.000000000000000000e+00
2.999999999999999889e-01 1.123324032978026480e+04 0.000000000000000000e+00
2.999999999999999889e-01 1.232846739442065882e+04 0.000000000000000000e+00
2.999999999999999889e-01 1.353047774579807628e+04 0.000000000000000000e+00
2.999999999999999889e-01 1.484968262254463480e+04 0.000000000000000000e+00
2.999999999999999889e-01 1.629750834620643400e+04 0.000000000000000000e+00
2.999999999999999889e-01 1.788649529057435211e+04 0.000000000000000000e+00
2.999999999999999889e-01 1.963040650040268520e+04 0.000000000000000000e+00
2.999999999999999889e-01 2.154434690031882201e+04 0.000000000000000000e+00
2.999999999999999889e-01 2.364489412645407356e+04 0.000000000000000000e+00
2.999999999999999889e-01 2.595024211399731939e+04 0.000000000000000000e+00
2.999999999999999889e-01 2.848035868435799057e+04 0.000000000000000000e+00
2.999999999999999889e-01 3.125715849688235176e+04 0.000000000000000000e+00
2.999999999999999889e-01 3.430469286314912461e+04 0.000000000000000000e+00
2.999999999999999889e-01 3.764935806792470976e+04 0.000000000000000000e+00
2.999999999999999889e-01 4.132012400115334458e+04 0.000000000000000000e+00
2.999999999999999889e-01 4.534878508128582325e+04 0.000000000000000000e+00
2.999999999999999889e-01 4.977023564332113892e+04 0.000000000000000000e+00
2.999999999999999889e-01 5.462277217684336938e+04 0.000000000000000000e+00
2.999999999999999889e-01 5.994842503189409035e+04 0.000000000000000000e+00
2.999999999999999889e-01 6.579332246575682075e+04 0.000000000000000000e+00
2.999999999999999889e-01 7.220809018385456875e+04 0.000000000000000000e+00
2.999999999999999889e-01 7.924828983539169712e+04 0.000000000000000000e+00
2.999999999999999889e-01 8.697490026177834079e+04 0.000000000000000000e+00
2.999999999999999889e-01 9.545484566618327517e+04 0.000000000000000000e+00
2.999999999999999889e-01 1.047615752789664111e+05 0.000000000000000000e+00
2.999999999999999889e-01 1.149756995397735591e+05 0.000000000000000000e+00
2.999999999999999889e-01 1.261856883066018490e+05 0.000000000000000000e+00
2.999999999999999889e-01 1.384886371393871668e+05 0.000000000000000000e+00
2.999999999999999889e-01 1.519911082952933211e+05 0.000000000000000000e+00
2.999999999999999889e-01 1.668100537200059043e+05 0.000000000000000000e+00
2.999999999999999889e-01 1.830738280295369623e+05 0.000000000000000000e+00
2.999999999999999889e-01 2.009233002565045899e+05 0.000000000000000000e+00
2.999999999999999889e-01 2.205130739903045760e+05 0.000000000000000000e+00
2.999999999999999889e-01 2.420128264794383431e+05 0.000000000000000000e+00
2.999999999999999889e-01 2.656087782946684165e+05 0.000000000000000000e+00
2.999999999999999889e-01 2.915053062825175584e+05 0.000000000000000000e+00
2.999999999999999889e-01 3.199267137797384639e+05 0.000000000000000000e+00
2.999999999999999889e-01 3.511191734215127653e+05 0.000000000000000000e+00
2.999999999999999889e-01 3.853528593710527639e+05 0.000000000000000000e+00
2.999999999999999889e-01 4.229242874389499193e+05 0.000000000000000000e+00
2.999999999999999889e-01 4.641588833612772287e+05 0.000000000000000000e+00
2.999999999999999889e-01 5.094138014816375216e+05 0.000000000000000000e+00
2.999999999999999889e-01 5.590810182512222091e+05 0.000000000000000000e+00
2.999999999999999889e-01 6.135907273413175717e+05 0.000000000000000000e+00
2.999999999999999889e-01 6.734150657750827959e+05 0.000000000000000000e+00
2.999999999999999889e-01 7.390722033525775187e+05 0.000000000000000000e+00
2.999999999999999889e-01 8.111308307896872284e+05 0.000000000000000000e+00
2.999999999999999889e-01 8.902150854450393235e+05 0.000000000000000000e+00
2.999999999999999889e-01 9.770099572992246831e+05 0.000000000000000000e+00
2.999999999999999889e-01 1.072267222010323079e+06 0.000000000000000000e+00
2.999999999999999889e-01 1.176811952434999170e+06 0.000000000000000000e+00
2.999999999999999889e-01 1.291549665014882805e+06 0.000000000000000000e+00
2.999999999999999889e-01 1.417474162926804740e+06 0.000000000000000000e+00
2.999999999999999889e-01 1.555676143930472201e+06 0.000000000000000000e+00
2.999999999999999889e-01 1.707352647470688680e+06 0.000000000000000000e+00
2.999999999999999889e-01 1.873817422860383056e+06 0.000000000000000000e+00
2.999999999999999889e-01 2.056512308348651510e+06 0.000000000000000000e+00
2.999999999999999889e-01 2.257019719633921515e+06 0.000000000000000000e+00
2.999999999999999889e-01 2.477076355991709046e+06 0.000000000000000000e+00
2.999999999999999889e-01 2.718588242732940242e+06 0.000000000000000000e+00
2.999999999999999889e-01 2.983647240283340216e+06 0.000000000000000000e+00
2.999999999999999889e-01 3.274549162877731491e+06 0.000000000000000000e+00
2.999999999999999889e-01 3.593813663804625627e+06 0.000000000000000000e+00
2.999999999999999889e-01 3.944206059437655844e+06 0.000000000000000000e+00
2.999999999999999889e-01 4.328761281083061360e+06 0.000000000000000000e+00
2.999999999999999889e-01 4.750810162102793343e+06 0.000000000000000000e+00
2.999999999999999889e-01 5.214008287999684922e+06 0.000000000000000000e+00
2.999999999999999889e-01 5.722367659350220114e+06 0.000000000000000000e+00
2.999999999999999889e-01 6.280291441834246740e+06 0.000000000000000000e+00
2.999999999999999889e-01 6.892612104349695146e+06 0.000000000000000000e+00
2.999999999999999889e-01 7.564633275546290912e+06 0.000000000000000000e+00
2.999999999999999889e-01 8.302175681319751777e+06 0.000000000000000000e+00
2.999999999999999889e-01 9.111627561154887080e+06 0.000000000000000000e+00
2.999999999999999889e-01 1.000000000000000000e+07 0.000000000000000000e+00
5.000000000000000000e-01 1.000000000000000000e+02 2.184947522361187222e-01
5.000000000000000000e-01 1.023531021899025859e+02 2.027620755409457187e-01
5.000000000000000000e-01 1.047615752789664043e+02 1.877403356231150677e-01
5.000000000000000000e-01 1.072267222010323167e+02 1.733973244320032026e-01
5.000000000000000000e-01 1.097498765493055686e+02 1.597021943104939001e-01
5.000000000000000000e-01 1.123324032978026565e+02 1.466253987381034296e-01
5.000000000000000000e-01 1.149756995397735579e+02 1.341386323356291710e-01
5.000000000000000000e-01 1.176811952434997863e+02 1.222147830113605865e-01
5.000000000000000000e-01 1.204503540258782408e+02 1.108278887084943459e-01
5.000000000000000000e-01 1.232846739442065882e+02 9.995309890447816314e-02
5.000000000000000000e-01 1.261856883066019748e+02 8.956663964955567658e-02
5.000000000000000000e-01 1.291549665014883885e+02 7.964575659462810875e-02
5.000000000000000000e-01 1.321941148466028721e+02 7.016872293765050173e-02
5.000000000000000000e-01 1.353047774579807481e+02 6.111468833118137434e-02
5.000000000000000000e-01 1.384886371393873219e+02 5.246372230736186942e-02
5.000000000000000000e-01 1.417474162926804695e+02 4.419670317311716334e-02
5.000000000000000000e-01 1.450828778495940128e+02 3.629525590034685806e-02
5.000000000000000000e-01 1.484968262254465117e+02 2.874166367938501415e-02
5.000000000000000000e-01 1.519911082952933157e+02 2.151874186199267264e-02
5.000000000000000000e-01 1.555676143930472222e+02 1.460961052994584966e-02
5.000000000000000000e-01 1.592282793341092315e+02 7.997185670925558570e-03
5.000000000000000000e-01 1.629750834620643332e+02 1.662380903156333335e-03
5.000000000000000000e-01 1.668100537200059250e+02 0.000000000000000000e+00
5.000000000000000000e-01 1.707352647470690385e+02 0.000000000000000000e+00
5.000000000000000000e-01 1.747528400007682876e+02 0.000000000000000000e+00
5.000000000000000000e-01 1.788649529057435075e+02 0.000000000000000000e+00
5.000000000000000000e-01 1.830738280295367701e+02 0.000000000000000000e+00
5.000000000000000000e-01 1.873817422860383033e+02 0.000000000000000000e+00
5.000000000000000000e-01 1.917910261672488730e+02 0.000000000000000000e+00
5.000000000000000000e-01 1.963040650040270521e+02 0.000000000000000000e+00
5.000000000000000000e-01 2.009233002565045751e+02 0.000000000000000000e+00
5.000000000000000000e-01 2.056512308348651459e+02 0.000000000000000000e+00
5.000000000000000000e-01 2.104904144512019855e+02 0.000000000000000000e+00
5.000000000000000000e-01 2.154434690031882269e+02 0.000000000000000000e+00
5.000000000000000000e-01 2.205130739903045480e+02 0.000000000000000000e+00
5.000000000000000000e-01 2.257019719633919124e+02 0.000000000000000000e+00
5.000000000000000000e-01 2.310129700083157900e+02 0.000000000000000000e+00
5.000000000000000000e-01 2.364489412645407072e+02 0.000000000000000000e+00
5.000000000000000000e-01 2.420128264794381039e+02 0.000000000000000000e+00
5.000000000000000000e-01 2.477076355991711409e+02 0.000000000000000000e+00
5.000000000000000000e-01 2.535364493970111539e+02 0.000000000000000000e+00
5.000000000000000000e-01 2.595024211399737055e+02 0.000000000000000000e+00
5.000000000000000000e-01 2.656087782946686957e+02 0.000000000000000000e+00
5.000000000000000000e-01 2.718588242732940330e+02 0.000000000000000000e+00
5.000000000000000000e-01 2.782559402207126027e+02 0.000000000000000000e+00
5.000000000000000000e-01 2.848035868435802058e+02 0.000000000000000000e+00
5.000000000000000000e-01 2.915053062825175516e+02 0.000000000000000000e+00
5.000000000000000000e-01 2.983647240283340238e+02 0.000000000000000000e+00
5.000000000000000000e-01 3.053855508833415797e+02 0.000000000000000000e+00
5.000000000000000000e-01 3.125715849688235153e+02 0.000000000000000000e+00
5.000000000000000000e-01 3.199267137797384635e+02 0.000000000000000000e+00
5.000000000000000000e-01 3.274549162877728463e+02 0.000000000000000000e+00
5.000000000000000000e-01 3.351602650938841066e+02 0.000000000000000000e+00
5.000000000000000000e-01 3.430469286314919373e+02 0.000000000000000000e+00
5.000000000000000000e-01 3.511191734215130964e+02 0.000000000000000000e+00
5.000000000000000000e-01 3.593813663804625662e+02 0.000000000000000000e+00
5.000000000000000000e-01 3.678379771828634262e+02 0.000000000000000000e+00
5.000000000000000000e-01 3.764935806792467474e+02 0.000000000000000000e+00
5.000000000000000000e-01 3.853528593710527161e+02 0.000000000000000000e+00
5.000000000000000000e-01 3.944206059437656222e+02 0.000000000000000000e+00
5.000000000000000000e-01 4.037017258596553688e+02 0.000000000000000000e+00
5.000000000000000000e-01 4.132012400115334572e+02 0.000000000000000000e+00
5.000000000000000000e-01 4.229242874389498752e+02 0.000000000000000000e+00
5.000000000000000000e-01 4.328761281083056929e+02 0.000000000000000000e+00
5.000000000000000000e-01 4.430621457583877714e+02 0.000000000000000000e+00
5.000000000000000000e-01 4.534878508128581984e+02 0.000000000000000000e+00
5.000000000000000000e-01 4.641588833612777307e+02 0.000000000000000000e+00
5.000000000000000000e-01 4.750810162102798131e+02 0.000000000000000000e+00
5.000000000000000000e-01 4.862601580065353346e+02 0.000000000000000000e+00
5.000000000000000000e-01 4.977023564332108663e+02 0.000000000000000000e+00
5.000000000000000000e-01 5.094138014816380178e+02 0.000000000000000000e+00
5.000000000000000000e-01 5.214008287999683944e+02 0.000000000000000000e+00
5.000000000000000000e-01 5.336699231206307559e+02 0.000000000000000000e+00
5.000000000000000000e-01 5.462277217684342077e+02 0.000000000000000000e+00
5.000000000000000000e-01 5.590810182512223037e+02 0.000000000000000000e+00
5.000000000000000000e-01 5.722367659350220492e+02 0.000000000000000000e+00
5.000000000000000000e-01 5.857020818056666940e+02 0.000000000000000000e+00
5.000000000000000000e-01 5.994842503189408944e+02 0.000000000000000000e+00
5.000000000000000000e-01 6.135907273413175744e+02 0.000000000000000000e+00
5.000000000000000000e-01 6.280291441834252737e+02 0.000000000000000000e+00
5.000000000000000000e-01 6.428073117284319551e+02 0.000000000000000000e+00
5.000000000000000000e-01 6.579332246575681893e+02 0.000000000000000000e+00
5.000000000000000000e-01 6.734150657750820983e+02 0.000000000000000000e+00
5.000000000000000000e-01 6.892612104349694846e+02 0.000000000000000000e+00
5.000000000000000000e-01 7.054802310718645231e+02 0.000000000000000000e+00
5.000000000000000000e-01 7.220809018385464242e+02 0.000000000000000000e+00
5.000000000000000000e-01 7.390722033525775032e+02 0.000000000000000000e+00
5.000000000000000000e-01 7.564633275546290179e+02 0.000000000000000000e+00
5.000000000000000000e-01 7.742636826811269657e+02 0.000000000000000000e+00
5.000000000000000000e-01 7.924828983539169940e+02 0.000000000000000000e+00
5.000000000000000000e-01 8.111308307896872520e+02 0.000000000000000000e+00
5.000000000000000000e-01 8.302175681319744172e+02 0.000000000000000000e+00
5.000000000000000000e-01 8.497534359086438371e+02 0.000000000000000000e+00
5.000000000000000000e-01 8.697490026177833897e+02 0.000000000000000000e+00
5.000000000000000000e-01 8.902150854450383122e+02 0.000000000000000000e+00
5.000000000000000000e-01 9.111627561154896284e+02 0.000000000000000000e+00
5.000000000000000000e-01 9.326033468832199560e+02 0.000000000000000000e+00
5.000000000000000000e-01 9.545484566618337112e+02 0.000000000000000000e+00
5.000000000000000000e-01 9.770099572992256753e+02 0.000000000000000000e+00
5.000000000000000000e-01 1.000000000000000000e+03 0.000000000000000000e+00
5.000000000000000000e-01 1.000000000000000000e+03 0.000000000000000000e+00
5.000000000000000000e-01 1.097498765493055544e+03 0.000000000000000000e+00
5.000000000000000000e-01 1.204503540258781186e+03 0.000000000000000000e+00
5.000000000000000000e-01 1.321941148466028608e+03 0.000000000000000000e+00
5.000000000000000000e-01 1.450828778495938650e+03 0.000000000000000000e+00
5.000000000000000000e-01 1.592282793341090610e+03 0.000000000000000000e+00
5.000000000000000000e-01 1.747528400007682876e+03 0.000000000000000000e+00
5.000000000000000000e-01 1.917910261672486740e+03 0.000000000000000000e+00
5.000000000000000000e-01 2.104904144512019684e+03 0.000000000000000000e+00
5.000000000000000000e-01 2.310129700083158241e+03 0.000000000000000000e+00
5.000000000000000000e-01 2.535364493970108924e+03 0.000000000000000000e+00
5.000000000000000000e-01 2.782559402207123185e+03 0.000000000000000000e+00
5.000000000000000000e-01 3.053855508833412387e+03 0.000000000000000000e+00
5.000000000000000000e-01 3.351602650938840725e+03 0.000000000000000000e+00
5.000000000000000000e-01 3.678379771828630510e+03 0.000000000000000000e+00
5.000000000000000000e-01 4.037017258596553802e+03 0.000000000000000000e+00
5.000000000000000000e-01 4.430621457583877600e+03 0.000000000000000000e+00
5.000000000000000000e-01 4.862601580065348571e+03 0.000000000000000000e+00
5.000000000000000000e-01 5.336699231206307559e+03 0.000000000000000000e+00
5.000000000000000000e-01 5.857020818056661483e+03 0.000000000000000000e+00
5.000000000000000000e-01 6.428073117284318869e+03 0.000000000000000000e+00
5.000000000000000000e-01 7.054802310718638182e+03 0.000000000000000000e+00
5.000000000000000000e-01 7.742636826811270112e+03 0.000000000000000000e+00
5.000000000000000000e-01 8.497534359086437689e+03 0.000000000000000000e+00
5.000000000000000000e-01 9.326033468832189101e+03 0.000000000000000000e+00
5.000000000000000000e-01 1.023531021899026928e+04 0.000000000000000000e+00
5.000000000000000000e-01 1.123324032978026480e+04 0.000000000000000000e+00
5.000000000000000000e-01 1.232846739442065882e+04 0.000000000000000000e+00
5.000000000000000000e-01 1.353047774579807628e+04 0.000000000000000000e+00
5.000000000000000000e-01 1.484968262254463480e+04 0.000000000000000000e+00
5.000000000000000000e-01 1.629750834620643400e+04 0.000000000000000000e+00
5.000000000000000000e-01 1.788649529057435211e+04 0.000000000000000000e+00
5.000000000000000000e-01 1.963040650040268520e+04 0.000000000000000000e+00
5.000000000000000000e-01 2.154434690031882201e+04 0.000000000000000000e+00
5.000000000000000000e-01 2.364489412645407356e+04 0.000000000000000000e+00
5.000000000000000000e-01 2.595024211399731939e+04 0.000000000000000000e+00
5.000000000000000000e-01 2.848035868435799057e+04 0.000000000000000000e+00
5.000000000000000000e-01 3.125715849688235176e+04 0.000000000000000000e+00
5.000000000000000000e-01 3.430469286314912461e+04 0.000000000000000000e+00
5.000000000000000000e-01 3.764935806792470976e+04 0.000000000000000000e+00
5.000000000000000000e-01 4.132012400115334458e+04 0.000000000000000000e+00
5.000000000000000000e-01 4.534878508128582325e+04 0.000000000000000000e+00
5.000000000000000000e-01 4.977023564332113892e+04 0.000000000000000000e+00
5.000000000000000000e-01 5.462277217684336938e+04 0.000000000000000000e+00
5.000000000000000000e-01 5.994842503189409035e+04 0.000000000000000000e+00
5.000000000000000000e-01 6.579332246575682075e+04 0.000000000000000000e+00
5.000000000000000000e-01 7.220809018385456875e+04 0.000000000000000000e+00
5.000000000000000000e-01 7.924828983539169712e+04 0.000000000000000000e+00
5.000000000000000000e-01 8.697490026177834079e+04 0.000000000000000000e+00
5.000000000000000000e-01 9.545484566618327517e+04 0.000000000000000000e+00
5.000000000000000000e-01 1.047615752789664111e+05 0.000000000000000000e+00
5.000000000000000000e-01 1.149756995397735591e+05 0.000000000000000000e+00
5.000000000000000000e-01 1.261856883066018490e+05 0.000000000000000000e+00
5.000000000000000000e-01 1.384886371393871668e+05 0.000000000000000000e+00
5.000000000000000000e-01 1.519911082952933211e+05 0.000000000000000000e+00
5.000000000000000000e-01 1.668100537200059043e+05 0.000000000000000000e+00
5.000000000000000000e-01 1.830738280295369623e+05 0.000000000000000000e+00
5.000000000000000000e-01 2.009233002565045899e+05 0.000000000000000000e+00
5.000000000000000000e-01 2.205130739903045760e+05 0.000000000000000000e+00
5.000000000000000000e-01 2.420128264794383431e+05 0.000000000000000000e+00
5.000000000000000000e-01 2.656087782946684165e+05 0.000000000000000000e+00
5.000000000000000000e-01 2.915053062825175584e+05 0.000000000000000000e+00
5.000000000000000000e-01 3.199267137797384639e+05 0.000000000000000000e+00
5.000000000000000000e-01 3.511191734215127653e+05 0.000000000000000000e+00
5.000000000000000000e-01 3.853528593710527639e+05 0.000000000000000000e+00
5.000000000000000000e-01 4.229242874389499193e+05 0.000000000000000000e+00
5.000000000000000000e-01 4.641588833612772287e+05 0.000000000000000000e+00
5.000000000000000000e-01 5.094138014816375216e+05 0.000000000000000000e+00
5.000000000000000000e-01 5.590810182512222091e+05 0.000000000000000000e+00
5.000000000000000000e-01 6.135907273413175717e+05 0.000000000000000000e+00
5.000000000000000000e-01 6.734150657750827959e+05 0.000000000000000000e+00
5.000000000000000000e-01 7.390722033525775187e+05 0.000000000000000000e+00
5.000000000000000000e-01 8.111308307896872284e+05 0.000000000000000000e+00
5.000000000000000000e-01 8.902150854450393235e+05 0.000000000000000000e+00
5.000000000000000000e-01 9.770099572992246831e+05 0.000000000000000000e+00
5.000000000000000000e-01 1.072267222010323079e+06 0.000000000000000000e+00
5.000000000000000000e-01 1.176811952434999170e+06 0.000000000000000000e+00
5.000000000000000000e-01 1.291549665014882805e+06 0.000000000000000000e+00
5.000000000000000000e-01 1.417474162926804740e+06 0.000000000000000000e+00
5.000000000000000000e-01 1.555676143930472201e+06 0.000000000000000000e+00
5.000000000000000000e-01 1.707352647470688680e+06 0.000000000000000000e+00
5.000000000000000000e-01 1.873817422860383056e+06 0.000000000000000000e+00
5.000000000000000000e-01 2.056512308348651510e+06 0.000000000000000000e+00
5.000000000000000000e-01 2.257019719633921515e+06 0.000000000000000000e+00
5.000000000000000000e-01 2.477076355991709046e+06 0.000000000000000000e+00
5.000000000000000000e-01 2.718588242732940242e+06 0.000000000000000000e+00
5.000000000000000000e-01 2.983647240283340216e+06 0.000000000000000000e+00
5.000000000000000000e-01 3.274549162877731491e+06 0.000000000000000000e+00
5.000000000000000000e-01 3.593813663804625627e+06 0.000000000000000000e+00
5.000000000000000000e-01 3.944206059437655844e+06 0.000000000000000000e+00
5.000000000000000000e-01 4.328761281083061360e+06 0.000000000000000000e+00
5.000000000000000000e-01 4.750810162102793343e+06 0.000000000000000000e+00
5.000000000000000000e-01 5.214008287999684922e+06 0.000000000000000000e+00
5.000000000000000000e-01 5.722367659350220114e+06 0.000000000000000000e+00
5.000000000000000000e-01 6.280291441834246740e+06 0.000000000000000000e+00
5.000000000000000000e-01 6.892612104349695146e+06 0.000000000000000000e+00
5.000000000000000000e-01 7.564633275546290912e+06 0.000000000000000000e+00
5.000000000000000000e-01 8.302175681319751777e+06 0.000000000000000000e+00
5.000000000000000000e-01 9.111627561154887080e+06 0.000000000000000000e+00
5.000000000000000000e-01 1.000000000000000000e+07 0.000000000000000000e+00
7.000000000000000666e-01 1.000000000000000000e+02 2.184926045360189861e-01
7.000000000000000666e-01 1.023531021899025859e+02 2.027602893410121176e-01
7.000000000000000666e-01 1.047615752789664043e+02 1.877388472645931949e-01
7.000000000000000666e-01 1.072267222010323167e+02 1.733960710706708153e-01
7.000000000000000666e-01 1.097498765493055686e+02 1.597011248544933648e-01
7.000000000000000666e-01 1.123324032978026565e+02 1.466244749407892289e-01
7.000000000000000666e-01 1.149756995397735579e+02 1.341378214394664536e-01
7.000000000000000666e-01 1.176811952434997863e+02 1.222140635939994585e-01
7.000000000000000666e-01 1.204503540258782408e+02 1.108272461312580781e-01
7.000000000000000666e-01 1.232846739442065882e+02 9.995252680550342772e-02
7.000000000000000666e-01 1.261856883066019748e+02 8.956613343123907833e-02
7.000000000000000666e-01 1.291549665014883885e+02 7.964532306233652881e-02
7.000000000000000666e-01 1.321941148466028721e+02 7.016834042168373919e-02
7.000000000000000666e-01 1.353047774579807481e+02 6.111436486227490861e-02
7.000000000000000666e-01 1.384886371393873219e+02 5.246344875626155618e-02
7.000000000000000666e-01 1.417474162926804695e+02 4.419648569044157260e-02
7.000000000000000666e-01 1.450828778495940128e+02 3.629508831615796405e-02
7.000000000000000666e-01 1.484968262254465117e+02 2.874153504049249339e-02
7.000000000000000666e-01 1.519911082952933157e+02 2.151864925424682579e-02
7.000000000000000666e-01 1.555676143930472222e+02 1.460955049528126111e-02
7.000000000000000666e-01 1.592282793341092315e+02 7.997151712448941074e-03
7.000000000000000666e-01 1.629750834620643332e+02 1.662364832846662454e-03
7.000000000000000666e-01 1.668100537200059250e+02 0.000000000000000000e+00
7.000000000000000666e-01 1.707352647470690385e+02 0.000000000000000000e+00
7.000000000000000666e-01 1.747528400007682876e+02 0.000000000000000000e+00
7.000000000000000666e-01 1.788649529057435075e+02 0.000000000000000000e+00
7.000000000000000666e-01 1.830738280295367701e+02 0.000000000000000000e+00
7.000000000000000666e-01 1.873817422860383033e+02 0.000000000000000000e+00
7.000000000000000666e-01 1.917910261672488730e+02 0.000000000000000000e+00
7.000000000000000666e-01 1.963040650040270521e+02 0.000000000000000000e+00
7.000000000000000666e-01 2.009233002565045751e+02 0.000000000000000000e+00
7.000000000000000666e-01 2.056512308348651459e+02 0.000000000000000000e+00
7.000000000000000666e-01 2.104904144512019855e+02 0.000000000000000000e+00
7.000000000000000666e-01 2.154434690031882269e+02 0.000000000000000000e+00
7.000000000000000666e-01 2.205130739903045480e+02 0.000000000000000000e+00
7.000000000000000666e-01 2.257019719633919124e+02 0.000000000000000000e+00
7.000000000000000666e-01 2.310129700083157900e+02 0.000000000000000000e+00
7.000000000000000666e-01 2.364489412645407072e+02 0.000000000000000000e+00
7.000000000000000666e-01 2.420128264794381039e+02 0.000000000000000000e+00
7.000000000000000666e-01 2.477076355991711409e+02 0.000000000000000000e+00
7.000000000000000666e-01 2.535364493970111539e+02 0.000000000000000000e+00
7.000000000000000666e-01 2.595024211399737055e+02 0.000000000000000000e+00
7.000000000000000666e-01 2.656087782946686957e+02 0.000000000000000000e+00
7.000000000000000666e-01 2.718588242732940330e+02 0.000000000000000000e+00
7.000000000000000666e-01 2.782559402207126027e+02 0.000000000000000000e+00
7.000000000000000666e-01 2.848035868435802058e+02 0.000000000000000000e+00
7.000000000000000666e-01 2.915053062825175516e+02 0.000000000000000000e+00
7.000000000000000666e-01 2.983647240283340238e+02 0.000000000000000000e+00
7.000000000000000666e-01 3.053855508833415797e+02 0.000000000000000000e+00
7.000000000000000666e-01 3.125715849688235153e+02 0.000000000000000000e+00
7.000000000000000666e-01 3.199267137797384635e+02 0.000000000000000000e+00
7.000000000000000666e-01 3.274549162877728463e+02 0.000000000000000000e+00
7.000000000000000666e-01 3.351602650938841066e+02 0.000000000000000000e+00
7.000000000000000666e-01 3.430469286314919373e+02 0.000000000000000000e+00
7.000000000000000666e-01 3.511191734215130964e+02 0.000000000000000000e+00
7.000000000000000666e-01 3.593813663804625662e+02 0.000000000000000000e+00
7.000000000000000666e-01 3.678379771828634262e+02 0.000000000000000000e+00
7.000000000000000666e-01 3.764935806792467474e+02 0.000000000000000000e+00
7.000000000000000666e-01 3.853528593710527161e+02 0.000000000000000000e+00
7.000000000000000666e-01 3.944206059437656222e+02 0.000000000000000000e+00
7.000000000000000666e-01 4.037017258596553688e+02 0.000000000000000000e+00
7.000000000000000666e-01 4.132012400115334572e+02 0.000000000000000000e+00
7.000000000000000666e-01 4.229242874389498752e+02 0.000000000000000000e+00
7.000000000000000666e-01 4.328761281083056929e+02 0.000000000000000000e+00
7.000000000000000666e-01 4.430621457583877714e+02 0.000000000000000000e+00
7.000000000000000666e-01 4.534878508128581984e+02 0.000000000000000000e+00
7.000000000000000666e-01 4.641588833612777307e+02 0.000000000000000000e+00
7.000000000000000666e-01 4.750810162102798131e+02 0.000000000000000000e+00
7.000000000000000666e-01 4.862601580065353346e+02 0.000000000000000000e+00
7.000000000000000666e-01 4.977023564332108663e+02 0.000000000000000000e+00
7.000000000000000666e-01 5.094138014816380178e+02 0.000000000000000000e+00
7.000000000000000666e-01 5.214008287999683944e+02 0.000000000000000000e+00
7.000000000000000666e-01 5.336699231206307559e+02 0.000000000000000000e+00
7.000000000000000666e-01 5.462277217684342077e+02 0.000000000000000000e+00
7.000000000000000666e-01 5.590810182512223037e+02 0.000000000000000000e+00
7.000000000000000666e-01 5.722367659350220492e+02 0.000000000000000000e+00
7.000000000000000666e-01 5.857020818056666940e+02 0.000000000000000000e+00
7.000000000000000666e-01 5.994842503189408944e+02 0.000000000000000000e+00
7.000000000000000666e-01 6.135907273413175744e+02 0.000000000000000000e+00
7.000000000000000666e-01 6.280291441834252737e+02 0.000000000000000000e+00
7.000000000000000666e-01 6.428073117284319551e+02 0.000000000000000000e+00
7.000000000000000666e-01 6.579332246575681893e+02 0.000000000000000000e+00
7.000000000000000666e-01 6.734150657750820983e+02 0.000000000000000000e+00
7.000000000000000666e-01 6.892612104349694846e+02 0.000000000000000000e+00
7.000000000000000666e-01 7.054802310718645231e+02 0.000000000000000000e+00
7.000000000000000666e-01 7.220809018385464242e+02 0.000000000000000000e+00
7.000000000000000666e-01 7.390722033525775032e+02 0.000000000000000000e+00
7.000000000000000666e-01 7.564633275546290179e+02 0.000000000000000000e+00
7.000000000000000666e-01 7.742636826811269657e+02 0.000000000000000000e+00
7.000000000000000666e-01 7.924828983539169940e+02 0.000000000000000000e+00
7.000000000000000666e-01 8.111308307896872520e+02 0.000000000000000000e+00
7.000000000000000666e-01 8.302175681319744172e+02 0.000000000000000000e+00
7.000000000000000666e-01 8.497534359086438371e+02 0.000000000000000000e+00
7.000000000000000666e-01 8.697490026177833897e+02 0.000000000000000000e+00
7.000000000000000666e-01 8.902150854450383122e+02 0.000000000000000000e+00
7.000000000000000666e-01 9.111627561154896284e+02 0.000000000000000000e+00
7.000000000000000666e-01 9.326033468832199560e+02 0.000000000000000000e+00
7.000000000000000666e-01 9.545484566618337112e+02 0.000000000000000000e+00
7.000000000000000666e-01 9.770099572992256753e+02 0.000000000000000000e+00
7.000000000000000666e-01 1.000000000000000000e+03 0.000000000000000000e+00
7.000000000000000666e-01 1.000000000000000000e+03 0.000000000000000000e+00
7.000000000000000666e-01 1.097498765493055544e+03 0.000000000000000000e+00
7.000000000000000666e-01 1.204503540258781186e+03 0.000000000000000000e+00
7.000000000000000666e-01 1.321941148466028608e+03 0.000000000000000000e+00
7.000000000000000666e-01 1.450828778495938650e+03 0.000000000000000000e+00
7.000000000000000666e-01 1.592282793341090610e+03 0.000000000000000000e+00
7.000000000000000666e-01 1.747528400007682876e+03 0.000000000000000000e+00
7.000000000000000666e-01 1.917910261672486740e+03 0.000000000000000000e+00
7.000000000000000666e-01 2.104904144512019684e+03 0.000000000000000000e+00
7.000000000000000666e-01 2.310129700083158241e+03 0.000000000000000000e+00
7.000000000000000666e-01 2.535364493970108924e+03 0.000000000000000000e+00
7.000000000000000666e-01 2.782559402207123185e+03 0.000000000000000000e+00
7.000000000000000666e-01 3.053855508833412387e+03 0.000000000000000000e+00
7.000000000000000666e-01 3.351602650938840725e+03 0.000000000000000000e+00
7.000000000000000666e-01 3.678379771828630510e+03 0.000000000000000000e+00
7.000000000000000666e-01 4.037017258596553802e+03 0.000000000000000000e+00
7.000000000000000666e-01 4.430621457583877600e+03 0.000000000000000000e+00
7.000000000000000666e-01 4.862601580065348571e+03 0.000000000000000000e+00
7.000000000000000666e-01 5.336699231206307559e+03 0.000000000000000000e+00
7.000000000000000666e-01 5.857020818056661483e+03 0.000000000000000000e+00
7.000000000000000666e-01 6.428073117284318869e+03 0.000000000000000000e+00
7.000000000000000666e-01 7.054802310718638182e+03 0.000000000000000000e+00
7.000000000000000666e-01 7.742636826811270112e+03 0.000000000000000000e+00
7.000000000000000666e-01 8.497534359086437689e+03 0.000000000000000000e+00
7.000000000000000666e-01 9.326033468832189101e+03 0.000000000000000000e+00
7.000000000000000666e-01 1.023531021899026928e+04 0.000000000000000000e+00
7.000000000000000666e-01 1.123324032978026480e+04 0.000000000000000000e+00
7.000000000000000666e-01 1.232846739442065882e+04 0.000000000000000000e+00
7.000000000000000666e-01 1.353047774579807628e+04 0.000000000000000000e+00
7.000000000000000666e-01 1.484968262254463480e+04 0.000000000000000000e+00
7.000000000000000666e-01 1.629750834620643400e+04 0.000000000000000000e+00
7.000000000000000666e-01 1.788649529057435211e+04 0.000000000000000000e+00
7.000000000000000666e-01 1.963040650040268520e+04 0.000000000000000000e+00
7.000000000000000666e-01 2.154434690031882201e+04 0.000000000000000000e+00
7.000000000000000666e-01 2.364489412645407356e+04 0.000000000000000000e+00
7.000000000000000666e-01 2.595024211399731939e+04 0.000000000000000000e+00
7.000000000000000666e-01 2.848035868435799057e+04 0.000000000000000000e+00
7.000000000000000666e-01 3.125715849688235176e+04 0.000000000000000000e+00
7.000000000000000666e-01 3.430469286314912461e+04 0.000000000000000000e+00
7.000000000000000666e-01 3.764935806792470976e+04 0.000000000000000000e+00
7.000000000000000666e-01 4.132012400115334458e+04 0.000000000000000000e+00
7.000000000000000666e-01 4.534878508128582325e+04 0.000000000000000000e+00
7.000000000000000666e-01 4.977023564332113892e+04 0.000000000000000000e+00
7.000000000000000666e-01 5.462277217684336938e+04 0.000000000000000000e+00
7.000000000000000666e-01 5.994842503189409035e+04 0.000000000000000000e+00
7.000000000000000666e-01 6.579332246575682075e+04 0.000000000000000000e+00
7.000000000000000666e-01 7.220809018385456875e+04 0.000000000000000000e+00
7.000000000000000666e-01 7.924828983539169712e+04 0.000000000000000000e+00
7.000000000000000666e-01 8.697490026177834079e+04 0.000000000000000000e+00
7.000000000000000666e-01 9.545484566618327517e+04 0.000000000000000000e+00
7.000000000000000666e-01 1.047615752789664111e+05 0.000000000000000000e+00
7.000000000000000666e-01 1.149756995397735591e+05 0.000000000000000000e+00
7.000000000000000666e-01 1.261856883066018490e+05 0.000000000000000000e+00
7.000000000000000666e-01 1.384886371393871668e+05 0.000000000000000000e+00
7.000000000000000666e-01 1.519911082952933211e+05 0.000000000000000000e+00
7.000000000000000666e-01 1.668100537200059043e+05 0.000000000000000000e+00
7.000000000000000666e-01 1.830738280295369623e+05 0.000000000000000000e+00
7.000000000000000666e-01 2.009233002565045899e+05 0.000000000000000000e+00
7.000000000000000666e-01 2.205130739903045760e+05 0.000000000000000000e+00
7.000000000000000666e-01 2.420128264794383431e+05 0.000000000000000000e+00
7.000000000000000666e-01 2.656087782946684165e+05 0.000000000000000000e+00
7.000000000000000666e-01 2.915053062825175584e+05 0.000000000000000000e+00
7.000000000000000666e-01 3.199267137797384639e+05 0.000000000000000000e+00
7.000000000000000666e-01 3.511191734215127653e+05 0.000000000000000000e+00
7.000000000000000666e-01 3.853528593710527639e+05 0.000000000000000000e+00
7.000000000000000666e-01 4.229242874389499193e+05 0.000000000000000000e+00
7.000000000000000666e-01 4.641588833612772287e+05 0.000000000000000000e+00
7.000000000000000666e-01 5.094138014816375216e+05 0.000000000000000000e+00
7.000000000000000666e-01 5.590810182512222091e+05 0.000000000000000000e+00
7.000000000000000666e-01 6.135907273413175717e+05 0.000000000000000000e+00
7.000000000000000666e-01 6.734150657750827959e+05 0.000000000000000000e+00
7.000000000000000666e-01 7.390722033525775187e+05 0.000000000000000000e+00
7.000000000000000666e-01 8.111308307896872284e+05 0.000000000000000000e+00
7.000000000000000666e-01 8.902150854450393235e+05 0.000000000000000000e+00
7.000000000000000666e-01 9.770099572992246831e+05 0.000000000000000000e+00
7.000000000000000666e-01 1.072267222010323079e+06 0.000000000000000000e+00
7.000000000000000666e-01 1.176811952434999170e+06 0.000000000000000000e+00
7.000000000000000666e-01 1.291549665014882805e+06 0.000000000000000000e+00
7.000000000000000666e-01 1.417474162926804740e+06 0.000000000000000000e+00
7.000000000000000666e-01 1.555676143930472201e+06 0.000000000000000000e+00
7.000000000000000666e-01 1.707352647470688680e+06 0.000000000000000000e+00
7.000000000000000666e-01 1.873817422860383056e+06 0.000000000000000000e+00
7.000000000000000666e-01 2.056512308348651510e+06 0.000000000000000000e+00
7.000000000000000666e-01 2.257019719633921515e+06 0.000000000000000000e+00
7.000000000000000666e-01 2.477076355991709046e+06 0.000000000000000000e+00
7.000000000000000666e-01 2.718588242732940242e+06 0.000000000000000000e+00
7.000000000000000666e-01 2.983647240283340216e+06 0.000000000000000000e+00
7.000000000000000666e-01 3.274549162877731491e+06 0.000000000000000000e+00
7.000000000000000666e-01 3.593813663804625627e+06 0.000000000000000000e+00
7.000000000000000666e-01 3.944206059437655844e+06 0.000000000000000000e+00
7.000000000000000666e-01 4.328761281083061360e+06 0.000000000000000000e+00
7.000000000000000666e-01 4.750810162102793343e+06 0.000000000000000000e+00
7.000000000000000666e-01 5.214008287999684922e+06 0.000000000000000000e+00
7.000000000000000666e-01 5.722367659350220114e+06 0.000000000000000000e+00
7.000000000000000666e-01 6.280291441834246740e+06 0.000000000000000000e+00
7.000000000000000666e-01 6.892612104349695146e+06 0.000000000000000000e+00
7.000000000000000666e-01 7.564633275546290912e+06 0.000000000000000000e+00
7.000000000000000666e-01 8.302175681319751777e+06 0.000000000000000000e+00
7.000000000000000666e-01 9.111627561154887080e+06 0.000000000000000000e+00
7.000000000000000666e-01 1.000000000000000000e+07 0.000000000000000000e+00
1.000000000000000000e+00 1.000000000000000000e+02 2.184880849272158587e-01
1.000000000000000000e+00 1.023531021899025859e+02 2.027565179185215061e-01
1.000000000000000000e+00 1.047615752789664043e+02 1.877356857237142407e-01
1.000000000000000000e+00 1.072267222010323167e+02 1.733933997911540625e-01
1.000000000000000000e+00 1.097498765493055686e+02 1.596988433685343767e-01
1.000000000000000000e+00 1.123324032978026565e+02 1.466224983222021161e-01
1.000000000000000000e+00 1.149756995397735579e+02 1.341360878973989201e-01
1.000000000000000000e+00 1.176811952434997863e+02 1.222125271438521676e-01
1.000000000000000000e+00 1.204503540258782408e+02 1.108258767390891825e-01
1.000000000000000000e+00 1.232846739442065882e+02 9.995130671742119555e-02
1.000000000000000000e+00 1.261856883066019748e+02 8.956505310665240083e-02
1.000000000000000000e+00 1.291549665014883885e+02 7.964437752543165883e-02
1.000000000000000000e+00 1.321941148466028721e+02 7.016752514098183180e-02
1.000000000000000000e+00 1.353047774579807481e+02 6.111367338112345948e-02
1.000000000000000000e+00 1.384886371393873219e+02 5.246288005522973391e-02
1.000000000000000000e+00 1.417474162926804695e+02 4.419602131925444433e-02
1.000000000000000000e+00 1.450828778495940128e+02 3.629471993888994802e-02
1.000000000000000000e+00 1.484968262254465117e+02 2.874125894281690657e-02
1.000000000000000000e+00 1.519911082952933157e+02 2.151845138675533356e-02
1.000000000000000000e+00 1.555676143930472222e+02 1.460941945676037801e-02
1.000000000000000000e+00 1.592282793341092315e+02 7.997074819316617872e-03
1.000000000000000000e+00 1.629750834620643332e+02 1.662318118531745919e-03
1.000000000000000000e+00 1.668100537200059250e+02 0.000000000000000000e+00
1.000000000000000000e+00 1.707352647470690385e+02 0.000000000000000000e+00
1.000000000000000000e+00 1.747528400007682876e+02 0.000000000000000000e+00
1.000000000000000000e+00 1.788649529057435075e+02 0.000000000000000000e+00
1.000000000000000000e+00 1.830738280295367701e+02 0.000000000000000000e+00
1.000000000000000000e+00 1.873817422860383033e+02 0.000000000000000000e+00
1.000000000000000000e+00 1.917910261672488730e+02 0.000000000000000000e+00
1.000000000000000000e+00 1.963040650040270521e+02 0.000000000000000000e+00
1.000000000000000000e+00 2.009233002565045751e+02 0.000000000000000000e+00
1.000000000000000000e+00 2.056512308348651459e+02 0.000000000000000000e+00
1.000000000000000000e+00 2.104904144512019855e+02 0.000000000000000000e+00
1.000000000000000000e+00 2.154434690031882269e+02 0.000000000000000000e+00
1.000000000000000000e+00 2.205130739903045480e+02 0.000000000000000000e+00
1.000000000000000000e+00 2.257019719633919124e+02 0.000000000000000000e+00
1.000000000000000000e+00 2.310129700083157900e+02 0.000000000000000000e+00
1.000000000000000000e+00 2.364489412645407072e+02 0.000000000000000000e+00
1.000000000000000000e+00 2.420128264794381039e+02 0.000000000000000000e+00
1.000000000000000000e+00 2.477076355991711409e+02 0.000000000000000000e+00
1.000000000000000000e+00 2.535364493970111539e+02 0.000000000000000000e+00
1.000000000000000000e+00 2.595024211399737055e+02 0.000000000000000000e+00
1.000000000000000000e+00 2.656087782946686957e+02 0.000000000000000000e+00
1.000000000000000000e+00 2.718588242732940330e+02 0.000000000000000000e+00
1.000000000000000000e+00 2.782559402207126027e+02 0.000000000000000000e+00
1.000000000000000000e+00 2.848035868435802058e+02 0.000000000000000000e+00
1.000000000000000000e+00 2.915053062825175516e+02 0.000000000000000000e+00
1.000000000000000000e+00 2.983647240283340238e+02 0.000000000000000000e+00
1.000000000000000000e+00 3.053855508833415797e+02 0.000000000000000000e+00
1.000000000000000000e+00 3.125715849688235153e+02 0.000000000000000000e+00
1.000000000000000000e+00 3.199267137797384635e+02 0.000000000000000000e+00
1.000000000000000000e+00 3.274549162877728463e+02 0.000000000000000000e+00
1.000000000000000000e+00 3.351602650938841066e+02 0.000000000000000000e+00
1.000000000000000000e+00 3.430469286314919373e+02 0.000000000000000000e+00
1.000000000000000000e+00 3.511191734215130964e+02 0.000000000000000000e+00
1.000000000000000000e+00 3.593813663804625662e+02 0.000000000000000000e+00
1.000000000000000000e+00 3.678379771828634262e+02 0.000000000000000000e+00
1.000000000000000000e+00 3.764935806792467474e+02 0.000000000000000000e+00
1.000000000000000000e+00 3.853528593710527161e+02 0.000000000000000000e+00
1.000000000000000000e+00 3.944206059437656222e+02 0.000000000000000000e+00
1.000000000000000000e+00 4.037017258596553688e+02 0.000000000000000000e+00
1.000000000000000000e+00 4.132012400115334572e+02 0.000000000000000000e+00
1.000000000000000000e+00 4.229242874389498752e+02 0.000000000000000000e+00
1.000000000000000000e+00 4.328761281083056929e+02 0.000000000000000000e+00
1.000000000000000000e+00 4.430621457583877714e+02 0.000000000000000000e+00
1.000000000000000000e+00 4.534878508128581984e+02 0.000000000000000000e+00
1.000000000000000000e+00 4.641588833612777307e+02 0.000000000000000000e+00
1.000000000000000000e+00 4.750810162102798131e+02 0.000000000000000000e+00
1.000000000000000000e+00 4.862601580065353346e+02 0.000000000000000000e+00
1.000000000000000000e+00 4.977023564332108663e+02 0.000000000000000000e+00
1.000000000000000000e+00 5.094138014816380178e+02 0.000000000000000000e+00
1.000000000000000000e+00 5.214008287999683944e+02 0.000000000000000000e+00
1.000000000000000000e+00 5.336699231206307559e+02 0.000000000000000000e+00
1.000000000000000000e+00 5.462277217684342077e+02 0.000000000000000000e+00
1.000000000000000000e+00 5.590810182512223037e+02 0.000000000000000000e+00
1.000000000000000000e+00 5.722367659350220492e+02 0.000000000000000000e+00
1.000000000000000000e+00 5.857020818056666940e+02 0.000000000000000000e+00
1.000000000000000000e+00 5.994842503189408944e+02 0.000000000000000000e+00
1.000000000000000000e+00 6.135907273413175744e+02 0.000000000000000000e+00
1.000000000000000000e+00 6.280291441834252737e+02 0.000000000000000000e+00
1.000000000000000000e+00 6.428073117284319551e+02 0.000000000000000000e+00
1.000000000000000000e+00 6.579332246575681893e+02 0.000000000000000000e+00
1.000000000000000000e+00 6.734150657750820983e+02 0.000000000000000000e+00
1.000000000000000000e+00 6.892612104349694846e+02 0.000000000000000000e+00
1.000000000000000000e+00 7.054802310718645231e+02 0.000000000000000000e+00
1.000000000000000000e+00 7.220809018385464242e+02 0.000000000000000000e+00
1.000000000000000000e+00 7.390722033525775032e+02 0.000000000000000000e+00
1.000000000000000000e+00 7.564633275546290179e+02 0.000000000000000000e+00
1.000000000000000000e+00 7.742636826811269657e+02 0.000000000000000000e+00
1.000000000000000000e+00 7.924828983539169940e+02 0.000000000000000000e+00
1.000000000000000000e+00 8.111308307896872520e+02 0.000000000000000000e+00
1.000000000000000000e+00 8.302175681319744172e+02 0.000000000000000000e+00
1.000000000000000000e+00 8.497534359086438371e+02 0.000000000000000000e+00
1.000000000000000000e+00 8.697490026177833897e+02 0.000000000000000000e+00
1.000000000000000000e+00 8.902150854450383122e+02 0.000000000000000000e+00
1.000000000000000000e+00 9.111627561154896284e+02 0.000000000000000000e+00
1.000000000000000000e+00 9.326033468832199560e+02 0.000000000000000000e+00
1.000000000000000000e+00 9.545484566618337112e+02 0.000000000000000000e+00
1.000000000000000000e+00 9.770099572992256753e+02 0.000000000000000000e+00
1.000000000000000000e+00 1.000000000000000000e+03 0.000000000000000000e+00
1.000000000000000000e+00 1.000000000000000000e+03 0.000000000000000000e+00
1.000000000000000000e+00 1.097498765493055544e+03 0.000000000000000000e+00
1.000000000000000000e+00 1.204503540258781186e+03 0.000000000000000000e+00
1.000000000000000000e+00 1.321941148466028608e+03 0.000000000000000000e+00
1.000000000000000000e+00 1.450828778495938650e+03 0.000000000000000000e+00
1.000000000000000000e+00 1.592282793341090610e+03 0.000000000000000000e+00
1.000000000000000000e+00 1.747528400007682876e+03 0.000000000000000000e+00
1.000000000000000000e+00 1.917910261672486740e+03 0.000000000000000000e+00
1.000000000000000000e+00 2.104904144512019684e+03 0.000000000000000000e+00
1.000000000000000000e+00 2.310129700083158241e+03 0.000000000000000000e+00
1.000000000000000000e+00 2.535364493970108924e+03 0.000000000000000000e+00
1.000000000000000000e+00 2.782559402207123185e+03 0.000000000000000000e+00
1.000000000000000000e+00 3.053855508833412387e+03 0.000000000000000000e+00
1.000000000000000000e+00 3.351602650938840725e+03 0.000000000000000000e+00
1.000000000000000000e+00 3.678379771828630510e+03 0.000000000000000000e+00
1.000000000000000000e+00 4.037017258596553802e+03 0.000000000000000000e+00
1.000000000000000000e+00 4.430621457583877600e+03 0.000000000000000000e+00
1.000000000000000000e+00 4.862601580065348571e+03 0.000000000000000000e+00
1.000000000000000000e+00 5.336699231206307559e+03 0.000000000000000000e+00
1.000000000000000000e+00 5.857020818056661483e+03 0.000000000000000000e+00
1.000000000000000000e+00 6.428073117284318869e+03 0.000000000000000000e+00
1.000000000000000000e+00 7.054802310718638182e+03 0.000000000000000000e+00
1.000000000000000000e+00 7.742636826811270112e+03 0.000000000000000000e+00
1.000000000000000000e+00 8.497534359086437689e+03 0.000000000000000000e+00
1.000000000000000000e+00 9.326033468832189101e+03 0.000000000000000000e+00
1.000000000000000000e+00 1.023531021899026928e+04 0.000000000000000000e+00
1.000000000000000000e+00 1.123324032978026480e+04 0.000000000000000000e+00
1.000000000000000000e+00 1.232846739442065882e+04 0.000000000000000000e+00
1.000000000000000000e+00 1.353047774579807628e+04 0.000000000000000000e+00
1.000000000000000000e+00 1.484968262254463480e+04 0.000000000000000000e+00
1.000000000000000000e+00 1.629750834620643400e+04 0.000000000000000000e+00
1.000000000000000000e+00 1.788649529057435211e+04 0.000000000000000000e+00
1.000000000000000000e+00 1.963040650040268520e+04 0.000000000000000000e+00
1.000000000000000000e+00 2.154434690031882201e+04 0.000000000000000000e+00
1.000000000000000000e+00 2.364489412645407356e+04 0.000000000000000000e+00
1.000000000000000000e+00 2.595024211399731939e+04 0.000000000000000000e+00
1.000000000000000000e+00 2.848035868435799057e+04 0.000000000000000000e+00
1.000000000000000000e+00 3.125715849688235176e+04 0.000000000000000000e+00
1.000000000000000000e+00 3.430469286314912461e+04 0.000000000000000000e+00
1.000000000000000000e+00 3.764935806792470976e+04 0.000000000000000000e+00
1.000000000000000000e+00 4.132012400115334458e+04 0.000000000000000000e+00
1.000000000000000000e+00 4.534878508128582325e+04 0.000000000000000000e+00
1.000000000000000000e+00 4.977023564332113892e+04 0.000000000000000000e+00
1.000000000000000000e+00 5.462277217684336938e+04 0.000000000000000000e+00
1.000000000000000000e+00 5.994842503189409035e+04 0.000000000000000000e+00
1.000000000000000000e+00 6.579332246575682075e+04 0.000000000000000000e+00
1.000000000000000000e+00 7.220809018385456875e+04 0.000000000000000000e+00
1.000000000000000000e+00 7.924828983539169712e+04 0.000000000000000000e+00
1.000000000000000000e+00 8.697490026177834079e+04 0.000000000000000000e+00
1.000000000000000000e+00 9.545484566618327517e+04 0.000000000000000000e+00
1.000000000000000000e+00 1.047615752789664111e+05 0.000000000000000000e+00
1.000000000000000000e+00 1.149756995397735591e+05 0.000000000000000000e+00
1.000000000000000000e+00 1.261856883066018490e+05 0.000000000000000000e+00
1.000000000000000000e+00 1.384886371393871668e+05 0.000000000000000000e+00
1.000000000000000000e+00 1.519911082952933211e+05 0.000000000000000000e+00
1.000000000000000000e+00 1.668100537200059043e+05 0.000000000000000000e+00
1.000000000000000000e+00 1.830738280295369623e+05 0.000000000000000000e+00
1.000000000000000000e+00 2.009233002565045899e+05 0.000000000000000000e+00
1.000000000000000000e+00 2.205130739903045760e+05 0.000000000000000000e+00
1.000000000000000000e+00 2.420128264794383431e+05 0.000000000000000000e+00
1.000000000000000000e+00 2.656087782946684165e+05 0.000000000000000000e+00
1.000000000000000000e+00 2.915053062825175584e+05 0.000000000000000000e+00
1.000000000000000000e+00 3.199267137797384639e+05 0.000000000000000000e+00
1.000000000000000000e+00 3.511191734215127653e+05 0.000000000000000000e+00
1.000000000000000000e+00 3.853528593710527639e+05 0.000000000000000000e+00
1.000000000000000000e+00 4.229242874389499193e+05 0.000000000000000000e+00
1.000000000000000000e+00 4.641588833612772287e+05 0.000000000000000000e+00
1.000000000000000000e+00 5.094138014816375216e+05 0.000000000000000000e+00
1.000000000000000000e+00 5.590810182512222091e+05 0.000000000000000000e+00
1.000000000000000000e+00 6.135907273413175717e+05 0.000000000000000000e+00
1.000000000000000000e+00 6.734150657750827959e+05 0.000000000000000000e+00
1.000000000000000000e+00 7.390722033525775187e+05 0.000000000000000000e+00
1.000000000000000000e+00 8.111308307896872284e+05 0.000000000000000000e+00
1.000000000000000000e+00 8.902150854450393235e+05 0.000000000000000000e+00
1.000000000000000000e+00 9.770099572992246831e+05 0.000000000000000000e+00
1.000000000000000000e+00 1.072267222010323079e+06 0.000000000000000000e+00
1.000000000000000000e+00 1.176811952434999170e+06 0.000000000000000000e+00
1.000000000000000000e+00 1.291549665014882805e+06 0.000000000000000000e+00
1.000000000000000000e+00 1.417474162926804740e+06 0.000000000000000000e+00
1.000000000000000000e+00 1.555676143930472201e+06 0.000000000000000000e+00
1.000000000000000000e+00 1.707352647470688680e+06 0.000000000000000000e+00
1.000000000000000000e+00 1.873817422860383056e+06 0.000000000000000000e+00
1.000000000000000000e+00 2.056512308348651510e+06 0.000000000000000000e+00
1.000000000000000000e+00 2.257019719633921515e+06 0.000000000000000000e+00
1.000000000000000000e+00 2.477076355991709046e+06 0.000000000000000000e+00
1.000000000000000000e+00 2.718588242732940242e+06 0.000000000000000000e+00
1.000000000000000000e+00 2.983647240283340216e+06 0.000000000000000000e+00
1.000000000000000000e+00 3.274549162877731491e+06 0.000000000000000000e+00
1.000000000000000000e+00 3.593813663804625627e+06 0.000000000000000000e+00
1.000000000000000000e+00 3.944206059437655844e+06 0.000000000000000000e+00
1.000000000000000000e+00 4.328761281083061360e+06 0.000000000000000000e+00
1.000000000000000000e+00 4.750810162102793343e+06 0.000000000000000000e+00
1.000000000000000000e+00 5.214008287999684922e+06 0.000000000000000000e+00
1.000000000000000000e+00 5.722367659350220114e+06 0.000000000000000000e+00
1.000000000000000000e+00 6.280291441834246740e+06 0.000000000000000000e+00
1.000000000000000000e+00 6.892612104349695146e+06 0.000000000000000000e+00
1.000000000000000000e+00 7.564633275546290912e+06 0.000000000000000000e+00
1.000000000000000000e+00 8.302175681319751777e+06 0.000000000000000000e+00
1.000000000000000000e+00 9.111627561154887080e+06 0.000000000000000000e+00
1.000000000000000000e+00 1.000000000000000000e+07 0.000000000000000000e+00
2.000000000000000000e+00 1.000000000000000000e+02 2.184624635872609577e-01
2.000000000000000000e+00 1.023531021899025859e+02 2.027348848170426043e-01
2.000000000000000000e+00 1.047615752789664043e+02 1.877173222292533306e-01
2.000000000000000000e+00 1.072267222010323167e+02 1.733776907925231869e-01
2.000000000000000000e+00 1.097498765493055686e+02 1.596852808908986454e-01
2.000000000000000000e+00 1.123324032978026565e+02 1.466106782946435261e-01
2.000000000000000000e+00 1.149756995397735579e+02 1.341256973369173711e-01
2.000000000000000000e+00 1.176811952434997863e+02 1.222033303296141821e-01
2.000000000000000000e+00 1.204503540258782408e+02 1.108177043002517570e-01
2.000000000000000000e+00 1.232846739442065882e+02 9.994404330475223364e-02
2.000000000000000000e+00 1.261856883066019748e+02 8.955862871343298059e-02
2.000000000000000000e+00 1.291549665014883885e+02 7.963875003453509127e-02
2.000000000000000000e+00 1.321941148466028721e+02 7.016266324066024185e-02
2.000000000000000000e+00 1.353047774579807481e+02 6.110954407819801926e-02
2.000000000000000000e+00 1.384886371393873219e+02 5.245944162540795708e-02
2.000000000000000000e+00 1.417474162926804695e+02 4.419322306698465763e-02
2.000000000000000000e+00 1.450828778495940128e+02 3.629250396471062068e-02
2.000000000000000000e+00 1.484968262254465117e+02 2.873956158951050319e-02
2.000000000000000000e+00 1.519911082952933157e+02 2.151720497692325221e-02
2.000000000000000000e+00 1.555676143930472222e+02 1.460854966113702726e-02
2.000000000000000000e+00 1.592282793341092315e+02 7.996488791178049671e-03
2.000000000000000000e+00 1.629750834620643332e+02 1.661468607402368782e-03
2.000000000000000000e+00 1.668100537200059250e+02 0.000000000000000000e+00
2.000000000000000000e+00 1.707352647470690385e+02 0.000000000000000000e+00
2.000000000000000000e+00 1.747528400007682876e+02 0.000000000000000000e+00
2.000000000000000000e+00 1.788649529057435075e+02 0.000000000000000000e+00
2.000000000000000000e+00 1.830738280295367701e+02 0.000000000000000000e+00
2.000000000000000000e+00 1.873817422860383033e+02 0.000000000000000000e+00
2.000000000000000000e+00 1.917910261672488730e+02 0.000000000000000000e+00
2.000000000000000000e+00 1.963040650040270521e+02 0.000000000000000000e+00
2.000000000000000000e+00 2.009233002565045751e+02 0.000000000000000000e+00
2.000000000000000000e+00 2.056512308348651459e+02 0.000000000000000000e+00
2.000000000000000000e+00 2.104904144512019855e+02 0.000000000000000000e+00
2.000000000000000000e+00 2.154434690031882269e+02 0.000000000000000000e+00
2.000000000000000000e+00 2.205130739903045480e+02 0.000000000000000000e+00
2.000000000000000000e+00 2.257019719633919124e+02 0.000000000000000000e+00
2.000000000000000000e+00 2.310129700083157900e+02 0.000000000000000000e+00
2.000000000000000000e+00 2.364489412645407072e+02 0.000000000000000000e+00
2.000000000000000000e+00 2.420128264794381039e+02 0.000000000000000000e+00
2.000000000000000000e+00 2.477076355991711409e+02 0.000000000000000000e+00
2.000000000000000000e+00 2.535364493970111539e+02 0.000000000000000000e+00
2.000000000000000000e+00 2.595024211399737055e+02 0.000000000000000000e+00
2.000000000000000000e+00 2.656087782946686957e+02 0.000000000000000000e+00
2.000000000000000000e+00 2.718588242732940330e+02 0.000000000000000000e+00
2.000000000000000000e+00 2.782559402207126027e+02 0.000000000000000000e+00
2.000000000000000000e+00 2.848035868435802058e+02 0.000000000000000000e+00
2.000000000000000000e+00 2.915053062825175516e+02 0.000000000000000000e+00
2.000000000000000000e+00 2.983647240283340238e+02 0.000000000000000000e+00
2.000000000000000000e+00 3.053855508833415797e+02 0.000000000000000000e+00
2.000000000000000000e+00 3.125715849688235153e+02 0.000000000000000000e+00
2.000000000000000000e+00 3.199267137797384635e+02 0.000000000000000000e+00
2.000000000000000000e+00 3.274549162877728463e+02 0.000000000000000000e+00
2.000000000000000000e+00 3.351602650938841066e+02 0.000000000000000000e+00
2.000000000000000000e+00 3.430469286314919373e+02 0.000000000000000000e+00
2.000000000000000000e+00 3.511191734215130964e+02 0.000000000000000000e+00
2.000000000000000000e+00 3.593813663804625662e+02 0.000000000000000000e+00
2.000000000000000000e+00 3.678379771828634262e+02 0.000000000000000000e+00
2.000000000000000000e+00 3.764935806792467474e+02 0.000000000000000000e+00
2.000000000000000000e+00 3.853528593710527161e+02 0.000000000000000000e+00
2.000000000000000000e+00 3.944206059437656222e+02 0.000000000000000000e+00
2.000000000000000000e+00 4.037017258596553688e+02 0.000000000000000000e+00
2.000000000000000000e+00 4.132012400115334572e+02 0.000000000000000000e+00
2.000000000000000000e+00 4.229242874389498752e+02 0.000000000000000000e+00
2.000000000000000000e+00 4.328761281083056929e+02 0.000000000000000000e+00
2.000000000000000000e+00 4.430621457583877714e+02 0.000000000000000000e+00
2.000000000000000000e+00 4.534878508128581984e+02 0.000000000000000000e+00
2.000000000000000000e+00 4.641588833612777307e+02 0.000000000000000000e+00
2.000000000000000000e+00 4.750810162102798131e+02 0.000000000000000000e+00
2.000000000000000000e+00 4.862601580065353346e+02 0.000000000000000000e+00
2.000000000000000000e+00 4.977023564332108663e+02 0.000000000000000000e+00
2.000000000000000000e+00 5.094138014816380178e+02 0.000000000000000000e+00
2.000000000000000000e+00 5.214008287999683944e+02 0.000000000000000000e+00
2.000000000000000000e+00 5.336699231206307559e+02 0.000000000000000000e+00
2.000000000000000000e+00 5.462277217684342077e+02 0.000000000000000000e+00
2.000000000000000000e+00 5.590810182512223037e+02 0.000000000000000000e+00
2.000000000000000000e+00 5.722367659350220492e+02 0.000000000000000000e+00
2.000000000000000000e+00 5.857020818056666940e+02 0.000000000000000000e+00
2.000000000000000000e+00 5.994842503189408944e+02 0.000000000000000000e+00
2.000000000000000000e+00 6.135907273413175744e+02 0.000000000000000000e+00
2.000000000000000000e+00 6.280291441834252737e+02 0.000000000000000000e+00
2.000000000000000000e+00 6.428073117284319551e+02 0.000000000000000000e+00
2.000000000000000000e+00 6.579332246575681893e+02 0.000000000000000000e+00
2.000000000000000000e+00 6.734150657750820983e+02 0.000000000000000000e+00
2.000000000000000000e+00 6.892612104349694846e+02 0.000000000000000000e+00
2.000000000000000000e+00 7.054802310718645231e+02 0.000000000000000000e+00
2.000000000000000000e+00 7.220809018385464242e+02 0.000000000000000000e+00
2.000000000000000000e+00 7.390722033525775032e+02 0.000000000000000000e+00
2.000000000000000000e+00 7.564633275546290179e+02 0.000000000000000000e+00
2.000000000000000000e+00 7.742636826811269657e+02 0.000000000000000000e+00
2.000000000000000000e+00 7.924828983539169940e+02 0.000000000000000000e+00
2.000000000000000000e+00 8.111308307896872520e+02 0.000000000000000000e+00
2.000000000000000000e+00 8.302175681319744172e+02 0.000000000000000000e+00
2.000000000000000000e+00 8.497534359086438371e+02 0.000000000000000000e+00
2.000000000000000000e+00 8.697490026177833897e+02 0.000000000000000000e+00
2.000000000000000000e+00 8.902150854450383122e+02 0.000000000000000000e+00
2.000000000000000000e+00 9.111627561154896284e+02 0.000000000000000000e+00
2.000000000000000000e+00 9.326033468832199560e+02 0.000000000000000000e+00
2.000000000000000000e+00 9.545484566618337112e+02 0.000000000000000000e+00
2.000000000000000000e+00 9.770099572992256753e+02 0.000000000000000000e+00
2.000000000000000000e+00 1.000000000000000000e+03 0.000000000000000000e+00
2.000000000000000000e+00 1.000000000000000000e+03 0.000000000000000000e+00
2.000000000000000000e+00 1.097498765493055544e+03 0.000000000000000000e+00
2.000000000000000000e+00 1.204503540258781186e+03 0.000000000000000000e+00
2.000000000000000000e+00 1.321941148466028608e+03 0.000000000000000000e+00
2.000000000000000000e+00 1.450828778495938650e+03 0.000000000000000000e+00
2.000000000000000000e+00 1.592282793341090610e+03 0.000000000000000000e+00
2.000000000000000000e+00 1.747528400007682876e+03 0.000000000000000000e+00
2.000000000000000000e+00 1.917910261672486740e+03 0.000000000000000000e+00
2.000000000000000000e+00 2.104904144512019684e+03 0.000000000000000000e+00
2.000000000000000000e+00 2.310129700083158241e+03 0.000000000000000000e+00
2.000000000000000000e+00 2.535364493970108924e+03 0.000000000000000000e+00
2.000000000000000000e+00 2.782559402207123185e+03 0.000000000000000000e+00
2.000000000000000000e+00 3.053855508833412387e+03 0.000000000000000000e+00
2.000000000000000000e+00 3.351602650938840725e+03 0.000000000000000000e+00
2.000000000000000000e+00 3.678379771828630510e+03 0.000000000000000000e+00
2.000000000000000000e+00 4.037017258596553802e+03 0.000000000000000000e+00
2.000000000000000000e+00 4.430621457583877600e+03 0.000000000000000000e+00
2.000000000000000000e+00 4.862601580065348571e+03 0.000000000000000000e+00
2.000000000000000000e+00 5.336699231206307559e+03 0.000000000000000000e+00
2.000000000000000000e+00 5.857020818056661483e+03 0.000000000000000000e+00
2.000000000000000000e+00 6.428073117284318869e+03 0.000000000000000000e+00
2.000000000000000000e+00 7.054802310718638182e+03 0.000000000000000000e+00
2.000000000000000000e+00 7.742636826811270112e+03 0.000000000000000000e+00
2.000000000000000000e+00 8.497534359086437689e+03 0.000000000000000000e+00
2.000000000000000000e+00 9.326033468832189101e+03 0.000000000000000000e+00
2.000000000000000000e+00 1.023531021899026928e+04 0.000000000000000000e+00
2.000000000000000000e+00 1.123324032978026480e+04 0.000000000000000000e+00
2.000000000000000000e+00 1.232846739442065882e+04 0.000000000000000000e+00
2.000000000000000000e+00 1.353047774579807628e+04 0.000000000000000000e+00
2.000000000000000000e+00 1.484968262254463480e+04 0.000000000000000000e+00
2.000000000000000000e+00 1.629750834620643400e+04 0.000000000000000000e+00
2.000000000000000000e+00 1.788649529057435211e+04 0.000000000000000000e+00
2.000000000000000000e+00 1.963040650040268520e+04 0.000000000000000000e+00
2.000000000000000000e+00 2.154434690031882201e+04 0.000000000000000000e+00
2.000000000000000000e+00 2.364489412645407356e+04 0.000000000000000000e+00
2.000000000000000000e+00 2.595024211399731939e+04 0.000000000000000000e+00
2.000000000000000000e+00 2.848035868435799057e+04 0.000000000000000000e+00
2.000000000000000000e+00 3.125715849688235176e+04 0.000000000000000000e+00
2.000000000000000000e+00 3.430469286314912461e+04 0.000000000000000000e+00
2.000000000000000000e+00 3.764935806792470976e+04 0.000000000000000000e+00
2.000000000000000000e+00 4.132012400115334458e+04 0.000000000000000000e+00
2.000000000000000000e+00 4.534878508128582325e+04 0.000000000000000000e+00
2.000000000000000000e+00 4.977023564332113892e+04 0.000000000000000000e+00
2.000000000000000000e+00 5.462277217684336938e+04 0.000000000000000000e+00
2.000000000000000000e+00 5.994842503189409035e+04 0.000000000000000000e+00
2.000000000000000000e+00 6.579332246575682075e+04 0.000000000000000000e+00
2.000000000000000000e+00 7.220809018385456875e+04 0.000000000000000000e+00
2.000000000000000000e+00 7.924828983539169712e+04 0.000000000000000000e+00
2.000000000000000000e+00 8.697490026177834079e+04 0.000000000000000000e+00
2.000000000000000000e+00 9.545484566618327517e+04 0.000000000000000000e+00
2.000000000000000000e+00 1.047615752789664111e+05 0.000000000000000000e+00
2.000000000000000000e+00 1.149756995397735591e+05 0.000000000000000000e+00
2.000000000000000000e+00 1.261856883066018490e+05 0.000000000000000000e+00
2.000000000000000000e+00 1.384886371393871668e+05 0.000000000000000000e+00
2.000000000000000000e+00 1.519911082952933211e+05 0.000000000000000000e+00
2.000000000000000000e+00 1.668100537200059043e+05 0.000000000000000000e+00
2.000000000000000000e+00 1.830738280295369623e+05 0.000000000000000000e+00
2.000000000000000000e+00 2.009233002565045899e+05 0.000000000000000000e+00
2.000000000000000000e+00 2.205130739903045760e+05 0.000000000000000000e+00
2.000000000000000000e+00 2.420128264794383431e+05 0.000000000000000000e+00
2.000000000000000000e+00 2.656087782946684165e+05 0.000000000000000000e+00
2.000000000000000000e+00 2.915053062825175584e+05 0.000000000000000000e+00
2.000000000000000000e+00 3.199267137797384639e+05 0.000000000000000000e+00
2.000000000000000000e+00 3.511191734215127653e+05 0.000000000000000000e+00
2.000000000000000000e+00 3.853528593710527639e+05 0.000000000000000000e+00
2.000000000000000000e+00 4.229242874389499193e+05 0.000000000000000000e+00
2.000000000000000000e+00 4.641588833612772287e+05 0.000000000000000000e+00
2.000000000000000000e+00 5.094138014816375216e+05 0.000000000000000000e+00
2.000000000000000000e+00 5.590810182512222091e+05 0.000000000000000000e+00
2.000000000000000000e+00 6.135907273413175717e+05 0.000000000000000000e+00
2.000000000000000000e+00 6.734150657750827959e+05 0.000000000000000000e+00
2.000000000000000000e+00 7.390722033525775187e+05 0.000000000000000000e+00
2.000000000000000000e+00 8.111308307896872284e+05 0.000000000000000000e+00
2.000000000000000000e+00 8.902150854450393235e+05 0.000000000000000000e+00
2.000000000000000000e+00 9.770099572992246831e+05 0.000000000000000000e+00
2.000000000000000000e+00 1.072267222010323079e+06 0.000000000000000000e+00
2.000000000000000000e+00 1.176811952434999170e+06 0.000000000000000000e+00
2.000000000000000000e+00 1.291549665014882805e+06 0.000000000000000000e+00
2.000000000000000000e+00 1.417474162926804740e+06 0.000000000000000000e+00
2.000000000000000000e+00 1.555676143930472201e+06 0.000000000000000000e+00
2.000000000000000000e+00 1.707352647470688680e+06 0.000000000000000000e+00
2.000000000000000000e+00 1.873817422860383056e+06 0.000000000000000000e+00
2.000000000000000000e+00 2.056512308348651510e+06 0.000000000000000000e+00
2.000000000000000000e+00 2.257019719633921515e+06 0.000000000000000000e+00
2.000000000000000000e+00 2.477076355991709046e+06 0.000000000000000000e+00
2.000000000000000000e+00 2.718588242732940242e+06 0.000000000000000000e+00
2.000000000000000000e+00 2.983647240283340216e+06 0.000000000000000000e+00
2.000000000000000000e+00 3.274549162877731491e+06 0.000000000000000000e+00
2.000000000000000000e+00 3.593813663804625627e+06 0.000000000000000000e+00
2.000000000000000000e+00 3.944206059437655844e+06 0.000000000000000000e+00
2.000000000000000000e+00 4.328761281083061360e+06 0.000000000000000000e+00
2.000000000000000000e+00 4.750810162102793343e+06 0.000000000000000000e+00
2.000000000000000000e+00 5.214008287999684922e+06 0.000000000000000000e+00
2.000000000000000000e+00 5.722367659350220114e+06 0.000000000000000000e+00
2.000000000000000000e+00 6.280291441834246740e+06 0.000000000000000000e+00
2.000000000000000000e+00 6.892612104349695146e+06 0.000000000000000000e+00
2.000000000000000000e+00 7.564633275546290912e+06 0.000000000000000000e+00
2.000000000000000000e+00 8.302175681319751777e+06 0.000000000000000000e+00
2.000000000000000000e+00 9.111627561154887080e+06 0.000000000000000000e+00
2.000000000000000000e+00 1.000000000000000000e+07 0.000000000000000000e+00
3.000000000000000000e+00 1.000000000000000000e+02 2.184220261769098947e-01
3.000000000000000000e+00 1.023531021899025859e+02 2.027003230651463206e-01
3.000000000000000000e+00 1.047615752789664043e+02 1.876876118233011814e-01
3.000000000000000000e+00 1.072267222010323167e+02 1.733519547187225007e-01
3.000000000000000000e+00 1.097498765493055686e+02 1.596627953198015704e-01
3.000000000000000000e+00 1.123324032978026565e+02 1.465908808772386773e-01
3.000000000000000000e+00 1.149756995397735579e+02 1.341081733001634191e-01
3.000000000000000000e+00 1.176811952434997863e+02 1.221877729910319232e-01
3.000000000000000000e+00 1.204503540258782408e+02 1.108038713011215287e-01
3.000000000000000000e+00 1.232846739442065882e+02 9.993174050584073542e-02
3.000000000000000000e+00 1.261856883066019748e+02 8.954770259698444090e-02
3.000000000000000000e+00 1.291549665014883885e+02 7.962911761740179561e-02
3.000000000000000000e+00 1.321941148466028721e+02 7.015428687018900045e-02
3.000000000000000000e+00 1.353047774579807481e+02 6.110239044522506463e-02
3.000000000000000000e+00 1.384886371393873219e+02 5.245345068705388469e-02
3.000000000000000000e+00 1.417474162926804695e+02 4.418830590018281435e-02
3.000000000000000000e+00 1.450828778495940128e+02 3.628855282623183465e-02
3.000000000000000000e+00 1.484968262254465117e+02 2.873645680211538156e-02
3.000000000000000000e+00 1.519911082952933157e+02 2.151481470264901205e-02
3.000000000000000000e+00 1.555676143930472222e+02 1.460671115609160457e-02
3.000000000000000000e+00 1.592282793341092315e+02 7.994865397667709830e-03
3.000000000000000000e+00 1.629750834620643332e+02 1.661321655594435618e-03
3.000000000000000000e+00 1.668100537200059250e+02 0.000000000000000000e+00
3.000000000000000000e+00 1.707352647470690385e+02 0.000000000000000000e+00
3.000000000000000000e+00 1.747528400007682876e+02 0.000000000000000000e+00
3.000000000000000000e+00 1.788649529057435075e+02 0.000000000000000000e+00
3.000000000000000000e+00 1.830738280295367701e+02 0.000000000000000000e+00
3.000000000000000000e+00 1.873817422860383033e+02 0.000000000000000000e+00
3.000000000000000000e+00 1.917910261672488730e+02 0.000000000000000000e+00
3.000000000000000000e+00 1.963040650040270521e+02 0.000000000000000000e+00
3.000000000000000000e+00 2.009233002565045751e+02 0.000000000000000000e+00
3.000000000000000000e+00 2.056512308348651459e+02 0.000000000000000000e+00
3.000000000000000000e+00 2.104904144512019855e+02 0.000000000000000000e+00
3.000000000000000000e+00 2.154434690031882269e+02 0.000000000000000000e+00
3.000000000000000000e+00 2.205130739903045480e+02 0.000000000000000000e+00
3.000000000000000000e+00 2.257019719633919124e+02 0.000000000000000000e+00
3.000000000000000000e+00 2.310129700083157900e+02 0.000000000000000000e+00
3.000000000000000000e+00 2.364489412645407072e+02 0.000000000000000000e+00
3.000000000000000000e+00 2.420128264794381039e+02 0.000000000000000000e+00
3.000000000000000000e+00 2.477076355991711409e+02 0.000000000000000000e+00
3.000000000000000000e+00 2.535364493970111539e+02 0.000000000000000000e+00
3.000000000000000000e+00 2.595024211399737055e+02 0.000000000000000000e+00
3.000000000000000000e+00 2.656087782946686957e+02 0.000000000000000000e+00
3.000000000000000000e+00 2.718588242732940330e+02 0.000000000000000000e+00
3.000000000000000000e+00 2.782559402207126027e+02 0.000000000000000000e+00
3.000000000000000000e+00 2.848035868435802058e+02 0.000000000000000000e+00
3.000000000000000000e+00 2.915053062825175516e+02 0.000000000000000000e+00
3.000000000000000000e+00 2.983647240283340238e+02 0.000000000000000000e+00
3.000000000000000000e+00 3.053855508833415797e+02 0.000000000000000000e+00
3.000000000000000000e+00 3.125715849688235153e+02 0.000000000000000000e+00
3.000000000000000000e+00 3.199267137797384635e+02 0.000000000000000000e+00
3.000000000000000000e+00 3.274549162877728463e+02 0.000000000000000000e+00
3.000000000000000000e+00 3.351602650938841066e+02 0.000000000000000000e+00
3.000000000000000000e+00 3.430469286314919373e+02 0.000000000000000000e+00
3.000000000000000000e+00 3.511191734215130964e+02 0.000000000000000000e+00
3.000000000000000000e+00 3.593813663804625662e+02 0.000000000000000000e+00
3.000000000000000000e+00 3.678379771828634262e+02 0.000000000000000000e+00
3.000000000000000000e+00 3.764935806792467474e+02 0.000000000000000000e+00
3.000000000000000000e+00 3.853528593710527161e+02 0.000000000000000000e+00
3.000000000000000000e+00 3.944206059437656222e+02 0.000000000000000000e+00
3.000000000000000000e+00 4.037017258596553688e+02 0.000000000000000000e+00
3.000000000000000000e+00 4.132012400115334572e+02 0.000000000000000000e+00
3.000000000000000000e+00 4.229242874389498752e+02 0.000000000000000000e+00
3.000000000000000000e+00 4.328761281083056929e+02 0.000000000000000000e+00
3.000000000000000000e+00 4.430621457583877714e+02 0.000000000000000000e+00
3.000000000000000000e+00 4.534878508128581984e+02 0.000000000000000000e+00
3.000000000000000000e+00 4.641588833612777307e+02 0.000000000000000000e+00
3.000000000000000000e+00 4.750810162102798131e+02 0.000000000000000000e+00
3.000000000000000000e+00 4.862601580065353346e+02 0.000000000000000000e+00
3.000000000000000000e+00 4.977023564332108663e+02 0.000000000000000000e+00
3.000000000000000000e+00 5.094138014816380178e+02 0.000000000000000000e+00
3.000000000000000000e+00 5.214008287999683944e+02 0.000000000000000000e+00
3.000000000000000000e+00 5.336699231206307559e+02 0.000000000000000000e+00
3.000000000000000000e+00 5.462277217684342077e+02 0.000000000000000000e+00
3.000000000000000000e+00 5.590810182512223037e+02 0.000000000000000000e+00
3.000000000000000000e+00 5.722367659350220492e+02 0.000000000000000000e+00
3.000000000000000000e+00 5.857020818056666940e+02 0.000000000000000000e+00
3.000000000000000000e+00 5.994842503189408944e+02 0.000000000000000000e+00
3.000000000000000000e+00 6.135907273413175744e+02 0.000000000000000000e+00
3.000000000000000000e+00 6.280291441834252737e+02 0.000000000000000000e+00
3.000000000000000000e+00 6.428073117284319551e+02 0.000000000000000000e+00
3.000000000000000000e+00 6.579332246575681893e+02 0.000000000000000000e+00
3.000000000000000000e+00 6.734150657750820983e+02 0.000000000000000000e+00
3.000000000000000000e+00 6.892612104349694846e+02 0.000000000000000000e+00
3.000000000000000000e+00 7.054802310718645231e+02 0.000000000000000000e+00
3.000000000000000000e+00 7.220809018385464242e+02 0.000000000000000000e+00
3.000000000000000000e+00 7.390722033525775032e+02 0.000000000000000000e+00
3.000000000000000000e+00 7.564633275546290179e+02 0.000000000000000000e+00
3.000000000000000000e+00 7.742636826811269657e+02 0.000000000000000000e+00
3.000000000000000000e+00 7.924828983539169940e+02 0.000000000000000000e+00
3.000000000000000000e+00 8.111308307896872520e+02 0.000000000000000000e+00
3.000000000000000000e+00 8.302175681319744172e+02 0.000000000000000000e+00
3.000000000000000000e+00 8.497534359086438371e+02 0.000000000000000000e+00
3.000000000000000000e+00 8.697490026177833897e+02 0.000000000000000000e+00
3.000000000000000000e+00 8.902150854450383122e+02 0.000000000000000000e+00
3.000000000000000000e+00 9.111627561154896284e+02 0.000000000000000000e+00
3.000000000000000000e+00 9.326033468832199560e+02 0.000000000000000000e+00
3.000000000000000000e+00 9.545484566618337112e+02 0.000000000000000000e+00
3.000000000000000000e+00 9.770099572992256753e+02 0.000000000000000000e+00
3.000000000000000000e+00 1.000000000000000000e+03 0.000000000000000000e+00
3.000000000000000000e+00 1.000000000000000000e+03 0.000000000000000000e+00
3.000000000000000000e+00 1.097498765493055544e+03 0.000000000000000000e+00
3.000000000000000000e+00 1.204503540258781186e+03 0.000000000000000000e+00
3.000000000000000000e+00 1.321941148466028608e+03 0.000000000000000000e+00
3.000000000000000000e+00 1.450828778495938650e+03 0.000000000000000000e+00
3.000000000000000000e+00 1.592282793341090610e+03 0.000000000000000000e+00
3.000000000000000000e+00 1.747528400007682876e+03 0.000000000000000000e+00
3.000000000000000000e+00 1.917910261672486740e+03 0.000000000000000000e+00
3.000000000000000000e+00 2.104904144512019684e+03 0.000000000000000000e+00
3.000000000000000000e+00 2.310129700083158241e+03 0.000000000000000000e+00
3.000000000000000000e+00 2.535364493970108924e+03 0.000000000000000000e+00
3.000000000000000000e+00 2.782559402207123185e+03 0.000000000000000000e+00
3.000000000000000000e+00 3.053855508833412387e+03 0.000000000000000000e+00
3.000000000000000000e+00 3.351602650938840725e+03 0.000000000000000000e+00
3.000000000000000000e+00 3.678379771828630510e+03 0.000000000000000000e+00
3.000000000000000000e+00 4.037017258596553802e+03 0.000000000000000000e+00
3.000000000000000000e+00 4.430621457583877600e+03 0.000000000000000000e+00
3.000000000000000000e+00 4.862601580065348571e+03 0.000000000000000000e+00
3.000000000000000000e+00 5.336699231206307559e+03 0.000000000000000000e+00
3.000000000000000000e+00 5.857020818056661483e+03 0.000000000000000000e+00
3.000000000000000000e+00 6.428073117284318869e+03 0.000000000000000000e+00
3.000000000000000000e+00 7.054802310718638182e+03 0.000000000000000000e+00
3.000000000000000000e+00 7.742636826811270112e+03 0.000000000000000000e+00
3.000000000000000000e+00 8.497534359086437689e+03 0.000000000000000000e+00
3.000000000000000000e+00 9.326033468832189101e+03 0.000000000000000000e+00
3.000000000000000000e+00 1.023531021899026928e+04 0.000000000000000000e+00
3.000000000000000000e+00 1.123324032978026480e+04 0.000000000000000000e+00
3.000000000000000000e+00 1.232846739442065882e+04 0.000000000000000000e+00
3.000000000000000000e+00 1.353047774579807628e+04 0.000000000000000000e+00
3.000000000000000000e+00 1.484968262254463480e+04 0.000000000000000000e+00
3.000000000000000000e+00 1.629750834620643400e+04 0.000000000000000000e+00
3.000000000000000000e+00 1.788649529057435211e+04 0.000000000000000000e+00
3.000000000000000000e+00 1.963040650040268520e+04 0.000000000000000000e+00
3.000000000000000000e+00 2.154434690031882201e+04 0.000000000000000000e+00
3.000000000000000000e+00 2.364489412645407356e+04 0.000000000000000000e+00
3.000000000000000000e+00 2.595024211399731939e+04 0.000000000000000000e+00
3.000000000000000000e+00 2.848035868435799057e+04 0.000000000000000000e+00
3.000000000000000000e+00 3.125715849688235176e+04 0.000000000000000000e+00
3.000000000000000000e+00 3.430469286314912461e+04 0.000000000000000000e+00
3.000000000000000000e+00 3.764935806792470976e+04 0.000000000000000000e+00
3.000000000000000000e+00 4.132012400115334458e+04 0.000000000000000000e+00
3.000000000000000000e+00 4.534878508128582325e+04 0.000000000000000000e+00
3.000000000000000000e+00 4.977023564332113892e+04 0.000000000000000000e+00
3.000000000000000000e+00 5.462277217684336938e+04 0.000000000000000000e+00
3.000000000000000000e+00 5.994842503189409035e+04 0.000000000000000000e+00
3.000000000000000000e+00 6.579332246575682075e+04 0.000000000000000000e+00
3.000000000000000000e+00 7.220809018385456875e+04 0.000000000000000000e+00
3.000000000000000000e+00 7.924828983539169712e+04 0.000000000000000000e+00
3.000000000000000000e+00 8.697490026177834079e+04 0.000000000000000000e+00
3.000000000000000000e+00 9.545484566618327517e+04 0.000000000000000000e+00
3.000000000000000000e+00 1.047615752789664111e+05 0.000000000000000000e+00
3.000000000000000000e+00 1.149756995397735591e+05 0.000000000000000000e+00
3.000000000000000000e+00 1.261856883066018490e+05 0.000000000000000000e+00
3.000000000000000000e+00 1.384886371393871668e+05 0.000000000000000000e+00
3.000000000000000000e+00 1.519911082952933211e+05 0.000000000000000000e+00
3.000000000000000000e+00 1.668100537200059043e+05 0.000000000000000000e+00
3.000000000000000000e+00 1.830738280295369623e+05 0.000000000000000000e+00
3.000000000000000000e+00 2.009233002565045899e+05 0.000000000000000000e+00
3.000000000000000000e+00 2.205130739903045760e+05 0.000000000000000000e+00
3.000000000000000000e+00 2.420128264794383431e+05 0.000000000000000000e+00
3.000000000000000000e+00 2.656087782946684165e+05 0.000000000000000000e+00
3.000000000000000000e+00 2.915053062825175584e+05 0.000000000000000000e+00
3.000000000000000000e+00 3.199267137797384639e+05 0.000000000000000000e+00
3.000000000000000000e+00 3.511191734215127653e+05 0.000000000000000000e+00
3.000000000000000000e+00 3.853528593710527639e+05 0.000000000000000000e+00
3.000000000000000000e+00 4.229242874389499193e+05 0.000000000000000000e+00
3.000000000000000000e+00 4.641588833612772287e+05 0.000000000000000000e+00
3.000000000000000000e+00 5.094138014816375216e+05 0.000000000000000000e+00
3.000000000000000000e+00 5.590810182512222091e+05 0.000000000000000000e+00
3.000000000000000000e+00 6.135907273413175717e+05 0.000000000000000000e+00
3.000000000000000000e+00 6.734150657750827959e+05 0.000000000000000000e+00
3.000000000000000000e+00 7.390722033525775187e+05 0.000000000000000000e+00
3.000000000000000000e+00 8.111308307896872284e+05 0.000000000000000000e+00
3.000000000000000000e+00 8.902150854450393235e+05 0.000000000000000000e+00
3.000000000000000000e+00 9.770099572992246831e+05 0.000000000000000000e+00
3.000000000000000000e+00 1.072267222010323079e+06 0.000000000000000000e+00
3.000000000000000000e+00 1.176811952434999170e+06 0.000000000000000000e+00
3.000000000000000000e+00 1.291549665014882805e+06 0.000000000000000000e+00
3.000000000000000000e+00 1.417474162926804740e+06 0.000000000000000000e+00
3.000000000000000000e+00 1.555676143930472201e+06 0.000000000000000000e+00
3.000000000000000000e+00 1.707352647470688680e+06 0.000000000000000000e+00
3.000000000000000000e+00 1.873817422860383056e+06 0.000000000000000000e+00
3.000000000000000000e+00 2.056512308348651510e+06 0.000000000000000000e+00
3.000000000000000000e+00 2.257019719633921515e+06 0.000000000000000000e+00
3.000000000000000000e+00 2.477076355991709046e+06 0.000000000000000000e+00
3.000000000000000000e+00 2.718588242732940242e+06 0.000000000000000000e+00
3.000000000000000000e+00 2.983647240283340216e+06 0.000000000000000000e+00
3.000000000000000000e+00 3.274549162877731491e+06 0.000000000000000000e+00
3.000000000000000000e+00 3.593813663804625627e+06 0.000000000000000000e+00
3.000000000000000000e+00 3.944206059437655844e+06 0.000000000000000000e+00
3.000000000000000000e+00 4.328761281083061360e+06 0.000000000000000000e+00
3.000000000000000000e+00 4.750810162102793343e+06 0.000000000000000000e+00
3.000000000000000000e+00 5.214008287999684922e+06 0.000000000000000000e+00
3.000000000000000000e+00 5.722367659350220114e+06 0.000000000000000000e+00
3.000000000000000000e+00 6.280291441834246740e+06 0.000000000000000000e+00
3.000000000000000000e+00 6.892612104349695146e+06 0.000000000000000000e+00
3.000000000000000000e+00 7.564633275546290912e+06 0.000000000000000000e+00
3.000000000000000000e+00 8.302175681319751777e+06 0.000000000000000000e+00
3.000000000000000000e+00 9.111627561154887080e+06 0.000000000000000000e+00
3.000000000000000000e+00 1.000000000000000000e+07 0.000000000000000000e+00
5.000000000000000000e+00 1.000000000000000000e+02 2.183031089942433778e-01
5.000000000000000000e+00 1.023531021899025859e+02 2.025977832153244562e-01
5.000000000000000000e+00 1.047615752789664043e+02 1.875986327090160555e-01
5.000000000000000000e+00 1.072267222010323167e+02 1.732740974553628188e-01
5.000000000000000000e+00 1.097498765493055686e+02 1.595940164896478553e-01
5.000000000000000000e+00 1.123324032978026565e+02 1.465295246788816397e-01
5.000000000000000000e+00 1.149756995397735579e+02 1.340530578730235456e-01
5.000000000000000000e+00 1.176811952434997863e+02 1.221384223721526802e-01
5.000000000000000000e+00 1.204503540258782408e+02 1.107605780038156129e-01
5.000000000000000000e+00 1.232846739442065882e+02 9.989276293002495588e-02
5.000000000000000000e+00 1.261856883066019748e+02 8.950941495803585446e-02
5.000000000000000000e+00 1.291549665014883885e+02 7.959500743623214303e-02
5.000000000000000000e+00 1.321941148466028721e+02 7.012502431021200300e-02
5.000000000000000000e+00 1.353047774579807481e+02 6.107757141495347847e-02
5.000000000000000000e+00 1.384886371393873219e+02 5.243254745824957319e-02
5.000000000000000000e+00 1.417474162926804695e+02 4.417080200813128243e-02
5.000000000000000000e+00 1.450828778495940128e+02 3.627394612046506289e-02
5.000000000000000000e+00 1.484968262254465117e+02 2.872423390472997329e-02
5.000000000000000000e+00 1.519911082952933157e+02 2.150443033975838261e-02
5.000000000000000000e+00 1.555676143930472222e+02 1.459775473302182304e-02
5.000000000000000000e+00 1.592282793341092315e+02 7.989131630485301130e-03
5.000000000000000000e+00 1.629750834620643332e+02 1.667099852660259467e-03
5.000000000000000000e+00 1.668100537200059250e+02 0.000000000000000000e+00
5.000000000000000000e+00 1.707352647470690385e+02 0.000000000000000000e+00
5.000000000000000000e+00 1.747528400007682876e+02 0.000000000000000000e+00
5.000000000000000000e+00 1.788649529057435075e+02 0.000000000000000000e+00
5.000000000000000000e+00 1.830738280295367701e+02 0.000000000000000000e+00
5.000000000000000000e+00 1.873817422860383033e+02 0.000000000000000000e+00
5.000000000000000000e+00 1.917910261672488730e+02 0.000000000000000000e+00
5.000000000000000000e+00 1.963040650040270521e+02 0.000000000000000000e+00
5.000000000000000000e+00 2.009233002565045751e+02 0.000000000000000000e+00
5.000000000000000000e+00 2.056512308348651459e+02 0.000000000000000000e+00
5.000000000000000000e+00 2.104904144512019855e+02 0.000000000000000000e+00
5.000000000000000000e+00 2.154434690031882269e+02 0.000000000000000000e+00
5.000000000000000000e+00 2.205130739903045480e+02 0.000000000000000000e+00
5.000000000000000000e+00 2.257019719633919124e+02 0.000000000000000000e+00
5.000000000000000000e+00 2.310129700083157900e+02 0.000000000000000000e+00
5.000000000000000000e+00 2.364489412645407072e+02 0.000000000000000000e+00
5.000000000000000000e+00 2.420128264794381039e+02 0.000000000000000000e+00
5.000000000000000000e+00 2.477076355991711409e+02 0.000000000000000000e+00
5.000000000000000000e+00 2.535364493970111539e+02 0.000000000000000000e+00
5.000000000000000000e+00 2.595024211399737055e+02 0.000000000000000000e+00
5.000000000000000000e+00 2.656087782946686957e+02 0.000000000000000000e+00
5.000000000000000000e+00 2.718588242732940330e+02 0.000000000000000000e+00
5.000000000000000000e+00 2.782559402207126027e+02 0.000000000000000000e+00
5.000000000000000000e+00 2.848035868435802058e+02 0.000000000000000000e+00
5.000000000000000000e+00 2.915053062825175516e+02 0.000000000000000000e+00
5.000000000000000000e+00 2.983647240283340238e+02 0.000000000000000000e+00
5.000000000000000000e+00 3.053855508833415797e+02 0.000000000000000000e+00
5.000000000000000000e+00 3.125715849688235153e+02 0.000000000000000000e+00
5.000000000000000000e+00 3.199267137797384635e+02 0.000000000000000000e+00
5.000000000000000000e+00 3.274549162877728463e+02 0.000000000000000000e+00
5.000000000000000000e+00 3.351602650938841066e+02 0.000000000000000000e+00
5.000000000000000000e+00 3.430469286314919373e+02 0.000000000000000000e+00
5.000000000000000000e+00 3.511191734215130964e+02 0.000000000000000000e+00
5.000000000000000000e+00 3.593813663804625662e+02 0.000000000000000000e+00
5.000000000000000000e+00 3.678379771828634262e+02 0.000000000000000000e+00
5.000000000000000000e+00 3.764935806792467474e+02 0.000000000000000000e+00
5.000000000000000000e+00 3.853528593710527161e+02 0.000000000000000000e+00
5.000000000000000000e+00 3.944206059437656222e+02 0.000000000000000000e+00
5.000000000000000000e+00 4.037017258596553688e+02 0.000000000000000000e+00
5.000000000000000000e+00 4.132012400115334572e+02 0.000000000000000000e+00
5.000000000000000000e+00 4.229242874389498752e+02 0.000000000000000000e+00
5.000000000000000000e+00 4.328761281083056929e+02 0.000000000000000000e+00
5.000000000000000000e+00 4.430621457583877714e+02 0.000000000000000000e+00
5.000000000000000000e+00 4.534878508128581984e+02 0.000000000000000000e+00
5.000000000000000000e+00 4.641588833612777307e+02 0.000000000000000000e+00
5.000000000000000000e+00 4.750810162102798131e+02 0.000000000000000000e+00
5.000000000000000000e+00 4.862601580065353346e+02 0.000000000000000000e+00
5.000000000000000000e+00 4.977023564332108663e+02 0.000000000000000000e+00
5.000000000000000000e+00 5.094138014816380178e+02 0.000000000000000000e+00
5.000000000000000000e+00 5.214008287999683944e+02 0.000000000000000000e+00
5.000000000000000000e+00 5.336699231206307559e+02 0.000000000000000000e+00
5.000000000000000000e+00 5.462277217684342077e+02 0.000000000000000000e+00
5.000000000000000000e+00 5.590810182512223037e+02 0.000000000000000000e+00
5.000000000000000000e+00 5.722367659350220492e+02 0.000000000000000000e+00
5.000000000000000000e+00 5.857020818056666940e+02 0.000000000000000000e+00
5.000000000000000000e+00 5.994842503189408944e+02 0.000000000000000000e+00
5.000000000000000000e+00 6.135907273413175744e+02 0.000000000000000000e+00
5.000000000000000000e+00 6.280291441834252737e+02 0.000000000000000000e+00
5.000000000000000000e+00 6.428073117284319551e+02 0.000000000000000000e+00
5.000000000000000000e+00 6.579332246575681893e+02 0.000000000000000000e+00
5.000000000000000000e+00 6.734150657750820983e+02 0.000000000000000000e+00
5.000000000000000000e+00 6.892612104349694846e+02 0.000000000000000000e+00
5.000000000000000000e+00 7.054802310718645231e+02 0.000000000000000000e+00
5.000000000000000000e+00 7.220809018385464242e+02 0.000000000000000000e+00
5.000000000000000000e+00 7.390722033525775032e+02 0.000000000000000000e+00
5.000000000000000000e+00 7.564633275546290179e+02 0.000000000000000000e+00
5.000000000000000000e+00 7.742636826811269657e+02 0.000000000000000000e+00
5.000000000000000000e+00 7.924828983539169940e+02 0.000000000000000000e+00
5.000000000000000000e+00 8.111308307896872520e+02 0.000000000000000000e+00
5.000000000000000000e+00 8.302175681319744172e+02 0.000000000000000000e+00
5.000000000000000000e+00 8.497534359086438371e+02 0.000000000000000000e+00
5.000000000000000000e+00 8.697490026177833897e+02 0.000000000000000000e+00
5.000000000000000000e+00 8.902150854450383122e+02 0.000000000000000000e+00
5.000000000000000000e+00 9.111627561154896284e+02 0.000000000000000000e+00
5.000000000000000000e+00 9.326033468832199560e+02 0.000000000000000000e+00
5.000000000000000000e+00 9.545484566618337112e+02 0.000000000000000000e+00
5.000000000000000000e+00 9.770099572992256753e+02 0.000000000000000000e+00
5.000000000000000000e+00 1.000000000000000000e+03 0.000000000000000000e+00
5.000000000000000000e+00 1.000000000000000000e+03 0.000000000000000000e+00
5.000000000000000000e+00 1.097498765493055544e+03 0.000000000000000000e+00
5.000000000000000000e+00 1.204503540258781186e+03 0.000000000000000000e+00
5.000000000000000000e+00 1.321941148466028608e+03 0.000000000000000000e+00
5.000000000000000000e+00 1.450828778495938650e+03 0.000000000000000000e+00
5.000000000000000000e+00 1.592282793341090610e+03 0.000000000000000000e+00
5.000000000000000000e+00 1.747528400007682876e+03 0.000000000000000000e+00
5.000000000000000000e+00 1.917910261672486740e+03 0.000000000000000000e+00
5.000000000000000000e+00 2.104904144512019684e+03 0.000000000000000000e+00
5.000000000000000000e+00 2.310129700083158241e+03 0.000000000000000000e+00
5.000000000000000000e+00 2.535364493970108924e+03 0.000000000000000000e+00
5.000000000000000000e+00 2.782559402207123185e+03 0.000000000000000000e+00
5.000000000000000000e+00 3.053855508833412387e+03 0.000000000000000000e+00
5.000000000000000000e+00 3.351602650938840725e+03 0.000000000000000000e+00
5.000000000000000000e+00 3.678379771828630510e+03 0.000000000000000000e+00
5.000000000000000000e+00 4.037017258596553802e+03 0.000000000000000000e+00
5.000000000000000000e+00 4.430621457583877600e+03 0.000000000000000000e+00
5.000000000000000000e+00 4.862601580065348571e+03 0.000000000000000000e+00
5.000000000000000000e+00 5.336699231206307559e+03 0.000000000000000000e+00
5.000000000000000000e+00 5.857020818056661483e+03 0.000000000000000000e+00
5.000000000000000000e+00 6.428073117284318869e+03 0.000000000000000000e+00
5.000000000000000000e+00 7.054802310718638182e+03 0.000000000000000000e+00
5.000000000000000000e+00 7.742636826811270112e+03 0.000000000000000000e+00
5.000000000000000000e+00 8.497534359086437689e+03 0.000000000000000000e+00
5.000000000000000000e+00 9.326033468832189101e+03 0.000000000000000000e+00
5.000000000000000000e+00 1.023531021899026928e+04 0.000000000000000000e+00
5.000000000000000000e+00 1.123324032978026480e+04 0.000000000000000000e+00
5.000000000000000000e+00 1.232846739442065882e+04 0.000000000000000000e+00
5.000000000000000000e+00 1.353047774579807628e+04 0.000000000000000000e+00
5.000000000000000000e+00 1.484968262254463480e+04 0.000000000000000000e+00
5.000000000000000000e+00 1.629750834620643400e+04 0.000000000000000000e+00
5.000000000000000000e+00 1.788649529057435211e+04 0.000000000000000000e+00
5.000000000000000000e+00 1.963040650040268520e+04 0.000000000000000000e+00
5.000000000000000000e+00 2.154434690031882201e+04 0.000000000000000000e+00
5.000000000000000000e+00 2.364489412645407356e+04 0.000000000000000000e+00
5.000000000000000000e+00 2.595024211399731939e+04 0.000000000000000000e+00
5.000000000000000000e+00 2.848035868435799057e+04 0.000000000000000000e+00
5.000000000000000000e+00 3.125715849688235176e+04 0.000000000000000000e+00
5.000000000000000000e+00 3.430469286314912461e+04 0.000000000000000000e+00
5.000000000000000000e+00 3.764935806792470976e+04 0.000000000000000000e+00
5.000000000000000000e+00 4.132012400115334458e+04 0.000000000000000000e+00
5.000000000000000000e+00 4.534878508128582325e+04 0.000000000000000000e+00
5.000000000000000000e+00 4.977023564332113892e+04 0.000000000000000000e+00
5.000000000000000000e+00 5.462277217684336938e+04 0.000000000000000000e+00
5.000000000000000000e+00 5.994842503189409035e+04 0.000000000000000000e+00
5.000000000000000000e+00 6.579332246575682075e+04 0.000000000000000000e+00
5.000000000000000000e+00 7.220809018385456875e+04 0.000000000000000000e+00
5.000000000000000000e+00 7.924828983539169712e+04 0.000000000000000000e+00
5.000000000000000000e+00 8.697490026177834079e+04 0.000000000000000000e+00
5.000000000000000000e+00 9.545484566618327517e+04 0.000000000000000000e+00
5.000000000000000000e+00 1.047615752789664111e+05 0.000000000000000000e+00
5.000000000000000000e+00 1.149756995397735591e+05 0.000000000000000000e+00
5.000000000000000000e+00 1.261856883066018490e+05 0.000000000000000000e+00
5.000000000000000000e+00 1.384886371393871668e+05 0.000000000000000000e+00
5.000000000000000000e+00 1.519911082952933211e+05 0.000000000000000000e+00
5.000000000000000000e+00 1.668100537200059043e+05 0.000000000000000000e+00
5.000000000000000000e+00 1.830738280295369623e+05 0.000000000000000000e+00
5.000000000000000000e+00 2.009233002565045899e+05 0.000000000000000000e+00
5.000000000000000000e+00 2.205130739903045760e+05 0.000000000000000000e+00
5.000000000000000000e+00 2.420128264794383431e+05 0.000000000000000000e+00
5.000000000000000000e+00 2.656087782946684165e+05 0.000000000000000000e+00
5.000000000000000000e+00 2.915053062825175584e+05 0.000000000000000000e+00
5.000000000000000000e+00 3.199267137797384639e+05 0.000000000000000000e+00
5.000000000000000000e+00 3.511191734215127653e+05 0.000000000000000000e+00
5.000000000000000000e+00 3.853528593710527639e+05 0.000000000000000000e+00
5.000000000000000000e+00 4.229242874389499193e+05 0.000000000000000000e+00
5.000000000000000000e+00 4.641588833612772287e+05 0.000000000000000000e+00
5.000000000000000000e+00 5.094138014816375216e+05 0.000000000000000000e+00
5.000000000000000000e+00 5.590810182512222091e+05 0.000000000000000000e+00
5.000000000000000000e+00 6.135907273413175717e+05 0.000000000000000000e+00
5.000000000000000000e+00 6.734150657750827959e+05 0.000000000000000000e+00
5.000000000000000000e+00 7.390722033525775187e+05 0.000000000000000000e+00
5.000000000000000000e+00 8.111308307896872284e+05 0.000000000000000000e+00
5.000000000000000000e+00 8.902150854450393235e+05 0.000000000000000000e+00
5.000000000000000000e+00 9.770099572992246831e+05 0.000000000000000000e+00
5.000000000000000000e+00 1.072267222010323079e+06 0.000000000000000000e+00
5.000000000000000000e+00 1.176811952434999170e+06 0.000000000000000000e+00
5.000000000000000000e+00 1.291549665014882805e+06 0.000000000000000000e+00
5.000000000000000000e+00 1.417474162926804740e+06 0.000000000000000000e+00
5.000000000000000000e+00 1.555676143930472201e+06 0.000000000000000000e+00
5.000000000000000000e+00 1.707352647470688680e+06 0.000000000000000000e+00
5.000000000000000000e+00 1.873817422860383056e+06 0.000000000000000000e+00
5.000000000000000000e+00 2.056512308348651510e+06 0.000000000000000000e+00
5.000000000000000000e+00 2.257019719633921515e+06 0.000000000000000000e+00
5.000000000000000000e+00 2.477076355991709046e+06 0.000000000000000000e+00
5.000000000000000000e+00 2.718588242732940242e+06 0.000000000000000000e+00
5.000000000000000000e+00 2.983647240283340216e+06 0.000000000000000000e+00
5.000000000000000000e+00 3.274549162877731491e+06 0.000000000000000000e+00
5.000000000000000000e+00 3.593813663804625627e+06 0.000000000000000000e+00
5.000000000000000000e+00 3.944206059437655844e+06 0.000000000000000000e+00
5.000000000000000000e+00 4.328761281083061360e+06 0.000000000000000000e+00
5.000000000000000000e+00 4.750810162102793343e+06 0.000000000000000000e+00
5.000000000000000000e+00 5.214008287999684922e+06 0.000000000000000000e+00
5.000000000000000000e+00 5.722367659350220114e+06 0.000000000000000000e+00
5.000000000000000000e+00 6.280291441834246740e+06 0.000000000000000000e+00
5.000000000000000000e+00 6.892612104349695146e+06 0.000000000000000000e+00
5.000000000000000000e+00 7.564633275546290912e+06 0.000000000000000000e+00
5.000000000000000000e+00 8.302175681319751777e+06 0.000000000000000000e+00
5.000000000000000000e+00 9.111627561154887080e+06 0.000000000000000000e+00
5.000000000000000000e+00 1.000000000000000000e+07 0.000000000000000000e+00
7.000000000000000000e+00 1.000000000000000000e+02 2.181456778718900980e-01
7.000000000000000000e+00 1.023531021899025859e+02 2.024610107939403825e-01
7.000000000000000000e+00 1.047615752789664043e+02 1.874783553121779356e-01
7.000000000000000000e+00 1.072267222010323167e+02 1.731667663109759669e-01
7.000000000000000000e+00 1.097498765493055686e+02 1.594970072102767367e-01
7.000000000000000000e+00 1.123324032978026565e+02 1.464395716919119073e-01
7.000000000000000000e+00 1.149756995397735579e+02 1.339631378248455351e-01
7.000000000000000000e+00 1.176811952434997863e+02 1.220481837222335136e-01
7.000000000000000000e+00 1.204503540258782408e+02 1.106746314116154178e-01
7.000000000000000000e+00 1.232846739442065882e+02 9.981455525444291044e-02
7.000000000000000000e+00 1.261856883066019748e+02 8.944491193468570578e-02
7.000000000000000000e+00 1.291549665014883885e+02 7.954128841206914435e-02
7.000000000000000000e+00 1.321941148466028721e+02 7.007935417631355746e-02
7.000000000000000000e+00 1.353047774579807481e+02 6.103848512441373969e-02
7.000000000000000000e+00 1.384886371393873219e+02 5.239912685813014059e-02
7.000000000000000000e+00 1.417474162926804695e+02 4.414240337198026970e-02
7.000000000000000000e+00 1.450828778495940128e+02 3.625018299011443373e-02
7.000000000000000000e+00 1.484968262254465117e+02 2.870516387359634339e-02
7.000000000000000000e+00 1.519911082952933157e+02 2.149109428542549799e-02
7.000000000000000000e+00 1.555676143930472222e+02 1.459327224736436251e-02
7.000000000000000000e+00 1.592282793341092315e+02 7.997929279817536305e-03
7.000000000000000000e+00 1.629750834620643332e+02 1.666319112600050684e-03
7.000000000000000000e+00 1.668100537200059250e+02 0.000000000000000000e+00
7.000000000000000000e+00 1.707352647470690385e+02 0.000000000000000000e+00
7.000000000000000000e+00 1.747528400007682876e+02 0.000000000000000000e+00
7.000000000000000000e+00 1.788649529057435075e+02 0.000000000000000000e+00
7.000000000000000000e+00 1.830738280295367701e+02 0.000000000000000000e+00
7.000000000000000000e+00 1.873817422860383033e+02 0.000000000000000000e+00
7.000000000000000000e+00 1.917910261672488730e+02 0.000000000000000000e+00
7.000000000000000000e+00 1.963040650040270521e+02 0.000000000000000000e+00
7.000000000000000000e+00 2.009233002565045751e+02 0.000000000000000000e+00
7.000000000000000000e+00 2.056512308348651459e+02 0.000000000000000000e+00
7.000000000000000000e+00 2.104904144512019855e+02 0.000000000000000000e+00
7.000000000000000000e+00 2.154434690031882269e+02 0.000000000000000000e+00
7.000000000000000000e+00 2.205130739903045480e+02 0.000000000000000000e+00
7.000000000000000000e+00 2.257019719633919124e+02 0.000000000000000000e+00
7.000000000000000000e+00 2.310129700083157900e+02 0.000000000000000000e+00
7.000000000000000000e+00 2.364489412645407072e+02 0.000000000000000000e+00
7.000000000000000000e+00 2.420128264794381039e+02 0.000000000000000000e+00
7.000000000000000000e+00 2.477076355991711409e+02 0.000000000000000000e+00
7.000000000000000000e+00 2.535364493970111539e+02 0.000000000000000000e+00
7.000000000000000000e+00 2.595024211399737055e+02 0.000000000000000000e+00
7.000000000000000000e+00 2.656087782946686957e+02 0.000000000000000000e+00
7.000000000000000000e+00 2.718588242732940330e+02 0.000000000000000000e+00
7.000000000000000000e+00 2.782559402207126027e+02 0.000000000000000000e+00
7.000000000000000000e+00 2.848035868435802058e+02 0.000000000000000000e+00
7.000000000000000000e+00 2.915053062825175516e+02 0.000000000000000000e+00
7.000000000000000000e+00 2.983647240283340238e+02 0.000000000000000000e+00
7.000000000000000000e+00 3.053855508833415797e+02 0.000000000000000000e+00
7.000000000000000000e+00 3.125715849688235153e+02 0.000000000000000000e+00
7.000000000000000000e+00 3.199267137797384635e+02 0.000000000000000000e+00
7.000000000000000000e+00 3.274549162877728463e+02 0.000000000000000000e+00
7.000000000000000000e+00 3.351602650938841066e+02 0.000000000000000000e+00
7.000000000000000000e+00 3.430469286314919373e+02 0.000000000000000000e+00
7.000000000000000000e+00 3.511191734215130964e+02 0.000000000000000000e+00
7.000000000000000000e+00 3.593813663804625662e+02 0.000000000000000000e+00
7.000000000000000000e+00 3.678379771828634262e+02 0.000000000000000000e+00
7.000000000000000000e+00 3.764935806792467474e+02 0.000000000000000000e+00
7.000000000000000000e+00 3.853528593710527161e+02 0.000000000000000000e+00
7.000000000000000000e+00 3.944206059437656222e+02 0.000000000000000000e+00
7.000000000000000000e+00 4.037017258596553688e+02 0.000000000000000000e+00
7.000000000000000000e+00 4.132012400115334572e+02 0.000000000000000000e+00
7.000000000000000000e+00 4.229242874389498752e+02 0.000000000000000000e+00
7.000000000000000000e+00 4.328761281083056929e+02 0.000000000000000000e+00
7.000000000000000000e+00 4.430621457583877714e+02 0.000000000000000000e+00
7.000000000000000000e+00 4.534878508128581984e+02 0.000000000000000000e+00
7.000000000000000000e+00 4.641588833612777307e+02 0.000000000000000000e+00
7.000000000000000000e+00 4.750810162102798131e+02 0.000000000000000000e+00
7.000000000000000000e+00 4.862601580065353346e+02 0.000000000000000000e+00
7.000000000000000000e+00 4.977023564332108663e+02 0.000000000000000000e+00
7.000000000000000000e+00 5.094138014816380178e+02 0.000000000000000000e+00
7.000000000000000000e+00 5.214008287999683944e+02 0.000000000000000000e+00
7.000000000000000000e+00 5.336699231206307559e+02 0.000000000000000000e+00
7.000000000000000000e+00 5.462277217684342077e+02 0.000000000000000000e+00
7.000000000000000000e+00 5.590810182512223037e+02 0.000000000000000000e+00
7.000000000000000000e+00 5.722367659350220492e+02 0.000000000000000000e+00
7.000000000000000000e+00 5.857020818056666940e+02 0.000000000000000000e+00
7.000000000000000000e+00 5.994842503189408944e+02 0.000000000000000000e+00
7.000000000000000000e+00 6.135907273413175744e+02 0.000000000000000000e+00
7.000000000000000000e+00 6.280291441834252737e+02 0.000000000000000000e+00
7.000000000000000000e+00 6.428073117284319551e+02 0.000000000000000000e+00
7.000000000000000000e+00 6.579332246575681893e+02 0.000000000000000000e+00
7.000000000000000000e+00 6.734150657750820983e+02 0.000000000000000000e+00
7.000000000000000000e+00 6.892612104349694846e+02 0.000000000000000000e+00
7.000000000000000000e+00 7.054802310718645231e+02 0.000000000000000000e+00
7.000000000000000000e+00 7.220809018385464242e+02 0.000000000000000000e+00
7.000000000000000000e+00 7.390722033525775032e+02 0.000000000000000000e+00
7.000000000000000000e+00 7.564633275546290179e+02 0.000000000000000000e+00
7.000000000000000000e+00 7.742636826811269657e+02 0.000000000000000000e+00
7.000000000000000000e+00 7.924828983539169940e+02 0.000000000000000000e+00
7.000000000000000000e+00 8.111308307896872520e+02 0.000000000000000000e+00
7.000000000000000000e+00 8.302175681319744172e+02 0.000000000000000000e+00
7.000000000000000000e+00 8.497534359086438371e+02 0.000000000000000000e+00
7.000000000000000000e+00 8.697490026177833897e+02 0.000000000000000000e+00
7.000000000000000000e+00 8.902150854450383122e+02 0.000000000000000000e+00
7.000000000000000000e+00 9.111627561154896284e+02 0.000000000000000000e+00
7.000000000000000000e+00 9.326033468832199560e+02 0.000000000000000000e+00
7.000000000000000000e+00 9.545484566618337112e+02 0.000000000000000000e+00
7.000000000000000000e+00 9.770099572992256753e+02 0.000000000000000000e+00
7.000000000000000000e+00 1.000000000000000000e+03 0.000000000000000000e+00
7.000000000000000000e+00 1.000000000000000000e+03 0.000000000000000000e+00
7.000000000000000000e+00 1.097498765493055544e+03 0.000000000000000000e+00
7.000000000000000000e+00 1.204503540258781186e+03 0.000000000000000000e+00
7.000000000000000000e+00 1.321941148466028608e+03 0.000000000000000000e+00
7.000000000000000000e+00 1.450828778495938650e+03 0.000000000000000000e+00
7.000000000000000000e+00 1.592282793341090610e+03 0.000000000000000000e+00
7.000000000000000000e+00 1.747528400007682876e+03 0.000000000000000000e+00
7.000000000000000000e+00 1.917910261672486740e+03 0.000000000000000000e+00
7.000000000000000000e+00 2.104904144512019684e+03 0.000000000000000000e+00
7.000000000000000000e+00 2.310129700083158241e+03 0.000000000000000000e+00
7.000000000000000000e+00 2.535364493970108924e+03 0.000000000000000000e+00
7.000000000000000000e+00 2.782559402207123185e+03 0.000000000000000000e+00
7.000000000000000000e+00 3.053855508833412387e+03 0.000000000000000000e+00
7.000000000000000000e+00 3.351602650938840725e+03 0.000000000000000000e+00
7.000000000000000000e+00 3.678379771828630510e+03 0.000000000000000000e+00
7.000000000000000000e+00 4.037017258596553802e+03 0.000000000000000000e+00
7.000000000000000000e+00 4.430621457583877600e+03 0.000000000000000000e+00
7.000000000000000000e+00 4.862601580065348571e+03 0.000000000000000000e+00
7.000000000000000000e+00 5.336699231206307559e+03 0.000000000000000000e+00
7.000000000000000000e+00 5.857020818056661483e+03 0.000000000000000000e+00
7.000000000000000000e+00 6.428073117284318869e+03 0.000000000000000000e+00
7.000000000000000000e+00 7.054802310718638182e+03 0.000000000000000000e+00
7.000000000000000000e+00 7.742636826811270112e+03 0.000000000000000000e+00
7.000000000000000000e+00 8.497534359086437689e+03 0.000000000000000000e+00
7.000000000000000000e+00 9.326033468832189101e+03 0.000000000000000000e+00
7.000000000000000000e+00 1.023531021899026928e+04 0.000000000000000000e+00
7.000000000000000000e+00 1.123324032978026480e+04 0.000000000000000000e+00
7.000000000000000000e+00 1.232846739442065882e+04 0.000000000000000000e+00
7.000000000000000000e+00 1.353047774579807628e+04 0.000000000000000000e+00
7.000000000000000000e+00 1.484968262254463480e+04 0.000000000000000000e+00
7.000000000000000000e+00 1.629750834620643400e+04 0.000000000000000000e+00
7.000000000000000000e+00 1.788649529057435211e+04 0.000000000000000000e+00
7.000000000000000000e+00 1.963040650040268520e+04 0.000000000000000000e+00
7.000000000000000000e+00 2.154434690031882201e+04 0.000000000000000000e+00
7.000000000000000000e+00 2.364489412645407356e+04 0.000000000000000000e+00
7.000000000000000000e+00 2.595024211399731939e+04 0.000000000000000000e+00
7.000000000000000000e+00 2.848035868435799057e+04 0.000000000000000000e+00
7.000000000000000000e+00 3.125715849688235176e+04 0.000000000000000000e+00
7.000000000000000000e+00 3.430469286314912461e+04 0.000000000000000000e+00
7.000000000000000000e+00 3.764935806792470976e+04 0.000000000000000000e+00
7.000000000000000000e+00 4.132012400115334458e+04 0.000000000000000000e+00
7.000000000000000000e+00 4.534878508128582325e+04 0.000000000000000000e+00
7.000000000000000000e+00 4.977023564332113892e+04 0.000000000000000000e+00
7.000000000000000000e+00 5.462277217684336938e+04 0.000000000000000000e+00
7.000000000000000000e+00 5.994842503189409035e+04 0.000000000000000000e+00
7.000000000000000000e+00 6.579332246575682075e+04 0.000000000000000000e+00
7.000000000000000000e+00 7.220809018385456875e+04 0.000000000000000000e+00
7.000000000000000000e+00 7.924828983539169712e+04 0.000000000000000000e+00
7.000000000000000000e+00 8.697490026177834079e+04 0.000000000000000000e+00
7.000000000000000000e+00 9.545484566618327517e+04 0.000000000000000000e+00
7.000000000000000000e+00 1.047615752789664111e+05 0.000000000000000000e+00
7.000000000000000000e+00 1.149756995397735591e+05 0.000000000000000000e+00
7.000000000000000000e+00 1.261856883066018490e+05 0.000000000000000000e+00
7.000000000000000000e+00 1.384886371393871668e+05 0.000000000000000000e+00
7.000000000000000000e+00 1.519911082952933211e+05 0.000000000000000000e+00
7.000000000000000000e+00 1.668100537200059043e+05 0.000000000000000000e+00
7.000000000000000000e+00 1.830738280295369623e+05 0.000000000000000000e+00
7.000000000000000000e+00 2.009233002565045899e+05 0.000000000000000000e+00
7.000000000000000000e+00 2.205130739903045760e+05 0.000000000000000000e+00
7.000000000000000000e+00 2.420128264794383431e+05 0.000000000000000000e+00
7.000000000000000000e+00 2.656087782946684165e+05 0.000000000000000000e+00
7.000000000000000000e+00 2.915053062825175584e+05 0.000000000000000000e+00
7.000000000000000000e+00 3.199267137797384639e+05 0.000000000000000000e+00
7.000000000000000000e+00 3.511191734215127653e+05 0.000000000000000000e+00
7.000000000000000000e+00 3.853528593710527639e+05 0.000000000000000000e+00
7.000000000000000000e+00 4.229242874389499193e+05 0.000000000000000000e+00
7.000000000000000000e+00 4.641588833612772287e+05 0.000000000000000000e+00
7.000000000000000000e+00 5.094138014816375216e+05 0.000000000000000000e+00
7.000000000000000000e+00 5.590810182512222091e+05 0.000000000000000000e+00
7.000000000000000000e+00 6.135907273413175717e+05 0.000000000000000000e+00
7.000000000000000000e+00 6.734150657750827959e+05 0.000000000000000000e+00
7.000000000000000000e+00 7.390722033525775187e+05 0.000000000000000000e+00
7.000000000000000000e+00 8.111308307896872284e+05 0.000000000000000000e+00
7.000000000000000000e+00 8.902150854450393235e+05 0.000000000000000000e+00
7.000000000000000000e+00 9.770099572992246831e+05 0.000000000000000000e+00
7.000000000000000000e+00 1.072267222010323079e+06 0.000000000000000000e+00
7.000000000000000000e+00 1.176811952434999170e+06 0.000000000000000000e+00
7.000000000000000000e+00 1.291549665014882805e+06 0.000000000000000000e+00
7.000000000000000000e+00 1.417474162926804740e+06 0.000000000000000000e+00
7.000000000000000000e+00 1.555676143930472201e+06 0.000000000000000000e+00
7.000000000000000000e+00 1.707352647470688680e+06 0.000000000000000000e+00
7.000000000000000000e+00 1.873817422860383056e+06 0.000000000000000000e+00
7.000000000000000000e+00 2.056512308348651510e+06 0.000000000000000000e+00
7.000000000000000000e+00 2.257019719633921515e+06 0.000000000000000000e+00
7.000000000000000000e+00 2.477076355991709046e+06 0.000000000000000000e+00
7.000000000000000000e+00 2.718588242732940242e+06 0.000000000000000000e+00
7.000000000000000000e+00 2.983647240283340216e+06 0.000000000000000000e+00
7.000000000000000000e+00 3.274549162877731491e+06 0.000000000000000000e+00
7.000000000000000000e+00 3.593813663804625627e+06 0.000000000000000000e+00
7.000000000000000000e+00 3.944206059437655844e+06 0.000000000000000000e+00
7.000000000000000000e+00 4.328761281083061360e+06 0.000000000000000000e+00
7.000000000000000000e+00 4.750810162102793343e+06 0.000000000000000000e+00
7.000000000000000000e+00 5.214008287999684922e+06 0.000000000000000000e+00
7.000000000000000000e+00 5.722367659350220114e+06 0.000000000000000000e+00
7.000000000000000000e+00 6.280291441834246740e+06 0.000000000000000000e+00
7.000000000000000000e+00 6.892612104349695146e+06 0.000000000000000000e+00
7.000000000000000000e+00 7.564633275546290912e+06 0.000000000000000000e+00
7.000000000000000000e+00 8.302175681319751777e+06 0.000000000000000000e+00
7.000000000000000000e+00 9.111627561154887080e+06 0.000000000000000000e+00
7.000000000000000000e+00 1.000000000000000000e+07 0.000000000000000000e+00
1.000000000000000000e+01 1.000000000000000000e+02 2.178482425333417571e-01
1.000000000000000000e+01 1.023531021899025859e+02 2.021959585450285590e-01
1.000000000000000000e+01 1.047615752789664043e+02 1.872375781816509599e-01
1.000000000000000000e+01 1.072267222010323167e+02 1.729370157435424493e-01
1.000000000000000000e+01 1.097498765493055686e+02 1.592640891682235993e-01
1.000000000000000000e+01 1.123324032978026565e+02 1.462082269994995076e-01
1.000000000000000000e+01 1.149756995397735579e+02 1.337108049875624649e-01
1.000000000000000000e+01 1.176811952434997863e+02 1.218559761245983364e-01
1.000000000000000000e+01 1.204503540258782408e+02 1.105215124740610011e-01
1.000000000000000000e+01 1.232846739442065882e+02 9.968726418735820993e-02
1.000000000000000000e+01 1.261856883066019748e+02 8.933626363732755093e-02
1.000000000000000000e+01 1.291549665014883885e+02 7.944723526758676324e-02
1.000000000000000000e+01 1.321941148466028721e+02 7.000000380357690455e-02
1.000000000000000000e+01 1.353047774579807481e+02 6.097431311114510227e-02
1.000000000000000000e+01 1.384886371393873219e+02 5.234933974724430283e-02
1.000000000000000000e+01 1.417474162926804695e+02 4.410675311934984799e-02
1.000000000000000000e+01 1.450828778495940128e+02 3.622903245112815002e-02
1.000000000000000000e+01 1.484968262254465117e+02 2.869919384473513385e-02
1.000000000000000000e+01 1.519911082952933157e+02 2.150032124539750372e-02
1.000000000000000000e+01 1.555676143930472222e+02 1.461362588908919798e-02
1.000000000000000000e+01 1.592282793341092315e+02 8.012537196053120050e-03
1.000000000000000000e+01 1.629750834620643332e+02 1.658758023342985291e-03
1.000000000000000000e+01 1.668100537200059250e+02 0.000000000000000000e+00
1.000000000000000000e+01 1.707352647470690385e+02 0.000000000000000000e+00
1.000000000000000000e+01 1.747528400007682876e+02 0.000000000000000000e+00
1.000000000000000000e+01 1.788649529057435075e+02 0.000000000000000000e+00
1.000000000000000000e+01 1.830738280295367701e+02 0.000000000000000000e+00
1.000000000000000000e+01 1.873817422860383033e+02 0.000000000000000000e+00
1.000000000000000000e+01 1.917910261672488730e+02 0.000000000000000000e+00
1.000000000000000000e+01 1.963040650040270521e+02 0.000000000000000000e+00
1.000000000000000000e+01 2.009233002565045751e+02 0.000000000000000000e+00
1.000000000000000000e+01 2.056512308348651459e+02 0.000000000000000000e+00
1.000000000000000000e+01 2.104904144512019855e+02 0.000000000000000000e+00
1.000000000000000000e+01 2.154434690031882269e+02 0.000000000000000000e+00
1.000000000000000000e+01 2.205130739903045480e+02 0.000000000000000000e+00
1.000000000000000000e+01 2.257019719633919124e+02 0.000000000000000000e+00
1.000000000000000000e+01 2.310129700083157900e+02 0.000000000000000000e+00
1.000000000000000000e+01 2.364489412645407072e+02 0.000000000000000000e+00
1.000000000000000000e+01 2.420128264794381039e+02 0.000000000000000000e+00
1.000000000000000000e+01 2.477076355991711409e+02 0.000000000000000000e+00
1.000000000000000000e+01 2.535364493970111539e+02 0.000000000000000000e+00
1.000000000000000000e+01 2.595024211399737055e+02 0.000000000000000000e+00
1.000000000000000000e+01 2.656087782946686957e+02 0.000000000000000000e+00
1.000000000000000000e+01 2.718588242732940330e+02 0.000000000000000000e+00
1.000000000000000000e+01 2.782559402207126027e+02 0.000000000000000000e+00
1.000000000000000000e+01 2.848035868435802058e+02 0.000000000000000000e+00
1.000000000000000000e+01 2.915053062825175516e+02 0.000000000000000000e+00
1.000000000000000000e+01 2.983647240283340238e+02 0.000000000000000000e+00
1.000000000000000000e+01 3.053855508833415797e+02 0.000000000000000000e+00
1.000000000000000000e+01 3.125715849688235153e+02 0.000000000000000000e+00
1.000000000000000000e+01 3.199267137797384635e+02 0.000000000000000000e+00
1.000000000000000000e+01 3.274549162877728463e+02 0.000000000000000000e+00
1.000000000000000000e+01 3.351602650938841066e+02 0.000000000000000000e+00
1.000000000000000000e+01 3.430469286314919373e+02 0.000000000000000000e+00
1.000000000000000000e+01 3.511191734215130964e+02 0.000000000000000000e+00
1.000000000000000000e+01 3.593813663804625662e+02 0.000000000000000000e+00
1.000000000000000000e+01 3.678379771828634262e+02 0.000000000000000000e+00
1.000000000000000000e+01 3.764935806792467474e+02 0.000000000000000000e+00
1.000000000000000000e+01 3.853528593710527161e+02 0.000000000000000000e+00
1.000000000000000000e+01 3.944206059437656222e+02 0.000000000000000000e+00
1.000000000000000000e+01 4.037017258596553688e+02 0.000000000000000000e+00
1.000000000000000000e+01 4.132012400115334572e+02 0.000000000000000000e+00
1.000000000000000000e+01 4.229242874389498752e+02 0.000000000000000000e+00
1.000000000000000000e+01 4.328761281083056929e+02 0.000000000000000000e+00
1.000000000000000000e+01 4.430621457583877714e+02 0.000000000000000000e+00
1.000000000000000000e+01 4.534878508128581984e+02 0.000000000000000000e+00
1.000000000000000000e+01 4.641588833612777307e+02 0.000000000000000000e+00
1.000000000000000000e+01 4.750810162102798131e+02 0.000000000000000000e+00
1.000000000000000000e+01 4.862601580065353346e+02 0.000000000000000000e+00
1.000000000000000000e+01 4.977023564332108663e+02 0.000000000000000000e+00
1.000000000000000000e+01 5.094138014816380178e+02 0.000000000000000000e+00
1.000000000000000000e+01 5.214008287999683944e+02 0.000000000000000000e+00
1.000000000000000000e+01 5.336699231206307559e+02 0.000000000000000000e+00
1.000000000000000000e+01 5.462277217684342077e+02 0.000000000000000000e+00
1.000000000000000000e+01 5.590810182512223037e+02 0.000000000000000000e+00
1.000000000000000000e+01 5.722367659350220492e+02 0.000000000000000000e+00
1.000000000000000000e+01 5.857020818056666940e+02 0.000000000000000000e+00
1.000000000000000000e+01 5.994842503189408944e+02 0.000000000000000000e+00
1.000000000000000000e+01 6.135907273413175744e+02 0.000000000000000000e+00
1.000000000000000000e+01 6.280291441834252737e+02 0.000000000000000000e+00
1.000000000000000000e+01 6.428073117284319551e+02 0.000000000000000000e+00
1.000000000000000000e+01 6.579332246575681893e+02 0.000000000000000000e+00
1.000000000000000000e+01 6.734150657750820983e+02 0.000000000000000000e+00
1.000000000000000000e+01 6.892612104349694846e+02 0.000000000000000000e+00
1.000000000000000000e+01 7.054802310718645231e+02 0.000000000000000000e+00
1.000000000000000000e+01 7.220809018385464242e+02 0.000000000000000000e+00
1.000000000000000000e+01 7.390722033525775032e+02 0.000000000000000000e+00
1.000000000000000000e+01 7.564633275546290179e+02 0.000000000000000000e+00
1.000000000000000000e+01 7.742636826811269657e+02 0.000000000000000000e+00
1.000000000000000000e+01 7.924828983539169940e+02 0.000000000000000000e+00
1.000000000000000000e+01 8.111308307896872520e+02 0.000000000000000000e+00
1.000000000000000000e+01 8.302175681319744172e+02 0.000000000000000000e+00
1.000000000000000000e+01 8.497534359086438371e+02 0.000000000000000000e+00
1.000000000000000000e+01 8.697490026177833897e+02 0.000000000000000000e+00
1.000000000000000000e+01 8.902150854450383122e+02 0.000000000000000000e+00
1.000000000000000000e+01 9.111627561154896284e+02 0.000000000000000000e+00
1.000000000000000000e+01 9.326033468832199560e+02 0.000000000000000000e+00
1.000000000000000000e+01 9.545484566618337112e+02 0.000000000000000000e+00
1.000000000000000000e+01 9.770099572992256753e+02 0.000000000000000000e+00
1.000000000000000000e+01 1.000000000000000000e+03 0.000000000000000000e+00
1.000000000000000000e+01 1.000000000000000000e+03 0.000000000000000000e+00
1.000000000000000000e+01 1.097498765493055544e+03 0.000000000000000000e+00
1.000000000000000000e+01 1.204503540258781186e+03 0.000000000000000000e+00
1.000000000000000000e+01 1.321941148466028608e+03 0.000000000000000000e+00
1.000000000000000000e+01 1.450828778495938650e+03 0.000000000000000000e+00
1.000000000000000000e+01 1.592282793341090610e+03 0.000000000000000000e+00
1.000000000000000000e+01 1.747528400007682876e+03 0.000000000000000000e+00
1.000000000000000000e+01 1.917910261672486740e+03 0.000000000000000000e+00
1.000000000000000000e+01 2.104904144512019684e+03 0.000000000000000000e+00
1.000000000000000000e+01 2.310129700083158241e+03 0.000000000000000000e+00
1.000000000000000000e+01 2.535364493970108924e+03 0.000000000000000000e+00
1.000000000000000000e+01 2.782559402207123185e+03 0.000000000000000000e+00
1.000000000000000000e+01 3.053855508833412387e+03 0.000000000000000000e+00
1.000000000000000000e+01 3.351602650938840725e+03 0.000000000000000000e+00
1.000000000000000000e+01 3.678379771828630510e+03 0.000000000000000000e+00
1.000000000000000000e+01 4.037017258596553802e+03 0.000000000000000000e+00
1.000000000000000000e+01 4.430621457583877600e+03 0.000000000000000000e+00
1.000000000000000000e+01 4.862601580065348571e+03 0.000000000000000000e+00
1.000000000000000000e+01 5.336699231206307559e+03 0.000000000000000000e+00
1.000000000000000000e+01 5.857020818056661483e+03 0.000000000000000000e+00
1.000000000000000000e+01 6.428073117284318869e+03 0.000000000000000000e+00
1.000000000000000000e+01 7.054802310718638182e+03 0.000000000000000000e+00
1.000000000000000000e+01 7.742636826811270112e+03 0.000000000000000000e+00
1.000000000000000000e+01 8.497534359086437689e+03 0.000000000000000000e+00
1.000000000000000000e+01 9.326033468832189101e+03 0.000000000000000000e+00
1.000000000000000000e+01 1.023531021899026928e+04 0.000000000000000000e+00
1.000000000000000000e+01 1.123324032978026480e+04 0.000000000000000000e+00
1.000000000000000000e+01 1.232846739442065882e+04 0.000000000000000000e+00
1.000000000000000000e+01 1.353047774579807628e+04 0.000000000000000000e+00
1.000000000000000000e+01 1.484968262254463480e+04 0.000000000000000000e+00
1.000000000000000000e+01 1.629750834620643400e+04 0.000000000000000000e+00
1.000000000000000000e+01 1.788649529057435211e+04 0.000000000000000000e+00
1.000000000000000000e+01 1.963040650040268520e+04 0.000000000000000000e+00
1.000000000000000000e+01 2.154434690031882201e+04 0.000000000000000000e+00
1.000000000000000000e+01 2.364489412645407356e+04 0.000000000000000000e+00
1.000000000000000000e+01 2.595024211399731939e+04 0.000000000000000000e+00
1.000000000000000000e+01 2.848035868435799057e+04 0.000000000000000000e+00
1.000000000000000000e+01 3.125715849688235176e+04 0.000000000000000000e+00
1.000000000000000000e+01 3.430469286314912461e+04 0.000000000000000000e+00
1.000000000000000000e+01 3.764935806792470976e+04 0.000000000000000000e+00
1.000000000000000000e+01 4.132012400115334458e+04 0.000000000000000000e+00
1.000000000000000000e+01 4.534878508128582325e+04 0.000000000000000000e+00
1.000000000000000000e+01 4.977023564332113892e+04 0.000000000000000000e+00
1.000000000000000000e+01 5.462277217684336938e+04 0.000000000000000000e+00
1.000000000000000000e+01 5.994842503189409035e+04 0.000000000000000000e+00
1.000000000000000000e+01 6.579332246575682075e+04 0.000000000000000000e+00
1.000000000000000000e+01 7.220809018385456875e+04 0.000000000000000000e+00
1.000000000000000000e+01 7.924828983539169712e+04 0.000000000000000000e+00
1.000000000000000000e+01 8.697490026177834079e+04 0.000000000000000000e+00
1.000000000000000000e+01 9.545484566618327517e+04 0.000000000000000000e+00
1.000000000000000000e+01 1.047615752789664111e+05 0.000000000000000000e+00
1.000000000000000000e+01 1.149756995397735591e+05 0.000000000000000000e+00
1.000000000000000000e+01 1.261856883066018490e+05 0.000000000000000000e+00
1.000000000000000000e+01 1.384886371393871668e+05 0.000000000000000000e+00
1.000000000000000000e+01 1.519911082952933211e+05 0.000000000000000000e+00
1.000000000000000000e+01 1.668100537200059043e+05 0.000000000000000000e+00
1.000000000000000000e+01 1.830738280295369623e+05 0.000000000000000000e+00
1.000000000000000000e+01 2.009233002565045899e+05 0.000000000000000000e+00
1.000000000000000000e+01 2.205130739903045760e+05 0.000000000000000000e+00
1.000000000000000000e+01 2.420128264794383431e+05 0.000000000000000000e+00
1.000000000000000000e+01 2.656087782946684165e+05 0.000000000000000000e+00
1.000000000000000000e+01 2.915053062825175584e+05 0.000000000000000000e+00
1.000000000000000000e+01 3.199267137797384639e+05 0.000000000000000000e+00
1.000000000000000000e+01 3.511191734215127653e+05 0.000000000000000000e+00
1.000000000000000000e+01 3.853528593710527639e+05 0.000000000000000000e+00
1.000000000000000000e+01 4.229242874389499193e+05 0.000000000000000000e+00
1.000000000000000000e+01 4.641588833612772287e+05 0.000000000000000000e+00
1.000000000000000000e+01 5.094138014816375216e+05 0.000000000000000000e+00
1.000000000000000000e+01 5.590810182512222091e+05 0.000000000000000000e+00
1.000000000000000000e+01 6.135907273413175717e+05 0.000000000000000000e+00
1.000000000000000000e+01 6.734150657750827959e+05 0.000000000000000000e+00
1.000000000000000000e+01 7.390722033525775187e+05 0.000000000000000000e+00
1.000000000000000000e+01 8.111308307896872284e+05 0.000000000000000000e+00
1.000000000000000000e+01 8.902150854450393235e+05 0.000000000000000000e+00
1.000000000000000000e+01 9.770099572992246831e+05 0.000000000000000000e+00
1.000000000000000000e+01 1.072267222010323079e+06 0.000000000000000000e+00
1.000000000000000000e+01 1.176811952434999170e+06 0.000000000000000000e+00
1.000000000000000000e+01 1.291549665014882805e+06 0.000000000000000000e+00
1.000000000000000000e+01 1.417474162926804740e+06 0.000000000000000000e+00
1.000000000000000000e+01 1.555676143930472201e+06 0.000000000000000000e+00
1.000000000000000000e+01 1.707352647470688680e+06 0.000000000000000000e+00
1.000000000000000000e+01 1.873817422860383056e+06 0.000000000000000000e+00
1.000000000000000000e+01 2.056512308348651510e+06 0.000000000000000000e+00
1.000000000000000000e+01 2.257019719633921515e+06 0.000000000000000000e+00
1.000000000000000000e+01 2.477076355991709046e+06 0.000000000000000000e+00
1.000000000000000000e+01 2.718588242732940242e+06 0.000000000000000000e+00
1.000000000000000000e+01 2.983647240283340216e+06 0.000000000000000000e+00
1.000000000000000000e+01 3.274549162877731491e+06 0.000000000000000000e+00
1.000000000000000000e+01 3.593813663804625627e+06 0.000000000000000000e+00
1.000000000000000000e+01 3.944206059437655844e+06 0.000000000000000000e+00
1.000000000000000000e+01 4.328761281083061360e+06 0.000000000000000000e+00
1.000000000000000000e+01 4.750810162102793343e+06 0.000000000000000000e+00
1.000000000000000000e+01 5.214008287999684922e+06 0.000000000000000000e+00
1.000000000000000000e+01 5.722367659350220114e+06 0.000000000000000000e+00
1.000000000000000000e+01 6.280291441834246740e+06 0.000000000000000000e+00
1.000000000000000000e+01 6.892612104349695146e+06 0.000000000000000000e+00
1.000000000000000000e+01 7.564633275546290912e+06 0.000000000000000000e+00
1.000000000000000000e+01 8.302175681319751777e+06 0.000000000000000000e+00
1.000000000000000000e+01 9.111627561154887080e+06 0.000000000000000000e+00
1.000000000000000000e+01 1.000000000000000000e+07 0.000000000000000000e+00
2.000000000000000000e+01 1.000000000000000000e+02 2.161382036666573692e-01
2.000000000000000000e+01 1.023531021899025859e+02 2.006897293378936686e-01
2.000000000000000000e+01 1.047615752789664043e+02 1.859145333569892922e-01
2.000000000000000000e+01 1.072267222010323167e+02 1.717846446312760456e-01
2.000000000000000000e+01 1.097498765493055686e+02 1.582736635836400896e-01
2.000000000000000000e+01 1.123324032978026565e+02 1.453679497081168670e-01
2.000000000000000000e+01 1.149756995397735579e+02 1.330467647814270182e-01
2.000000000000000000e+01 1.176811952434997863e+02 1.212452745478134059e-01
2.000000000000000000e+01 1.204503540258782408e+02 1.099823094857068778e-01
2.000000000000000000e+01 1.232846739442065882e+02 9.923103674926850304e-02
2.000000000000000000e+01 1.261856883066019748e+02 8.895882973111898795e-02
2.000000000000000000e+01 1.291549665014883885e+02 7.913173028789492747e-02
2.000000000000000000e+01 1.321941148466028721e+02 6.974414191318482892e-02
2.000000000000000000e+01 1.353047774579807481e+02 6.076891429268239941e-02
2.000000000000000000e+01 1.384886371393873219e+02 5.218613054643326393e-02
2.000000000000000000e+01 1.417474162926804695e+02 4.397731226999227611e-02
2.000000000000000000e+01 1.450828778495940128e+02 3.612320049956949802e-02
2.000000000000000000e+01 1.484968262254465117e+02 2.860625878599276639e-02
2.000000000000000000e+01 1.519911082952933157e+02 2.140949581212572839e-02
2.000000000000000000e+01 1.555676143930472222e+02 1.451761762443934053e-02
2.000000000000000000e+01 1.592282793341092315e+02 7.921868475472108179e-03
2.000000000000000000e+01 1.629750834620643332e+02 1.633463401758874795e-03
2.000000000000000000e+01 1.668100537200059250e+02 0.000000000000000000e+00
2.000000000000000000e+01 1.707352647470690385e+02 0.000000000000000000e+00
2.000000000000000000e+01 1.747528400007682876e+02 0.000000000000000000e+00
2.000000000000000000e+01 1.788649529057435075e+02 0.000000000000000000e+00
2.000000000000000000e+01 1.830738280295367701e+02 0.000000000000000000e+00
2.000000000000000000e+01 1.873817422860383033e+02 0.000000000000000000e+00
2.000000000000000000e+01 1.917910261672488730e+02 0.000000000000000000e+00
2.000000000000000000e+01 1.963040650040270521e+02 0.000000000000000000e+00
2.000000000000000000e+01 2.009233002565045751e+02 0.000000000000000000e+00
2.000000000000000000e+01 2.056512308348651459e+02 0.000000000000000000e+00
2.000000000000000000e+01 2.104904144512019855e+02 0.000000000000000000e+00
2.000000000000000000e+01 2.154434690031882269e+02 0.000000000000000000e+00
2.000000000000000000e+01 2.205130739903045480e+02 0.000000000000000000e+00
2.000000000000000000e+01 2.257019719633919124e+02 0.000000000000000000e+00
2.000000000000000000e+01 2.310129700083157900e+02 0.000000000000000000e+00
2.000000000000000000e+01 2.364489412645407072e+02 0.000000000000000000e+00
2.000000000000000000e+01 2.420128264794381039e+02 0.000000000000000000e+00
2.000000000000000000e+01 2.477076355991711409e+02 0.000000000000000000e+00
2.000000000000000000e+01 2.535364493970111539e+02 0.000000000000000000e+00
2.000000000000000000e+01 2.595024211399737055e+02 0.000000000000000000e+00
2.000000000000000000e+01 2.656087782946686957e+02 0.000000000000000000e+00
2.000000000000000000e+01 2.718588242732940330e+02 0.000000000000000000e+00
2.000000000000000000e+01 2.782559402207126027e+02 0.000000000000000000e+00
2.000000000000000000e+01 2.848035868435802058e+02 0.000000000000000000e+00
2.000000000000000000e+01 2.915053062825175516e+02 0.000000000000000000e+00
2.000000000000000000e+01 2.983647240283340238e+02 0.000000000000000000e+00
2.000000000000000000e+01 3.053855508833415797e+02 0.000000000000000000e+00
2.000000000000000000e+01 3.125715849688235153e+02 0.000000000000000000e+00
2.000000000000000000e+01 3.199267137797384635e+02 0.000000000000000000e+00
2.000000000000000000e+01 3.274549162877728463e+02 0.000000000000000000e+00
2.000000000000000000e+01 3.351602650938841066e+02 0.000000000000000000e+00
2.000000000000000000e+01 3.430469286314919373e+02 0.000000000000000000e+00
2.000000000000000000e+01 3.511191734215130964e+02 0.000000000000000000e+00
2.000000000000000000e+01 3.593813663804625662e+02 0.000000000000000000e+00
2.000000000000000000e+01 3.678379771828634262e+02 0.000000000000000000e+00
2.000000000000000000e+01 3.764935806792467474e+02 0.000000000000000000e+00
2.000000000000000000e+01 3.853528593710527161e+02 0.000000000000000000e+00
2.000000000000000000e+01 3.944206059437656222e+02 0.000000000000000000e+00
2.000000000000000000e+01 4.037017258596553688e+02 0.000000000000000000e+00
2.000000000000000000e+01 4.132012400115334572e+02 0.000000000000000000e+00
2.000000000000000000e+01 4.229242874389498752e+02 0.000000000000000000e+00
2.000000000000000000e+01 4.328761281083056929e+02 0.000000000000000000e+00
2.000000000000000000e+01 4.430621457583877714e+02 0.000000000000000000e+00
2.000000000000000000e+01 4.534878508128581984e+02 0.000000000000000000e+00
2.000000000000000000e+01 4.641588833612777307e+02 0.000000000000000000e+00
2.000000000000000000e+01 4.750810162102798131e+02 0.000000000000000000e+00
2.000000000000000000e+01 4.862601580065353346e+02 0.000000000000000000e+00
2.000000000000000000e+01 4.977023564332108663e+02 0.000000000000000000e+00
2.000000000000000000e+01 5.094138014816380178e+02 0.000000000000000000e+00
2.000000000000000000e+01 5.214008287999683944e+02 0.000000000000000000e+00
2.000000000000000000e+01 5.336699231206307559e+02 0.000000000000000000e+00
2.000000000000000000e+01 5.462277217684342077e+02 0.000000000000000000e+00
2.000000000000000000e+01 5.590810182512223037e+02 0.000000000000000000e+00
2.000000000000000000e+01 5.722367659350220492e+02 0.000000000000000000e+00
2.000000000000000000e+01 5.857020818056666940e+02 0.000000000000000000e+00
2.000000000000000000e+01 5.994842503189408944e+02 0.000000000000000000e+00
2.000000000000000000e+01 6.135907273413175744e+02 0.000000000000000000e+00
2.000000000000000000e+01 6.280291441834252737e+02 0.000000000000000000e+00
2.000000000000000000e+01 6.428073117284319551e+02 0.000000000000000000e+00
2.000000000000000000e+01 6.579332246575681893e+02 0.000000000000000000e+00
2.000000000000000000e+01 6.734150657750820983e+02 0.000000000000000000e+00
2.000000000000000000e+01 6.892612104349694846e+02 0.000000000000000000e+00
2.000000000000000000e+01 7.054802310718645231e+02 0.000000000000000000e+00
2.000000000000000000e+01 7.220809018385464242e+02 0.000000000000000000e+00
2.000000000000000000e+01 7.390722033525775032e+02 0.000000000000000000e+00
2.000000000000000000e+01 7.564633275546290179e+02 0.000000000000000000e+00
2.000000000000000000e+01 7.742636826811269657e+02 0.000000000000000000e+00
2.000000000000000000e+01 7.924828983539169940e+02 0.000000000000000000e+00
2.000000000000000000e+01 8.111308307896872520e+02 0.000000000000000000e+00
2.000000000000000000e+01 8.302175681319744172e+02 0.000000000000000000e+00
2.000000000000000000e+01 8.497534359086438371e+02 0.000000000000000000e+00
2.000000000000000000e+01 8.697490026177833897e+02 0.000000000000000000e+00
2.000000000000000000e+01 8.902150854450383122e+02 0.000000000000000000e+00
2.000000000000000000e+01 9.111627561154896284e+02 0.000000000000000000e+00
2.000000000000000000e+01 9.326033468832199560e+02 0.000000000000000000e+00
2.000000000000000000e+01 9.545484566618337112e+02 0.000000000000000000e+00
2.000000000000000000e+01 9.770099572992256753e+02 0.000000000000000000e+00
2.000000000000000000e+01 1.000000000000000000e+03 0.000000000000000000e+00
2.000000000000000000e+01 1.000000000000000000e+03 0.000000000000000000e+00
2.000000000000000000e+01 1.097498765493055544e+03 0.000000000000000000e+00
2.000000000000000000e+01 1.204503540258781186e+03 0.000000000000000000e+00
2.000000000000000000e+01 1.321941148466028608e+03 0.000000000000000000e+00
2.000000000000000000e+01 1.450828778495938650e+03 0.000000000000000000e+00
2.000000000000000000e+01 1.592282793341090610e+03 0.000000000000000000e+00
2.000000000000000000e+01 1.747528400007682876e+03 0.000000000000000000e+00
2.000000000000000000e+01 1.917910261672486740e+03 0.000000000000000000e+00
2.000000000000000000e+01 2.104904144512019684e+03 0.000000000000000000e+00
2.000000000000000000e+01 2.310129700083158241e+03 0.000000000000000000e+00
2.000000000000000000e+01 2.535364493970108924e+03 0.000000000000000000e+00
2.000000000000000000e+01 2.782559402207123185e+03 0.000000000000000000e+00
2.000000000000000000e+01 3.053855508833412387e+03 0.000000000000000000e+00
2.000000000000000000e+01 3.351602650938840725e+03 0.000000000000000000e+00
2.000000000000000000e+01 3.678379771828630510e+03 0.000000000000000000e+00
2.000000000000000000e+01 4.037017258596553802e+03 0.000000000000000000e+00
2.000000000000000000e+01 4.430621457583877600e+03 0.000000000000000000e+00
2.000000000000000000e+01 4.862601580065348571e+03 0.000000000000000000e+00
2.000000000000000000e+01 5.336699231206307559e+03 0.000000000000000000e+00
2.000000000000000000e+01 5.857020818056661483e+03 0.000000000000000000e+00
2.000000000000000000e+01 6.428073117284318869e+03 0.000000000000000000e+00
2.000000000000000000e+01 7.054802310718638182e+03 0.000000000000000000e+00
2.000000000000000000e+01 7.742636826811270112e+03 0.000000000000000000e+00
2.000000000000000000e+01 8.497534359086437689e+03 0.000000000000000000e+00
2.000000000000000000e+01 9.326033468832189101e+03 0.000000000000000000e+00
2.000000000000000000e+01 1.023531021899026928e+04 0.000000000000000000e+00
2.000000000000000000e+01 1.123324032978026480e+04 0.000000000000000000e+00
2.000000000000000000e+01 1.232846739442065882e+04 0.000000000000000000e+00
2.000000000000000000e+01 1.353047774579807628e+04 0.000000000000000000e+00
2.000000000000000000e+01 1.484968262254463480e+04 0.000000000000000000e+00
2.000000000000000000e+01 1.629750834620643400e+04 0.000000000000000000e+00
2.000000000000000000e+01 1.788649529057435211e+04 0.000000000000000000e+00
2.000000000000000000e+01 1.963040650040268520e+04 0.000000000000000000e+00
2.000000000000000000e+01 2.154434690031882201e+04 0.000000000000000000e+00
2.000000000000000000e+01 2.364489412645407356e+04 0.000000000000000000e+00
2.000000000000000000e+01 2.595024211399731939e+04 0.000000000000000000e+00
2.000000000000000000e+01 2.848035868435799057e+04 0.000000000000000000e+00
2.000000000000000000e+01 3.125715849688235176e+04 0.000000000000000000e+00
2.000000000000000000e+01 3.430469286314912461e+04 0.000000000000000000e+00
2.000000000000000000e+01 3.764935806792470976e+04 0.000000000000000000e+00
2.000000000000000000e+01 4.132012400115334458e+04 0.000000000000000000e+00
2.000000000000000000e+01 4.534878508128582325e+04 0.000000000000000000e+00
2.000000000000000000e+01 4.977023564332113892e+04 0.000000000000000000e+00
2.000000000000000000e+01 5.462277217684336938e+04 0.000000000000000000e+00
2.000000000000000000e+01 5.994842503189409035e+04 0.000000000000000000e+00
2.000000000000000000e+01 6.579332246575682075e+04 0.000000000000000000e+00
2.000000000000000000e+01 7.220809018385456875e+04 0.000000000000000000e+00
2.000000000000000000e+01 7.924828983539169712e+04 0.000000000000000000e+00
2.000000000000000000e+01 8.697490026177834079e+04 0.000000000000000000e+00
2.000000000000000000e+01 9.545484566618327517e+04 0.000000000000000000e+00
2.000000000000000000e+01 1.047615752789664111e+05 0.000000000000000000e+00
2.000000000000000000e+01 1.149756995397735591e+05 0.000000000000000000e+00
2.000000000000000000e+01 1.261856883066018490e+05 0.000000000000000000e+00
2.000000000000000000e+01 1.384886371393871668e+05 0.000000000000000000e+00
2.000000000000000000e+01 1.519911082952933211e+05 0.000000000000000000e+00
2.000000000000000000e+01 1.668100537200059043e+05 0.000000000000000000e+00
2.000000000000000000e+01 1.830738280295369623e+05 0.000000000000000000e+00
2.000000000000000000e+01 2.009233002565045899e+05 0.000000000000000000e+00
2.000000000000000000e+01 2.205130739903045760e+05 0.000000000000000000e+00
2.000000000000000000e+01 2.420128264794383431e+05 0.000000000000000000e+00
2.000000000000000000e+01 2.656087782946684165e+05 0.000000000000000000e+00
2.000000000000000000e+01 2.915053062825175584e+05 0.000000000000000000e+00
2.000000000000000000e+01 3.199267137797384639e+05 0.000000000000000000e+00
2.000000000000000000e+01 3.511191734215127653e+05 0.000000000000000000e+00
2.000000000000000000e+01 3.853528593710527639e+05 0.000000000000000000e+00
2.000000000000000000e+01 4.229242874389499193e+05 0.000000000000000000e+00
2.000000000000000000e+01 4.641588833612772287e+05 0.000000000000000000e+00
2.000000000000000000e+01 5.094138014816375216e+05 0.000000000000000000e+00
2.000000000000000000e+01 5.590810182512222091e+05 0.000000000000000000e+00
2.000000000000000000e+01 6.135907273413175717e+05 0.000000000000000000e+00
2.000000000000000000e+01 6.734150657750827959e+05 0.000000000000000000e+00
2.000000000000000000e+01 7.390722033525775187e+05 0.000000000000000000e+00
2.000000000000000000e+01 8.111308307896872284e+05 0.000000000000000000e+00
2.000000000000000000e+01 8.902150854450393235e+05 0.000000000000000000e+00
2.000000000000000000e+01 9.770099572992246831e+05 0.000000000000000000e+00
2.000000000000000000e+01 1.072267222010323079e+06 0.000000000000000000e+00
2.000000000000000000e+01 1.176811952434999170e+06 0.000000000000000000e+00
2.000000000000000000e+01 1.291549665014882805e+06 0.000000000000000000e+00
2.000000000000000000e+01 1.417474162926804740e+06 0.000000000000000000e+00
2.000000000000000000e+01 1.555676143930472201e+06 0.000000000000000000e+00
2.000000000000000000e+01 1.707352647470688680e+06 0.000000000000000000e+00
2.000000000000000000e+01 1.873817422860383056e+06 0.000000000000000000e+00
2.000000000000000000e+01 2.056512308348651510e+06 0.000000000000000000e+00
2.000000000000000000e+01 2.257019719633921515e+06 0.000000000000000000e+00
2.000000000000000000e+01 2.477076355991709046e+06 0.000000000000000000e+00
2.000000000000000000e+01 2.718588242732940242e+06 0.000000000000000000e+00
2.000000000000000000e+01 2.983647240283340216e+06 0.000000000000000000e+00
2.000000000000000000e+01 3.274549162877731491e+06 0.000000000000000000e+00
2.000000000000000000e+01 3.593813663804625627e+06 0.000000000000000000e+00
2.000000000000000000e+01 3.944206059437655844e+06 0.000000000000000000e+00
2.000000000000000000e+01 4.328761281083061360e+06 0.000000000000000000e+00
2.000000000000000000e+01 4.750810162102793343e+06 0.000000000000000000e+00
2.000000000000000000e+01 5.214008287999684922e+06 0.000000000000000000e+00
2.000000000000000000e+01 5.722367659350220114e+06 0.000000000000000000e+00
2.000000000000000000e+01 6.280291441834246740e+06 0.000000000000000000e+00
2.000000000000000000e+01 6.892612104349695146e+06 0.000000000000000000e+00
2.000000000000000000e+01 7.564633275546290912e+06 0.000000000000000000e+00
2.000000000000000000e+01 8.302175681319751777e+06 0.000000000000000000e+00
2.000000000000000000e+01 9.111627561154887080e+06 0.000000000000000000e+00
2.000000000000000000e+01 1.000000000000000000e+07 0.000000000000000000e+00
3.000000000000000000e+01 1.000000000000000000e+02 2.131621561819351252e-01
3.000000000000000000e+01 1.023531021899025859e+02 1.980223846856030145e-01
3.000000000000000000e+01 1.047615752789664043e+02 1.835312055940299947e-01
3.000000000000000000e+01 1.072267222010323167e+02 1.696621382240156573e-01
3.000000000000000000e+01 1.097498765493055686e+02 1.563901744448858433e-01
3.000000000000000000e+01 1.123324032978026565e+02 1.436911445695497613e-01
3.000000000000000000e+01 1.149756995397735579e+02 1.315424473781555692e-01
3.000000000000000000e+01 1.176811952434997863e+02 1.199242174578908637e-01
3.000000000000000000e+01 1.204503540258782408e+02 1.088114854239076029e-01
3.000000000000000000e+01 1.232846739442065882e+02 9.818076743549110363e-02
3.000000000000000000e+01 1.261856883066019748e+02 8.801824481250462850e-02
3.000000000000000000e+01 1.291549665014883885e+02 7.830172789517847454e-02
3.000000000000000000e+01 1.321941148466028721e+02 6.900161709197760729e-02
3.000000000000000000e+01 1.353047774579807481e+02 6.010947375394207204e-02
3.000000000000000000e+01 1.384886371393873219e+02 5.160416923329628341e-02
3.000000000000000000e+01 1.417474162926804695e+02 4.346618153644436072e-02
3.000000000000000000e+01 1.450828778495940128e+02 3.568113672172783940e-02
3.000000000000000000e+01 1.484968262254465117e+02 2.823377564022275243e-02
3.000000000000000000e+01 1.519911082952933157e+02 2.111179361896291240e-02
3.000000000000000000e+01 1.555676143930472222e+02 1.430729617838176308e-02
3.000000000000000000e+01 1.592282793341092315e+02 7.808756895390806668e-03
3.000000000000000000e+01 1.629750834620643332e+02 1.612844545988783261e-03
3.000000000000000000e+01 1.668100537200059250e+02 0.000000000000000000e+00
3.000000000000000000e+01 1.707352647470690385e+02 0.000000000000000000e+00
3.000000000000000000e+01 1.747528400007682876e+02 0.000000000000000000e+00
3.000000000000000000e+01 1.788649529057435075e+02 0.000000000000000000e+00
3.000000000000000000e+01 1.830738280295367701e+02 0.000000000000000000e+00
3.000000000000000000e+01 1.873817422860383033e+02 0.000000000000000000e+00
3.000000000000000000e+01 1.917910261672488730e+02 0.000000000000000000e+00
3.000000000000000000e+01 1.963040650040270521e+02 0.000000000000000000e+00
3.000000000000000000e+01 2.009233002565045751e+02 0.000000000000000000e+00
3.000000000000000000e+01 2.056512308348651459e+02 0.000000000000000000e+00
3.000000000000000000e+01 2.104904144512019855e+02 0.000000000000000000e+00
3.000000000000000000e+01 2.154434690031882269e+02 0.000000000000000000e+00
3.000000000000000000e+01 2.205130739903045480e+02 0.000000000000000000e+00
3.000000000000000000e+01 2.257019719633919124e+02 0.000000000000000000e+00
3.000000000000000000e+01 2.310129700083157900e+02 0.000000000000000000e+00
3.000000000000000000e+01 2.364489412645407072e+02 0.000000000000000000e+00
3.000000000000000000e+01 2.420128264794381039e+02 0.000000000000000000e+00
3.000000000000000000e+01 2.477076355991711409e+02 0.000000000000000000e+00
3.000000000000000000e+01 2.535364493970111539e+02 0.000000000000000000e+00
3.000000000000000000e+01 2.595024211399737055e+02 0.000000000000000000e+00
3.000000000000000000e+01 2.656087782946686957e+02 0.000000000000000000e+00
3.000000000000000000e+01 2.718588242732940330e+02 0.000000000000000000e+00
3.000000000000000000e+01 2.782559402207126027e+02 0.000000000000000000e+00
3.000000000000000000e+01 2.848035868435802058e+02 0.000000000000000000e+00
3.000000000000000000e+01 2.915053062825175516e+02 0.000000000000000000e+00
3.000000000000000000e+01 2.983647240283340238e+02 0.000000000000000000e+00
3.000000000000000000e+01 3.053855508833415797e+02 0.000000000000000000e+00
3.000000000000000000e+01 3.125715849688235153e+02 0.000000000000000000e+00
3.000000000000000000e+01 3.199267137797384635e+02 0.000000000000000000e+00
3.000000000000000000e+01 3.274549162877728463e+02 0.000000000000000000e+00
3.000000000000000000e+01 3.351602650938841066e+02 0.000000000000000000e+00
3.000000000000000000e+01 3.430469286314919373e+02 0.000000000000000000e+00
3.000000000000000000e+01 3.511191734215130964e+02 0.000000000000000000e+00
3.000000000000000000e+01 3.593813663804625662e+02 0.000000000000000000e+00
3.000000000000000000e+01 3.678379771828634262e+02 0.000000000000000000e+00
3.000000000000000000e+01 3.764935806792467474e+02 0.000000000000000000e+00
3.000000000000000000e+01 3.853528593710527161e+02 0.000000000000000000e+00
3.000000000000000000e+01 3.944206059437656222e+02 0.000000000000000000e+00
3.000000000000000000e+01 4.037017258596553688e+02 0.000000000000000000e+00
3.000000000000000000e+01 4.132012400115334572e+02 0.000000000000000000e+00
3.000000000000000000e+01 4.229242874389498752e+02 0.000000000000000000e+00
3.000000000000000000e+01 4.328761281083056929e+02 0.000000000000000000e+00
3.000000000000000000e+01 4.430621457583877714e+02 0.000000000000000000e+00
3.000000000000000000e+01 4.534878508128581984e+02 0.000000000000000000e+00
3.000000000000000000e+01 4.641588833612777307e+02 0.000000000000000000e+00
3.000000000000000000e+01 4.750810162102798131e+02 0.000000000000000000e+00
3.000000000000000000e+01 4.862601580065353346e+02 0.000000000000000000e+00
3.000000000000000000e+01 4.977023564332108663e+02 0.000000000000000000e+00
3.000000000000000000e+01 5.094138014816380178e+02 0.000000000000000000e+00
3.000000000000000000e+01 5.214008287999683944e+02 0.000000000000000000e+00
3.000000000000000000e+01 5.336699231206307559e+02 0.000000000000000000e+00
3.000000000000000000e+01 5.462277217684342077e+02 0.000000000000000000e+00
3.000000000000000000e+01 5.590810182512223037e+02 0.000000000000000000e+00
3.000000000000000000e+01 5.722367659350220492e+02 0.000000000000000000e+00
3.000000000000000000e+01 5.857020818056666940e+02 0.000000000000000000e+00
3.000000000000000000e+01 5.994842503189408944e+02 0.000000000000000000e+00
3.000000000000000000e+01 6.135907273413175744e+02 0.000000000000000000e+00
3.000000000000000000e+01 6.280291441834252737e+02 0.000000000000000000e+00
3.000000000000000000e+01 6.428073117284319551e+02 0.000000000000000000e+00
3.000000000000000000e+01 6.579332246575681893e+02 0.000000000000000000e+00
3.000000000000000000e+01 6.734150657750820983e+02 0.000000000000000000e+00
3.000000000000000000e+01 6.892612104349694846e+02 0.000000000000000000e+00
3.000000000000000000e+01 7.054802310718645231e+02 0.000000000000000000e+00
3.000000000000000000e+01 7.220809018385464242e+02 0.000000000000000000e+00
3.000000000000000000e+01 7.390722033525775032e+02 0.000000000000000000e+00
3.000000000000000000e+01 7.564633275546290179e+02 0.000000000000000000e+00
3.000000000000000000e+01 7.742636826811269657e+02 0.000000000000000000e+00
3.000000000000000000e+01 7.924828983539169940e+02 0.000000000000000000e+00
3.000000000000000000e+01 8.111308307896872520e+02 0.000000000000000000e+00
3.000000000000000000e+01 8.302175681319744172e+02 0.000000000000000000e+00
3.000000000000000000e+01 8.497534359086438371e+02 0.000000000000000000e+00
3.000000000000000000e+01 8.697490026177833897e+02 0.000000000000000000e+00
3.000000000000000000e+01 8.902150854450383122e+02 0.000000000000000000e+00
3.000000000000000000e+01 9.111627561154896284e+02 0.000000000000000000e+00
3.000000000000000000e+01 9.326033468832199560e+02 0.000000000000000000e+00
3.000000000000000000e+01 9.545484566618337112e+02 0.000000000000000000e+00
3.000000000000000000e+01 9.770099572992256753e+02 0.000000000000000000e+00
3.000000000000000000e+01 1.000000000000000000e+03 0.000000000000000000e+00
3.000000000000000000e+01 1.000000000000000000e+03 0.000000000000000000e+00
3.000000000000000000e+01 1.097498765493055544e+03 0.000000000000000000e+00
3.000000000000000000e+01 1.204503540258781186e+03 0.000000000000000000e+00
3.000000000000000000e+01 1.321941148466028608e+03 0.000000000000000000e+00
3.000000000000000000e+01 1.450828778495938650e+03 0.000000000000000000e+00
3.000000000000000000e+01 1.592282793341090610e+03 0.000000000000000000e+00
3.000000000000000000e+01 1.747528400007682876e+03 0.000000000000000000e+00
3.000000000000000000e+01 1.917910261672486740e+03 0.000000000000000000e+00
3.000000000000000000e+01 2.104904144512019684e+03 0.000000000000000000e+00
3.000000000000000000e+01 2.310129700083158241e+03 0.000000000000000000e+00
3.000000000000000000e+01 2.535364493970108924e+03 0.000000000000000000e+00
3.000000000000000000e+01 2.782559402207123185e+03 0.000000000000000000e+00
3.000000000000000000e+01 3.053855508833412387e+03 0.000000000000000000e+00
3.000000000000000000e+01 3.351602650938840725e+03 0.000000000000000000e+00
3.000000000000000000e+01 3.678379771828630510e+03 0.000000000000000000e+00
3.000000000000000000e+01 4.037017258596553802e+03 0.000000000000000000e+00
3.000000000000000000e+01 4.430621457583877600e+03 0.000000000000000000e+00
3.000000000000000000e+01 4.862601580065348571e+03 0.000000000000000000e+00
3.000000000000000000e+01 5.336699231206307559e+03 0.000000000000000000e+00
3.000000000000000000e+01 5.857020818056661483e+03 0.000000000000000000e+00
3.000000000000000000e+01 6.428073117284318869e+03 0.000000000000000000e+00
3.000000000000000000e+01 7.054802310718638182e+03 0.000000000000000000e+00
3.000000000000000000e+01 7.742636826811270112e+03 0.000000000000000000e+00
3.000000000000000000e+01 8.497534359086437689e+03 0.000000000000000000e+00
3.000000000000000000e+01 9.326033468832189101e+03 0.000000000000000000e+00
3.000000000000000000e+01 1.023531021899026928e+04 0.000000000000000000e+00
3.000000000000000000e+01 1.123324032978026480e+04 0.000000000000000000e+00
3.000000000000000000e+01 1.232846739442065882e+04 0.000000000000000000e+00
3.000000000000000000e+01 1.353047774579807628e+04 0.000000000000000000e+00
3.000000000000000000e+01 1.484968262254463480e+04 0.000000000000000000e+00
3.000000000000000000e+01 1.629750834620643400e+04 0.000000000000000000e+00
3.000000000000000000e+01 1.788649529057435211e+04 0.000000000000000000e+00
3.000000000000000000e+01 1.963040650040268520e+04 0.000000000000000000e+00
3.000000000000000000e+01 2.154434690031882201e+04 0.000000000000000000e+00
3.000000000000000000e+01 2.364489412645407356e+04 0.000000000000000000e+00
3.000000000000000000e+01 2.595024211399731939e+04 0.000000000000000000e+00
3.000000000000000000e+01 2.848035868435799057e+04 0.000000000000000000e+00
3.000000000000000000e+01 3.125715849688235176e+04 0.000000000000000000e+00
3.000000000000000000e+01 3.430469286314912461e+04 0.000000000000000000e+00
3.000000000000000000e+01 3.764935806792470976e+04 0.000000000000000000e+00
3.000000000000000000e+01 4.132012400115334458e+04 0.000000000000000000e+00
3.000000000000000000e+01 4.534878508128582325e+04 0.000000000000000000e+00
3.000000000000000000e+01 4.977023564332113892e+04 0.000000000000000000e+00
3.000000000000000000e+01 5.462277217684336938e+04 0.000000000000000000e+00
3.000000000000000000e+01 5.994842503189409035e+04 0.000000000000000000e+00
3.000000000000000000e+01 6.579332246575682075e+04 0.000000000000000000e+00
3.000000000000000000e+01 7.220809018385456875e+04 0.000000000000000000e+00
3.000000000000000000e+01 7.924828983539169712e+04 0.000000000000000000e+00
3.000000000000000000e+01 8.697490026177834079e+04 0.000000000000000000e+00
3.000000000000000000e+01 9.545484566618327517e+04 0.000000000000000000e+00
3.000000000000000000e+01 1.047615752789664111e+05 0.000000000000000000e+00
3.000000000000000000e+01 1.149756995397735591e+05 0.000000000000000000e+00
3.000000000000000000e+01 1.261856883066018490e+05 0.000000000000000000e+00
3.000000000000000000e+01 1.384886371393871668e+05 0.000000000000000000e+00
3.000000000000000000e+01 1.519911082952933211e+05 0.000000000000000000e+00
3.000000000000000000e+01 1.668100537200059043e+05 0.000000000000000000e+00
3.000000000000000000e+01 1.830738280295369623e+05 0.000000000000000000e+00
3.000000000000000000e+01 2.009233002565045899e+05 0.000000000000000000e+00
3.000000000000000000e+01 2.205130739903045760e+05 0.000000000000000000e+00
3.000000000000000000e+01 2.420128264794383431e+05 0.000000000000000000e+00
3.000000000000000000e+01 2.656087782946684165e+05 0.000000000000000000e+00
3.000000000000000000e+01 2.915053062825175584e+05 0.000000000000000000e+00
3.000000000000000000e+01 3.199267137797384639e+05 0.000000000000000000e+00
3.000000000000000000e+01 3.511191734215127653e+05 0.000000000000000000e+00
3.000000000000000000e+01 3.853528593710527639e+05 0.000000000000000000e+00
3.000000000000000000e+01 4.229242874389499193e+05 0.000000000000000000e+00
3.000000000000000000e+01 4.641588833612772287e+05 0.000000000000000000e+00
3.000000000000000000e+01 5.094138014816375216e+05 0.000000000000000000e+00
3.000000000000000000e+01 5.590810182512222091e+05 0.000000000000000000e+00
3.000000000000000000e+01 6.135907273413175717e+05 0.000000000000000000e+00
3.000000000000000000e+01 6.734150657750827959e+05 0.000000000000000000e+00
3.000000000000000000e+01 7.390722033525775187e+05 0.000000000000000000e+00
3.000000000000000000e+01 8.111308307896872284e+05 0.000000000000000000e+00
3.000000000000000000e+01 8.902150854450393235e+05 0.000000000000000000e+00
3.000000000000000000e+01 9.770099572992246831e+05 0.000000000000000000e+00
3.000000000000000000e+01 1.072267222010323079e+06 0.000000000000000000e+00
3.000000000000000000e+01 1.176811952434999170e+06 0.000000000000000000e+00
3.000000000000000000e+01 1.291549665014882805e+06 0.000000000000000000e+00
3.000000000000000000e+01 1.417474162926804740e+06 0.000000000000000000e+00
3.000000000000000000e+01 1.555676143930472201e+06 0.000000000000000000e+00
3.000000000000000000e+01 1.707352647470688680e+06 0.000000000000000000e+00
3.000000000000000000e+01 1.873817422860383056e+06 0.000000000000000000e+00
3.000000000000000000e+01 2.056512308348651510e+06 0.000000000000000000e+00
3.000000000000000000e+01 2.257019719633921515e+06 0.000000000000000000e+00
3.000000000000000000e+01 2.477076355991709046e+06 0.000000000000000000e+00
3.000000000000000000e+01 2.718588242732940242e+06 0.000000000000000000e+00
3.000000000000000000e+01 2.983647240283340216e+06 0.000000000000000000e+00
3.000000000000000000e+01 3.274549162877731491e+06 0.000000000000000000e+00
3.000000000000000000e+01 3.593813663804625627e+06 0.000000000000000000e+00
3.000000000000000000e+01 3.944206059437655844e+06 0.000000000000000000e+00
3.000000000000000000e+01 4.328761281083061360e+06 0.000000000000000000e+00
3.000000000000000000e+01 4.750810162102793343e+06 0.000000000000000000e+00
3.000000000000000000e+01 5.214008287999684922e+06 0.000000000000000000e+00
3.000000000000000000e+01 5.722367659350220114e+06 0.000000000000000000e+00
3.000000000000000000e+01 6.280291441834246740e+06 0.000000000000000000e+00
3.000000000000000000e+01 6.892612104349695146e+06 0.000000000000000000e+00
3.000000000000000000e+01 7.564633275546290912e+06 0.000000000000000000e+00
3.000000000000000000e+01 8.302175681319751777e+06 0.000000000000000000e+00
3.000000000000000000e+01 9.111627561154887080e+06 0.000000000000000000e+00
3.000000000000000000e+01 1.000000000000000000e+07 0.000000000000000000e+00
5.000000000000000000e+01 1.000000000000000000e+02 2.051777054580031789e-01
5.000000000000000000e+01 1.023531021899025859e+02 1.907741151420535852e-01
5.000000000000000000e+01 1.047615752789664043e+02 1.769651761858569150e-01
5.000000000000000000e+01 1.072267222010323167e+02 1.637276108525430873e-01
5.000000000000000000e+01 1.097498765493055686e+02 1.510391747964885123e-01
5.000000000000000000e+01 1.123324032978026565e+02 1.388786592235108919e-01
5.000000000000000000e+01 1.149756995397735579e+02 1.272257839109107169e-01
5.000000000000000000e+01 1.176811952434997863e+02 1.160611075379845980e-01
5.000000000000000000e+01 1.204503540258782408e+02 1.053664661632277150e-01
5.000000000000000000e+01 1.232846739442065882e+02 9.512378786480676918e-02
5.000000000000000000e+01 1.261856883066019748e+02 8.531446092191152797e-02
5.000000000000000000e+01 1.291549665014883885e+02 7.592412310649629403e-02
5.000000000000000000e+01 1.321941148466028721e+02 6.693539588335999102e-02
5.000000000000000000e+01 1.353047774579807481e+02 5.832930685377599872e-02
5.000000000000000000e+01 1.384886371393873219e+02 5.009361708597685064e-02
5.000000000000000000e+01 1.417474162926804695e+02 4.221172788310455920e-02
5.000000000000000000e+01 1.450828778495940128e+02 3.466707816107283957e-02
5.000000000000000000e+01 1.484968262254465117e+02 2.744661242778392157e-02
5.000000000000000000e+01 1.519911082952933157e+02 2.053764976299656680e-02
5.000000000000000000e+01 1.555676143930472222e+02 1.392904852029378145e-02
5.000000000000000000e+01 1.592282793341092315e+02 7.611346192810698567e-03
5.000000000000000000e+01 1.629750834620643332e+02 1.577956439154266054e-03
5.000000000000000000e+01 1.668100537200059250e+02 0.000000000000000000e+00
5.000000000000000000e+01 1.707352647470690385e+02 0.000000000000000000e+00
5.000000000000000000e+01 1.747528400007682876e+02 0.000000000000000000e+00
5.000000000000000000e+01 1.788649529057435075e+02 0.000000000000000000e+00
5.000000000000000000e+01 1.830738280295367701e+02 0.000000000000000000e+00
5.000000000000000000e+01 1.873817422860383033e+02 0.000000000000000000e+00
5.000000000000000000e+01 1.917910261672488730e+02 0.000000000000000000e+00
5.000000000000000000e+01 1.963040650040270521e+02 0.000000000000000000e+00
5.000000000000000000e+01 2.009233002565045751e+02 0.000000000000000000e+00
5.000000000000000000e+01 2.056512308348651459e+02 0.000000000000000000e+00
5.000000000000000000e+01 2.104904144512019855e+02 0.000000000000000000e+00
5.000000000000000000e+01 2.154434690031882269e+02 0.000000000000000000e+00
5.000000000000000000e+01 2.205130739903045480e+02 0.000000000000000000e+00
5.000000000000000000e+01 2.257019719633919124e+02 0.000000000000000000e+00
5.000000000000000000e+01 2.310129700083157900e+02 0.000000000000000000e+00
5.000000000000000000e+01 2.364489412645407072e+02 0.000000000000000000e+00
5.000000000000000000e+01 2.420128264794381039e+02 0.000000000000000000e+00
5.000000000000000000e+01 2.477076355991711409e+02 0.000000000000000000e+00
5.000000000000000000e+01 2.535364493970111539e+02 0.000000000000000000e+00
5.000000000000000000e+01 2.595024211399737055e+02 0.000000000000000000e+00
5.000000000000000000e+01 2.656087782946686957e+02 0.000000000000000000e+00
5.000000000000000000e+01 2.718588242732940330e+02 0.000000000000000000e+00
5.000000000000000000e+01 2.782559402207126027e+02 0.000000000000000000e+00
5.000000000000000000e+01 2.848035868435802058e+02 0.000000000000000000e+00
5.000000000000000000e+01 2.915053062825175516e+02 0.000000000000000000e+00
5.000000000000000000e+01 2.983647240283340238e+02 0.000000000000000000e+00
5.000000000000000000e+01 3.053855508833415797e+02 0.000000000000000000e+00
5.000000000000000000e+01 3.125715849688235153e+02 0.000000000000000000e+00
5.000000000000000000e+01 3.199267137797384635e+02 0.000000000000000000e+00
5.000000000000000000e+01 3.274549162877728463e+02 0.000000000000000000e+00
5.000000000000000000e+01 3.351602650938841066e+02 0.000000000000000000e+00
5.000000000000000000e+01 3.430469286314919373e+02 0.000000000000000000e+00
5.000000000000000000e+01 3.511191734215130964e+02 0.000000000000000000e+00
5.000000000000000000e+01 3.593813663804625662e+02 0.000000000000000000e+00
5.000000000000000000e+01 3.678379771828634262e+02 0.000000000000000000e+00
5.000000000000000000e+01 3.764935806792467474e+02 0.000000000000000000e+00
5.000000000000000000e+01 3.853528593710527161e+02 0.000000000000000000e+00
5.000000000000000000e+01 3.944206059437656222e+02 0.000000000000000000e+00
5.000000000000000000e+01 4.037017258596553688e+02 0.000000000000000000e+00
5.000000000000000000e+01 4.132012400115334572e+02 0.000000000000000000e+00
5.000000000000000000e+01 4.229242874389498752e+02 0.000000000000000000e+00
5.000000000000000000e+01 4.328761281083056929e+02 0.000000000000000000e+00
5.000000000000000000e+01 4.430621457583877714e+02 0.000000000000000000e+00
5.000000000000000000e+01 4.534878508128581984e+02 0.000000000000000000e+00
5.000000000000000000e+01 4.641588833612777307e+02 0.000000000000000000e+00
5.000000000000000000e+01 4.750810162102798131e+02 0.000000000000000000e+00
5.000000000000000000e+01 4.862601580065353346e+02 0.000000000000000000e+00
5.000000000000000000e+01 4.977023564332108663e+02 0.000000000000000000e+00
5.000000000000000000e+01 5.094138014816380178e+02 0.000000000000000000e+00
5.000000000000000000e+01 5.214008287999683944e+02 0.000000000000000000e+00
5.000000000000000000e+01 5.336699231206307559e+02 0.000000000000000000e+00
5.000000000000000000e+01 5.462277217684342077e+02 0.000000000000000000e+00
5.000000000000000000e+01 5.590810182512223037e+02 0.000000000000000000e+00
5.000000000000000000e+01 5.722367659350220492e+02 0.000000000000000000e+00
5.000000000000000000e+01 5.857020818056666940e+02 0.000000000000000000e+00
5.000000000000000000e+01 5.994842503189408944e+02 0.000000000000000000e+00
5.000000000000000000e+01 6.135907273413175744e+02 0.000000000000000000e+00
5.000000000000000000e+01 6.280291441834252737e+02 0.000000000000000000e+00
5.000000000000000000e+01 6.428073117284319551e+02 0.000000000000000000e+00
5.000000000000000000e+01 6.579332246575681893e+02 0.000000000000000000e+00
5.000000000000000000e+01 6.734150657750820983e+02 0.000000000000000000e+00
5.000000000000000000e+01 6.892612104349694846e+02 0.000000000000000000e+00
5.000000000000000000e+01 7.054802310718645231e+02 0.000000000000000000e+00
5.000000000000000000e+01 7.220809018385464242e+02 0.000000000000000000e+00
5.000000000000000000e+01 7.390722033525775032e+02 0.000000000000000000e+00
5.000000000000000000e+01 7.564633275546290179e+02 0.000000000000000000e+00
5.000000000000000000e+01 7.742636826811269657e+02 0.000000000000000000e+00
5.000000000000000000e+01 7.924828983539169940e+02 0.000000000000000000e+00
5.000000000000000000e+01 8.111308307896872520e+02 0.000000000000000000e+00
5.000000000000000000e+01 8.302175681319744172e+02 0.000000000000000000e+00
5.000000000000000000e+01 8.497534359086438371e+02 0.000000000000000000e+00
5.000000000000000000e+01 8.697490026177833897e+02 0.000000000000000000e+00
5.000000000000000000e+01 8.902150854450383122e+02 0.000000000000000000e+00
5.000000000000000000e+01 9.111627561154896284e+02 0.000000000000000000e+00
5.000000000000000000e+01 9.326033468832199560e+02 0.000000000000000000e+00
5.000000000000000000e+01 9.545484566618337112e+02 0.000000000000000000e+00
5.000000000000000000e+01 9.770099572992256753e+02 0.000000000000000000e+00
5.000000000000000000e+01 1.000000000000000000e+03 0.000000000000000000e+00
5.000000000000000000e+01 1.000000000000000000e+03 0.000000000000000000e+00
5.000000000000000000e+01 1.097498765493055544e+03 0.000000000000000000e+00
5.000000000000000000e+01 1.204503540258781186e+03 0.000000000000000000e+00
5.000000000000000000e+01 1.321941148466028608e+03 0.000000000000000000e+00
5.000000000000000000e+01 1.450828778495938650e+03 0.000000000000000000e+00
5.000000000000000000e+01 1.592282793341090610e+03 0.000000000000000000e+00
5.000000000000000000e+01 1.747528400007682876e+03 0.000000000000000000e+00
5.000000000000000000e+01 1.917910261672486740e+03 0.000000000000000000e+00
5.000000000000000000e+01 2.104904144512019684e+03 0.000000000000000000e+00
5.000000000000000000e+01 2.310129700083158241e+03 0.000000000000000000e+00
5.000000000000000000e+01 2.535364493970108924e+03 0.000000000000000000e+00
5.000000000000000000e+01 2.782559402207123185e+03 0.000000000000000000e+00
5.000000000000000000e+01 3.053855508833412387e+03 0.000000000000000000e+00
5.000000000000000000e+01 3.351602650938840725e+03 0.000000000000000000e+00
5.000000000000000000e+01 3.678379771828630510e+03 0.000000000000000000e+00
5.000000000000000000e+01 4.037017258596553802e+03 0.000000000000000000e+00
5.000000000000000000e+01 4.430621457583877600e+03 0.000000000000000000e+00
5.000000000000000000e+01 4.862601580065348571e+03 0.000000000000000000e+00
5.000000000000000000e+01 5.336699231206307559e+03 0.000000000000000000e+00
5.000000000000000000e+01 5.857020818056661483e+03 0.000000000000000000e+00
5.000000000000000000e+01 6.428073117284318869e+03 0.000000000000000000e+00
5.000000000000000000e+01 7.054802310718638182e+03 0.000000000000000000e+00
5.000000000000000000e+01 7.742636826811270112e+03 0.000000000000000000e+00
5.000000000000000000e+01 8.497534359086437689e+03 0.000000000000000000e+00
5.000000000000000000e+01 9.326033468832189101e+03 0.000000000000000000e+00
5.000000000000000000e+01 1.023531021899026928e+04 0.000000000000000000e+00
5.000000000000000000e+01 1.123324032978026480e+04 0.000000000000000000e+00
5.000000000000000000e+01 1.232846739442065882e+04 0.000000000000000000e+00
5.000000000000000000e+01 1.353047774579807628e+04 0.000000000000000000e+00
5.000000000000000000e+01 1.484968262254463480e+04 0.000000000000000000e+00
5.000000000000000000e+01 1.629750834620643400e+04 0.000000000000000000e+00
5.000000000000000000e+01 1.788649529057435211e+04 0.000000000000000000e+00
5.000000000000000000e+01 1.963040650040268520e+04 0.000000000000000000e+00
5.000000000000000000e+01 2.154434690031882201e+04 0.000000000000000000e+00
5.000000000000000000e+01 2.364489412645407356e+04 0.000000000000000000e+00
5.000000000000000000e+01 2.595024211399731939e+04 0.000000000000000000e+00
5.000000000000000000e+01 2.848035868435799057e+04 0.000000000000000000e+00
5.000000000000000000e+01 3.125715849688235176e+04 0.000000000000000000e+00
5.000000000000000000e+01 3.430469286314912461e+04 0.000000000000000000e+00
5.000000000000000000e+01 3.764935806792470976e+04 0.000000000000000000e+00
5.000000000000000000e+01 4.132012400115334458e+04 0.000000000000000000e+00
5.000000000000000000e+01 4.534878508128582325e+04 0.000000000000000000e+00
5.000000000000000000e+01 4.977023564332113892e+04 0.000000000000000000e+00
5.000000000000000000e+01 5.462277217684336938e+04 0.000000000000000000e+00
5.000000000000000000e+01 5.994842503189409035e+04 0.000000000000000000e+00
5.000000000000000000e+01 6.579332246575682075e+04 0.000000000000000000e+00
5.000000000000000000e+01 7.220809018385456875e+04 0.000000000000000000e+00
5.000000000000000000e+01 7.924828983539169712e+04 0.000000000000000000e+00
5.000000000000000000e+01 8.697490026177834079e+04 0.000000000000000000e+00
5.000000000000000000e+01 9.545484566618327517e+04 0.000000000000000000e+00
5.000000000000000000e+01 1.047615752789664111e+05 0.000000000000000000e+00
5.000000000000000000e+01 1.149756995397735591e+05 0.000000000000000000e+00
5.000000000000000000e+01 1.261856883066018490e+05 0.000000000000000000e+00
5.000000000000000000e+01 1.384886371393871668e+05 0.000000000000000000e+00
5.000000000000000000e+01 1.519911082952933211e+05 0.000000000000000000e+00
5.000000000000000000e+01 1.668100537200059043e+05 0.000000000000000000e+00
5.000000000000000000e+01 1.830738280295369623e+05 0.000000000000000000e+00
5.000000000000000000e+01 2.009233002565045899e+05 0.000000000000000000e+00
5.000000000000000000e+01 2.205130739903045760e+05 0.000000000000000000e+00
5.000000000000000000e+01 2.420128264794383431e+05 0.000000000000000000e+00
5.000000000000000000e+01 2.656087782946684165e+05 0.000000000000000000e+00
5.000000000000000000e+01 2.915053062825175584e+05 0.000000000000000000e+00
5.000000000000000000e+01 3.199267137797384639e+05 0.000000000000000000e+00
5.000000000000000000e+01 3.511191734215127653e+05 0.000000000000000000e+00
5.000000000000000000e+01 3.853528593710527639e+05 0.000000000000000000e+00
5.000000000000000000e+01 4.229242874389499193e+05 0.000000000000000000e+00
5.000000000000000000e+01 4.641588833612772287e+05 0.000000000000000000e+00
5.000000000000000000e+01 5.094138014816375216e+05 0.000000000000000000e+00
5.000000000000000000e+01 5.590810182512222091e+05 0.000000000000000000e+00
5.000000000000000000e+01 6.135907273413175717e+05 0.000000000000000000e+00
5.000000000000000000e+01 6.734150657750827959e+05 0.000000000000000000e+00
5.000000000000000000e+01 7.390722033525775187e+05 0.000000000000000000e+00
5.000000000000000000e+01 8.111308307896872284e+05 0.000000000000000000e+00
5.000000000000000000e+01 8.902150854450393235e+05 0.000000000000000000e+00
5.000000000000000000e+01 9.770099572992246831e+05 0.000000000000000000e+00
5.000000000000000000e+01 1.072267222010323079e+06 0.000000000000000000e+00
5.000000000000000000e+01 1.176811952434999170e+06 0.000000000000000000e+00
5.000000000000000000e+01 1.291549665014882805e+06 0.000000000000000000e+00
5.000000000000000000e+01 1.417474162926804740e+06 0.000000000000000000e+00
5.000000000000000000e+01 1.555676143930472201e+06 0.000000000000000000e+00
5.000000000000000000e+01 1.707352647470688680e+06 0.000000000000000000e+00
5.000000000000000000e+01 1.873817422860383056e+06 0.000000000000000000e+00
5.000000000000000000e+01 2.056512308348651510e+06 0.000000000000000000e+00
5.000000000000000000e+01 2.257019719633921515e+06 0.000000000000000000e+00
5.000000000000000000e+01 2.477076355991709046e+06 0.000000000000000000e+00
5.000000000000000000e+01 2.718588242732940242e+06 0.000000000000000000e+00
5.000000000000000000e+01 2.983647240283340216e+06 0.000000000000000000e+00
5.000000000000000000e+01 3.274549162877731491e+06 0.000000000000000000e+00
5.000000000000000000e+01 3.593813663804625627e+06 0.000000000000000000e+00
5.000000000000000000e+01 3.944206059437655844e+06 0.000000000000000000e+00
5.000000000000000000e+01 4.328761281083061360e+06 0.000000000000000000e+00
5.000000000000000000e+01 4.750810162102793343e+06 0.000000000000000000e+00
5.000000000000000000e+01 5.214008287999684922e+06 0.000000000000000000e+00
5.000000000000000000e+01 5.722367659350220114e+06 0.000000000000000000e+00
5.000000000000000000e+01 6.280291441834246740e+06 0.000000000000000000e+00
5.000000000000000000e+01 6.892612104349695146e+06 0.000000000000000000e+00
5.000000000000000000e+01 7.564633275546290912e+06 0.000000000000000000e+00
5.000000000000000000e+01 8.302175681319751777e+06 0.000000000000000000e+00
5.000000000000000000e+01 9.111627561154887080e+06 0.000000000000000000e+00
5.000000000000000000e+01 1.000000000000000000e+07 0.000000000000000000e+00
7.000000000000000000e+01 1.000000000000000000e+02 1.965314234570511576e-01
7.000000000000000000e+01 1.023531021899025859e+02 1.829246526276559481e-01
7.000000000000000000e+01 1.047615752789664043e+02 1.698577717933495157e-01
7.000000000000000000e+01 1.072267222010323167e+02 1.573112581195006132e-01
7.000000000000000000e+01 1.097498765493055686e+02 1.452655204267380706e-01
7.000000000000000000e+01 1.123324032978026565e+02 1.337019940939997431e-01
7.000000000000000000e+01 1.149756995397735579e+02 1.226029670851468967e-01
7.000000000000000000e+01 1.176811952434997863e+02 1.119514411271502335e-01
7.000000000000000000e+01 1.204503540258782408e+02 1.017311489309151024e-01
7.000000000000000000e+01 1.232846739442065882e+02 9.192668891979467738e-02
7.000000000000000000e+01 1.261856883066019748e+02 8.252221042301147169e-02
7.000000000000000000e+01 1.291549665014883885e+02 7.350305468359909222e-02
7.000000000000000000e+01 1.321941148466028721e+02 6.485587249593392778e-02
7.000000000000000000e+01 1.353047774579807481e+02 5.656412593636604008e-02
7.000000000000000000e+01 1.384886371393873219e+02 4.861590148928304767e-02
7.000000000000000000e+01 1.417474162926804695e+02 4.099790105730390793e-02
7.000000000000000000e+01 1.450828778495940128e+02 3.369621779915585313e-02
7.000000000000000000e+01 1.484968262254465117e+02 2.669985108615203703e-02
7.000000000000000000e+01 1.519911082952933157e+02 1.999700023130792856e-02
7.000000000000000000e+01 1.555676143930472222e+02 1.357683911958316655e-02
7.000000000000000000e+01 1.592282793341092315e+02 7.429155089761454132e-03
7.000000000000000000e+01 1.629750834620643332e+02 1.543610760256959548e-03
7.000000000000000000e+01 1.668100537200059250e+02 0.000000000000000000e+00
7.000000000000000000e+01 1.707352647470690385e+02 0.000000000000000000e+00
7.000000000000000000e+01 1.747528400007682876e+02 0.000000000000000000e+00
7.000000000000000000e+01 1.788649529057435075e+02 0.000000000000000000e+00
7.000000000000000000e+01 1.830738280295367701e+02 0.000000000000000000e+00
7.000000000000000000e+01 1.873817422860383033e+02 0.000000000000000000e+00
7.000000000000000000e+01 1.917910261672488730e+02 0.000000000000000000e+00
7.000000000000000000e+01 1.963040650040270521e+02 0.000000000000000000e+00
7.000000000000000000e+01 2.009233002565045751e+02 0.000000000000000000e+00
7.000000000000000000e+01 2.056512308348651459e+02 0.000000000000000000e+00
7.000000000000000000e+01 2.104904144512019855e+02 0.000000000000000000e+00
7.000000000000000000e+01 2.154434690031882269e+02 0.000000000000000000e+00
7.000000000000000000e+01 2.205130739903045480e+02 0.000000000000000000e+00
7.000000000000000000e+01 2.257019719633919124e+02 0.000000000000000000e+00
7.000000000000000000e+01 2.310129700083157900e+02 0.000000000000000000e+00
7.000000000000000000e+01 2.364489412645407072e+02 0.000000000000000000e+00
7.000000000000000000e+01 2.420128264794381039e+02 0.000000000000000000e+00
7.000000000000000000e+01 2.477076355991711409e+02 0.000000000000000000e+00
7.000000000000000000e+01 2.535364493970111539e+02 0.000000000000000000e+00
7.000000000000000000e+01 2.595024211399737055e+02 0.000000000000000000e+00
7.000000000000000000e+01 2.656087782946686957e+02 0.000000000000000000e+00
7.000000000000000000e+01 2.718588242732940330e+02 0.000000000000000000e+00
7.000000000000000000e+01 2.782559402207126027e+02 0.000000000000000000e+00
7.000000000000000000e+01 2.848035868435802058e+02 0.000000000000000000e+00
7.000000000000000000e+01 2.915053062825175516e+02 0.000000000000000000e+00
7.000000000000000000e+01 2.983647240283340238e+02 0.000000000000000000e+00
7.000000000000000000e+01 3.053855508833415797e+02 0.000000000000000000e+00
7.000000000000000000e+01 3.125715849688235153e+02 0.000000000000000000e+00
7.000000000000000000e+01 3.199267137797384635e+02 0.000000000000000000e+00
7.000000000000000000e+01 3.274549162877728463e+02 0.000000000000000000e+00
7.000000000000000000e+01 3.351602650938841066e+02 0.000000000000000000e+00
7.000000000000000000e+01 3.430469286314919373e+02 0.000000000000000000e+00
7.000000000000000000e+01 3.511191734215130964e+02 0.000000000000000000e+00
7.000000000000000000e+01 3.593813663804625662e+02 0.000000000000000000e+00
7.000000000000000000e+01 3.678379771828634262e+02 0.000000000000000000e+00
7.000000000000000000e+01 3.764935806792467474e+02 0.000000000000000000e+00
7.000000000000000000e+01 3.853528593710527161e+02 0.000000000000000000e+00
7.000000000000000000e+01 3.944206059437656222e+02 0.000000000000000000e+00
7.000000000000000000e+01 4.037017258596553688e+02 0.000000000000000000e+00
7.000000000000000000e+01 4.132012400115334572e+02 0.000000000000000000e+00
7.000000000000000000e+01 4.229242874389498752e+02 0.000000000000000000e+00
7.000000000000000000e+01 4.328761281083056929e+02 0.000000000000000000e+00
7.000000000000000000e+01 4.430621457583877714e+02 0.000000000000000000e+00
7.000000000000000000e+01 4.534878508128581984e+02 0.000000000000000000e+00
7.000000000000000000e+01 4.641588833612777307e+02 0.000000000000000000e+00
7.000000000000000000e+01 4.750810162102798131e+02 0.000000000000000000e+00
7.000000000000000000e+01 4.862601580065353346e+02 0.000000000000000000e+00
7.000000000000000000e+01 4.977023564332108663e+02 0.000000000000000000e+00
7.000000000000000000e+01 5.094138014816380178e+02 0.000000000000000000e+00
7.000000000000000000e+01 5.214008287999683944e+02 0.000000000000000000e+00
7.000000000000000000e+01 5.336699231206307559e+02 0.000000000000000000e+00
7.000000000000000000e+01 5.462277217684342077e+02 0.000000000000000000e+00
7.000000000000000000e+01 5.590810182512223037e+02 0.000000000000000000e+00
7.000000000000000000e+01 5.722367659350220492e+02 0.000000000000000000e+00
7.000000000000000000e+01 5.857020818056666940e+02 0.000000000000000000e+00
7.000000000000000000e+01 5.994842503189408944e+02 0.000000000000000000e+00
7.000000000000000000e+01 6.135907273413175744e+02 0.000000000000000000e+00
7.000000000000000000e+01 6.280291441834252737e+02 0.000000000000000000e+00
7.000000000000000000e+01 6.428073117284319551e+02 0.000000000000000000e+00
7.000000000000000000e+01 6.579332246575681893e+02 0.000000000000000000e+00
7.000000000000000000e+01 6.734150657750820983e+02 0.000000000000000000e+00
7.000000000000000000e+01 6.892612104349694846e+02 0.000000000000000000e+00
7.000000000000000000e+01 7.054802310718645231e+02 0.000000000000000000e+00
7.000000000000000000e+01 7.220809018385464242e+02 0.000000000000000000e+00
7.000000000000000000e+01 7.390722033525775032e+02 0.000000000000000000e+00
7.000000000000000000e+01 7.564633275546290179e+02 0.000000000000000000e+00
7.000000000000000000e+01 7.742636826811269657e+02 0.000000000000000000e+00
7.000000000000000000e+01 7.924828983539169940e+02 0.000000000000000000e+00
7.000000000000000000e+01 8.111308307896872520e+02 0.000000000000000000e+00
7.000000000000000000e+01 8.302175681319744172e+02 0.000000000000000000e+00
7.000000000000000000e+01 8.497534359086438371e+02 0.000000000000000000e+00
7.000000000000000000e+01 8.697490026177833897e+02 0.000000000000000000e+00
7.000000000000000000e+01 8.902150854450383122e+02 0.000000000000000000e+00
7.000000000000000000e+01 9.111627561154896284e+02 0.000000000000000000e+00
7.000000000000000000e+01 9.326033468832199560e+02 0.000000000000000000e+00
7.000000000000000000e+01 9.545484566618337112e+02 0.000000000000000000e+00
7.000000000000000000e+01 9.770099572992256753e+02 0.000000000000000000e+00
7.000000000000000000e+01 1.000000000000000000e+03 0.000000000000000000e+00
7.000000000000000000e+01 1.000000000000000000e+03 0.000000000000000000e+00
7.000000000000000000e+01 1.097498765493055544e+03 0.000000000000000000e+00
7.000000000000000000e+01 1.204503540258781186e+03 0.000000000000000000e+00
7.000000000000000000e+01 1.321941148466028608e+03 0.000000000000000000e+00
7.000000000000000000e+01 1.450828778495938650e+03 0.000000000000000000e+00
7.000000000000000000e+01 1.592282793341090610e+03 0.000000000000000000e+00
7.000000000000000000e+01 1.747528400007682876e+03 0.000000000000000000e+00
7.000000000000000000e+01 1.917910261672486740e+03 0.000000000000000000e+00
7.000000000000000000e+01 2.104904144512019684e+03 0.000000000000000000e+00
7.000000000000000000e+01 2.310129700083158241e+03 0.000000000000000000e+00
7.000000000000000000e+01 2.535364493970108924e+03 0.000000000000000000e+00
7.000000000000000000e+01 2.782559402207123185e+03 0.000000000000000000e+00
7.000000000000000000e+01 3.053855508833412387e+03 0.000000000000000000e+00
7.000000000000000000e+01 3.351602650938840725e+03 0.000000000000000000e+00
7.000000000000000000e+01 3.678379771828630510e+03 0.000000000000000000e+00
7.000000000000000000e+01 4.037017258596553802e+03 0.000000000000000000e+00
7.000000000000000000e+01 4.430621457583877600e+03 0.000000000000000000e+00
7.000000000000000000e+01 4.862601580065348571e+03 0.000000000000000000e+00
7.000000000000000000e+01 5.336699231206307559e+03 0.000000000000000000e+00
7.000000000000000000e+01 5.857020818056661483e+03 0.000000000000000000e+00
7.000000000000000000e+01 6.428073117284318869e+03 0.000000000000000000e+00
7.000000000000000000e+01 7.054802310718638182e+03 0.000000000000000000e+00
7.000000000000000000e+01 7.742636826811270112e+03 0.000000000000000000e+00
7.000000000000000000e+01 8.497534359086437689e+03 0.000000000000000000e+00
7.000000000000000000e+01 9.326033468832189101e+03 0.000000000000000000e+00
7.000000000000000000e+01 1.023531021899026928e+04 0.000000000000000000e+00
7.000000000000000000e+01 1.123324032978026480e+04 0.000000000000000000e+00
7.000000000000000000e+01 1.232846739442065882e+04 0.000000000000000000e+00
7.000000000000000000e+01 1.353047774579807628e+04 0.000000000000000000e+00
7.000000000000000000e+01 1.484968262254463480e+04 0.000000000000000000e+00
7.000000000000000000e+01 1.629750834620643400e+04 0.000000000000000000e+00
7.000000000000000000e+01 1.788649529057435211e+04 0.000000000000000000e+00
7.000000000000000000e+01 1.963040650040268520e+04 0.000000000000000000e+00
7.000000000000000000e+01 2.154434690031882201e+04 0.000000000000000000e+00
7.000000000000000000e+01 2.364489412645407356e+04 0.000000000000000000e+00
7.000000000000000000e+01 2.595024211399731939e+04 0.000000000000000000e+00
7.000000000000000000e+01 2.848035868435799057e+04 0.000000000000000000e+00
7.000000000000000000e+01 3.125715849688235176e+04 0.000000000000000000e+00
7.000000000000000000e+01 3.430469286314912461e+04 0.000000000000000000e+00
7.000000000000000000e+01 3.764935806792470976e+04 0.000000000000000000e+00
7.000000000000000000e+01 4.132012400115334458e+04 0.000000000000000000e+00
7.000000000000000000e+01 4.534878508128582325e+04 0.000000000000000000e+00
7.000000000000000000e+01 4.977023564332113892e+04 0.000000000000000000e+00
7.000000000000000000e+01 5.462277217684336938e+04 0.000000000000000000e+00
7.000000000000000000e+01 5.994842503189409035e+04 0.000000000000000000e+00
7.000000000000000000e+01 6.579332246575682075e+04 0.000000000000000000e+00
7.000000000000000000e+01 7.220809018385456875e+04 0.000000000000000000e+00
7.000000000000000000e+01 7.924828983539169712e+04 0.000000000000000000e+00
7.000000000000000000e+01 8.697490026177834079e+04 0.000000000000000000e+00
7.000000000000000000e+01 9.545484566618327517e+04 0.000000000000000000e+00
7.000000000000000000e+01 1.047615752789664111e+05 0.000000000000000000e+00
7.000000000000000000e+01 1.149756995397735591e+05 0.000000000000000000e+00
7.000000000000000000e+01 1.261856883066018490e+05 0.000000000000000000e+00
7.000000000000000000e+01 1.384886371393871668e+05 0.000000000000000000e+00
7.000000000000000000e+01 1.519911082952933211e+05 0.000000000000000000e+00
7.000000000000000000e+01 1.668100537200059043e+05 0.000000000000000000e+00
7.000000000000000000e+01 1.830738280295369623e+05 0.000000000000000000e+00
7.000000000000000000e+01 2.009233002565045899e+05 0.000000000000000000e+00
7.000000000000000000e+01 2.205130739903045760e+05 0.000000000000000000e+00
7.000000000000000000e+01 2.420128264794383431e+05 0.000000000000000000e+00
7.000000000000000000e+01 2.656087782946684165e+05 0.000000000000000000e+00
7.000000000000000000e+01 2.915053062825175584e+05 0.000000000000000000e+00
7.000000000000000000e+01 3.199267137797384639e+05 0.000000000000000000e+00
7.000000000000000000e+01 3.511191734215127653e+05 0.000000000000000000e+00
7.000000000000000000e+01 3.853528593710527639e+05 0.000000000000000000e+00
7.000000000000000000e+01 4.229242874389499193e+05 0.000000000000000000e+00
7.000000000000000000e+01 4.641588833612772287e+05 0.000000000000000000e+00
7.000000000000000000e+01 5.094138014816375216e+05 0.000000000000000000e+00
7.000000000000000000e+01 5.590810182512222091e+05 0.000000000000000000e+00
7.000000000000000000e+01 6.135907273413175717e+05 0.000000000000000000e+00
7.000000000000000000e+01 6.734150657750827959e+05 0.000000000000000000e+00
7.000000000000000000e+01 7.390722033525775187e+05 0.000000000000000000e+00
7.000000000000000000e+01 8.111308307896872284e+05 0.000000000000000000e+00
7.000000000000000000e+01 8.902150854450393235e+05 0.000000000000000000e+00
7.000000000000000000e+01 9.770099572992246831e+05 0.000000000000000000e+00
7.000000000000000000e+01 1.072267222010323079e+06 0.000000000000000000e+00
7.000000000000000000e+01 1.176811952434999170e+06 0.000000000000000000e+00
7.000000000000000000e+01 1.291549665014882805e+06 0.000000000000000000e+00
7.000000000000000000e+01 1.417474162926804740e+06 0.000000000000000000e+00
7.000000000000000000e+01 1.555676143930472201e+06 0.000000000000000000e+00
7.000000000000000000e+01 1.707352647470688680e+06 0.000000000000000000e+00
7.000000000000000000e+01 1.873817422860383056e+06 0.000000000000000000e+00
7.000000000000000000e+01 2.056512308348651510e+06 0.000000000000000000e+00
7.000000000000000000e+01 2.257019719633921515e+06 0.000000000000000000e+00
7.000000000000000000e+01 2.477076355991709046e+06 0.000000000000000000e+00
7.000000000000000000e+01 2.718588242732940242e+06 0.000000000000000000e+00
7.000000000000000000e+01 2.983647240283340216e+06 0.000000000000000000e+00
7.000000000000000000e+01 3.274549162877731491e+06 0.000000000000000000e+00
7.000000000000000000e+01 3.593813663804625627e+06 0.000000000000000000e+00
7.000000000000000000e+01 3.944206059437655844e+06 0.000000000000000000e+00
7.000000000000000000e+01 4.328761281083061360e+06 0.000000000000000000e+00
7.000000000000000000e+01 4.750810162102793343e+06 0.000000000000000000e+00
7.000000000000000000e+01 5.214008287999684922e+06 0.000000000000000000e+00
7.000000000000000000e+01 5.722367659350220114e+06 0.000000000000000000e+00
7.000000000000000000e+01 6.280291441834246740e+06 0.000000000000000000e+00
7.000000000000000000e+01 6.892612104349695146e+06 0.000000000000000000e+00
7.000000000000000000e+01 7.564633275546290912e+06 0.000000000000000000e+00
7.000000000000000000e+01 8.302175681319751777e+06 0.000000000000000000e+00
7.000000000000000000e+01 9.111627561154887080e+06 0.000000000000000000e+00
7.000000000000000000e+01 1.000000000000000000e+07 0.000000000000000000e+00
1.000000000000000000e+02 1.000000000000000000e+02 1.840883016952271911e-01
1.000000000000000000e+02 1.023531021899025859e+02 1.716108486189917848e-01
1.000000000000000000e+02 1.047615752789664043e+02 1.595970493025955783e-01
1.000000000000000000e+02 1.072267222010323167e+02 1.480314650726843595e-01
1.000000000000000000e+02 1.097498765493055686e+02 1.368991356718357033e-01
1.000000000000000000e+02 1.123324032978026565e+02 1.261855909598906533e-01
1.000000000000000000e+02 1.149756995397735579e+02 1.158768612155109123e-01
1.000000000000000000e+02 1.176811952434997863e+02 1.059594570089566617e-01
1.000000000000000000e+02 1.204503540258782408e+02 9.642033768833972729e-02
1.000000000000000000e+02 1.232846739442065882e+02 8.724702462833265615e-02
1.000000000000000000e+02 1.261856883066019748e+02 7.842724850696566885e-02
1.000000000000000000e+02 1.291549665014883885e+02 6.994862157110355583e-02
1.000000000000000000e+02 1.321941148466028721e+02 6.180037682713152708e-02
1.000000000000000000e+02 1.353047774579807481e+02 5.396990115200912125e-02
1.000000000000000000e+02 1.384886371393873219e+02 4.644632189697748409e-02
1.000000000000000000e+02 1.417474162926804695e+02 3.921903194093090406e-02
1.000000000000000000e+02 1.450828778495940128e+02 3.227652825620075383e-02
1.000000000000000000e+02 1.484968262254465117e+02 2.560913721222113013e-02
1.000000000000000000e+02 1.519911082952933157e+02 1.920667430409126256e-02
1.000000000000000000e+02 1.555676143930472222e+02 1.305938106602951183e-02
1.000000000000000000e+02 1.592282793341092315e+02 7.157456909338272624e-03
1.000000000000000000e+02 1.629750834620643332e+02 1.489646363951150970e-03
1.000000000000000000e+02 1.668100537200059250e+02 0.000000000000000000e+00
1.000000000000000000e+02 1.707352647470690385e+02 0.000000000000000000e+00
1.000000000000000000e+02 1.747528400007682876e+02 0.000000000000000000e+00
1.000000000000000000e+02 1.788649529057435075e+02 0.000000000000000000e+00
1.000000000000000000e+02 1.830738280295367701e+02 0.000000000000000000e+00
1.000000000000000000e+02 1.873817422860383033e+02 0.000000000000000000e+00
1.000000000000000000e+02 1.917910261672488730e+02 0.000000000000000000e+00
1.000000000000000000e+02 1.963040650040270521e+02 0.000000000000000000e+00
1.000000000000000000e+02 2.009233002565045751e+02 0.000000000000000000e+00
1.000000000000000000e+02 2.056512308348651459e+02 0.000000000000000000e+00
1.000000000000000000e+02 2.104904144512019855e+02 0.000000000000000000e+00
1.000000000000000000e+02 2.154434690031882269e+02 0.000000000000000000e+00
1.000000000000000000e+02 2.205130739903045480e+02 0.000000000000000000e+00
1.000000000000000000e+02 2.257019719633919124e+02 0.000000000000000000e+00
1.000000000000000000e+02 2.310129700083157900e+02 0.000000000000000000e+00
1.000000000000000000e+02 2.364489412645407072e+02 0.000000000000000000e+00
1.000000000000000000e+02 2.420128264794381039e+02 0.000000000000000000e+00
1.000000000000000000e+02 2.477076355991711409e+02 0.000000000000000000e+00
1.000000000000000000e+02 2.535364493970111539e+02 0.000000000000000000e+00
1.000000000000000000e+02 2.595024211399737055e+02 0.000000000000000000e+00
1.000000000000000000e+02 2.656087782946686957e+02 0.000000000000000000e+00
1.000000000000000000e+02 2.718588242732940330e+02 0.000000000000000000e+00
1.000000000000000000e+02 2.782559402207126027e+02 0.000000000000000000e+00
1.000000000000000000e+02 2.848035868435802058e+02 0.000000000000000000e+00
1.000000000000000000e+02 2.915053062825175516e+02 0.000000000000000000e+00
1.000000000000000000e+02 2.983647240283340238e+02 0.000000000000000000e+00
1.000000000000000000e+02 3.053855508833415797e+02 0.000000000000000000e+00
1.000000000000000000e+02 3.125715849688235153e+02 0.000000000000000000e+00
1.000000000000000000e+02 3.199267137797384635e+02 0.000000000000000000e+00
1.000000000000000000e+02 3.274549162877728463e+02 0.000000000000000000e+00
1.000000000000000000e+02 3.351602650938841066e+02 0.000000000000000000e+00
1.000000000000000000e+02 3.430469286314919373e+02 0.000000000000000000e+00
1.000000000000000000e+02 3.511191734215130964e+02 0.000000000000000000e+00
1.000000000000000000e+02 3.593813663804625662e+02 0.000000000000000000e+00
1.000000000000000000e+02 3.678379771828634262e+02 0.000000000000000000e+00
1.000000000000000000e+02 3.764935806792467474e+02 0.000000000000000000e+00
1.000000000000000000e+02 3.853528593710527161e+02 0.000000000000000000e+00
1.000000000000000000e+02 3.944206059437656222e+02 0.000000000000000000e+00
1.000000000000000000e+02 4.037017258596553688e+02 0.000000000000000000e+00
1.000000000000000000e+02 4.132012400115334572e+02 0.000000000000000000e+00
1.000000000000000000e+02 4.229242874389498752e+02 0.000000000000000000e+00
1.000000000000000000e+02 4.328761281083056929e+02 0.000000000000000000e+00
1.000000000000000000e+02 4.430621457583877714e+02 0.000000000000000000e+00
1.000000000000000000e+02 4.534878508128581984e+02 0.000000000000000000e+00
1.000000000000000000e+02 4.641588833612777307e+02 0.000000000000000000e+00
1.000000000000000000e+02 4.750810162102798131e+02 0.000000000000000000e+00
1.000000000000000000e+02 4.862601580065353346e+02 0.000000000000000000e+00
1.000000000000000000e+02 4.977023564332108663e+02 0.000000000000000000e+00
1.000000000000000000e+02 5.094138014816380178e+02 0.000000000000000000e+00
1.000000000000000000e+02 5.214008287999683944e+02 0.000000000000000000e+00
1.000000000000000000e+02 5.336699231206307559e+02 0.000000000000000000e+00
1.000000000000000000e+02 5.462277217684342077e+02 0.000000000000000000e+00
1.000000000000000000e+02 5.590810182512223037e+02 0.000000000000000000e+00
1.000000000000000000e+02 5.722367659350220492e+02 0.000000000000000000e+00
1.000000000000000000e+02 5.857020818056666940e+02 0.000000000000000000e+00
1.000000000000000000e+02 5.994842503189408944e+02 0.000000000000000000e+00
1.000000000000000000e+02 6.135907273413175744e+02 0.000000000000000000e+00
1.000000000000000000e+02 6.280291441834252737e+02 0.000000000000000000e+00
1.000000000000000000e+02 6.428073117284319551e+02 0.000000000000000000e+00
1.000000000000000000e+02 6.579332246575681893e+02 0.000000000000000000e+00
1.000000000000000000e+02 6.734150657750820983e+02 0.000000000000000000e+00
1.000000000000000000e+02 6.892612104349694846e+02 0.000000000000000000e+00
1.000000000000000000e+02 7.054802310718645231e+02 0.000000000000000000e+00
1.000000000000000000e+02 7.220809018385464242e+02 0.000000000000000000e+00
1.000000000000000000e+02 7.390722033525775032e+02 0.000000000000000000e+00
1.000000000000000000e+02 7.564633275546290179e+02 0.000000000000000000e+00
1.000000000000000000e+02 7.742636826811269657e+02 0.000000000000000000e+00
1.000000000000000000e+02 7.924828983539169940e+02 0.000000000000000000e+00
1.000000000000000000e+02 8.111308307896872520e+02 0.000000000000000000e+00
1.000000000000000000e+02 8.302175681319744172e+02 0.000000000000000000e+00
1.000000000000000000e+02 8.497534359086438371e+02 0.000000000000000000e+00
1.000000000000000000e+02 8.697490026177833897e+02 0.000000000000000000e+00
1.000000000000000000e+02 8.902150854450383122e+02 0.000000000000000000e+00
1.000000000000000000e+02 9.111627561154896284e+02 0.000000000000000000e+00
1.000000000000000000e+02 9.326033468832199560e+02 0.000000000000000000e+00
1.000000000000000000e+02 9.545484566618337112e+02 0.000000000000000000e+00
1.000000000000000000e+02 9.770099572992256753e+02 0.000000000000000000e+00
1.000000000000000000e+02 1.000000000000000000e+03 0.000000000000000000e+00
1.000000000000000000e+02 1.000000000000000000e+03 0.000000000000000000e+00
1.000000000000000000e+02 1.097498765493055544e+03 0.000000000000000000e+00
1.000000000000000000e+02 1.204503540258781186e+03 0.000000000000000000e+00
1.000000000000000000e+02 1.321941148466028608e+03 0.000000000000000000e+00
1.000000000000000000e+02 1.450828778495938650e+03 0.000000000000000000e+00
1.000000000000000000e+02 1.592282793341090610e+03 0.000000000000000000e+00
1.000000000000000000e+02 1.747528400007682876e+03 0.000000000000000000e+00
1.000000000000000000e+02 1.917910261672486740e+03 0.000000000000000000e+00
1.000000000000000000e+02 2.104904144512019684e+03 0.000000000000000000e+00
1.000000000000000000e+02 2.310129700083158241e+03 0.000000000000000000e+00
1.000000000000000000e+02 2.535364493970108924e+03 0.000000000000000000e+00
1.000000000000000000e+02 2.782559402207123185e+03 0.000000000000000000e+00
1.000000000000000000e+02 3.053855508833412387e+03 0.000000000000000000e+00
1.000000000000000000e+02 3.351602650938840725e+03 0.000000000000000000e+00
1.000000000000000000e+02 3.678379771828630510e+03 0.000000000000000000e+00
1.000000000000000000e+02 4.037017258596553802e+03 0.000000000000000000e+00
1.000000000000000000e+02 4.430621457583877600e+03 0.000000000000000000e+00
1.000000000000000000e+02 4.862601580065348571e+03 0.000000000000000000e+00
1.000000000000000000e+02 5.336699231206307559e+03 0.000000000000000000e+00
1.000000000000000000e+02 5.857020818056661483e+03 0.000000000000000000e+00
1.000000000000000000e+02 6.428073117284318869e+03 0.000000000000000000e+00
1.000000000000000000e+02 7.054802310718638182e+03 0.000000000000000000e+00
1.000000000000000000e+02 7.742636826811270112e+03 0.000000000000000000e+00
1.000000000000000000e+02 8.497534359086437689e+03 0.000000000000000000e+00
1.000000000000000000e+02 9.326033468832189101e+03 0.000000000000000000e+00
1.000000000000000000e+02 1.023531021899026928e+04 0.000000000000000000e+00
1.000000000000000000e+02 1.123324032978026480e+04 0.000000000000000000e+00
1.000000000000000000e+02 1.232846739442065882e+04 0.000000000000000000e+00
1.000000000000000000e+02 1.353047774579807628e+04 0.000000000000000000e+00
1.000000000000000000e+02 1.484968262254463480e+04 0.000000000000000000e+00
1.000000000000000000e+02 1.629750834620643400e+04 0.000000000000000000e+00
1.000000000000000000e+02 1.788649529057435211e+04 0.000000000000000000e+00
1.000000000000000000e+02 1.963040650040268520e+04 0.000000000000000000e+00
1.000000000000000000e+02 2.154434690031882201e+04 0.000000000000000000e+00
1.000000000000000000e+02 2.364489412645407356e+04 0.000000000000000000e+00
1.000000000000000000e+02 2.595024211399731939e+04 0.000000000000000000e+00
1.000000000000000000e+02 2.848035868435799057e+04 0.000000000000000000e+00
1.000000000000000000e+02 3.125715849688235176e+04 0.000000000000000000e+00
1.000000000000000000e+02 3.430469286314912461e+04 0.000000000000000000e+00
1.000000000000000000e+02 3.764935806792470976e+04 0.000000000000000000e+00
1.000000000000000000e+02 4.132012400115334458e+04 0.000000000000000000e+00
1.000000000000000000e+02 4.534878508128582325e+04 0.000000000000000000e+00
1.000000000000000000e+02 4.977023564332113892e+04 0.000000000000000000e+00
1.000000000000000000e+02 5.462277217684336938e+04 0.000000000000000000e+00
1.000000000000000000e+02 5.994842503189409035e+04 0.000000000000000000e+00
1.000000000000000000e+02 6.579332246575682075e+04 0.000000000000000000e+00
1.000000000000000000e+02 7.220809018385456875e+04 0.000000000000000000e+00
1.000000000000000000e+02 7.924828983539169712e+04 0.000000000000000000e+00
1.000000000000000000e+02 8.697490026177834079e+04 0.000000000000000000e+00
1.000000000000000000e+02 9.545484566618327517e+04 0.000000000000000000e+00
1.000000000000000000e+02 1.047615752789664111e+05 0.000000000000000000e+00
1.000000000000000000e+02 1.149756995397735591e+05 0.000000000000000000e+00
1.000000000000000000e+02 1.261856883066018490e+05 0.000000000000000000e+00
1.000000000000000000e+02 1.384886371393871668e+05 0.000000000000000000e+00
1.000000000000000000e+02 1.519911082952933211e+05 0.000000000000000000e+00
1.000000000000000000e+02 1.668100537200059043e+05 0.000000000000000000e+00
1.000000000000000000e+02 1.830738280295369623e+05 0.000000000000000000e+00
1.000000000000000000e+02 2.009233002565045899e+05 0.000000000000000000e+00
1.000000000000000000e+02 2.205130739903045760e+05 0.000000000000000000e+00
1.000000000000000000e+02 2.420128264794383431e+05 0.000000000000000000e+00
1.000000000000000000e+02 2.656087782946684165e+05 0.000000000000000000e+00
1.000000000000000000e+02 2.915053062825175584e+05 0.000000000000000000e+00
1.000000000000000000e+02 3.199267137797384639e+05 0.000000000000000000e+00
1.000000000000000000e+02 3.511191734215127653e+05 0.000000000000000000e+00
1.000000000000000000e+02 3.853528593710527639e+05 0.000000000000000000e+00
1.000000000000000000e+02 4.229242874389499193e+05 0.000000000000000000e+00
1.000000000000000000e+02 4.641588833612772287e+05 0.000000000000000000e+00
1.000000000000000000e+02 5.094138014816375216e+05 0.000000000000000000e+00
1.000000000000000000e+02 5.590810182512222091e+05 0.000000000000000000e+00
1.000000000000000000e+02 6.135907273413175717e+05 0.000000000000000000e+00
1.000000000000000000e+02 6.734150657750827959e+05 0.000000000000000000e+00
1.000000000000000000e+02 7.390722033525775187e+05 0.000000000000000000e+00
1.000000000000000000e+02 8.111308307896872284e+05 0.000000000000000000e+00
1.000000000000000000e+02 8.902150854450393235e+05 0.000000000000000000e+00
1.000000000000000000e+02 9.770099572992246831e+05 0.000000000000000000e+00
1.000000000000000000e+02 1.072267222010323079e+06 0.000000000000000000e+00
1.000000000000000000e+02 1.176811952434999170e+06 0.000000000000000000e+00
1.000000000000000000e+02 1.291549665014882805e+06 0.000000000000000000e+00
1.000000000000000000e+02 1.417474162926804740e+06 0.000000000000000000e+00
1.000000000000000000e+02 1.555676143930472201e+06 0.000000000000000000e+00
1.000000000000000000e+02 1.707352647470688680e+06 0.000000000000000000e+00
1.000000000000000000e+02 1.873817422860383056e+06 0.000000000000000000e+00
1.000000000000000000e+02 2.056512308348651510e+06 0.000000000000000000e+00
1.000000000000000000e+02 2.257019719633921515e+06 0.000000000000000000e+00
1.000000000000000000e+02 2.477076355991709046e+06 0.000000000000000000e+00
1.000000000000000000e+02 2.718588242732940242e+06 0.000000000000000000e+00
1.000000000000000000e+02 2.983647240283340216e+06 0.000000000000000000e+00
1.000000000000000000e+02 3.274549162877731491e+06 0.000000000000000000e+00
1.000000000000000000e+02 3.593813663804625627e+06 0.000000000000000000e+00
1.000000000000000000e+02 3.944206059437655844e+06 0.000000000000000000e+00
1.000000000000000000e+02 4.328761281083061360e+06 0.000000000000000000e+00
1.000000000000000000e+02 4.750810162102793343e+06 0.000000000000000000e+00
1.000000000000000000e+02 5.214008287999684922e+06 0.000000000000000000e+00
1.000000000000000000e+02 5.722367659350220114e+06 0.000000000000000000e+00
1.000000000000000000e+02 6.280291441834246740e+06 0.000000000000000000e+00
1.000000000000000000e+02 6.892612104349695146e+06 0.000000000000000000e+00
1.000000000000000000e+02 7.564633275546290912e+06 0.000000000000000000e+00
1.000000000000000000e+02 8.302175681319751777e+06 0.000000000000000000e+00
1.000000000000000000e+02 9.111627561154887080e+06 0.000000000000000000e+00
1.000000000000000000e+02 1.000000000000000000e+07 0.000000000000000000e+00
1.400000000000000000e+02 1.000000000000000000e+02 1.688750846963172070e-01
1.400000000000000000e+02 1.023531021899025859e+02 1.577247258524028251e-01
1.400000000000000000e+02 1.047615752789664043e+02 1.469560202087014378e-01
1.400000000000000000e+02 1.072267222010323167e+02 1.365576272235982103e-01
1.400000000000000000e+02 1.097498765493055686e+02 1.265185100756836267e-01
1.400000000000000000e+02 1.123324032978026565e+02 1.168279270016656657e-01
1.400000000000000000e+02 1.149756995397735579e+02 1.074754514101506769e-01
1.400000000000000000e+02 1.176811952434997863e+02 9.845097168767925899e-02
1.400000000000000000e+02 1.204503540258782408e+02 8.974466315046147891e-02
1.400000000000000000e+02 1.232846739442065882e+02 8.134702414409819560e-02
1.400000000000000000e+02 1.261856883066019748e+02 7.324885629732531822e-02
1.400000000000000000e+02 1.291549665014883885e+02 6.544074780183725681e-02
1.400000000000000000e+02 1.321941148466028721e+02 5.791416171063659690e-02
1.400000000000000000e+02 1.353047774579807481e+02 5.065999068327983051e-02
1.400000000000000000e+02 1.384886371393873219e+02 4.366932370633160726e-02
1.400000000000000000e+02 1.417474162926804695e+02 3.693402458671454780e-02
1.400000000000000000e+02 1.450828778495940128e+02 3.044523145218783200e-02
1.400000000000000000e+02 1.484968262254465117e+02 2.419500317273074255e-02
1.400000000000000000e+02 1.519911082952933157e+02 1.817518481178544490e-02
1.400000000000000000e+02 1.555676143930472222e+02 1.237773832866051471e-02
1.400000000000000000e+02 1.592282793341092315e+02 6.794402113744477112e-03
1.400000000000000000e+02 1.629750834620643332e+02 1.415766782618011572e-03
1.400000000000000000e+02 1.668100537200059250e+02 0.000000000000000000e+00
1.400000000000000000e+02 1.707352647470690385e+02 0.000000000000000000e+00
1.400000000000000000e+02 1.747528400007682876e+02 0.000000000000000000e+00
1.400000000000000000e+02 1.788649529057435075e+02 0.000000000000000000e+00
1.400000000000000000e+02 1.830738280295367701e+02 0.000000000000000000e+00
1.400000000000000000e+02 1.873817422860383033e+02 0.000000000000000000e+00
1.400000000000000000e+02 1.917910261672488730e+02 0.000000000000000000e+00
1.400000000000000000e+02 1.963040650040270521e+02 0.000000000000000000e+00
1.400000000000000000e+02 2.009233002565045751e+02 0.000000000000000000e+00
1.400000000000000000e+02 2.056512308348651459e+02 0.000000000000000000e+00
1.400000000000000000e+02 2.104904144512019855e+02 0.000000000000000000e+00
1.400000000000000000e+02 2.154434690031882269e+02 0.000000000000000000e+00
1.400000000000000000e+02 2.205130739903045480e+02 0.000000000000000000e+00
1.400000000000000000e+02 2.257019719633919124e+02 0.000000000000000000e+00
1.400000000000000000e+02 2.310129700083157900e+02 0.000000000000000000e+00
1.400000000000000000e+02 2.364489412645407072e+02 0.000000000000000000e+00
1.400000000000000000e+02 2.420128264794381039e+02 0.000000000000000000e+00
1.400000000000000000e+02 2.477076355991711409e+02 0.000000000000000000e+00
1.400000000000000000e+02 2.535364493970111539e+02 0.000000000000000000e+00
1.400000000000000000e+02 2.595024211399737055e+02 0.000000000000000000e+00
1.400000000000000000e+02 2.656087782946686957e+02 0.000000000000000000e+00
1.400000000000000000e+02 2.718588242732940330e+02 0.000000000000000000e+00
1.400000000000000000e+02 2.782559402207126027e+02 0.000000000000000000e+00
1.400000000000000000e+02 2.848035868435802058e+02 0.000000000000000000e+00
1.400000000000000000e+02 2.915053062825175516e+02 0.000000000000000000e+00
1.400000000000000000e+02 2.983647240283340238e+02 0.000000000000000000e+00
1.400000000000000000e+02 3.053855508833415797e+02 0.000000000000000000e+00
1.400000000000000000e+02 3.125715849688235153e+02 0.000000000000000000e+00
1.400000000000000000e+02 3.199267137797384635e+02 0.000000000000000000e+00
1.400000000000000000e+02 3.274549162877728463e+02 0.000000000000000000e+00
1.400000000000000000e+02 3.351602650938841066e+02 0.000000000000000000e+00
1.400000000000000000e+02 3.430469286314919373e+02 0.000000000000000000e+00
1.400000000000000000e+02 3.511191734215130964e+02 0.000000000000000000e+00
1.400000000000000000e+02 3.593813663804625662e+02 0.000000000000000000e+00
1.400000000000000000e+02 3.678379771828634262e+02 0.000000000000000000e+00
1.400000000000000000e+02 3.764935806792467474e+02 0.000000000000000000e+00
1.400000000000000000e+02 3.853528593710527161e+02 0.000000000000000000e+00
1.400000000000000000e+02 3.944206059437656222e+02 0.000000000000000000e+00
1.400000000000000000e+02 4.037017258596553688e+02 0.000000000000000000e+00
1.400000000000000000e+02 4.132012400115334572e+02 0.000000000000000000e+00
1.400000000000000000e+02 4.229242874389498752e+02 0.000000000000000000e+00
1.400000000000000000e+02 4.328761281083056929e+02 0.000000000000000000e+00
1.400000000000000000e+02 4.430621457583877714e+02 0.000000000000000000e+00
1.400000000000000000e+02 4.534878508128581984e+02 0.000000000000000000e+00
1.400000000000000000e+02 4.641588833612777307e+02 0.000000000000000000e+00
1.400000000000000000e+02 4.750810162102798131e+02 0.000000000000000000e+00
1.400000000000000000e+02 4.862601580065353346e+02 0.000000000000000000e+00
1.400000000000000000e+02 4.977023564332108663e+02 0.000000000000000000e+00
1.400000000000000000e+02 5.094138014816380178e+02 0.000000000000000000e+00
1.400000000000000000e+02 5.214008287999683944e+02 0.000000000000000000e+00
1.400000000000000000e+02 5.336699231206307559e+02 0.000000000000000000e+00
1.400000000000000000e+02 5.462277217684342077e+02 0.000000000000000000e+00
1.400000000000000000e+02 5.590810182512223037e+02 0.000000000000000000e+00
1.400000000000000000e+02 5.722367659350220492e+02 0.000000000000000000e+00
1.400000000000000000e+02 5.857020818056666940e+02 0.000000000000000000e+00
1.400000000000000000e+02 5.994842503189408944e+02 0.000000000000000000e+00
1.400000000000000000e+02 6.135907273413175744e+02 0.000000000000000000e+00
1.400000000000000000e+02 6.280291441834252737e+02 0.000000000000000000e+00
1.400000000000000000e+02 6.428073117284319551e+02 0.000000000000000000e+00
1.400000000000000000e+02 6.579332246575681893e+02 0.000000000000000000e+00
1.400000000000000000e+02 6.734150657750820983e+02 0.000000000000000000e+00
1.400000000000000000e+02 6.892612104349694846e+02 0.000000000000000000e+00
1.400000000000000000e+02 7.054802310718645231e+02 0.000000000000000000e+00
1.400000000000000000e+02 7.220809018385464242e+02 0.000000000000000000e+00
1.400000000000000000e+02 7.390722033525775032e+02 0.000000000000000000e+00
1.400000000000000000e+02 7.564633275546290179e+02 0.000000000000000000e+00
1.400000000000000000e+02 7.742636826811269657e+02 0.000000000000000000e+00
1.400000000000000000e+02 7.924828983539169940e+02 0.000000000000000000e+00
1.400000000000000000e+02 8.111308307896872520e+02 0.000000000000000000e+00
1.400000000000000000e+02 8.302175681319744172e+02 0.000000000000000000e+00
1.400000000000000000e+02 8.497534359086438371e+02 0.000000000000000000e+00
1.400000000000000000e+02 8.697490026177833897e+02 0.000000000000000000e+00
1.400000000000000000e+02 8.902150854450383122e+02 0.000000000000000000e+00
1.400000000000000000e+02 9.111627561154896284e+02 0.000000000000000000e+00
1.400000000000000000e+02 9.326033468832199560e+02 0.000000000000000000e+00
1.400000000000000000e+02 9.545484566618337112e+02 0.000000000000000000e+00
1.400000000000000000e+02 9.770099572992256753e+02 0.000000000000000000e+00
1.400000000000000000e+02 1.000000000000000000e+03 0.000000000000000000e+00
1.400000000000000000e+02 1.000000000000000000e+03 0.000000000000000000e+00
1.400000000000000000e+02 1.097498765493055544e+03 0.000000000000000000e+00
1.400000000000000000e+02 1.204503540258781186e+03 0.000000000000000000e+00
1.400000000000000000e+02 1.321941148466028608e+03 0.000000000000000000e+00
1.400000000000000000e+02 1.450828778495938650e+03 0.000000000000000000e+00
1.400000000000000000e+02 1.592282793341090610e+03 0.000000000000000000e+00
1.400000000000000000e+02 1.747528400007682876e+03 0.000000000000000000e+00
1.400000000000000000e+02 1.917910261672486740e+03 0.000000000000000000e+00
1.400000000000000000e+02 2.104904144512019684e+03 0.000000000000000000e+00
1.400000000000000000e+02 2.310129700083158241e+03 0.000000000000000000e+00
1.400000000000000000e+02 2.535364493970108924e+03 0.000000000000000000e+00
1.400000000000000000e+02 2.782559402207123185e+03 0.000000000000000000e+00
1.400000000000000000e+02 3.053855508833412387e+03 0.000000000000000000e+00
1.400000000000000000e+02 3.351602650938840725e+03 0.000000000000000000e+00
1.400000000000000000e+02 3.678379771828630510e+03 0.000000000000000000e+00
1.400000000000000000e+02 4.037017258596553802e+03 0.000000000000000000e+00
1.400000000000000000e+02 4.430621457583877600e+03 0.000000000000000000e+00
1.400000000000000000e+02 4.862601580065348571e+03 0.000000000000000000e+00
1.400000000000000000e+02 5.336699231206307559e+03 0.000000000000000000e+00
1.400000000000000000e+02 5.857020818056661483e+03 0.000000000000000000e+00
1.400000000000000000e+02 6.428073117284318869e+03 0.000000000000000000e+00
1.400000000000000000e+02 7.054802310718638182e+03 0.000000000000000000e+00
1.400000000000000000e+02 7.742636826811270112e+03 0.000000000000000000e+00
1.400000000000000000e+02 8.497534359086437689e+03 0.000000000000000000e+00
1.400000000000000000e+02 9.326033468832189101e+03 0.000000000000000000e+00
1.400000000000000000e+02 1.023531021899026928e+04 0.000000000000000000e+00
1.400000000000000000e+02 1.123324032978026480e+04 0.000000000000000000e+00
1.400000000000000000e+02 1.232846739442065882e+04 0.000000000000000000e+00
1.400000000000000000e+02 1.353047774579807628e+04 0.000000000000000000e+00
1.400000000000000000e+02 1.484968262254463480e+04 0.000000000000000000e+00
1.400000000000000000e+02 1.629750834620643400e+04 0.000000000000000000e+00
1.400000000000000000e+02 1.788649529057435211e+04 0.000000000000000000e+00
1.400000000000000000e+02 1.963040650040268520e+04 0.000000000000000000e+00
1.400000000000000000e+02 2.154434690031882201e+04 0.000000000000000000e+00
1.400000000000000000e+02 2.364489412645407356e+04 0.000000000000000000e+00
1.400000000000000000e+02 2.595024211399731939e+04 0.000000000000000000e+00
1.400000000000000000e+02 2.848035868435799057e+04 0.000000000000000000e+00
1.400000000000000000e+02 3.125715849688235176e+04 0.000000000000000000e+00
1.400000000000000000e+02 3.430469286314912461e+04 0.000000000000000000e+00
1.400000000000000000e+02 3.764935806792470976e+04 0.000000000000000000e+00
1.400000000000000000e+02 4.132012400115334458e+04 0.000000000000000000e+00
1.400000000000000000e+02 4.534878508128582325e+04 0.000000000000000000e+00
1.400000000000000000e+02 4.977023564332113892e+04 0.000000000000000000e+00
1.400000000000000000e+02 5.462277217684336938e+04 0.000000000000000000e+00
1.400000000000000000e+02 5.994842503189409035e+04 0.000000000000000000e+00
1.400000000000000000e+02 6.579332246575682075e+04 0.000000000000000000e+00
1.400000000000000000e+02 7.220809018385456875e+04 0.000000000000000000e+00
1.400000000000000000e+02 7.924828983539169712e+04 0.000000000000000000e+00
1.400000000000000000e+02 8.697490026177834079e+04 0.000000000000000000e+00
1.400000000000000000e+02 9.545484566618327517e+04 0.000000000000000000e+00
1.400000000000000000e+02 1.047615752789664111e+05 0.000000000000000000e+00
1.400000000000000000e+02 1.149756995397735591e+05 0.000000000000000000e+00
1.400000000000000000e+02 1.261856883066018490e+05 0.000000000000000000e+00
1.400000000000000000e+02 1.384886371393871668e+05 0.000000000000000000e+00
1.400000000000000000e+02 1.519911082952933211e+05 0.000000000000000000e+00
1.400000000000000000e+02 1.668100537200059043e+05 0.000000000000000000e+00
1.400000000000000000e+02 1.830738280295369623e+05 0.000000000000000000e+00
1.400000000000000000e+02 2.009233002565045899e+05 0.000000000000000000e+00
1.400000000000000000e+02 2.205130739903045760e+05 0.000000000000000000e+00
1.400000000000000000e+02 2.420128264794383431e+05 0.000000000000000000e+00
1.400000000000000000e+02 2.656087782946684165e+05 0.000000000000000000e+00
1.400000000000000000e+02 2.915053062825175584e+05 0.000000000000000000e+00
1.400000000000000000e+02 3.199267137797384639e+05 0.000000000000000000e+00
1.400000000000000000e+02 3.511191734215127653e+05 0.000000000000000000e+00
1.400000000000000000e+02 3.853528593710527639e+05 0.000000000000000000e+00
1.400000000000000000e+02 4.229242874389499193e+05 0.000000000000000000e+00
1.400000000000000000e+02 4.641588833612772287e+05 0.000000000000000000e+00
1.400000000000000000e+02 5.094138014816375216e+05 0.000000000000000000e+00
1.400000000000000000e+02 5.590810182512222091e+05 0.000000000000000000e+00
1.400000000000000000e+02 6.135907273413175717e+05 0.000000000000000000e+00
1.400000000000000000e+02 6.734150657750827959e+05 0.000000000000000000e+00
1.400000000000000000e+02 7.390722033525775187e+05 0.000000000000000000e+00
1.400000000000000000e+02 8.111308307896872284e+05 0.000000000000000000e+00
1.400000000000000000e+02 8.902150854450393235e+05 0.000000000000000000e+00
1.400000000000000000e+02 9.770099572992246831e+05 0.000000000000000000e+00
1.400000000000000000e+02 1.072267222010323079e+06 0.000000000000000000e+00
1.400000000000000000e+02 1.176811952434999170e+06 0.000000000000000000e+00
1.400000000000000000e+02 1.291549665014882805e+06 0.000000000000000000e+00
1.400000000000000000e+02 1.417474162926804740e+06 0.000000000000000000e+00
1.400000000000000000e+02 1.555676143930472201e+06 0.000000000000000000e+00
1.400000000000000000e+02 1.707352647470688680e+06 0.000000000000000000e+00
1.400000000000000000e+02 1.873817422860383056e+06 0.000000000000000000e+00
1.400000000000000000e+02 2.056512308348651510e+06 0.000000000000000000e+00
1.400000000000000000e+02 2.257019719633921515e+06 0.000000000000000000e+00
1.400000000000000000e+02 2.477076355991709046e+06 0.000000000000000000e+00
1.400000000000000000e+02 2.718588242732940242e+06 0.000000000000000000e+00
1.400000000000000000e+02 2.983647240283340216e+06 0.000000000000000000e+00
1.400000000000000000e+02 3.274549162877731491e+06 0.000000000000000000e+00
1.400000000000000000e+02 3.593813663804625627e+06 0.000000000000000000e+00
1.400000000000000000e+02 3.944206059437655844e+06 0.000000000000000000e+00
1.400000000000000000e+02 4.328761281083061360e+06 0.000000000000000000e+00
1.400000000000000000e+02 4.750810162102793343e+06 0.000000000000000000e+00
1.400000000000000000e+02 5.214008287999684922e+06 0.000000000000000000e+00
1.400000000000000000e+02 5.722367659350220114e+06 0.000000000000000000e+00
1.400000000000000000e+02 6.280291441834246740e+06 0.000000000000000000e+00
1.400000000000000000e+02 6.892612104349695146e+06 0.000000000000000000e+00
1.400000000000000000e+02 7.564633275546290912e+06 0.000000000000000000e+00
1.400000000000000000e+02 8.302175681319751777e+06 0.000000000000000000e+00
1.400000000000000000e+02 9.111627561154887080e+06 0.000000000000000000e+00
1.400000000000000000e+02 1.000000000000000000e+07 0.000000000000000000e+00
2.000000000000000000e+02 1.000000000000000000e+02 1.493580251377932822e-01
2.000000000000000000e+02 1.023531021899025859e+02 1.398157461825601799e-01
2.000000000000000000e+02 1.047615752789664043e+02 1.305668189893913200e-01
2.000000000000000000e+02 1.072267222010323167e+02 1.216035096899171775e-01
2.000000000000000000e+02 1.097498765493055686e+02 1.129182739519142414e-01
2.000000000000000000e+02 1.123324032978026565e+02 1.045037573460319003e-01
2.000000000000000000e+02 1.149756995397735579e+02 9.635279871483487524e-02
2.000000000000000000e+02 1.176811952434997863e+02 8.845843463499257486e-02
2.000000000000000000e+02 1.204503540258782408e+02 8.081388788503614251e-02
2.000000000000000000e+02 1.232846739442065882e+02 7.341256392872495817e-02
2.000000000000000000e+02 1.261856883066019748e+02 6.624809638533335487e-02
2.000000000000000000e+02 1.291549665014883885e+02 5.931401719117083970e-02
2.000000000000000000e+02 1.321941148466028721e+02 5.260423335561649483e-02
2.000000000000000000e+02 1.353047774579807481e+02 4.611260126461787928e-02
2.000000000000000000e+02 1.384886371393873219e+02 3.983271277212406536e-02
2.000000000000000000e+02 1.417474162926804695e+02 3.375886476426390864e-02
2.000000000000000000e+02 1.450828778495940128e+02 2.788485012909251368e-02
2.000000000000000000e+02 1.484968262254465117e+02 2.220490721547609819e-02
2.000000000000000000e+02 1.519911082952933157e+02 1.671319860627360973e-02
2.000000000000000000e+02 1.555676143930472222e+02 1.140391688431683509e-02
2.000000000000000000e+02 1.592282793341092315e+02 6.271138111193845684e-03
2.000000000000000000e+02 1.629750834620643332e+02 1.308631475189552407e-03
2.000000000000000000e+02 1.668100537200059250e+02 0.000000000000000000e+00
2.000000000000000000e+02 1.707352647470690385e+02 0.000000000000000000e+00
2.000000000000000000e+02 1.747528400007682876e+02 0.000000000000000000e+00
2.000000000000000000e+02 1.788649529057435075e+02 0.000000000000000000e+00
2.000000000000000000e+02 1.830738280295367701e+02 0.000000000000000000e+00
2.000000000000000000e+02 1.873817422860383033e+02 0.000000000000000000e+00
2.000000000000000000e+02 1.917910261672488730e+02 0.000000000000000000e+00
2.000000000000000000e+02 1.963040650040270521e+02 0.000000000000000000e+00
2.000000000000000000e+02 2.009233002565045751e+02 0.000000000000000000e+00
2.000000000000000000e+02 2.056512308348651459e+02 0.000000000000000000e+00
2.000000000000000000e+02 2.104904144512019855e+02 0.000000000000000000e+00
2.000000000000000000e+02 2.154434690031882269e+02 0.000000000000000000e+00
2.000000000000000000e+02 2.205130739903045480e+02 0.000000000000000000e+00
2.000000000000000000e+02 2.257019719633919124e+02 0.000000000000000000e+00
2.000000000000000000e+02 2.310129700083157900e+02 0.000000000000000000e+00
2.000000000000000000e+02 2.364489412645407072e+02 0.000000000000000000e+00
2.000000000000000000e+02 2.420128264794381039e+02 0.000000000000000000e+00
2.000000000000000000e+02 2.477076355991711409e+02 0.000000000000000000e+00
2.000000000000000000e+02 2.535364493970111539e+02 0.000000000000000000e+00
2.000000000000000000e+02 2.595024211399737055e+02 0.000000000000000000e+00
2.000000000000000000e+02 2.656087782946686957e+02 0.000000000000000000e+00
2.000000000000000000e+02 2.718588242732940330e+02 0.000000000000000000e+00
2.000000000000000000e+02 2.782559402207126027e+02 0.000000000000000000e+00
2.000000000000000000e+02 2.848035868435802058e+02 0.000000000000000000e+00
2.000000000000000000e+02 2.915053062825175516e+02 0.000000000000000000e+00
2.000000000000000000e+02 2.983647240283340238e+02 0.000000000000000000e+00
2.000000000000000000e+02 3.053855508833415797e+02 0.000000000000000000e+00
2.000000000000000000e+02 3.125715849688235153e+02 0.000000000000000000e+00
2.000000000000000000e+02 3.199267137797384635e+02 0.000000000000000000e+00
2.000000000000000000e+02 3.274549162877728463e+02 0.000000000000000000e+00
2.000000000000000000e+02 3.351602650938841066e+02 0.000000000000000000e+00
2.000000000000000000e+02 3.430469286314919373e+02 0.000000000000000000e+00
2.000000000000000000e+02 3.511191734215130964e+02 0.000000000000000000e+00
2.000000000000000000e+02 3.593813663804625662e+02 0.000000000000000000e+00
2.000000000000000000e+02 3.678379771828634262e+02 0.000000000000000000e+00
2.000000000000000000e+02 3.764935806792467474e+02 0.000000000000000000e+00
2.000000000000000000e+02 3.853528593710527161e+02 0.000000000000000000e+00
2.000000000000000000e+02 3.944206059437656222e+02 0.000000000000000000e+00
2.000000000000000000e+02 4.037017258596553688e+02 0.000000000000000000e+00
2.000000000000000000e+02 4.132012400115334572e+02 0.000000000000000000e+00
2.000000000000000000e+02 4.229242874389498752e+02 0.000000000000000000e+00
2.000000000000000000e+02 4.328761281083056929e+02 0.000000000000000000e+00
2.000000000000000000e+02 4.430621457583877714e+02 0.000000000000000000e+00
2.000000000000000000e+02 4.534878508128581984e+02 0.000000000000000000e+00
2.000000000000000000e+02 4.641588833612777307e+02 0.000000000000000000e+00
2.000000000000000000e+02 4.750810162102798131e+02 0.000000000000000000e+00
2.000000000000000000e+02 4.862601580065353346e+02 0.000000000000000000e+00
2.000000000000000000e+02 4.977023564332108663e+02 0.000000000000000000e+00
2.000000000000000000e+02 5.094138014816380178e+02 0.000000000000000000e+00
2.000000000000000000e+02 5.214008287999683944e+02 0.000000000000000000e+00
2.000000000000000000e+02 5.336699231206307559e+02 0.000000000000000000e+00
2.000000000000000000e+02 5.462277217684342077e+02 0.000000000000000000e+00
2.000000000000000000e+02 5.590810182512223037e+02 0.000000000000000000e+00
2.000000000000000000e+02 5.722367659350220492e+02 0.000000000000000000e+00
2.000000000000000000e+02 5.857020818056666940e+02 0.000000000000000000e+00
2.000000000000000000e+02 5.994842503189408944e+02 0.000000000000000000e+00
2.000000000000000000e+02 6.135907273413175744e+02 0.000000000000000000e+00
2.000000000000000000e+02 6.280291441834252737e+02 0.000000000000000000e+00
2.000000000000000000e+02 6.428073117284319551e+02 0.000000000000000000e+00
2.000000000000000000e+02 6.579332246575681893e+02 0.000000000000000000e+00
2.000000000000000000e+02 6.734150657750820983e+02 0.000000000000000000e+00
2.000000000000000000e+02 6.892612104349694846e+02 0.000000000000000000e+00
2.000000000000000000e+02 7.054802310718645231e+02 0.000000000000000000e+00
2.000000000000000000e+02 7.220809018385464242e+02 0.000000000000000000e+00
2.000000000000000000e+02 7.390722033525775032e+02 0.000000000000000000e+00
2.000000000000000000e+02 7.564633275546290179e+02 0.000000000000000000e+00
2.000000000000000000e+02 7.742636826811269657e+02 0.000000000000000000e+00
2.000000000000000000e+02 7.924828983539169940e+02 0.000000000000000000e+00
2.000000000000000000e+02 8.111308307896872520e+02 0.000000000000000000e+00
2.000000000000000000e+02 8.302175681319744172e+02 0.000000000000000000e+00
2.000000000000000000e+02 8.497534359086438371e+02 0.000000000000000000e+00
2.000000000000000000e+02 8.697490026177833897e+02 0.000000000000000000e+00
2.000000000000000000e+02 8.902150854450383122e+02 0.000000000000000000e+00
2.000000000000000000e+02 9.111627561154896284e+02 0.000000000000000000e+00
2.000000000000000000e+02 9.326033468832199560e+02 0.000000000000000000e+00
2.000000000000000000e+02 9.545484566618337112e+02 0.000000000000000000e+00
2.000000000000000000e+02 9.770099572992256753e+02 0.000000000000000000e+00
2.000000000000000000e+02 1.000000000000000000e+03 0.000000000000000000e+00
2.000000000000000000e+02 1.000000000000000000e+03 0.000000000000000000e+00
2.000000000000000000e+02 1.097498765493055544e+03 0.000000000000000000e+00
2.000000000000000000e+02 1.204503540258781186e+03 0.000000000000000000e+00
2.000000000000000000e+02 1.321941148466028608e+03 0.000000000000000000e+00
2.000000000000000000e+02 1.450828778495938650e+03 0.000000000000000000e+00
2.000000000000000000e+02 1.592282793341090610e+03 0.000000000000000000e+00
2.000000000000000000e+02 1.747528400007682876e+03 0.000000000000000000e+00
2.000000000000000000e+02 1.917910261672486740e+03 0.000000000000000000e+00
2.000000000000000000e+02 2.104904144512019684e+03 0.000000000000000000e+00
2.000000000000000000e+02 2.310129700083158241e+03 0.000000000000000000e+00
2.000000000000000000e+02 2.535364493970108924e+03 0.000000000000000000e+00
2.000000000000000000e+02 2.782559402207123185e+03 0.000000000000000000e+00
2.000000000000000000e+02 3.053855508833412387e+03 0.000000000000000000e+00
2.000000000000000000e+02 3.351602650938840725e+03 0.000000000000000000e+00
2.000000000000000000e+02 3.678379771828630510e+03 0.000000000000000000e+00
2.000000000000000000e+02 4.037017258596553802e+03 0.000000000000000000e+00
2.000000000000000000e+02 4.430621457583877600e+03 0.000000000000000000e+00
2.000000000000000000e+02 4.862601580065348571e+03 0.000000000000000000e+00
2.000000000000000000e+02 5.336699231206307559e+03 0.000000000000000000e+00
2.000000000000000000e+02 5.857020818056661483e+03 0.000000000000000000e+00
2.000000000000000000e+02 6.428073117284318869e+03 0.000000000000000000e+00
2.000000000000000000e+02 7.054802310718638182e+03 0.000000000000000000e+00
2.000000000000000000e+02 7.742636826811270112e+03 0.000000000000000000e+00
2.000000000000000000e+02 8.497534359086437689e+03 0.000000000000000000e+00
2.000000000000000000e+02 9.326033468832189101e+03 0.000000000000000000e+00
2.000000000000000000e+02 1.023531021899026928e+04 0.000000000000000000e+00
2.000000000000000000e+02 1.123324032978026480e+04 0.000000000000000000e+00
2.000000000000000000e+02 1.232846739442065882e+04 0.000000000000000000e+00
2.000000000000000000e+02 1.353047774579807628e+04 0.000000000000000000e+00
2.000000000000000000e+02 1.484968262254463480e+04 0.000000000000000000e+00
2.000000000000000000e+02 1.629750834620643400e+04 0.000000000000000000e+00
2.000000000000000000e+02 1.788649529057435211e+04 0.000000000000000000e+00
2.000000000000000000e+02 1.963040650040268520e+04 0.000000000000000000e+00
2.000000000000000000e+02 2.154434690031882201e+04 0.000000000000000000e+00
2.000000000000000000e+02 2.364489412645407356e+04 0.000000000000000000e+00
2.000000000000000000e+02 2.595024211399731939e+04 0.000000000000000000e+00
2.000000000000000000e+02 2.848035868435799057e+04 0.000000000000000000e+00
2.000000000000000000e+02 3.125715849688235176e+04 0.000000000000000000e+00
2.000000000000000000e+02 3.430469286314912461e+04 0.000000000000000000e+00
2.000000000000000000e+02 3.764935806792470976e+04 0.000000000000000000e+00
2.000000000000000000e+02 4.132012400115334458e+04 0.000000000000000000e+00
2.000000000000000000e+02 4.534878508128582325e+04 0.000000000000000000e+00
2.000000000000000000e+02 4.977023564332113892e+04 0.000000000000000000e+00
2.000000000000000000e+02 5.462277217684336938e+04 0.000000000000000000e+00
2.000000000000000000e+02 5.994842503189409035e+04 0.000000000000000000e+00
2.000000000000000000e+02 6.579332246575682075e+04 0.000000000000000000e+00
2.000000000000000000e+02 7.220809018385456875e+04 0.000000000000000000e+00
2.000000000000000000e+02 7.924828983539169712e+04 0.000000000000000000e+00
2.000000000000000000e+02 8.697490026177834079e+04 0.000000000000000000e+00
2.000000000000000000e+02 9.545484566618327517e+04 0.000000000000000000e+00
2.000000000000000000e+02 1.047615752789664111e+05 0.000000000000000000e+00
2.000000000000000000e+02 1.149756995397735591e+05 0.000000000000000000e+00
2.000000000000000000e+02 1.261856883066018490e+05 0.000000000000000000e+00
2.000000000000000000e+02 1.384886371393871668e+05 0.000000000000000000e+00
2.000000000000000000e+02 1.519911082952933211e+05 0.000000000000000000e+00
2.000000000000000000e+02 1.668100537200059043e+05 0.000000000000000000e+00
2.000000000000000000e+02 1.830738280295369623e+05 0.000000000000000000e+00
2.000000000000000000e+02 2.009233002565045899e+05 0.000000000000000000e+00
2.000000000000000000e+02 2.205130739903045760e+05 0.000000000000000000e+00
2.000000000000000000e+02 2.420128264794383431e+05 0.000000000000000000e+00
2.000000000000000000e+02 2.656087782946684165e+05 0.000000000000000000e+00
2.000000000000000000e+02 2.915053062825175584e+05 0.000000000000000000e+00
2.000000000000000000e+02 3.199267137797384639e+05 0.000000000000000000e+00
2.000000000000000000e+02 3.511191734215127653e+05 0.000000000000000000e+00
2.000000000000000000e+02 3.853528593710527639e+05 0.000000000000000000e+00
2.000000000000000000e+02 4.229242874389499193e+05 0.000000000000000000e+00
2.000000000000000000e+02 4.641588833612772287e+05 0.000000000000000000e+00
2.000000000000000000e+02 5.094138014816375216e+05 0.000000000000000000e+00
2.000000000000000000e+02 5.590810182512222091e+05 0.000000000000000000e+00
2.000000000000000000e+02 6.135907273413175717e+05 0.000000000000000000e+00
2.000000000000000000e+02 6.734150657750827959e+05 0.000000000000000000e+00
2.000000000000000000e+02 7.390722033525775187e+05 0.000000000000000000e+00
2.000000000000000000e+02 8.111308307896872284e+05 0.000000000000000000e+00
2.000000000000000000e+02 8.902150854450393235e+05 0.000000000000000000e+00
2.000000000000000000e+02 9.770099572992246831e+05 0.000000000000000000e+00
2.000000000000000000e+02 1.072267222010323079e+06 0.000000000000000000e+00
2.000000000000000000e+02 1.176811952434999170e+06 0.000000000000000000e+00
2.000000000000000000e+02 1.291549665014882805e+06 0.000000000000000000e+00
2.000000000000000000e+02 1.417474162926804740e+06 0.000000000000000000e+00
2.000000000000000000e+02 1.555676143930472201e+06 0.000000000000000000e+00
2.000000000000000000e+02 1.707352647470688680e+06 0.000000000000000000e+00
2.000000000000000000e+02 1.873817422860383056e+06 0.000000000000000000e+00
2.000000000000000000e+02 2.056512308348651510e+06 0.000000000000000000e+00
2.000000000000000000e+02 2.257019719633921515e+06 0.000000000000000000e+00
2.000000000000000000e+02 2.477076355991709046e+06 0.000000000000000000e+00
2.000000000000000000e+02 2.718588242732940242e+06 0.000000000000000000e+00
2.000000000000000000e+02 2.983647240283340216e+06 0.000000000000000000e+00
2.000000000000000000e+02 3.274549162877731491e+06 0.000000000000000000e+00
2.000000000000000000e+02 3.593813663804625627e+06 0.000000000000000000e+00
2.000000000000000000e+02 3.944206059437655844e+06 0.000000000000000000e+00
2.000000000000000000e+02 4.328761281083061360e+06 0.000000000000000000e+00
2.000000000000000000e+02 4.750810162102793343e+06 0.000000000000000000e+00
2.000000000000000000e+02 5.214008287999684922e+06 0.000000000000000000e+00
2.000000000000000000e+02 5.722367659350220114e+06 0.000000000000000000e+00
2.000000000000000000e+02 6.280291441834246740e+06 0.000000000000000000e+00
2.000000000000000000e+02 6.892612104349695146e+06 0.000000000000000000e+00
2.000000000000000000e+02 7.564633275546290912e+06 0.000000000000000000e+00
2.000000000000000000e+02 8.302175681319751777e+06 0.000000000000000000e+00
2.000000000000000000e+02 9.111627561154887080e+06 0.000000000000000000e+00
2.000000000000000000e+02 1.000000000000000000e+07 0.000000000000000000e+00
3.000000000000000000e+02 1.000000000000000000e+02 1.244408111870331929e-01
3.000000000000000000e+02 1.023531021899025859e+02 1.167979310596963943e-01
3.000000000000000000e+02 1.047615752789664043e+02 1.093606239102123956e-01
3.000000000000000000e+02 1.072267222010323167e+02 1.021238433969288567e-01
3.000000000000000000e+02 1.097498765493055686e+02 9.508268275330108987e-02
3.000000000000000000e+02 1.123324032978026565e+02 8.823237723030084856e-02
3.000000000000000000e+02 1.149756995397735579e+02 8.156829991308549299e-02
3.000000000000000000e+02 1.176811952434997863e+02 7.508596426287340864e-02
3.000000000000000000e+02 1.204503540258782408e+02 6.878101983149456644e-02
3.000000000000000000e+02 1.232846739442065882e+02 6.264924205282468295e-02
3.000000000000000000e+02 1.261856883066019748e+02 5.668656225524264930e-02
3.000000000000000000e+02 1.291549665014883885e+02 5.088892113316438592e-02
3.000000000000000000e+02 1.321941148466028721e+02 4.525240510541847505e-02
3.000000000000000000e+02 1.353047774579807481e+02 3.977321640495732474e-02
3.000000000000000000e+02 1.384886371393873219e+02 3.444731343965332093e-02
3.000000000000000000e+02 1.417474162926804695e+02 2.927111838297644444e-02
3.000000000000000000e+02 1.450828778495940128e+02 2.424079397010289391e-02
3.000000000000000000e+02 1.484968262254465117e+02 1.935272572622688536e-02
3.000000000000000000e+02 1.519911082952933157e+02 1.460330383152631459e-02
3.000000000000000000e+02 1.555676143930472222e+02 9.988967901030173721e-03
3.000000000000000000e+02 1.592282793341092315e+02 5.506184059293847514e-03
3.000000000000000000e+02 1.629750834620643332e+02 1.151604351011173118e-03
3.000000000000000000e+02 1.668100537200059250e+02 0.000000000000000000e+00
3.000000000000000000e+02 1.707352647470690385e+02 0.000000000000000000e+00
3.000000000000000000e+02 1.747528400007682876e+02 0.000000000000000000e+00
3.000000000000000000e+02 1.788649529057435075e+02 0.000000000000000000e+00
3.000000000000000000e+02 1.830738280295367701e+02 0.000000000000000000e+00
3.000000000000000000e+02 1.873817422860383033e+02 0.000000000000000000e+00
3.000000000000000000e+02 1.917910261672488730e+02 0.000000000000000000e+00
3.000000000000000000e+02 1.963040650040270521e+02 0.000000000000000000e+00
3.000000000000000000e+02 2.009233002565045751e+02 0.000000000000000000e+00
3.000000000000000000e+02 2.056512308348651459e+02 0.000000000000000000e+00
3.000000000000000000e+02 2.104904144512019855e+02 0.000000000000000000e+00
3.000000000000000000e+02 2.154434690031882269e+02 0.000000000000000000e+00
3.000000000000000000e+02 2.205130739903045480e+02 0.000000000000000000e+00
3.000000000000000000e+02 2.257019719633919124e+02 0.000000000000000000e+00
3.000000000000000000e+02 2.310129700083157900e+02 0.000000000000000000e+00
3.000000000000000000e+02 2.364489412645407072e+02 0.000000000000000000e+00
3.000000000000000000e+02 2.420128264794381039e+02 0.000000000000000000e+00
3.000000000000000000e+02 2.477076355991711409e+02 0.000000000000000000e+00
3.000000000000000000e+02 2.535364493970111539e+02 0.000000000000000000e+00
3.000000000000000000e+02 2.595024211399737055e+02 0.000000000000000000e+00
3.000000000000000000e+02 2.656087782946686957e+02 0.000000000000000000e+00
3.000000000000000000e+02 2.718588242732940330e+02 0.000000000000000000e+00
3.000000000000000000e+02 2.782559402207126027e+02 0.000000000000000000e+00
3.000000000000000000e+02 2.848035868435802058e+02 0.000000000000000000e+00
3.000000000000000000e+02 2.915053062825175516e+02 0.000000000000000000e+00
3.000000000000000000e+02 2.983647240283340238e+02 0.000000000000000000e+00
3.000000000000000000e+02 3.053855508833415797e+02 0.000000000000000000e+00
3.000000000000000000e+02 3.125715849688235153e+02 0.000000000000000000e+00
3.000000000000000000e+02 3.199267137797384635e+02 0.000000000000000000e+00
3.000000000000000000e+02 3.274549162877728463e+02 0.000000000000000000e+00
3.000000000000000000e+02 3.351602650938841066e+02 0.000000000000000000e+00
3.000000000000000000e+02 3.430469286314919373e+02 0.000000000000000000e+00
3.000000000000000000e+02 3.511191734215130964e+02 0.000000000000000000e+00
3.000000000000000000e+02 3.593813663804625662e+02 0.000000000000000000e+00
3.000000000000000000e+02 3.678379771828634262e+02 0.000000000000000000e+00
3.000000000000000000e+02 3.764935806792467474e+02 0.000000000000000000e+00
3.000000000000000000e+02 3.853528593710527161e+02 0.000000000000000000e+00
3.000000000000000000e+02 3.944206059437656222e+02 0.000000000000000000e+00
3.000000000000000000e+02 4.037017258596553688e+02 0.000000000000000000e+00
3.000000000000000000e+02 4.132012400115334572e+02 0.000000000000000000e+00
3.000000000000000000e+02 4.229242874389498752e+02 0.000000000000000000e+00
3.000000000000000000e+02 4.328761281083056929e+02 0.000000000000000000e+00
3.000000000000000000e+02 4.430621457583877714e+02 0.000000000000000000e+00
3.000000000000000000e+02 4.534878508128581984e+02 0.000000000000000000e+00
3.000000000000000000e+02 4.641588833612777307e+02 0.000000000000000000e+00
3.000000000000000000e+02 4.750810162102798131e+02 0.000000000000000000e+00
3.000000000000000000e+02 4.862601580065353346e+02 0.000000000000000000e+00
3.000000000000000000e+02 4.977023564332108663e+02 0.000000000000000000e+00
3.000000000000000000e+02 5.094138014816380178e+02 0.000000000000000000e+00
3.000000000000000000e+02 5.214008287999683944e+02 0.000000000000000000e+00
3.000000000000000000e+02 5.336699231206307559e+02 0.000000000000000000e+00
3.000000000000000000e+02 5.462277217684342077e+02 0.000000000000000000e+00
3.000000000000000000e+02 5.590810182512223037e+02 0.000000000000000000e+00
3.000000000000000000e+02 5.722367659350220492e+02 0.000000000000000000e+00
3.000000000000000000e+02 5.857020818056666940e+02 0.000000000000000000e+00
3.000000000000000000e+02 5.994842503189408944e+02 0.000000000000000000e+00
3.000000000000000000e+02 6.135907273413175744e+02 0.000000000000000000e+00
3.000000000000000000e+02 6.280291441834252737e+02 0.000000000000000000e+00
3.000000000000000000e+02 6.428073117284319551e+02 0.000000000000000000e+00
3.000000000000000000e+02 6.579332246575681893e+02 0.000000000000000000e+00
3.000000000000000000e+02 6.734150657750820983e+02 0.000000000000000000e+00
3.000000000000000000e+02 6.892612104349694846e+02 0.000000000000000000e+00
3.000000000000000000e+02 7.054802310718645231e+02 0.000000000000000000e+00
3.000000000000000000e+02 7.220809018385464242e+02 0.000000000000000000e+00
3.000000000000000000e+02 7.390722033525775032e+02 0.000000000000000000e+00
3.000000000000000000e+02 7.564633275546290179e+02 0.000000000000000000e+00
3.000000000000000000e+02 7.742636826811269657e+02 0.000000000000000000e+00
3.000000000000000000e+02 7.924828983539169940e+02 0.000000000000000000e+00
3.000000000000000000e+02 8.111308307896872520e+02 0.000000000000000000e+00
3.000000000000000000e+02 8.302175681319744172e+02 0.000000000000000000e+00
3.000000000000000000e+02 8.497534359086438371e+02 0.000000000000000000e+00
3.000000000000000000e+02 8.697490026177833897e+02 0.000000000000000000e+00
3.000000000000000000e+02 8.902150854450383122e+02 0.000000000000000000e+00
3.000000000000000000e+02 9.111627561154896284e+02 0.000000000000000000e+00
3.000000000000000000e+02 9.326033468832199560e+02 0.000000000000000000e+00
3.000000000000000000e+02 9.545484566618337112e+02 0.000000000000000000e+00
3.000000000000000000e+02 9.770099572992256753e+02 0.000000000000000000e+00
3.000000000000000000e+02 1.000000000000000000e+03 0.000000000000000000e+00
3.000000000000000000e+02 1.000000000000000000e+03 0.000000000000000000e+00
3.000000000000000000e+02 1.097498765493055544e+03 0.000000000000000000e+00
3.000000000000000000e+02 1.204503540258781186e+03 0.000000000000000000e+00
3.000000000000000000e+02 1.321941148466028608e+03 0.000000000000000000e+00
3.000000000000000000e+02 1.450828778495938650e+03 0.000000000000000000e+00
3.000000000000000000e+02 1.592282793341090610e+03 0.000000000000000000e+00
3.000000000000000000e+02 1.747528400007682876e+03 0.000000000000000000e+00
3.000000000000000000e+02 1.917910261672486740e+03 0.000000000000000000e+00
3.000000000000000000e+02 2.104904144512019684e+03 0.000000000000000000e+00
3.000000000000000000e+02 2.310129700083158241e+03 0.000000000000000000e+00
3.000000000000000000e+02 2.535364493970108924e+03 0.000000000000000000e+00
3.000000000000000000e+02 2.782559402207123185e+03 0.000000000000000000e+00
3.000000000000000000e+02 3.053855508833412387e+03 0.000000000000000000e+00
3.000000000000000000e+02 3.351602650938840725e+03 0.000000000000000000e+00
3.000000000000000000e+02 3.678379771828630510e+03 0.000000000000000000e+00
3.000000000000000000e+02 4.037017258596553802e+03 0.000000000000000000e+00
3.000000000000000000e+02 4.430621457583877600e+03 0.000000000000000000e+00
3.000000000000000000e+02 4.862601580065348571e+03 0.000000000000000000e+00
3.000000000000000000e+02 5.336699231206307559e+03 0.000000000000000000e+00
3.000000000000000000e+02 5.857020818056661483e+03 0.000000000000000000e+00
3.000000000000000000e+02 6.428073117284318869e+03 0.000000000000000000e+00
3.000000000000000000e+02 7.054802310718638182e+03 0.000000000000000000e+00
3.000000000000000000e+02 7.742636826811270112e+03 0.000000000000000000e+00
3.000000000000000000e+02 8.497534359086437689e+03 0.000000000000000000e+00
3.000000000000000000e+02 9.326033468832189101e+03 0.000000000000000000e+00
3.000000000000000000e+02 1.023531021899026928e+04 0.000000000000000000e+00
3.000000000000000000e+02 1.123324032978026480e+04 0.000000000000000000e+00
3.000000000000000000e+02 1.232846739442065882e+04 0.000000000000000000e+00
3.000000000000000000e+02 1.353047774579807628e+04 0.000000000000000000e+00
3.000000000000000000e+02 1.484968262254463480e+04 0.000000000000000000e+00
3.000000000000000000e+02 1.629750834620643400e+04 0.000000000000000000e+00
3.000000000000000000e+02 1.788649529057435211e+04 0.000000000000000000e+00
3.000000000000000000e+02 1.963040650040268520e+04 0.000000000000000000e+00
3.000000000000000000e+02 2.154434690031882201e+04 0.000000000000000000e+00
3.000000000000000000e+02 2.364489412645407356e+04 0.000000000000000000e+00
3.000000000000000000e+02 2.595024211399731939e+04 0.000000000000000000e+00
3.000000000000000000e+02 2.848035868435799057e+04 0.000000000000000000e+00
3.000000000000000000e+02 3.125715849688235176e+04 0.000000000000000000e+00
3.000000000000000000e+02 3.430469286314912461e+04 0.000000000000000000e+00
3.000000000000000000e+02 3.764935806792470976e+04 0.000000000000000000e+00
3.000000000000000000e+02 4.132012400115334458e+04 0.000000000000000000e+00
3.000000000000000000e+02 4.534878508128582325e+04 0.000000000000000000e+00
3.000000000000000000e+02 4.977023564332113892e+04 0.000000000000000000e+00
3.000000000000000000e+02 5.462277217684336938e+04 0.000000000000000000e+00
3.000000000000000000e+02 5.994842503189409035e+04 0.000000000000000000e+00
3.000000000000000000e+02 6.579332246575682075e+04 0.000000000000000000e+00
3.000000000000000000e+02 7.220809018385456875e+04 0.000000000000000000e+00
3.000000000000000000e+02 7.924828983539169712e+04 0.000000000000000000e+00
3.000000000000000000e+02 8.697490026177834079e+04 0.000000000000000000e+00
3.000000000000000000e+02 9.545484566618327517e+04 0.000000000000000000e+00
3.000000000000000000e+02 1.047615752789664111e+05 0.000000000000000000e+00
3.000000000000000000e+02 1.149756995397735591e+05 0.000000000000000000e+00
3.000000000000000000e+02 1.261856883066018490e+05 0.000000000000000000e+00
3.000000000000000000e+02 1.384886371393871668e+05 0.000000000000000000e+00
3.000000000000000000e+02 1.519911082952933211e+05 0.000000000000000000e+00
3.000000000000000000e+02 1.668100537200059043e+05 0.000000000000000000e+00
3.000000000000000000e+02 1.830738280295369623e+05 0.000000000000000000e+00
3.000000000000000000e+02 2.009233002565045899e+05 0.000000000000000000e+00
3.000000000000000000e+02 2.205130739903045760e+05 0.000000000000000000e+00
3.000000000000000000e+02 2.420128264794383431e+05 0.000000000000000000e+00
3.000000000000000000e+02 2.656087782946684165e+05 0.000000000000000000e+00
3.000000000000000000e+02 2.915053062825175584e+05 0.000000000000000000e+00
3.000000000000000000e+02 3.199267137797384639e+05 0.000000000000000000e+00
3.000000000000000000e+02 3.511191734215127653e+05 0.000000000000000000e+00
3.000000000000000000e+02 3.853528593710527639e+05 0.000000000000000000e+00
3.000000000000000000e+02 4.229242874389499193e+05 0.000000000000000000e+00
3.000000000000000000e+02 4.641588833612772287e+05 0.000000000000000000e+00
3.000000000000000000e+02 5.094138014816375216e+05 0.000000000000000000e+00
3.000000000000000000e+02 5.590810182512222091e+05 0.000000000000000000e+00
3.000000000000000000e+02 6.135907273413175717e+05 0.000000000000000000e+00
3.000000000000000000e+02 6.734150657750827959e+05 0.000000000000000000e+00
3.000000000000000000e+02 7.390722033525775187e+05 0.000000000000000000e+00
3.000000000000000000e+02 8.111308307896872284e+05 0.000000000000000000e+00
3.000000000000000000e+02 8.902150854450393235e+05 0.000000000000000000e+00
3.000000000000000000e+02 9.770099572992246831e+05 0.000000000000000000e+00
3.000000000000000000e+02 1.072267222010323079e+06 0.000000000000000000e+00
3.000000000000000000e+02 1.176811952434999170e+06 0.000000000000000000e+00
3.000000000000000000e+02 1.291549665014882805e+06 0.000000000000000000e+00
3.000000000000000000e+02 1.417474162926804740e+06 0.000000000000000000e+00
3.000000000000000000e+02 1.555676143930472201e+06 0.000000000000000000e+00
3.000000000000000000e+02 1.707352647470688680e+06 0.000000000000000000e+00
3.000000000000000000e+02 1.873817422860383056e+06 0.000000000000000000e+00
3.000000000000000000e+02 2.056512308348651510e+06 0.000000000000000000e+00
3.000000000000000000e+02 2.257019719633921515e+06 0.000000000000000000e+00
3.000000000000000000e+02 2.477076355991709046e+06 0.000000000000000000e+00
3.000000000000000000e+02 2.718588242732940242e+06 0.000000000000000000e+00
3.000000000000000000e+02 2.983647240283340216e+06 0.000000000000000000e+00
3.000000000000000000e+02 3.274549162877731491e+06 0.000000000000000000e+00
3.000000000000000000e+02 3.593813663804625627e+06 0.000000000000000000e+00
3.000000000000000000e+02 3.944206059437655844e+06 0.000000000000000000e+00
3.000000000000000000e+02 4.328761281083061360e+06 0.000000000000000000e+00
3.000000000000000000e+02 4.750810162102793343e+06 0.000000000000000000e+00
3.000000000000000000e+02 5.214008287999684922e+06 0.000000000000000000e+00
3.000000000000000000e+02 5.722367659350220114e+06 0.000000000000000000e+00
3.000000000000000000e+02 6.280291441834246740e+06 0.000000000000000000e+00
3.000000000000000000e+02 6.892612104349695146e+06 0.000000000000000000e+00
3.000000000000000000e+02 7.564633275546290912e+06 0.000000000000000000e+00
3.000000000000000000e+02 8.302175681319751777e+06 0.000000000000000000e+00
3.000000000000000000e+02 9.111627561154887080e+06 0.000000000000000000e+00
3.000000000000000000e+02 1.000000000000000000e+07 0.000000000000000000e+00
5.000000000000000000e+02 1.000000000000000000e+02 9.306161034955345857e-02
5.000000000000000000e+02 1.023531021899025859e+02 8.759077133379697400e-02
5.000000000000000000e+02 1.047615752789664043e+02 8.224606152731919750e-02
5.000000000000000000e+02 1.072267222010323167e+02 7.702424547729812276e-02
5.000000000000000000e+02 1.097498765493055686e+02 7.192218838320743601e-02
5.000000000000000000e+02 1.123324032978026565e+02 6.693685608195863723e-02
5.000000000000000000e+02 1.149756995397735579e+02 6.206531208912149933e-02
5.000000000000000000e+02 1.176811952434997863e+02 5.730471966669232337e-02
5.000000000000000000e+02 1.204503540258782408e+02 5.265233966452519815e-02
5.000000000000000000e+02 1.232846739442065882e+02 4.810552625950830635e-02
5.000000000000000000e+02 1.261856883066019748e+02 4.366173631440928987e-02
5.000000000000000000e+02 1.291549665014883885e+02 3.931848785462854767e-02
5.000000000000000000e+02 1.321941148466028721e+02 3.507337450385426825e-02
5.000000000000000000e+02 1.353047774579807481e+02 3.092410736544144376e-02
5.000000000000000000e+02 1.384886371393873219e+02 2.686831686601225122e-02
5.000000000000000000e+02 1.417474162926804695e+02 2.290386590949926998e-02
5.000000000000000000e+02 1.450828778495940128e+02 1.902855854951565964e-02
5.000000000000000000e+02 1.484968262254465117e+02 1.524031418214551875e-02
5.000000000000000000e+02 1.519911082952933157e+02 1.153710749673054516e-02
5.000000000000000000e+02 1.555676143930472222e+02 7.916977961183927978e-03
5.000000000000000000e+02 1.592282793341092315e+02 4.378045188175245898e-03
5.000000000000000000e+02 1.629750834620643332e+02 9.186680449978010385e-04
5.000000000000000000e+02 1.668100537200059250e+02 0.000000000000000000e+00
5.000000000000000000e+02 1.707352647470690385e+02 0.000000000000000000e+00
5.000000000000000000e+02 1.747528400007682876e+02 0.000000000000000000e+00
5.000000000000000000e+02 1.788649529057435075e+02 0.000000000000000000e+00
5.000000000000000000e+02 1.830738280295367701e+02 0.000000000000000000e+00
5.000000000000000000e+02 1.873817422860383033e+02 0.000000000000000000e+00
5.000000000000000000e+02 1.917910261672488730e+02 0.000000000000000000e+00
5.000000000000000000e+02 1.963040650040270521e+02 0.000000000000000000e+00
5.000000000000000000e+02 2.009233002565045751e+02 0.000000000000000000e+00
5.000000000000000000e+02 2.056512308348651459e+02 0.000000000000000000e+00
5.000000000000000000e+02 2.104904144512019855e+02 0.000000000000000000e+00
5.000000000000000000e+02 2.154434690031882269e+02 0.000000000000000000e+00
5.000000000000000000e+02 2.205130739903045480e+02 0.000000000000000000e+00
5.000000000000000000e+02 2.257019719633919124e+02 0.000000000000000000e+00
5.000000000000000000e+02 2.310129700083157900e+02 0.000000000000000000e+00
5.000000000000000000e+02 2.364489412645407072e+02 0.000000000000000000e+00
5.000000000000000000e+02 2.420128264794381039e+02 0.000000000000000000e+00
5.000000000000000000e+02 2.477076355991711409e+02 0.000000000000000000e+00
5.000000000000000000e+02 2.535364493970111539e+02 0.000000000000000000e+00
5.000000000000000000e+02 2.595024211399737055e+02 0.000000000000000000e+00
5.000000000000000000e+02 2.656087782946686957e+02 0.000000000000000000e+00
5.000000000000000000e+02 2.718588242732940330e+02 0.000000000000000000e+00
5.000000000000000000e+02 2.782559402207126027e+02 0.000000000000000000e+00
5.000000000000000000e+02 2.848035868435802058e+02 0.000000000000000000e+00
5.000000000000000000e+02 2.915053062825175516e+02 0.000000000000000000e+00
5.000000000000000000e+02 2.983647240283340238e+02 0.000000000000000000e+00
5.000000000000000000e+02 3.053855508833415797e+02 0.000000000000000000e+00
5.000000000000000000e+02 3.125715849688235153e+02 0.000000000000000000e+00
5.000000000000000000e+02 3.199267137797384635e+02 0.000000000000000000e+00
5.000000000000000000e+02 3.274549162877728463e+02 0.000000000000000000e+00
5.000000000000000000e+02 3.351602650938841066e+02 0.000000000000000000e+00
5.000000000000000000e+02 3.430469286314919373e+02 0.000000000000000000e+00
5.000000000000000000e+02 3.511191734215130964e+02 0.000000000000000000e+00
5.000000000000000000e+02 3.593813663804625662e+02 0.000000000000000000e+00
5.000000000000000000e+02 3.678379771828634262e+02 0.000000000000000000e+00
5.000000000000000000e+02 3.764935806792467474e+02 0.000000000000000000e+00
5.000000000000000000e+02 3.853528593710527161e+02 0.000000000000000000e+00
5.000000000000000000e+02 3.944206059437656222e+02 0.000000000000000000e+00
5.000000000000000000e+02 4.037017258596553688e+02 0.000000000000000000e+00
5.000000000000000000e+02 4.132012400115334572e+02 0.000000000000000000e+00
5.000000000000000000e+02 4.229242874389498752e+02 0.000000000000000000e+00
5.000000000000000000e+02 4.328761281083056929e+02 0.000000000000000000e+00
5.000000000000000000e+02 4.430621457583877714e+02 0.000000000000000000e+00
5.000000000000000000e+02 4.534878508128581984e+02 0.000000000000000000e+00
5.000000000000000000e+02 4.641588833612777307e+02 0.000000000000000000e+00
5.000000000000000000e+02 4.750810162102798131e+02 0.000000000000000000e+00
5.000000000000000000e+02 4.862601580065353346e+02 0.000000000000000000e+00
5.000000000000000000e+02 4.977023564332108663e+02 0.000000000000000000e+00
5.000000000000000000e+02 5.094138014816380178e+02 0.000000000000000000e+00
5.000000000000000000e+02 5.214008287999683944e+02 0.000000000000000000e+00
5.000000000000000000e+02 5.336699231206307559e+02 0.000000000000000000e+00
5.000000000000000000e+02 5.462277217684342077e+02 0.000000000000000000e+00
5.000000000000000000e+02 5.590810182512223037e+02 0.000000000000000000e+00
5.000000000000000000e+02 5.722367659350220492e+02 0.000000000000000000e+00
5.000000000000000000e+02 5.857020818056666940e+02 0.000000000000000000e+00
5.000000000000000000e+02 5.994842503189408944e+02 0.000000000000000000e+00
5.000000000000000000e+02 6.135907273413175744e+02 0.000000000000000000e+00
5.000000000000000000e+02 6.280291441834252737e+02 0.000000000000000000e+00
5.000000000000000000e+02 6.428073117284319551e+02 0.000000000000000000e+00
5.000000000000000000e+02 6.579332246575681893e+02 0.000000000000000000e+00
5.000000000000000000e+02 6.734150657750820983e+02 0.000000000000000000e+00
5.000000000000000000e+02 6.892612104349694846e+02 0.000000000000000000e+00
5.000000000000000000e+02 7.054802310718645231e+02 0.000000000000000000e+00
5.000000000000000000e+02 7.220809018385464242e+02 0.000000000000000000e+00
5.000000000000000000e+02 7.390722033525775032e+02 0.000000000000000000e+00
5.000000000000000000e+02 7.564633275546290179e+02 0.000000000000000000e+00
5.000000000000000000e+02 7.742636826811269657e+02 0.000000000000000000e+00
5.000000000000000000e+02 7.924828983539169940e+02 0.000000000000000000e+00
5.000000000000000000e+02 8.111308307896872520e+02 0.000000000000000000e+00
5.000000000000000000e+02 8.302175681319744172e+02 0.000000000000000000e+00
5.000000000000000000e+02 8.497534359086438371e+02 0.000000000000000000e+00
5.000000000000000000e+02 8.697490026177833897e+02 0.000000000000000000e+00
5.000000000000000000e+02 8.902150854450383122e+02 0.000000000000000000e+00
5.000000000000000000e+02 9.111627561154896284e+02 0.000000000000000000e+00
5.000000000000000000e+02 9.326033468832199560e+02 0.000000000000000000e+00
5.000000000000000000e+02 9.545484566618337112e+02 0.000000000000000000e+00
5.000000000000000000e+02 9.770099572992256753e+02 0.000000000000000000e+00
5.000000000000000000e+02 1.000000000000000000e+03 0.000000000000000000e+00
5.000000000000000000e+02 1.000000000000000000e+03 0.000000000000000000e+00
5.000000000000000000e+02 1.097498765493055544e+03 0.000000000000000000e+00
5.000000000000000000e+02 1.204503540258781186e+03 0.000000000000000000e+00
5.000000000000000000e+02 1.321941148466028608e+03 0.000000000000000000e+00
5.000000000000000000e+02 1.450828778495938650e+03 0.000000000000000000e+00
5.000000000000000000e+02 1.592282793341090610e+03 0.000000000000000000e+00
5.000000000000000000e+02 1.747528400007682876e+03 0.000000000000000000e+00
5.000000000000000000e+02 1.917910261672486740e+03 0.000000000000000000e+00
5.000000000000000000e+02 2.104904144512019684e+03 0.000000000000000000e+00
5.000000000000000000e+02 2.310129700083158241e+03 0.000000000000000000e+00
5.000000000000000000e+02 2.535364493970108924e+03 0.000000000000000000e+00
5.000000000000000000e+02 2.782559402207123185e+03 0.000000000000000000e+00
5.000000000000000000e+02 3.053855508833412387e+03 0.000000000000000000e+00
5.000000000000000000e+02 3.351602650938840725e+03 0.000000000000000000e+00
5.000000000000000000e+02 3.678379771828630510e+03 0.000000000000000000e+00
5.000000000000000000e+02 4.037017258596553802e+03 0.000000000000000000e+00
5.000000000000000000e+02 4.430621457583877600e+03 0.000000000000000000e+00
5.000000000000000000e+02 4.862601580065348571e+03 0.000000000000000000e+00
5.000000000000000000e+02 5.336699231206307559e+03 0.000000000000000000e+00
5.000000000000000000e+02 5.857020818056661483e+03 0.000000000000000000e+00
5.000000000000000000e+02 6.428073117284318869e+03 0.000000000000000000e+00
5.000000000000000000e+02 7.054802310718638182e+03 0.000000000000000000e+00
5.000000000000000000e+02 7.742636826811270112e+03 0.000000000000000000e+00
5.000000000000000000e+02 8.497534359086437689e+03 0.000000000000000000e+00
5.000000000000000000e+02 9.326033468832189101e+03 0.000000000000000000e+00
5.000000000000000000e+02 1.023531021899026928e+04 0.000000000000000000e+00
5.000000000000000000e+02 1.123324032978026480e+04 0.000000000000000000e+00
5.000000000000000000e+02 1.232846739442065882e+04 0.000000000000000000e+00
5.000000000000000000e+02 1.353047774579807628e+04 0.000000000000000000e+00
5.000000000000000000e+02 1.484968262254463480e+04 0.000000000000000000e+00
5.000000000000000000e+02 1.629750834620643400e+04 0.000000000000000000e+00
5.000000000000000000e+02 1.788649529057435211e+04 0.000000000000000000e+00
5.000000000000000000e+02 1.963040650040268520e+04 0.000000000000000000e+00
5.000000000000000000e+02 2.154434690031882201e+04 0.000000000000000000e+00
5.000000000000000000e+02 2.364489412645407356e+04 0.000000000000000000e+00
5.000000000000000000e+02 2.595024211399731939e+04 0.000000000000000000e+00
5.000000000000000000e+02 2.848035868435799057e+04 0.000000000000000000e+00
5.000000000000000000e+02 3.125715849688235176e+04 0.000000000000000000e+00
5.000000000000000000e+02 3.430469286314912461e+04 0.000000000000000000e+00
5.000000000000000000e+02 3.764935806792470976e+04 0.000000000000000000e+00
5.000000000000000000e+02 4.132012400115334458e+04 0.000000000000000000e+00
5.000000000000000000e+02 4.534878508128582325e+04 0.000000000000000000e+00
5.000000000000000000e+02 4.977023564332113892e+04 0.000000000000000000e+00
5.000000000000000000e+02 5.462277217684336938e+04 0.000000000000000000e+00
5.000000000000000000e+02 5.994842503189409035e+04 0.000000000000000000e+00
5.000000000000000000e+02 6.579332246575682075e+04 0.000000000000000000e+00
5.000000000000000000e+02 7.220809018385456875e+04 0.000000000000000000e+00
5.000000000000000000e+02 7.924828983539169712e+04 0.000000000000000000e+00
5.000000000000000000e+02 8.697490026177834079e+04 0.000000000000000000e+00
5.000000000000000000e+02 9.545484566618327517e+04 0.000000000000000000e+00
5.000000000000000000e+02 1.047615752789664111e+05 0.000000000000000000e+00
5.000000000000000000e+02 1.149756995397735591e+05 0.000000000000000000e+00
5.000000000000000000e+02 1.261856883066018490e+05 0.000000000000000000e+00
5.000000000000000000e+02 1.384886371393871668e+05 0.000000000000000000e+00
5.000000000000000000e+02 1.519911082952933211e+05 0.000000000000000000e+00
5.000000000000000000e+02 1.668100537200059043e+05 0.000000000000000000e+00
5.000000000000000000e+02 1.830738280295369623e+05 0.000000000000000000e+00
5.000000000000000000e+02 2.009233002565045899e+05 0.000000000000000000e+00
5.000000000000000000e+02 2.205130739903045760e+05 0.000000000000000000e+00
5.000000000000000000e+02 2.420128264794383431e+05 0.000000000000000000e+00
5.000000000000000000e+02 2.656087782946684165e+05 0.000000000000000000e+00
5.000000000000000000e+02 2.915053062825175584e+05 0.000000000000000000e+00
5.000000000000000000e+02 3.199267137797384639e+05 0.000000000000000000e+00
5.000000000000000000e+02 3.511191734215127653e+05 0.000000000000000000e+00
5.000000000000000000e+02 3.853528593710527639e+05 0.000000000000000000e+00
5.000000000000000000e+02 4.229242874389499193e+05 0.000000000000000000e+00
5.000000000000000000e+02 4.641588833612772287e+05 0.000000000000000000e+00
5.000000000000000000e+02 5.094138014816375216e+05 0.000000000000000000e+00
5.000000000000000000e+02 5.590810182512222091e+05 0.000000000000000000e+00
5.000000000000000000e+02 6.135907273413175717e+05 0.000000000000000000e+00
5.000000000000000000e+02 6.734150657750827959e+05 0.000000000000000000e+00
5.000000000000000000e+02 7.390722033525775187e+05 0.000000000000000000e+00
5.000000000000000000e+02 8.111308307896872284e+05 0.000000000000000000e+00
5.000000000000000000e+02 8.902150854450393235e+05 0.000000000000000000e+00
5.000000000000000000e+02 9.770099572992246831e+05 0.000000000000000000e+00
5.000000000000000000e+02 1.072267222010323079e+06 0.000000000000000000e+00
5.000000000000000000e+02 1.176811952434999170e+06 0.000000000000000000e+00
5.000000000000000000e+02 1.291549665014882805e+06 0.000000000000000000e+00
5.000000000000000000e+02 1.417474162926804740e+06 0.000000000000000000e+00
5.000000000000000000e+02 1.555676143930472201e+06 0.000000000000000000e+00
5.000000000000000000e+02 1.707352647470688680e+06 0.000000000000000000e+00
5.000000000000000000e+02 1.873817422860383056e+06 0.000000000000000000e+00
5.000000000000000000e+02 2.056512308348651510e+06 0.000000000000000000e+00
5.000000000000000000e+02 2.257019719633921515e+06 0.000000000000000000e+00
5.000000000000000000e+02 2.477076355991709046e+06 0.000000000000000000e+00
5.000000000000000000e+02 2.718588242732940242e+06 0.000000000000000000e+00
5.000000000000000000e+02 2.983647240283340216e+06 0.000000000000000000e+00
5.000000000000000000e+02 3.274549162877731491e+06 0.000000000000000000e+00
5.000000000000000000e+02 3.593813663804625627e+06 0.000000000000000000e+00
5.000000000000000000e+02 3.944206059437655844e+06 0.000000000000000000e+00
5.000000000000000000e+02 4.328761281083061360e+06 0.000000000000000000e+00
5.000000000000000000e+02 4.750810162102793343e+06 0.000000000000000000e+00
5.000000000000000000e+02 5.214008287999684922e+06 0.000000000000000000e+00
5.000000000000000000e+02 5.722367659350220114e+06 0.000000000000000000e+00
5.000000000000000000e+02 6.280291441834246740e+06 0.000000000000000000e+00
5.000000000000000000e+02 6.892612104349695146e+06 0.000000000000000000e+00
5.000000000000000000e+02 7.564633275546290912e+06 0.000000000000000000e+00
5.000000000000000000e+02 8.302175681319751777e+06 0.000000000000000000e+00
5.000000000000000000e+02 9.111627561154887080e+06 0.000000000000000000e+00
5.000000000000000000e+02 1.000000000000000000e+07 0.000000000000000000e+00
7.000000000000000000e+02 1.000000000000000000e+02 7.460454915000254428e-02
7.000000000000000000e+02 1.023531021899025859e+02 7.031631905124972881e-02
7.000000000000000000e+02 1.047615752789664043e+02 6.611906566499742288e-02
7.000000000000000000e+02 1.072267222010323167e+02 6.201028677143142348e-02
7.000000000000000000e+02 1.097498765493055686e+02 5.798755780982054603e-02
7.000000000000000000e+02 1.123324032978026565e+02 5.404853054128568729e-02
7.000000000000000000e+02 1.149756995397735579e+02 5.019093218781831012e-02
7.000000000000000000e+02 1.176811952434997863e+02 4.641256474017883132e-02
7.000000000000000000e+02 1.204503540258782408e+02 4.271130406000808732e-02
7.000000000000000000e+02 1.232846739442065882e+02 3.908509726478378438e-02
7.000000000000000000e+02 1.261856883066019748e+02 3.553196677081465332e-02
7.000000000000000000e+02 1.291549665014883885e+02 3.204999238379734050e-02
7.000000000000000000e+02 1.321941148466028721e+02 2.863731114296610980e-02
7.000000000000000000e+02 1.353047774579807481e+02 2.529214745736079600e-02
7.000000000000000000e+02 1.384886371393873219e+02 2.201270487489591018e-02
7.000000000000000000e+02 1.417474162926804695e+02 1.879732747023668549e-02
7.000000000000000000e+02 1.450828778495940128e+02 1.564435391178981699e-02
7.000000000000000000e+02 1.484968262254465117e+02 1.255220253556980740e-02
7.000000000000000000e+02 1.519911082952933157e+02 9.519344157607405321e-03
7.000000000000000000e+02 1.555676143930472222e+02 6.544308285948826666e-03
7.000000000000000000e+02 1.592282793341092315e+02 3.625695690649264735e-03
7.000000000000000000e+02 1.629750834620643332e+02 7.622868444730219323e-04
7.000000000000000000e+02 1.668100537200059250e+02 0.000000000000000000e+00
7.000000000000000000e+02 1.707352647470690385e+02 0.000000000000000000e+00
7.000000000000000000e+02 1.747528400007682876e+02 0.000000000000000000e+00
7.000000000000000000e+02 1.788649529057435075e+02 0.000000000000000000e+00
7.000000000000000000e+02 1.830738280295367701e+02 0.000000000000000000e+00
7.000000000000000000e+02 1.873817422860383033e+02 0.000000000000000000e+00
7.000000000000000000e+02 1.917910261672488730e+02 0.000000000000000000e+00
7.000000000000000000e+02 1.963040650040270521e+02 0.000000000000000000e+00
7.000000000000000000e+02 2.009233002565045751e+02 0.000000000000000000e+00
7.000000000000000000e+02 2.056512308348651459e+02 0.000000000000000000e+00
7.000000000000000000e+02 2.104904144512019855e+02 0.000000000000000000e+00
7.000000000000000000e+02 2.154434690031882269e+02 0.000000000000000000e+00
7.000000000000000000e+02 2.205130739903045480e+02 0.000000000000000000e+00
7.000000000000000000e+02 2.257019719633919124e+02 0.000000000000000000e+00
7.000000000000000000e+02 2.310129700083157900e+02 0.000000000000000000e+00
7.000000000000000000e+02 2.364489412645407072e+02 0.000000000000000000e+00
7.000000000000000000e+02 2.420128264794381039e+02 0.000000000000000000e+00
7.000000000000000000e+02 2.477076355991711409e+02 0.000000000000000000e+00
7.000000000000000000e+02 2.535364493970111539e+02 0.000000000000000000e+00
7.000000000000000000e+02 2.595024211399737055e+02 0.000000000000000000e+00
7.000000000000000000e+02 2.656087782946686957e+02 0.000000000000000000e+00
7.000000000000000000e+02 2.718588242732940330e+02 0.000000000000000000e+00
7.000000000000000000e+02 2.782559402207126027e+02 0.000000000000000000e+00
7.000000000000000000e+02 2.848035868435802058e+02 0.000000000000000000e+00
7.000000000000000000e+02 2.915053062825175516e+02 0.000000000000000000e+00
7.000000000000000000e+02 2.983647240283340238e+02 0.000000000000000000e+00
7.000000000000000000e+02 3.053855508833415797e+02 0.000000000000000000e+00
7.000000000000000000e+02 3.125715849688235153e+02 0.000000000000000000e+00
7.000000000000000000e+02 3.199267137797384635e+02 0.000000000000000000e+00
7.000000000000000000e+02 3.274549162877728463e+02 0.000000000000000000e+00
7.000000000000000000e+02 3.351602650938841066e+02 0.000000000000000000e+00
7.000000000000000000e+02 3.430469286314919373e+02 0.000000000000000000e+00
7.000000000000000000e+02 3.511191734215130964e+02 0.000000000000000000e+00
7.000000000000000000e+02 3.593813663804625662e+02 0.000000000000000000e+00
7.000000000000000000e+02 3.678379771828634262e+02 0.000000000000000000e+00
7.000000000000000000e+02 3.764935806792467474e+02 0.000000000000000000e+00
7.000000000000000000e+02 3.853528593710527161e+02 0.000000000000000000e+00
7.000000000000000000e+02 3.944206059437656222e+02 0.000000000000000000e+00
7.000000000000000000e+02 4.037017258596553688e+02 0.000000000000000000e+00
7.000000000000000000e+02 4.132012400115334572e+02 0.000000000000000000e+00
7.000000000000000000e+02 4.229242874389498752e+02 0.000000000000000000e+00
7.000000000000000000e+02 4.328761281083056929e+02 0.000000000000000000e+00
7.000000000000000000e+02 4.430621457583877714e+02 0.000000000000000000e+00
7.000000000000000000e+02 4.534878508128581984e+02 0.000000000000000000e+00
7.000000000000000000e+02 4.641588833612777307e+02 0.000000000000000000e+00
7.000000000000000000e+02 4.750810162102798131e+02 0.000000000000000000e+00
7.000000000000000000e+02 4.862601580065353346e+02 0.000000000000000000e+00
7.000000000000000000e+02 4.977023564332108663e+02 0.000000000000000000e+00
7.000000000000000000e+02 5.094138014816380178e+02 0.000000000000000000e+00
7.000000000000000000e+02 5.214008287999683944e+02 0.000000000000000000e+00
7.000000000000000000e+02 5.336699231206307559e+02 0.000000000000000000e+00
7.000000000000000000e+02 5.462277217684342077e+02 0.000000000000000000e+00
7.000000000000000000e+02 5.590810182512223037e+02 0.000000000000000000e+00
7.000000000000000000e+02 5.722367659350220492e+02 0.000000000000000000e+00
7.000000000000000000e+02 5.857020818056666940e+02 0.000000000000000000e+00
7.000000000000000000e+02 5.994842503189408944e+02 0.000000000000000000e+00
7.000000000000000000e+02 6.135907273413175744e+02 0.000000000000000000e+00
7.000000000000000000e+02 6.280291441834252737e+02 0.000000000000000000e+00
7.000000000000000000e+02 6.428073117284319551e+02 0.000000000000000000e+00
7.000000000000000000e+02 6.579332246575681893e+02 0.000000000000000000e+00
7.000000000000000000e+02 6.734150657750820983e+02 0.000000000000000000e+00
7.000000000000000000e+02 6.892612104349694846e+02 0.000000000000000000e+00
7.000000000000000000e+02 7.054802310718645231e+02 0.000000000000000000e+00
7.000000000000000000e+02 7.220809018385464242e+02 0.000000000000000000e+00
7.000000000000000000e+02 7.390722033525775032e+02 0.000000000000000000e+00
7.000000000000000000e+02 7.564633275546290179e+02 0.000000000000000000e+00
7.000000000000000000e+02 7.742636826811269657e+02 0.000000000000000000e+00
7.000000000000000000e+02 7.924828983539169940e+02 0.000000000000000000e+00
7.000000000000000000e+02 8.111308307896872520e+02 0.000000000000000000e+00
7.000000000000000000e+02 8.302175681319744172e+02 0.000000000000000000e+00
7.000000000000000000e+02 8.497534359086438371e+02 0.000000000000000000e+00
7.000000000000000000e+02 8.697490026177833897e+02 0.000000000000000000e+00
7.000000000000000000e+02 8.902150854450383122e+02 0.000000000000000000e+00
7.000000000000000000e+02 9.111627561154896284e+02 0.000000000000000000e+00
7.000000000000000000e+02 9.326033468832199560e+02 0.000000000000000000e+00
7.000000000000000000e+02 9.545484566618337112e+02 0.000000000000000000e+00
7.000000000000000000e+02 9.770099572992256753e+02 0.000000000000000000e+00
7.000000000000000000e+02 1.000000000000000000e+03 0.000000000000000000e+00
7.000000000000000000e+02 1.000000000000000000e+03 0.000000000000000000e+00
7.000000000000000000e+02 1.097498765493055544e+03 0.000000000000000000e+00
7.000000000000000000e+02 1.204503540258781186e+03 0.000000000000000000e+00
7.000000000000000000e+02 1.321941148466028608e+03 0.000000000000000000e+00
7.000000000000000000e+02 1.450828778495938650e+03 0.000000000000000000e+00
7.000000000000000000e+02 1.592282793341090610e+03 0.000000000000000000e+00
7.000000000000000000e+02 1.747528400007682876e+03 0.000000000000000000e+00
7.000000000000000000e+02 1.917910261672486740e+03 0.000000000000000000e+00
7.000000000000000000e+02 2.104904144512019684e+03 0.000000000000000000e+00
7.000000000000000000e+02 2.310129700083158241e+03 0.000000000000000000e+00
7.000000000000000000e+02 2.535364493970108924e+03 0.000000000000000000e+00
7.000000000000000000e+02 2.782559402207123185e+03 0.000000000000000000e+00
7.000000000000000000e+02 3.053855508833412387e+03 0.000000000000000000e+00
7.000000000000000000e+02 3.351602650938840725e+03 0.000000000000000000e+00
7.000000000000000000e+02 3.678379771828630510e+03 0.000000000000000000e+00
7.000000000000000000e+02 4.037017258596553802e+03 0.000000000000000000e+00
7.000000000000000000e+02 4.430621457583877600e+03 0.000000000000000000e+00
7.000000000000000000e+02 4.862601580065348571e+03 0.000000000000000000e+00
7.000000000000000000e+02 5.336699231206307559e+03 0.000000000000000000e+00
7.000000000000000000e+02 5.857020818056661483e+03 0.000000000000000000e+00
7.000000000000000000e+02 6.428073117284318869e+03 0.000000000000000000e+00
7.000000000000000000e+02 7.054802310718638182e+03 0.000000000000000000e+00
7.000000000000000000e+02 7.742636826811270112e+03 0.000000000000000000e+00
7.000000000000000000e+02 8.497534359086437689e+03 0.000000000000000000e+00
7.000000000000000000e+02 9.326033468832189101e+03 0.000000000000000000e+00
7.000000000000000000e+02 1.023531021899026928e+04 0.000000000000000000e+00
7.000000000000000000e+02 1.123324032978026480e+04 0.000000000000000000e+00
7.000000000000000000e+02 1.232846739442065882e+04 0.000000000000000000e+00
7.000000000000000000e+02 1.353047774579807628e+04 0.000000000000000000e+00
7.000000000000000000e+02 1.484968262254463480e+04 0.000000000000000000e+00
7.000000000000000000e+02 1.629750834620643400e+04 0.000000000000000000e+00
7.000000000000000000e+02 1.788649529057435211e+04 0.000000000000000000e+00
7.000000000000000000e+02 1.963040650040268520e+04 0.000000000000000000e+00
7.000000000000000000e+02 2.154434690031882201e+04 0.000000000000000000e+00
7.000000000000000000e+02 2.364489412645407356e+04 0.000000000000000000e+00
7.000000000000000000e+02 2.595024211399731939e+04 0.000000000000000000e+00
7.000000000000000000e+02 2.848035868435799057e+04 0.000000000000000000e+00
7.000000000000000000e+02 3.125715849688235176e+04 0.000000000000000000e+00
7.000000000000000000e+02 3.430469286314912461e+04 0.000000000000000000e+00
7.000000000000000000e+02 3.764935806792470976e+04 0.000000000000000000e+00
7.000000000000000000e+02 4.132012400115334458e+04 0.000000000000000000e+00
7.000000000000000000e+02 4.534878508128582325e+04 0.000000000000000000e+00
7.000000000000000000e+02 4.977023564332113892e+04 0.000000000000000000e+00
7.000000000000000000e+02 5.462277217684336938e+04 0.000000000000000000e+00
7.000000000000000000e+02 5.994842503189409035e+04 0.000000000000000000e+00
7.000000000000000000e+02 6.579332246575682075e+04 0.000000000000000000e+00
7.000000000000000000e+02 7.220809018385456875e+04 0.000000000000000000e+00
7.000000000000000000e+02 7.924828983539169712e+04 0.000000000000000000e+00
7.000000000000000000e+02 8.697490026177834079e+04 0.000000000000000000e+00
7.000000000000000000e+02 9.545484566618327517e+04 0.000000000000000000e+00
7.000000000000000000e+02 1.047615752789664111e+05 0.000000000000000000e+00
7.000000000000000000e+02 1.149756995397735591e+05 0.000000000000000000e+00
7.000000000000000000e+02 1.261856883066018490e+05 0.000000000000000000e+00
7.000000000000000000e+02 1.384886371393871668e+05 0.000000000000000000e+00
7.000000000000000000e+02 1.519911082952933211e+05 0.000000000000000000e+00
7.000000000000000000e+02 1.668100537200059043e+05 0.000000000000000000e+00
7.000000000000000000e+02 1.830738280295369623e+05 0.000000000000000000e+00
7.000000000000000000e+02 2.009233002565045899e+05 0.000000000000000000e+00
7.000000000000000000e+02 2.205130739903045760e+05 0.000000000000000000e+00
7.000000000000000000e+02 2.420128264794383431e+05 0.000000000000000000e+00
7.000000000000000000e+02 2.656087782946684165e+05 0.000000000000000000e+00
7.000000000000000000e+02 2.915053062825175584e+05 0.000000000000000000e+00
7.000000000000000000e+02 3.199267137797384639e+05 0.000000000000000000e+00
7.000000000000000000e+02 3.511191734215127653e+05 0.000000000000000000e+00
7.000000000000000000e+02 3.853528593710527639e+05 0.000000000000000000e+00
7.000000000000000000e+02 4.229242874389499193e+05 0.000000000000000000e+00
7.000000000000000000e+02 4.641588833612772287e+05 0.000000000000000000e+00
7.000000000000000000e+02 5.094138014816375216e+05 0.000000000000000000e+00
7.000000000000000000e+02 5.590810182512222091e+05 0.000000000000000000e+00
7.000000000000000000e+02 6.135907273413175717e+05 0.000000000000000000e+00
7.000000000000000000e+02 6.734150657750827959e+05 0.000000000000000000e+00
7.000000000000000000e+02 7.390722033525775187e+05 0.000000000000000000e+00
7.000000000000000000e+02 8.111308307896872284e+05 0.000000000000000000e+00
7.000000000000000000e+02 8.902150854450393235e+05 0.000000000000000000e+00
7.000000000000000000e+02 9.770099572992246831e+05 0.000000000000000000e+00
7.000000000000000000e+02 1.072267222010323079e+06 0.000000000000000000e+00
7.000000000000000000e+02 1.176811952434999170e+06 0.000000000000000000e+00
7.000000000000000000e+02 1.291549665014882805e+06 0.000000000000000000e+00
7.000000000000000000e+02 1.417474162926804740e+06 0.000000000000000000e+00
7.000000000000000000e+02 1.555676143930472201e+06 0.000000000000000000e+00
7.000000000000000000e+02 1.707352647470688680e+06 0.000000000000000000e+00
7.000000000000000000e+02 1.873817422860383056e+06 0.000000000000000000e+00
7.000000000000000000e+02 2.056512308348651510e+06 0.000000000000000000e+00
7.000000000000000000e+02 2.257019719633921515e+06 0.000000000000000000e+00
7.000000000000000000e+02 2.477076355991709046e+06 0.000000000000000000e+00
7.000000000000000000e+02 2.718588242732940242e+06 0.000000000000000000e+00
7.000000000000000000e+02 2.983647240283340216e+06 0.000000000000000000e+00
7.000000000000000000e+02 3.274549162877731491e+06 0.000000000000000000e+00
7.000000000000000000e+02 3.593813663804625627e+06 0.000000000000000000e+00
7.000000000000000000e+02 3.944206059437655844e+06 0.000000000000000000e+00
7.000000000000000000e+02 4.328761281083061360e+06 0.000000000000000000e+00
7.000000000000000000e+02 4.750810162102793343e+06 0.000000000000000000e+00
7.000000000000000000e+02 5.214008287999684922e+06 0.000000000000000000e+00
7.000000000000000000e+02 5.722367659350220114e+06 0.000000000000000000e+00
7.000000000000000000e+02 6.280291441834246740e+06 0.000000000000000000e+00
7.000000000000000000e+02 6.892612104349695146e+06 0.000000000000000000e+00
7.000000000000000000e+02 7.564633275546290912e+06 0.000000000000000000e+00
7.000000000000000000e+02 8.302175681319751777e+06 0.000000000000000000e+00
7.000000000000000000e+02 9.111627561154887080e+06 0.000000000000000000e+00
7.000000000000000000e+02 1.000000000000000000e+07 0.000000000000000000e+00
1.000000000000000000e+03 1.000000000000000000e+02 5.791189901394695749e-02
1.000000000000000000e+03 1.023531021899025859e+02 5.464290736952295141e-02
1.000000000000000000e+03 1.047615752789664043e+02 5.143873360999144662e-02
1.000000000000000000e+03 1.072267222010323167e+02 4.829742410528319041e-02
1.000000000000000000e+03 1.097498765493055686e+02 4.521708485971100838e-02
1.000000000000000000e+03 1.123324032978026565e+02 4.219588060560445358e-02
1.000000000000000000e+03 1.149756995397735579e+02 3.923203343467659282e-02
1.000000000000000000e+03 1.176811952434997863e+02 3.632382228817729319e-02
1.000000000000000000e+03 1.204503540258782408e+02 3.346958200883591583e-02
1.000000000000000000e+03 1.232846739442065882e+02 3.066770148020121073e-02
1.000000000000000000e+03 1.261856883066019748e+02 2.791662478434489905e-02
1.000000000000000000e+03 1.291549665014883885e+02 2.521484374531703446e-02
1.000000000000000000e+03 1.321941148466028721e+02 2.256089477702216683e-02
1.000000000000000000e+03 1.353047774579807481e+02 1.995337537298495778e-02
1.000000000000000000e+03 1.384886371393873219e+02 1.739089133039397467e-02
1.000000000000000000e+03 1.417474162926804695e+02 1.487213134534469926e-02
1.000000000000000000e+03 1.450828778495940128e+02 1.239580026824486057e-02
1.000000000000000000e+03 1.484968262254465117e+02 9.960656700295975746e-03
1.000000000000000000e+03 1.519911082952933157e+02 7.565501643783382156e-03
1.000000000000000000e+03 1.555676143930472222e+02 5.209181335575325568e-03
1.000000000000000000e+03 1.592282793341092315e+02 2.890595404122733251e-03
1.000000000000000000e+03 1.629750834620643332e+02 6.087591548090526793e-04
1.000000000000000000e+03 1.668100537200059250e+02 0.000000000000000000e+00
1.000000000000000000e+03 1.707352647470690385e+02 0.000000000000000000e+00
1.000000000000000000e+03 1.747528400007682876e+02 0.000000000000000000e+00
1.000000000000000000e+03 1.788649529057435075e+02 0.000000000000000000e+00
1.000000000000000000e+03 1.830738280295367701e+02 0.000000000000000000e+00
1.000000000000000000e+03 1.873817422860383033e+02 0.000000000000000000e+00
1.000000000000000000e+03 1.917910261672488730e+02 0.000000000000000000e+00
1.000000000000000000e+03 1.963040650040270521e+02 0.000000000000000000e+00
1.000000000000000000e+03 2.009233002565045751e+02 0.000000000000000000e+00
1.000000000000000000e+03 2.056512308348651459e+02 0.000000000000000000e+00
1.000000000000000000e+03 2.104904144512019855e+02 0.000000000000000000e+00
1.000000000000000000e+03 2.154434690031882269e+02 0.000000000000000000e+00
1.000000000000000000e+03 2.205130739903045480e+02 0.000000000000000000e+00
1.000000000000000000e+03 2.257019719633919124e+02 0.000000000000000000e+00
1.000000000000000000e+03 2.310129700083157900e+02 0.000000000000000000e+00
1.000000000000000000e+03 2.364489412645407072e+02 0.000000000000000000e+00
1.000000000000000000e+03 2.420128264794381039e+02 0.000000000000000000e+00
1.000000000000000000e+03 2.477076355991711409e+02 0.000000000000000000e+00
1.000000000000000000e+03 2.535364493970111539e+02 0.000000000000000000e+00
1.000000000000000000e+03 2.595024211399737055e+02 0.000000000000000000e+00
1.000000000000000000e+03 2.656087782946686957e+02 0.000000000000000000e+00
1.000000000000000000e+03 2.718588242732940330e+02 0.000000000000000000e+00
1.000000000000000000e+03 2.782559402207126027e+02 0.000000000000000000e+00
1.000000000000000000e+03 2.848035868435802058e+02 0.000000000000000000e+00
1.000000000000000000e+03 2.915053062825175516e+02 0.000000000000000000e+00
1.000000000000000000e+03 2.983647240283340238e+02 0.000000000000000000e+00
1.000000000000000000e+03 3.053855508833415797e+02 0.000000000000000000e+00
1.000000000000000000e+03 3.125715849688235153e+02 0.000000000000000000e+00
1.000000000000000000e+03 3.199267137797384635e+02 0.000000000000000000e+00
1.000000000000000000e+03 3.274549162877728463e+02 0.000000000000000000e+00
1.000000000000000000e+03 3.351602650938841066e+02 0.000000000000000000e+00
1.000000000000000000e+03 3.430469286314919373e+02 0.000000000000000000e+00
1.000000000000000000e+03 3.511191734215130964e+02 0.000000000000000000e+00
1.000000000000000000e+03 3.593813663804625662e+02 0.000000000000000000e+00
1.000000000000000000e+03 3.678379771828634262e+02 0.000000000000000000e+00
1.000000000000000000e+03 3.764935806792467474e+02 0.000000000000000000e+00
1.000000000000000000e+03 3.853528593710527161e+02 0.000000000000000000e+00
1.000000000000000000e+03 3.944206059437656222e+02 0.000000000000000000e+00
1.000000000000000000e+03 4.037017258596553688e+02 0.000000000000000000e+00
1.000000000000000000e+03 4.132012400115334572e+02 0.000000000000000000e+00
1.000000000000000000e+03 4.229242874389498752e+02 0.000000000000000000e+00
1.000000000000000000e+03 4.328761281083056929e+02 0.000000000000000000e+00
1.000000000000000000e+03 4.430621457583877714e+02 0.000000000000000000e+00
1.000000000000000000e+03 4.534878508128581984e+02 0.000000000000000000e+00
1.000000000000000000e+03 4.641588833612777307e+02 0.000000000000000000e+00
1.000000000000000000e+03 4.750810162102798131e+02 0.000000000000000000e+00
1.000000000000000000e+03 4.862601580065353346e+02 0.000000000000000000e+00
1.000000000000000000e+03 4.977023564332108663e+02 0.000000000000000000e+00
1.000000000000000000e+03 5.094138014816380178e+02 0.000000000000000000e+00
1.000000000000000000e+03 5.214008287999683944e+02 0.000000000000000000e+00
1.000000000000000000e+03 5.336699231206307559e+02 0.000000000000000000e+00
1.000000000000000000e+03 5.462277217684342077e+02 0.000000000000000000e+00
1.000000000000000000e+03 5.590810182512223037e+02 0.000000000000000000e+00
1.000000000000000000e+03 5.722367659350220492e+02 0.000000000000000000e+00
1.000000000000000000e+03 5.857020818056666940e+02 0.000000000000000000e+00
1.000000000000000000e+03 5.994842503189408944e+02 0.000000000000000000e+00
1.000000000000000000e+03 6.135907273413175744e+02 0.000000000000000000e+00
1.000000000000000000e+03 6.280291441834252737e+02 0.000000000000000000e+00
1.000000000000000000e+03 6.428073117284319551e+02 0.000000000000000000e+00
1.000000000000000000e+03 6.579332246575681893e+02 0.000000000000000000e+00
1.000000000000000000e+03 6.734150657750820983e+02 0.000000000000000000e+00
1.000000000000000000e+03 6.892612104349694846e+02 0.000000000000000000e+00
1.000000000000000000e+03 7.054802310718645231e+02 0.000000000000000000e+00
1.000000000000000000e+03 7.220809018385464242e+02 0.000000000000000000e+00
1.000000000000000000e+03 7.390722033525775032e+02 0.000000000000000000e+00
1.000000000000000000e+03 7.564633275546290179e+02 0.000000000000000000e+00
1.000000000000000000e+03 7.742636826811269657e+02 0.000000000000000000e+00
1.000000000000000000e+03 7.924828983539169940e+02 0.000000000000000000e+00
1.000000000000000000e+03 8.111308307896872520e+02 0.000000000000000000e+00
1.000000000000000000e+03 8.302175681319744172e+02 0.000000000000000000e+00
1.000000000000000000e+03 8.497534359086438371e+02 0.000000000000000000e+00
1.000000000000000000e+03 8.697490026177833897e+02 0.000000000000000000e+00
1.000000000000000000e+03 8.902150854450383122e+02 0.000000000000000000e+00
1.000000000000000000e+03 9.111627561154896284e+02 0.000000000000000000e+00
1.000000000000000000e+03 9.326033468832199560e+02 0.000000000000000000e+00
1.000000000000000000e+03 9.545484566618337112e+02 0.000000000000000000e+00
1.000000000000000000e+03 9.770099572992256753e+02 0.000000000000000000e+00
1.000000000000000000e+03 1.000000000000000000e+03 0.000000000000000000e+00
1.000000000000000000e+03 1.000000000000000000e+03 0.000000000000000000e+00
1.000000000000000000e+03 1.097498765493055544e+03 0.000000000000000000e+00
1.000000000000000000e+03 1.204503540258781186e+03 0.000000000000000000e+00
1.000000000000000000e+03 1.321941148466028608e+03 0.000000000000000000e+00
1.000000000000000000e+03 1.450828778495938650e+03 0.000000000000000000e+00
1.000000000000000000e+03 1.592282793341090610e+03 0.000000000000000000e+00
1.000000000000000000e+03 1.747528400007682876e+03 0.000000000000000000e+00
1.000000000000000000e+03 1.917910261672486740e+03 0.000000000000000000e+00
1.000000000000000000e+03 2.104904144512019684e+03 0.000000000000000000e+00
1.000000000000000000e+03 2.310129700083158241e+03 0.000000000000000000e+00
1.000000000000000000e+03 2.535364493970108924e+03 0.000000000000000000e+00
1.000000000000000000e+03 2.782559402207123185e+03 0.000000000000000000e+00
1.000000000000000000e+03 3.053855508833412387e+03 0.000000000000000000e+00
1.000000000000000000e+03 3.351602650938840725e+03 0.000000000000000000e+00
1.000000000000000000e+03 3.678379771828630510e+03 0.000000000000000000e+00
1.000000000000000000e+03 4.037017258596553802e+03 0.000000000000000000e+00
1.000000000000000000e+03 4.430621457583877600e+03 0.000000000000000000e+00
1.000000000000000000e+03 4.862601580065348571e+03 0.000000000000000000e+00
1.000000000000000000e+03 5.336699231206307559e+03 0.000000000000000000e+00
1.000000000000000000e+03 5.857020818056661483e+03 0.000000000000000000e+00
1.000000000000000000e+03 6.428073117284318869e+03 0.000000000000000000e+00
1.000000000000000000e+03 7.054802310718638182e+03 0.000000000000000000e+00
1.000000000000000000e+03 7.742636826811270112e+03 0.000000000000000000e+00
1.000000000000000000e+03 8.497534359086437689e+03 0.000000000000000000e+00
1.000000000000000000e+03 9.326033468832189101e+03 0.000000000000000000e+00
1.000000000000000000e+03 1.023531021899026928e+04 0.000000000000000000e+00
1.000000000000000000e+03 1.123324032978026480e+04 0.000000000000000000e+00
1.000000000000000000e+03 1.232846739442065882e+04 0.000000000000000000e+00
1.000000000000000000e+03 1.353047774579807628e+04 0.000000000000000000e+00
1.000000000000000000e+03 1.484968262254463480e+04 0.000000000000000000e+00
1.000000000000000000e+03 1.629750834620643400e+04 0.000000000000000000e+00
1.000000000000000000e+03 1.788649529057435211e+04 0.000000000000000000e+00
1.000000000000000000e+03 1.963040650040268520e+04 0.000000000000000000e+00
1.000000000000000000e+03 2.154434690031882201e+04 0.000000000000000000e+00
1.000000000000000000e+03 2.364489412645407356e+04 0.000000000000000000e+00
1.000000000000000000e+03 2.595024211399731939e+04 0.000000000000000000e+00
1.000000000000000000e+03 2.848035868435799057e+04 0.000000000000000000e+00
1.000000000000000000e+03 3.125715849688235176e+04 0.000000000000000000e+00
1.000000000000000000e+03 3.430469286314912461e+04 0.000000000000000000e+00
1.000000000000000000e+03 3.764935806792470976e+04 0.000000000000000000e+00
1.000000000000000000e+03 4.132012400115334458e+04 0.000000000000000000e+00
1.000000000000000000e+03 4.534878508128582325e+04 0.000000000000000000e+00
1.000000000000000000e+03 4.977023564332113892e+04 0.000000000000000000e+00
1.000000000000000000e+03 5.462277217684336938e+04 0.000000000000000000e+00
1.000000000000000000e+03 5.994842503189409035e+04 0.000000000000000000e+00
1.000000000000000000e+03 6.579332246575682075e+04 0.000000000000000000e+00
1.000000000000000000e+03 7.220809018385456875e+04 0.000000000000000000e+00
1.000000000000000000e+03 7.924828983539169712e+04 0.000000000000000000e+00
1.000000000000000000e+03 8.697490026177834079e+04 0.000000000000000000e+00
1.000000000000000000e+03 9.545484566618327517e+04 0.000000000000000000e+00
1.000000000000000000e+03 1.047615752789664111e+05 0.000000000000000000e+00
1.000000000000000000e+03 1.149756995397735591e+05 0.000000000000000000e+00
1.000000000000000000e+03 1.261856883066018490e+05 0.000000000000000000e+00
1.000000000000000000e+03 1.384886371393871668e+05 0.000000000000000000e+00
1.000000000000000000e+03 1.519911082952933211e+05 0.000000000000000000e+00
1.000000000000000000e+03 1.668100537200059043e+05 0.000000000000000000e+00
1.000000000000000000e+03 1.830738280295369623e+05 0.000000000000000000e+00
1.000000000000000000e+03 2.009233002565045899e+05 0.000000000000000000e+00
1.000000000000000000e+03 2.205130739903045760e+05 0.000000000000000000e+00
1.000000000000000000e+03 2.420128264794383431e+05 0.000000000000000000e+00
1.000000000000000000e+03 2.656087782946684165e+05 0.000000000000000000e+00
1.000000000000000000e+03 2.915053062825175584e+05 0.000000000000000000e+00
1.000000000000000000e+03 3.199267137797384639e+05 0.000000000000000000e+00
1.000000000000000000e+03 3.511191734215127653e+05 0.000000000000000000e+00
1.000000000000000000e+03 3.853528593710527639e+05 0.000000000000000000e+00
1.000000000000000000e+03 4.229242874389499193e+05 0.000000000000000000e+00
1.000000000000000000e+03 4.641588833612772287e+05 0.000000000000000000e+00
1.000000000000000000e+03 5.094138014816375216e+05 0.000000000000000000e+00
1.000000000000000000e+03 5.590810182512222091e+05 0.000000000000000000e+00
1.000000000000000000e+03 6.135907273413175717e+05 0.000000000000000000e+00
1.000000000000000000e+03 6.734150657750827959e+05 0.000000000000000000e+00
1.000000000000000000e+03 7.390722033525775187e+05 0.000000000000000000e+00
1.000000000000000000e+03 8.111308307896872284e+05 0.000000000000000000e+00
1.000000000000000000e+03 8.902150854450393235e+05 0.000000000000000000e+00
1.000000000000000000e+03 9.770099572992246831e+05 0.000000000000000000e+00
1.000000000000000000e+03 1.072267222010323079e+06 0.000000000000000000e+00
1.000000000000000000e+03 1.176811952434999170e+06 0.000000000000000000e+00
1.000000000000000000e+03 1.291549665014882805e+06 0.000000000000000000e+00
1.000000000000000000e+03 1.417474162926804740e+06 0.000000000000000000e+00
1.000000000000000000e+03 1.555676143930472201e+06 0.000000000000000000e+00
1.000000000000000000e+03 1.707352647470688680e+06 0.000000000000000000e+00
1.000000000000000000e+03 1.873817422860383056e+06 0.000000000000000000e+00
1.000000000000000000e+03 2.056512308348651510e+06 0.000000000000000000e+00
1.000000000000000000e+03 2.257019719633921515e+06 0.000000000000000000e+00
1.000000000000000000e+03 2.477076355991709046e+06 0.000000000000000000e+00
1.000000000000000000e+03 2.718588242732940242e+06 0.000000000000000000e+00
1.000000000000000000e+03 2.983647240283340216e+06 0.000000000000000000e+00
1.000000000000000000e+03 3.274549162877731491e+06 0.000000000000000000e+00
1.000000000000000000e+03 3.593813663804625627e+06 0.000000000000000000e+00
1.000000000000000000e+03 3.944206059437655844e+06 0.000000000000000000e+00
1.000000000000000000e+03 4.328761281083061360e+06 0.000000000000000000e+00
1.000000000000000000e+03 4.750810162102793343e+06 0.000000000000000000e+00
1.000000000000000000e+03 5.214008287999684922e+06 0.000000000000000000e+00
1.000000000000000000e+03 5.722367659350220114e+06 0.000000000000000000e+00
1.000000000000000000e+03 6.280291441834246740e+06 0.000000000000000000e+00
1.000000000000000000e+03 6.892612104349695146e+06 0.000000000000000000e+00
1.000000000000000000e+03 7.564633275546290912e+06 0.000000000000000000e+00
1.000000000000000000e+03 8.302175681319751777e+06 0.000000000000000000e+00
1.000000000000000000e+03 9.111627561154887080e+06 0.000000000000000000e+00
1.000000000000000000e+03 1.000000000000000000e+07 0.000000000000000000e+00
2.000000000000000000e+03 1.000000000000000000e+02 3.416116846573592769e-02
2.000000000000000000e+03 1.023531021899025859e+02 3.227319479787441048e-02
2.000000000000000000e+03 1.047615752789664043e+02 3.041957621120270835e-02
2.000000000000000000e+03 1.072267222010323167e+02 2.859919486113954301e-02
2.000000000000000000e+03 1.097498765493055686e+02 2.681095436256220044e-02
2.000000000000000000e+03 1.123324032978026565e+02 2.505377987900612655e-02
2.000000000000000000e+03 1.149756995397735579e+02 2.332661824803867676e-02
2.000000000000000000e+03 1.176811952434997863e+02 2.162843812925966183e-02
2.000000000000000000e+03 1.204503540258782408e+02 1.995823018969705015e-02
2.000000000000000000e+03 1.232846739442065882e+02 1.831500706226367459e-02
2.000000000000000000e+03 1.261856883066019748e+02 1.669780385218431334e-02
2.000000000000000000e+03 1.291549665014883885e+02 1.510567716679945237e-02
2.000000000000000000e+03 1.321941148466028721e+02 1.353770423390164394e-02
2.000000000000000000e+03 1.353047774579807481e+02 1.199298723907599173e-02
2.000000000000000000e+03 1.384886371393873219e+02 1.047064213235477173e-02
2.000000000000000000e+03 1.417474162926804695e+02 8.969814454460640560e-03
2.000000000000000000e+03 1.450828778495940128e+02 7.489665937784768628e-03
2.000000000000000000e+03 1.484968262254465117e+02 6.029382184283552625e-03
2.000000000000000000e+03 1.519911082952933157e+02 4.588170867027147048e-03
2.000000000000000000e+03 1.555676143930472222e+02 3.165262580775658318e-03
2.000000000000000000e+03 1.592282793341092315e+02 1.759913538028623926e-03
2.000000000000000000e+03 1.629750834620643332e+02 3.714238908940590026e-04
2.000000000000000000e+03 1.668100537200059250e+02 0.000000000000000000e+00
2.000000000000000000e+03 1.707352647470690385e+02 0.000000000000000000e+00
2.000000000000000000e+03 1.747528400007682876e+02 0.000000000000000000e+00
2.000000000000000000e+03 1.788649529057435075e+02 0.000000000000000000e+00
2.000000000000000000e+03 1.830738280295367701e+02 0.000000000000000000e+00
2.000000000000000000e+03 1.873817422860383033e+02 0.000000000000000000e+00
2.000000000000000000e+03 1.917910261672488730e+02 0.000000000000000000e+00
2.000000000000000000e+03 1.963040650040270521e+02 0.000000000000000000e+00
2.000000000000000000e+03 2.009233002565045751e+02 0.000000000000000000e+00
2.000000000000000000e+03 2.056512308348651459e+02 0.000000000000000000e+00
2.000000000000000000e+03 2.104904144512019855e+02 0.000000000000000000e+00
2.000000000000000000e+03 2.154434690031882269e+02 0.000000000000000000e+00
2.000000000000000000e+03 2.205130739903045480e+02 0.000000000000000000e+00
2.000000000000000000e+03 2.257019719633919124e+02 0.000000000000000000e+00
2.000000000000000000e+03 2.310129700083157900e+02 0.000000000000000000e+00
2.000000000000000000e+03 2.364489412645407072e+02 0.000000000000000000e+00
2.000000000000000000e+03 2.420128264794381039e+02 0.000000000000000000e+00
2.000000000000000000e+03 2.477076355991711409e+02 0.000000000000000000e+00
2.000000000000000000e+03 2.535364493970111539e+02 0.000000000000000000e+00
2.000000000000000000e+03 2.595024211399737055e+02 0.000000000000000000e+00
2.000000000000000000e+03 2.656087782946686957e+02 0.000000000000000000e+00
2.000000000000000000e+03 2.718588242732940330e+02 0.000000000000000000e+00
2.000000000000000000e+03 2.782559402207126027e+02 0.000000000000000000e+00
2.000000000000000000e+03 2.848035868435802058e+02 0.000000000000000000e+00
2.000000000000000000e+03 2.915053062825175516e+02 0.000000000000000000e+00
2.000000000000000000e+03 2.983647240283340238e+02 0.000000000000000000e+00
2.000000000000000000e+03 3.053855508833415797e+02 0.000000000000000000e+00
2.000000000000000000e+03 3.125715849688235153e+02 0.000000000000000000e+00
2.000000000000000000e+03 3.199267137797384635e+02 0.000000000000000000e+00
2.000000000000000000e+03 3.274549162877728463e+02 0.000000000000000000e+00
2.000000000000000000e+03 3.351602650938841066e+02 0.000000000000000000e+00
2.000000000000000000e+03 3.430469286314919373e+02 0.000000000000000000e+00
2.000000000000000000e+03 3.511191734215130964e+02 0.000000000000000000e+00
2.000000000000000000e+03 3.593813663804625662e+02 0.000000000000000000e+00
2.000000000000000000e+03 3.678379771828634262e+02 0.000000000000000000e+00
2.000000000000000000e+03 3.764935806792467474e+02 0.000000000000000000e+00
2.000000000000000000e+03 3.853528593710527161e+02 0.000000000000000000e+00
2.000000000000000000e+03 3.944206059437656222e+02 0.000000000000000000e+00
2.000000000000000000e+03 4.037017258596553688e+02 0.000000000000000000e+00
2.000000000000000000e+03 4.132012400115334572e+02 0.000000000000000000e+00
2.000000000000000000e+03 4.229242874389498752e+02 0.000000000000000000e+00
2.000000000000000000e+03 4.328761281083056929e+02 0.000000000000000000e+00
2.000000000000000000e+03 4.430621457583877714e+02 0.000000000000000000e+00
2.000000000000000000e+03 4.534878508128581984e+02 0.000000000000000000e+00
2.000000000000000000e+03 4.641588833612777307e+02 0.000000000000000000e+00
2.000000000000000000e+03 4.750810162102798131e+02 0.000000000000000000e+00
2.000000000000000000e+03 4.862601580065353346e+02 0.000000000000000000e+00
2.000000000000000000e+03 4.977023564332108663e+02 0.000000000000000000e+00
2.000000000000000000e+03 5.094138014816380178e+02 0.000000000000000000e+00
2.000000000000000000e+03 5.214008287999683944e+02 0.000000000000000000e+00
2.000000000000000000e+03 5.336699231206307559e+02 0.000000000000000000e+00
2.000000000000000000e+03 5.462277217684342077e+02 0.000000000000000000e+00
2.000000000000000000e+03 5.590810182512223037e+02 0.000000000000000000e+00
2.000000000000000000e+03 5.722367659350220492e+02 0.000000000000000000e+00
2.000000000000000000e+03 5.857020818056666940e+02 0.000000000000000000e+00
2.000000000000000000e+03 5.994842503189408944e+02 0.000000000000000000e+00
2.000000000000000000e+03 6.135907273413175744e+02 0.000000000000000000e+00
2.000000000000000000e+03 6.280291441834252737e+02 0.000000000000000000e+00
2.000000000000000000e+03 6.428073117284319551e+02 0.000000000000000000e+00
2.000000000000000000e+03 6.579332246575681893e+02 0.000000000000000000e+00
2.000000000000000000e+03 6.734150657750820983e+02 0.000000000000000000e+00
2.000000000000000000e+03 6.892612104349694846e+02 0.000000000000000000e+00
2.000000000000000000e+03 7.054802310718645231e+02 0.000000000000000000e+00
2.000000000000000000e+03 7.220809018385464242e+02 0.000000000000000000e+00
2.000000000000000000e+03 7.390722033525775032e+02 0.000000000000000000e+00
2.000000000000000000e+03 7.564633275546290179e+02 0.000000000000000000e+00
2.000000000000000000e+03 7.742636826811269657e+02 0.000000000000000000e+00
2.000000000000000000e+03 7.924828983539169940e+02 0.000000000000000000e+00
2.000000000000000000e+03 8.111308307896872520e+02 0.000000000000000000e+00
2.000000000000000000e+03 8.302175681319744172e+02 0.000000000000000000e+00
2.000000000000000000e+03 8.497534359086438371e+02 0.000000000000000000e+00
2.000000000000000000e+03 8.697490026177833897e+02 0.000000000000000000e+00
2.000000000000000000e+03 8.902150854450383122e+02 0.000000000000000000e+00
2.000000000000000000e+03 9.111627561154896284e+02 0.000000000000000000e+00
2.000000000000000000e+03 9.326033468832199560e+02 0.000000000000000000e+00
2.000000000000000000e+03 9.545484566618337112e+02 0.000000000000000000e+00
2.000000000000000000e+03 9.770099572992256753e+02 0.000000000000000000e+00
2.000000000000000000e+03 1.000000000000000000e+03 0.000000000000000000e+00
2.000000000000000000e+03 1.000000000000000000e+03 0.000000000000000000e+00
2.000000000000000000e+03 1.097498765493055544e+03 0.000000000000000000e+00
2.000000000000000000e+03 1.204503540258781186e+03 0.000000000000000000e+00
2.000000000000000000e+03 1.321941148466028608e+03 0.000000000000000000e+00
2.000000000000000000e+03 1.450828778495938650e+03 0.000000000000000000e+00
2.000000000000000000e+03 1.592282793341090610e+03 0.000000000000000000e+00
2.000000000000000000e+03 1.747528400007682876e+03 0.000000000000000000e+00
2.000000000000000000e+03 1.917910261672486740e+03 0.000000000000000000e+00
2.000000000000000000e+03 2.104904144512019684e+03 0.000000000000000000e+00
2.000000000000000000e+03 2.310129700083158241e+03 0.000000000000000000e+00
2.000000000000000000e+03 2.535364493970108924e+03 0.000000000000000000e+00
2.000000000000000000e+03 2.782559402207123185e+03 0.000000000000000000e+00
2.000000000000000000e+03 3.053855508833412387e+03 0.000000000000000000e+00
2.000000000000000000e+03 3.351602650938840725e+03 0.000000000000000000e+00
2.000000000000000000e+03 3.678379771828630510e+03 0.000000000000000000e+00
2.000000000000000000e+03 4.037017258596553802e+03 0.000000000000000000e+00
2.000000000000000000e+03 4.430621457583877600e+03 0.000000000000000000e+00
2.000000000000000000e+03 4.862601580065348571e+03 0.000000000000000000e+00
2.000000000000000000e+03 5.336699231206307559e+03 0.000000000000000000e+00
2.000000000000000000e+03 5.857020818056661483e+03 0.000000000000000000e+00
2.000000000000000000e+03 6.428073117284318869e+03 0.000000000000000000e+00
2.000000000000000000e+03 7.054802310718638182e+03 0.000000000000000000e+00
2.000000000000000000e+03 7.742636826811270112e+03 0.000000000000000000e+00
2.000000000000000000e+03 8.497534359086437689e+03 0.000000000000000000e+00
2.000000000000000000e+03 9.326033468832189101e+03 0.000000000000000000e+00
2.000000000000000000e+03 1.023531021899026928e+04 0.000000000000000000e+00
2.000000000000000000e+03 1.123324032978026480e+04 0.000000000000000000e+00
2.000000000000000000e+03 1.232846739442065882e+04 0.000000000000000000e+00
2.000000000000000000e+03 1.353047774579807628e+04 0.000000000000000000e+00
2.000000000000000000e+03 1.484968262254463480e+04 0.000000000000000000e+00
2.000000000000000000e+03 1.629750834620643400e+04 0.000000000000000000e+00
2.000000000000000000e+03 1.788649529057435211e+04 0.000000000000000000e+00
2.000000000000000000e+03 1.963040650040268520e+04 0.000000000000000000e+00
2.000000000000000000e+03 2.154434690031882201e+04 0.000000000000000000e+00
2.000000000000000000e+03 2.364489412645407356e+04 0.000000000000000000e+00
2.000000000000000000e+03 2.595024211399731939e+04 0.000000000000000000e+00
2.000000000000000000e+03 2.848035868435799057e+04 0.000000000000000000e+00
2.000000000000000000e+03 3.125715849688235176e+04 0.000000000000000000e+00
2.000000000000000000e+03 3.430469286314912461e+04 0.000000000000000000e+00
2.000000000000000000e+03 3.764935806792470976e+04 0.000000000000000000e+00
2.000000000000000000e+03 4.132012400115334458e+04 0.000000000000000000e+00
2.000000000000000000e+03 4.534878508128582325e+04 0.000000000000000000e+00
2.000000000000000000e+03 4.977023564332113892e+04 0.000000000000000000e+00
2.000000000000000000e+03 5.462277217684336938e+04 0.000000000000000000e+00
2.000000000000000000e+03 5.994842503189409035e+04 0.000000000000000000e+00
2.000000000000000000e+03 6.579332246575682075e+04 0.000000000000000000e+00
2.000000000000000000e+03 7.220809018385456875e+04 0.000000000000000000e+00
2.000000000000000000e+03 7.924828983539169712e+04 0.000000000000000000e+00
2.000000000000000000e+03 8.697490026177834079e+04 0.000000000000000000e+00
2.000000000000000000e+03 9.545484566618327517e+04 0.000000000000000000e+00
2.000000000000000000e+03 1.047615752789664111e+05 0.000000000000000000e+00
2.000000000000000000e+03 1.149756995397735591e+05 0.000000000000000000e+00
2.000000000000000000e+03 1.261856883066018490e+05 0.000000000000000000e+00
2.000000000000000000e+03 1.384886371393871668e+05 0.000000000000000000e+00
2.000000000000000000e+03 1.519911082952933211e+05 0.000000000000000000e+00
2.000000000000000000e+03 1.668100537200059043e+05 0.000000000000000000e+00
2.000000000000000000e+03 1.830738280295369623e+05 0.000000000000000000e+00
2.000000000000000000e+03 2.009233002565045899e+05 0.000000000000000000e+00
2.000000000000000000e+03 2.205130739903045760e+05 0.000000000000000000e+00
2.000000000000000000e+03 2.420128264794383431e+05 0.000000000000000000e+00
2.000000000000000000e+03 2.656087782946684165e+05 0.000000000000000000e+00
2.000000000000000000e+03 2.915053062825175584e+05 0.000000000000000000e+00
2.000000000000000000e+03 3.199267137797384639e+05 0.000000000000000000e+00
2.000000000000000000e+03 3.511191734215127653e+05 0.000000000000000000e+00
2.000000000000000000e+03 3.853528593710527639e+05 0.000000000000000000e+00
2.000000000000000000e+03 4.229242874389499193e+05 0.000000000000000000e+00
2.000000000000000000e+03 4.641588833612772287e+05 0.000000000000000000e+00
2.000000000000000000e+03 5.094138014816375216e+05 0.000000000000000000e+00
2.000000000000000000e+03 5.590810182512222091e+05 0.000000000000000000e+00
2.000000000000000000e+03 6.135907273413175717e+05 0.000000000000000000e+00
2.000000000000000000e+03 6.734150657750827959e+05 0.000000000000000000e+00
2.000000000000000000e+03 7.390722033525775187e+05 0.000000000000000000e+00
2.000000000000000000e+03 8.111308307896872284e+05 0.000000000000000000e+00
2.000000000000000000e+03 8.902150854450393235e+05 0.000000000000000000e+00
2.000000000000000000e+03 9.770099572992246831e+05 0.000000000000000000e+00
2.000000000000000000e+03 1.072267222010323079e+06 0.000000000000000000e+00
2.000000000000000000e+03 1.176811952434999170e+06 0.000000000000000000e+00
2.000000000000000000e+03 1.291549665014882805e+06 0.000000000000000000e+00
2.000000000000000000e+03 1.417474162926804740e+06 0.000000000000000000e+00
2.000000000000000000e+03 1.555676143930472201e+06 0.000000000000000000e+00
2.000000000000000000e+03 1.707352647470688680e+06 0.000000000000000000e+00
2.000000000000000000e+03 1.873817422860383056e+06 0.000000000000000000e+00
2.000000000000000000e+03 2.056512308348651510e+06 0.000000000000000000e+00
2.000000000000000000e+03 2.257019719633921515e+06 0.000000000000000000e+00
2.000000000000000000e+03 2.477076355991709046e+06 0.000000000000000000e+00
2.000000000000000000e+03 2.718588242732940242e+06 0.000000000000000000e+00
2.000000000000000000e+03 2.983647240283340216e+06 0.000000000000000000e+00
2.000000000000000000e+03 3.274549162877731491e+06 0.000000000000000000e+00
2.000000000000000000e+03 3.593813663804625627e+06 0.000000000000000000e+00
2.000000000000000000e+03 3.944206059437655844e+06 0.000000000000000000e+00
2.000000000000000000e+03 4.328761281083061360e+06 0.000000000000000000e+00
2.000000000000000000e+03 4.750810162102793343e+06 0.000000000000000000e+00
2.000000000000000000e+03 5.214008287999684922e+06 0.000000000000000000e+00
2.000000000000000000e+03 5.722367659350220114e+06 0.000000000000000000e+00
2.000000000000000000e+03 6.280291441834246740e+06 0.000000000000000000e+00
2.000000000000000000e+03 6.892612104349695146e+06 0.000000000000000000e+00
2.000000000000000000e+03 7.564633275546290912e+06 0.000000000000000000e+00
2.000000000000000000e+03 8.302175681319751777e+06 0.000000000000000000e+00
2.000000000000000000e+03 9.111627561154887080e+06 0.000000000000000000e+00
2.000000000000000000e+03 1.000000000000000000e+07 0.000000000000000000e+00
3.000000000000000000e+03 1.000000000000000000e+02 2.470816704522994442e-02
3.000000000000000000e+03 1.023531021899025859e+02 2.335791125221737402e-02
3.000000000000000000e+03 1.047615752789664043e+02 2.203056301427444227e-02
3.000000000000000000e+03 1.072267222010323167e+02 2.072540605925338175e-02
3.000000000000000000e+03 1.097498765493055686e+02 1.944173502042324808e-02
3.000000000000000000e+03 1.123324032978026565e+02 1.817885519304146200e-02
3.000000000000000000e+03 1.149756995397735579e+02 1.693608231950659640e-02
3.000000000000000000e+03 1.176811952434997863e+02 1.571274241605660760e-02
3.000000000000000000e+03 1.204503540258782408e+02 1.450817162757588735e-02
3.000000000000000000e+03 1.232846739442065882e+02 1.332171602602088417e-02
3.000000000000000000e+03 1.261856883066019748e+02 1.215273164683295867e-02
3.000000000000000000e+03 1.291549665014883885e+02 1.100058400599418680e-02
3.000000000000000000e+03 1.321941148466028721e+02 9.864647554538799254e-03
3.000000000000000000e+03 1.353047774579807481e+02 8.744307476841477536e-03
3.000000000000000000e+03 1.384886371393873219e+02 7.638955045727683149e-03
3.000000000000000000e+03 1.417474162926804695e+02 6.547994054085342665e-03
3.000000000000000000e+03 1.450828778495940128e+02 5.470835448563219836e-03
3.000000000000000000e+03 1.484968262254465117e+02 4.406900464045353412e-03
3.000000000000000000e+03 1.519911082952933157e+02 3.355620038703803314e-03
3.000000000000000000e+03 1.555676143930472222e+02 2.316435318703735646e-03
3.000000000000000000e+03 1.592282793341092315e+02 1.288799086109374383e-03
3.000000000000000000e+03 1.629750834620643332e+02 2.721845333405819526e-04
3.000000000000000000e+03 1.668100537200059250e+02 0.000000000000000000e+00
3.000000000000000000e+03 1.707352647470690385e+02 0.000000000000000000e+00
3.000000000000000000e+03 1.747528400007682876e+02 0.000000000000000000e+00
3.000000000000000000e+03 1.788649529057435075e+02 0.000000000000000000e+00
3.000000000000000000e+03 1.830738280295367701e+02 0.000000000000000000e+00
3.000000000000000000e+03 1.873817422860383033e+02 0.000000000000000000e+00
3.000000000000000000e+03 1.917910261672488730e+02 0.000000000000000000e+00
3.000000000000000000e+03 1.963040650040270521e+02 0.000000000000000000e+00
3.000000000000000000e+03 2.009233002565045751e+02 0.000000000000000000e+00
3.000000000000000000e+03 2.056512308348651459e+02 0.000000000000000000e+00
3.000000000000000000e+03 2.104904144512019855e+02 0.000000000000000000e+00
3.000000000000000000e+03 2.154434690031882269e+02 0.000000000000000000e+00
3.000000000000000000e+03 2.205130739903045480e+02 0.000000000000000000e+00
3.000000000000000000e+03 2.257019719633919124e+02 0.000000000000000000e+00
3.000000000000000000e+03 2.310129700083157900e+02 0.000000000000000000e+00
3.000000000000000000e+03 2.364489412645407072e+02 0.000000000000000000e+00
3.000000000000000000e+03 2.420128264794381039e+02 0.000000000000000000e+00
3.000000000000000000e+03 2.477076355991711409e+02 0.000000000000000000e+00
3.000000000000000000e+03 2.535364493970111539e+02 0.000000000000000000e+00
3.000000000000000000e+03 2.595024211399737055e+02 0.000000000000000000e+00
3.000000000000000000e+03 2.656087782946686957e+02 0.000000000000000000e+00
3.000000000000000000e+03 2.718588242732940330e+02 0.000000000000000000e+00
3.000000000000000000e+03 2.782559402207126027e+02 0.000000000000000000e+00
3.000000000000000000e+03 2.848035868435802058e+02 0.000000000000000000e+00
3.000000000000000000e+03 2.915053062825175516e+02 0.000000000000000000e+00
3.000000000000000000e+03 2.983647240283340238e+02 0.000000000000000000e+00
3.000000000000000000e+03 3.053855508833415797e+02 0.000000000000000000e+00
3.000000000000000000e+03 3.125715849688235153e+02 0.000000000000000000e+00
3.000000000000000000e+03 3.199267137797384635e+02 0.000000000000000000e+00
3.000000000000000000e+03 3.274549162877728463e+02 0.000000000000000000e+00
3.000000000000000000e+03 3.351602650938841066e+02 0.000000000000000000e+00
3.000000000000000000e+03 3.430469286314919373e+02 0.000000000000000000e+00
3.000000000000000000e+03 3.511191734215130964e+02 0.000000000000000000e+00
3.000000000000000000e+03 3.593813663804625662e+02 0.000000000000000000e+00
3.000000000000000000e+03 3.678379771828634262e+02 0.000000000000000000e+00
3.000000000000000000e+03 3.764935806792467474e+02 0.000000000000000000e+00
3.000000000000000000e+03 3.853528593710527161e+02 0.000000000000000000e+00
3.000000000000000000e+03 3.944206059437656222e+02 0.000000000000000000e+00
3.000000000000000000e+03 4.037017258596553688e+02 0.000000000000000000e+00
3.000000000000000000e+03 4.132012400115334572e+02 0.000000000000000000e+00
3.000000000000000000e+03 4.229242874389498752e+02 0.000000000000000000e+00
3.000000000000000000e+03 4.328761281083056929e+02 0.000000000000000000e+00
3.000000000000000000e+03 4.430621457583877714e+02 0.000000000000000000e+00
3.000000000000000000e+03 4.534878508128581984e+02 0.000000000000000000e+00
3.000000000000000000e+03 4.641588833612777307e+02 0.000000000000000000e+00
3.000000000000000000e+03 4.750810162102798131e+02 0.000000000000000000e+00
3.000000000000000000e+03 4.862601580065353346e+02 0.000000000000000000e+00
3.000000000000000000e+03 4.977023564332108663e+02 0.000000000000000000e+00
3.000000000000000000e+03 5.094138014816380178e+02 0.000000000000000000e+00
3.000000000000000000e+03 5.214008287999683944e+02 0.000000000000000000e+00
3.000000000000000000e+03 5.336699231206307559e+02 0.000000000000000000e+00
3.000000000000000000e+03 5.462277217684342077e+02 0.000000000000000000e+00
3.000000000000000000e+03 5.590810182512223037e+02 0.000000000000000000e+00
3.000000000000000000e+03 5.722367659350220492e+02 0.000000000000000000e+00
3.000000000000000000e+03 5.857020818056666940e+02 0.000000000000000000e+00
3.000000000000000000e+03 5.994842503189408944e+02 0.000000000000000000e+00
3.000000000000000000e+03 6.135907273413175744e+02 0.000000000000000000e+00
3.000000000000000000e+03 6.280291441834252737e+02 0.000000000000000000e+00
3.000000000000000000e+03 6.428073117284319551e+02 0.000000000000000000e+00
3.000000000000000000e+03 6.579332246575681893e+02 0.000000000000000000e+00
3.000000000000000000e+03 6.734150657750820983e+02 0.000000000000000000e+00
3.000000000000000000e+03 6.892612104349694846e+02 0.000000000000000000e+00
3.000000000000000000e+03 7.054802310718645231e+02 0.000000000000000000e+00
3.000000000000000000e+03 7.220809018385464242e+02 0.000000000000000000e+00
3.000000000000000000e+03 7.390722033525775032e+02 0.000000000000000000e+00
3.000000000000000000e+03 7.564633275546290179e+02 0.000000000000000000e+00
3.000000000000000000e+03 7.742636826811269657e+02 0.000000000000000000e+00
3.000000000000000000e+03 7.924828983539169940e+02 0.000000000000000000e+00
3.000000000000000000e+03 8.111308307896872520e+02 0.000000000000000000e+00
3.000000000000000000e+03 8.302175681319744172e+02 0.000000000000000000e+00
3.000000000000000000e+03 8.497534359086438371e+02 0.000000000000000000e+00
3.000000000000000000e+03 8.697490026177833897e+02 0.000000000000000000e+00
3.000000000000000000e+03 8.902150854450383122e+02 0.000000000000000000e+00
3.000000000000000000e+03 9.111627561154896284e+02 0.000000000000000000e+00
3.000000000000000000e+03 9.326033468832199560e+02 0.000000000000000000e+00
3.000000000000000000e+03 9.545484566618337112e+02 0.000000000000000000e+00
3.000000000000000000e+03 9.770099572992256753e+02 0.000000000000000000e+00
3.000000000000000000e+03 1.000000000000000000e+03 0.000000000000000000e+00
3.000000000000000000e+03 1.000000000000000000e+03 0.000000000000000000e+00
3.000000000000000000e+03 1.097498765493055544e+03 0.000000000000000000e+00
3.000000000000000000e+03 1.204503540258781186e+03 0.000000000000000000e+00
3.000000000000000000e+03 1.321941148466028608e+03 0.000000000000000000e+00
3.000000000000000000e+03 1.450828778495938650e+03 0.000000000000000000e+00
3.000000000000000000e+03 1.592282793341090610e+03 0.000000000000000000e+00
3.000000000000000000e+03 1.747528400007682876e+03 0.000000000000000000e+00
3.000000000000000000e+03 1.917910261672486740e+03 0.000000000000000000e+00
3.000000000000000000e+03 2.104904144512019684e+03 0.000000000000000000e+00
3.000000000000000000e+03 2.310129700083158241e+03 0.000000000000000000e+00
3.000000000000000000e+03 2.535364493970108924e+03 0.000000000000000000e+00
3.000000000000000000e+03 2.782559402207123185e+03 0.000000000000000000e+00
3.000000000000000000e+03 3.053855508833412387e+03 0.000000000000000000e+00
3.000000000000000000e+03 3.351602650938840725e+03 0.000000000000000000e+00
3.000000000000000000e+03 3.678379771828630510e+03 0.000000000000000000e+00
3.000000000000000000e+03 4.037017258596553802e+03 0.000000000000000000e+00
3.000000000000000000e+03 4.430621457583877600e+03 0.000000000000000000e+00
3.000000000000000000e+03 4.862601580065348571e+03 0.000000000000000000e+00
3.000000000000000000e+03 5.336699231206307559e+03 0.000000000000000000e+00
3.000000000000000000e+03 5.857020818056661483e+03 0.000000000000000000e+00
3.000000000000000000e+03 6.428073117284318869e+03 0.000000000000000000e+00
3.000000000000000000e+03 7.054802310718638182e+03 0.000000000000000000e+00
3.000000000000000000e+03 7.742636826811270112e+03 0.000000000000000000e+00
3.000000000000000000e+03 8.497534359086437689e+03 0.000000000000000000e+00
3.000000000000000000e+03 9.326033468832189101e+03 0.000000000000000000e+00
3.000000000000000000e+03 1.023531021899026928e+04 0.000000000000000000e+00
3.000000000000000000e+03 1.123324032978026480e+04 0.000000000000000000e+00
3.000000000000000000e+03 1.232846739442065882e+04 0.000000000000000000e+00
3.000000000000000000e+03 1.353047774579807628e+04 0.000000000000000000e+00
3.000000000000000000e+03 1.484968262254463480e+04 0.000000000000000000e+00
3.000000000000000000e+03 1.629750834620643400e+04 0.000000000000000000e+00
3.000000000000000000e+03 1.788649529057435211e+04 0.000000000000000000e+00
3.000000000000000000e+03 1.963040650040268520e+04 0.000000000000000000e+00
3.000000000000000000e+03 2.154434690031882201e+04 0.000000000000000000e+00
3.000000000000000000e+03 2.364489412645407356e+04 0.000000000000000000e+00
3.000000000000000000e+03 2.595024211399731939e+04 0.000000000000000000e+00
3.000000000000000000e+03 2.848035868435799057e+04 0.000000000000000000e+00
3.000000000000000000e+03 3.125715849688235176e+04 0.000000000000000000e+00
3.000000000000000000e+03 3.430469286314912461e+04 0.000000000000000000e+00
3.000000000000000000e+03 3.764935806792470976e+04 0.000000000000000000e+00
3.000000000000000000e+03 4.132012400115334458e+04 0.000000000000000000e+00
3.000000000000000000e+03 4.534878508128582325e+04 0.000000000000000000e+00
3.000000000000000000e+03 4.977023564332113892e+04 0.000000000000000000e+00
3.000000000000000000e+03 5.462277217684336938e+04 0.000000000000000000e+00
3.000000000000000000e+03 5.994842503189409035e+04 0.000000000000000000e+00
3.000000000000000000e+03 6.579332246575682075e+04 0.000000000000000000e+00
3.000000000000000000e+03 7.220809018385456875e+04 0.000000000000000000e+00
3.000000000000000000e+03 7.924828983539169712e+04 0.000000000000000000e+00
3.000000000000000000e+03 8.697490026177834079e+04 0.000000000000000000e+00
3.000000000000000000e+03 9.545484566618327517e+04 0.000000000000000000e+00
3.000000000000000000e+03 1.047615752789664111e+05 0.000000000000000000e+00
3.000000000000000000e+03 1.149756995397735591e+05 0.000000000000000000e+00
3.000000000000000000e+03 1.261856883066018490e+05 0.000000000000000000e+00
3.000000000000000000e+03 1.384886371393871668e+05 0.000000000000000000e+00
3.000000000000000000e+03 1.519911082952933211e+05 0.000000000000000000e+00
3.000000000000000000e+03 1.668100537200059043e+05 0.000000000000000000e+00
3.000000000000000000e+03 1.830738280295369623e+05 0.000000000000000000e+00
3.000000000000000000e+03 2.009233002565045899e+05 0.000000000000000000e+00
3.000000000000000000e+03 2.205130739903045760e+05 0.000000000000000000e+00
3.000000000000000000e+03 2.420128264794383431e+05 0.000000000000000000e+00
3.000000000000000000e+03 2.656087782946684165e+05 0.000000000000000000e+00
3.000000000000000000e+03 2.915053062825175584e+05 0.000000000000000000e+00
3.000000000000000000e+03 3.199267137797384639e+05 0.000000000000000000e+00
3.000000000000000000e+03 3.511191734215127653e+05 0.000000000000000000e+00
3.000000000000000000e+03 3.853528593710527639e+05 0.000000000000000000e+00
3.000000000000000000e+03 4.229242874389499193e+05 0.000000000000000000e+00
3.000000000000000000e+03 4.641588833612772287e+05 0.000000000000000000e+00
3.000000000000000000e+03 5.094138014816375216e+05 0.000000000000000000e+00
3.000000000000000000e+03 5.590810182512222091e+05 0.000000000000000000e+00
3.000000000000000000e+03 6.135907273413175717e+05 0.000000000000000000e+00
3.000000000000000000e+03 6.734150657750827959e+05 0.000000000000000000e+00
3.000000000000000000e+03 7.390722033525775187e+05 0.000000000000000000e+00
3.000000000000000000e+03 8.111308307896872284e+05 0.000000000000000000e+00
3.000000000000000000e+03 8.902150854450393235e+05 0.000000000000000000e+00
3.000000000000000000e+03 9.770099572992246831e+05 0.000000000000000000e+00
3.000000000000000000e+03 1.072267222010323079e+06 0.000000000000000000e+00
3.000000000000000000e+03 1.176811952434999170e+06 0.000000000000000000e+00
3.000000000000000000e+03 1.291549665014882805e+06 0.000000000000000000e+00
3.000000000000000000e+03 1.417474162926804740e+06 0.000000000000000000e+00
3.000000000000000000e+03 1.555676143930472201e+06 0.000000000000000000e+00
3.000000000000000000e+03 1.707352647470688680e+06 0.000000000000000000e+00
3.000000000000000000e+03 1.873817422860383056e+06 0.000000000000000000e+00
3.000000000000000000e+03 2.056512308348651510e+06 0.000000000000000000e+00
3.000000000000000000e+03 2.257019719633921515e+06 0.000000000000000000e+00
3.000000000000000000e+03 2.477076355991709046e+06 0.000000000000000000e+00
3.000000000000000000e+03 2.718588242732940242e+06 0.000000000000000000e+00
3.000000000000000000e+03 2.983647240283340216e+06 0.000000000000000000e+00
3.000000000000000000e+03 3.274549162877731491e+06 0.000000000000000000e+00
3.000000000000000000e+03 3.593813663804625627e+06 0.000000000000000000e+00
3.000000000000000000e+03 3.944206059437655844e+06 0.000000000000000000e+00
3.000000000000000000e+03 4.328761281083061360e+06 0.000000000000000000e+00
3.000000000000000000e+03 4.750810162102793343e+06 0.000000000000000000e+00
3.000000000000000000e+03 5.214008287999684922e+06 0.000000000000000000e+00
3.000000000000000000e+03 5.722367659350220114e+06 0.000000000000000000e+00
3.000000000000000000e+03 6.280291441834246740e+06 0.000000000000000000e+00
3.000000000000000000e+03 6.892612104349695146e+06 0.000000000000000000e+00
3.000000000000000000e+03 7.564633275546290912e+06 0.000000000000000000e+00
3.000000000000000000e+03 8.302175681319751777e+06 0.000000000000000000e+00
3.000000000000000000e+03 9.111627561154887080e+06 0.000000000000000000e+00
3.000000000000000000e+03 1.000000000000000000e+07 0.000000000000000000e+00
5.000000000000000000e+03 1.000000000000000000e+02 1.612133961271723995e-02
5.000000000000000000e+03 1.023531021899025859e+02 1.525637328590707595e-02
5.000000000000000000e+03 1.047615752789664043e+02 1.440443611060876483e-02
5.000000000000000000e+03 1.072267222010323167e+02 1.356511387741538184e-02
5.000000000000000000e+03 1.097498765493055686e+02 1.273799970616252587e-02
5.000000000000000000e+03 1.123324032978026565e+02 1.192269379683597551e-02
5.000000000000000000e+03 1.149756995397735579e+02 1.111880318566692456e-02
5.000000000000000000e+03 1.176811952434997863e+02 1.032594150821531352e-02
5.000000000000000000e+03 1.204503540258782408e+02 9.543728766015916951e-03
5.000000000000000000e+03 1.232846739442065882e+02 8.771791068409669559e-03
5.000000000000000000e+03 1.261856883066019748e+02 8.009760449270838731e-03
5.000000000000000000e+03 1.291549665014883885e+02 7.257274501957295364e-03
5.000000000000000000e+03 1.321941148466028721e+02 6.513975974249885600e-03
5.000000000000000000e+03 1.353047774579807481e+02 5.779513213491258537e-03
5.000000000000000000e+03 1.384886371393873219e+02 5.053538313638718076e-03
5.000000000000000000e+03 1.417474162926804695e+02 4.335709170314215946e-03
5.000000000000000000e+03 1.450828778495940128e+02 3.625687400574412016e-03
5.000000000000000000e+03 1.484968262254465117e+02 2.923139222018574911e-03
5.000000000000000000e+03 1.519911082952933157e+02 2.227735059499750831e-03
5.000000000000000000e+03 1.555676143930472222e+02 1.539149533076678142e-03
5.000000000000000000e+03 1.592282793341092315e+02 8.570618311385106618e-04
5.000000000000000000e+03 1.629750834620643332e+02 1.811590210911243623e-04
5.000000000000000000e+03 1.668100537200059250e+02 0.000000000000000000e+00
5.000000000000000000e+03 1.707352647470690385e+02 0.000000000000000000e+00
5.000000000000000000e+03 1.747528400007682876e+02 0.000000000000000000e+00
5.000000000000000000e+03 1.788649529057435075e+02 0.000000000000000000e+00
5.000000000000000000e+03 1.830738280295367701e+02 0.000000000000000000e+00
5.000000000000000000e+03 1.873817422860383033e+02 0.000000000000000000e+00
5.000000000000000000e+03 1.917910261672488730e+02 0.000000000000000000e+00
5.000000000000000000e+03 1.963040650040270521e+02 0.000000000000000000e+00
5.000000000000000000e+03 2.009233002565045751e+02 0.000000000000000000e+00
5.000000000000000000e+03 2.056512308348651459e+02 0.000000000000000000e+00
5.000000000000000000e+03 2.104904144512019855e+02 0.000000000000000000e+00
5.000000000000000000e+03 2.154434690031882269e+02 0.000000000000000000e+00
5.000000000000000000e+03 2.205130739903045480e+02 0.000000000000000000e+00
5.000000000000000000e+03 2.257019719633919124e+02 0.000000000000000000e+00
5.000000000000000000e+03 2.310129700083157900e+02 0.000000000000000000e+00
5.000000000000000000e+03 2.364489412645407072e+02 0.000000000000000000e+00
5.000000000000000000e+03 2.420128264794381039e+02 0.000000000000000000e+00
5.000000000000000000e+03 2.477076355991711409e+02 0.000000000000000000e+00
5.000000000000000000e+03 2.535364493970111539e+02 0.000000000000000000e+00
5.000000000000000000e+03 2.595024211399737055e+02 0.000000000000000000e+00
5.000000000000000000e+03 2.656087782946686957e+02 0.000000000000000000e+00
5.000000000000000000e+03 2.718588242732940330e+02 0.000000000000000000e+00
5.000000000000000000e+03 2.782559402207126027e+02 0.000000000000000000e+00
5.000000000000000000e+03 2.848035868435802058e+02 0.000000000000000000e+00
5.000000000000000000e+03 2.915053062825175516e+02 0.000000000000000000e+00
5.000000000000000000e+03 2.983647240283340238e+02 0.000000000000000000e+00
5.000000000000000000e+03 3.053855508833415797e+02 0.000000000000000000e+00
5.000000000000000000e+03 3.125715849688235153e+02 0.000000000000000000e+00
5.000000000000000000e+03 3.199267137797384635e+02 0.000000000000000000e+00
5.000000000000000000e+03 3.274549162877728463e+02 0.000000000000000000e+00
5.000000000000000000e+03 3.351602650938841066e+02 0.000000000000000000e+00
5.000000000000000000e+03 3.430469286314919373e+02 0.000000000000000000e+00
5.000000000000000000e+03 3.511191734215130964e+02 0.000000000000000000e+00
5.000000000000000000e+03 3.593813663804625662e+02 0.000000000000000000e+00
5.000000000000000000e+03 3.678379771828634262e+02 0.000000000000000000e+00
5.000000000000000000e+03 3.764935806792467474e+02 0.000000000000000000e+00
5.000000000000000000e+03 3.853528593710527161e+02 0.000000000000000000e+00
5.000000000000000000e+03 3.944206059437656222e+02 0.000000000000000000e+00
5.000000000000000000e+03 4.037017258596553688e+02 0.000000000000000000e+00
5.000000000000000000e+03 4.132012400115334572e+02 0.000000000000000000e+00
5.000000000000000000e+03 4.229242874389498752e+02 0.000000000000000000e+00
5.000000000000000000e+03 4.328761281083056929e+02 0.000000000000000000e+00
5.000000000000000000e+03 4.430621457583877714e+02 0.000000000000000000e+00
5.000000000000000000e+03 4.534878508128581984e+02 0.000000000000000000e+00
5.000000000000000000e+03 4.641588833612777307e+02 0.000000000000000000e+00
5.000000000000000000e+03 4.750810162102798131e+02 0.000000000000000000e+00
5.000000000000000000e+03 4.862601580065353346e+02 0.000000000000000000e+00
5.000000000000000000e+03 4.977023564332108663e+02 0.000000000000000000e+00
5.000000000000000000e+03 5.094138014816380178e+02 0.000000000000000000e+00
5.000000000000000000e+03 5.214008287999683944e+02 0.000000000000000000e+00
5.000000000000000000e+03 5.336699231206307559e+02 0.000000000000000000e+00
5.000000000000000000e+03 5.462277217684342077e+02 0.000000000000000000e+00
5.000000000000000000e+03 5.590810182512223037e+02 0.000000000000000000e+00
5.000000000000000000e+03 5.722367659350220492e+02 0.000000000000000000e+00
5.000000000000000000e+03 5.857020818056666940e+02 0.000000000000000000e+00
5.000000000000000000e+03 5.994842503189408944e+02 0.000000000000000000e+00
5.000000000000000000e+03 6.135907273413175744e+02 0.000000000000000000e+00
5.000000000000000000e+03 6.280291441834252737e+02 0.000000000000000000e+00
5.000000000000000000e+03 6.428073117284319551e+02 0.000000000000000000e+00
5.000000000000000000e+03 6.579332246575681893e+02 0.000000000000000000e+00
5.000000000000000000e+03 6.734150657750820983e+02 0.000000000000000000e+00
5.000000000000000000e+03 6.892612104349694846e+02 0.000000000000000000e+00
5.000000000000000000e+03 7.054802310718645231e+02 0.000000000000000000e+00
5.000000000000000000e+03 7.220809018385464242e+02 0.000000000000000000e+00
5.000000000000000000e+03 7.390722033525775032e+02 0.000000000000000000e+00
5.000000000000000000e+03 7.564633275546290179e+02 0.000000000000000000e+00
5.000000000000000000e+03 7.742636826811269657e+02 0.000000000000000000e+00
5.000000000000000000e+03 7.924828983539169940e+02 0.000000000000000000e+00
5.000000000000000000e+03 8.111308307896872520e+02 0.000000000000000000e+00
5.000000000000000000e+03 8.302175681319744172e+02 0.000000000000000000e+00
5.000000000000000000e+03 8.497534359086438371e+02 0.000000000000000000e+00
5.000000000000000000e+03 8.697490026177833897e+02 0.000000000000000000e+00
5.000000000000000000e+03 8.902150854450383122e+02 0.000000000000000000e+00
5.000000000000000000e+03 9.111627561154896284e+02 0.000000000000000000e+00
5.000000000000000000e+03 9.326033468832199560e+02 0.000000000000000000e+00
5.000000000000000000e+03 9.545484566618337112e+02 0.000000000000000000e+00
5.000000000000000000e+03 9.770099572992256753e+02 0.000000000000000000e+00
5.000000000000000000e+03 1.000000000000000000e+03 0.000000000000000000e+00
5.000000000000000000e+03 1.000000000000000000e+03 0.000000000000000000e+00
5.000000000000000000e+03 1.097498765493055544e+03 0.000000000000000000e+00
5.000000000000000000e+03 1.204503540258781186e+03 0.000000000000000000e+00
5.000000000000000000e+03 1.321941148466028608e+03 0.000000000000000000e+00
5.000000000000000000e+03 1.450828778495938650e+03 0.000000000000000000e+00
5.000000000000000000e+03 1.592282793341090610e+03 0.000000000000000000e+00
5.000000000000000000e+03 1.747528400007682876e+03 0.000000000000000000e+00
5.000000000000000000e+03 1.917910261672486740e+03 0.000000000000000000e+00
5.000000000000000000e+03 2.104904144512019684e+03 0.000000000000000000e+00
5.000000000000000000e+03 2.310129700083158241e+03 0.000000000000000000e+00
5.000000000000000000e+03 2.535364493970108924e+03 0.000000000000000000e+00
5.000000000000000000e+03 2.782559402207123185e+03 0.000000000000000000e+00
5.000000000000000000e+03 3.053855508833412387e+03 0.000000000000000000e+00
5.000000000000000000e+03 3.351602650938840725e+03 0.000000000000000000e+00
5.000000000000000000e+03 3.678379771828630510e+03 0.000000000000000000e+00
5.000000000000000000e+03 4.037017258596553802e+03 0.000000000000000000e+00
5.000000000000000000e+03 4.430621457583877600e+03 0.000000000000000000e+00
5.000000000000000000e+03 4.862601580065348571e+03 0.000000000000000000e+00
5.000000000000000000e+03 5.336699231206307559e+03 0.000000000000000000e+00
5.000000000000000000e+03 5.857020818056661483e+03 0.000000000000000000e+00
5.000000000000000000e+03 6.428073117284318869e+03 0.000000000000000000e+00
5.000000000000000000e+03 7.054802310718638182e+03 0.000000000000000000e+00
5.000000000000000000e+03 7.742636826811270112e+03 0.000000000000000000e+00
5.000000000000000000e+03 8.497534359086437689e+03 0.000000000000000000e+00
5.000000000000000000e+03 9.326033468832189101e+03 0.000000000000000000e+00
5.000000000000000000e+03 1.023531021899026928e+04 0.000000000000000000e+00
5.000000000000000000e+03 1.123324032978026480e+04 0.000000000000000000e+00
5.000000000000000000e+03 1.232846739442065882e+04 0.000000000000000000e+00
5.000000000000000000e+03 1.353047774579807628e+04 0.000000000000000000e+00
5.000000000000000000e+03 1.484968262254463480e+04 0.000000000000000000e+00
5.000000000000000000e+03 1.629750834620643400e+04 0.000000000000000000e+00
5.000000000000000000e+03 1.788649529057435211e+04 0.000000000000000000e+00
5.000000000000000000e+03 1.963040650040268520e+04 0.000000000000000000e+00
5.000000000000000000e+03 2.154434690031882201e+04 0.000000000000000000e+00
5.000000000000000000e+03 2.364489412645407356e+04 0.000000000000000000e+00
5.000000000000000000e+03 2.595024211399731939e+04 0.000000000000000000e+00
5.000000000000000000e+03 2.848035868435799057e+04 0.000000000000000000e+00
5.000000000000000000e+03 3.125715849688235176e+04 0.000000000000000000e+00
5.000000000000000000e+03 3.430469286314912461e+04 0.000000000000000000e+00
5.000000000000000000e+03 3.764935806792470976e+04 0.000000000000000000e+00
5.000000000000000000e+03 4.132012400115334458e+04 0.000000000000000000e+00
5.000000000000000000e+03 4.534878508128582325e+04 0.000000000000000000e+00
5.000000000000000000e+03 4.977023564332113892e+04 0.000000000000000000e+00
5.000000000000000000e+03 5.462277217684336938e+04 0.000000000000000000e+00
5.000000000000000000e+03 5.994842503189409035e+04 0.000000000000000000e+00
5.000000000000000000e+03 6.579332246575682075e+04 0.000000000000000000e+00
5.000000000000000000e+03 7.220809018385456875e+04 0.000000000000000000e+00
5.000000000000000000e+03 7.924828983539169712e+04 0.000000000000000000e+00
5.000000000000000000e+03 8.697490026177834079e+04 0.000000000000000000e+00
5.000000000000000000e+03 9.545484566618327517e+04 0.000000000000000000e+00
5.000000000000000000e+03 1.047615752789664111e+05 0.000000000000000000e+00
5.000000000000000000e+03 1.149756995397735591e+05 0.000000000000000000e+00
5.000000000000000000e+03 1.261856883066018490e+05 0.000000000000000000e+00
5.000000000000000000e+03 1.384886371393871668e+05 0.000000000000000000e+00
5.000000000000000000e+03 1.519911082952933211e+05 0.000000000000000000e+00
5.000000000000000000e+03 1.668100537200059043e+05 0.000000000000000000e+00
5.000000000000000000e+03 1.830738280295369623e+05 0.000000000000000000e+00
5.000000000000000000e+03 2.009233002565045899e+05 0.000000000000000000e+00
5.000000000000000000e+03 2.205130739903045760e+05 0.000000000000000000e+00
5.000000000000000000e+03 2.420128264794383431e+05 0.000000000000000000e+00
5.000000000000000000e+03 2.656087782946684165e+05 0.000000000000000000e+00
5.000000000000000000e+03 2.915053062825175584e+05 0.000000000000000000e+00
5.000000000000000000e+03 3.199267137797384639e+05 0.000000000000000000e+00
5.000000000000000000e+03 3.511191734215127653e+05 0.000000000000000000e+00
5.000000000000000000e+03 3.853528593710527639e+05 0.000000000000000000e+00
5.000000000000000000e+03 4.229242874389499193e+05 0.000000000000000000e+00
5.000000000000000000e+03 4.641588833612772287e+05 0.000000000000000000e+00
5.000000000000000000e+03 5.094138014816375216e+05 0.000000000000000000e+00
5.000000000000000000e+03 5.590810182512222091e+05 0.000000000000000000e+00
5.000000000000000000e+03 6.135907273413175717e+05 0.000000000000000000e+00
5.000000000000000000e+03 6.734150657750827959e+05 0.000000000000000000e+00
5.000000000000000000e+03 7.390722033525775187e+05 0.000000000000000000e+00
5.000000000000000000e+03 8.111308307896872284e+05 0.000000000000000000e+00
5.000000000000000000e+03 8.902150854450393235e+05 0.000000000000000000e+00
5.000000000000000000e+03 9.770099572992246831e+05 0.000000000000000000e+00
5.000000000000000000e+03 1.072267222010323079e+06 0.000000000000000000e+00
5.000000000000000000e+03 1.176811952434999170e+06 0.000000000000000000e+00
5.000000000000000000e+03 1.291549665014882805e+06 0.000000000000000000e+00
5.000000000000000000e+03 1.417474162926804740e+06 0.000000000000000000e+00
5.000000000000000000e+03 1.555676143930472201e+06 0.000000000000000000e+00
5.000000000000000000e+03 1.707352647470688680e+06 0.000000000000000000e+00
5.000000000000000000e+03 1.873817422860383056e+06 0.000000000000000000e+00
5.000000000000000000e+03 2.056512308348651510e+06 0.000000000000000000e+00
5.000000000000000000e+03 2.257019719633921515e+06 0.000000000000000000e+00
5.000000000000000000e+03 2.477076355991709046e+06 0.000000000000000000e+00
5.000000000000000000e+03 2.718588242732940242e+06 0.000000000000000000e+00
5.000000000000000000e+03 2.983647240283340216e+06 0.000000000000000000e+00
5.000000000000000000e+03 3.274549162877731491e+06 0.000000000000000000e+00
5.000000000000000000e+03 3.593813663804625627e+06 0.000000000000000000e+00
5.000000000000000000e+03 3.944206059437655844e+06 0.000000000000000000e+00
5.000000000000000000e+03 4.328761281083061360e+06 0.000000000000000000e+00
5.000000000000000000e+03 4.750810162102793343e+06 0.000000000000000000e+00
5.000000000000000000e+03 5.214008287999684922e+06 0.000000000000000000e+00
5.000000000000000000e+03 5.722367659350220114e+06 0.000000000000000000e+00
5.000000000000000000e+03 6.280291441834246740e+06 0.000000000000000000e+00
5.000000000000000000e+03 6.892612104349695146e+06 0.000000000000000000e+00
5.000000000000000000e+03 7.564633275546290912e+06 0.000000000000000000e+00
5.000000000000000000e+03 8.302175681319751777e+06 0.000000000000000000e+00
5.000000000000000000e+03 9.111627561154887080e+06 0.000000000000000000e+00
5.000000000000000000e+03 1.000000000000000000e+07 0.000000000000000000e+00
7.000000000000000000e+03 1.000000000000000000e+02 1.201209164962096718e-02
7.000000000000000000e+03 1.023531021899025859e+02 1.137561662474385893e-02
7.000000000000000000e+03 1.047615752789664043e+02 1.074799927584405360e-02
7.000000000000000000e+03 1.072267222010323167e+02 1.012893914703852545e-02
7.000000000000000000e+03 1.097498765493055686e+02 9.518141393026289393e-03
7.000000000000000000e+03 1.123324032978026565e+02 8.915316623226806486e-03
7.000000000000000000e+03 1.149756995397735579e+02 8.320180748229669132e-03
7.000000000000000000e+03 1.176811952434997863e+02 7.732454829232225137e-03
7.000000000000000000e+03 1.204503540258782408e+02 7.151864928334403237e-03
7.000000000000000000e+03 1.232846739442065882e+02 6.578141943677799121e-03
7.000000000000000000e+03 1.261856883066019748e+02 6.011021483621707857e-03
7.000000000000000000e+03 1.291549665014883885e+02 5.450243641823070834e-03
7.000000000000000000e+03 1.321941148466028721e+02 4.895552743360552864e-03
7.000000000000000000e+03 1.353047774579807481e+02 4.346697560761547501e-03
7.000000000000000000e+03 1.384886371393873219e+02 3.803430270224532860e-03
7.000000000000000000e+03 1.417474162926804695e+02 3.265507529382724681e-03
7.000000000000000000e+03 1.450828778495940128e+02 2.732689312261315281e-03
7.000000000000000000e+03 1.484968262254465117e+02 2.204739336902977135e-03
7.000000000000000000e+03 1.519911082952933157e+02 1.681424807019502162e-03
7.000000000000000000e+03 1.555676143930472222e+02 1.162516355229507642e-03
7.000000000000000000e+03 1.592282793341092315e+02 6.477882031439584137e-04
7.000000000000000000e+03 1.629750834620643332e+02 1.370199944526601901e-04
7.000000000000000000e+03 1.668100537200059250e+02 0.000000000000000000e+00
7.000000000000000000e+03 1.707352647470690385e+02 0.000000000000000000e+00
7.000000000000000000e+03 1.747528400007682876e+02 0.000000000000000000e+00
7.000000000000000000e+03 1.788649529057435075e+02 0.000000000000000000e+00
7.000000000000000000e+03 1.830738280295367701e+02 0.000000000000000000e+00
7.000000000000000000e+03 1.873817422860383033e+02 0.000000000000000000e+00
7.000000000000000000e+03 1.917910261672488730e+02 0.000000000000000000e+00
7.000000000000000000e+03 1.963040650040270521e+02 0.000000000000000000e+00
7.000000000000000000e+03 2.009233002565045751e+02 0.000000000000000000e+00
7.000000000000000000e+03 2.056512308348651459e+02 0.000000000000000000e+00
7.000000000000000000e+03 2.104904144512019855e+02 0.000000000000000000e+00
7.000000000000000000e+03 2.154434690031882269e+02 0.000000000000000000e+00
7.000000000000000000e+03 2.205130739903045480e+02 0.000000000000000000e+00
7.000000000000000000e+03 2.257019719633919124e+02 0.000000000000000000e+00
7.000000000000000000e+03 2.310129700083157900e+02 0.000000000000000000e+00
7.000000000000000000e+03 2.364489412645407072e+02 0.000000000000000000e+00
7.000000000000000000e+03 2.420128264794381039e+02 0.000000000000000000e+00
7.000000000000000000e+03 2.477076355991711409e+02 0.000000000000000000e+00
7.000000000000000000e+03 2.535364493970111539e+02 0.000000000000000000e+00
7.000000000000000000e+03 2.595024211399737055e+02 0.000000000000000000e+00
7.000000000000000000e+03 2.656087782946686957e+02 0.000000000000000000e+00
7.000000000000000000e+03 2.718588242732940330e+02 0.000000000000000000e+00
7.000000000000000000e+03 2.782559402207126027e+02 0.000000000000000000e+00
7.000000000000000000e+03 2.848035868435802058e+02 0.000000000000000000e+00
7.000000000000000000e+03 2.915053062825175516e+02 0.000000000000000000e+00
7.000000000000000000e+03 2.983647240283340238e+02 0.000000000000000000e+00
7.000000000000000000e+03 3.053855508833415797e+02 0.000000000000000000e+00
7.000000000000000000e+03 3.125715849688235153e+02 0.000000000000000000e+00
7.000000000000000000e+03 3.199267137797384635e+02 0.000000000000000000e+00
7.000000000000000000e+03 3.274549162877728463e+02 0.000000000000000000e+00
7.000000000000000000e+03 3.351602650938841066e+02 0.000000000000000000e+00
7.000000000000000000e+03 3.430469286314919373e+02 0.000000000000000000e+00
7.000000000000000000e+03 3.511191734215130964e+02 0.000000000000000000e+00
7.000000000000000000e+03 3.593813663804625662e+02 0.000000000000000000e+00
7.000000000000000000e+03 3.678379771828634262e+02 0.000000000000000000e+00
7.000000000000000000e+03 3.764935806792467474e+02 0.000000000000000000e+00
7.000000000000000000e+03 3.853528593710527161e+02 0.000000000000000000e+00
7.000000000000000000e+03 3.944206059437656222e+02 0.000000000000000000e+00
7.000000000000000000e+03 4.037017258596553688e+02 0.000000000000000000e+00
7.000000000000000000e+03 4.132012400115334572e+02 0.000000000000000000e+00
7.000000000000000000e+03 4.229242874389498752e+02 0.000000000000000000e+00
7.000000000000000000e+03 4.328761281083056929e+02 0.000000000000000000e+00
7.000000000000000000e+03 4.430621457583877714e+02 0.000000000000000000e+00
7.000000000000000000e+03 4.534878508128581984e+02 0.000000000000000000e+00
7.000000000000000000e+03 4.641588833612777307e+02 0.000000000000000000e+00
7.000000000000000000e+03 4.750810162102798131e+02 0.000000000000000000e+00
7.000000000000000000e+03 4.862601580065353346e+02 0.000000000000000000e+00
7.000000000000000000e+03 4.977023564332108663e+02 0.000000000000000000e+00
7.000000000000000000e+03 5.094138014816380178e+02 0.000000000000000000e+00
7.000000000000000000e+03 5.214008287999683944e+02 0.000000000000000000e+00
7.000000000000000000e+03 5.336699231206307559e+02 0.000000000000000000e+00
7.000000000000000000e+03 5.462277217684342077e+02 0.000000000000000000e+00
7.000000000000000000e+03 5.590810182512223037e+02 0.000000000000000000e+00
7.000000000000000000e+03 5.722367659350220492e+02 0.000000000000000000e+00
7.000000000000000000e+03 5.857020818056666940e+02 0.000000000000000000e+00
7.000000000000000000e+03 5.994842503189408944e+02 0.000000000000000000e+00
7.000000000000000000e+03 6.135907273413175744e+02 0.000000000000000000e+00
7.000000000000000000e+03 6.280291441834252737e+02 0.000000000000000000e+00
7.000000000000000000e+03 6.428073117284319551e+02 0.000000000000000000e+00
7.000000000000000000e+03 6.579332246575681893e+02 0.000000000000000000e+00
7.000000000000000000e+03 6.734150657750820983e+02 0.000000000000000000e+00
7.000000000000000000e+03 6.892612104349694846e+02 0.000000000000000000e+00
7.000000000000000000e+03 7.054802310718645231e+02 0.000000000000000000e+00
7.000000000000000000e+03 7.220809018385464242e+02 0.000000000000000000e+00
7.000000000000000000e+03 7.390722033525775032e+02 0.000000000000000000e+00
7.000000000000000000e+03 7.564633275546290179e+02 0.000000000000000000e+00
7.000000000000000000e+03 7.742636826811269657e+02 0.000000000000000000e+00
7.000000000000000000e+03 7.924828983539169940e+02 0.000000000000000000e+00
7.000000000000000000e+03 8.111308307896872520e+02 0.000000000000000000e+00
7.000000000000000000e+03 8.302175681319744172e+02 0.000000000000000000e+00
7.000000000000000000e+03 8.497534359086438371e+02 0.000000000000000000e+00
7.000000000000000000e+03 8.697490026177833897e+02 0.000000000000000000e+00
7.000000000000000000e+03 8.902150854450383122e+02 0.000000000000000000e+00
7.000000000000000000e+03 9.111627561154896284e+02 0.000000000000000000e+00
7.000000000000000000e+03 9.326033468832199560e+02 0.000000000000000000e+00
7.000000000000000000e+03 9.545484566618337112e+02 0.000000000000000000e+00
7.000000000000000000e+03 9.770099572992256753e+02 0.000000000000000000e+00
7.000000000000000000e+03 1.000000000000000000e+03 0.000000000000000000e+00
7.000000000000000000e+03 1.000000000000000000e+03 0.000000000000000000e+00
7.000000000000000000e+03 1.097498765493055544e+03 0.000000000000000000e+00
7.000000000000000000e+03 1.204503540258781186e+03 0.000000000000000000e+00
7.000000000000000000e+03 1.321941148466028608e+03 0.000000000000000000e+00
7.000000000000000000e+03 1.450828778495938650e+03 0.000000000000000000e+00
7.000000000000000000e+03 1.592282793341090610e+03 0.000000000000000000e+00
7.000000000000000000e+03 1.747528400007682876e+03 0.000000000000000000e+00
7.000000000000000000e+03 1.917910261672486740e+03 0.000000000000000000e+00
7.000000000000000000e+03 2.104904144512019684e+03 0.000000000000000000e+00
7.000000000000000000e+03 2.310129700083158241e+03 0.000000000000000000e+00
7.000000000000000000e+03 2.535364493970108924e+03 0.000000000000000000e+00
7.000000000000000000e+03 2.782559402207123185e+03 0.000000000000000000e+00
7.000000000000000000e+03 3.053855508833412387e+03 0.000000000000000000e+00
7.000000000000000000e+03 3.351602650938840725e+03 0.000000000000000000e+00
7.000000000000000000e+03 3.678379771828630510e+03 0.000000000000000000e+00
7.000000000000000000e+03 4.037017258596553802e+03 0.000000000000000000e+00
7.000000000000000000e+03 4.430621457583877600e+03 0.000000000000000000e+00
7.000000000000000000e+03 4.862601580065348571e+03 0.000000000000000000e+00
7.000000000000000000e+03 5.336699231206307559e+03 0.000000000000000000e+00
7.000000000000000000e+03 5.857020818056661483e+03 0.000000000000000000e+00
7.000000000000000000e+03 6.428073117284318869e+03 0.000000000000000000e+00
7.000000000000000000e+03 7.054802310718638182e+03 0.000000000000000000e+00
7.000000000000000000e+03 7.742636826811270112e+03 0.000000000000000000e+00
7.000000000000000000e+03 8.497534359086437689e+03 0.000000000000000000e+00
7.000000000000000000e+03 9.326033468832189101e+03 0.000000000000000000e+00
7.000000000000000000e+03 1.023531021899026928e+04 0.000000000000000000e+00
7.000000000000000000e+03 1.123324032978026480e+04 0.000000000000000000e+00
7.000000000000000000e+03 1.232846739442065882e+04 0.000000000000000000e+00
7.000000000000000000e+03 1.353047774579807628e+04 0.000000000000000000e+00
7.000000000000000000e+03 1.484968262254463480e+04 0.000000000000000000e+00
7.000000000000000000e+03 1.629750834620643400e+04 0.000000000000000000e+00
7.000000000000000000e+03 1.788649529057435211e+04 0.000000000000000000e+00
7.000000000000000000e+03 1.963040650040268520e+04 0.000000000000000000e+00
7.000000000000000000e+03 2.154434690031882201e+04 0.000000000000000000e+00
7.000000000000000000e+03 2.364489412645407356e+04 0.000000000000000000e+00
7.000000000000000000e+03 2.595024211399731939e+04 0.000000000000000000e+00
7.000000000000000000e+03 2.848035868435799057e+04 0.000000000000000000e+00
7.000000000000000000e+03 3.125715849688235176e+04 0.000000000000000000e+00
7.000000000000000000e+03 3.430469286314912461e+04 0.000000000000000000e+00
7.000000000000000000e+03 3.764935806792470976e+04 0.000000000000000000e+00
7.000000000000000000e+03 4.132012400115334458e+04 0.000000000000000000e+00
7.000000000000000000e+03 4.534878508128582325e+04 0.000000000000000000e+00
7.000000000000000000e+03 4.977023564332113892e+04 0.000000000000000000e+00
7.000000000000000000e+03 5.462277217684336938e+04 0.000000000000000000e+00
7.000000000000000000e+03 5.994842503189409035e+04 0.000000000000000000e+00
7.000000000000000000e+03 6.579332246575682075e+04 0.000000000000000000e+00
7.000000000000000000e+03 7.220809018385456875e+04 0.000000000000000000e+00
7.000000000000000000e+03 7.924828983539169712e+04 0.000000000000000000e+00
7.000000000000000000e+03 8.697490026177834079e+04 0.000000000000000000e+00
7.000000000000000000e+03 9.545484566618327517e+04 0.000000000000000000e+00
7.000000000000000000e+03 1.047615752789664111e+05 0.000000000000000000e+00
7.000000000000000000e+03 1.149756995397735591e+05 0.000000000000000000e+00
7.000000000000000000e+03 1.261856883066018490e+05 0.000000000000000000e+00
7.000000000000000000e+03 1.384886371393871668e+05 0.000000000000000000e+00
7.000000000000000000e+03 1.519911082952933211e+05 0.000000000000000000e+00
7.000000000000000000e+03 1.668100537200059043e+05 0.000000000000000000e+00
7.000000000000000000e+03 1.830738280295369623e+05 0.000000000000000000e+00
7.000000000000000000e+03 2.009233002565045899e+05 0.000000000000000000e+00
7.000000000000000000e+03 2.205130739903045760e+05 0.000000000000000000e+00
7.000000000000000000e+03 2.420128264794383431e+05 0.000000000000000000e+00
7.000000000000000000e+03 2.656087782946684165e+05 0.000000000000000000e+00
7.000000000000000000e+03 2.915053062825175584e+05 0.000000000000000000e+00
7.000000000000000000e+03 3.199267137797384639e+05 0.000000000000000000e+00
7.000000000000000000e+03 3.511191734215127653e+05 0.000000000000000000e+00
7.000000000000000000e+03 3.853528593710527639e+05 0.000000000000000000e+00
7.000000000000000000e+03 4.229242874389499193e+05 0.000000000000000000e+00
7.000000000000000000e+03 4.641588833612772287e+05 0.000000000000000000e+00
7.000000000000000000e+03 5.094138014816375216e+05 0.000000000000000000e+00
7.000000000000000000e+03 5.590810182512222091e+05 0.000000000000000000e+00
7.000000000000000000e+03 6.135907273413175717e+05 0.000000000000000000e+00
7.000000000000000000e+03 6.734150657750827959e+05 0.000000000000000000e+00
7.000000000000000000e+03 7.390722033525775187e+05 0.000000000000000000e+00
7.000000000000000000e+03 8.111308307896872284e+05 0.000000000000000000e+00
7.000000000000000000e+03 8.902150854450393235e+05 0.000000000000000000e+00
7.000000000000000000e+03 9.770099572992246831e+05 0.000000000000000000e+00
7.000000000000000000e+03 1.072267222010323079e+06 0.000000000000000000e+00
7.000000000000000000e+03 1.176811952434999170e+06 0.000000000000000000e+00
7.000000000000000000e+03 1.291549665014882805e+06 0.000000000000000000e+00
7.000000000000000000e+03 1.417474162926804740e+06 0.000000000000000000e+00
7.000000000000000000e+03 1.555676143930472201e+06 0.000000000000000000e+00
7.000000000000000000e+03 1.707352647470688680e+06 0.000000000000000000e+00
7.000000000000000000e+03 1.873817422860383056e+06 0.000000000000000000e+00
7.000000000000000000e+03 2.056512308348651510e+06 0.000000000000000000e+00
7.000000000000000000e+03 2.257019719633921515e+06 0.000000000000000000e+00
7.000000000000000000e+03 2.477076355991709046e+06 0.000000000000000000e+00
7.000000000000000000e+03 2.718588242732940242e+06 0.000000000000000000e+00
7.000000000000000000e+03 2.983647240283340216e+06 0.000000000000000000e+00
7.000000000000000000e+03 3.274549162877731491e+06 0.000000000000000000e+00
7.000000000000000000e+03 3.593813663804625627e+06 0.000000000000000000e+00
7.000000000000000000e+03 3.944206059437655844e+06 0.000000000000000000e+00
7.000000000000000000e+03 4.328761281083061360e+06 0.000000000000000000e+00
7.000000000000000000e+03 4.750810162102793343e+06 0.000000000000000000e+00
7.000000000000000000e+03 5.214008287999684922e+06 0.000000000000000000e+00
7.000000000000000000e+03 5.722367659350220114e+06 0.000000000000000000e+00
7.000000000000000000e+03 6.280291441834246740e+06 0.000000000000000000e+00
7.000000000000000000e+03 6.892612104349695146e+06 0.000000000000000000e+00
7.000000000000000000e+03 7.564633275546290912e+06 0.000000000000000000e+00
7.000000000000000000e+03 8.302175681319751777e+06 0.000000000000000000e+00
7.000000000000000000e+03 9.111627561154887080e+06 0.000000000000000000e+00
7.000000000000000000e+03 1.000000000000000000e+07 0.000000000000000000e+00
1.000000000000000000e+04 1.000000000000000000e+02 8.702186115925939630e-03
1.000000000000000000e+04 1.023531021899025859e+02 8.246467622612517478e-03
1.000000000000000000e+04 1.047615752789664043e+02 7.796637582780365124e-03
1.000000000000000000e+04 1.072267222010323167e+02 7.352478299338855751e-03
1.000000000000000000e+04 1.097498765493055686e+02 6.913776005731573152e-03
1.000000000000000000e+04 1.123324032978026565e+02 6.480320771002357795e-03
1.000000000000000000e+04 1.149756995397735579e+02 6.051906407145654122e-03
1.000000000000000000e+04 1.176811952434997863e+02 5.628330379074853070e-03
1.000000000000000000e+04 1.204503540258782408e+02 5.209393715947154523e-03
1.000000000000000000e+04 1.232846739442065882e+02 4.794900914699244676e-03
1.000000000000000000e+04 1.261856883066019748e+02 4.384659866253867201e-03
1.000000000000000000e+04 1.291549665014883885e+02 3.978481727591906721e-03
1.000000000000000000e+04 1.321941148466028721e+02 3.576180776388056693e-03
1.000000000000000000e+04 1.353047774579807481e+02 3.177574533430976757e-03
1.000000000000000000e+04 1.384886371393873219e+02 2.782483177766531188e-03
1.000000000000000000e+04 1.417474162926804695e+02 2.390730148508564586e-03
1.000000000000000000e+04 1.450828778495940128e+02 2.002141496721462390e-03
1.000000000000000000e+04 1.484968262254465117e+02 1.616546122226338597e-03
1.000000000000000000e+04 1.519911082952933157e+02 1.233775630993409539e-03
1.000000000000000000e+04 1.555676143930472222e+02 8.536643042398234021e-04
1.000000000000000000e+04 1.592282793341092315e+02 4.760491926429863971e-04
1.000000000000000000e+04 1.629750834620643332e+02 1.007711746357986890e-04
1.000000000000000000e+04 1.668100537200059250e+02 0.000000000000000000e+00
1.000000000000000000e+04 1.707352647470690385e+02 0.000000000000000000e+00
1.000000000000000000e+04 1.747528400007682876e+02 0.000000000000000000e+00
1.000000000000000000e+04 1.788649529057435075e+02 0.000000000000000000e+00
1.000000000000000000e+04 1.830738280295367701e+02 0.000000000000000000e+00
1.000000000000000000e+04 1.873817422860383033e+02 0.000000000000000000e+00
1.000000000000000000e+04 1.917910261672488730e+02 0.000000000000000000e+00
1.000000000000000000e+04 1.963040650040270521e+02 0.000000000000000000e+00
1.000000000000000000e+04 2.009233002565045751e+02 0.000000000000000000e+00
1.000000000000000000e+04 2.056512308348651459e+02 0.000000000000000000e+00
1.000000000000000000e+04 2.104904144512019855e+02 0.000000000000000000e+00
1.000000000000000000e+04 2.154434690031882269e+02 0.000000000000000000e+00
1.000000000000000000e+04 2.205130739903045480e+02 0.000000000000000000e+00
1.000000000000000000e+04 2.257019719633919124e+02 0.000000000000000000e+00
1.000000000000000000e+04 2.310129700083157900e+02 0.000000000000000000e+00
1.000000000000000000e+04 2.364489412645407072e+02 0.000000000000000000e+00
1.000000000000000000e+04 2.420128264794381039e+02 0.000000000000000000e+00
1.000000000000000000e+04 2.477076355991711409e+02 0.000000000000000000e+00
1.000000000000000000e+04 2.535364493970111539e+02 0.000000000000000000e+00
1.000000000000000000e+04 2.595024211399737055e+02 0.000000000000000000e+00
1.000000000000000000e+04 2.656087782946686957e+02 0.000000000000000000e+00
1.000000000000000000e+04 2.718588242732940330e+02 0.000000000000000000e+00
1.000000000000000000e+04 2.782559402207126027e+02 0.000000000000000000e+00
1.000000000000000000e+04 2.848035868435802058e+02 0.000000000000000000e+00
1.000000000000000000e+04 2.915053062825175516e+02 0.000000000000000000e+00
1.000000000000000000e+04 2.983647240283340238e+02 0.000000000000000000e+00
1.000000000000000000e+04 3.053855508833415797e+02 0.000000000000000000e+00
1.000000000000000000e+04 3.125715849688235153e+02 0.000000000000000000e+00
1.000000000000000000e+04 3.199267137797384635e+02 0.000000000000000000e+00
1.000000000000000000e+04 3.274549162877728463e+02 0.000000000000000000e+00
1.000000000000000000e+04 3.351602650938841066e+02 0.000000000000000000e+00
1.000000000000000000e+04 3.430469286314919373e+02 0.000000000000000000e+00
1.000000000000000000e+04 3.511191734215130964e+02 0.000000000000000000e+00
1.000000000000000000e+04 3.593813663804625662e+02 0.000000000000000000e+00
1.000000000000000000e+04 3.678379771828634262e+02 0.000000000000000000e+00
1.000000000000000000e+04 3.764935806792467474e+02 0.000000000000000000e+00
1.000000000000000000e+04 3.853528593710527161e+02 0.000000000000000000e+00
1.000000000000000000e+04 3.944206059437656222e+02 0.000000000000000000e+00
1.000000000000000000e+04 4.037017258596553688e+02 0.000000000000000000e+00
1.000000000000000000e+04 4.132012400115334572e+02 0.000000000000000000e+00
1.000000000000000000e+04 4.229242874389498752e+02 0.000000000000000000e+00
1.000000000000000000e+04 4.328761281083056929e+02 0.000000000000000000e+00
1.000000000000000000e+04 4.430621457583877714e+02 0.000000000000000000e+00
1.000000000000000000e+04 4.534878508128581984e+02 0.000000000000000000e+00
1.000000000000000000e+04 4.641588833612777307e+02 0.000000000000000000e+00
1.000000000000000000e+04 4.750810162102798131e+02 0.000000000000000000e+00
1.000000000000000000e+04 4.862601580065353346e+02 0.000000000000000000e+00
1.000000000000000000e+04 4.977023564332108663e+02 0.000000000000000000e+00
1.000000000000000000e+04 5.094138014816380178e+02 0.000000000000000000e+00
1.000000000000000000e+04 5.214008287999683944e+02 0.000000000000000000e+00
1.000000000000000000e+04 5.336699231206307559e+02 0.000000000000000000e+00
1.000000000000000000e+04 5.462277217684342077e+02 0.000000000000000000e+00
1.000000000000000000e+04 5.590810182512223037e+02 0.000000000000000000e+00
1.000000000000000000e+04 5.722367659350220492e+02 0.000000000000000000e+00
1.000000000000000000e+04 5.857020818056666940e+02 0.000000000000000000e+00
1.000000000000000000e+04 5.994842503189408944e+02 0.000000000000000000e+00
1.000000000000000000e+04 6.135907273413175744e+02 0.000000000000000000e+00
1.000000000000000000e+04 6.280291441834252737e+02 0.000000000000000000e+00
1.000000000000000000e+04 6.428073117284319551e+02 0.000000000000000000e+00
1.000000000000000000e+04 6.579332246575681893e+02 0.000000000000000000e+00
1.000000000000000000e+04 6.734150657750820983e+02 0.000000000000000000e+00
1.000000000000000000e+04 6.892612104349694846e+02 0.000000000000000000e+00
1.000000000000000000e+04 7.054802310718645231e+02 0.000000000000000000e+00
1.000000000000000000e+04 7.220809018385464242e+02 0.000000000000000000e+00
1.000000000000000000e+04 7.390722033525775032e+02 0.000000000000000000e+00
1.000000000000000000e+04 7.564633275546290179e+02 0.000000000000000000e+00
1.000000000000000000e+04 7.742636826811269657e+02 0.000000000000000000e+00
1.000000000000000000e+04 7.924828983539169940e+02 0.000000000000000000e+00
1.000000000000000000e+04 8.111308307896872520e+02 0.000000000000000000e+00
1.000000000000000000e+04 8.302175681319744172e+02 0.000000000000000000e+00
1.000000000000000000e+04 8.497534359086438371e+02 0.000000000000000000e+00
1.000000000000000000e+04 8.697490026177833897e+02 0.000000000000000000e+00
1.000000000000000000e+04 8.902150854450383122e+02 0.000000000000000000e+00
1.000000000000000000e+04 9.111627561154896284e+02 0.000000000000000000e+00
1.000000000000000000e+04 9.326033468832199560e+02 0.000000000000000000e+00
1.000000000000000000e+04 9.545484566618337112e+02 0.000000000000000000e+00
1.000000000000000000e+04 9.770099572992256753e+02 0.000000000000000000e+00
1.000000000000000000e+04 1.000000000000000000e+03 0.000000000000000000e+00
1.000000000000000000e+04 1.000000000000000000e+03 0.000000000000000000e+00
1.000000000000000000e+04 1.097498765493055544e+03 0.000000000000000000e+00
1.000000000000000000e+04 1.204503540258781186e+03 0.000000000000000000e+00
1.000000000000000000e+04 1.321941148466028608e+03 0.000000000000000000e+00
1.000000000000000000e+04 1.450828778495938650e+03 0.000000000000000000e+00
1.000000000000000000e+04 1.592282793341090610e+03 0.000000000000000000e+00
1.000000000000000000e+04 1.747528400007682876e+03 0.000000000000000000e+00
1.000000000000000000e+04 1.917910261672486740e+03 0.000000000000000000e+00
1.000000000000000000e+04 2.104904144512019684e+03 0.000000000000000000e+00
1.000000000000000000e+04 2.310129700083158241e+03 0.000000000000000000e+00
1.000000000000000000e+04 2.535364493970108924e+03 0.000000000000000000e+00
1.000000000000000000e+04 2.782559402207123185e+03 0.000000000000000000e+00
1.000000000000000000e+04 3.053855508833412387e+03 0.000000000000000000e+00
1.000000000000000000e+04 3.351602650938840725e+03 0.000000000000000000e+00
1.000000000000000000e+04 3.678379771828630510e+03 0.000000000000000000e+00
1.000000000000000000e+04 4.037017258596553802e+03 0.000000000000000000e+00
1.000000000000000000e+04 4.430621457583877600e+03 0.000000000000000000e+00
1.000000000000000000e+04 4.862601580065348571e+03 0.000000000000000000e+00
1.000000000000000000e+04 5.336699231206307559e+03 0.000000000000000000e+00
1.000000000000000000e+04 5.857020818056661483e+03 0.000000000000000000e+00
1.000000000000000000e+04 6.428073117284318869e+03 0.000000000000000000e+00
1.000000000000000000e+04 7.054802310718638182e+03 0.000000000000000000e+00
1.000000000000000000e+04 7.742636826811270112e+03 0.000000000000000000e+00
1.000000000000000000e+04 8.497534359086437689e+03 0.000000000000000000e+00
1.000000000000000000e+04 9.326033468832189101e+03 0.000000000000000000e+00
1.000000000000000000e+04 1.023531021899026928e+04 0.000000000000000000e+00
1.000000000000000000e+04 1.123324032978026480e+04 0.000000000000000000e+00
1.000000000000000000e+04 1.232846739442065882e+04 0.000000000000000000e+00
1.000000000000000000e+04 1.353047774579807628e+04 0.000000000000000000e+00
1.000000000000000000e+04 1.484968262254463480e+04 0.000000000000000000e+00
1.000000000000000000e+04 1.629750834620643400e+04 0.000000000000000000e+00
1.000000000000000000e+04 1.788649529057435211e+04 0.000000000000000000e+00
1.000000000000000000e+04 1.963040650040268520e+04 0.000000000000000000e+00
1.000000000000000000e+04 2.154434690031882201e+04 0.000000000000000000e+00
1.000000000000000000e+04 2.364489412645407356e+04 0.000000000000000000e+00
1.000000000000000000e+04 2.595024211399731939e+04 0.000000000000000000e+00
1.000000000000000000e+04 2.848035868435799057e+04 0.000000000000000000e+00
1.000000000000000000e+04 3.125715849688235176e+04 0.000000000000000000e+00
1.000000000000000000e+04 3.430469286314912461e+04 0.000000000000000000e+00
1.000000000000000000e+04 3.764935806792470976e+04 0.000000000000000000e+00
1.000000000000000000e+04 4.132012400115334458e+04 0.000000000000000000e+00
1.000000000000000000e+04 4.534878508128582325e+04 0.000000000000000000e+00
1.000000000000000000e+04 4.977023564332113892e+04 0.000000000000000000e+00
1.000000000000000000e+04 5.462277217684336938e+04 0.000000000000000000e+00
1.000000000000000000e+04 5.994842503189409035e+04 0.000000000000000000e+00
1.000000000000000000e+04 6.579332246575682075e+04 0.000000000000000000e+00
1.000000000000000000e+04 7.220809018385456875e+04 0.000000000000000000e+00
1.000000000000000000e+04 7.924828983539169712e+04 0.000000000000000000e+00
1.000000000000000000e+04 8.697490026177834079e+04 0.000000000000000000e+00
1.000000000000000000e+04 9.545484566618327517e+04 0.000000000000000000e+00
1.000000000000000000e+04 1.047615752789664111e+05 0.000000000000000000e+00
1.000000000000000000e+04 1.149756995397735591e+05 0.000000000000000000e+00
1.000000000000000000e+04 1.261856883066018490e+05 0.000000000000000000e+00
1.000000000000000000e+04 1.384886371393871668e+05 0.000000000000000000e+00
1.000000000000000000e+04 1.519911082952933211e+05 0.000000000000000000e+00
1.000000000000000000e+04 1.668100537200059043e+05 0.000000000000000000e+00
1.000000000000000000e+04 1.830738280295369623e+05 0.000000000000000000e+00
1.000000000000000000e+04 2.009233002565045899e+05 0.000000000000000000e+00
1.000000000000000000e+04 2.205130739903045760e+05 0.000000000000000000e+00
1.000000000000000000e+04 2.420128264794383431e+05 0.000000000000000000e+00
1.000000000000000000e+04 2.656087782946684165e+05 0.000000000000000000e+00
1.000000000000000000e+04 2.915053062825175584e+05 0.000000000000000000e+00
1.000000000000000000e+04 3.199267137797384639e+05 0.000000000000000000e+00
1.000000000000000000e+04 3.511191734215127653e+05 0.000000000000000000e+00
1.000000000000000000e+04 3.853528593710527639e+05 0.000000000000000000e+00
1.000000000000000000e+04 4.229242874389499193e+05 0.000000000000000000e+00
1.000000000000000000e+04 4.641588833612772287e+05 0.000000000000000000e+00
1.000000000000000000e+04 5.094138014816375216e+05 0.000000000000000000e+00
1.000000000000000000e+04 5.590810182512222091e+05 0.000000000000000000e+00
1.000000000000000000e+04 6.135907273413175717e+05 0.000000000000000000e+00
1.000000000000000000e+04 6.734150657750827959e+05 0.000000000000000000e+00
1.000000000000000000e+04 7.390722033525775187e+05 0.000000000000000000e+00
1.000000000000000000e+04 8.111308307896872284e+05 0.000000000000000000e+00
1.000000000000000000e+04 8.902150854450393235e+05 0.000000000000000000e+00
1.000000000000000000e+04 9.770099572992246831e+05 0.000000000000000000e+00
1.000000000000000000e+04 1.072267222010323079e+06 0.000000000000000000e+00
1.000000000000000000e+04 1.176811952434999170e+06 0.000000000000000000e+00
1.000000000000000000e+04 1.291549665014882805e+06 0.000000000000000000e+00
1.000000000000000000e+04 1.417474162926804740e+06 0.000000000000000000e+00
1.000000000000000000e+04 1.555676143930472201e+06 0.000000000000000000e+00
1.000000000000000000e+04 1.707352647470688680e+06 0.000000000000000000e+00
1.000000000000000000e+04 1.873817422860383056e+06 0.000000000000000000e+00
1.000000000000000000e+04 2.056512308348651510e+06 0.000000000000000000e+00
1.000000000000000000e+04 2.257019719633921515e+06 0.000000000000000000e+00
1.000000000000000000e+04 2.477076355991709046e+06 0.000000000000000000e+00
1.000000000000000000e+04 2.718588242732940242e+06 0.000000000000000000e+00
1.000000000000000000e+04 2.983647240283340216e+06 0.000000000000000000e+00
1.000000000000000000e+04 3.274549162877731491e+06 0.000000000000000000e+00
1.000000000000000000e+04 3.593813663804625627e+06 0.000000000000000000e+00
1.000000000000000000e+04 3.944206059437655844e+06 0.000000000000000000e+00
1.000000000000000000e+04 4.328761281083061360e+06 0.000000000000000000e+00
1.000000000000000000e+04 4.750810162102793343e+06 0.000000000000000000e+00
1.000000000000000000e+04 5.214008287999684922e+06 0.000000000000000000e+00
1.000000000000000000e+04 5.722367659350220114e+06 0.000000000000000000e+00
1.000000000000000000e+04 6.280291441834246740e+06 0.000000000000000000e+00
1.000000000000000000e+04 6.892612104349695146e+06 0.000000000000000000e+00
1.000000000000000000e+04 7.564633275546290912e+06 0.000000000000000000e+00
1.000000000000000000e+04 8.302175681319751777e+06 0.000000000000000000e+00
1.000000000000000000e+04 9.111627561154887080e+06 0.000000000000000000e+00
1.000000000000000000e+04 1.000000000000000000e+07 0.000000000000000000e+00
2.000000000000000000e+04 1.000000000000000000e+02 4.541850775359262092e-03
2.000000000000000000e+04 1.023531021899025859e+02 4.307878489727715206e-03
2.000000000000000000e+04 1.047615752789664043e+02 4.076624271339093601e-03
2.000000000000000000e+04 1.072267222010323167e+02 3.847971524050310035e-03
2.000000000000000000e+04 1.097498765493055686e+02 3.621805414101713499e-03
2.000000000000000000e+04 1.123324032978026565e+02 3.398012822156581264e-03
2.000000000000000000e+04 1.149756995397735579e+02 3.176482296856545859e-03
2.000000000000000000e+04 1.176811952434997863e+02 2.957104010040587615e-03
2.000000000000000000e+04 1.204503540258782408e+02 2.739769713157907266e-03
2.000000000000000000e+04 1.232846739442065882e+02 2.524372691387788154e-03
2.000000000000000000e+04 1.261856883066019748e+02 2.310807727104800206e-03
2.000000000000000000e+04 1.291549665014883885e+02 2.098971043933119986e-03
2.000000000000000000e+04 1.321941148466028721e+02 1.888760244288691017e-03
2.000000000000000000e+04 1.353047774579807481e+02 1.680074350668209248e-03
2.000000000000000000e+04 1.384886371393873219e+02 1.472813579957360248e-03
2.000000000000000000e+04 1.417474162926804695e+02 1.266879565514665313e-03
2.000000000000000000e+04 1.450828778495940128e+02 1.062175111341508767e-03
2.000000000000000000e+04 1.484968262254465117e+02 8.586042777016147497e-04
2.000000000000000000e+04 1.519911082952933157e+02 6.560723267147352926e-04
2.000000000000000000e+04 1.555676143930472222e+02 4.544857104562365080e-04
2.000000000000000000e+04 1.592282793341092315e+02 2.537521082103281686e-04
2.000000000000000000e+04 1.629750834620643332e+02 5.378083453358479149e-05
2.000000000000000000e+04 1.668100537200059250e+02 0.000000000000000000e+00
2.000000000000000000e+04 1.707352647470690385e+02 0.000000000000000000e+00
2.000000000000000000e+04 1.747528400007682876e+02 0.000000000000000000e+00
2.000000000000000000e+04 1.788649529057435075e+02 0.000000000000000000e+00
2.000000000000000000e+04 1.830738280295367701e+02 0.000000000000000000e+00
2.000000000000000000e+04 1.873817422860383033e+02 0.000000000000000000e+00
2.000000000000000000e+04 1.917910261672488730e+02 0.000000000000000000e+00
2.000000000000000000e+04 1.963040650040270521e+02 0.000000000000000000e+00
2.000000000000000000e+04 2.009233002565045751e+02 0.000000000000000000e+00
2.000000000000000000e+04 2.056512308348651459e+02 0.000000000000000000e+00
2.000000000000000000e+04 2.104904144512019855e+02 0.000000000000000000e+00
2.000000000000000000e+04 2.154434690031882269e+02 0.000000000000000000e+00
2.000000000000000000e+04 2.205130739903045480e+02 0.000000000000000000e+00
2.000000000000000000e+04 2.257019719633919124e+02 0.000000000000000000e+00
2.000000000000000000e+04 2.310129700083157900e+02 0.000000000000000000e+00
2.000000000000000000e+04 2.364489412645407072e+02 0.000000000000000000e+00
2.000000000000000000e+04 2.420128264794381039e+02 0.000000000000000000e+00
2.000000000000000000e+04 2.477076355991711409e+02 0.000000000000000000e+00
2.000000000000000000e+04 2.535364493970111539e+02 0.000000000000000000e+00
2.000000000000000000e+04 2.595024211399737055e+02 0.000000000000000000e+00
2.000000000000000000e+04 2.656087782946686957e+02 0.000000000000000000e+00
2.000000000000000000e+04 2.718588242732940330e+02 0.000000000000000000e+00
2.000000000000000000e+04 2.782559402207126027e+02 0.000000000000000000e+00
2.000000000000000000e+04 2.848035868435802058e+02 0.000000000000000000e+00
2.000000000000000000e+04 2.915053062825175516e+02 0.000000000000000000e+00
2.000000000000000000e+04 2.983647240283340238e+02 0.000000000000000000e+00
2.000000000000000000e+04 3.053855508833415797e+02 0.000000000000000000e+00
2.000000000000000000e+04 3.125715849688235153e+02 0.000000000000000000e+00
2.000000000000000000e+04 3.199267137797384635e+02 0.000000000000000000e+00
2.000000000000000000e+04 3.274549162877728463e+02 0.000000000000000000e+00
2.000000000000000000e+04 3.351602650938841066e+02 0.000000000000000000e+00
2.000000000000000000e+04 3.430469286314919373e+02 0.000000000000000000e+00
2.000000000000000000e+04 3.511191734215130964e+02 0.000000000000000000e+00
2.000000000000000000e+04 3.593813663804625662e+02 0.000000000000000000e+00
2.000000000000000000e+04 3.678379771828634262e+02 0.000000000000000000e+00
2.000000000000000000e+04 3.764935806792467474e+02 0.000000000000000000e+00
2.000000000000000000e+04 3.853528593710527161e+02 0.000000000000000000e+00
2.000000000000000000e+04 3.944206059437656222e+02 0.000000000000000000e+00
2.000000000000000000e+04 4.037017258596553688e+02 0.000000000000000000e+00
2.000000000000000000e+04 4.132012400115334572e+02 0.000000000000000000e+00
2.000000000000000000e+04 4.229242874389498752e+02 0.000000000000000000e+00
2.000000000000000000e+04 4.328761281083056929e+02 0.000000000000000000e+00
2.000000000000000000e+04 4.430621457583877714e+02 0.000000000000000000e+00
2.000000000000000000e+04 4.534878508128581984e+02 0.000000000000000000e+00
2.000000000000000000e+04 4.641588833612777307e+02 0.000000000000000000e+00
2.000000000000000000e+04 4.750810162102798131e+02 0.000000000000000000e+00
2.000000000000000000e+04 4.862601580065353346e+02 0.000000000000000000e+00
2.000000000000000000e+04 4.977023564332108663e+02 0.000000000000000000e+00
2.000000000000000000e+04 5.094138014816380178e+02 0.000000000000000000e+00
2.000000000000000000e+04 5.214008287999683944e+02 0.000000000000000000e+00
2.000000000000000000e+04 5.336699231206307559e+02 0.000000000000000000e+00
2.000000000000000000e+04 5.462277217684342077e+02 0.000000000000000000e+00
2.000000000000000000e+04 5.590810182512223037e+02 0.000000000000000000e+00
2.000000000000000000e+04 5.722367659350220492e+02 0.000000000000000000e+00
2.000000000000000000e+04 5.857020818056666940e+02 0.000000000000000000e+00
2.000000000000000000e+04 5.994842503189408944e+02 0.000000000000000000e+00
2.000000000000000000e+04 6.135907273413175744e+02 0.000000000000000000e+00
2.000000000000000000e+04 6.280291441834252737e+02 0.000000000000000000e+00
2.000000000000000000e+04 6.428073117284319551e+02 0.000000000000000000e+00
2.000000000000000000e+04 6.579332246575681893e+02 0.000000000000000000e+00
2.000000000000000000e+04 6.734150657750820983e+02 0.000000000000000000e+00
2.000000000000000000e+04 6.892612104349694846e+02 0.000000000000000000e+00
2.000000000000000000e+04 7.054802310718645231e+02 0.000000000000000000e+00
2.000000000000000000e+04 7.220809018385464242e+02 0.000000000000000000e+00
2.000000000000000000e+04 7.390722033525775032e+02 0.000000000000000000e+00
2.000000000000000000e+04 7.564633275546290179e+02 0.000000000000000000e+00
2.000000000000000000e+04 7.742636826811269657e+02 0.000000000000000000e+00
2.000000000000000000e+04 7.924828983539169940e+02 0.000000000000000000e+00
2.000000000000000000e+04 8.111308307896872520e+02 0.000000000000000000e+00
2.000000000000000000e+04 8.302175681319744172e+02 0.000000000000000000e+00
2.000000000000000000e+04 8.497534359086438371e+02 0.000000000000000000e+00
2.000000000000000000e+04 8.697490026177833897e+02 0.000000000000000000e+00
2.000000000000000000e+04 8.902150854450383122e+02 0.000000000000000000e+00
2.000000000000000000e+04 9.111627561154896284e+02 0.000000000000000000e+00
2.000000000000000000e+04 9.326033468832199560e+02 0.000000000000000000e+00
2.000000000000000000e+04 9.545484566618337112e+02 0.000000000000000000e+00
2.000000000000000000e+04 9.770099572992256753e+02 0.000000000000000000e+00
2.000000000000000000e+04 1.000000000000000000e+03 0.000000000000000000e+00
2.000000000000000000e+04 1.000000000000000000e+03 0.000000000000000000e+00
2.000000000000000000e+04 1.097498765493055544e+03 0.000000000000000000e+00
2.000000000000000000e+04 1.204503540258781186e+03 0.000000000000000000e+00
2.000000000000000000e+04 1.321941148466028608e+03 0.000000000000000000e+00
2.000000000000000000e+04 1.450828778495938650e+03 0.000000000000000000e+00
2.000000000000000000e+04 1.592282793341090610e+03 0.000000000000000000e+00
2.000000000000000000e+04 1.747528400007682876e+03 0.000000000000000000e+00
2.000000000000000000e+04 1.917910261672486740e+03 0.000000000000000000e+00
2.000000000000000000e+04 2.104904144512019684e+03 0.000000000000000000e+00
2.000000000000000000e+04 2.310129700083158241e+03 0.000000000000000000e+00
2.000000000000000000e+04 2.535364493970108924e+03 0.000000000000000000e+00
2.000000000000000000e+04 2.782559402207123185e+03 0.000000000000000000e+00
2.000000000000000000e+04 3.053855508833412387e+03 0.000000000000000000e+00
2.000000000000000000e+04 3.351602650938840725e+03 0.000000000000000000e+00
2.000000000000000000e+04 3.678379771828630510e+03 0.000000000000000000e+00
2.000000000000000000e+04 4.037017258596553802e+03 0.000000000000000000e+00
2.000000000000000000e+04 4.430621457583877600e+03 0.000000000000000000e+00
2.000000000000000000e+04 4.862601580065348571e+03 0.000000000000000000e+00
2.000000000000000000e+04 5.336699231206307559e+03 0.000000000000000000e+00
2.000000000000000000e+04 5.857020818056661483e+03 0.000000000000000000e+00
2.000000000000000000e+04 6.428073117284318869e+03 0.000000000000000000e+00
2.000000000000000000e+04 7.054802310718638182e+03 0.000000000000000000e+00
2.000000000000000000e+04 7.742636826811270112e+03 0.000000000000000000e+00
2.000000000000000000e+04 8.497534359086437689e+03 0.000000000000000000e+00
2.000000000000000000e+04 9.326033468832189101e+03 0.000000000000000000e+00
2.000000000000000000e+04 1.023531021899026928e+04 0.000000000000000000e+00
2.000000000000000000e+04 1.123324032978026480e+04 0.000000000000000000e+00
2.000000000000000000e+04 1.232846739442065882e+04 0.000000000000000000e+00
2.000000000000000000e+04 1.353047774579807628e+04 0.000000000000000000e+00
2.000000000000000000e+04 1.484968262254463480e+04 0.000000000000000000e+00
2.000000000000000000e+04 1.629750834620643400e+04 0.000000000000000000e+00
2.000000000000000000e+04 1.788649529057435211e+04 0.000000000000000000e+00
2.000000000000000000e+04 1.963040650040268520e+04 0.000000000000000000e+00
2.000000000000000000e+04 2.154434690031882201e+04 0.000000000000000000e+00
2.000000000000000000e+04 2.364489412645407356e+04 0.000000000000000000e+00
2.000000000000000000e+04 2.595024211399731939e+04 0.000000000000000000e+00
2.000000000000000000e+04 2.848035868435799057e+04 0.000000000000000000e+00
2.000000000000000000e+04 3.125715849688235176e+04 0.000000000000000000e+00
2.000000000000000000e+04 3.430469286314912461e+04 0.000000000000000000e+00
2.000000000000000000e+04 3.764935806792470976e+04 0.000000000000000000e+00
2.000000000000000000e+04 4.132012400115334458e+04 0.000000000000000000e+00
2.000000000000000000e+04 4.534878508128582325e+04 0.000000000000000000e+00
2.000000000000000000e+04 4.977023564332113892e+04 0.000000000000000000e+00
2.000000000000000000e+04 5.462277217684336938e+04 0.000000000000000000e+00
2.000000000000000000e+04 5.994842503189409035e+04 0.000000000000000000e+00
2.000000000000000000e+04 6.579332246575682075e+04 0.000000000000000000e+00
2.000000000000000000e+04 7.220809018385456875e+04 0.000000000000000000e+00
2.000000000000000000e+04 7.924828983539169712e+04 0.000000000000000000e+00
2.000000000000000000e+04 8.697490026177834079e+04 0.000000000000000000e+00
2.000000000000000000e+04 9.545484566618327517e+04 0.000000000000000000e+00
2.000000000000000000e+04 1.047615752789664111e+05 0.000000000000000000e+00
2.000000000000000000e+04 1.149756995397735591e+05 0.000000000000000000e+00
2.000000000000000000e+04 1.261856883066018490e+05 0.000000000000000000e+00
2.000000000000000000e+04 1.384886371393871668e+05 0.000000000000000000e+00
2.000000000000000000e+04 1.519911082952933211e+05 0.000000000000000000e+00
2.000000000000000000e+04 1.668100537200059043e+05 0.000000000000000000e+00
2.000000000000000000e+04 1.830738280295369623e+05 0.000000000000000000e+00
2.000000000000000000e+04 2.009233002565045899e+05 0.000000000000000000e+00
2.000000000000000000e+04 2.205130739903045760e+05 0.000000000000000000e+00
2.000000000000000000e+04 2.420128264794383431e+05 0.000000000000000000e+00
2.000000000000000000e+04 2.656087782946684165e+05 0.000000000000000000e+00
2.000000000000000000e+04 2.915053062825175584e+05 0.000000000000000000e+00
2.000000000000000000e+04 3.199267137797384639e+05 0.000000000000000000e+00
2.000000000000000000e+04 3.511191734215127653e+05 0.000000000000000000e+00
2.000000000000000000e+04 3.853528593710527639e+05 0.000000000000000000e+00
2.000000000000000000e+04 4.229242874389499193e+05 0.000000000000000000e+00
2.000000000000000000e+04 4.641588833612772287e+05 0.000000000000000000e+00
2.000000000000000000e+04 5.094138014816375216e+05 0.000000000000000000e+00
2.000000000000000000e+04 5.590810182512222091e+05 0.000000000000000000e+00
2.000000000000000000e+04 6.135907273413175717e+05 0.000000000000000000e+00
2.000000000000000000e+04 6.734150657750827959e+05 0.000000000000000000e+00
2.000000000000000000e+04 7.390722033525775187e+05 0.000000000000000000e+00
2.000000000000000000e+04 8.111308307896872284e+05 0.000000000000000000e+00
2.000000000000000000e+04 8.902150854450393235e+05 0.000000000000000000e+00
2.000000000000000000e+04 9.770099572992246831e+05 0.000000000000000000e+00
2.000000000000000000e+04 1.072267222010323079e+06 0.000000000000000000e+00
2.000000000000000000e+04 1.176811952434999170e+06 0.000000000000000000e+00
2.000000000000000000e+04 1.291549665014882805e+06 0.000000000000000000e+00
2.000000000000000000e+04 1.417474162926804740e+06 0.000000000000000000e+00
2.000000000000000000e+04 1.555676143930472201e+06 0.000000000000000000e+00
2.000000000000000000e+04 1.707352647470688680e+06 0.000000000000000000e+00
2.000000000000000000e+04 1.873817422860383056e+06 0.000000000000000000e+00
2.000000000000000000e+04 2.056512308348651510e+06 0.000000000000000000e+00
2.000000000000000000e+04 2.257019719633921515e+06 0.000000000000000000e+00
2.000000000000000000e+04 2.477076355991709046e+06 0.000000000000000000e+00
2.000000000000000000e+04 2.718588242732940242e+06 0.000000000000000000e+00
2.000000000000000000e+04 2.983647240283340216e+06 0.000000000000000000e+00
2.000000000000000000e+04 3.274549162877731491e+06 0.000000000000000000e+00
2.000000000000000000e+04 3.593813663804625627e+06 0.000000000000000000e+00
2.000000000000000000e+04 3.944206059437655844e+06 0.000000000000000000e+00
2.000000000000000000e+04 4.328761281083061360e+06 0.000000000000000000e+00
2.000000000000000000e+04 4.750810162102793343e+06 0.000000000000000000e+00
2.000000000000000000e+04 5.214008287999684922e+06 0.000000000000000000e+00
2.000000000000000000e+04 5.722367659350220114e+06 0.000000000000000000e+00
2.000000000000000000e+04 6.280291441834246740e+06 0.000000000000000000e+00
2.000000000000000000e+04 6.892612104349695146e+06 0.000000000000000000e+00
2.000000000000000000e+04 7.564633275546290912e+06 0.000000000000000000e+00
2.000000000000000000e+04 8.302175681319751777e+06 0.000000000000000000e+00
2.000000000000000000e+04 9.111627561154887080e+06 0.000000000000000000e+00
2.000000000000000000e+04 1.000000000000000000e+07 0.000000000000000000e+00
3.000000000000000000e+04 1.000000000000000000e+02 3.073545124386191461e-03
3.000000000000000000e+04 1.023531021899025859e+02 2.916182362322186378e-03
3.000000000000000000e+04 1.047615752789664043e+02 2.760574092175823412e-03
3.000000000000000000e+04 1.072267222010323167e+02 2.606640241037635509e-03
3.000000000000000000e+04 1.097498765493055686e+02 2.454301822856280388e-03
3.000000000000000000e+04 1.123324032978026565e+02 2.303480903726540761e-03
3.000000000000000000e+04 1.149756995397735579e+02 2.154100568139006699e-03
3.000000000000000000e+04 1.176811952434997863e+02 2.006084886285400531e-03
3.000000000000000000e+04 1.204503540258782408e+02 1.859358882132024085e-03
3.000000000000000000e+04 1.232846739442065882e+02 1.713848500149016407e-03
3.000000000000000000e+04 1.261856883066019748e+02 1.569480577758538111e-03
3.000000000000000000e+04 1.291549665014883885e+02 1.426182806168237432e-03
3.000000000000000000e+04 1.321941148466028721e+02 1.283883687207551701e-03
3.000000000000000000e+04 1.353047774579807481e+02 1.142512553295191606e-03
3.000000000000000000e+04 1.384886371393873219e+02 1.001999426043996035e-03
3.000000000000000000e+04 1.417474162926804695e+02 8.622751452258801703e-04
3.000000000000000000e+04 1.450828778495940128e+02 7.232712158156225828e-04
3.000000000000000000e+04 1.484968262254465117e+02 5.849198546149975185e-04
3.000000000000000000e+04 1.519911082952933157e+02 4.471539528580754214e-04
3.000000000000000000e+04 1.555676143930472222e+02 3.099070644341108782e-04
3.000000000000000000e+04 1.592282793341092315e+02 1.731134238874448329e-04
3.000000000000000000e+04 1.629750834620643332e+02 3.670818801225180558e-05
3.000000000000000000e+04 1.668100537200059250e+02 0.000000000000000000e+00
3.000000000000000000e+04 1.707352647470690385e+02 0.000000000000000000e+00
3.000000000000000000e+04 1.747528400007682876e+02 0.000000000000000000e+00
3.000000000000000000e+04 1.788649529057435075e+02 0.000000000000000000e+00
3.000000000000000000e+04 1.830738280295367701e+02 0.000000000000000000e+00
3.000000000000000000e+04 1.873817422860383033e+02 0.000000000000000000e+00
3.000000000000000000e+04 1.917910261672488730e+02 0.000000000000000000e+00
3.000000000000000000e+04 1.963040650040270521e+02 0.000000000000000000e+00
3.000000000000000000e+04 2.009233002565045751e+02 0.000000000000000000e+00
3.000000000000000000e+04 2.056512308348651459e+02 0.000000000000000000e+00
3.000000000000000000e+04 2.104904144512019855e+02 0.000000000000000000e+00
3.000000000000000000e+04 2.154434690031882269e+02 0.000000000000000000e+00
3.000000000000000000e+04 2.205130739903045480e+02 0.000000000000000000e+00
3.000000000000000000e+04 2.257019719633919124e+02 0.000000000000000000e+00
3.000000000000000000e+04 2.310129700083157900e+02 0.000000000000000000e+00
3.000000000000000000e+04 2.364489412645407072e+02 0.000000000000000000e+00
3.000000000000000000e+04 2.420128264794381039e+02 0.000000000000000000e+00
3.000000000000000000e+04 2.477076355991711409e+02 0.000000000000000000e+00
3.000000000000000000e+04 2.535364493970111539e+02 0.000000000000000000e+00
3.000000000000000000e+04 2.595024211399737055e+02 0.000000000000000000e+00
3.000000000000000000e+04 2.656087782946686957e+02 0.000000000000000000e+00
3.000000000000000000e+04 2.718588242732940330e+02 0.000000000000000000e+00
3.000000000000000000e+04 2.782559402207126027e+02 0.000000000000000000e+00
3.000000000000000000e+04 2.848035868435802058e+02 0.000000000000000000e+00
3.000000000000000000e+04 2.915053062825175516e+02 0.000000000000000000e+00
3.000000000000000000e+04 2.983647240283340238e+02 0.000000000000000000e+00
3.000000000000000000e+04 3.053855508833415797e+02 0.000000000000000000e+00
3.000000000000000000e+04 3.125715849688235153e+02 0.000000000000000000e+00
3.000000000000000000e+04 3.199267137797384635e+02 0.000000000000000000e+00
3.000000000000000000e+04 3.274549162877728463e+02 0.000000000000000000e+00
3.000000000000000000e+04 3.351602650938841066e+02 0.000000000000000000e+00
3.000000000000000000e+04 3.430469286314919373e+02 0.000000000000000000e+00
3.000000000000000000e+04 3.511191734215130964e+02 0.000000000000000000e+00
3.000000000000000000e+04 3.593813663804625662e+02 0.000000000000000000e+00
3.000000000000000000e+04 3.678379771828634262e+02 0.000000000000000000e+00
3.000000000000000000e+04 3.764935806792467474e+02 0.000000000000000000e+00
3.000000000000000000e+04 3.853528593710527161e+02 0.000000000000000000e+00
3.000000000000000000e+04 3.944206059437656222e+02 0.000000000000000000e+00
3.000000000000000000e+04 4.037017258596553688e+02 0.000000000000000000e+00
3.000000000000000000e+04 4.132012400115334572e+02 0.000000000000000000e+00
3.000000000000000000e+04 4.229242874389498752e+02 0.000000000000000000e+00
3.000000000000000000e+04 4.328761281083056929e+02 0.000000000000000000e+00
3.000000000000000000e+04 4.430621457583877714e+02 0.000000000000000000e+00
3.000000000000000000e+04 4.534878508128581984e+02 0.000000000000000000e+00
3.000000000000000000e+04 4.641588833612777307e+02 0.000000000000000000e+00
3.000000000000000000e+04 4.750810162102798131e+02 0.000000000000000000e+00
3.000000000000000000e+04 4.862601580065353346e+02 0.000000000000000000e+00
3.000000000000000000e+04 4.977023564332108663e+02 0.000000000000000000e+00
3.000000000000000000e+04 5.094138014816380178e+02 0.000000000000000000e+00
3.000000000000000000e+04 5.214008287999683944e+02 0.000000000000000000e+00
3.000000000000000000e+04 5.336699231206307559e+02 0.000000000000000000e+00
3.000000000000000000e+04 5.462277217684342077e+02 0.000000000000000000e+00
3.000000000000000000e+04 5.590810182512223037e+02 0.000000000000000000e+00
3.000000000000000000e+04 5.722367659350220492e+02 0.000000000000000000e+00
3.000000000000000000e+04 5.857020818056666940e+02 0.000000000000000000e+00
3.000000000000000000e+04 5.994842503189408944e+02 0.000000000000000000e+00
3.000000000000000000e+04 6.135907273413175744e+02 0.000000000000000000e+00
3.000000000000000000e+04 6.280291441834252737e+02 0.000000000000000000e+00
3.000000000000000000e+04 6.428073117284319551e+02 0.000000000000000000e+00
3.000000000000000000e+04 6.579332246575681893e+02 0.000000000000000000e+00
3.000000000000000000e+04 6.734150657750820983e+02 0.000000000000000000e+00
3.000000000000000000e+04 6.892612104349694846e+02 0.000000000000000000e+00
3.000000000000000000e+04 7.054802310718645231e+02 0.000000000000000000e+00
3.000000000000000000e+04 7.220809018385464242e+02 0.000000000000000000e+00
3.000000000000000000e+04 7.390722033525775032e+02 0.000000000000000000e+00
3.000000000000000000e+04 7.564633275546290179e+02 0.000000000000000000e+00
3.000000000000000000e+04 7.742636826811269657e+02 0.000000000000000000e+00
3.000000000000000000e+04 7.924828983539169940e+02 0.000000000000000000e+00
3.000000000000000000e+04 8.111308307896872520e+02 0.000000000000000000e+00
3.000000000000000000e+04 8.302175681319744172e+02 0.000000000000000000e+00
3.000000000000000000e+04 8.497534359086438371e+02 0.000000000000000000e+00
3.000000000000000000e+04 8.697490026177833897e+02 0.000000000000000000e+00
3.000000000000000000e+04 8.902150854450383122e+02 0.000000000000000000e+00
3.000000000000000000e+04 9.111627561154896284e+02 0.000000000000000000e+00
3.000000000000000000e+04 9.326033468832199560e+02 0.000000000000000000e+00
3.000000000000000000e+04 9.545484566618337112e+02 0.000000000000000000e+00
3.000000000000000000e+04 9.770099572992256753e+02 0.000000000000000000e+00
3.000000000000000000e+04 1.000000000000000000e+03 0.000000000000000000e+00
3.000000000000000000e+04 1.000000000000000000e+03 0.000000000000000000e+00
3.000000000000000000e+04 1.097498765493055544e+03 0.000000000000000000e+00
3.000000000000000000e+04 1.204503540258781186e+03 0.000000000000000000e+00
3.000000000000000000e+04 1.321941148466028608e+03 0.000000000000000000e+00
3.000000000000000000e+04 1.450828778495938650e+03 0.000000000000000000e+00
3.000000000000000000e+04 1.592282793341090610e+03 0.000000000000000000e+00
3.000000000000000000e+04 1.747528400007682876e+03 0.000000000000000000e+00
3.000000000000000000e+04 1.917910261672486740e+03 0.000000000000000000e+00
3.000000000000000000e+04 2.104904144512019684e+03 0.000000000000000000e+00
3.000000000000000000e+04 2.310129700083158241e+03 0.000000000000000000e+00
3.000000000000000000e+04 2.535364493970108924e+03 0.000000000000000000e+00
3.000000000000000000e+04 2.782559402207123185e+03 0.000000000000000000e+00
3.000000000000000000e+04 3.053855508833412387e+03 0.000000000000000000e+00
3.000000000000000000e+04 3.351602650938840725e+03 0.000000000000000000e+00
3.000000000000000000e+04 3.678379771828630510e+03 0.000000000000000000e+00
3.000000000000000000e+04 4.037017258596553802e+03 0.000000000000000000e+00
3.000000000000000000e+04 4.430621457583877600e+03 0.000000000000000000e+00
3.000000000000000000e+04 4.862601580065348571e+03 0.000000000000000000e+00
3.000000000000000000e+04 5.336699231206307559e+03 0.000000000000000000e+00
3.000000000000000000e+04 5.857020818056661483e+03 0.000000000000000000e+00
3.000000000000000000e+04 6.428073117284318869e+03 0.000000000000000000e+00
3.000000000000000000e+04 7.054802310718638182e+03 0.000000000000000000e+00
3.000000000000000000e+04 7.742636826811270112e+03 0.000000000000000000e+00
3.000000000000000000e+04 8.497534359086437689e+03 0.000000000000000000e+00
3.000000000000000000e+04 9.326033468832189101e+03 0.000000000000000000e+00
3.000000000000000000e+04 1.023531021899026928e+04 0.000000000000000000e+00
3.000000000000000000e+04 1.123324032978026480e+04 0.000000000000000000e+00
3.000000000000000000e+04 1.232846739442065882e+04 0.000000000000000000e+00
3.000000000000000000e+04 1.353047774579807628e+04 0.000000000000000000e+00
3.000000000000000000e+04 1.484968262254463480e+04 0.000000000000000000e+00
3.000000000000000000e+04 1.629750834620643400e+04 0.000000000000000000e+00
3.000000000000000000e+04 1.788649529057435211e+04 0.000000000000000000e+00
3.000000000000000000e+04 1.963040650040268520e+04 0.000000000000000000e+00
3.000000000000000000e+04 2.154434690031882201e+04 0.000000000000000000e+00
3.000000000000000000e+04 2.364489412645407356e+04 0.000000000000000000e+00
3.000000000000000000e+04 2.595024211399731939e+04 0.000000000000000000e+00
3.000000000000000000e+04 2.848035868435799057e+04 0.000000000000000000e+00
3.000000000000000000e+04 3.125715849688235176e+04 0.000000000000000000e+00
3.000000000000000000e+04 3.430469286314912461e+04 0.000000000000000000e+00
3.000000000000000000e+04 3.764935806792470976e+04 0.000000000000000000e+00
3.000000000000000000e+04 4.132012400115334458e+04 0.000000000000000000e+00
3.000000000000000000e+04 4.534878508128582325e+04 0.000000000000000000e+00
3.000000000000000000e+04 4.977023564332113892e+04 0.000000000000000000e+00
3.000000000000000000e+04 5.462277217684336938e+04 0.000000000000000000e+00
3.000000000000000000e+04 5.994842503189409035e+04 0.000000000000000000e+00
3.000000000000000000e+04 6.579332246575682075e+04 0.000000000000000000e+00
3.000000000000000000e+04 7.220809018385456875e+04 0.000000000000000000e+00
3.000000000000000000e+04 7.924828983539169712e+04 0.000000000000000000e+00
3.000000000000000000e+04 8.697490026177834079e+04 0.000000000000000000e+00
3.000000000000000000e+04 9.545484566618327517e+04 0.000000000000000000e+00
3.000000000000000000e+04 1.047615752789664111e+05 0.000000000000000000e+00
3.000000000000000000e+04 1.149756995397735591e+05 0.000000000000000000e+00
3.000000000000000000e+04 1.261856883066018490e+05 0.000000000000000000e+00
3.000000000000000000e+04 1.384886371393871668e+05 0.000000000000000000e+00
3.000000000000000000e+04 1.519911082952933211e+05 0.000000000000000000e+00
3.000000000000000000e+04 1.668100537200059043e+05 0.000000000000000000e+00
3.000000000000000000e+04 1.830738280295369623e+05 0.000000000000000000e+00
3.000000000000000000e+04 2.009233002565045899e+05 0.000000000000000000e+00
3.000000000000000000e+04 2.205130739903045760e+05 0.000000000000000000e+00
3.000000000000000000e+04 2.420128264794383431e+05 0.000000000000000000e+00
3.000000000000000000e+04 2.656087782946684165e+05 0.000000000000000000e+00
3.000000000000000000e+04 2.915053062825175584e+05 0.000000000000000000e+00
3.000000000000000000e+04 3.199267137797384639e+05 0.000000000000000000e+00
3.000000000000000000e+04 3.511191734215127653e+05 0.000000000000000000e+00
3.000000000000000000e+04 3.853528593710527639e+05 0.000000000000000000e+00
3.000000000000000000e+04 4.229242874389499193e+05 0.000000000000000000e+00
3.000000000000000000e+04 4.641588833612772287e+05 0.000000000000000000e+00
3.000000000000000000e+04 5.094138014816375216e+05 0.000000000000000000e+00
3.000000000000000000e+04 5.590810182512222091e+05 0.000000000000000000e+00
3.000000000000000000e+04 6.135907273413175717e+05 0.000000000000000000e+00
3.000000000000000000e+04 6.734150657750827959e+05 0.000000000000000000e+00
3.000000000000000000e+04 7.390722033525775187e+05 0.000000000000000000e+00
3.000000000000000000e+04 8.111308307896872284e+05 0.000000000000000000e+00
3.000000000000000000e+04 8.902150854450393235e+05 0.000000000000000000e+00
3.000000000000000000e+04 9.770099572992246831e+05 0.000000000000000000e+00
3.000000000000000000e+04 1.072267222010323079e+06 0.000000000000000000e+00
3.000000000000000000e+04 1.176811952434999170e+06 0.000000000000000000e+00
3.000000000000000000e+04 1.291549665014882805e+06 0.000000000000000000e+00
3.000000000000000000e+04 1.417474162926804740e+06 0.000000000000000000e+00
3.000000000000000000e+04 1.555676143930472201e+06 0.000000000000000000e+00
3.000000000000000000e+04 1.707352647470688680e+06 0.000000000000000000e+00
3.000000000000000000e+04 1.873817422860383056e+06 0.000000000000000000e+00
3.000000000000000000e+04 2.056512308348651510e+06 0.000000000000000000e+00
3.000000000000000000e+04 2.257019719633921515e+06 0.000000000000000000e+00
3.000000000000000000e+04 2.477076355991709046e+06 0.000000000000000000e+00
3.000000000000000000e+04 2.718588242732940242e+06 0.000000000000000000e+00
3.000000000000000000e+04 2.983647240283340216e+06 0.000000000000000000e+00
3.000000000000000000e+04 3.274549162877731491e+06 0.000000000000000000e+00
3.000000000000000000e+04 3.593813663804625627e+06 0.000000000000000000e+00
3.000000000000000000e+04 3.944206059437655844e+06 0.000000000000000000e+00
3.000000000000000000e+04 4.328761281083061360e+06 0.000000000000000000e+00
3.000000000000000000e+04 4.750810162102793343e+06 0.000000000000000000e+00
3.000000000000000000e+04 5.214008287999684922e+06 0.000000000000000000e+00
3.000000000000000000e+04 5.722367659350220114e+06 0.000000000000000000e+00
3.000000000000000000e+04 6.280291441834246740e+06 0.000000000000000000e+00
3.000000000000000000e+04 6.892612104349695146e+06 0.000000000000000000e+00
3.000000000000000000e+04 7.564633275546290912e+06 0.000000000000000000e+00
3.000000000000000000e+04 8.302175681319751777e+06 0.000000000000000000e+00
3.000000000000000000e+04 9.111627561154887080e+06 0.000000000000000000e+00
3.000000000000000000e+04 1.000000000000000000e+07 0.000000000000000000e+00
5.000000000000000000e+04 1.000000000000000000e+02 1.866759207721119772e-03
5.000000000000000000e+04 1.023531021899025859e+02 1.771674193512285398e-03
5.000000000000000000e+04 1.047615752789664043e+02 1.677612643154007032e-03
5.000000000000000000e+04 1.072267222010323167e+02 1.584525245919712801e-03
5.000000000000000000e+04 1.097498765493055686e+02 1.492363290350271843e-03
5.000000000000000000e+04 1.123324032978026565e+02 1.401078641382149043e-03
5.000000000000000000e+04 1.149756995397735579e+02 1.310623717981606370e-03
5.000000000000000000e+04 1.176811952434997863e+02 1.220951471337405154e-03
5.000000000000000000e+04 1.204503540258782408e+02 1.132015363446804658e-03
5.000000000000000000e+04 1.232846739442065882e+02 1.043769344921401283e-03
5.000000000000000000e+04 1.261856883066019748e+02 9.561678359345851790e-04
5.000000000000000000e+04 1.291549665014883885e+02 8.691657007270339914e-04
5.000000000000000000e+04 1.321941148466028721e+02 7.827182198098624330e-04
5.000000000000000000e+04 1.353047774579807481e+02 6.967810972538775269e-04
5.000000000000000000e+04 1.384886371393873219e+02 6.113103785451569176e-04
5.000000000000000000e+04 1.417474162926804695e+02 5.262625179676673438e-04
5.000000000000000000e+04 1.450828778495940128e+02 4.415942901758689162e-04
5.000000000000000000e+04 1.484968262254465117e+02 3.572628118733421100e-04
5.000000000000000000e+04 1.519911082952933157e+02 2.732255171425360834e-04
5.000000000000000000e+04 1.555676143930472222e+02 1.894401468186245345e-04
5.000000000000000000e+04 1.592282793341092315e+02 1.058647542124774668e-04
5.000000000000000000e+04 1.629750834620643332e+02 2.245783379428222960e-05
5.000000000000000000e+04 1.668100537200059250e+02 0.000000000000000000e+00
5.000000000000000000e+04 1.707352647470690385e+02 0.000000000000000000e+00
5.000000000000000000e+04 1.747528400007682876e+02 0.000000000000000000e+00
5.000000000000000000e+04 1.788649529057435075e+02 0.000000000000000000e+00
5.000000000000000000e+04 1.830738280295367701e+02 0.000000000000000000e+00
5.000000000000000000e+04 1.873817422860383033e+02 0.000000000000000000e+00
5.000000000000000000e+04 1.917910261672488730e+02 0.000000000000000000e+00
5.000000000000000000e+04 1.963040650040270521e+02 0.000000000000000000e+00
5.000000000000000000e+04 2.009233002565045751e+02 0.000000000000000000e+00
5.000000000000000000e+04 2.056512308348651459e+02 0.000000000000000000e+00
5.000000000000000000e+04 2.104904144512019855e+02 0.000000000000000000e+00
5.000000000000000000e+04 2.154434690031882269e+02 0.000000000000000000e+00
5.000000000000000000e+04 2.205130739903045480e+02 0.000000000000000000e+00
5.000000000000000000e+04 2.257019719633919124e+02 0.000000000000000000e+00
5.000000000000000000e+04 2.310129700083157900e+02 0.000000000000000000e+00
5.000000000000000000e+04 2.364489412645407072e+02 0.000000000000000000e+00
5.000000000000000000e+04 2.420128264794381039e+02 0.000000000000000000e+00
5.000000000000000000e+04 2.477076355991711409e+02 0.000000000000000000e+00
5.000000000000000000e+04 2.535364493970111539e+02 0.000000000000000000e+00
5.000000000000000000e+04 2.595024211399737055e+02 0.000000000000000000e+00
5.000000000000000000e+04 2.656087782946686957e+02 0.000000000000000000e+00
5.000000000000000000e+04 2.718588242732940330e+02 0.000000000000000000e+00
5.000000000000000000e+04 2.782559402207126027e+02 0.000000000000000000e+00
5.000000000000000000e+04 2.848035868435802058e+02 0.000000000000000000e+00
5.000000000000000000e+04 2.915053062825175516e+02 0.000000000000000000e+00
5.000000000000000000e+04 2.983647240283340238e+02 0.000000000000000000e+00
5.000000000000000000e+04 3.053855508833415797e+02 0.000000000000000000e+00
5.000000000000000000e+04 3.125715849688235153e+02 0.000000000000000000e+00
5.000000000000000000e+04 3.199267137797384635e+02 0.000000000000000000e+00
5.000000000000000000e+04 3.274549162877728463e+02 0.000000000000000000e+00
5.000000000000000000e+04 3.351602650938841066e+02 0.000000000000000000e+00
5.000000000000000000e+04 3.430469286314919373e+02 0.000000000000000000e+00
5.000000000000000000e+04 3.511191734215130964e+02 0.000000000000000000e+00
5.000000000000000000e+04 3.593813663804625662e+02 0.000000000000000000e+00
5.000000000000000000e+04 3.678379771828634262e+02 0.000000000000000000e+00
5.000000000000000000e+04 3.764935806792467474e+02 0.000000000000000000e+00
5.000000000000000000e+04 3.853528593710527161e+02 0.000000000000000000e+00
5.000000000000000000e+04 3.944206059437656222e+02 0.000000000000000000e+00
5.000000000000000000e+04 4.037017258596553688e+02 0.000000000000000000e+00
5.000000000000000000e+04 4.132012400115334572e+02 0.000000000000000000e+00
5.000000000000000000e+04 4.229242874389498752e+02 0.000000000000000000e+00
5.000000000000000000e+04 4.328761281083056929e+02 0.000000000000000000e+00
5.000000000000000000e+04 4.430621457583877714e+02 0.000000000000000000e+00
5.000000000000000000e+04 4.534878508128581984e+02 0.000000000000000000e+00
5.000000000000000000e+04 4.641588833612777307e+02 0.000000000000000000e+00
5.000000000000000000e+04 4.750810162102798131e+02 0.000000000000000000e+00
5.000000000000000000e+04 4.862601580065353346e+02 0.000000000000000000e+00
5.000000000000000000e+04 4.977023564332108663e+02 0.000000000000000000e+00
5.000000000000000000e+04 5.094138014816380178e+02 0.000000000000000000e+00
5.000000000000000000e+04 5.214008287999683944e+02 0.000000000000000000e+00
5.000000000000000000e+04 5.336699231206307559e+02 0.000000000000000000e+00
5.000000000000000000e+04 5.462277217684342077e+02 0.000000000000000000e+00
5.000000000000000000e+04 5.590810182512223037e+02 0.000000000000000000e+00
5.000000000000000000e+04 5.722367659350220492e+02 0.000000000000000000e+00
5.000000000000000000e+04 5.857020818056666940e+02 0.000000000000000000e+00
5.000000000000000000e+04 5.994842503189408944e+02 0.000000000000000000e+00
5.000000000000000000e+04 6.135907273413175744e+02 0.000000000000000000e+00
5.000000000000000000e+04 6.280291441834252737e+02 0.000000000000000000e+00
5.000000000000000000e+04 6.428073117284319551e+02 0.000000000000000000e+00
5.000000000000000000e+04 6.579332246575681893e+02 0.000000000000000000e+00
5.000000000000000000e+04 6.734150657750820983e+02 0.000000000000000000e+00
5.000000000000000000e+04 6.892612104349694846e+02 0.000000000000000000e+00
5.000000000000000000e+04 7.054802310718645231e+02 0.000000000000000000e+00
5.000000000000000000e+04 7.220809018385464242e+02 0.000000000000000000e+00
5.000000000000000000e+04 7.390722033525775032e+02 0.000000000000000000e+00
5.000000000000000000e+04 7.564633275546290179e+02 0.000000000000000000e+00
5.000000000000000000e+04 7.742636826811269657e+02 0.000000000000000000e+00
5.000000000000000000e+04 7.924828983539169940e+02 0.000000000000000000e+00
5.000000000000000000e+04 8.111308307896872520e+02 0.000000000000000000e+00
5.000000000000000000e+04 8.302175681319744172e+02 0.000000000000000000e+00
5.000000000000000000e+04 8.497534359086438371e+02 0.000000000000000000e+00
5.000000000000000000e+04 8.697490026177833897e+02 0.000000000000000000e+00
5.000000000000000000e+04 8.902150854450383122e+02 0.000000000000000000e+00
5.000000000000000000e+04 9.111627561154896284e+02 0.000000000000000000e+00
5.000000000000000000e+04 9.326033468832199560e+02 0.000000000000000000e+00
5.000000000000000000e+04 9.545484566618337112e+02 0.000000000000000000e+00
5.000000000000000000e+04 9.770099572992256753e+02 0.000000000000000000e+00
5.000000000000000000e+04 1.000000000000000000e+03 0.000000000000000000e+00
5.000000000000000000e+04 1.000000000000000000e+03 0.000000000000000000e+00
5.000000000000000000e+04 1.097498765493055544e+03 0.000000000000000000e+00
5.000000000000000000e+04 1.204503540258781186e+03 0.000000000000000000e+00
5.000000000000000000e+04 1.321941148466028608e+03 0.000000000000000000e+00
5.000000000000000000e+04 1.450828778495938650e+03 0.000000000000000000e+00
5.000000000000000000e+04 1.592282793341090610e+03 0.000000000000000000e+00
5.000000000000000000e+04 1.747528400007682876e+03 0.000000000000000000e+00
5.000000000000000000e+04 1.917910261672486740e+03 0.000000000000000000e+00
5.000000000000000000e+04 2.104904144512019684e+03 0.000000000000000000e+00
5.000000000000000000e+04 2.310129700083158241e+03 0.000000000000000000e+00
5.000000000000000000e+04 2.535364493970108924e+03 0.000000000000000000e+00
5.000000000000000000e+04 2.782559402207123185e+03 0.000000000000000000e+00
5.000000000000000000e+04 3.053855508833412387e+03 0.000000000000000000e+00
5.000000000000000000e+04 3.351602650938840725e+03 0.000000000000000000e+00
5.000000000000000000e+04 3.678379771828630510e+03 0.000000000000000000e+00
5.000000000000000000e+04 4.037017258596553802e+03 0.000000000000000000e+00
5.000000000000000000e+04 4.430621457583877600e+03 0.000000000000000000e+00
5.000000000000000000e+04 4.862601580065348571e+03 0.000000000000000000e+00
5.000000000000000000e+04 5.336699231206307559e+03 0.000000000000000000e+00
5.000000000000000000e+04 5.857020818056661483e+03 0.000000000000000000e+00
5.000000000000000000e+04 6.428073117284318869e+03 0.000000000000000000e+00
5.000000000000000000e+04 7.054802310718638182e+03 0.000000000000000000e+00
5.000000000000000000e+04 7.742636826811270112e+03 0.000000000000000000e+00
5.000000000000000000e+04 8.497534359086437689e+03 0.000000000000000000e+00
5.000000000000000000e+04 9.326033468832189101e+03 0.000000000000000000e+00
5.000000000000000000e+04 1.023531021899026928e+04 0.000000000000000000e+00
5.000000000000000000e+04 1.123324032978026480e+04 0.000000000000000000e+00
5.000000000000000000e+04 1.232846739442065882e+04 0.000000000000000000e+00
5.000000000000000000e+04 1.353047774579807628e+04 0.000000000000000000e+00
5.000000000000000000e+04 1.484968262254463480e+04 0.000000000000000000e+00
5.000000000000000000e+04 1.629750834620643400e+04 0.000000000000000000e+00
5.000000000000000000e+04 1.788649529057435211e+04 0.000000000000000000e+00
5.000000000000000000e+04 1.963040650040268520e+04 0.000000000000000000e+00
5.000000000000000000e+04 2.154434690031882201e+04 0.000000000000000000e+00
5.000000000000000000e+04 2.364489412645407356e+04 0.000000000000000000e+00
5.000000000000000000e+04 2.595024211399731939e+04 0.000000000000000000e+00
5.000000000000000000e+04 2.848035868435799057e+04 0.000000000000000000e+00
5.000000000000000000e+04 3.125715849688235176e+04 0.000000000000000000e+00
5.000000000000000000e+04 3.430469286314912461e+04 0.000000000000000000e+00
5.000000000000000000e+04 3.764935806792470976e+04 0.000000000000000000e+00
5.000000000000000000e+04 4.132012400115334458e+04 0.000000000000000000e+00
5.000000000000000000e+04 4.534878508128582325e+04 0.000000000000000000e+00
5.000000000000000000e+04 4.977023564332113892e+04 0.000000000000000000e+00
5.000000000000000000e+04 5.462277217684336938e+04 0.000000000000000000e+00
5.000000000000000000e+04 5.994842503189409035e+04 0.000000000000000000e+00
5.000000000000000000e+04 6.579332246575682075e+04 0.000000000000000000e+00
5.000000000000000000e+04 7.220809018385456875e+04 0.000000000000000000e+00
5.000000000000000000e+04 7.924828983539169712e+04 0.000000000000000000e+00
5.000000000000000000e+04 8.697490026177834079e+04 0.000000000000000000e+00
5.000000000000000000e+04 9.545484566618327517e+04 0.000000000000000000e+00
5.000000000000000000e+04 1.047615752789664111e+05 0.000000000000000000e+00
5.000000000000000000e+04 1.149756995397735591e+05 0.000000000000000000e+00
5.000000000000000000e+04 1.261856883066018490e+05 0.000000000000000000e+00
5.000000000000000000e+04 1.384886371393871668e+05 0.000000000000000000e+00
5.000000000000000000e+04 1.519911082952933211e+05 0.000000000000000000e+00
5.000000000000000000e+04 1.668100537200059043e+05 0.000000000000000000e+00
5.000000000000000000e+04 1.830738280295369623e+05 0.000000000000000000e+00
5.000000000000000000e+04 2.009233002565045899e+05 0.000000000000000000e+00
5.000000000000000000e+04 2.205130739903045760e+05 0.000000000000000000e+00
5.000000000000000000e+04 2.420128264794383431e+05 0.000000000000000000e+00
5.000000000000000000e+04 2.656087782946684165e+05 0.000000000000000000e+00
5.000000000000000000e+04 2.915053062825175584e+05 0.000000000000000000e+00
5.000000000000000000e+04 3.199267137797384639e+05 0.000000000000000000e+00
5.000000000000000000e+04 3.511191734215127653e+05 0.000000000000000000e+00
5.000000000000000000e+04 3.853528593710527639e+05 0.000000000000000000e+00
5.000000000000000000e+04 4.229242874389499193e+05 0.000000000000000000e+00
5.000000000000000000e+04 4.641588833612772287e+05 0.000000000000000000e+00
5.000000000000000000e+04 5.094138014816375216e+05 0.000000000000000000e+00
5.000000000000000000e+04 5.590810182512222091e+05 0.000000000000000000e+00
5.000000000000000000e+04 6.135907273413175717e+05 0.000000000000000000e+00
5.000000000000000000e+04 6.734150657750827959e+05 0.000000000000000000e+00
5.000000000000000000e+04 7.390722033525775187e+05 0.000000000000000000e+00
5.000000000000000000e+04 8.111308307896872284e+05 0.000000000000000000e+00
5.000000000000000000e+04 8.902150854450393235e+05 0.000000000000000000e+00
5.000000000000000000e+04 9.770099572992246831e+05 0.000000000000000000e+00
5.000000000000000000e+04 1.072267222010323079e+06 0.000000000000000000e+00
5.000000000000000000e+04 1.176811952434999170e+06 0.000000000000000000e+00
5.000000000000000000e+04 1.291549665014882805e+06 0.000000000000000000e+00
5.000000000000000000e+04 1.417474162926804740e+06 0.000000000000000000e+00
5.000000000000000000e+04 1.555676143930472201e+06 0.000000000000000000e+00
5.000000000000000000e+04 1.707352647470688680e+06 0.000000000000000000e+00
5.000000000000000000e+04 1.873817422860383056e+06 0.000000000000000000e+00
5.000000000000000000e+04 2.056512308348651510e+06 0.000000000000000000e+00
5.000000000000000000e+04 2.257019719633921515e+06 0.000000000000000000e+00
5.000000000000000000e+04 2.477076355991709046e+06 0.000000000000000000e+00
5.000000000000000000e+04 2.718588242732940242e+06 0.000000000000000000e+00
5.000000000000000000e+04 2.983647240283340216e+06 0.000000000000000000e+00
5.000000000000000000e+04 3.274549162877731491e+06 0.000000000000000000e+00
5.000000000000000000e+04 3.593813663804625627e+06 0.000000000000000000e+00
5.000000000000000000e+04 3.944206059437655844e+06 0.000000000000000000e+00
5.000000000000000000e+04 4.328761281083061360e+06 0.000000000000000000e+00
5.000000000000000000e+04 4.750810162102793343e+06 0.000000000000000000e+00
5.000000000000000000e+04 5.214008287999684922e+06 0.000000000000000000e+00
5.000000000000000000e+04 5.722367659350220114e+06 0.000000000000000000e+00
5.000000000000000000e+04 6.280291441834246740e+06 0.000000000000000000e+00
5.000000000000000000e+04 6.892612104349695146e+06 0.000000000000000000e+00
5.000000000000000000e+04 7.564633275546290912e+06 0.000000000000000000e+00
5.000000000000000000e+04 8.302175681319751777e+06 0.000000000000000000e+00
5.000000000000000000e+04 9.111627561154887080e+06 0.000000000000000000e+00
5.000000000000000000e+04 1.000000000000000000e+07 0.000000000000000000e+00
7.000000000000000000e+04 1.000000000000000000e+02 1.340469513110413916e-03
7.000000000000000000e+04 1.023531021899025859e+02 1.272346541288540186e-03
7.000000000000000000e+04 1.047615752789664043e+02 1.204945352338827186e-03
7.000000000000000000e+04 1.072267222010323167e+02 1.138230308124566718e-03
7.000000000000000000e+04 1.097498765493055686e+02 1.072166180238279427e-03
7.000000000000000000e+04 1.123324032978026565e+02 1.006718132886193781e-03
7.000000000000000000e+04 1.149756995397735579e+02 9.418517061016292661e-04
7.000000000000000000e+04 1.176811952434997863e+02 8.775327993242394882e-04
7.000000000000000000e+04 1.204503540258782408e+02 8.137276552262688416e-04
7.000000000000000000e+04 1.232846739442065882e+02 7.504028429766250842e-04
7.000000000000000000e+04 1.261856883066019748e+02 6.875252436492844789e-04
7.000000000000000000e+04 1.291549665014883885e+02 6.250620311684543327e-04
7.000000000000000000e+04 1.321941148466028721e+02 5.629806516224503685e-04
7.000000000000000000e+04 1.353047774579807481e+02 5.012488268012233340e-04
7.000000000000000000e+04 1.384886371393873219e+02 4.398344959961054111e-04
7.000000000000000000e+04 1.417474162926804695e+02 3.787058608737609629e-04
7.000000000000000000e+04 1.450828778495940128e+02 3.178313229348084246e-04
7.000000000000000000e+04 1.484968262254465117e+02 2.571794967815756324e-04
7.000000000000000000e+04 1.519911082952933157e+02 1.967191914390716652e-04
7.000000000000000000e+04 1.555676143930472222e+02 1.364194012916102483e-04
7.000000000000000000e+04 1.592282793341092315e+02 7.624930821119611573e-05
7.000000000000000000e+04 1.629750834620643332e+02 1.617836810585894880e-05
7.000000000000000000e+04 1.668100537200059250e+02 0.000000000000000000e+00
7.000000000000000000e+04 1.707352647470690385e+02 0.000000000000000000e+00
7.000000000000000000e+04 1.747528400007682876e+02 0.000000000000000000e+00
7.000000000000000000e+04 1.788649529057435075e+02 0.000000000000000000e+00
7.000000000000000000e+04 1.830738280295367701e+02 0.000000000000000000e+00
7.000000000000000000e+04 1.873817422860383033e+02 0.000000000000000000e+00
7.000000000000000000e+04 1.917910261672488730e+02 0.000000000000000000e+00
7.000000000000000000e+04 1.963040650040270521e+02 0.000000000000000000e+00
7.000000000000000000e+04 2.009233002565045751e+02 0.000000000000000000e+00
7.000000000000000000e+04 2.056512308348651459e+02 0.000000000000000000e+00
7.000000000000000000e+04 2.104904144512019855e+02 0.000000000000000000e+00
7.000000000000000000e+04 2.154434690031882269e+02 0.000000000000000000e+00
7.000000000000000000e+04 2.205130739903045480e+02 0.000000000000000000e+00
7.000000000000000000e+04 2.257019719633919124e+02 0.000000000000000000e+00
7.000000000000000000e+04 2.310129700083157900e+02 0.000000000000000000e+00
7.000000000000000000e+04 2.364489412645407072e+02 0.000000000000000000e+00
7.000000000000000000e+04 2.420128264794381039e+02 0.000000000000000000e+00
7.000000000000000000e+04 2.477076355991711409e+02 0.000000000000000000e+00
7.000000000000000000e+04 2.535364493970111539e+02 0.000000000000000000e+00
7.000000000000000000e+04 2.595024211399737055e+02 0.000000000000000000e+00
7.000000000000000000e+04 2.656087782946686957e+02 0.000000000000000000e+00
7.000000000000000000e+04 2.718588242732940330e+02 0.000000000000000000e+00
7.000000000000000000e+04 2.782559402207126027e+02 0.000000000000000000e+00
7.000000000000000000e+04 2.848035868435802058e+02 0.000000000000000000e+00
7.000000000000000000e+04 2.915053062825175516e+02 0.000000000000000000e+00
7.000000000000000000e+04 2.983647240283340238e+02 0.000000000000000000e+00
7.000000000000000000e+04 3.053855508833415797e+02 0.000000000000000000e+00
7.000000000000000000e+04 3.125715849688235153e+02 0.000000000000000000e+00
7.000000000000000000e+04 3.199267137797384635e+02 0.000000000000000000e+00
7.000000000000000000e+04 3.274549162877728463e+02 0.000000000000000000e+00
7.000000000000000000e+04 3.351602650938841066e+02 0.000000000000000000e+00
7.000000000000000000e+04 3.430469286314919373e+02 0.000000000000000000e+00
7.000000000000000000e+04 3.511191734215130964e+02 0.000000000000000000e+00
7.000000000000000000e+04 3.593813663804625662e+02 0.000000000000000000e+00
7.000000000000000000e+04 3.678379771828634262e+02 0.000000000000000000e+00
7.000000000000000000e+04 3.764935806792467474e+02 0.000000000000000000e+00
7.000000000000000000e+04 3.853528593710527161e+02 0.000000000000000000e+00
7.000000000000000000e+04 3.944206059437656222e+02 0.000000000000000000e+00
7.000000000000000000e+04 4.037017258596553688e+02 0.000000000000000000e+00
7.000000000000000000e+04 4.132012400115334572e+02 0.000000000000000000e+00
7.000000000000000000e+04 4.229242874389498752e+02 0.000000000000000000e+00
7.000000000000000000e+04 4.328761281083056929e+02 0.000000000000000000e+00
7.000000000000000000e+04 4.430621457583877714e+02 0.000000000000000000e+00
7.000000000000000000e+04 4.534878508128581984e+02 0.000000000000000000e+00
7.000000000000000000e+04 4.641588833612777307e+02 0.000000000000000000e+00
7.000000000000000000e+04 4.750810162102798131e+02 0.000000000000000000e+00
7.000000000000000000e+04 4.862601580065353346e+02 0.000000000000000000e+00
7.000000000000000000e+04 4.977023564332108663e+02 0.000000000000000000e+00
7.000000000000000000e+04 5.094138014816380178e+02 0.000000000000000000e+00
7.000000000000000000e+04 5.214008287999683944e+02 0.000000000000000000e+00
7.000000000000000000e+04 5.336699231206307559e+02 0.000000000000000000e+00
7.000000000000000000e+04 5.462277217684342077e+02 0.000000000000000000e+00
7.000000000000000000e+04 5.590810182512223037e+02 0.000000000000000000e+00
7.000000000000000000e+04 5.722367659350220492e+02 0.000000000000000000e+00
7.000000000000000000e+04 5.857020818056666940e+02 0.000000000000000000e+00
7.000000000000000000e+04 5.994842503189408944e+02 0.000000000000000000e+00
7.000000000000000000e+04 6.135907273413175744e+02 0.000000000000000000e+00
7.000000000000000000e+04 6.280291441834252737e+02 0.000000000000000000e+00
7.000000000000000000e+04 6.428073117284319551e+02 0.000000000000000000e+00
7.000000000000000000e+04 6.579332246575681893e+02 0.000000000000000000e+00
7.000000000000000000e+04 6.734150657750820983e+02 0.000000000000000000e+00
7.000000000000000000e+04 6.892612104349694846e+02 0.000000000000000000e+00
7.000000000000000000e+04 7.054802310718645231e+02 0.000000000000000000e+00
7.000000000000000000e+04 7.220809018385464242e+02 0.000000000000000000e+00
7.000000000000000000e+04 7.390722033525775032e+02 0.000000000000000000e+00
7.000000000000000000e+04 7.564633275546290179e+02 0.000000000000000000e+00
7.000000000000000000e+04 7.742636826811269657e+02 0.000000000000000000e+00
7.000000000000000000e+04 7.924828983539169940e+02 0.000000000000000000e+00
7.000000000000000000e+04 8.111308307896872520e+02 0.000000000000000000e+00
7.000000000000000000e+04 8.302175681319744172e+02 0.000000000000000000e+00
7.000000000000000000e+04 8.497534359086438371e+02 0.000000000000000000e+00
7.000000000000000000e+04 8.697490026177833897e+02 0.000000000000000000e+00
7.000000000000000000e+04 8.902150854450383122e+02 0.000000000000000000e+00
7.000000000000000000e+04 9.111627561154896284e+02 0.000000000000000000e+00
7.000000000000000000e+04 9.326033468832199560e+02 0.000000000000000000e+00
7.000000000000000000e+04 9.545484566618337112e+02 0.000000000000000000e+00
7.000000000000000000e+04 9.770099572992256753e+02 0.000000000000000000e+00
7.000000000000000000e+04 1.000000000000000000e+03 0.000000000000000000e+00
7.000000000000000000e+04 1.000000000000000000e+03 0.000000000000000000e+00
7.000000000000000000e+04 1.097498765493055544e+03 0.000000000000000000e+00
7.000000000000000000e+04 1.204503540258781186e+03 0.000000000000000000e+00
7.000000000000000000e+04 1.321941148466028608e+03 0.000000000000000000e+00
7.000000000000000000e+04 1.450828778495938650e+03 0.000000000000000000e+00
7.000000000000000000e+04 1.592282793341090610e+03 0.000000000000000000e+00
7.000000000000000000e+04 1.747528400007682876e+03 0.000000000000000000e+00
7.000000000000000000e+04 1.917910261672486740e+03 0.000000000000000000e+00
7.000000000000000000e+04 2.104904144512019684e+03 0.000000000000000000e+00
7.000000000000000000e+04 2.310129700083158241e+03 0.000000000000000000e+00
7.000000000000000000e+04 2.535364493970108924e+03 0.000000000000000000e+00
7.000000000000000000e+04 2.782559402207123185e+03 0.000000000000000000e+00
7.000000000000000000e+04 3.053855508833412387e+03 0.000000000000000000e+00
7.000000000000000000e+04 3.351602650938840725e+03 0.000000000000000000e+00
7.000000000000000000e+04 3.678379771828630510e+03 0.000000000000000000e+00
7.000000000000000000e+04 4.037017258596553802e+03 0.000000000000000000e+00
7.000000000000000000e+04 4.430621457583877600e+03 0.000000000000000000e+00
7.000000000000000000e+04 4.862601580065348571e+03 0.000000000000000000e+00
7.000000000000000000e+04 5.336699231206307559e+03 0.000000000000000000e+00
7.000000000000000000e+04 5.857020818056661483e+03 0.000000000000000000e+00
7.000000000000000000e+04 6.428073117284318869e+03 0.000000000000000000e+00
7.000000000000000000e+04 7.054802310718638182e+03 0.000000000000000000e+00
7.000000000000000000e+04 7.742636826811270112e+03 0.000000000000000000e+00
7.000000000000000000e+04 8.497534359086437689e+03 0.000000000000000000e+00
7.000000000000000000e+04 9.326033468832189101e+03 0.000000000000000000e+00
7.000000000000000000e+04 1.023531021899026928e+04 0.000000000000000000e+00
7.000000000000000000e+04 1.123324032978026480e+04 0.000000000000000000e+00
7.000000000000000000e+04 1.232846739442065882e+04 0.000000000000000000e+00
7.000000000000000000e+04 1.353047774579807628e+04 0.000000000000000000e+00
7.000000000000000000e+04 1.484968262254463480e+04 0.000000000000000000e+00
7.000000000000000000e+04 1.629750834620643400e+04 0.000000000000000000e+00
7.000000000000000000e+04 1.788649529057435211e+04 0.000000000000000000e+00
7.000000000000000000e+04 1.963040650040268520e+04 0.000000000000000000e+00
7.000000000000000000e+04 2.154434690031882201e+04 0.000000000000000000e+00
7.000000000000000000e+04 2.364489412645407356e+04 0.000000000000000000e+00
7.000000000000000000e+04 2.595024211399731939e+04 0.000000000000000000e+00
7.000000000000000000e+04 2.848035868435799057e+04 0.000000000000000000e+00
7.000000000000000000e+04 3.125715849688235176e+04 0.000000000000000000e+00
7.000000000000000000e+04 3.430469286314912461e+04 0.000000000000000000e+00
7.000000000000000000e+04 3.764935806792470976e+04 0.000000000000000000e+00
7.000000000000000000e+04 4.132012400115334458e+04 0.000000000000000000e+00
7.000000000000000000e+04 4.534878508128582325e+04 0.000000000000000000e+00
7.000000000000000000e+04 4.977023564332113892e+04 0.000000000000000000e+00
7.000000000000000000e+04 5.462277217684336938e+04 0.000000000000000000e+00
7.000000000000000000e+04 5.994842503189409035e+04 0.000000000000000000e+00
7.000000000000000000e+04 6.579332246575682075e+04 0.000000000000000000e+00
7.000000000000000000e+04 7.220809018385456875e+04 0.000000000000000000e+00
7.000000000000000000e+04 7.924828983539169712e+04 0.000000000000000000e+00
7.000000000000000000e+04 8.697490026177834079e+04 0.000000000000000000e+00
7.000000000000000000e+04 9.545484566618327517e+04 0.000000000000000000e+00
7.000000000000000000e+04 1.047615752789664111e+05 0.000000000000000000e+00
7.000000000000000000e+04 1.149756995397735591e+05 0.000000000000000000e+00
7.000000000000000000e+04 1.261856883066018490e+05 0.000000000000000000e+00
7.000000000000000000e+04 1.384886371393871668e+05 0.000000000000000000e+00
7.000000000000000000e+04 1.519911082952933211e+05 0.000000000000000000e+00
7.000000000000000000e+04 1.668100537200059043e+05 0.000000000000000000e+00
7.000000000000000000e+04 1.830738280295369623e+05 0.000000000000000000e+00
7.000000000000000000e+04 2.009233002565045899e+05 0.000000000000000000e+00
7.000000000000000000e+04 2.205130739903045760e+05 0.000000000000000000e+00
7.000000000000000000e+04 2.420128264794383431e+05 0.000000000000000000e+00
7.000000000000000000e+04 2.656087782946684165e+05 0.000000000000000000e+00
7.000000000000000000e+04 2.915053062825175584e+05 0.000000000000000000e+00
7.000000000000000000e+04 3.199267137797384639e+05 0.000000000000000000e+00
7.000000000000000000e+04 3.511191734215127653e+05 0.000000000000000000e+00
7.000000000000000000e+04 3.853528593710527639e+05 0.000000000000000000e+00
7.000000000000000000e+04 4.229242874389499193e+05 0.000000000000000000e+00
7.000000000000000000e+04 4.641588833612772287e+05 0.000000000000000000e+00
7.000000000000000000e+04 5.094138014816375216e+05 0.000000000000000000e+00
7.000000000000000000e+04 5.590810182512222091e+05 0.000000000000000000e+00
7.000000000000000000e+04 6.135907273413175717e+05 0.000000000000000000e+00
7.000000000000000000e+04 6.734150657750827959e+05 0.000000000000000000e+00
7.000000000000000000e+04 7.390722033525775187e+05 0.000000000000000000e+00
7.000000000000000000e+04 8.111308307896872284e+05 0.000000000000000000e+00
7.000000000000000000e+04 8.902150854450393235e+05 0.000000000000000000e+00
7.000000000000000000e+04 9.770099572992246831e+05 0.000000000000000000e+00
7.000000000000000000e+04 1.072267222010323079e+06 0.000000000000000000e+00
7.000000000000000000e+04 1.176811952434999170e+06 0.000000000000000000e+00
7.000000000000000000e+04 1.291549665014882805e+06 0.000000000000000000e+00
7.000000000000000000e+04 1.417474162926804740e+06 0.000000000000000000e+00
7.000000000000000000e+04 1.555676143930472201e+06 0.000000000000000000e+00
7.000000000000000000e+04 1.707352647470688680e+06 0.000000000000000000e+00
7.000000000000000000e+04 1.873817422860383056e+06 0.000000000000000000e+00
7.000000000000000000e+04 2.056512308348651510e+06 0.000000000000000000e+00
7.000000000000000000e+04 2.257019719633921515e+06 0.000000000000000000e+00
7.000000000000000000e+04 2.477076355991709046e+06 0.000000000000000000e+00
7.000000000000000000e+04 2.718588242732940242e+06 0.000000000000000000e+00
7.000000000000000000e+04 2.983647240283340216e+06 0.000000000000000000e+00
7.000000000000000000e+04 3.274549162877731491e+06 0.000000000000000000e+00
7.000000000000000000e+04 3.593813663804625627e+06 0.000000000000000000e+00
7.000000000000000000e+04 3.944206059437655844e+06 0.000000000000000000e+00
7.000000000000000000e+04 4.328761281083061360e+06 0.000000000000000000e+00
7.000000000000000000e+04 4.750810162102793343e+06 0.000000000000000000e+00
7.000000000000000000e+04 5.214008287999684922e+06 0.000000000000000000e+00
7.000000000000000000e+04 5.722367659350220114e+06 0.000000000000000000e+00
7.000000000000000000e+04 6.280291441834246740e+06 0.000000000000000000e+00
7.000000000000000000e+04 6.892612104349695146e+06 0.000000000000000000e+00
7.000000000000000000e+04 7.564633275546290912e+06 0.000000000000000000e+00
7.000000000000000000e+04 8.302175681319751777e+06 0.000000000000000000e+00
7.000000000000000000e+04 9.111627561154887080e+06 0.000000000000000000e+00
7.000000000000000000e+04 1.000000000000000000e+07 0.000000000000000000e+00
1.000000000000000000e+05 1.000000000000000000e+02 9.420797795458201113e-04
1.000000000000000000e+05 1.023531021899025859e+02 8.942858011006151863e-04
1.000000000000000000e+05 1.047615752789664043e+02 8.469921206990239882e-04
1.000000000000000000e+05 1.072267222010323167e+02 8.001735652432502609e-04
1.000000000000000000e+05 1.097498765493055686e+02 7.538052382255077581e-04
1.000000000000000000e+05 1.123324032978026565e+02 7.078625072948286148e-04
1.000000000000000000e+05 1.149756995397735579e+02 6.623209920337846425e-04
1.000000000000000000e+05 1.176811952434997863e+02 6.171565519711123696e-04
1.000000000000000000e+05 1.204503540258782408e+02 5.723452747453319908e-04
1.000000000000000000e+05 1.232846739442065882e+02 5.278634638686154458e-04
1.000000000000000000e+05 1.261856883066019748e+02 4.836876279359344295e-04
1.000000000000000000e+05 1.291549665014883885e+02 4.397944667758608810e-04
1.000000000000000000e+05 1.321941148466028721e+02 3.961608564615881753e-04
1.000000000000000000e+05 1.353047774579807481e+02 3.527638508428405971e-04
1.000000000000000000e+05 1.384886371393873219e+02 3.095806409543452094e-04
1.000000000000000000e+05 1.417474162926804695e+02 2.665885846586664269e-04
1.000000000000000000e+05 1.450828778495940128e+02 2.237651630772729953e-04
1.000000000000000000e+05 1.484968262254465117e+02 1.810879886281319378e-04
1.000000000000000000e+05 1.519911082952933157e+02 1.385347912857685427e-04
1.000000000000000000e+05 1.555676143930472222e+02 9.608341135041935214e-05
1.000000000000000000e+05 1.592282793341092315e+02 5.371179978927541744e-05
1.000000000000000000e+05 1.629750834620643332e+02 1.139807588567023669e-05
1.000000000000000000e+05 1.668100537200059250e+02 0.000000000000000000e+00
1.000000000000000000e+05 1.707352647470690385e+02 0.000000000000000000e+00
1.000000000000000000e+05 1.747528400007682876e+02 0.000000000000000000e+00
1.000000000000000000e+05 1.788649529057435075e+02 0.000000000000000000e+00
1.000000000000000000e+05 1.830738280295367701e+02 0.000000000000000000e+00
1.000000000000000000e+05 1.873817422860383033e+02 0.000000000000000000e+00
1.000000000000000000e+05 1.917910261672488730e+02 0.000000000000000000e+00
1.000000000000000000e+05 1.963040650040270521e+02 0.000000000000000000e+00
1.000000000000000000e+05 2.009233002565045751e+02 0.000000000000000000e+00
1.000000000000000000e+05 2.056512308348651459e+02 0.000000000000000000e+00
1.000000000000000000e+05 2.104904144512019855e+02 0.000000000000000000e+00
1.000000000000000000e+05 2.154434690031882269e+02 0.000000000000000000e+00
1.000000000000000000e+05 2.205130739903045480e+02 0.000000000000000000e+00
1.000000000000000000e+05 2.257019719633919124e+02 0.000000000000000000e+00
1.000000000000000000e+05 2.310129700083157900e+02 0.000000000000000000e+00
1.000000000000000000e+05 2.364489412645407072e+02 0.000000000000000000e+00
1.000000000000000000e+05 2.420128264794381039e+02 0.000000000000000000e+00
1.000000000000000000e+05 2.477076355991711409e+02 0.000000000000000000e+00
1.000000000000000000e+05 2.535364493970111539e+02 0.000000000000000000e+00
1.000000000000000000e+05 2.595024211399737055e+02 0.000000000000000000e+00
1.000000000000000000e+05 2.656087782946686957e+02 0.000000000000000000e+00
1.000000000000000000e+05 2.718588242732940330e+02 0.000000000000000000e+00
1.000000000000000000e+05 2.782559402207126027e+02 0.000000000000000000e+00
1.000000000000000000e+05 2.848035868435802058e+02 0.000000000000000000e+00
1.000000000000000000e+05 2.915053062825175516e+02 0.000000000000000000e+00
1.000000000000000000e+05 2.983647240283340238e+02 0.000000000000000000e+00
1.000000000000000000e+05 3.053855508833415797e+02 0.000000000000000000e+00
1.000000000000000000e+05 3.125715849688235153e+02 0.000000000000000000e+00
1.000000000000000000e+05 3.199267137797384635e+02 0.000000000000000000e+00
1.000000000000000000e+05 3.274549162877728463e+02 0.000000000000000000e+00
1.000000000000000000e+05 3.351602650938841066e+02 0.000000000000000000e+00
1.000000000000000000e+05 3.430469286314919373e+02 0.000000000000000000e+00
1.000000000000000000e+05 3.511191734215130964e+02 0.000000000000000000e+00
1.000000000000000000e+05 3.593813663804625662e+02 0.000000000000000000e+00
1.000000000000000000e+05 3.678379771828634262e+02 0.000000000000000000e+00
1.000000000000000000e+05 3.764935806792467474e+02 0.000000000000000000e+00
1.000000000000000000e+05 3.853528593710527161e+02 0.000000000000000000e+00
1.000000000000000000e+05 3.944206059437656222e+02 0.000000000000000000e+00
1.000000000000000000e+05 4.037017258596553688e+02 0.000000000000000000e+00
1.000000000000000000e+05 4.132012400115334572e+02 0.000000000000000000e+00
1.000000000000000000e+05 4.229242874389498752e+02 0.000000000000000000e+00
1.000000000000000000e+05 4.328761281083056929e+02 0.000000000000000000e+00
1.000000000000000000e+05 4.430621457583877714e+02 0.000000000000000000e+00
1.000000000000000000e+05 4.534878508128581984e+02 0.000000000000000000e+00
1.000000000000000000e+05 4.641588833612777307e+02 0.000000000000000000e+00
1.000000000000000000e+05 4.750810162102798131e+02 0.000000000000000000e+00
1.000000000000000000e+05 4.862601580065353346e+02 0.000000000000000000e+00
1.000000000000000000e+05 4.977023564332108663e+02 0.000000000000000000e+00
1.000000000000000000e+05 5.094138014816380178e+02 0.000000000000000000e+00
1.000000000000000000e+05 5.214008287999683944e+02 0.000000000000000000e+00
1.000000000000000000e+05 5.336699231206307559e+02 0.000000000000000000e+00
1.000000000000000000e+05 5.462277217684342077e+02 0.000000000000000000e+00
1.000000000000000000e+05 5.590810182512223037e+02 0.000000000000000000e+00
1.000000000000000000e+05 5.722367659350220492e+02 0.000000000000000000e+00
1.000000000000000000e+05 5.857020818056666940e+02 0.000000000000000000e+00
1.000000000000000000e+05 5.994842503189408944e+02 0.000000000000000000e+00
1.000000000000000000e+05 6.135907273413175744e+02 0.000000000000000000e+00
1.000000000000000000e+05 6.280291441834252737e+02 0.000000000000000000e+00
1.000000000000000000e+05 6.428073117284319551e+02 0.000000000000000000e+00
1.000000000000000000e+05 6.579332246575681893e+02 0.000000000000000000e+00
1.000000000000000000e+05 6.734150657750820983e+02 0.000000000000000000e+00
1.000000000000000000e+05 6.892612104349694846e+02 0.000000000000000000e+00
1.000000000000000000e+05 7.054802310718645231e+02 0.000000000000000000e+00
1.000000000000000000e+05 7.220809018385464242e+02 0.000000000000000000e+00
1.000000000000000000e+05 7.390722033525775032e+02 0.000000000000000000e+00
1.000000000000000000e+05 7.564633275546290179e+02 0.000000000000000000e+00
1.000000000000000000e+05 7.742636826811269657e+02 0.000000000000000000e+00
1.000000000000000000e+05 7.924828983539169940e+02 0.000000000000000000e+00
1.000000000000000000e+05 8.111308307896872520e+02 0.000000000000000000e+00
1.000000000000000000e+05 8.302175681319744172e+02 0.000000000000000000e+00
1.000000000000000000e+05 8.497534359086438371e+02 0.000000000000000000e+00
1.000000000000000000e+05 8.697490026177833897e+02 0.000000000000000000e+00
1.000000000000000000e+05 8.902150854450383122e+02 0.000000000000000000e+00
1.000000000000000000e+05 9.111627561154896284e+02 0.000000000000000000e+00
1.000000000000000000e+05 9.326033468832199560e+02 0.000000000000000000e+00
1.000000000000000000e+05 9.545484566618337112e+02 0.000000000000000000e+00
1.000000000000000000e+05 9.770099572992256753e+02 0.000000000000000000e+00
1.000000000000000000e+05 1.000000000000000000e+03 0.000000000000000000e+00
1.000000000000000000e+05 1.000000000000000000e+03 0.000000000000000000e+00
1.000000000000000000e+05 1.097498765493055544e+03 0.000000000000000000e+00
1.000000000000000000e+05 1.204503540258781186e+03 0.000000000000000000e+00
1.000000000000000000e+05 1.321941148466028608e+03 0.000000000000000000e+00
1.000000000000000000e+05 1.450828778495938650e+03 0.000000000000000000e+00
1.000000000000000000e+05 1.592282793341090610e+03 0.000000000000000000e+00
1.000000000000000000e+05 1.747528400007682876e+03 0.000000000000000000e+00
1.000000000000000000e+05 1.917910261672486740e+03 0.000000000000000000e+00
1.000000000000000000e+05 2.104904144512019684e+03 0.000000000000000000e+00
1.000000000000000000e+05 2.310129700083158241e+03 0.000000000000000000e+00
1.000000000000000000e+05 2.535364493970108924e+03 0.000000000000000000e+00
1.000000000000000000e+05 2.782559402207123185e+03 0.000000000000000000e+00
1.000000000000000000e+05 3.053855508833412387e+03 0.000000000000000000e+00
1.000000000000000000e+05 3.351602650938840725e+03 0.000000000000000000e+00
1.000000000000000000e+05 3.678379771828630510e+03 0.000000000000000000e+00
1.000000000000000000e+05 4.037017258596553802e+03 0.000000000000000000e+00
1.000000000000000000e+05 4.430621457583877600e+03 0.000000000000000000e+00
1.000000000000000000e+05 4.862601580065348571e+03 0.000000000000000000e+00
1.000000000000000000e+05 5.336699231206307559e+03 0.000000000000000000e+00
1.000000000000000000e+05 5.857020818056661483e+03 0.000000000000000000e+00
1.000000000000000000e+05 6.428073117284318869e+03 0.000000000000000000e+00
1.000000000000000000e+05 7.054802310718638182e+03 0.000000000000000000e+00
1.000000000000000000e+05 7.742636826811270112e+03 0.000000000000000000e+00
1.000000000000000000e+05 8.497534359086437689e+03 0.000000000000000000e+00
1.000000000000000000e+05 9.326033468832189101e+03 0.000000000000000000e+00
1.000000000000000000e+05 1.023531021899026928e+04 0.000000000000000000e+00
1.000000000000000000e+05 1.123324032978026480e+04 0.000000000000000000e+00
1.000000000000000000e+05 1.232846739442065882e+04 0.000000000000000000e+00
1.000000000000000000e+05 1.353047774579807628e+04 0.000000000000000000e+00
1.000000000000000000e+05 1.484968262254463480e+04 0.000000000000000000e+00
1.000000000000000000e+05 1.629750834620643400e+04 0.000000000000000000e+00
1.000000000000000000e+05 1.788649529057435211e+04 0.000000000000000000e+00
1.000000000000000000e+05 1.963040650040268520e+04 0.000000000000000000e+00
1.000000000000000000e+05 2.154434690031882201e+04 0.000000000000000000e+00
1.000000000000000000e+05 2.364489412645407356e+04 0.000000000000000000e+00
1.000000000000000000e+05 2.595024211399731939e+04 0.000000000000000000e+00
1.000000000000000000e+05 2.848035868435799057e+04 0.000000000000000000e+00
1.000000000000000000e+05 3.125715849688235176e+04 0.000000000000000000e+00
1.000000000000000000e+05 3.430469286314912461e+04 0.000000000000000000e+00
1.000000000000000000e+05 3.764935806792470976e+04 0.000000000000000000e+00
1.000000000000000000e+05 4.132012400115334458e+04 0.000000000000000000e+00
1.000000000000000000e+05 4.534878508128582325e+04 0.000000000000000000e+00
1.000000000000000000e+05 4.977023564332113892e+04 0.000000000000000000e+00
1.000000000000000000e+05 5.462277217684336938e+04 0.000000000000000000e+00
1.000000000000000000e+05 5.994842503189409035e+04 0.000000000000000000e+00
1.000000000000000000e+05 6.579332246575682075e+04 0.000000000000000000e+00
1.000000000000000000e+05 7.220809018385456875e+04 0.000000000000000000e+00
1.000000000000000000e+05 7.924828983539169712e+04 0.000000000000000000e+00
1.000000000000000000e+05 8.697490026177834079e+04 0.000000000000000000e+00
1.000000000000000000e+05 9.545484566618327517e+04 0.000000000000000000e+00
1.000000000000000000e+05 1.047615752789664111e+05 0.000000000000000000e+00
1.000000000000000000e+05 1.149756995397735591e+05 0.000000000000000000e+00
1.000000000000000000e+05 1.261856883066018490e+05 0.000000000000000000e+00
1.000000000000000000e+05 1.384886371393871668e+05 0.000000000000000000e+00
1.000000000000000000e+05 1.519911082952933211e+05 0.000000000000000000e+00
1.000000000000000000e+05 1.668100537200059043e+05 0.000000000000000000e+00
1.000000000000000000e+05 1.830738280295369623e+05 0.000000000000000000e+00
1.000000000000000000e+05 2.009233002565045899e+05 0.000000000000000000e+00
1.000000000000000000e+05 2.205130739903045760e+05 0.000000000000000000e+00
1.000000000000000000e+05 2.420128264794383431e+05 0.000000000000000000e+00
1.000000000000000000e+05 2.656087782946684165e+05 0.000000000000000000e+00
1.000000000000000000e+05 2.915053062825175584e+05 0.000000000000000000e+00
1.000000000000000000e+05 3.199267137797384639e+05 0.000000000000000000e+00
1.000000000000000000e+05 3.511191734215127653e+05 0.000000000000000000e+00
1.000000000000000000e+05 3.853528593710527639e+05 0.000000000000000000e+00
1.000000000000000000e+05 4.229242874389499193e+05 0.000000000000000000e+00
1.000000000000000000e+05 4.641588833612772287e+05 0.000000000000000000e+00
1.000000000000000000e+05 5.094138014816375216e+05 0.000000000000000000e+00
1.000000000000000000e+05 5.590810182512222091e+05 0.000000000000000000e+00
1.000000000000000000e+05 6.135907273413175717e+05 0.000000000000000000e+00
1.000000000000000000e+05 6.734150657750827959e+05 0.000000000000000000e+00
1.000000000000000000e+05 7.390722033525775187e+05 0.000000000000000000e+00
1.000000000000000000e+05 8.111308307896872284e+05 0.000000000000000000e+00
1.000000000000000000e+05 8.902150854450393235e+05 0.000000000000000000e+00
1.000000000000000000e+05 9.770099572992246831e+05 0.000000000000000000e+00
1.000000000000000000e+05 1.072267222010323079e+06 0.000000000000000000e+00
1.000000000000000000e+05 1.176811952434999170e+06 0.000000000000000000e+00
1.000000000000000000e+05 1.291549665014882805e+06 0.000000000000000000e+00
1.000000000000000000e+05 1.417474162926804740e+06 0.000000000000000000e+00
1.000000000000000000e+05 1.555676143930472201e+06 0.000000000000000000e+00
1.000000000000000000e+05 1.707352647470688680e+06 0.000000000000000000e+00
1.000000000000000000e+05 1.873817422860383056e+06 0.000000000000000000e+00
1.000000000000000000e+05 2.056512308348651510e+06 0.000000000000000000e+00
1.000000000000000000e+05 2.257019719633921515e+06 0.000000000000000000e+00
1.000000000000000000e+05 2.477076355991709046e+06 0.000000000000000000e+00
1.000000000000000000e+05 2.718588242732940242e+06 0.000000000000000000e+00
1.000000000000000000e+05 2.983647240283340216e+06 0.000000000000000000e+00
1.000000000000000000e+05 3.274549162877731491e+06 0.000000000000000000e+00
1.000000000000000000e+05 3.593813663804625627e+06 0.000000000000000000e+00
1.000000000000000000e+05 3.944206059437655844e+06 0.000000000000000000e+00
1.000000000000000000e+05 4.328761281083061360e+06 0.000000000000000000e+00
1.000000000000000000e+05 4.750810162102793343e+06 0.000000000000000000e+00
1.000000000000000000e+05 5.214008287999684922e+06 0.000000000000000000e+00
1.000000000000000000e+05 5.722367659350220114e+06 0.000000000000000000e+00
1.000000000000000000e+05 6.280291441834246740e+06 0.000000000000000000e+00
1.000000000000000000e+05 6.892612104349695146e+06 0.000000000000000000e+00
1.000000000000000000e+05 7.564633275546290912e+06 0.000000000000000000e+00
1.000000000000000000e+05 8.302175681319751777e+06 0.000000000000000000e+00
1.000000000000000000e+05 9.111627561154887080e+06 0.000000000000000000e+00
1.000000000000000000e+05 1.000000000000000000e+07 0.000000000000000000e+00
1.400000000000000000e+05 1.000000000000000000e+02 6.747137917596619187e-04
1.400000000000000000e+05 1.023531021899025859e+02 6.405237822637234631e-04
1.400000000000000000e+05 1.047615752789664043e+02 6.066887417153139263e-04
1.400000000000000000e+05 1.072267222010323167e+02 5.731905788162798511e-04
1.400000000000000000e+05 1.097498765493055686e+02 5.400113947586898926e-04
1.400000000000000000e+05 1.123324032978026565e+02 5.071334741135362974e-04
1.400000000000000000e+05 1.149756995397735579e+02 4.745392758583952134e-04
1.400000000000000000e+05 1.176811952434997863e+02 4.422114245634088691e-04
1.400000000000000000e+05 1.204503540258782408e+02 4.101327016726679492e-04
1.400000000000000000e+05 1.232846739442065882e+02 3.782860364962637779e-04
1.400000000000000000e+05 1.261856883066019748e+02 3.466544982067521711e-04
1.400000000000000000e+05 1.291549665014883885e+02 3.152212856801936088e-04
1.400000000000000000e+05 1.321941148466028721e+02 2.839697165224018137e-04
1.400000000000000000e+05 1.353047774579807481e+02 2.528832276896958442e-04
1.400000000000000000e+05 1.384886371393873219e+02 2.219453465310099725e-04
1.400000000000000000e+05 1.417474162926804695e+02 1.911397110980126953e-04
1.400000000000000000e+05 1.450828778495940128e+02 1.604500390842718131e-04
1.400000000000000000e+05 1.484968262254465117e+02 1.298601329410495060e-04
1.400000000000000000e+05 1.519911082952933157e+02 9.935386970835318214e-05
1.400000000000000000e+05 1.555676143930472222e+02 6.891519538833882274e-05
1.400000000000000000e+05 1.592282793341092315e+02 3.852812460003986807e-05
1.400000000000000000e+05 1.629750834620643332e+02 8.176780318920040593e-06
1.400000000000000000e+05 1.668100537200059250e+02 0.000000000000000000e+00
1.400000000000000000e+05 1.707352647470690385e+02 0.000000000000000000e+00
1.400000000000000000e+05 1.747528400007682876e+02 0.000000000000000000e+00
1.400000000000000000e+05 1.788649529057435075e+02 0.000000000000000000e+00
1.400000000000000000e+05 1.830738280295367701e+02 0.000000000000000000e+00
1.400000000000000000e+05 1.873817422860383033e+02 0.000000000000000000e+00
1.400000000000000000e+05 1.917910261672488730e+02 0.000000000000000000e+00
1.400000000000000000e+05 1.963040650040270521e+02 0.000000000000000000e+00
1.400000000000000000e+05 2.009233002565045751e+02 0.000000000000000000e+00
1.400000000000000000e+05 2.056512308348651459e+02 0.000000000000000000e+00
1.400000000000000000e+05 2.104904144512019855e+02 0.000000000000000000e+00
1.400000000000000000e+05 2.154434690031882269e+02 0.000000000000000000e+00
1.400000000000000000e+05 2.205130739903045480e+02 0.000000000000000000e+00
1.400000000000000000e+05 2.257019719633919124e+02 0.000000000000000000e+00
1.400000000000000000e+05 2.310129700083157900e+02 0.000000000000000000e+00
1.400000000000000000e+05 2.364489412645407072e+02 0.000000000000000000e+00
1.400000000000000000e+05 2.420128264794381039e+02 0.000000000000000000e+00
1.400000000000000000e+05 2.477076355991711409e+02 0.000000000000000000e+00
1.400000000000000000e+05 2.535364493970111539e+02 0.000000000000000000e+00
1.400000000000000000e+05 2.595024211399737055e+02 0.000000000000000000e+00
1.400000000000000000e+05 2.656087782946686957e+02 0.000000000000000000e+00
1.400000000000000000e+05 2.718588242732940330e+02 0.000000000000000000e+00
1.400000000000000000e+05 2.782559402207126027e+02 0.000000000000000000e+00
1.400000000000000000e+05 2.848035868435802058e+02 0.000000000000000000e+00
1.400000000000000000e+05 2.915053062825175516e+02 0.000000000000000000e+00
1.400000000000000000e+05 2.983647240283340238e+02 0.000000000000000000e+00
1.400000000000000000e+05 3.053855508833415797e+02 0.000000000000000000e+00
1.400000000000000000e+05 3.125715849688235153e+02 0.000000000000000000e+00
1.400000000000000000e+05 3.199267137797384635e+02 0.000000000000000000e+00
1.400000000000000000e+05 3.274549162877728463e+02 0.000000000000000000e+00
1.400000000000000000e+05 3.351602650938841066e+02 0.000000000000000000e+00
1.400000000000000000e+05 3.430469286314919373e+02 0.000000000000000000e+00
1.400000000000000000e+05 3.511191734215130964e+02 0.000000000000000000e+00
1.400000000000000000e+05 3.593813663804625662e+02 0.000000000000000000e+00
1.400000000000000000e+05 3.678379771828634262e+02 0.000000000000000000e+00
1.400000000000000000e+05 3.764935806792467474e+02 0.000000000000000000e+00
1.400000000000000000e+05 3.853528593710527161e+02 0.000000000000000000e+00
1.400000000000000000e+05 3.944206059437656222e+02 0.000000000000000000e+00
1.400000000000000000e+05 4.037017258596553688e+02 0.000000000000000000e+00
1.400000000000000000e+05 4.132012400115334572e+02 0.000000000000000000e+00
1.400000000000000000e+05 4.229242874389498752e+02 0.000000000000000000e+00
1.400000000000000000e+05 4.328761281083056929e+02 0.000000000000000000e+00
1.400000000000000000e+05 4.430621457583877714e+02 0.000000000000000000e+00
1.400000000000000000e+05 4.534878508128581984e+02 0.000000000000000000e+00
1.400000000000000000e+05 4.641588833612777307e+02 0.000000000000000000e+00
1.400000000000000000e+05 4.750810162102798131e+02 0.000000000000000000e+00
1.400000000000000000e+05 4.862601580065353346e+02 0.000000000000000000e+00
1.400000000000000000e+05 4.977023564332108663e+02 0.000000000000000000e+00
1.400000000000000000e+05 5.094138014816380178e+02 0.000000000000000000e+00
1.400000000000000000e+05 5.214008287999683944e+02 0.000000000000000000e+00
1.400000000000000000e+05 5.336699231206307559e+02 0.000000000000000000e+00
1.400000000000000000e+05 5.462277217684342077e+02 0.000000000000000000e+00
1.400000000000000000e+05 5.590810182512223037e+02 0.000000000000000000e+00
1.400000000000000000e+05 5.722367659350220492e+02 0.000000000000000000e+00
1.400000000000000000e+05 5.857020818056666940e+02 0.000000000000000000e+00
1.400000000000000000e+05 5.994842503189408944e+02 0.000000000000000000e+00
1.400000000000000000e+05 6.135907273413175744e+02 0.000000000000000000e+00
1.400000000000000000e+05 6.280291441834252737e+02 0.000000000000000000e+00
1.400000000000000000e+05 6.428073117284319551e+02 0.000000000000000000e+00
1.400000000000000000e+05 6.579332246575681893e+02 0.000000000000000000e+00
1.400000000000000000e+05 6.734150657750820983e+02 0.000000000000000000e+00
1.400000000000000000e+05 6.892612104349694846e+02 0.000000000000000000e+00
1.400000000000000000e+05 7.054802310718645231e+02 0.000000000000000000e+00
1.400000000000000000e+05 7.220809018385464242e+02 0.000000000000000000e+00
1.400000000000000000e+05 7.390722033525775032e+02 0.000000000000000000e+00
1.400000000000000000e+05 7.564633275546290179e+02 0.000000000000000000e+00
1.400000000000000000e+05 7.742636826811269657e+02 0.000000000000000000e+00
1.400000000000000000e+05 7.924828983539169940e+02 0.000000000000000000e+00
1.400000000000000000e+05 8.111308307896872520e+02 0.000000000000000000e+00
1.400000000000000000e+05 8.302175681319744172e+02 0.000000000000000000e+00
1.400000000000000000e+05 8.497534359086438371e+02 0.000000000000000000e+00
1.400000000000000000e+05 8.697490026177833897e+02 0.000000000000000000e+00
1.400000000000000000e+05 8.902150854450383122e+02 0.000000000000000000e+00
1.400000000000000000e+05 9.111627561154896284e+02 0.000000000000000000e+00
1.400000000000000000e+05 9.326033468832199560e+02 0.000000000000000000e+00
1.400000000000000000e+05 9.545484566618337112e+02 0.000000000000000000e+00
1.400000000000000000e+05 9.770099572992256753e+02 0.000000000000000000e+00
1.400000000000000000e+05 1.000000000000000000e+03 0.000000000000000000e+00
1.400000000000000000e+05 1.000000000000000000e+03 0.000000000000000000e+00
1.400000000000000000e+05 1.097498765493055544e+03 0.000000000000000000e+00
1.400000000000000000e+05 1.204503540258781186e+03 0.000000000000000000e+00
1.400000000000000000e+05 1.321941148466028608e+03 0.000000000000000000e+00
1.400000000000000000e+05 1.450828778495938650e+03 0.000000000000000000e+00
1.400000000000000000e+05 1.592282793341090610e+03 0.000000000000000000e+00
1.400000000000000000e+05 1.747528400007682876e+03 0.000000000000000000e+00
1.400000000000000000e+05 1.917910261672486740e+03 0.000000000000000000e+00
1.400000000000000000e+05 2.104904144512019684e+03 0.000000000000000000e+00
1.400000000000000000e+05 2.310129700083158241e+03 0.000000000000000000e+00
1.400000000000000000e+05 2.535364493970108924e+03 0.000000000000000000e+00
1.400000000000000000e+05 2.782559402207123185e+03 0.000000000000000000e+00
1.400000000000000000e+05 3.053855508833412387e+03 0.000000000000000000e+00
1.400000000000000000e+05 3.351602650938840725e+03 0.000000000000000000e+00
1.400000000000000000e+05 3.678379771828630510e+03 0.000000000000000000e+00
1.400000000000000000e+05 4.037017258596553802e+03 0.000000000000000000e+00
1.400000000000000000e+05 4.430621457583877600e+03 0.000000000000000000e+00
1.400000000000000000e+05 4.862601580065348571e+03 0.000000000000000000e+00
1.400000000000000000e+05 5.336699231206307559e+03 0.000000000000000000e+00
1.400000000000000000e+05 5.857020818056661483e+03 0.000000000000000000e+00
1.400000000000000000e+05 6.428073117284318869e+03 0.000000000000000000e+00
1.400000000000000000e+05 7.054802310718638182e+03 0.000000000000000000e+00
1.400000000000000000e+05 7.742636826811270112e+03 0.000000000000000000e+00
1.400000000000000000e+05 8.497534359086437689e+03 0.000000000000000000e+00
1.400000000000000000e+05 9.326033468832189101e+03 0.000000000000000000e+00
1.400000000000000000e+05 1.023531021899026928e+04 0.000000000000000000e+00
1.400000000000000000e+05 1.123324032978026480e+04 0.000000000000000000e+00
1.400000000000000000e+05 1.232846739442065882e+04 0.000000000000000000e+00
1.400000000000000000e+05 1.353047774579807628e+04 0.000000000000000000e+00
1.400000000000000000e+05 1.484968262254463480e+04 0.000000000000000000e+00
1.400000000000000000e+05 1.629750834620643400e+04 0.000000000000000000e+00
1.400000000000000000e+05 1.788649529057435211e+04 0.000000000000000000e+00
1.400000000000000000e+05 1.963040650040268520e+04 0.000000000000000000e+00
1.400000000000000000e+05 2.154434690031882201e+04 0.000000000000000000e+00
1.400000000000000000e+05 2.364489412645407356e+04 0.000000000000000000e+00
1.400000000000000000e+05 2.595024211399731939e+04 0.000000000000000000e+00
1.400000000000000000e+05 2.848035868435799057e+04 0.000000000000000000e+00
1.400000000000000000e+05 3.125715849688235176e+04 0.000000000000000000e+00
1.400000000000000000e+05 3.430469286314912461e+04 0.000000000000000000e+00
1.400000000000000000e+05 3.764935806792470976e+04 0.000000000000000000e+00
1.400000000000000000e+05 4.132012400115334458e+04 0.000000000000000000e+00
1.400000000000000000e+05 4.534878508128582325e+04 0.000000000000000000e+00
1.400000000000000000e+05 4.977023564332113892e+04 0.000000000000000000e+00
1.400000000000000000e+05 5.462277217684336938e+04 0.000000000000000000e+00
1.400000000000000000e+05 5.994842503189409035e+04 0.000000000000000000e+00
1.400000000000000000e+05 6.579332246575682075e+04 0.000000000000000000e+00
1.400000000000000000e+05 7.220809018385456875e+04 0.000000000000000000e+00
1.400000000000000000e+05 7.924828983539169712e+04 0.000000000000000000e+00
1.400000000000000000e+05 8.697490026177834079e+04 0.000000000000000000e+00
1.400000000000000000e+05 9.545484566618327517e+04 0.000000000000000000e+00
1.400000000000000000e+05 1.047615752789664111e+05 0.000000000000000000e+00
1.400000000000000000e+05 1.149756995397735591e+05 0.000000000000000000e+00
1.400000000000000000e+05 1.261856883066018490e+05 0.000000000000000000e+00
1.400000000000000000e+05 1.384886371393871668e+05 0.000000000000000000e+00
1.400000000000000000e+05 1.519911082952933211e+05 0.000000000000000000e+00
1.400000000000000000e+05 1.668100537200059043e+05 0.000000000000000000e+00
1.400000000000000000e+05 1.830738280295369623e+05 0.000000000000000000e+00
1.400000000000000000e+05 2.009233002565045899e+05 0.000000000000000000e+00
1.400000000000000000e+05 2.205130739903045760e+05 0.000000000000000000e+00
1.400000000000000000e+05 2.420128264794383431e+05 0.000000000000000000e+00
1.400000000000000000e+05 2.656087782946684165e+05 0.000000000000000000e+00
1.400000000000000000e+05 2.915053062825175584e+05 0.000000000000000000e+00
1.400000000000000000e+05 3.199267137797384639e+05 0.000000000000000000e+00
1.400000000000000000e+05 3.511191734215127653e+05 0.000000000000000000e+00
1.400000000000000000e+05 3.853528593710527639e+05 0.000000000000000000e+00
1.400000000000000000e+05 4.229242874389499193e+05 0.000000000000000000e+00
1.400000000000000000e+05 4.641588833612772287e+05 0.000000000000000000e+00
1.400000000000000000e+05 5.094138014816375216e+05 0.000000000000000000e+00
1.400000000000000000e+05 5.590810182512222091e+05 0.000000000000000000e+00
1.400000000000000000e+05 6.135907273413175717e+05 0.000000000000000000e+00
1.400000000000000000e+05 6.734150657750827959e+05 0.000000000000000000e+00
1.400000000000000000e+05 7.390722033525775187e+05 0.000000000000000000e+00
1.400000000000000000e+05 8.111308307896872284e+05 0.000000000000000000e+00
1.400000000000000000e+05 8.902150854450393235e+05 0.000000000000000000e+00
1.400000000000000000e+05 9.770099572992246831e+05 0.000000000000000000e+00
1.400000000000000000e+05 1.072267222010323079e+06 0.000000000000000000e+00
1.400000000000000000e+05 1.176811952434999170e+06 0.000000000000000000e+00
1.400000000000000000e+05 1.291549665014882805e+06 0.000000000000000000e+00
1.400000000000000000e+05 1.417474162926804740e+06 0.000000000000000000e+00
1.400000000000000000e+05 1.555676143930472201e+06 0.000000000000000000e+00
1.400000000000000000e+05 1.707352647470688680e+06 0.000000000000000000e+00
1.400000000000000000e+05 1.873817422860383056e+06 0.000000000000000000e+00
1.400000000000000000e+05 2.056512308348651510e+06 0.000000000000000000e+00
1.400000000000000000e+05 2.257019719633921515e+06 0.000000000000000000e+00
1.400000000000000000e+05 2.477076355991709046e+06 0.000000000000000000e+00
1.400000000000000000e+05 2.718588242732940242e+06 0.000000000000000000e+00
1.400000000000000000e+05 2.983647240283340216e+06 0.000000000000000000e+00
1.400000000000000000e+05 3.274549162877731491e+06 0.000000000000000000e+00
1.400000000000000000e+05 3.593813663804625627e+06 0.000000000000000000e+00
1.400000000000000000e+05 3.944206059437655844e+06 0.000000000000000000e+00
1.400000000000000000e+05 4.328761281083061360e+06 0.000000000000000000e+00
1.400000000000000000e+05 4.750810162102793343e+06 0.000000000000000000e+00
1.400000000000000000e+05 5.214008287999684922e+06 0.000000000000000000e+00
1.400000000000000000e+05 5.722367659350220114e+06 0.000000000000000000e+00
1.400000000000000000e+05 6.280291441834246740e+06 0.000000000000000000e+00
1.400000000000000000e+05 6.892612104349695146e+06 0.000000000000000000e+00
1.400000000000000000e+05 7.564633275546290912e+06 0.000000000000000000e+00
1.400000000000000000e+05 8.302175681319751777e+06 0.000000000000000000e+00
1.400000000000000000e+05 9.111627561154887080e+06 0.000000000000000000e+00
1.400000000000000000e+05 1.000000000000000000e+07 0.000000000000000000e+00
2.000000000000000000e+05 1.000000000000000000e+02 4.732494175390109296e-04
2.000000000000000000e+05 1.023531021899025859e+02 4.492893710625404089e-04
2.000000000000000000e+05 1.047615752789664043e+02 4.255765388586350059e-04
2.000000000000000000e+05 1.072267222010323167e+02 4.020981980013739617e-04
2.000000000000000000e+05 1.097498765493055686e+02 3.788417575674581333e-04
2.000000000000000000e+05 1.123324032978026565e+02 3.557947521317486898e-04
2.000000000000000000e+05 1.149756995397735579e+02 3.329448353536901945e-04
2.000000000000000000e+05 1.176811952434997863e+02 3.102797736693419179e-04
2.000000000000000000e+05 1.204503540258782408e+02 2.877874400424509514e-04
2.000000000000000000e+05 1.232846739442065882e+02 2.654558075110251682e-04
2.000000000000000000e+05 1.261856883066019748e+02 2.432729434216648976e-04
2.000000000000000000e+05 1.291549665014883885e+02 2.212270021695851509e-04
2.000000000000000000e+05 1.321941148466028721e+02 1.993062173672755248e-04
2.000000000000000000e+05 1.353047774579807481e+02 1.774989020215861140e-04
2.000000000000000000e+05 1.384886371393873219e+02 1.557934282692296677e-04
2.000000000000000000e+05 1.417474162926804695e+02 1.341782411327161861e-04
2.000000000000000000e+05 1.450828778495940128e+02 1.126418367942427518e-04
2.000000000000000000e+05 1.484968262254465117e+02 9.117276583713525870e-05
2.000000000000000000e+05 1.519911082952933157e+02 6.975962592708322954e-05
2.000000000000000000e+05 1.555676143930472222e+02 4.839105761633119188e-05
2.000000000000000000e+05 1.592282793341092315e+02 2.705574377700667026e-05
2.000000000000000000e+05 1.629750834620643332e+02 5.742436648223715191e-06
2.000000000000000000e+05 1.668100537200059250e+02 0.000000000000000000e+00
2.000000000000000000e+05 1.707352647470690385e+02 0.000000000000000000e+00
2.000000000000000000e+05 1.747528400007682876e+02 0.000000000000000000e+00
2.000000000000000000e+05 1.788649529057435075e+02 0.000000000000000000e+00
2.000000000000000000e+05 1.830738280295367701e+02 0.000000000000000000e+00
2.000000000000000000e+05 1.873817422860383033e+02 0.000000000000000000e+00
2.000000000000000000e+05 1.917910261672488730e+02 0.000000000000000000e+00
2.000000000000000000e+05 1.963040650040270521e+02 0.000000000000000000e+00
2.000000000000000000e+05 2.009233002565045751e+02 0.000000000000000000e+00
2.000000000000000000e+05 2.056512308348651459e+02 0.000000000000000000e+00
2.000000000000000000e+05 2.104904144512019855e+02 0.000000000000000000e+00
2.000000000000000000e+05 2.154434690031882269e+02 0.000000000000000000e+00
2.000000000000000000e+05 2.205130739903045480e+02 0.000000000000000000e+00
2.000000000000000000e+05 2.257019719633919124e+02 0.000000000000000000e+00
2.000000000000000000e+05 2.310129700083157900e+02 0.000000000000000000e+00
2.000000000000000000e+05 2.364489412645407072e+02 0.000000000000000000e+00
2.000000000000000000e+05 2.420128264794381039e+02 0.000000000000000000e+00
2.000000000000000000e+05 2.477076355991711409e+02 0.000000000000000000e+00
2.000000000000000000e+05 2.535364493970111539e+02 0.000000000000000000e+00
2.000000000000000000e+05 2.595024211399737055e+02 0.000000000000000000e+00
2.000000000000000000e+05 2.656087782946686957e+02 0.000000000000000000e+00
2.000000000000000000e+05 2.718588242732940330e+02 0.000000000000000000e+00
2.000000000000000000e+05 2.782559402207126027e+02 0.000000000000000000e+00
2.000000000000000000e+05 2.848035868435802058e+02 0.000000000000000000e+00
2.000000000000000000e+05 2.915053062825175516e+02 0.000000000000000000e+00
2.000000000000000000e+05 2.983647240283340238e+02 0.000000000000000000e+00
2.000000000000000000e+05 3.053855508833415797e+02 0.000000000000000000e+00
2.000000000000000000e+05 3.125715849688235153e+02 0.000000000000000000e+00
2.000000000000000000e+05 3.199267137797384635e+02 0.000000000000000000e+00
2.000000000000000000e+05 3.274549162877728463e+02 0.000000000000000000e+00
2.000000000000000000e+05 3.351602650938841066e+02 0.000000000000000000e+00
2.000000000000000000e+05 3.430469286314919373e+02 0.000000000000000000e+00
2.000000000000000000e+05 3.511191734215130964e+02 0.000000000000000000e+00
2.000000000000000000e+05 3.593813663804625662e+02 0.000000000000000000e+00
2.000000000000000000e+05 3.678379771828634262e+02 0.000000000000000000e+00
2.000000000000000000e+05 3.764935806792467474e+02 0.000000000000000000e+00
2.000000000000000000e+05 3.853528593710527161e+02 0.000000000000000000e+00
2.000000000000000000e+05 3.944206059437656222e+02 0.000000000000000000e+00
2.000000000000000000e+05 4.037017258596553688e+02 0.000000000000000000e+00
2.000000000000000000e+05 4.132012400115334572e+02 0.000000000000000000e+00
2.000000000000000000e+05 4.229242874389498752e+02 0.000000000000000000e+00
2.000000000000000000e+05 4.328761281083056929e+02 0.000000000000000000e+00
2.000000000000000000e+05 4.430621457583877714e+02 0.000000000000000000e+00
2.000000000000000000e+05 4.534878508128581984e+02 0.000000000000000000e+00
2.000000000000000000e+05 4.641588833612777307e+02 0.000000000000000000e+00
2.000000000000000000e+05 4.750810162102798131e+02 0.000000000000000000e+00
2.000000000000000000e+05 4.862601580065353346e+02 0.000000000000000000e+00
2.000000000000000000e+05 4.977023564332108663e+02 0.000000000000000000e+00
2.000000000000000000e+05 5.094138014816380178e+02 0.000000000000000000e+00
2.000000000000000000e+05 5.214008287999683944e+02 0.000000000000000000e+00
2.000000000000000000e+05 5.336699231206307559e+02 0.000000000000000000e+00
2.000000000000000000e+05 5.462277217684342077e+02 0.000000000000000000e+00
2.000000000000000000e+05 5.590810182512223037e+02 0.000000000000000000e+00
2.000000000000000000e+05 5.722367659350220492e+02 0.000000000000000000e+00
2.000000000000000000e+05 5.857020818056666940e+02 0.000000000000000000e+00
2.000000000000000000e+05 5.994842503189408944e+02 0.000000000000000000e+00
2.000000000000000000e+05 6.135907273413175744e+02 0.000000000000000000e+00
2.000000000000000000e+05 6.280291441834252737e+02 0.000000000000000000e+00
2.000000000000000000e+05 6.428073117284319551e+02 0.000000000000000000e+00
2.000000000000000000e+05 6.579332246575681893e+02 0.000000000000000000e+00
2.000000000000000000e+05 6.734150657750820983e+02 0.000000000000000000e+00
2.000000000000000000e+05 6.892612104349694846e+02 0.000000000000000000e+00
2.000000000000000000e+05 7.054802310718645231e+02 0.000000000000000000e+00
2.000000000000000000e+05 7.220809018385464242e+02 0.000000000000000000e+00
2.000000000000000000e+05 7.390722033525775032e+02 0.000000000000000000e+00
2.000000000000000000e+05 7.564633275546290179e+02 0.000000000000000000e+00
2.000000000000000000e+05 7.742636826811269657e+02 0.000000000000000000e+00
2.000000000000000000e+05 7.924828983539169940e+02 0.000000000000000000e+00
2.000000000000000000e+05 8.111308307896872520e+02 0.000000000000000000e+00
2.000000000000000000e+05 8.302175681319744172e+02 0.000000000000000000e+00
2.000000000000000000e+05 8.497534359086438371e+02 0.000000000000000000e+00
2.000000000000000000e+05 8.697490026177833897e+02 0.000000000000000000e+00
2.000000000000000000e+05 8.902150854450383122e+02 0.000000000000000000e+00
2.000000000000000000e+05 9.111627561154896284e+02 0.000000000000000000e+00
2.000000000000000000e+05 9.326033468832199560e+02 0.000000000000000000e+00
2.000000000000000000e+05 9.545484566618337112e+02 0.000000000000000000e+00
2.000000000000000000e+05 9.770099572992256753e+02 0.000000000000000000e+00
2.000000000000000000e+05 1.000000000000000000e+03 0.000000000000000000e+00
2.000000000000000000e+05 1.000000000000000000e+03 0.000000000000000000e+00
2.000000000000000000e+05 1.097498765493055544e+03 0.000000000000000000e+00
2.000000000000000000e+05 1.204503540258781186e+03 0.000000000000000000e+00
2.000000000000000000e+05 1.321941148466028608e+03 0.000000000000000000e+00
2.000000000000000000e+05 1.450828778495938650e+03 0.000000000000000000e+00
2.000000000000000000e+05 1.592282793341090610e+03 0.000000000000000000e+00
2.000000000000000000e+05 1.747528400007682876e+03 0.000000000000000000e+00
2.000000000000000000e+05 1.917910261672486740e+03 0.000000000000000000e+00
2.000000000000000000e+05 2.104904144512019684e+03 0.000000000000000000e+00
2.000000000000000000e+05 2.310129700083158241e+03 0.000000000000000000e+00
2.000000000000000000e+05 2.535364493970108924e+03 0.000000000000000000e+00
2.000000000000000000e+05 2.782559402207123185e+03 0.000000000000000000e+00
2.000000000000000000e+05 3.053855508833412387e+03 0.000000000000000000e+00
2.000000000000000000e+05 3.351602650938840725e+03 0.000000000000000000e+00
2.000000000000000000e+05 3.678379771828630510e+03 0.000000000000000000e+00
2.000000000000000000e+05 4.037017258596553802e+03 0.000000000000000000e+00
2.000000000000000000e+05 4.430621457583877600e+03 0.000000000000000000e+00
2.000000000000000000e+05 4.862601580065348571e+03 0.000000000000000000e+00
2.000000000000000000e+05 5.336699231206307559e+03 0.000000000000000000e+00
2.000000000000000000e+05 5.857020818056661483e+03 0.000000000000000000e+00
2.000000000000000000e+05 6.428073117284318869e+03 0.000000000000000000e+00
2.000000000000000000e+05 7.054802310718638182e+03 0.000000000000000000e+00
2.000000000000000000e+05 7.742636826811270112e+03 0.000000000000000000e+00
2.000000000000000000e+05 8.497534359086437689e+03 0.000000000000000000e+00
2.000000000000000000e+05 9.326033468832189101e+03 0.000000000000000000e+00
2.000000000000000000e+05 1.023531021899026928e+04 0.000000000000000000e+00
2.000000000000000000e+05 1.123324032978026480e+04 0.000000000000000000e+00
2.000000000000000000e+05 1.232846739442065882e+04 0.000000000000000000e+00
2.000000000000000000e+05 1.353047774579807628e+04 0.000000000000000000e+00
2.000000000000000000e+05 1.484968262254463480e+04 0.000000000000000000e+00
2.000000000000000000e+05 1.629750834620643400e+04 0.000000000000000000e+00
2.000000000000000000e+05 1.788649529057435211e+04 0.000000000000000000e+00
2.000000000000000000e+05 1.963040650040268520e+04 0.000000000000000000e+00
2.000000000000000000e+05 2.154434690031882201e+04 0.000000000000000000e+00
2.000000000000000000e+05 2.364489412645407356e+04 0.000000000000000000e+00
2.000000000000000000e+05 2.595024211399731939e+04 0.000000000000000000e+00
2.000000000000000000e+05 2.848035868435799057e+04 0.000000000000000000e+00
2.000000000000000000e+05 3.125715849688235176e+04 0.000000000000000000e+00
2.000000000000000000e+05 3.430469286314912461e+04 0.000000000000000000e+00
2.000000000000000000e+05 3.764935806792470976e+04 0.000000000000000000e+00
2.000000000000000000e+05 4.132012400115334458e+04 0.000000000000000000e+00
2.000000000000000000e+05 4.534878508128582325e+04 0.000000000000000000e+00
2.000000000000000000e+05 4.977023564332113892e+04 0.000000000000000000e+00
2.000000000000000000e+05 5.462277217684336938e+04 0.000000000000000000e+00
2.000000000000000000e+05 5.994842503189409035e+04 0.000000000000000000e+00
2.000000000000000000e+05 6.579332246575682075e+04 0.000000000000000000e+00
2.000000000000000000e+05 7.220809018385456875e+04 0.000000000000000000e+00
2.000000000000000000e+05 7.924828983539169712e+04 0.000000000000000000e+00
2.000000000000000000e+05 8.697490026177834079e+04 0.000000000000000000e+00
2.000000000000000000e+05 9.545484566618327517e+04 0.000000000000000000e+00
2.000000000000000000e+05 1.047615752789664111e+05 0.000000000000000000e+00
2.000000000000000000e+05 1.149756995397735591e+05 0.000000000000000000e+00
2.000000000000000000e+05 1.261856883066018490e+05 0.000000000000000000e+00
2.000000000000000000e+05 1.384886371393871668e+05 0.000000000000000000e+00
2.000000000000000000e+05 1.519911082952933211e+05 0.000000000000000000e+00
2.000000000000000000e+05 1.668100537200059043e+05 0.000000000000000000e+00
2.000000000000000000e+05 1.830738280295369623e+05 0.000000000000000000e+00
2.000000000000000000e+05 2.009233002565045899e+05 0.000000000000000000e+00
2.000000000000000000e+05 2.205130739903045760e+05 0.000000000000000000e+00
2.000000000000000000e+05 2.420128264794383431e+05 0.000000000000000000e+00
2.000000000000000000e+05 2.656087782946684165e+05 0.000000000000000000e+00
2.000000000000000000e+05 2.915053062825175584e+05 0.000000000000000000e+00
2.000000000000000000e+05 3.199267137797384639e+05 0.000000000000000000e+00
2.000000000000000000e+05 3.511191734215127653e+05 0.000000000000000000e+00
2.000000000000000000e+05 3.853528593710527639e+05 0.000000000000000000e+00
2.000000000000000000e+05 4.229242874389499193e+05 0.000000000000000000e+00
2.000000000000000000e+05 4.641588833612772287e+05 0.000000000000000000e+00
2.000000000000000000e+05 5.094138014816375216e+05 0.000000000000000000e+00
2.000000000000000000e+05 5.590810182512222091e+05 0.000000000000000000e+00
2.000000000000000000e+05 6.135907273413175717e+05 0.000000000000000000e+00
2.000000000000000000e+05 6.734150657750827959e+05 0.000000000000000000e+00
2.000000000000000000e+05 7.390722033525775187e+05 0.000000000000000000e+00
2.000000000000000000e+05 8.111308307896872284e+05 0.000000000000000000e+00
2.000000000000000000e+05 8.902150854450393235e+05 0.000000000000000000e+00
2.000000000000000000e+05 9.770099572992246831e+05 0.000000000000000000e+00
2.000000000000000000e+05 1.072267222010323079e+06 0.000000000000000000e+00
2.000000000000000000e+05 1.176811952434999170e+06 0.000000000000000000e+00
2.000000000000000000e+05 1.291549665014882805e+06 0.000000000000000000e+00
2.000000000000000000e+05 1.417474162926804740e+06 0.000000000000000000e+00
2.000000000000000000e+05 1.555676143930472201e+06 0.000000000000000000e+00
2.000000000000000000e+05 1.707352647470688680e+06 0.000000000000000000e+00
2.000000000000000000e+05 1.873817422860383056e+06 0.000000000000000000e+00
2.000000000000000000e+05 2.056512308348651510e+06 0.000000000000000000e+00
2.000000000000000000e+05 2.257019719633921515e+06 0.000000000000000000e+00
2.000000000000000000e+05 2.477076355991709046e+06 0.000000000000000000e+00
2.000000000000000000e+05 2.718588242732940242e+06 0.000000000000000000e+00
2.000000000000000000e+05 2.983647240283340216e+06 0.000000000000000000e+00
2.000000000000000000e+05 3.274549162877731491e+06 0.000000000000000000e+00
2.000000000000000000e+05 3.593813663804625627e+06 0.000000000000000000e+00
2.000000000000000000e+05 3.944206059437655844e+06 0.000000000000000000e+00
2.000000000000000000e+05 4.328761281083061360e+06 0.000000000000000000e+00
2.000000000000000000e+05 4.750810162102793343e+06 0.000000000000000000e+00
2.000000000000000000e+05 5.214008287999684922e+06 0.000000000000000000e+00
2.000000000000000000e+05 5.722367659350220114e+06 0.000000000000000000e+00
2.000000000000000000e+05 6.280291441834246740e+06 0.000000000000000000e+00
2.000000000000000000e+05 6.892612104349695146e+06 0.000000000000000000e+00
2.000000000000000000e+05 7.564633275546290912e+06 0.000000000000000000e+00
2.000000000000000000e+05 8.302175681319751777e+06 0.000000000000000000e+00
2.000000000000000000e+05 9.111627561154887080e+06 0.000000000000000000e+00
2.000000000000000000e+05 1.000000000000000000e+07 0.000000000000000000e+00
3.000000000000000000e+05 1.000000000000000000e+02 3.159940357801472883e-04
3.000000000000000000e+05 1.023531021899025859e+02 3.000066402921038565e-04
3.000000000000000000e+05 1.047615752789664043e+02 2.841833945967811668e-04
3.000000000000000000e+05 1.072267222010323167e+02 2.685157857469876435e-04
3.000000000000000000e+05 1.097498765493055686e+02 2.529953873458673486e-04
3.000000000000000000e+05 1.123324032978026565e+02 2.376138551427736667e-04
3.000000000000000000e+05 1.149756995397735579e+02 2.223629226859789550e-04
3.000000000000000000e+05 1.176811952434997863e+02 2.072343970436740226e-04
3.000000000000000000e+05 1.204503540258782408e+02 1.922201545591250465e-04
3.000000000000000000e+05 1.232846739442065882e+02 1.773121364689871245e-04
3.000000000000000000e+05 1.261856883066019748e+02 1.625023449717626599e-04
3.000000000000000000e+05 1.291549665014883885e+02 1.477828383072138504e-04
3.000000000000000000e+05 1.321941148466028721e+02 1.331457254541221354e-04
3.000000000000000000e+05 1.353047774579807481e+02 1.185831661113151999e-04
3.000000000000000000e+05 1.384886371393873219e+02 1.040873571859953482e-04
3.000000000000000000e+05 1.417474162926804695e+02 8.965054172207790532e-05
3.000000000000000000e+05 1.450828778495940128e+02 7.526499441871687540e-05
3.000000000000000000e+05 1.484968262254465117e+02 6.092302361064510201e-05
3.000000000000000000e+05 1.519911082952933157e+02 4.661696627933991049e-05
3.000000000000000000e+05 1.555676143930472222e+02 3.233918511654375376e-05
3.000000000000000000e+05 1.592282793341092315e+02 1.808206797168181496e-05
3.000000000000000000e+05 1.629750834620643332e+02 3.838045477529324485e-06
3.000000000000000000e+05 1.668100537200059250e+02 0.000000000000000000e+00
3.000000000000000000e+05 1.707352647470690385e+02 0.000000000000000000e+00
3.000000000000000000e+05 1.747528400007682876e+02 0.000000000000000000e+00
3.000000000000000000e+05 1.788649529057435075e+02 0.000000000000000000e+00
3.000000000000000000e+05 1.830738280295367701e+02 0.000000000000000000e+00
3.000000000000000000e+05 1.873817422860383033e+02 0.000000000000000000e+00
3.000000000000000000e+05 1.917910261672488730e+02 0.000000000000000000e+00
3.000000000000000000e+05 1.963040650040270521e+02 0.000000000000000000e+00
3.000000000000000000e+05 2.009233002565045751e+02 0.000000000000000000e+00
3.000000000000000000e+05 2.056512308348651459e+02 0.000000000000000000e+00
3.000000000000000000e+05 2.104904144512019855e+02 0.000000000000000000e+00
3.000000000000000000e+05 2.154434690031882269e+02 0.000000000000000000e+00
3.000000000000000000e+05 2.205130739903045480e+02 0.000000000000000000e+00
3.000000000000000000e+05 2.257019719633919124e+02 0.000000000000000000e+00
3.000000000000000000e+05 2.310129700083157900e+02 0.000000000000000000e+00
3.000000000000000000e+05 2.364489412645407072e+02 0.000000000000000000e+00
3.000000000000000000e+05 2.420128264794381039e+02 0.000000000000000000e+00
3.000000000000000000e+05 2.477076355991711409e+02 0.000000000000000000e+00
3.000000000000000000e+05 2.535364493970111539e+02 0.000000000000000000e+00
3.000000000000000000e+05 2.595024211399737055e+02 0.000000000000000000e+00
3.000000000000000000e+05 2.656087782946686957e+02 0.000000000000000000e+00
3.000000000000000000e+05 2.718588242732940330e+02 0.000000000000000000e+00
3.000000000000000000e+05 2.782559402207126027e+02 0.000000000000000000e+00
3.000000000000000000e+05 2.848035868435802058e+02 0.000000000000000000e+00
3.000000000000000000e+05 2.915053062825175516e+02 0.000000000000000000e+00
3.000000000000000000e+05 2.983647240283340238e+02 0.000000000000000000e+00
3.000000000000000000e+05 3.053855508833415797e+02 0.000000000000000000e+00
3.000000000000000000e+05 3.125715849688235153e+02 0.000000000000000000e+00
3.000000000000000000e+05 3.199267137797384635e+02 0.000000000000000000e+00
3.000000000000000000e+05 3.274549162877728463e+02 0.000000000000000000e+00
3.000000000000000000e+05 3.351602650938841066e+02 0.000000000000000000e+00
3.000000000000000000e+05 3.430469286314919373e+02 0.000000000000000000e+00
3.000000000000000000e+05 3.511191734215130964e+02 0.000000000000000000e+00
3.000000000000000000e+05 3.593813663804625662e+02 0.000000000000000000e+00
3.000000000000000000e+05 3.678379771828634262e+02 0.000000000000000000e+00
3.000000000000000000e+05 3.764935806792467474e+02 0.000000000000000000e+00
3.000000000000000000e+05 3.853528593710527161e+02 0.000000000000000000e+00
3.000000000000000000e+05 3.944206059437656222e+02 0.000000000000000000e+00
3.000000000000000000e+05 4.037017258596553688e+02 0.000000000000000000e+00
3.000000000000000000e+05 4.132012400115334572e+02 0.000000000000000000e+00
3.000000000000000000e+05 4.229242874389498752e+02 0.000000000000000000e+00
3.000000000000000000e+05 4.328761281083056929e+02 0.000000000000000000e+00
3.000000000000000000e+05 4.430621457583877714e+02 0.000000000000000000e+00
3.000000000000000000e+05 4.534878508128581984e+02 0.000000000000000000e+00
3.000000000000000000e+05 4.641588833612777307e+02 0.000000000000000000e+00
3.000000000000000000e+05 4.750810162102798131e+02 0.000000000000000000e+00
3.000000000000000000e+05 4.862601580065353346e+02 0.000000000000000000e+00
3.000000000000000000e+05 4.977023564332108663e+02 0.000000000000000000e+00
3.000000000000000000e+05 5.094138014816380178e+02 0.000000000000000000e+00
3.000000000000000000e+05 5.214008287999683944e+02 0.000000000000000000e+00
3.000000000000000000e+05 5.336699231206307559e+02 0.000000000000000000e+00
3.000000000000000000e+05 5.462277217684342077e+02 0.000000000000000000e+00
3.000000000000000000e+05 5.590810182512223037e+02 0.000000000000000000e+00
3.000000000000000000e+05 5.722367659350220492e+02 0.000000000000000000e+00
3.000000000000000000e+05 5.857020818056666940e+02 0.000000000000000000e+00
3.000000000000000000e+05 5.994842503189408944e+02 0.000000000000000000e+00
3.000000000000000000e+05 6.135907273413175744e+02 0.000000000000000000e+00
3.000000000000000000e+05 6.280291441834252737e+02 0.000000000000000000e+00
3.000000000000000000e+05 6.428073117284319551e+02 0.000000000000000000e+00
3.000000000000000000e+05 6.579332246575681893e+02 0.000000000000000000e+00
3.000000000000000000e+05 6.734150657750820983e+02 0.000000000000000000e+00
3.000000000000000000e+05 6.892612104349694846e+02 0.000000000000000000e+00
3.000000000000000000e+05 7.054802310718645231e+02 0.000000000000000000e+00
3.000000000000000000e+05 7.220809018385464242e+02 0.000000000000000000e+00
3.000000000000000000e+05 7.390722033525775032e+02 0.000000000000000000e+00
3.000000000000000000e+05 7.564633275546290179e+02 0.000000000000000000e+00
3.000000000000000000e+05 7.742636826811269657e+02 0.000000000000000000e+00
3.000000000000000000e+05 7.924828983539169940e+02 0.000000000000000000e+00
3.000000000000000000e+05 8.111308307896872520e+02 0.000000000000000000e+00
3.000000000000000000e+05 8.302175681319744172e+02 0.000000000000000000e+00
3.000000000000000000e+05 8.497534359086438371e+02 0.000000000000000000e+00
3.000000000000000000e+05 8.697490026177833897e+02 0.000000000000000000e+00
3.000000000000000000e+05 8.902150854450383122e+02 0.000000000000000000e+00
3.000000000000000000e+05 9.111627561154896284e+02 0.000000000000000000e+00
3.000000000000000000e+05 9.326033468832199560e+02 0.000000000000000000e+00
3.000000000000000000e+05 9.545484566618337112e+02 0.000000000000000000e+00
3.000000000000000000e+05 9.770099572992256753e+02 0.000000000000000000e+00
3.000000000000000000e+05 1.000000000000000000e+03 0.000000000000000000e+00
3.000000000000000000e+05 1.000000000000000000e+03 0.000000000000000000e+00
3.000000000000000000e+05 1.097498765493055544e+03 0.000000000000000000e+00
3.000000000000000000e+05 1.204503540258781186e+03 0.000000000000000000e+00
3.000000000000000000e+05 1.321941148466028608e+03 0.000000000000000000e+00
3.000000000000000000e+05 1.450828778495938650e+03 0.000000000000000000e+00
3.000000000000000000e+05 1.592282793341090610e+03 0.000000000000000000e+00
3.000000000000000000e+05 1.747528400007682876e+03 0.000000000000000000e+00
3.000000000000000000e+05 1.917910261672486740e+03 0.000000000000000000e+00
3.000000000000000000e+05 2.104904144512019684e+03 0.000000000000000000e+00
3.000000000000000000e+05 2.310129700083158241e+03 0.000000000000000000e+00
3.000000000000000000e+05 2.535364493970108924e+03 0.000000000000000000e+00
3.000000000000000000e+05 2.782559402207123185e+03 0.000000000000000000e+00
3.000000000000000000e+05 3.053855508833412387e+03 0.000000000000000000e+00
3.000000000000000000e+05 3.351602650938840725e+03 0.000000000000000000e+00
3.000000000000000000e+05 3.678379771828630510e+03 0.000000000000000000e+00
3.000000000000000000e+05 4.037017258596553802e+03 0.000000000000000000e+00
3.000000000000000000e+05 4.430621457583877600e+03 0.000000000000000000e+00
3.000000000000000000e+05 4.862601580065348571e+03 0.000000000000000000e+00
3.000000000000000000e+05 5.336699231206307559e+03 0.000000000000000000e+00
3.000000000000000000e+05 5.857020818056661483e+03 0.000000000000000000e+00
3.000000000000000000e+05 6.428073117284318869e+03 0.000000000000000000e+00
3.000000000000000000e+05 7.054802310718638182e+03 0.000000000000000000e+00
3.000000000000000000e+05 7.742636826811270112e+03 0.000000000000000000e+00
3.000000000000000000e+05 8.497534359086437689e+03 0.000000000000000000e+00
3.000000000000000000e+05 9.326033468832189101e+03 0.000000000000000000e+00
3.000000000000000000e+05 1.023531021899026928e+04 0.000000000000000000e+00
3.000000000000000000e+05 1.123324032978026480e+04 0.000000000000000000e+00
3.000000000000000000e+05 1.232846739442065882e+04 0.000000000000000000e+00
3.000000000000000000e+05 1.353047774579807628e+04 0.000000000000000000e+00
3.000000000000000000e+05 1.484968262254463480e+04 0.000000000000000000e+00
3.000000000000000000e+05 1.629750834620643400e+04 0.000000000000000000e+00
3.000000000000000000e+05 1.788649529057435211e+04 0.000000000000000000e+00
3.000000000000000000e+05 1.963040650040268520e+04 0.000000000000000000e+00
3.000000000000000000e+05 2.154434690031882201e+04 0.000000000000000000e+00
3.000000000000000000e+05 2.364489412645407356e+04 0.000000000000000000e+00
3.000000000000000000e+05 2.595024211399731939e+04 0.000000000000000000e+00
3.000000000000000000e+05 2.848035868435799057e+04 0.000000000000000000e+00
3.000000000000000000e+05 3.125715849688235176e+04 0.000000000000000000e+00
3.000000000000000000e+05 3.430469286314912461e+04 0.000000000000000000e+00
3.000000000000000000e+05 3.764935806792470976e+04 0.000000000000000000e+00
3.000000000000000000e+05 4.132012400115334458e+04 0.000000000000000000e+00
3.000000000000000000e+05 4.534878508128582325e+04 0.000000000000000000e+00
3.000000000000000000e+05 4.977023564332113892e+04 0.000000000000000000e+00
3.000000000000000000e+05 5.462277217684336938e+04 0.000000000000000000e+00
3.000000000000000000e+05 5.994842503189409035e+04 0.000000000000000000e+00
3.000000000000000000e+05 6.579332246575682075e+04 0.000000000000000000e+00
3.000000000000000000e+05 7.220809018385456875e+04 0.000000000000000000e+00
3.000000000000000000e+05 7.924828983539169712e+04 0.000000000000000000e+00
3.000000000000000000e+05 8.697490026177834079e+04 0.000000000000000000e+00
3.000000000000000000e+05 9.545484566618327517e+04 0.000000000000000000e+00
3.000000000000000000e+05 1.047615752789664111e+05 0.000000000000000000e+00
3.000000000000000000e+05 1.149756995397735591e+05 0.000000000000000000e+00
3.000000000000000000e+05 1.261856883066018490e+05 0.000000000000000000e+00
3.000000000000000000e+05 1.384886371393871668e+05 0.000000000000000000e+00
3.000000000000000000e+05 1.519911082952933211e+05 0.000000000000000000e+00
3.000000000000000000e+05 1.668100537200059043e+05 0.000000000000000000e+00
3.000000000000000000e+05 1.830738280295369623e+05 0.000000000000000000e+00
3.000000000000000000e+05 2.009233002565045899e+05 0.000000000000000000e+00
3.000000000000000000e+05 2.205130739903045760e+05 0.000000000000000000e+00
3.000000000000000000e+05 2.420128264794383431e+05 0.000000000000000000e+00
3.000000000000000000e+05 2.656087782946684165e+05 0.000000000000000000e+00
3.000000000000000000e+05 2.915053062825175584e+05 0.000000000000000000e+00
3.000000000000000000e+05 3.199267137797384639e+05 0.000000000000000000e+00
3.000000000000000000e+05 3.511191734215127653e+05 0.000000000000000000e+00
3.000000000000000000e+05 3.853528593710527639e+05 0.000000000000000000e+00
3.000000000000000000e+05 4.229242874389499193e+05 0.000000000000000000e+00
3.000000000000000000e+05 4.641588833612772287e+05 0.000000000000000000e+00
3.000000000000000000e+05 5.094138014816375216e+05 0.000000000000000000e+00
3.000000000000000000e+05 5.590810182512222091e+05 0.000000000000000000e+00
3.000000000000000000e+05 6.135907273413175717e+05 0.000000000000000000e+00
3.000000000000000000e+05 6.734150657750827959e+05 0.000000000000000000e+00
3.000000000000000000e+05 7.390722033525775187e+05 0.000000000000000000e+00
3.000000000000000000e+05 8.111308307896872284e+05 0.000000000000000000e+00
3.000000000000000000e+05 8.902150854450393235e+05 0.000000000000000000e+00
3.000000000000000000e+05 9.770099572992246831e+05 0.000000000000000000e+00
3.000000000000000000e+05 1.072267222010323079e+06 0.000000000000000000e+00
3.000000000000000000e+05 1.176811952434999170e+06 0.000000000000000000e+00
3.000000000000000000e+05 1.291549665014882805e+06 0.000000000000000000e+00
3.000000000000000000e+05 1.417474162926804740e+06 0.000000000000000000e+00
3.000000000000000000e+05 1.555676143930472201e+06 0.000000000000000000e+00
3.000000000000000000e+05 1.707352647470688680e+06 0.000000000000000000e+00
3.000000000000000000e+05 1.873817422860383056e+06 0.000000000000000000e+00
3.000000000000000000e+05 2.056512308348651510e+06 0.000000000000000000e+00
3.000000000000000000e+05 2.257019719633921515e+06 0.000000000000000000e+00
3.000000000000000000e+05 2.477076355991709046e+06 0.000000000000000000e+00
3.000000000000000000e+05 2.718588242732940242e+06 0.000000000000000000e+00
3.000000000000000000e+05 2.983647240283340216e+06 0.000000000000000000e+00
3.000000000000000000e+05 3.274549162877731491e+06 0.000000000000000000e+00
3.000000000000000000e+05 3.593813663804625627e+06 0.000000000000000000e+00
3.000000000000000000e+05 3.944206059437655844e+06 0.000000000000000000e+00
3.000000000000000000e+05 4.328761281083061360e+06 0.000000000000000000e+00
3.000000000000000000e+05 4.750810162102793343e+06 0.000000000000000000e+00
3.000000000000000000e+05 5.214008287999684922e+06 0.000000000000000000e+00
3.000000000000000000e+05 5.722367659350220114e+06 0.000000000000000000e+00
3.000000000000000000e+05 6.280291441834246740e+06 0.000000000000000000e+00
3.000000000000000000e+05 6.892612104349695146e+06 0.000000000000000000e+00
3.000000000000000000e+05 7.564633275546290912e+06 0.000000000000000000e+00
3.000000000000000000e+05 8.302175681319751777e+06 0.000000000000000000e+00
3.000000000000000000e+05 9.111627561154887080e+06 0.000000000000000000e+00
3.000000000000000000e+05 1.000000000000000000e+07 0.000000000000000000e+00
5.000000000000000000e+05 1.000000000000000000e+02 1.898344844707762664e-04
5.000000000000000000e+05 1.023531021899025859e+02 1.802353082550599305e-04
5.000000000000000000e+05 1.047615752789664043e+02 1.707343036139409771e-04
5.000000000000000000e+05 1.072267222010323167e+02 1.613263477511720900e-04
5.000000000000000000e+05 1.097498765493055686e+02 1.520063690924481140e-04
5.000000000000000000e+05 1.123324032978026565e+02 1.427693446095404221e-04
5.000000000000000000e+05 1.149756995397735579e+02 1.336102971768908054e-04
5.000000000000000000e+05 1.176811952434997863e+02 1.245242929673914378e-04
5.000000000000000000e+05 1.204503540258782408e+02 1.155064388670463705e-04
5.000000000000000000e+05 1.232846739442065882e+02 1.065518798064910515e-04
5.000000000000000000e+05 1.261856883066019748e+02 9.765579635876435905e-05
5.000000000000000000e+05 1.291549665014883885e+02 8.881340174700396882e-05
5.000000000000000000e+05 1.321941148466028721e+02 8.001993862259203867e-05
5.000000000000000000e+05 1.353047774579807481e+02 7.127067898666305059e-05
5.000000000000000000e+05 1.384886371393873219e+02 6.256091608020470588e-05
5.000000000000000000e+05 1.417474162926804695e+02 5.388596962352213570e-05
5.000000000000000000e+05 1.450828778495940128e+02 4.524117712637750567e-05
5.000000000000000000e+05 1.484968262254465117e+02 3.662189498774502108e-05
5.000000000000000000e+05 1.519911082952933157e+02 2.802349544771828857e-05
5.000000000000000000e+05 1.555676143930472222e+02 1.944136475651705301e-05
5.000000000000000000e+05 1.592282793341092315e+02 1.087090275663569210e-05
5.000000000000000000e+05 1.629750834620643332e+02 2.307533261133380360e-06
5.000000000000000000e+05 1.668100537200059250e+02 0.000000000000000000e+00
5.000000000000000000e+05 1.707352647470690385e+02 0.000000000000000000e+00
5.000000000000000000e+05 1.747528400007682876e+02 0.000000000000000000e+00
5.000000000000000000e+05 1.788649529057435075e+02 0.000000000000000000e+00
5.000000000000000000e+05 1.830738280295367701e+02 0.000000000000000000e+00
5.000000000000000000e+05 1.873817422860383033e+02 0.000000000000000000e+00
5.000000000000000000e+05 1.917910261672488730e+02 0.000000000000000000e+00
5.000000000000000000e+05 1.963040650040270521e+02 0.000000000000000000e+00
5.000000000000000000e+05 2.009233002565045751e+02 0.000000000000000000e+00
5.000000000000000000e+05 2.056512308348651459e+02 0.000000000000000000e+00
5.000000000000000000e+05 2.104904144512019855e+02 0.000000000000000000e+00
5.000000000000000000e+05 2.154434690031882269e+02 0.000000000000000000e+00
5.000000000000000000e+05 2.205130739903045480e+02 0.000000000000000000e+00
5.000000000000000000e+05 2.257019719633919124e+02 0.000000000000000000e+00
5.000000000000000000e+05 2.310129700083157900e+02 0.000000000000000000e+00
5.000000000000000000e+05 2.364489412645407072e+02 0.000000000000000000e+00
5.000000000000000000e+05 2.420128264794381039e+02 0.000000000000000000e+00
5.000000000000000000e+05 2.477076355991711409e+02 0.000000000000000000e+00
5.000000000000000000e+05 2.535364493970111539e+02 0.000000000000000000e+00
5.000000000000000000e+05 2.595024211399737055e+02 0.000000000000000000e+00
5.000000000000000000e+05 2.656087782946686957e+02 0.000000000000000000e+00
5.000000000000000000e+05 2.718588242732940330e+02 0.000000000000000000e+00
5.000000000000000000e+05 2.782559402207126027e+02 0.000000000000000000e+00
5.000000000000000000e+05 2.848035868435802058e+02 0.000000000000000000e+00
5.000000000000000000e+05 2.915053062825175516e+02 0.000000000000000000e+00
5.000000000000000000e+05 2.983647240283340238e+02 0.000000000000000000e+00
5.000000000000000000e+05 3.053855508833415797e+02 0.000000000000000000e+00
5.000000000000000000e+05 3.125715849688235153e+02 0.000000000000000000e+00
5.000000000000000000e+05 3.199267137797384635e+02 0.000000000000000000e+00
5.000000000000000000e+05 3.274549162877728463e+02 0.000000000000000000e+00
5.000000000000000000e+05 3.351602650938841066e+02 0.000000000000000000e+00
5.000000000000000000e+05 3.430469286314919373e+02 0.000000000000000000e+00
5.000000000000000000e+05 3.511191734215130964e+02 0.000000000000000000e+00
5.000000000000000000e+05 3.593813663804625662e+02 0.000000000000000000e+00
5.000000000000000000e+05 3.678379771828634262e+02 0.000000000000000000e+00
5.000000000000000000e+05 3.764935806792467474e+02 0.000000000000000000e+00
5.000000000000000000e+05 3.853528593710527161e+02 0.000000000000000000e+00
5.000000000000000000e+05 3.944206059437656222e+02 0.000000000000000000e+00
5.000000000000000000e+05 4.037017258596553688e+02 0.000000000000000000e+00
5.000000000000000000e+05 4.132012400115334572e+02 0.000000000000000000e+00
5.000000000000000000e+05 4.229242874389498752e+02 0.000000000000000000e+00
5.000000000000000000e+05 4.328761281083056929e+02 0.000000000000000000e+00
5.000000000000000000e+05 4.430621457583877714e+02 0.000000000000000000e+00
5.000000000000000000e+05 4.534878508128581984e+02 0.000000000000000000e+00
5.000000000000000000e+05 4.641588833612777307e+02 0.000000000000000000e+00
5.000000000000000000e+05 4.750810162102798131e+02 0.000000000000000000e+00
5.000000000000000000e+05 4.862601580065353346e+02 0.000000000000000000e+00
5.000000000000000000e+05 4.977023564332108663e+02 0.000000000000000000e+00
5.000000000000000000e+05 5.094138014816380178e+02 0.000000000000000000e+00
5.000000000000000000e+05 5.214008287999683944e+02 0.000000000000000000e+00
5.000000000000000000e+05 5.336699231206307559e+02 0.000000000000000000e+00
5.000000000000000000e+05 5.462277217684342077e+02 0.000000000000000000e+00
5.000000000000000000e+05 5.590810182512223037e+02 0.000000000000000000e+00
5.000000000000000000e+05 5.722367659350220492e+02 0.000000000000000000e+00
5.000000000000000000e+05 5.857020818056666940e+02 0.000000000000000000e+00
5.000000000000000000e+05 5.994842503189408944e+02 0.000000000000000000e+00
5.000000000000000000e+05 6.135907273413175744e+02 0.000000000000000000e+00
5.000000000000000000e+05 6.280291441834252737e+02 0.000000000000000000e+00
5.000000000000000000e+05 6.428073117284319551e+02 0.000000000000000000e+00
5.000000000000000000e+05 6.579332246575681893e+02 0.000000000000000000e+00
5.000000000000000000e+05 6.734150657750820983e+02 0.000000000000000000e+00
5.000000000000000000e+05 6.892612104349694846e+02 0.000000000000000000e+00
5.000000000000000000e+05 7.054802310718645231e+02 0.000000000000000000e+00
5.000000000000000000e+05 7.220809018385464242e+02 0.000000000000000000e+00
5.000000000000000000e+05 7.390722033525775032e+02 0.000000000000000000e+00
5.000000000000000000e+05 7.564633275546290179e+02 0.000000000000000000e+00
5.000000000000000000e+05 7.742636826811269657e+02 0.000000000000000000e+00
5.000000000000000000e+05 7.924828983539169940e+02 0.000000000000000000e+00
5.000000000000000000e+05 8.111308307896872520e+02 0.000000000000000000e+00
5.000000000000000000e+05 8.302175681319744172e+02 0.000000000000000000e+00
5.000000000000000000e+05 8.497534359086438371e+02 0.000000000000000000e+00
5.000000000000000000e+05 8.697490026177833897e+02 0.000000000000000000e+00
5.000000000000000000e+05 8.902150854450383122e+02 0.000000000000000000e+00
5.000000000000000000e+05 9.111627561154896284e+02 0.000000000000000000e+00
5.000000000000000000e+05 9.326033468832199560e+02 0.000000000000000000e+00
5.000000000000000000e+05 9.545484566618337112e+02 0.000000000000000000e+00
5.000000000000000000e+05 9.770099572992256753e+02 0.000000000000000000e+00
5.000000000000000000e+05 1.000000000000000000e+03 0.000000000000000000e+00
5.000000000000000000e+05 1.000000000000000000e+03 0.000000000000000000e+00
5.000000000000000000e+05 1.097498765493055544e+03 0.000000000000000000e+00
5.000000000000000000e+05 1.204503540258781186e+03 0.000000000000000000e+00
5.000000000000000000e+05 1.321941148466028608e+03 0.000000000000000000e+00
5.000000000000000000e+05 1.450828778495938650e+03 0.000000000000000000e+00
5.000000000000000000e+05 1.592282793341090610e+03 0.000000000000000000e+00
5.000000000000000000e+05 1.747528400007682876e+03 0.000000000000000000e+00
5.000000000000000000e+05 1.917910261672486740e+03 0.000000000000000000e+00
5.000000000000000000e+05 2.104904144512019684e+03 0.000000000000000000e+00
5.000000000000000000e+05 2.310129700083158241e+03 0.000000000000000000e+00
5.000000000000000000e+05 2.535364493970108924e+03 0.000000000000000000e+00
5.000000000000000000e+05 2.782559402207123185e+03 0.000000000000000000e+00
5.000000000000000000e+05 3.053855508833412387e+03 0.000000000000000000e+00
5.000000000000000000e+05 3.351602650938840725e+03 0.000000000000000000e+00
5.000000000000000000e+05 3.678379771828630510e+03 0.000000000000000000e+00
5.000000000000000000e+05 4.037017258596553802e+03 0.000000000000000000e+00
5.000000000000000000e+05 4.430621457583877600e+03 0.000000000000000000e+00
5.000000000000000000e+05 4.862601580065348571e+03 0.000000000000000000e+00
5.000000000000000000e+05 5.336699231206307559e+03 0.000000000000000000e+00
5.000000000000000000e+05 5.857020818056661483e+03 0.000000000000000000e+00
5.000000000000000000e+05 6.428073117284318869e+03 0.000000000000000000e+00
5.000000000000000000e+05 7.054802310718638182e+03 0.000000000000000000e+00
5.000000000000000000e+05 7.742636826811270112e+03 0.000000000000000000e+00
5.000000000000000000e+05 8.497534359086437689e+03 0.000000000000000000e+00
5.000000000000000000e+05 9.326033468832189101e+03 0.000000000000000000e+00
5.000000000000000000e+05 1.023531021899026928e+04 0.000000000000000000e+00
5.000000000000000000e+05 1.123324032978026480e+04 0.000000000000000000e+00
5.000000000000000000e+05 1.232846739442065882e+04 0.000000000000000000e+00
5.000000000000000000e+05 1.353047774579807628e+04 0.000000000000000000e+00
5.000000000000000000e+05 1.484968262254463480e+04 0.000000000000000000e+00
5.000000000000000000e+05 1.629750834620643400e+04 0.000000000000000000e+00
5.000000000000000000e+05 1.788649529057435211e+04 0.000000000000000000e+00
5.000000000000000000e+05 1.963040650040268520e+04 0.000000000000000000e+00
5.000000000000000000e+05 2.154434690031882201e+04 0.000000000000000000e+00
5.000000000000000000e+05 2.364489412645407356e+04 0.000000000000000000e+00
5.000000000000000000e+05 2.595024211399731939e+04 0.000000000000000000e+00
5.000000000000000000e+05 2.848035868435799057e+04 0.000000000000000000e+00
5.000000000000000000e+05 3.125715849688235176e+04 0.000000000000000000e+00
5.000000000000000000e+05 3.430469286314912461e+04 0.000000000000000000e+00
5.000000000000000000e+05 3.764935806792470976e+04 0.000000000000000000e+00
5.000000000000000000e+05 4.132012400115334458e+04 0.000000000000000000e+00
5.000000000000000000e+05 4.534878508128582325e+04 0.000000000000000000e+00
5.000000000000000000e+05 4.977023564332113892e+04 0.000000000000000000e+00
5.000000000000000000e+05 5.462277217684336938e+04 0.000000000000000000e+00
5.000000000000000000e+05 5.994842503189409035e+04 0.000000000000000000e+00
5.000000000000000000e+05 6.579332246575682075e+04 0.000000000000000000e+00
5.000000000000000000e+05 7.220809018385456875e+04 0.000000000000000000e+00
5.000000000000000000e+05 7.924828983539169712e+04 0.000000000000000000e+00
5.000000000000000000e+05 8.697490026177834079e+04 0.000000000000000000e+00
5.000000000000000000e+05 9.545484566618327517e+04 0.000000000000000000e+00
5.000000000000000000e+05 1.047615752789664111e+05 0.000000000000000000e+00
5.000000000000000000e+05 1.149756995397735591e+05 0.000000000000000000e+00
5.000000000000000000e+05 1.261856883066018490e+05 0.000000000000000000e+00
5.000000000000000000e+05 1.384886371393871668e+05 0.000000000000000000e+00
5.000000000000000000e+05 1.519911082952933211e+05 0.000000000000000000e+00
5.000000000000000000e+05 1.668100537200059043e+05 0.000000000000000000e+00
5.000000000000000000e+05 1.830738280295369623e+05 0.000000000000000000e+00
5.000000000000000000e+05 2.009233002565045899e+05 0.000000000000000000e+00
5.000000000000000000e+05 2.205130739903045760e+05 0.000000000000000000e+00
5.000000000000000000e+05 2.420128264794383431e+05 0.000000000000000000e+00
5.000000000000000000e+05 2.656087782946684165e+05 0.000000000000000000e+00
5.000000000000000000e+05 2.915053062825175584e+05 0.000000000000000000e+00
5.000000000000000000e+05 3.199267137797384639e+05 0.000000000000000000e+00
5.000000000000000000e+05 3.511191734215127653e+05 0.000000000000000000e+00
5.000000000000000000e+05 3.853528593710527639e+05 0.000000000000000000e+00
5.000000000000000000e+05 4.229242874389499193e+05 0.000000000000000000e+00
5.000000000000000000e+05 4.641588833612772287e+05 0.000000000000000000e+00
5.000000000000000000e+05 5.094138014816375216e+05 0.000000000000000000e+00
5.000000000000000000e+05 5.590810182512222091e+05 0.000000000000000000e+00
5.000000000000000000e+05 6.135907273413175717e+05 0.000000000000000000e+00
5.000000000000000000e+05 6.734150657750827959e+05 0.000000000000000000e+00
5.000000000000000000e+05 7.390722033525775187e+05 0.000000000000000000e+00
5.000000000000000000e+05 8.111308307896872284e+05 0.000000000000000000e+00
5.000000000000000000e+05 8.902150854450393235e+05 0.000000000000000000e+00
5.000000000000000000e+05 9.770099572992246831e+05 0.000000000000000000e+00
5.000000000000000000e+05 1.072267222010323079e+06 0.000000000000000000e+00
5.000000000000000000e+05 1.176811952434999170e+06 0.000000000000000000e+00
5.000000000000000000e+05 1.291549665014882805e+06 0.000000000000000000e+00
5.000000000000000000e+05 1.417474162926804740e+06 0.000000000000000000e+00
5.000000000000000000e+05 1.555676143930472201e+06 0.000000000000000000e+00
5.000000000000000000e+05 1.707352647470688680e+06 0.000000000000000000e+00
5.000000000000000000e+05 1.873817422860383056e+06 0.000000000000000000e+00
5.000000000000000000e+05 2.056512308348651510e+06 0.000000000000000000e+00
5.000000000000000000e+05 2.257019719633921515e+06 0.000000000000000000e+00
5.000000000000000000e+05 2.477076355991709046e+06 0.000000000000000000e+00
5.000000000000000000e+05 2.718588242732940242e+06 0.000000000000000000e+00
5.000000000000000000e+05 2.983647240283340216e+06 0.000000000000000000e+00
5.000000000000000000e+05 3.274549162877731491e+06 0.000000000000000000e+00
5.000000000000000000e+05 3.593813663804625627e+06 0.000000000000000000e+00
5.000000000000000000e+05 3.944206059437655844e+06 0.000000000000000000e+00
5.000000000000000000e+05 4.328761281083061360e+06 0.000000000000000000e+00
5.000000000000000000e+05 4.750810162102793343e+06 0.000000000000000000e+00
5.000000000000000000e+05 5.214008287999684922e+06 0.000000000000000000e+00
5.000000000000000000e+05 5.722367659350220114e+06 0.000000000000000000e+00
5.000000000000000000e+05 6.280291441834246740e+06 0.000000000000000000e+00
5.000000000000000000e+05 6.892612104349695146e+06 0.000000000000000000e+00
5.000000000000000000e+05 7.564633275546290912e+06 0.000000000000000000e+00
5.000000000000000000e+05 8.302175681319751777e+06 0.000000000000000000e+00
5.000000000000000000e+05 9.111627561154887080e+06 0.000000000000000000e+00
5.000000000000000000e+05 1.000000000000000000e+07 0.000000000000000000e+00
7.000000000000000000e+05 1.000000000000000000e+02 1.356690805839870929e-04
7.000000000000000000e+05 1.023531021899025859e+02 1.288104624405844777e-04
7.000000000000000000e+05 1.047615752789664043e+02 1.220218690935747247e-04
7.000000000000000000e+05 1.072267222010323167e+02 1.152996367732164263e-04
7.000000000000000000e+05 1.097498765493055686e+02 1.086401380779000286e-04
7.000000000000000000e+05 1.123324032978026565e+02 1.020397800522354414e-04
7.000000000000000000e+05 1.149756995397735579e+02 9.549500228835626492e-05
7.000000000000000000e+05 1.176811952434997863e+02 8.900227505370069444e-05
7.000000000000000000e+05 1.204503540258782408e+02 8.255809743296358457e-05
7.000000000000000000e+05 1.232846739442065882e+02 7.615899540941849124e-05
7.000000000000000000e+05 1.261856883066019748e+02 6.980152013566536450e-05
7.000000000000000000e+05 1.291549665014883885e+02 6.348224578371453400e-05
7.000000000000000000e+05 1.321941148466028721e+02 5.719776723103528997e-05
7.000000000000000000e+05 1.353047774579807481e+02 5.094469998366898825e-05
7.000000000000000000e+05 1.384886371393873219e+02 4.471967438217497098e-05
7.000000000000000000e+05 1.417474162926804695e+02 3.851933930788053415e-05
7.000000000000000000e+05 1.450828778495940128e+02 3.234035597511226707e-05
7.000000000000000000e+05 1.484968262254465117e+02 2.617939868931450442e-05
7.000000000000000000e+05 1.519911082952933157e+02 2.003315265264570474e-05
7.000000000000000000e+05 1.555676143930472222e+02 1.389831263452733589e-05
7.000000000000000000e+05 1.592282793341092315e+02 7.771582646299876975e-06
7.000000000000000000e+05 1.629750834620643332e+02 1.649683293477496103e-06
7.000000000000000000e+05 1.668100537200059250e+02 0.000000000000000000e+00
7.000000000000000000e+05 1.707352647470690385e+02 0.000000000000000000e+00
7.000000000000000000e+05 1.747528400007682876e+02 0.000000000000000000e+00
7.000000000000000000e+05 1.788649529057435075e+02 0.000000000000000000e+00
7.000000000000000000e+05 1.830738280295367701e+02 0.000000000000000000e+00
7.000000000000000000e+05 1.873817422860383033e+02 0.000000000000000000e+00
7.000000000000000000e+05 1.917910261672488730e+02 0.000000000000000000e+00
7.000000000000000000e+05 1.963040650040270521e+02 0.000000000000000000e+00
7.000000000000000000e+05 2.009233002565045751e+02 0.000000000000000000e+00
7.000000000000000000e+05 2.056512308348651459e+02 0.000000000000000000e+00
7.000000000000000000e+05 2.104904144512019855e+02 0.000000000000000000e+00
7.000000000000000000e+05 2.154434690031882269e+02 0.000000000000000000e+00
7.000000000000000000e+05 2.205130739903045480e+02 0.000000000000000000e+00
7.000000000000000000e+05 2.257019719633919124e+02 0.000000000000000000e+00
7.000000000000000000e+05 2.310129700083157900e+02 0.000000000000000000e+00
7.000000000000000000e+05 2.364489412645407072e+02 0.000000000000000000e+00
7.000000000000000000e+05 2.420128264794381039e+02 0.000000000000000000e+00
7.000000000000000000e+05 2.477076355991711409e+02 0.000000000000000000e+00
7.000000000000000000e+05 2.535364493970111539e+02 0.000000000000000000e+00
7.000000000000000000e+05 2.595024211399737055e+02 0.000000000000000000e+00
7.000000000000000000e+05 2.656087782946686957e+02 0.000000000000000000e+00
7.000000000000000000e+05 2.718588242732940330e+02 0.000000000000000000e+00
7.000000000000000000e+05 2.782559402207126027e+02 0.000000000000000000e+00
7.000000000000000000e+05 2.848035868435802058e+02 0.000000000000000000e+00
7.000000000000000000e+05 2.915053062825175516e+02 0.000000000000000000e+00
7.000000000000000000e+05 2.983647240283340238e+02 0.000000000000000000e+00
7.000000000000000000e+05 3.053855508833415797e+02 0.000000000000000000e+00
7.000000000000000000e+05 3.125715849688235153e+02 0.000000000000000000e+00
7.000000000000000000e+05 3.199267137797384635e+02 0.000000000000000000e+00
7.000000000000000000e+05 3.274549162877728463e+02 0.000000000000000000e+00
7.000000000000000000e+05 3.351602650938841066e+02 0.000000000000000000e+00
7.000000000000000000e+05 3.430469286314919373e+02 0.000000000000000000e+00
7.000000000000000000e+05 3.511191734215130964e+02 0.000000000000000000e+00
7.000000000000000000e+05 3.593813663804625662e+02 0.000000000000000000e+00
7.000000000000000000e+05 3.678379771828634262e+02 0.000000000000000000e+00
7.000000000000000000e+05 3.764935806792467474e+02 0.000000000000000000e+00
7.000000000000000000e+05 3.853528593710527161e+02 0.000000000000000000e+00
7.000000000000000000e+05 3.944206059437656222e+02 0.000000000000000000e+00
7.000000000000000000e+05 4.037017258596553688e+02 0.000000000000000000e+00
7.000000000000000000e+05 4.132012400115334572e+02 0.000000000000000000e+00
7.000000000000000000e+05 4.229242874389498752e+02 0.000000000000000000e+00
7.000000000000000000e+05 4.328761281083056929e+02 0.000000000000000000e+00
7.000000000000000000e+05 4.430621457583877714e+02 0.000000000000000000e+00
7.000000000000000000e+05 4.534878508128581984e+02 0.000000000000000000e+00
7.000000000000000000e+05 4.641588833612777307e+02 0.000000000000000000e+00
7.000000000000000000e+05 4.750810162102798131e+02 0.000000000000000000e+00
7.000000000000000000e+05 4.862601580065353346e+02 0.000000000000000000e+00
7.000000000000000000e+05 4.977023564332108663e+02 0.000000000000000000e+00
7.000000000000000000e+05 5.094138014816380178e+02 0.000000000000000000e+00
7.000000000000000000e+05 5.214008287999683944e+02 0.000000000000000000e+00
7.000000000000000000e+05 5.336699231206307559e+02 0.000000000000000000e+00
7.000000000000000000e+05 5.462277217684342077e+02 0.000000000000000000e+00
7.000000000000000000e+05 5.590810182512223037e+02 0.000000000000000000e+00
7.000000000000000000e+05 5.722367659350220492e+02 0.000000000000000000e+00
7.000000000000000000e+05 5.857020818056666940e+02 0.000000000000000000e+00
7.000000000000000000e+05 5.994842503189408944e+02 0.000000000000000000e+00
7.000000000000000000e+05 6.135907273413175744e+02 0.000000000000000000e+00
7.000000000000000000e+05 6.280291441834252737e+02 0.000000000000000000e+00
7.000000000000000000e+05 6.428073117284319551e+02 0.000000000000000000e+00
7.000000000000000000e+05 6.579332246575681893e+02 0.000000000000000000e+00
7.000000000000000000e+05 6.734150657750820983e+02 0.000000000000000000e+00
7.000000000000000000e+05 6.892612104349694846e+02 0.000000000000000000e+00
7.000000000000000000e+05 7.054802310718645231e+02 0.000000000000000000e+00
7.000000000000000000e+05 7.220809018385464242e+02 0.000000000000000000e+00
7.000000000000000000e+05 7.390722033525775032e+02 0.000000000000000000e+00
7.000000000000000000e+05 7.564633275546290179e+02 0.000000000000000000e+00
7.000000000000000000e+05 7.742636826811269657e+02 0.000000000000000000e+00
7.000000000000000000e+05 7.924828983539169940e+02 0.000000000000000000e+00
7.000000000000000000e+05 8.111308307896872520e+02 0.000000000000000000e+00
7.000000000000000000e+05 8.302175681319744172e+02 0.000000000000000000e+00
7.000000000000000000e+05 8.497534359086438371e+02 0.000000000000000000e+00
7.000000000000000000e+05 8.697490026177833897e+02 0.000000000000000000e+00
7.000000000000000000e+05 8.902150854450383122e+02 0.000000000000000000e+00
7.000000000000000000e+05 9.111627561154896284e+02 0.000000000000000000e+00
7.000000000000000000e+05 9.326033468832199560e+02 0.000000000000000000e+00
7.000000000000000000e+05 9.545484566618337112e+02 0.000000000000000000e+00
7.000000000000000000e+05 9.770099572992256753e+02 0.000000000000000000e+00
7.000000000000000000e+05 1.000000000000000000e+03 0.000000000000000000e+00
7.000000000000000000e+05 1.000000000000000000e+03 0.000000000000000000e+00
7.000000000000000000e+05 1.097498765493055544e+03 0.000000000000000000e+00
7.000000000000000000e+05 1.204503540258781186e+03 0.000000000000000000e+00
7.000000000000000000e+05 1.321941148466028608e+03 0.000000000000000000e+00
7.000000000000000000e+05 1.450828778495938650e+03 0.000000000000000000e+00
7.000000000000000000e+05 1.592282793341090610e+03 0.000000000000000000e+00
7.000000000000000000e+05 1.747528400007682876e+03 0.000000000000000000e+00
7.000000000000000000e+05 1.917910261672486740e+03 0.000000000000000000e+00
7.000000000000000000e+05 2.104904144512019684e+03 0.000000000000000000e+00
7.000000000000000000e+05 2.310129700083158241e+03 0.000000000000000000e+00
7.000000000000000000e+05 2.535364493970108924e+03 0.000000000000000000e+00
7.000000000000000000e+05 2.782559402207123185e+03 0.000000000000000000e+00
7.000000000000000000e+05 3.053855508833412387e+03 0.000000000000000000e+00
7.000000000000000000e+05 3.351602650938840725e+03 0.000000000000000000e+00
7.000000000000000000e+05 3.678379771828630510e+03 0.000000000000000000e+00
7.000000000000000000e+05 4.037017258596553802e+03 0.000000000000000000e+00
7.000000000000000000e+05 4.430621457583877600e+03 0.000000000000000000e+00
7.000000000000000000e+05 4.862601580065348571e+03 0.000000000000000000e+00
7.000000000000000000e+05 5.336699231206307559e+03 0.000000000000000000e+00
7.000000000000000000e+05 5.857020818056661483e+03 0.000000000000000000e+00
7.000000000000000000e+05 6.428073117284318869e+03 0.000000000000000000e+00
7.000000000000000000e+05 7.054802310718638182e+03 0.000000000000000000e+00
7.000000000000000000e+05 7.742636826811270112e+03 0.000000000000000000e+00
7.000000000000000000e+05 8.497534359086437689e+03 0.000000000000000000e+00
7.000000000000000000e+05 9.326033468832189101e+03 0.000000000000000000e+00
7.000000000000000000e+05 1.023531021899026928e+04 0.000000000000000000e+00
7.000000000000000000e+05 1.123324032978026480e+04 0.000000000000000000e+00
7.000000000000000000e+05 1.232846739442065882e+04 0.000000000000000000e+00
7.000000000000000000e+05 1.353047774579807628e+04 0.000000000000000000e+00
7.000000000000000000e+05 1.484968262254463480e+04 0.000000000000000000e+00
7.000000000000000000e+05 1.629750834620643400e+04 0.000000000000000000e+00
7.000000000000000000e+05 1.788649529057435211e+04 0.000000000000000000e+00
7.000000000000000000e+05 1.963040650040268520e+04 0.000000000000000000e+00
7.000000000000000000e+05 2.154434690031882201e+04 0.000000000000000000e+00
7.000000000000000000e+05 2.364489412645407356e+04 0.000000000000000000e+00
7.000000000000000000e+05 2.595024211399731939e+04 0.000000000000000000e+00
7.000000000000000000e+05 2.848035868435799057e+04 0.000000000000000000e+00
7.000000000000000000e+05 3.125715849688235176e+04 0.000000000000000000e+00
7.000000000000000000e+05 3.430469286314912461e+04 0.000000000000000000e+00
7.000000000000000000e+05 3.764935806792470976e+04 0.000000000000000000e+00
7.000000000000000000e+05 4.132012400115334458e+04 0.000000000000000000e+00
7.000000000000000000e+05 4.534878508128582325e+04 0.000000000000000000e+00
7.000000000000000000e+05 4.977023564332113892e+04 0.000000000000000000e+00
7.000000000000000000e+05 5.462277217684336938e+04 0.000000000000000000e+00
7.000000000000000000e+05 5.994842503189409035e+04 0.000000000000000000e+00
7.000000000000000000e+05 6.579332246575682075e+04 0.000000000000000000e+00
7.000000000000000000e+05 7.220809018385456875e+04 0.000000000000000000e+00
7.000000000000000000e+05 7.924828983539169712e+04 0.000000000000000000e+00
7.000000000000000000e+05 8.697490026177834079e+04 0.000000000000000000e+00
7.000000000000000000e+05 9.545484566618327517e+04 0.000000000000000000e+00
7.000000000000000000e+05 1.047615752789664111e+05 0.000000000000000000e+00
7.000000000000000000e+05 1.149756995397735591e+05 0.000000000000000000e+00
7.000000000000000000e+05 1.261856883066018490e+05 0.000000000000000000e+00
7.000000000000000000e+05 1.384886371393871668e+05 0.000000000000000000e+00
7.000000000000000000e+05 1.519911082952933211e+05 0.000000000000000000e+00
7.000000000000000000e+05 1.668100537200059043e+05 0.000000000000000000e+00
7.000000000000000000e+05 1.830738280295369623e+05 0.000000000000000000e+00
7.000000000000000000e+05 2.009233002565045899e+05 0.000000000000000000e+00
7.000000000000000000e+05 2.205130739903045760e+05 0.000000000000000000e+00
7.000000000000000000e+05 2.420128264794383431e+05 0.000000000000000000e+00
7.000000000000000000e+05 2.656087782946684165e+05 0.000000000000000000e+00
7.000000000000000000e+05 2.915053062825175584e+05 0.000000000000000000e+00
7.000000000000000000e+05 3.199267137797384639e+05 0.000000000000000000e+00
7.000000000000000000e+05 3.511191734215127653e+05 0.000000000000000000e+00
7.000000000000000000e+05 3.853528593710527639e+05 0.000000000000000000e+00
7.000000000000000000e+05 4.229242874389499193e+05 0.000000000000000000e+00
7.000000000000000000e+05 4.641588833612772287e+05 0.000000000000000000e+00
7.000000000000000000e+05 5.094138014816375216e+05 0.000000000000000000e+00
7.000000000000000000e+05 5.590810182512222091e+05 0.000000000000000000e+00
7.000000000000000000e+05 6.135907273413175717e+05 0.000000000000000000e+00
7.000000000000000000e+05 6.734150657750827959e+05 0.000000000000000000e+00
7.000000000000000000e+05 7.390722033525775187e+05 0.000000000000000000e+00
7.000000000000000000e+05 8.111308307896872284e+05 0.000000000000000000e+00
7.000000000000000000e+05 8.902150854450393235e+05 0.000000000000000000e+00
7.000000000000000000e+05 9.770099572992246831e+05 0.000000000000000000e+00
7.000000000000000000e+05 1.072267222010323079e+06 0.000000000000000000e+00
7.000000000000000000e+05 1.176811952434999170e+06 0.000000000000000000e+00
7.000000000000000000e+05 1.291549665014882805e+06 0.000000000000000000e+00
7.000000000000000000e+05 1.417474162926804740e+06 0.000000000000000000e+00
7.000000000000000000e+05 1.555676143930472201e+06 0.000000000000000000e+00
7.000000000000000000e+05 1.707352647470688680e+06 0.000000000000000000e+00
7.000000000000000000e+05 1.873817422860383056e+06 0.000000000000000000e+00
7.000000000000000000e+05 2.056512308348651510e+06 0.000000000000000000e+00
7.000000000000000000e+05 2.257019719633921515e+06 0.000000000000000000e+00
7.000000000000000000e+05 2.477076355991709046e+06 0.000000000000000000e+00
7.000000000000000000e+05 2.718588242732940242e+06 0.000000000000000000e+00
7.000000000000000000e+05 2.983647240283340216e+06 0.000000000000000000e+00
7.000000000000000000e+05 3.274549162877731491e+06 0.000000000000000000e+00
7.000000000000000000e+05 3.593813663804625627e+06 0.000000000000000000e+00
7.000000000000000000e+05 3.944206059437655844e+06 0.000000000000000000e+00
7.000000000000000000e+05 4.328761281083061360e+06 0.000000000000000000e+00
7.000000000000000000e+05 4.750810162102793343e+06 0.000000000000000000e+00
7.000000000000000000e+05 5.214008287999684922e+06 0.000000000000000000e+00
7.000000000000000000e+05 5.722367659350220114e+06 0.000000000000000000e+00
7.000000000000000000e+05 6.280291441834246740e+06 0.000000000000000000e+00
7.000000000000000000e+05 6.892612104349695146e+06 0.000000000000000000e+00
7.000000000000000000e+05 7.564633275546290912e+06 0.000000000000000000e+00
7.000000000000000000e+05 8.302175681319751777e+06 0.000000000000000000e+00
7.000000000000000000e+05 9.111627561154887080e+06 0.000000000000000000e+00
7.000000000000000000e+05 1.000000000000000000e+07 0.000000000000000000e+00
