1.508514931773433771e-17
6.084237409278324925e-03
1.213824059790179037e-02
1.813207866088584891e-02
2.403642165028844341e-02
2.982282860151133988e-02
3.546401875359361799e-02
4.093412326418106872e-02
4.620891137574679314e-02
5.126598693680872731e-02
5.608494970854843720e-02
6.064751555847971987e-02
6.493758658274860485e-02
6.894125858382761651e-02
7.264674379697461104e-02
7.604417725441360576e-02
7.912524573259750726e-02
8.188254759729540755e-02
8.430853425021408998e-02
8.639378000570943628e-02
8.812419508182500749e-02
8.947657501143745085e-02
9.041157038949000635e-02
9.086273156651236693e-02
9.071972818160306540e-02
8.980323054496457125e-02
8.782825477560111949e-02
8.435267221025682938e-02
7.870774972721679419e-02
6.991007075564728557e-02
5.655862144770094219e-02
3.672927275220472243e-02
7.892263529951823800e-03
-3.310478475778158569e-02
-8.992711694437097170e-02
-1.664418077352087522e-01
-2.661326626504317283e-01
-3.912002539303032767e-01
-5.413762113124147568e-01
-7.125952658160901176e-01
-8.958070964880976428e-01
-1.076334027928545822e+00
-1.234227736676726028e+00
-1.345984150950741753e+00
-1.387705188161771019e+00
-1.339376337349904800e+00
-1.189467927019843607e+00
-9.387345895627599024e-01
-6.020529492644565162e-01
-2.074927830535280848e-01
2.074927828921082074e-01
6.020529487413003311e-01
9.387345897337211476e-01
1.189467926994035807e+00
1.339376337168542985e+00
1.387705188445015558e+00
1.345984150624593090e+00
1.234227736503120454e+00
1.076334027738141463e+00
8.958070963585996749e-01
7.125952655972904726e-01
5.413762114764085753e-01
3.912002546682423199e-01
2.661326659940037587e-01
1.664418078342562723e-01
8.992713532176153934e-02
3.310478448423255504e-02
-7.892264110080381839e-03
-3.672927150634067162e-02
-5.655862118748779949e-02
-6.991007085963672762e-02
-7.870774253311907387e-02
-8.435267233275327292e-02
-8.782826025630836864e-02
-8.980323053360733665e-02
-9.071973074230879619e-02
-9.086273141240140683e-02
-9.041157004488092896e-02
-8.947657501173637840e-02
-8.812419508749035069e-02
-8.639378005470729760e-02
-8.430853447601871498e-02
-8.188254750412503336e-02
-7.912524573625669133e-02
-7.604417752973283151e-02
-7.264674377555412066e-02
-6.894125858332575407e-02
-6.493758660215413758e-02
-6.064751555972547337e-02
-5.608494971476830210e-02
-5.126598694890140140e-02
-4.620891136286434803e-02
-4.093412337484210461e-02
-3.546401878846672240e-02
-2.982282860615038944e-02
-2.403642164969379061e-02
-1.813207853448433118e-02
-1.213824059810322820e-02
-6.084237409041279299e-03
-8.414565304681029467e-18
1.557120940243726700e-17
6.380894634597285113e-03
1.273050013227351035e-02
1.901784246494615457e-02
2.521257229443182868e-02
3.128526359386670647e-02
3.720769606272369273e-02
4.295311613352378877e-02
4.849647166664268483e-02
5.381461468000571513e-02
5.888646738316474782e-02
6.369314271586939968e-02
6.821801011931348524e-02
7.244669114918465824e-02
7.636695927124781402e-02
7.996850399244631591e-02
8.324249225711426170e-02
8.618081914179415159e-02
8.877487203764217183e-02
9.101352908168261480e-02
9.287995390115258432e-02
9.434651442621276585e-02
9.536681855284163956e-02
9.586341166702801175e-02
9.570910960918307953e-02
9.469931139249695984e-02
9.251208270798091937e-02
8.865261868023739666e-02
8.237946265930762291e-02
7.261224211602172740e-02
5.782603238199168771e-02
3.594646749025191129e-02
4.273459872321920712e-03
-4.052120559720059217e-02
-1.022589764406885982e-01
-1.849071248738162754e-01
-2.919486410419598887e-01
-4.254343216435895747e-01
-5.847572690145083074e-01
-7.653062451212109263e-01
-9.572928437514344191e-01
-1.145166210339564561e+00
-1.308066580631310760e+00
-1.421663212307681334e+00
-1.461442121016407913e+00
-1.407086032044854607e+00
-1.247133110686228008e+00
-9.827798668850781239e-01
-6.296734923116898974e-01
-2.169036492363217439e-01
2.169036492382966086e-01
6.296734892929413130e-01
9.827798675549013208e-01
1.247133105907377137e+00
1.407086033131026648e+00
1.461442121332744648e+00
1.421663212679708410e+00
1.308066580676197965e+00
1.145166210038427002e+00
9.572928414457803070e-01
7.653062448816003727e-01
5.847572686938250497e-01
4.254343211276834791e-01
2.919486410701788714e-01
1.849071245414157516e-01
1.022589769846963953e-01
4.052121171288089463e-02
-4.273458368351087423e-03
-3.594646764680053952e-02
-5.782603230272551076e-02
-7.261224210344691121e-02
-8.237946264842316291e-02
-8.865261961210342545e-02
-9.251208163836867338e-02
-9.469931063920121461e-02
-9.570910962873330208e-02
-9.586341190823749470e-02
-9.536681884402158083e-02
-9.434651512468340828e-02
-9.287995392642435510e-02
-9.101352886269184483e-02
-8.877487207369870459e-02
-8.618081914453495918e-02
-8.324249225165793187e-02
-7.996850397691360190e-02
-7.636695925215136738e-02
-7.244669090672889444e-02
-6.821801015000894530e-02
-6.369314272396318921e-02
-5.888646741286204800e-02
-5.381461467388908709e-02
-4.849647161737238865e-02
-4.295311613938650880e-02
-3.720769606070444685e-02
-3.128526359417006797e-02
-2.521257229078881570e-02
-1.901784241299317446e-02
-1.273050013178021050e-02
-6.380894633904354157e-03
-9.074041899820434283e-18
1.605347907302842041e-17
6.696207744465337494e-03
1.336005872663463025e-02
1.995952356239566114e-02
2.646322200527518806e-02
3.284073301417794050e-02
3.906288835076580923e-02
4.510204311077610495e-02
5.093231904547310118e-02
5.652981399227088866e-02
6.187277078024643745e-02
6.694169786219154872e-02
7.171942923872411113e-02
7.619110308059515169e-02
8.034403430784016475e-02
8.416742768864836355e-02
8.765185773515532519e-02
9.078838831689009514e-02
9.356713077822656488e-02
9.597492477898655894e-02
9.799164983597179190e-02
9.958442244817025668e-02
1.006985761522712214e-01
1.012438498801918746e-01
1.010736395934622722e-01
9.995450209395109753e-02
9.752275230143774010e-02
9.322469898376579966e-02
8.623838819830559332e-02
7.537733843446442483e-02
5.898267161523743085e-02
3.481977599762278719e-02
9.808918650206491289e-06
-4.895599531937369631e-02
-1.160538293990696912e-01
-2.053411464284671251e-01
-3.202795893657928716e-01
-4.627388930169689107e-01
-6.317331409396844677e-01
-8.220594187681389275e-01
-1.023146176526816831e+00
-1.218531895304104440e+00
-1.386421605136899160e+00
-1.501651722619548712e+00
-1.539104108414562022e+00
-1.478184927363211720e+00
-1.307534671573209240e+00
-1.028827504694231010e+00
-6.585124451689052805e-01
-2.267232440983663055e-01
2.267232440916876479e-01
6.585124442648040421e-01
1.028827504052980624e+00
1.307534671477733168e+00
1.478184927700012086e+00
1.539104107707848890e+00
1.501651726800901976e+00
1.386421603851330842e+00
1.218531896574970963e+00
1.023146176183295619e+00
8.220594190900517573e-01
6.317331472131136882e-01
4.627388928149744896e-01
3.202795894721258696e-01
2.053411463099033829e-01
1.160538288850129079e-01
4.895599587234213818e-02
-9.808754364543016785e-06
-3.481977597791103413e-02
-5.898267207050363059e-02
-7.537733838745512560e-02
-8.623838834298866440e-02
-9.322469907048035187e-02
-9.752275250039085797e-02
-9.995450331488078821e-02
-1.010736350694114716e-01
-1.012438498997958042e-01
-1.006985758482628057e-01
-9.958442005054703172e-02
-9.799164967096875289e-02
-9.597492532593587811e-02
-9.356713078492427671e-02
-9.078838833294264332e-02
-8.765185775933179158e-02
-8.416742768418268572e-02
-8.034403431668800388e-02
-7.619110306722630399e-02
-7.171942967506687860e-02
-6.694169804802918566e-02
-6.187276964477964047e-02
-5.652981398370767602e-02
-5.093231903550354822e-02
-4.510204309572736492e-02
-3.906288835341221316e-02
-3.284073301974359260e-02
-2.646322199523830701e-02
-1.995952356184091045e-02
-1.336005868385417052e-02
-6.696207743649788477e-03
-9.809313775269336108e-18
1.652785282741406456e-17
7.032009066828240514e-03
1.403058544755308654e-02
2.096263662524102539e-02
2.779574446309236377e-02
3.449848744835768560e-02
4.104074526163090098e-02
4.739397974479667153e-02
5.353148617874782522e-02
5.942860934260600636e-02
6.506291507793694751e-02
7.041430852937397011e-02
7.546508558900003050e-02
8.019989201032752535e-02
8.460555906086011935e-02
8.867075700751868295e-02
9.238537582821852723e-02
9.573948911175103604e-02
9.872167091756682555e-02
1.013163003950413449e-01
1.034993254806004792e-01
1.052316236979960462e-01
1.064487930103704266e-01
1.070456538880506098e-01
1.068531889795950041e-01
1.056050462578177335e-01
1.028903079507559187e-01
9.808941153731265405e-02
9.029132301465996047e-02
7.819347315559495304e-02
5.999227100484579023e-02
3.328243114717499562e-02
-5.001999745085692825e-03
-5.855433195406233027e-02
-1.315025157356708718e-01
-2.279817065686059741e-01
-3.514085876186780477e-01
-5.034368878535323555e-01
-6.826575981129123782e-01
-8.832272939361033304e-01
-1.093744280325835705e+00
-1.296798288441732616e+00
-1.469636368731756848e+00
-1.586258252344527442e+00
-1.620956526411427623e+00
-1.552890425347303038e+00
-1.370840252306505969e+00
-1.076995666319357170e+00
-6.886398399387013702e-01
-2.369747367843616503e-01
2.369747366822683443e-01
6.886398395591377675e-01
1.076995666333761426e+00
1.370840252275148385e+00
1.552890424697425775e+00
1.620956515010835597e+00
1.586258251354937476e+00
1.469636368639028134e+00
1.296798288449736880e+00
1.093744280701835825e+00
8.832272948571759930e-01
6.826575979970771479e-01
5.034368877481918414e-01
3.514085846333246388e-01
2.279817158744527616e-01
1.315025154525471252e-01
5.855432854144650839e-02
5.001994112347093492e-03
-3.328243105977569255e-02
-5.999227153542941587e-02
-7.819347414411249864e-02
-9.029132280672357014e-02
-9.808941301046757155e-02
-1.028903078243987995e-01
-1.056050447493234595e-01
-1.068531890040672894e-01
-1.070456539788206818e-01
-1.064487929971915520e-01
-1.052316236556303797e-01
-1.034993254699928394e-01
-1.013163004102530101e-01
-9.872166990579517298e-02
-9.573948916725311120e-02
-9.238537585012167319e-02
-8.867075701279984734e-02
-8.460555909912803596e-02
-8.019989200547648911e-02
-7.546508558313785864e-02
-7.041430852776028870e-02
-6.506291496492012938e-02
-5.942860937421738654e-02
-5.353148617544360721e-02
-4.739397969445035413e-02
-4.104074525750009417e-02
-3.449848745118061499e-02
-2.779574445754232764e-02
-2.096263662523233789e-02
-1.403058544698758577e-02
-7.032009065594535535e-03
-1.063155482665785877e-17
1.698936856329603955e-17
7.390400927660593401e-03
1.474629042920109698e-02
2.203351049647671658e-02
2.921860371846258034e-02
3.626914789617192991e-02
4.315407212086423694e-02
4.984394841721598995e-02
5.631125049641262648e-02
6.253057571316485153e-02
6.847881884830973875e-02
7.413528661903415196e-02
7.948173495929990173e-02
8.450230508507335092e-02
8.918331338282417531e-02
9.351283101271981590e-02
9.747994658274304614e-02
1.010735436180538183e-01
1.042803364709009167e-01
1.070817206037677216e-01
1.094489309512281655e-01
1.113354189188502791e-01
1.126653108470550141e-01
1.133160218643731454e-01
1.130926562827316989e-01
1.116912230465197248e-01
1.086473947363080228e-01
1.032678689644574016e-01
9.454302328683585055e-02
8.104333399409191507e-02
6.080901112768544864e-02
3.125329518706276150e-02
-1.088504247861949922e-02
-6.948690438032152639e-02
-1.488271426694766364e-01
-2.531033706166745390e-01
-3.856600543867060860e-01
-5.478960587301043850e-01
-7.379312109382498708e-01
-9.492295790022452495e-01
-1.169510211118404142e+00
-1.380375634714044120e+00
-1.558093393814195204e+00
-1.675825354851345095e+00
-1.707293308056910819e+00
-1.631442882730271604e+00
-1.437234925181804401e+00
-1.127414699102013307e+00
-7.201328711772261304e-01
-2.476836629926148503e-01
2.476836630130433425e-01
7.201328711928304260e-01
1.127414699055861558e+00
1.437234925629603310e+00
1.631442882688825202e+00
1.707293308208212457e+00
1.675825355020031493e+00
1.558093393468821919e+00
1.380375634869677626e+00
1.169510234678067473e+00
9.492295774314344348e-01
7.379312198840763948e-01
5.478960582383497480e-01
3.856600539652040305e-01
2.531033712172502947e-01
1.488271431384610988e-01
6.948690435332366411e-02
1.088503991875566269e-02
-3.125329512456106323e-02
-6.080899924154342662e-02
-8.104333383236927979e-02
-9.454302286597518479e-02
-1.032678687540741630e-01
-1.086473945367004007e-01
-1.116912233972733870e-01
-1.130926582261068819e-01
-1.133160217844002282e-01
-1.126653108641672008e-01
-1.113354189197928445e-01
-1.094489308650707232e-01
-1.070817204916363063e-01
-1.042803314763984662e-01
-1.010735450683290793e-01
-9.747994655672616304e-02
-9.351283104896618292e-02
-8.918331346872294951e-02
-8.450230509003936463e-02
-7.948173499143255938e-02
-7.413528661737567305e-02
-6.847881884302733924e-02
-6.253057572483099180e-02
-5.631125051041495355e-02
-4.984394840328663923e-02
-4.315407228600311174e-02
-3.626914791897705576e-02
-2.921860370524232905e-02
-2.203351050183641191e-02
-1.474629042998587720e-02
-7.390400927483948244e-03
-1.155383699405464016e-17
1.743203994580564088e-17
7.773806418870069131e-03
1.551202653770587976e-02
2.317944119018167798e-02
3.074155892909011950e-02
3.816496348195251576e-02
4.541764157403175434e-02
5.246928431162608403e-02
5.929155513978896092e-02
6.585831588790654056e-02
7.214580058500398574e-02
7.813272376711559442e-02
8.380030119708922753e-02
8.913215276710496904e-02
9.411403943059282184e-02
9.873334889246980495e-02
1.029782186537289146e-01
1.068360906496843704e-01
1.102914036336206799e-01
1.133219636912809469e-01
1.158933040277986548e-01
1.179500274485925093e-01
1.194027315619548141e-01
1.201084843677879266e-01
1.198424702386330504e-01
1.182576267696905797e-01
1.148291562350908651e-01
1.087811963528655251e-01
9.899499257762189863e-02
8.390225388742370005e-02
6.137476510202609370e-02
2.863319597753246487e-02
-1.778676659846759045e-02
-8.195543466779506292e-02
-1.682874640746283845e-01
-2.810244192341248559e-01
-4.234073192219077186e-01
-5.965367772446952266e-01
-7.980091936177465817e-01
-1.020540592469056485e+00
-1.250919761503093808e+00
-1.469723307370663035e+00
-1.652219363691335596e+00
-1.770733877237752996e+00
-1.798440295334586603e+00
-1.714108121590617984e+00
-1.506922991223246244e+00
-1.180228291785659911e+00
-7.530765635774590017e-01
-2.588781346987309440e-01
2.588781371533246389e-01
7.530765636840859312e-01
1.180228291850409228e+00
1.506922996378224244e+00
1.714108121469728685e+00
1.798440295300550051e+00
1.770733872561447653e+00
1.652219363731366020e+00
1.469723307655965483e+00
1.250919760492630095e+00
1.020540592095602772e+00
7.980091919443867976e-01
5.965367769464746672e-01
4.234073190825458632e-01
2.810244180978886952e-01
1.682874636368826282e-01
8.195543424789146492e-02
1.778676533726269993e-02
-2.863319572722558548e-02
-6.137476430358512758e-02
-8.390225392457813236e-02
-9.899499291763529107e-02
-1.087812021056578093e-01
-1.148291563449442693e-01
-1.182576270882090691e-01
-1.198424692692339893e-01
-1.201084844990446820e-01
-1.194027315840615194e-01
-1.179500315003986777e-01
-1.158933052421544374e-01
-1.133219636694171861e-01
-1.102914036775159423e-01
-1.068360906229493118e-01
-1.029782186575804032e-01
-9.873334888976460777e-02
-9.411403942139104362e-02
-8.913215311014541231e-02
-8.380030119691671275e-02
-7.813272377597205165e-02
-7.214580061817704726e-02
-6.585831587856545710e-02
-5.929155515550320332e-02
-5.246928428891684676e-02
-4.541764154481631177e-02
-3.816496344423082193e-02
-3.074155893133843562e-02
-2.317944121105210489e-02
-1.551202653740488789e-02
-7.773806354369061297e-03
-1.259149337352523026e-17
1.784865255620524143e-17
8.185031003710950548e-03
1.633341284796396148e-02
2.440887767917278989e-02
3.237591334257552272e-02
4.020012399351925725e-02
4.784856980557662676e-02
5.529007860424225290e-02
6.249552122937011844e-02
6.943804144160542480e-02
7.609322803606922980e-02
8.243921274351899420e-02
8.845666890782732938e-02
9.412867377034192518e-02
9.944037483856572879e-02
1.043783687202944066e-01
1.089296482120145348e-01
1.130798935829342988e-01
1.168107654172355903e-01
1.200956817411521493e-01
1.228933137705216921e-01
1.251376950839327706e-01
1.267233977014976809e-01
1.274837047383131916e-01
1.271591459777903499e-01
1.253533222155412130e-01
1.214729152599000744e-01
1.146495753186847488e-01
1.036437807635972597e-01
8.673562202297788182e-02
6.161551052611716900e-02
2.530025159535492785e-02
-2.588477723278288789e-02
-9.619953226697730564e-02
-1.901886891049109629e-01
-3.121154922376252472e-01
-4.650816518315056824e-01
-6.498412484468049088e-01
-8.634103182238886953e-01
-1.097697813043649440e+00
-1.338509213974874434e+00
-1.565356575514159188e+00
-1.752490778962171758e+00
-1.871407433435209544e+00
-1.894758679251427269e+00
-1.801179915693670530e+00
-1.580129689299744067e+00
-1.235594537305320761e+00
-7.875643377117766963e-01
-2.705890190811506835e-01
2.705890190311485144e-01
7.875643377086561925e-01
1.235594537457268105e+00
1.580129689610171306e+00
1.801179915694875566e+00
1.894758677970619587e+00
1.871407435570625610e+00
1.752490779689961364e+00
1.565356575634331504e+00
1.338509213639736295e+00
1.097697815789631770e+00
8.634103188288019259e-01
6.498412470014932607e-01
4.650816525460335082e-01
3.121154848708173057e-01
1.901886879729033086e-01
9.619953180831931905e-02
2.588477824496504889e-02
-2.530025309655552918e-02
-6.161551067268365711e-02
-8.673562215387171925e-02
-1.036437858627124037e-01
-1.146495751233568144e-01
-1.214729039001171268e-01
-1.253533225248587291e-01
-1.271591455770642587e-01
-1.274837046018413578e-01
-1.267233977558270552e-01
-1.251376949833714891e-01
-1.228933137517163321e-01
-1.200956818290026262e-01
-1.168107653820631003e-01
-1.130798936597403742e-01
-1.089296481996557819e-01
-1.043783687257702070e-01
-9.944037482255135840e-02
-9.412867375182334961e-02
-8.845666895154004339e-02
-8.243921272792698041e-02
-7.609322805003763956e-02
-6.943804149595177166e-02
-6.249552121164482499e-02
-5.529007859830926269e-02
-4.784856980271710858e-02
-4.020012398371110990e-02
-3.237591333904978053e-02
-2.440887765900248349e-02
-1.633341284602123772e-02
-8.185031002938584002e-03
-1.376256009666655054e-17
1.823051530260007810e-17
8.627338417594733119e-03
1.721698667808632330e-02
2.573165051124252922e-02
3.413482013454217923e-02
4.239114435678047882e-02
5.046678202034612926e-02
5.832972368202958557e-02
6.595007370620924181e-02
7.330028244476682886e-02
8.035531329500426867e-02
8.709272683102321777e-02
9.349264883683375271e-02
9.953758140484970929e-02
1.052119834718218960e-01
1.105015144347272771e-01
1.153917724838445236e-01
1.198662682892343567e-01
1.239032455778875524e-01
1.274707629642276852e-01
1.305191884560615578e-01
1.329698920242624871e-01
1.346984713599906347e-01
1.355103133305536889e-01
1.351057650625239748e-01
1.330318438521708169e-01
1.286175372992800769e-01
1.208908576908587079e-01
1.084786343075497955e-01
8.949541135421880400e-02
6.143662531268207633e-02
2.110383756460737850e-02
-3.539414422312449349e-02
-1.125052396280939032e-01
-2.148910847910438238e-01
-3.468099216619046632e-01
-5.111831143894135510e-01
-7.083643974512093822e-01
-9.347275500814524740e-01
-1.181311644537748284e+00
-1.432884014738228462e+00
-1.667853987684053463e+00
-1.859439937512712859e+00
-1.978317054246654827e+00
-1.996648323931360158e+00
-1.892982247328422130e+00
-1.657102564723667681e+00
-1.293686741036312871e+00
-8.236984089133456699e-01
-2.828500558334761661e-01
2.828500554688219704e-01
8.236984103160512882e-01
1.293686741654671568e+00
1.657102562193844886e+00
1.892982247756313852e+00
1.996648301298385997e+00
1.978317054185509516e+00
1.859439936639142088e+00
1.667853988149398781e+00
1.432884017245982466e+00
1.181311643317744187e+00
9.347275494222839765e-01
7.083643974981821412e-01
5.111831143866043536e-01
3.468099200201685828e-01
2.148910854457017905e-01
1.125052408110202989e-01
3.539414500686266507e-02
-2.110387014991076116e-02
-6.143662533467809245e-02
-8.949541135471002218e-02
-1.084786368633924858e-01
-1.208908579391073795e-01
-1.286175373407539291e-01
-1.330318439933562136e-01
-1.351057649097394675e-01
-1.355103132247169051e-01
-1.346984716374875213e-01
-1.329698921207767282e-01
-1.305191884282177472e-01
-1.274707630752821841e-01
-1.239032456174142677e-01
-1.198662683133142753e-01
-1.153917733657983391e-01
-1.105015144419314727e-01
-1.052119834391886249e-01
-9.953758141342515520e-02
-9.349264884437369361e-02
-8.709272681153917839e-02
-8.035531330634523850e-02
-7.330028243409972277e-02
-6.595007369325384117e-02
-5.832972368226393978e-02
-5.046678201238855715e-02
-4.239114436690829407e-02
-3.413482013185526603e-02
-2.573165050927113395e-02
-1.721698668154640968e-02
-8.627338416186170617e-03
-1.508831723503680750e-17
1.856715516469658608e-17
9.104543907386098214e-03
1.817039036798926907e-02
2.715925282614800249e-02
3.603365870760430467e-02
4.475733691343321274e-02
5.329558135083476561e-02
6.161558176131203685e-02
6.968671135725991450e-02
7.748075875839828541e-02
8.497208727755907465e-02
9.213769741311178540e-02
9.895715709005079019e-02
1.054123457943297038e-01
1.114869289902792326e-01
1.171654357261054658e-01
1.224317429201413204e-01
1.272666696788080365e-01
1.316442361890219070e-01
1.355259315767265993e-01
1.388520464653942854e-01
1.415287482850444700e-01
1.434091013086451760e-01
1.442657312555145899e-01
1.437523175971601730e-01
1.413509092328581740e-01
1.363023300657895398e-01
1.275184192811807393e-01
1.134781414024206986e-01
9.211550328644593777e-02
6.071672275249376249e-02
1.585703003581131684e-02
-4.657664599735451827e-02
-1.312156708396387816e-01
-2.428217595755130798e-01
-3.856163579018078713e-01
-5.622934681356852593e-01
-7.727466413963171021e-01
-1.012640103045235884e+00
-1.272076423154062663e+00
-1.534728369355307986e+00
-1.777865268210560235e+00
-1.973661090893018555e+00
-2.091985594519331304e+00
-2.104550763440242722e+00
-1.989871097592323945e+00
-1.738112438713017793e+00
-1.354693808742448491e+00
-8.615899055792843875e-01
-2.956978757918807821e-01
2.956978750940107425e-01
8.615899047137567379e-01
1.354693808021486756e+00
1.738112436340940370e+00
1.989871098842069586e+00
2.104550763779693412e+00
2.091985593580467651e+00
1.973661090031522347e+00
1.777865269117907987e+00
1.534728370593312574e+00
1.272076421326601592e+00
1.012640089393193943e+00
7.727466397756055372e-01
5.622934704212986246e-01
3.856163647415433715e-01
2.428217605886083541e-01
1.312156681558874771e-01
4.657664539378751634e-02
-1.585702916995803194e-02
-6.071672244036140087e-02
-9.211551554849850554e-02
-1.134781414330630345e-01
-1.275184194156032680e-01
-1.363023296857948097e-01
-1.413509092233537490e-01
-1.437523175470665771e-01
-1.442657312151334748e-01
-1.434091021409627797e-01
-1.415287484096618142e-01
-1.388520467074802478e-01
-1.355259314828661243e-01
-1.316442359641412652e-01
-1.272666696740312742e-01
-1.224317429717259459e-01
-1.171654356732958480e-01
-1.114869290089051529e-01
-1.054123456762255384e-01
-9.895715708595546889e-02
-9.213769739432638162e-02
-8.497208726826419034e-02
-7.748075873956902782e-02
-6.968671134655098076e-02
-6.161558176491368360e-02
-5.329558139534339156e-02
-4.475733691193624353e-02
-3.603365870351494388e-02
-2.715925282570614760e-02
-1.817039037014278949e-02
-9.104543906910863779e-03
-1.659395388124663634e-17
1.884594118211610427e-17
9.621129813326091337e-03
1.920260287938165694e-02
2.870518858832656062e-02
3.809050027079157602e-02
4.732139613744746481e-02
5.636235428087709581e-02
6.517981185948315548e-02
7.374245638400020453e-02
8.202145452896118794e-02
8.999059792507413391e-02
9.762633700707309958e-02
1.049076605465355388e-01
1.118157552914497282e-01
1.183333478923730558e-01
1.244435775828095642e-01
1.301281727368447938e-01
1.353645889973227601e-01
1.401215989960089281e-01
1.443526101481216461e-01
1.479856461364691123e-01
1.509085738576174118e-01
1.529476398942989646e-01
1.538369161318376144e-01
1.531758059166457575e-01
1.503716766363034363e-01
1.445652360400652148e-01
1.345380905653410786e-01
1.186056922677911629e-01
9.450542215646576261e-02
5.929957585195801822e-02
9.326349853963418479e-03
-5.975246911419779261e-02
-1.527442604450864327e-01
-2.744891348942619658e-01
-4.291339400476945065e-01
-6.190915713422709965e-01
-8.437288125108651782e-01
-1.097927335291229323e+00
-1.370782740709481695e+00
-1.644815566718952571e+00
-1.896119494897282598e+00
-2.095816406788593156e+00
-2.212991728902899968e+00
-2.218951430531222790e+00
-2.092235393344734629e+00
-1.823453514527758390e+00
-1.418819963385269611e+00
-9.013585367128386094e-01
-3.091718620021025599e-01
3.091718620302723597e-01
9.013585354548678819e-01
1.418819961804510532e+00
1.823453516452539613e+00
2.092235395316338842e+00
2.218951432186179407e+00
2.212991727137648468e+00
2.095816408696183242e+00
1.896119494763311319e+00
1.644815568415592288e+00
1.370782737042245403e+00
1.097927333851042908e+00
8.437288117754350170e-01
6.190915712266047422e-01
4.291339413736478536e-01
2.744891378635754831e-01
1.527442603806625776e-01
5.975246975399066407e-02
-9.326347820561221857e-03
-5.929957669098271517e-02
-9.450542267970257759e-02
-1.186056924019748549e-01
-1.345380908416370924e-01
-1.445652356047614495e-01
-1.503716761689087578e-01
-1.531758061346700506e-01
-1.538369159907634620e-01
-1.529476398833027606e-01
-1.509085735532232353e-01
-1.479856462262851002e-01
-1.443526100226465991e-01
-1.401215985807318931e-01
-1.353645843272274774e-01
-1.301281727209442629e-01
-1.244435775670043459e-01
-1.183333479802334831e-01
-1.118157553578696950e-01
-1.049076605786141703e-01
-9.762633701536127528e-02
-8.999059790180916063e-02
-8.202145453956863341e-02
-7.374245637326834468e-02
-6.517981184785472115e-02
-5.636235427934053327e-02
-4.732139613626660385e-02
-3.809050026830346214e-02
-2.870518858773928386e-02
-1.920260287964876619e-02
-9.621129811947648838e-03
-1.830939008703748970e-17
1.905161834936020527e-17
1.018238945781492315e-02
2.032422785079606928e-02
3.038540552140685941e-02
4.032668702966459018e-02
5.011012489073779497e-02
5.969944553905776746e-02
6.906039481684198011e-02
7.816103129125299975e-02
8.697194651767355122e-02
9.546639099911931325e-02
1.036202690596562392e-01
1.114119517000092818e-01
1.188218291565960871e-01
1.258314859137862618e-01
1.324223228112824668e-01
1.385733562943192443e-01
1.442578082034758624e-01
1.494379048943903776e-01
1.540570688308689762e-01
1.580283456363903161e-01
1.612175109856606448e-01
1.634188209071693043e-01
1.643208951404833695e-01
1.634599096029246412e-01
1.601572936182365237e-01
1.534400135197671045e-01
1.419436871163106961e-01
1.238031095664693243e-01
9.654190524795890072e-02
5.698349966510032200e-02
1.219290747192619019e-03
-7.531502290565580959e-02
-1.775912934279869626e-01
-3.105006716472898942e-01
-4.780706200778289672e-01
-6.823715090020773255e-01
-9.221694342440192038e-01
-1.191484400190122139e+00
-1.478330878080234001e+00
-1.764018796134659395e+00
-2.023433092702763503e+00
-2.226641267752545783e+00
-2.341972784176582500e+00
-2.340380574050000551e+00
-2.200496561106640492e+00
-1.913442188643143638e+00
-1.486283405471272134e+00
-9.431315898154738475e-01
-3.233137861463470375e-01
3.233137863516054589e-01
9.431315898189905900e-01
1.486283405975904692e+00
1.913442187697358188e+00
2.200496562237226339e+00
2.340380570900546964e+00
2.341972784903505467e+00
2.226641269577648519e+00
2.023433099093961296e+00
1.764018795415172480e+00
1.478330878062200426e+00
1.191484404901004268e+00
9.221694344742176197e-01
6.823715087680610747e-01
4.780706212860723059e-01
3.105006701759626675e-01
1.775912930369219211e-01
7.531502332125743215e-02
-1.219300391699773079e-03
-5.698349858063197354e-02
-9.654190406315170392e-02
-1.238031104087661538e-01
-1.419436874125648840e-01
-1.534400131052635896e-01
-1.601572936715723039e-01
-1.634599094418375254e-01
-1.643208956626076300e-01
-1.634188209590781427e-01
-1.612175109123122063e-01
-1.580283454288221312e-01
-1.540570686743366613e-01
-1.494379051233361011e-01
-1.442578081376685306e-01
-1.385733562744061731e-01
-1.324223226253345709e-01
-1.258314859671402219e-01
-1.188218289492441737e-01
-1.114119516908317897e-01
-1.036202690698718454e-01
-9.546639099352054181e-02
-8.697194650090224466e-02
-7.816103129755759549e-02
-6.906039482436836241e-02
-5.969944545332258462e-02
-5.011012489378630780e-02
-4.032668703042029817e-02
-3.038540551710289597e-02
-2.032422779199430721e-02
-1.018238944157065853e-02
-2.027029780312803615e-17
1.916572683900722068e-17
1.079460693610608674e-02
2.154785360525275292e-02
3.221883653018641630e-02
4.276755572991017967e-02
5.315534162062466456e-02
6.334524967563921749e-02
7.330241116602229101e-02
8.299432283935137544e-02
9.239105410763727433e-02
1.014653439410281577e-01
1.101925414131095099e-01
1.185503338015010677e-01
1.265181600975152088e-01
1.340761803404064423e-01
1.412035830031953820e-01
1.478759296806481383e-01
1.540610770644460781e-01
1.597130416166825106e-01
1.647628664443866742e-01
1.691052474102676118e-01
1.725792225133699342e-01
1.749407927134333240e-01
1.758248927431818875e-01
1.746939355168056207e-01
1.707703785493531468e-01
1.629519217829850652e-01
1.497106056794746676e-01
1.289818819671876282e-01
9.805757605091135198e-02
5.350741049247765418e-02
-8.832274758255103872e-03
-9.374968791017779246e-02
-2.063644258277674282e-01
-3.515845160422778060e-01
-5.332650965920381347e-01
-7.530639539270145288e-01
-1.009064447835738454e+00
-1.294339573510409069e+00
-1.595745045175479770e+00
-1.893321931877695485e+00
-2.160717068386450279e+00
-2.366948087767299924e+00
-2.479625686900266857e+00
-2.469411989646213446e+00
-2.315105898653056826e+00
-2.008413903774930009e+00
-1.557313465842949052e+00
-9.870419472349731826e-01
-3.381670928198257653e-01
3.381670919092482075e-01
9.870419464523720876e-01
1.557313462612435639e+00
2.008413905583638304e+00
2.315105898322700195e+00
2.469411989187346723e+00
2.479625688632309366e+00
2.366948087904003462e+00
2.160717068672143526e+00
1.893321930816839638e+00
1.595745045206270030e+00
1.294339572273873085e+00
1.009064451097284598e+00
7.530639550059191611e-01
5.332650988469248565e-01
3.515845180128091552e-01
2.063644258773437989e-01
9.374968754204193733e-02
8.832276711995211069e-03
-5.350741136612204019e-02
-9.805757635954596985e-02
-1.289818829035829506e-01
-1.497106013800098556e-01
-1.629519217761895011e-01
-1.707703777899481912e-01
-1.746939360089898585e-01
-1.758248923625432281e-01
-1.749407921883006922e-01
-1.725792223793304325e-01
-1.691052469238088773e-01
-1.647628663133485494e-01
-1.597130415802867631e-01
-1.540610770462493007e-01
-1.478759289521610620e-01
-1.412035831076439707e-01
-1.340761804318762462e-01
-1.265181600983400212e-01
-1.185503337723890771e-01
-1.101925414265671060e-01
-1.014653438223261234e-01
-9.239105425424963547e-02
-8.299432282096728952e-02
-7.330241117016071672e-02
-6.334524967653493155e-02
-5.315534163239244575e-02
-4.276755572256914217e-02
-3.221883651376823005e-02
-2.154785359238547970e-02
-1.079460693637170933e-02
-2.251937539350392817e-17
1.916587611347937301e-17
1.146528341178794548e-02
2.288850626290211271e-02
3.422807933723623353e-02
4.544334550220032604e-02
5.649501709952790829e-02
6.734557871768784287e-02
7.795963850831465203e-02
8.830420922227917579e-02
9.834889436602139989e-02
1.080659424124363055e-01
1.174301171932261439e-01
1.264183109734347832e-01
1.350087863338416405e-01
1.431798795076875408e-01
1.509079250280011275e-01
1.581640377579007217e-01
1.649092416122125149e-01
1.710872026735547613e-01
1.766135586575209859e-01
1.813604484291807817e-01
1.851344600166914267e-01
1.876457448134176698e-01
1.884657128276796823e-01
1.869706227949421706e-01
1.822688681203009919e-01
1.731112454217286489e-01
1.577866609337725823e-01
1.340110639151907701e-01
9.882574865946626430e-02
4.853249812932377422e-02
-2.129339164681370508e-02
-1.156574945697807222e-01
-2.398041485007601503e-01
-3.986158326367038596e-01
-5.957129208952346433e-01
-8.322608073925429339e-01
-1.105569387659405045e+00
-1.407672899107197395e+00
-1.724187820368377144e+00
-2.033829368699805684e+00
-2.308982256685096601e+00
-2.517627472095544050e+00
-2.626704736847333077e+00
-2.606658425404146051e+00
-2.436538717156381040e+00
-2.108717183521991334e+00
-1.632145461740643233e+00
-1.033224667057464519e+00
-3.537757063505719834e-01
3.537757065701390702e-01
1.033224666908914458e+00
1.632145462423845395e+00
2.108717183117817306e+00
2.436538716490444401e+00
2.606658425704392101e+00
2.626704737403892320e+00
2.517627471785290449e+00
2.308982257070228528e+00
2.033829367708472891e+00
1.724187820189037934e+00
1.407672899542631306e+00
1.105569387580726204e+00
8.322608113647633754e-01
5.957129179443233502e-01
3.986158304072374148e-01
2.398041494534276508e-01
1.156574941479579788e-01
2.129339141098129939e-02
-4.853249862587977886e-02
-9.882574954484443785e-02
-1.340110645219473595e-01
-1.577866608659942438e-01
-1.731112452326795947e-01
-1.822688672554502454e-01
-1.869706233404394846e-01
-1.884657135338174694e-01
-1.876457451010526689e-01
-1.851344598810088782e-01
-1.813604484680832463e-01
-1.766135583902720962e-01
-1.710872028834713177e-01
-1.649092413236924459e-01
-1.581640373312025449e-01
-1.509079250169503006e-01
-1.431798796172829291e-01
-1.350087863817562017e-01
-1.264183110199781634e-01
-1.174301170917218251e-01
-1.080659422304271339e-01
-9.834889436768048943e-02
-8.830420921096232556e-02
-7.795963849846747340e-02
-6.734557874302359026e-02
-5.649501713053989294e-02
-4.544334549590087202e-02
-3.422807933817535037e-02
-2.288850624729786912e-02
-1.146528342567596989e-02
-2.510794659041849885e-17
1.902483124483244764e-17
1.220342239214130577e-02
2.436422026288047674e-02
3.644025399203122684e-02
4.839034162934494759e-02
6.017470587991548270e-02
7.175537972328595304e-02
8.309655466584466021e-02
9.416484556140757023e-02
1.049294432263587901e-01
1.153621099572066655e-01
1.254369554170435830e-01
1.351299001418394541e-01
1.444176952315198159e-01
1.532762955142699945e-01
1.616783047384836025e-01
1.695890729740747727e-01
1.769608593132074026e-01
1.837242313089593460e-01
1.897755754322324184e-01
1.949592195391059712e-01
1.990422579264829461e-01
2.016797781887383068e-01
2.023678987455795886e-01
2.003821497868529811e-01
1.946994285282776516e-01
1.839036882006634399e-01
1.660791237195933800e-01
1.387006266975486513e-01
9.854000100524179517e-02
4.161817976792663021e-02
-3.675322851655454803e-02
-1.417849908205503773e-01
-2.788152204154377700e-01
-4.526485236102641974e-01
-6.665971263656412793e-01
-9.212433678841583928e-01
-1.213023611136445412e+00
-1.532835462248151925e+00
-1.864973689054004735e+00
-2.186773556955755815e+00
-2.469341150043892874e+00
-2.679644997794586203e+00
-2.784014479654439267e+00
-2.752761949684434217e+00
-2.565283718240619404e+00
-2.214703497281317102e+00
-1.711012469501901778e+00
-1.081811590001166667e+00
-3.701821587160972205e-01
3.701821586777037654e-01
1.081811590018195712e+00
1.711012465967830520e+00
2.214703499099565320e+00
2.565283719334324086e+00
2.752761951224371728e+00
2.784014478808396476e+00
2.679644997508332072e+00
2.469341151360313180e+00
2.186773556450336553e+00
1.864973687564113414e+00
1.532835463526477371e+00
1.213023611836309801e+00
9.212433698214013145e-01
6.665971257529478278e-01
4.526485180865694735e-01
2.788152187390403602e-01
1.417849877888331667e-01
3.675322923140461606e-02
-4.161817953582282181e-02
-9.854000233024677591e-02
-1.387006244879579464e-01
-1.660791229789622681e-01
-1.839036878487378124e-01
-1.946994285820073944e-01
-2.003821495043931200e-01
-2.023678980080383105e-01
-2.016797779694221582e-01
-1.990422576782151787e-01
-1.949592191335771940e-01
-1.897755760034065819e-01
-1.837242313167819219e-01
-1.769608593628785864e-01
-1.695890736070171378e-01
-1.616783044880588383e-01
-1.532762956635199125e-01
-1.444176953052724588e-01
-1.351299001262778743e-01
-1.254369552683030076e-01
-1.153621099312758108e-01
-1.049294432144505518e-01
-9.416484554587035982e-02
-8.309655469135748818e-02
-7.175537969666662130e-02
-6.017470588437012075e-02
-4.839034162313069626e-02
-3.644025401153847682e-02
-2.436422024249368032e-02
-1.220342240514923036e-02
-2.809797458796469662e-17
1.870936091672616860e-17
1.301989106788390207e-02
2.599676134977377609e-02
3.888808653601606019e-02
5.165232113767834893e-02
6.424935071745162263e-02
7.664089704993676255e-02
8.879085420960465547e-02
1.006655267956111099e-01
1.122337340707196818e-01
1.234667230798879023e-01
1.343378174970182581e-01
1.448216879143862934e-01
1.548930844263977924e-01
1.645247945755805297e-01
1.736844923927368667e-01
1.823299954735879413e-01
1.904022643634306622e-01
1.978152114883353629e-01
2.044410824071926369e-01
2.100898062999230209e-01
2.144802968040729341e-01
2.172013767031162057e-01
2.176598238115595441e-01
2.150133382813087246e-01
2.080872645590358394e-01
1.952762764666276796e-01
1.744363103425866923e-01
1.427785771767930423e-01
9.678682599781601725e-02
3.219056813206884471e-02
-5.596012455533323771e-02
-1.730616991699418517e-01
-3.245051578304494755e-01
-5.149531783279790442e-01
-7.473237758290637300e-01
-1.021513576082824448e+00
-1.332975818651206623e+00
-1.671367817281663948e+00
-2.019579810092043015e+00
-2.353518068720804379e+00
-2.643003746225440320e+00
-2.854031048669487092e+00
-2.952395152236527043e+00
-2.908376932534654014e+00
-2.701825567679635665e+00
-2.326711365612998073e+00
-1.794132590307619957e+00
-1.132923173955530327e+00
-3.874247682244925661e-01
3.874247682781571389e-01
1.132923172243595067e+00
1.794132590035405483e+00
2.326711366201034803e+00
2.701825568048773274e+00
2.908376934687662008e+00
2.952395152846656767e+00
2.854031048605870868e+00
2.643003746439868351e+00
2.353518070236605197e+00
2.019579808978959168e+00
1.671367817557056989e+00
1.332975810005268213e+00
1.021513581790929992e+00
7.473237750540253632e-01
5.149531786685103141e-01
3.245051585506280034e-01
1.730616940583218633e-01
5.596012545913345987e-02
-3.219056857297451085e-02
-9.678682586498306428e-02
-1.427785765368017323e-01
-1.744363102293464696e-01
-1.952762778362885920e-01
-2.080872646088587352e-01
-2.150133385384039308e-01
-2.176598256107336038e-01
-2.172013761686333866e-01
-2.144802972203490588e-01
-2.100898061997167887e-01
-2.044410826060558406e-01
-1.978152119282643173e-01
-1.904022647283749592e-01
-1.823299953728210743e-01
-1.736844922022851290e-01
-1.645247946560799146e-01
-1.548930845959654856e-01
-1.448216879893846065e-01
-1.343378172551036864e-01
-1.234667231126094777e-01
-1.122337339916243543e-01
-1.006655266519968922e-01
-8.879085420586353694e-02
-7.664089699454082472e-02
-6.424935076476377682e-02
-5.165232107421933311e-02
-3.888808654106781781e-02
-2.599676135470548044e-02
-1.301989107653758228e-02
-3.156460915022219304e-17
1.817877955911335731e-17
1.392787890824125421e-02
2.781254333223385361e-02
4.161128327866857324e-02
5.528238095589196877e-02
6.878556329570402472e-02
8.208239828473277988e-02
9.513660903736588514e-02
1.079142697019542935e-01
1.203838391718015238e-01
1.325159603536050223e-01
1.442829417219502197e-01
1.556577716530636313e-01
1.666124842314169741e-01
1.771155924208125954e-01
1.871281942235235030e-01
1.965982043087181053e-01
2.054519413954697948e-01
2.135820522946542399e-01
2.208304089448766827e-01
2.269642743177997524e-01
2.316436582008981337e-01
2.343775277214041886e-01
2.344665586841643834e-01
2.309306149613628012e-01
2.224205642522349979e-01
2.071168208591404325e-01
1.826216861449672102e-01
1.458596033293723115e-01
9.300904111646596251e-02
1.950133192999291623e-02
-7.986626585524703170e-02
-2.106467407321011009e-01
-3.782309460405409718e-01
-5.870615792288498280e-01
-8.395620354843932320e-01
-1.134827609874301757e+00
-1.467209091383508746e+00
-1.825015472585210130e+00
-2.189651207812314926e+00
-2.535552802276017204e+00
-2.831263940102942911e+00
-3.041860143414991224e+00
-3.132697294715836023e+00
-3.074142491941108002e+00
-2.846617835785759443e+00
-2.445042340458797092e+00
-1.881690152614663214e+00
-1.186656493484559594e+00
-4.055335307213025486e-01
4.055335307171930026e-01
1.186656493491629272e+00
1.881690152762637291e+00
2.445042340049746521e+00
2.846617834957927862e+00
3.074142492030973006e+00
3.132697294570598423e+00
3.041860143950893214e+00
2.831263940515404531e+00
2.535552803179327963e+00
2.189651207353111584e+00
1.825015473985887038e+00
1.467209089640692188e+00
1.134827610402306730e+00
8.395620360575232199e-01
5.870615803103306218e-01
3.782309439912619475e-01
2.106467399765436233e-01
7.986626339532607033e-02
-1.950132923290899545e-02
-9.300904151550193344e-02
-1.458596021924916109e-01
-1.826216859662893599e-01
-2.071168214392661300e-01
-2.224205637745566566e-01
-2.309306149574654188e-01
-2.344665592106722207e-01
-2.343775284748230991e-01
-2.316436587916010648e-01
-2.269642744215666086e-01
-2.208304089574125162e-01
-2.135820522578964764e-01
-2.054519411887095470e-01
-1.965982041871442709e-01
-1.871281942458648540e-01
-1.771155921765757424e-01
-1.666124842334771317e-01
-1.556577716952896040e-01
-1.442829416646646823e-01
-1.325159603209344339e-01
-1.203838389482884685e-01
-1.079142699298355212e-01
-9.513660904800760876e-02
-8.208239830547189864e-02
-6.878556327228312062e-02
-5.528238096136935120e-02
-4.161128330094487904e-02
-2.781254332582130950e-02
-1.392787890766810158e-02
-3.559941385743636192e-17
1.738310271382562087e-17
1.494347987675116729e-02
2.984379080481366561e-02
4.465827048872157007e-02
5.934525040865702705e-02
7.386449914470845368e-02
8.817760007367621278e-02
1.022482264862269730e-01
1.160422751765902288e-01
1.295277971300638764e-01
1.426746461459392212e-01
1.554537285830158433e-01
1.678356897384480351e-01
1.797888063865930031e-01
1.912757546242348228e-01
2.022487956671061571e-01
2.126427432207858848e-01
2.223648603969449744e-01
2.312805415746758131e-01
2.391933262764890933e-01
2.458174385451434574e-01
2.507407450850794306e-01
2.533758934531484264e-01
2.528975520288097578e-01
2.481644988626344750e-01
2.376271293351278346e-01
2.192241539360742508e-01
1.902775434093261220e-01
1.474022647792920526e-01
8.645709967745507374e-02
2.574188003124703011e-03
-1.096842243485484092e-01
-2.559863032331913257e-01
-4.416547702904632944e-01
-6.708178678923162330e-01
-9.452878654255507662e-01
-1.263229410160597865e+00
-1.617762539327114224e+00
-1.995737212801482752e+00
-2.376995821666175956e+00
-2.734476534280700921e+00
-3.035471354477405903e+00
-3.244214710622290720e+00
-3.325740583264518158e+00
-3.250639977270643133e+00
-3.000042591910438983e+00
-2.569925874413860889e+00
-1.973808571064566086e+00
-1.243068148901888881e+00
-4.245242725628499691e-01
4.245242724920308408e-01
1.243068148564004716e+00
1.973808571144736179e+00
2.569925874288766732e+00
3.000042592253192364e+00
3.250639977610657372e+00
3.325740584151664070e+00
3.244214710999708373e+00
3.035471353938982375e+00
2.734476534822579907e+00
2.376995820434383955e+00
1.995737213762166951e+00
1.617762540784091208e+00
1.263229410251948570e+00
9.452878644258992935e-01
6.708178685985767276e-01
4.416547716603068663e-01
2.559863014209806664e-01
1.096842263359234376e-01
-2.574187550234585675e-03
-8.645709971110528136e-02
-1.474022644268709603e-01
-1.902775435134560211e-01
-2.192241539199697165e-01
-2.376271277715980568e-01
-2.481645003208219347e-01
-2.528975524054333790e-01
-2.533758933675880343e-01
-2.507407452009671744e-01
-2.458174384631665599e-01
-2.391933265343730575e-01
-2.312805418300989124e-01
-2.223648602421821330e-01
-2.126427428510643813e-01
-2.022487956205094584e-01
-1.912757545389510427e-01
-1.797888062420525956e-01
-1.678356896813809340e-01
-1.554537287811493529e-01
-1.426746462511793156e-01
-1.295277970773721088e-01
-1.160422751602293856e-01
-1.022482264778102612e-01
-8.817760007038839831e-02
-7.386449922198015661e-02
-5.934525046218696448e-02
-4.465827059967716894e-02
-2.984379086012728735e-02
-1.494347987314256603e-02
-4.031445899347721029e-17
1.626071673128069047e-17
1.608642889026491718e-02
3.213000894180162437e-02
4.808839121795403793e-02
6.392020205515369646e-02
7.958546654641283913e-02
9.504594879751898651e-02
1.102653677160781026e-01
1.252094360064751610e-01
1.398456479435776778e-01
1.541427193254333861e-01
1.680695302114081635e-01
1.815933807269544675e-01
1.946772748590175073e-01
2.072758491659175417e-01
2.193294107930380543e-01
2.307553646307122508e-01
2.414360725884304171e-01
2.512018978127792401e-01
2.598078832848507713e-01
2.669022016116301410e-01
2.719842979776359582e-01
2.743506316977647463e-01
2.730263541276909955e-01
2.666823860761777798e-01
2.535395661273857071e-01
2.312653613999639257e-01
1.968742300625260788e-01
1.466508167533539797e-01
7.612464269000090988e-02
-1.986396070379228482e-02
-1.469578274441464272e-01
-3.108833342591341697e-01
-5.168090065997354987e-01
-7.684352091652670858e-01
-1.066828894833962149e+00
-1.409080926220372065e+00
-1.786944671376315741e+00
-2.185700858184155493e+00
-2.583562881767147434e+00
-2.951959707691479196e+00
-3.256981440873598643e+00
-3.462126292658197713e+00
-3.532250615923584025e+00
-3.438329825890754865e+00
-3.162351796506532864e+00
-2.701469247354152614e+00
-2.070512081176912211e+00
-1.302150270797543641e+00
-4.443904889651145718e-01
4.443904889009091530e-01
1.302150271137920479e+00
2.070512080300568325e+00
2.701469247805089680e+00
3.162351797655260643e+00
3.438329822867291163e+00
3.532250615378551117e+00
3.462126295865219028e+00
3.256981443060565695e+00
2.951959708551034289e+00
2.583562881954409640e+00
2.185700859416399577e+00
1.786944670325243179e+00
1.409080926437096259e+00
1.066828895598464388e+00
7.684352090966947157e-01
5.168090089358968742e-01
3.108833336363255873e-01
1.469578287961983143e-01
1.986396019246935291e-02
-7.612464225354544090e-02
-1.466508170209620543e-01
-1.968742318875472963e-01
-2.312653622218576455e-01
-2.535395674998493498e-01
-2.666823850270881868e-01
-2.730263545991561402e-01
-2.743506321295274830e-01
-2.719842987038750270e-01
-2.669022025548962729e-01
-2.598078825475053644e-01
-2.512018977009849441e-01
-2.414360724939439984e-01
-2.307553644184272279e-01
-2.193294110086516091e-01
-2.072758490448779189e-01
-1.946772750598627089e-01
-1.815933808120494264e-01
-1.680695302932008472e-01
-1.541427194274755108e-01
-1.398456480148115022e-01
-1.252094358580412015e-01
-1.102653677654810704e-01
-9.504594881814691643e-02
-7.958546657171779171e-02
-6.392020204638479419e-02
-4.808839123072512767e-02
-3.213000892612827980e-02
-1.608642889300588089e-02
-4.584749591437051469e-17
1.473545765932218318e-17
1.738102680101522718e-02
3.471982673080856174e-02
5.197465183236606862e-02
6.910468148033113711e-02
8.607040572743721030e-02
1.028339050026647605e-01
1.193589734848923833e-01
1.356110211666863019e-01
1.515566628214804479e-01
1.671628685379674129e-01
1.823955021677009791e-01
1.972170109930715953e-01
2.115829286781327478e-01
2.254367428767360404e-01
2.387025136316328622e-01
2.512744201694659396e-01
2.630021856905765953e-01
2.736710368860872378e-01
2.829745669148301390e-01
2.904786347665899160e-01
2.955743084596716974e-01
2.974180524793083036e-01
2.948580241850672357e-01
2.863468565597552806e-01
2.698439677264309888e-01
2.427147163763423987e-01
2.016398422595928608e-01
1.425567767694067567e-01
6.066397387590286711e-02
-4.947076130610016803e-02
-1.936493981565422795e-01
-3.775800462095134091e-01
-6.061693964210339569e-01
-8.825550103613130082e-01
-1.206905605616047206e+00
-1.575082037050251849e+00
-1.977330282204499801e+00
-2.397256822953015121e+00
-2.811394638981352667e+00
-3.189677288506811870e+00
-3.497073856597112229e+00
-3.696484783532221652e+00
-3.752764817860176905e+00
-3.637460126924957127e+00
-3.333584103360199169e+00
-2.839587499637359347e+00
-2.171672779253919661e+00
-1.363797586355308900e+00
-4.650921620304852011e-01
4.650921621712357790e-01
1.363797586686737784e+00
2.171672779259155917e+00
2.839587499599352416e+00
3.333584103532816645e+00
3.637460125221501084e+00
3.752764817652289864e+00
3.696484783270163277e+00
3.497073856451490492e+00
3.189677289652853798e+00
2.811394639112979377e+00
2.397256821834750085e+00
1.977330282440799447e+00
1.575082036519316775e+00
1.206905603198312082e+00
8.825550081715268780e-01
6.061693963020660103e-01
3.775800475712774440e-01
1.936493990025369705e-01
4.947076108994072352e-02
-6.066397285187514338e-02
-1.425567766577646167e-01
-2.016398435244497189e-01
-2.427147165539867701e-01
-2.698439685080998296e-01
-2.863468567906717888e-01
-2.948580232434669934e-01
-2.974180521903652674e-01
-2.955743086472203407e-01
-2.904786344886780003e-01
-2.829745677376828139e-01
-2.736710368419315587e-01
-2.630021855963318722e-01
-2.512744203843515489e-01
-2.387025142708735781e-01
-2.254367431377052589e-01
-2.115829280055267769e-01
-1.972170108286173673e-01
-1.823955021597397363e-01
-1.671628685477785647e-01
-1.515566629480098737e-01
-1.356110213723292213e-01
-1.193589733827677968e-01
-1.028339049972212538e-01
-8.607040573049087873e-02
-6.910468149045025099e-02
-5.197465185983600466e-02
-3.471982672340476195e-02
-1.738102679254805577e-02
-5.236845185282361240e-17
1.271300251979537011e-17
1.885728295657434009e-02
3.767326986531743804e-02
5.640710062555525511e-02
7.501874837108371552e-02
9.346933452621203342e-02
1.117213114212624869e-01
1.297384482883203738e-01
1.474855353354331822e-01
1.649276940729260676e-01
1.820291363262321882e-01
1.987511649681656944e-01
2.150491203538117679e-01
2.308678873084609451e-01
2.461354248876401196e-01
2.607536302645979132e-01
2.745856118773735144e-01
2.874382322454540617e-01
2.990384873191087589e-01
3.090020726856786970e-01
3.167923118303742624e-01
3.216676500408621742e-01
3.226163323940999805e-01
3.182778593942148238e-01
3.068527123448162586e-01
2.860049796827716651e-01
2.527672337622777210e-01
2.034634909564267402e-01
1.336742594972075426e-01
3.827674858528212071e-02
-8.839807338060093334e-02
-2.522445696113462810e-01
-4.588521103712459581e-01
-7.127327157669297586e-01
-1.016302544127142271e+00
-1.368660300095264182e+00
-1.764269804777462536e+00
-2.191728760195568171e+00
-2.632876319468895332e+00
-3.062537474229310330e+00
-3.449197749702237914e+00
-3.756825691321729277e+00
-3.947903274700198306e+00
-3.987496642710139927e+00
-3.847937638547293648e+00
-3.513449488720580494e+00
-2.983907507008234372e+00
-2.276938799684133485e+00
-1.427762978581166520e+00
-4.865407353916023081e-01
4.865407353814969471e-01
1.427762978566682994e+00
2.276938799626227805e+00
2.983907507107999901e+00
3.513449488571830148e+00
3.847937638818677897e+00
3.987496642271854519e+00
3.947903275217180763e+00
3.756825691427797764e+00
3.449197750575636157e+00
3.062537475128669140e+00
2.632876319872846427e+00
2.191728759006068561e+00
1.764269804194186442e+00
1.368660300084912240e+00
1.016302542018457711e+00
7.127327156032573496e-01
4.588521132938152003e-01
2.522445696899900391e-01
8.839807346948311273e-02
-3.827674703820573704e-02
-1.336742581786803108e-01
-2.034634906441648294e-01
-2.527672334099136386e-01
-2.860049803512290101e-01
-3.068527126332348809e-01
-3.182778587699678363e-01
-3.226163319096131965e-01
-3.216676494836794853e-01
-3.167923118037334063e-01
-3.090020725325022255e-01
-2.990384863330798892e-01
-2.874382319539988684e-01
-2.745856117334427582e-01
-2.607536299989720030e-01
-2.461354244844060346e-01
-2.308678871182457126e-01
-2.150491205631108738e-01
-1.987511648182309909e-01
-1.820291362322470907e-01
-1.649276936618433720e-01
-1.474855353641756905e-01
-1.297384483252545795e-01
-1.117213114652360062e-01
-9.346933448557469271e-02
-7.501874838334288143e-02
-5.640710062912762668e-02
-3.767326981843258787e-02
-1.885728295598077670e-02
-6.008745614159924142e-17
1.007653598536227879e-17
2.055228502253269099e-02
4.106447753236149717e-02
6.149684447924980146e-02
8.181032145553043811e-02
1.019667167778475630e-01
1.219287455128458958e-01
1.416598107849620924e-01
1.611234268212344556e-01
1.802821418869678394e-01
1.990957672802743106e-01
2.175186608916607756e-01
2.354957124931699175e-01
2.529565721050616722e-01
2.698075166082294363e-01
2.859201519387765122e-01
3.011159715280544158e-01
3.151455122493197480e-01
3.276606644371034549e-01
3.381784929789639071e-01
3.460348777069618964e-01
3.503265297278654322e-01
3.498405570171014833e-01
3.429721266884553921e-01
3.276330292600589389e-01
3.011576362915664995e-01
2.602176696029293579e-01
2.007641474853970043e-01
1.180224659928892084e-01
6.575303412174044251e-03
-1.394254364400854818e-01
-3.258733978179496060e-01
-5.581098885303665824e-01
-8.400907928796027546e-01
-1.173327431197198845e+00
-1.555659353417297108e+00
-1.979979939154640656e+00
-2.433104874564778974e+00
-2.895034400461109936e+00
-3.338892602347213856e+00
-3.731808995916684690e+00
-4.036921742689396631e+00
-4.216522506013838267e+00
-4.236144025113708800e+00
-4.069149499003991366e+00
-3.701172347896275916e+00
-3.133639159165731325e+00
-2.385638691475785222e+00
-1.493598716504657808e+00
-5.085792824617230146e-01
5.085792824486502495e-01
1.493598716400956983e+00
2.385638691504865516e+00
3.133639158970439986e+00
3.701172347585437006e+00
4.069149499273795101e+00
4.236144025999399432e+00
4.216522504133915383e+00
4.036921743274437091e+00
3.731808995939288831e+00
3.338892602609679905e+00
2.895034400587911616e+00
2.433104876158411756e+00
1.979979939294012281e+00
1.555659352905423010e+00
1.173327430249659908e+00
8.400907925665357379e-01
5.581098886475820420e-01
3.258733967449624624e-01
1.394254367311107690e-01
-6.575306213392763041e-03
-1.180224664125204825e-01
-2.007641468220089098e-01
-2.602176702966396693e-01
-3.011576341510374122e-01
-3.276330306041695950e-01
-3.429721265789748563e-01
-3.498405591991444186e-01
-3.503265302407211901e-01
-3.460348776846569052e-01
-3.381784932594309456e-01
-3.276606643064107205e-01
-3.151455127126974176e-01
-3.011159718824280018e-01
-2.859201519406802672e-01
-2.698075162713844399e-01
-2.529565724735653998e-01
-2.354957122814420045e-01
-2.175186609405811988e-01
-1.990957674167108116e-01
-1.802821418522439489e-01
-1.611234269036713185e-01
-1.416598108766708997e-01
-1.219287455855309621e-01
-1.019667168031461735e-01
-8.181032140696534172e-02
-6.149684445126334803e-02
-4.106447751839805566e-02
-2.055228499811986853e-02
-6.926447420526794647e-17
6.681823576403973808e-18
2.251174838133647091e-02
4.498476132000859412e-02
6.738053519043603334e-02
8.966096341164736527e-02
1.117883668483660164e-01
1.337253023145286990e-01
1.554340462784558063e-01
1.768756194469176257e-01
1.980081733816577982e-01
2.187845065708841352e-01
2.391484022112969621e-01
2.590293623471047746e-01
2.783352354730967426e-01
2.969419938021585215e-01
3.146798487308274939e-01
3.313145721763930407e-01
3.465227813763518405e-01
3.598597051465531882e-01
3.707179277159335928e-01
3.782756538285750869e-01
3.814335640788560355e-01
3.787401754735550408e-01
3.683074500861582834e-01
3.477209953764663353e-01
3.139533151093552021e-01
2.632937554857557316e-01
1.913157407450239156e-01
9.290899384152830065e-02
-3.758805124574568501e-02
-2.061159002287621111e-01
-4.184417331084563929e-01
-6.794958426264521290e-01
-9.924854701755948527e-01
-1.357809372480684784e+00
-1.771845573635161264e+00
-2.225744910150710076e+00
-2.704425195858538356e+00
-3.186010615340280516e+00
-3.641979958652632909e+00
-4.038256680106742991e+00
-4.337379729068861600e+00
-4.501735766257582760e+00
-4.497626235504520231e+00
-4.299722923813043884e+00
-3.895283249496643396e+00
-3.287406428096760092e+00
-2.496657195208418223e+00
-1.560580537029671033e+00
-5.309569820883470737e-01
5.309569819876585051e-01
1.560580537324897321e+00
2.496657195505882498e+00
3.287406427878138526e+00
3.895283249543475268e+00
4.299722923795147089e+00
4.497626234500003761e+00
4.501735765698146707e+00
4.337379729050996779e+00
4.038256679169866636e+00
3.641979959824094504e+00
3.186010615954604219e+00
2.704425225464829996e+00
2.225744911134140303e+00
1.771845587310107328e+00
1.357809372061431930e+00
9.924854680582644306e-01
6.794958400642426843e-01
4.184417350430042482e-01
2.061158999696633132e-01
3.758805132908362573e-02
-9.290899678252297067e-02
-1.913157411808960318e-01
-2.632937581765898982e-01
-3.139533125169915451e-01
-3.477209978137570379e-01
-3.683074472122027099e-01
-3.787401754505994589e-01
-3.814335628710378012e-01
-3.782756517527459117e-01
-3.707179283465228958e-01
-3.598597064408930457e-01
-3.465227818615281841e-01
-3.313145712251706065e-01
-3.146798491232785100e-01
-2.969419934758235069e-01
-2.783352350797911323e-01
-2.590293632377237421e-01
-2.391484017708922494e-01
-2.187845070386547353e-01
-1.980081729050294503e-01
-1.768756192783261239e-01
-1.554340465533082527e-01
-1.337253023834848176e-01
-1.117883668780349782e-01
-8.966096347601333616e-02
-6.738053520582261424e-02
-4.498476136558746119e-02
-2.251174839375817693e-02
-8.022023911066442645e-17
2.352214993003142817e-18
2.479156485261702764e-02
4.954563351819835787e-02
7.422473512616803437e-02
9.879136485125210310e-02
1.232077450500413673e-01
1.474352996475971622e-01
1.714337072479679980e-01
1.951593656820577172e-01
2.185630455000387717e-01
2.415864502818792225e-01
2.641573104900716840e-01
2.861825324508589508e-01
3.075387936041740766e-01
3.280598052884581284e-01
3.475193135120808741e-01
3.656087005778659860e-01
3.819079227054574810e-01
3.958484028979216696e-01
4.066665840862045966e-01
4.133471162553193912e-01
4.145553721907775935e-01
4.085602826702982027e-01
3.931505127189391380e-01
3.655501610805582668e-01
3.223444089895367015e-01
2.594310208098720150e-01
1.720200024555886831e-01
5.471033176446496449e-02
-9.832172671079916770e-02
-2.929857332751729104e-01
-5.347577755370175323e-01
-8.279566789455600206e-01
-1.174817075639637443e+00
-1.574396854074314955e+00
-2.021404911095629142e+00
-2.505090828786723289e+00
-3.008391815366100897e+00
-3.507570259347009500e+00
-3.972580818940701697e+00
-4.368364033492699861e+00
-4.657163900752109065e+00
-4.801812378688945060e+00
-4.769731682293292252e+00
-4.537209656993840490e+00
-4.093349749445750696e+00
-3.443031785209510254e+00
-2.608278223565309695e+00
-1.627612322968142067e+00
-5.532971675964707403e-01
5.532971676150826301e-01
1.627612322919824495e+00
2.608278223413647012e+00
3.443031785388901422e+00
4.093349749763970813e+00
4.537209656473280006e+00
4.769731680752972380e+00
4.801812380913863088e+00
4.657163900613051410e+00
4.368364034495253456e+00
3.972580819162964350e+00
3.507570261085812380e+00
3.008391815859104756e+00
2.505090826381358493e+00
2.021404911469675714e+00
1.574396854407605018e+00
1.174817075041677761e+00
8.279566791499498590e-01
5.347577758225472433e-01
2.929857332309602769e-01
9.832172244259966554e-02
-5.471033242874277780e-02
-1.720200022522426486e-01
-2.594310203322225949e-01
-3.223444068568488419e-01
-3.655501594535336962e-01
-3.931505123822306991e-01
-4.085602841328950241e-01
-4.145553720933966013e-01
-4.133471157582943589e-01
-4.066665841023334171e-01
-3.958484021151767451e-01
-3.819079212198761009e-01
-3.656087005158957237e-01
-3.475193136454824971e-01
-3.280598057660699673e-01
-3.075387934541634616e-01
-2.861825317814942204e-01
-2.641573102461115541e-01
-2.415864505158699937e-01
-2.185630457895071377e-01
-1.951593655425285789e-01
-1.714337071271604118e-01
-1.474352995099524055e-01
-1.232077452492265635e-01
-9.879136497635764014e-02
-7.422473510758037518e-02
-4.954563335696898774e-02
-2.479156490356546408e-02
-9.334727022330447287e-17
-3.125039846457547507e-18
2.745888563789830247e-02
5.488085296322320339e-02
8.222868700835143929e-02
1.094644669527846531e-01
1.365489242609111975e-01
1.634404235449640197e-01
1.900934039705529377e-01
2.164560614387467108e-01
2.424670107806391472e-01
2.680505771129060855e-01
2.931102871012801758e-01
3.175200135291485481e-01
3.411120764655425908e-01
3.636614969478039749e-01
3.848653891035382357e-01
4.043163892990015995e-01
4.214689417219896761e-01
4.355972195163507754e-01
4.457437936875847662e-01
4.506585830130201975e-01
4.487286868943525242e-01
4.379012801453124326e-01
4.156041608790680963e-01
3.786720191337146213e-01
3.232908136119913567e-01
2.449780871721567166e-01
1.386227308060927754e-01
-1.386758119389315579e-03
-1.809129198939958272e-01
-4.056664065714579159e-01
-6.806233183386528607e-01
-1.009251644302971762e+00
-1.392561243780881863e+00
-1.828028778209486616e+00
-2.308494821443317857e+00
-2.821180194548300157e+00
-3.347012471316845428e+00
-3.860479243092148405e+00
-4.330217658744458298e+00
-4.720498253783691034e+00
-4.993659021640902473e+00
-5.113398369550109734e+00
-5.048661498460080388e+00
-4.777685126279990868e+00
-4.291640268993231366e+00
-3.597270775768379281e+00
-2.717993646153277876e+00
-1.693110881740816698e+00
-5.750588566378989075e-01
5.750588566342267338e-01
1.693110881613548058e+00
2.717993646085823389e+00
3.597270775993800740e+00
4.291640268829847393e+00
4.777685126655594416e+00
5.048661497811934851e+00
5.113398369352949224e+00
4.993659017650161402e+00
4.720498255325160208e+00
4.330217657761831873e+00
3.860479242471090977e+00
3.347012471034565895e+00
2.821180194237578931e+00
2.308494823391173512e+00
1.828028780612382720e+00
1.392561246761780724e+00
1.009251645097202221e+00
6.806233201069812333e-01
4.056664068379279842e-01
1.809129207506775250e-01
1.386759945951252437e-03
-1.386227297035231287e-01
-2.449780901877521011e-01
-3.232908141082560527e-01
-3.786720179842605338e-01
-4.156041618738684496e-01
-4.379012798590181665e-01
-4.487286877206032587e-01
-4.506585829786719510e-01
-4.457437941667256598e-01
-4.355972218969779708e-01
-4.214689411498565019e-01
-4.043163888411029361e-01
-3.848653873974340334e-01
-3.636614959923048507e-01
-3.411120762180429589e-01
-3.175200127165812569e-01
-2.931102878610095663e-01
-2.680505775097374865e-01
-2.424670114546052524e-01
-2.164560617606798854e-01
-1.900934041964363885e-01
-1.634404236331628291e-01
-1.365489238535209093e-01
-1.094644670752304982e-01
-8.222868693123132344e-02
-5.488085293061899239e-02
-2.745888565027690756e-02
-1.091178106519728414e-16
-9.998032382328770165e-18
3.059168708036968595e-02
6.114536138367816093e-02
9.162221939463814635e-02
1.219817286553081664e-01
1.521803850516108281e-01
1.821699840262281656e-01
2.118951970454517608e-01
2.412901791770889759e-01
2.702739097048215133e-01
2.987438245740732246e-01
3.265672977299210467e-01
3.535702782050058612e-01
3.795224501958857077e-01
4.041179659713441397e-01
4.269508396437134423e-01
4.474839346520489980e-01
4.650105599398703937e-01
4.786078080462072282e-01
4.870812436583631388e-01
4.889013658310892851e-01
4.821333775686368339e-01
4.643639997681803244e-01
4.326315092932582762e-01
3.833688977788943242e-01
3.123743891366325132e-01
2.148283731585777512e-01
8.538078520766541335e-02
-8.166334609862155314e-02
-2.920309593414942007e-01
-5.510143779976041101e-01
-8.628342433408215939e-01
-1.229832498271161922e+00
-1.651523266338465357e+00
-2.123565141199449169e+00
-2.636760598766174191e+00
-3.176230256937488949e+00
-3.720943154354894311e+00
-4.243797224756204578e+00
-4.712425999216655725e+00
-5.090848780850524058e+00
-5.341980315485531428e+00
-5.430879323908574641e+00
-5.328461574446870408e+00
-5.015260789596769797e+00
-4.484723256250520151e+00
-3.745500829091160000e+00
-2.822282103690718635e+00
-1.754873908896674051e+00
-5.954928741761954525e-01
5.954928741762087752e-01
1.754873908761022783e+00
2.822282103551857269e+00
3.745500829094420503e+00
4.484723256691305338e+00
5.015260789585671120e+00
5.328461575592575272e+00
5.430879323322544749e+00
5.341980315885991537e+00
5.090848781062389250e+00
4.712425999578884195e+00
4.243797224399967760e+00
3.720943154588775226e+00
3.176230256570691246e+00
2.636760599532502081e+00
2.123565141489911490e+00
1.651523266931260503e+00
1.229832498837652333e+00
8.628342422856479788e-01
5.510143789412605964e-01
2.920309548954265200e-01
8.166334609733681693e-02
-8.538078510175520219e-02
-2.148283727279766964e-01
-3.123743894149032529e-01
-3.833688988330911096e-01
-4.326315108399428344e-01
-4.643640063364322113e-01
-4.821333783958335895e-01
-4.889013635781397360e-01
-4.870812453790999697e-01
-4.786078072298270980e-01
-4.650105626494097089e-01
-4.474839346182455380e-01
-4.269508396653203808e-01
-4.041179654775364782e-01
-3.795224493084877748e-01
-3.535702781296065633e-01
-3.265672975388601573e-01
-2.987438256632822253e-01
-2.702739090482752515e-01
-2.412901797099540613e-01
-2.118951972870630196e-01
-1.821699848723627169e-01
-1.521803855750784029e-01
-1.219817284999863277e-01
-9.162221938767749208e-02
-6.114536132933914153e-02
-3.059168714055860230e-02
-1.280815206944000628e-16
-1.853841532985421599e-17
3.427462347787338381e-02
6.850666914714223510e-02
1.026520260358855380e-01
1.366633265627974769e-01
1.704878280915491928e-01
2.040646739564827838e-01
2.373212724466012558e-01
2.701684653471050912e-01
3.024941275436750510e-01
3.341547203570472968e-01
3.649642424256509532e-01
3.946799679589246268e-01
4.229841429417229848e-01
4.494609008925070648e-01
4.735674466511172187e-01
4.945987061227974380e-01
5.116447309952903977e-01
5.235405342170368348e-01
5.288087296440000529e-01
5.255962209762699011e-01
5.116080066899135748e-01
4.840430841177136290e-01
4.395404321483461496e-01
3.741465829632956708e-01
2.833201682327896043e-01
1.619932119796892722e-01
4.712204197815255714e-03
-1.941159770670809193e-01
-4.398490781217412326e-01
-7.370872700014434731e-01
-1.088997071182612020e+00
-1.496494265848915983e+00
-1.957325854896625472e+00
-2.465124217922671779e+00
-3.008543518166617581e+00
-3.570621396572371431e+00
-4.128531403944221800e+00
-4.653893071686916016e+00
-5.113778780340108909e+00
-5.472493983419597363e+00
-5.694110289781791678e+00
-5.745608092484513207e+00
-5.600354398467464634e+00
-5.241526437329262933e+00
-4.665020549399629957e+00
-3.881382354039319971e+00
-2.916372578833851481e+00
-1.809940727883276201e+00
-6.135959000571639121e-01
6.135959002552957564e-01
1.809940726878323414e+00
2.916372579832721357e+00
3.881382353881939640e+00
4.665020549976259367e+00
5.241526436732298677e+00
5.600354400978373448e+00
5.745608094125337573e+00
5.694110289841647798e+00
5.472493983516893756e+00
5.113778780337915997e+00
4.653893070992467962e+00
4.128531405434881840e+00
3.570621399270120566e+00
3.008543518515806703e+00
2.465124218606852935e+00
1.957325855786050228e+00
1.496494267003858347e+00
1.088997068953898584e+00
7.370872728275763563e-01
4.398490717074058920e-01
1.941159687517047816e-01
-4.712196447822659257e-03
-1.619932194485252108e-01
-2.833201701215020685e-01
-3.741465778950886500e-01
-4.395404417662999719e-01
-4.840430832004226636e-01
-5.116080055195875165e-01
-5.255962223811569967e-01
-5.288087267506438316e-01
-5.235405349856109281e-01
-5.116447319378100156e-01
-4.945987091692424231e-01
-4.735674454274407252e-01
-4.494608972799974955e-01
-4.229841439771957479e-01
-3.946799692788915959e-01
-3.649642414642816357e-01
-3.341547191426803565e-01
-3.024941257048412990e-01
-2.701684655833745397e-01
-2.373212709508597806e-01
-2.040646734873560186e-01
-1.704878286634418649e-01
-1.366633265572932965e-01
-1.026520261574094400e-01
-6.850666924542214709e-02
-3.427462355253976106e-02
-1.508378966742541140e-16
-2.900554226655580381e-17
3.858681310881705712e-02
7.711993626667654200e-02
1.155430574847349096e-01
1.537943782406355486e-01
1.918032520342906333e-01
2.294860389287942670e-01
2.667408703154893201e-01
3.034409394985899122e-01
3.394258950161623267e-01
3.744908473237300028e-01
4.083723640519793530e-01
4.407308787307119280e-01
4.711287348418667364e-01
4.990031788491258169e-01
5.236336402513511734e-01
5.441027022717782602e-01
5.592507336280084784e-01
5.676243010573575054e-01
5.674198349551686782e-01
5.564248980757675600e-01
5.319613547351333960e-01
4.908370484404881440e-01
4.293152943515838871e-01
3.431147840288065187e-01
2.274559154575469533e-01
7.717248157510736561e-02
-1.130903334610353361e-01
-3.485710561962811482e-01
-6.339626129452928804e-01
-9.728495177604917776e-01
-1.367015953994048738e+00
-1.815649129951101060e+00
-2.314487845388199183e+00
-2.854995740904935353e+00
-3.423668132993747726e+00
-4.001605098661396909e+00
-4.564494873413772247e+00
-5.083143061259865370e+00
-5.524648494647894204e+00
-5.854263637586717195e+00
-6.037887835051468421e+00
-6.045035944014980345e+00
-5.852017320908591280e+00
-5.444971835027033080e+00
-4.822362328135468168e+00
-3.996533436343778778e+00
-2.994024655799183421e+00
-1.854465911614067819e+00
-6.280693004627654341e-01
6.280693003144411923e-01
1.854465911526649080e+00
2.994024656258083894e+00
3.996533436911222648e+00
4.822362325854473220e+00
5.444971834964738022e+00
5.852017319720837385e+00
6.045035946877045596e+00
6.037887835063010300e+00
5.854263638631649336e+00
5.524648494475682625e+00
5.083143059300145872e+00
4.564494874627682997e+00
4.001605099617537853e+00
3.423668135236239252e+00
2.854995736964137887e+00
2.314487841149669212e+00
1.815649129928314842e+00
1.367015954020504687e+00
9.728495120962593612e-01
6.339626040674102292e-01
3.485710583183888600e-01
1.130903339254719503e-01
-7.717248113738579829e-02
-2.274559114328738862e-01
-3.431147832283815702e-01
-4.293152978168903178e-01
-4.908370536727291733e-01
-5.319613461444882008e-01
-5.564248976037459160e-01
-5.674198336893394590e-01
-5.676242993069955389e-01
-5.592507333059865138e-01
-5.441027035465140216e-01
-5.236336409752438970e-01
-4.990031805724964853e-01
-4.711287344173206160e-01
-4.407308798417964857e-01
-4.083723642706530987e-01
-3.744908484358699940e-01
-3.394258966777647935e-01
-3.034409398220624388e-01
-2.667408691540325560e-01
-2.294860394851746255e-01
-1.918032519300595373e-01
-1.537943780555331430e-01
-1.155430571492230690e-01
-7.711993637785458100e-02
-3.858681295854453353e-02
-1.779535924619362105e-16
-4.156181141446910911e-17
4.357334252031383470e-02
8.707027272083874003e-02
1.304102111062185598e-01
1.735039336498865881e-01
2.162485082490629984e-01
2.585212490402403751e-01
3.001723956414069083e-01
3.410160407421041207e-01
3.808188694702469568e-01
4.192862338128428012e-01
4.560448758253891066e-01
4.906219629994344467e-01
5.224195229324497536e-01
5.506841166140801214e-01
5.744711660060181080e-01
5.926040253041051642e-01
6.036282150412815017e-01
6.057620117045976471e-01
5.968457045187582910e-01
5.742931185632910163e-01
5.350510917151448664e-01
4.755743579482040739e-01
3.918265388943668048e-01
2.793197621229167593e-01
1.332084745045957475e-01
-5.154573884706943609e-02
-2.799211844100795710e-01
-5.564801111962230928e-01
-8.849006765166853583e-01
-1.267396854683643159e+00
-1.704041676475316791e+00
-2.192027434920008844e+00
-2.724919813285528125e+00
-3.291986291804530396e+00
-3.877701205496312920e+00
-4.461543893093281810e+00
-5.018207874957996140e+00
-5.518322674925512317e+00
-5.929751571150805312e+00
-6.219468724446192809e+00
-6.355940685682083036e+00
-6.311849742290659648e+00
-6.066913331591203828e+00
-5.610490015115171758e+00
-4.943635821367439398e+00
-4.080294973903084710e+00
-3.047383063356503996e+00
-1.883641448957750431e+00
-6.372948025577330755e-01
6.372948025577460651e-01
1.883641448801919527e+00
3.047383063384370150e+00
4.080294973508844514e+00
4.943635821410204301e+00
5.610490014896667432e+00
6.066913331322554725e+00
6.311849755701557818e+00
6.355940683205279385e+00
6.219468723894170381e+00
5.929751571943155497e+00
5.518322675410225031e+00
5.018207876648576260e+00
4.461543891963505537e+00
3.877701204839432592e+00
3.291986291451155289e+00
2.724919815035410142e+00
2.192027434945751807e+00
1.704041677076845618e+00
1.267396854320621991e+00
8.849006763951079435e-01
5.564801085222632615e-01
2.799211829178459565e-01
5.154573859658344304e-02
-1.332084727502984289e-01
-2.793197622404119951e-01
-3.918265372004304803e-01
-4.755743566694280999e-01
-5.350510923137143937e-01
-5.742931268736147787e-01
-5.968457020235186095e-01
-6.057620092267711476e-01
-6.036282149928277052e-01
-5.926040274743756830e-01
-5.744711655307070952e-01
-5.506841149609865704e-01
-5.224195217923305323e-01
-4.906219623609812674e-01
-4.560448769674784741e-01
-4.192862330975307694e-01
-3.808188735835688066e-01
-3.410160404439738224e-01
-3.001723964731263794e-01
-2.585212463785278025e-01
-2.162485072172054268e-01
-1.735039353331349066e-01
-1.304102106312321763e-01
-8.707027312395707042e-02
-4.357334260818811894e-02
-2.097682443047423718e-16
-5.609508346453745529e-17
4.918583256731073189e-02
9.825298086289707689e-02
1.470764859424748550e-01
1.955184861541626185e-01
2.434208832829256319e-01
2.905969097052751304e-01
3.368212182461270965e-01
3.818180510531927196e-01
4.252470169428360092e-01
4.666860625591180423e-01
5.056111169297093921e-01
5.413720048883057245e-01
5.731643105075919786e-01
5.999970332388956384e-01
6.206561494055643502e-01
6.336647327392687101e-01
6.372408293831505199e-01
6.292551325027849751e-01
6.071919349054565318e-01
5.681178664545584178e-01
5.086651170899066932e-01
4.250372191986421799e-01
3.130481151196480294e-01
1.682064454284986355e-01
-1.414160502093562283e-02
-2.385974452862659745e-01
-5.094113965568716207e-01
-8.300924031274168335e-01
-1.202925375159564325e+00
-1.628405900727797340e+00
-2.104615640090593764e+00
-2.626579283525504849e+00
-3.185661610642811947e+00
-3.769080966958666234e+00
-4.359629011982155689e+00
-4.935691980099987219e+00
-5.471662309533649626e+00
-5.938808212061213787e+00
-6.306630364425801716e+00
-6.544681428506136989e+00
-6.624759243013716770e+00
-6.523316358286611383e+00
-6.223868046405330645e+00
-5.719139452320844974e+00
-5.012681358117305308e+00
-4.119710685510550086e+00
-3.066997861173765827e+00
-1.891723167552572971e+00
-6.393457454389035455e-01
6.393457454971492870e-01
1.891723165909790838e+00
3.066997861496443711e+00
4.119710684416107327e+00
5.012681360669197339e+00
5.719139453533377271e+00
6.223868044495437957e+00
6.523316355413278700e+00
6.624759246060500040e+00
6.544681427831355869e+00
6.306630361240513238e+00
5.938808211508324497e+00
5.471662311268255863e+00
4.935691980578278404e+00
4.359629013489209726e+00
3.769080967024752926e+00
3.185661609537147498e+00
2.626579285089660321e+00
2.104615641781943491e+00
1.628405903980139957e+00
1.202925375487535531e+00
8.300923978458477626e-01
5.094113978426796363e-01
2.385974440244472972e-01
1.414160048504494761e-02
-1.682064459174262561e-01
-3.130481162384908256e-01
-4.250372147706887316e-01
-5.086651158449976284e-01
-5.681178600013810920e-01
-6.071919270726858775e-01
-6.292551318658139436e-01
-6.372408322429411465e-01
-6.336647389837994915e-01
-6.206561500005832732e-01
-5.999970341169544863e-01
-5.731643111132765922e-01
-5.413719990050951392e-01
-5.056111179029191272e-01
-4.666860619068045613e-01
-4.252470168698205821e-01
-3.818180514782806290e-01
-3.368212199686962394e-01
-2.905969107704542975e-01
-2.434208827452782886e-01
-1.955184867867484910e-01
-1.470764862110806037e-01
-9.825298101312134047e-02
-4.918583201885928097e-02
-2.459881019831452138e-16
-7.187476765308247876e-17
5.516774151588735992e-02
1.101433262142054031e-01
1.647256417025027286e-01
2.186952864754434234e-01
2.718044646037133805e-01
3.237657376310242308e-01
3.742391985072444638e-01
4.228177663540238496e-01
4.690100647154435975e-01
5.122206896128606024e-01
5.517275339726236405e-01
5.866560009114383245e-01
6.159500580472614395e-01
6.383406921075609475e-01
6.523122250491262264e-01
6.560679021998050420e-01
6.474968449379148172e-01
6.241451171900885830e-01
5.831952603936179091e-01
5.214594237323024739e-01
4.353931109142461509e-01
3.211374672097980221e-01
1.745997965352634462e-01
-8.417882665871092435e-03
-2.320320882558583875e-01
-5.000243446416984261e-01
-8.155153166994760783e-01
-1.180566094261918497e+00
-1.595713825105772310e+00
-2.059458736521257549e+00
-2.567731892066025257e+00
-3.113386107277104742e+00
-3.685765865274294839e+00
-4.270422696513383798e+00
-4.849048097997914475e+00
-5.399696063215599473e+00
-5.897352804869307796e+00
-6.314891271186487742e+00
-6.624410870767748705e+00
-6.798919529153206298e+00
-6.814264894363780023e+00
-6.651171458589295149e+00
-6.297202128485865025e+00
-5.748436971847347365e+00
-5.010663686730882027e+00
-4.099901962538130995e+00
-3.042139920393843067e+00
-1.872239551610172859e+00
-6.320599831388840073e-01
6.320599831317401662e-01
1.872239550701242372e+00
3.042139920234685047e+00
4.099901962255843912e+00
5.010663687636643715e+00
5.748436970440845784e+00
6.297202128283120537e+00
6.651171460518361833e+00
6.814264895352481588e+00
6.798919532415410139e+00
6.624410870551098895e+00
6.314891266973772233e+00
5.897352806385208090e+00
5.399696063318964789e+00
4.849048100111829740e+00
4.270422692575821522e+00
3.685765865581472234e+00
3.113386105112506907e+00
2.567731895462028291e+00
2.059458737342141355e+00
1.595713824135010839e+00
1.180566096164749057e+00
8.155153166604441894e-01
5.000243451558417096e-01
2.320320892555807479e-01
8.417884440604265356e-03
-1.745997934716885247e-01
-3.211374663322648093e-01
-4.353931143356869482e-01
-5.214594307634708992e-01
-5.831952632204365772e-01
-6.241451055733204800e-01
-6.474968462494540278e-01
-6.560679075680843075e-01
-6.523122264626487476e-01
-6.383406950575245542e-01
-6.159500583317358835e-01
-5.866559939344917485e-01
-5.517275452953274151e-01
-5.122206886170578288e-01
-4.690100654126673763e-01
-4.228177703125950426e-01
-3.742392021550230985e-01
-3.237657355002920290e-01
-2.718044645040681995e-01
-2.186952870263883797e-01
-1.647256420969116786e-01
-1.101433262755141251e-01
-5.516774160502460611e-02
-2.849000238135165168e-16
-8.693277059062339776e-17
6.084842679407306831e-02
1.213846742129357920e-01
1.812845500893905393e-01
2.401994719321169924e-01
2.977433830976823348e-01
3.534785900946008641e-01
4.069002093868069880e-01
4.574189572281619487e-01
5.043420354781220638e-01
5.468519901871706779e-01
5.839835120635152865e-01
6.145985008206182876e-01
6.373597028233131123e-01
6.507039461815183889e-01
6.528161370845829703e-01
6.416060386507171920e-01
6.146904994054702698e-01
5.693844848397076053e-01
5.027054750497529367e-01
4.113964104176736636e-01
2.919737419610924922e-01
1.408070752165627437e-01
-4.576199732414370364e-02
-2.712551547494758131e-01
-5.388410764525677354e-01
-8.510643732042354470e-01
-1.209520384662189807e+00
-1.614481990983624549e+00
-2.064491231946158578e+00
-2.555937679190933398e+00
-3.082653887647456958e+00
-3.635567898441789847e+00
-4.202460209419526471e+00
-4.767877485595632514e+00
-5.313255221335800194e+00
-5.817295333059210094e+00
-6.256630805591674616e+00
-6.606787834836150175e+00
-6.843427017967248283e+00
-6.943811362918957286e+00
-6.888413548448305335e+00
-6.662542788452539000e+00
-6.257847992545858773e+00
-5.673543662763639084e+00
-4.917212267826962524e+00
-4.005062928925704924e+00
-2.961570433256966783e+00
-1.818477158947414241e+00
-6.132056550160834840e-01
6.132056552174954822e-01
1.818477159542260413e+00
2.961570432367848227e+00
4.005062928542835188e+00
4.917212268850403412e+00
5.673543661979664421e+00
6.257847991872117710e+00
6.662542790388796377e+00
6.888413547602461939e+00
6.943811362863485215e+00
6.843427020649356152e+00
6.606787838354721387e+00
6.256630802017471460e+00
5.817295328828901546e+00
5.313255226991478786e+00
4.767877485920121394e+00
4.202460211602120133e+00
3.635567903488868158e+00
3.082653885788029680e+00
2.555937679504137083e+00
2.064491229629361602e+00
1.614481992286368461e+00
1.209520380727209021e+00
8.510643652241870472e-01
5.388410707522612864e-01
2.712551528918810684e-01
4.576200315535504382e-02
-1.408070713843231903e-01
-2.919737467471329451e-01
-4.113964119563476296e-01
-5.027054733346743021e-01
-5.693844856339055349e-01
-6.146904950311645743e-01
-6.416060394831144542e-01
-6.528161344858626203e-01
-6.507039474156378622e-01
-6.373597025813623196e-01
-6.145985014179236039e-01
-5.839835049813351109e-01
-5.468519899967158038e-01
-5.043420344932240118e-01
-4.574189578439560866e-01
-4.069002027626041351e-01
-3.534785890924697083e-01
-2.977433827587453452e-01
-2.401994733035847096e-01
-1.812845499587921738e-01
-1.213846743414363494e-01
-6.084842699904235985e-02
-3.219576766925121991e-16
-9.703921279776470823e-17
6.480311176414814411e-02
1.291110873847867990e-01
1.924139580489420964e-01
2.541718131054278018e-01
3.137991999540885590e-01
3.706487662153135076e-01
4.239940325696065493e-01
4.730111577645383925e-01
5.167597358720456002e-01
5.541628046773501293e-01
5.839863566573343379e-01
6.048190524457759398e-01
6.150529542790208470e-01
6.128666771052092566e-01
5.962125977841613578e-01
5.628106386371408698e-01
5.101510591935493055e-01
4.355102731846261510e-01
3.359832069406762378e-01
2.085370222727841172e-01
5.009068888193444341e-02
-1.423745957194715583e-01
-3.716704179683777420e-01
-6.402181111656708445e-01
-9.498270430204437398e-01
-1.301435830707038610e+00
-1.694822139204277267e+00
-2.128291705417323598e+00
-2.598362204456302393e+00
-3.099464154154451201e+00
-3.623686453060741997e+00
-4.160598933841732183e+00
-4.697187607185280278e+00
-5.217938005557532399e+00
-5.705098697870271351e+00
-6.139148272761637770e+00
-6.499476607506575299e+00
-6.765272637194583716e+00
-6.916590425349766313e+00
-6.935541654977487092e+00
-6.807541033404792330e+00
-6.522512375063056034e+00
-6.075952265106000283e+00
-5.469746047741685935e+00
-4.712641146725318642e+00
-3.820304045182254082e+00
-2.814919766562610004e+00
-1.724332440678243206e+00
-5.807691782986346141e-01
5.807691784955681946e-01
1.724332439926206328e+00
2.814919766505460164e+00
3.820304047259587943e+00
4.712641143926640908e+00
5.469746048124087601e+00
6.075952265663652874e+00
6.522512374333103935e+00
6.807541029499926566e+00
6.935541656285332479e+00
6.916590432417568657e+00
6.765272641058244218e+00
6.499476616351097746e+00
6.139148269694914006e+00
5.705098687670681734e+00
5.217938008321267418e+00
4.697187608294205674e+00
4.160598934205878230e+00
3.623686453231382831e+00
3.099464153525349097e+00
2.598362198554172053e+00
2.128291707057099025e+00
1.694822135417938913e+00
1.301435823320836072e+00
9.498270436650499970e-01
6.402181120996471853e-01
3.716704175887823869e-01
1.423745966707831434e-01
-5.009070232102523501e-02
-2.085370200208250258e-01
-3.359832094688332549e-01
-4.355102748698135851e-01
-5.101510603752424933e-01
-5.628106372866197304e-01
-5.962126103219426154e-01
-6.128666750929776530e-01
-6.150529603004303292e-01
-6.048190526522917443e-01
-5.839863573036269129e-01
-5.541628046982279843e-01
-5.167597380480373204e-01
-4.730111555614546215e-01
-4.239940336181887703e-01
-3.706487689074166036e-01
-3.137991989514972713e-01
-2.541718141652958285e-01
-1.924139577889940889e-01
-1.291110884697567740e-01
-6.480311168622485130e-02
-3.474433098787106903e-16
-9.419418943749074392e-17
6.435326131072428846e-02
1.279568728296990587e-01
1.900449966350967745e-01
2.498193550842118249e-01
3.064328500073789097e-01
3.589730876139904381e-01
4.064458326458277870e-01
4.477586097741799165e-01
4.817047061289141396e-01
5.069481058910297877e-01
5.220099638065642811e-01
5.252575174500794253e-01
5.148968034411054440e-01
4.889703600907574499e-01
4.453621008960241268e-01
3.818112746677723157e-01
2.959381317921850330e-01
1.852839532404551015e-01
4.736835853117237621e-02
-1.202333149005722496e-01
-3.197900599412782374e-01
-5.532907186459500304e-01
-8.222942029151828480e-01
-1.127754969269986640e+00
-1.469826592186960657e+00
-1.847648570536856827e+00
-2.259124883455879917e+00
-2.700705738500714048e+00
-3.167187934161530549e+00
-3.651552078047652472e+00
-4.144857661781035318e+00
-4.636218307879698131e+00
-5.112879269965437068e+00
-5.560416664797704023e+00
-5.963072798062301061e+00
-6.304234392332324965e+00
-6.567049937919820835e+00
-6.735169820079818237e+00
-6.793579809217176191e+00
-6.729484407155335468e+00
-6.533185274656316821e+00
-6.198891338737075429e+00
-5.725393627856723455e+00
-5.116540606167145455e+00
-4.381458926242311591e+00
-3.534480400022212976e+00
-2.594757235970705622e+00
-1.585572459794696965e+00
-5.333785343248421684e-01
5.333785342100682003e-01
1.585572459671872547e+00
2.594757236243395049e+00
3.534480400570254144e+00
4.381458925592028208e+00
5.116540606403967573e+00
5.725393628697330151e+00
6.198891337947501690e+00
6.533185275368454725e+00
6.729484408242337956e+00
6.793579813654353927e+00
6.735169821070940976e+00
6.567049932044660032e+00
6.304234394684004705e+00
5.963072797097622058e+00
5.560416663769932377e+00
5.112879270842429769e+00
4.636218303272187313e+00
4.144857658447145710e+00
3.651552078477932728e+00
3.167187934538978844e+00
2.700705745164051041e+00
2.259124879247548900e+00
1.847648570892129971e+00
1.469826586656063805e+00
1.127754969798277163e+00
8.222942009628917415e-01
5.532907284076087340e-01
3.197900607101322179e-01
1.202333130587590476e-01
-4.736836172497986552e-02
-1.852839530787329103e-01
-2.959381343972938283e-01
-3.818112721378286722e-01
-4.453620966099819389e-01
-4.889703601552685686e-01
-5.148968014732614451e-01
-5.252575152318416096e-01
-5.220099639230260102e-01
-5.069481065594049207e-01
-4.817047060641411194e-01
-4.477586096806142058e-01
-4.064458330056013868e-01
-3.589730851246752397e-01
-3.064328499698713570e-01
-2.498193555822325329e-01
-1.900449965934859764e-01
-1.279568731276764515e-01
-6.435326167500023120e-02
-3.430257529770093492e-16
-6.480530903601443241e-17
5.496468113092511931e-02
1.088728130413229994e-01
1.606536392180499540e-01
2.092081865653862283e-01
2.533956525272338389e-01
2.920204991033821251e-01
3.238204485281239164e-01
3.474560257316998690e-01
3.615019414716718615e-01
3.644411287915023112e-01
3.546622369046638634e-01
3.304614300900708956e-01
2.900498818666251699e-01
2.315678679048768784e-01
1.531073325659969842e-01
5.274413746403970593e-02
-7.141847448344720850e-02
-2.211936016609404310e-01
-3.982405948400155049e-01
-6.039800142701098329e-01
-8.394938762304604563e-01
-1.105411330430172479e+00
-1.401781762678711685e+00
-1.727938241515990292e+00
-2.082355835608879158e+00
-2.462511263211038859e+00
-2.864751777408072186e+00
-3.284183217969613100e+00
-3.714588426259907816e+00
-4.148388319794960921e+00
-4.576658129350517967e+00
-4.989210535244085420e+00
-5.374756051716776284e+00
-5.721147155310403853e+00
-6.015709047012007815e+00
-6.245653548018377244e+00
-6.398566383567874993e+00
-6.462951135356839849e+00
-6.428805313087196716e+00
-6.288198423898411882e+00
-6.035816777425933033e+00
-5.669437027249753847e+00
-5.190291387776256649e+00
-4.603290262721249526e+00
-3.917075753703670671e+00
-3.143888818400875529e+00
-2.299245519758764456e+00
-1.401431277867330349e+00
-4.708358280375845584e-01
4.708358283079744910e-01
1.401431277125127162e+00
2.299245520268510035e+00
3.143888818903962878e+00
3.917075754783548192e+00
4.603290262344411410e+00
5.190291386078127900e+00
5.669437027628902115e+00
6.035816768366572660e+00
6.288198423362343803e+00
6.428805308344455405e+00
6.462951136376261729e+00
6.398566382200685076e+00
6.245653541207448534e+00
6.015709044695328522e+00
5.721147155534972661e+00
5.374756056962281647e+00
4.989210533785408686e+00
4.576658120617090653e+00
4.148388322554656504e+00
3.714588419108315609e+00
3.284183218072982857e+00
2.864751776591915267e+00
2.462511266885770933e+00
2.082355834838548247e+00
1.727938239452905478e+00
1.401781762753228078e+00
1.105411322102293870e+00
8.394938827988873697e-01
6.039800215174362386e-01
3.982405969789383771e-01
2.211936002262616663e-01
7.141847319336548650e-02
-5.274414000438189254e-02
-1.531073339222260854e-01
-2.315678682450904302e-01
-2.900498869331369911e-01
-3.304614395968838991e-01
-3.546622395271816774e-01
-3.644411350270693184e-01
-3.615019324632743336e-01
-3.474560253841985080e-01
-3.238204496886539774e-01
-2.920204988585926587e-01
-2.533956557709736157e-01
-2.092081862991556629e-01
-1.606536389106180129e-01
-1.088728129549249579e-01
-5.496468057457309236e-02
-2.776022045575482432e-16
1.164796455476143401e-17
2.981007513067780376e-02
5.828710344806932453e-02
8.409088201661722717e-02
1.058672894750583293e-01
1.222424011139102151e-01
1.318177722263300100e-01
1.331675809591832405e-01
1.248378980120619097e-01
1.053489912523535854e-01
7.320089130017043422e-02
2.688315261073589979e-02
-3.511049413832137422e-02
-1.142620820371346435e-01
-2.120031744032055132e-01
-3.296815419576710759e-01
-4.685208778748226610e-01
-6.295724140854287443e-01
-8.136591615973555180e-01
-1.021312447594003858e+00
-1.252701799697949259e+00
-1.507559548066164989e+00
-1.785101595052059675e+00
-2.083947733024068771e+00
-2.402044122690819350e+00
-2.736592772954086428e+00
-3.083992606474424747e+00
-3.439797477929723790e+00
-3.798697464818614922e+00
-4.154528844533064813e+00
-4.500319225261438127e+00
-4.828371929310775634e+00
-5.130394297963873917e+00
-5.397670780905558630e+00
-5.621281758478468227e+00
-5.792363919768756197e+00
-5.902406400098361594e+00
-5.943573588054823276e+00
-5.909041272338912520e+00
-5.793331782298033694e+00
-5.592630363654634174e+00
-5.305064234479567986e+00
-4.930926278771050164e+00
-4.472826182645786908e+00
-3.935754941515661187e+00
-3.327052466405536979e+00
-2.656273452546817904e+00
-1.934952371656426529e+00
-1.176274792588395401e+00
-3.946683075089834070e-01
3.946683075878794078e-01
1.176274792804878899e+00
1.934952371928531090e+00
2.656273453356809089e+00
3.327052465621086697e+00
3.935754941849862298e+00
4.472826182084425284e+00
4.930926272639108099e+00
5.305064232141885938e+00
5.592630363330360233e+00
5.793331784046618083e+00
5.909041271905250525e+00
5.943573586550272125e+00
5.902406404323353506e+00
5.792363920280479306e+00
5.621281759252135579e+00
5.397670778974137384e+00
5.130394296910896657e+00
4.828371927922187723e+00
4.500319218730875370e+00
4.154528851554285751e+00
3.798697466406550483e+00
3.439797476397959297e+00
3.083992608784629663e+00
2.736592780631744048e+00
2.402044116075908509e+00
2.083947728796169852e+00
1.785101606887543157e+00
1.507559549662314424e+00
1.252701798756558738e+00
1.021312447022417302e+00
8.136591594730409049e-01
6.295724113647540587e-01
4.685208779682020763e-01
3.296815437206505051e-01
2.120031743730690921e-01
1.142620816687921759e-01
3.511049331905134741e-02
-2.688315281669485454e-02
-7.320089039633273509e-02
-1.053489908874190167e-01
-1.248378988751360913e-01
-1.331675807982646842e-01
-1.318177733246943817e-01
-1.222424017317546158e-01
-1.058672876220812659e-01
-8.409088218741407605e-02
-5.828710356999778491e-02
-2.981007465957588587e-02
-1.042512650275588798e-16
1.615327130587308655e-16
-1.986374234370193170e-02
-4.111219253540297769e-02
-6.512573476621377755e-02
-9.327574333817696683e-02
-1.269190790514554690e-01
-1.673914588757040856e-01
-2.159992767714132011e-01
-2.740095459254181520e-01
-3.426375451707103781e-01
-4.230321429812050060e-01
-5.162579519986869592e-01
-6.232748634507725427e-01
-7.449142981100359551e-01
-8.818522884712313159e-01
-1.034579841432834435e+00
-1.203370207709447026e+00
-1.388244154948569564e+00
-1.588933742779753189e+00
-1.804845279545028491e+00
-2.035022804987785427e+00
-2.278113710324752628e+00
-2.532337732481740655e+00
-2.795461811303419086e+00
-3.064782238041201534e+00
-3.337116955435333487e+00
-3.608809851592274853e+00
-3.875749371270315713e+00
-4.133403671821205272e+00
-4.376873363649839810e+00
-4.600963607464088945e+00
-4.800275903344489947e+00
-4.969318290684977768e+00
-5.102634241905930068e+00
-5.194946160707593741e+00
-5.241311154998512301e+00
-5.237283596838250510e+00
-5.179079806477241199e+00
-5.063737434094806034e+00
-4.889263400330440490e+00
-4.654762713648079142e+00
-4.360541567869568702e+00
-4.008177663053821504e+00
-3.600552907800471214e+00
-3.141844345709478237e+00
-2.637470637118391803e+00
-2.093994360412030797e+00
-1.518981768316464809e+00
-9.208241115965938306e-01
-3.085266713694500562e-01
3.085266713694562735e-01
9.208241115582627145e-01
1.518981767266488259e+00
2.093994362154315780e+00
2.637470635971032262e+00
3.141844346250375786e+00
3.600552906552074273e+00
4.008177661963162386e+00
4.360541568412277691e+00
4.654762711395589392e+00
4.889263404023539650e+00
5.063737434718505348e+00
5.179079807422585446e+00
5.237283596507236183e+00
5.241311162916702848e+00
5.194946158214121645e+00
5.102634241827137984e+00
4.969318289816767376e+00
4.800275904595486587e+00
4.600963606716211629e+00
4.376873362811557477e+00
4.133403667807437287e+00
3.875749371747410521e+00
3.608809845867777977e+00
3.337116959214495804e+00
3.064782241597417300e+00
2.795461804807953587e+00
2.532337732723066726e+00
2.278113697974866181e+00
2.035022809266154198e+00
1.804845278952387666e+00
1.588933743576186330e+00
1.388244152791453301e+00
1.203370209536970048e+00
1.034579839860056305e+00
8.818522942662426756e-01
7.449142957746036631e-01
6.232748626577009343e-01
5.162579501072570576e-01
4.230321438557445579e-01
3.426375487116137264e-01
2.740095466600356855e-01
2.159992765480264754e-01
1.673914580398855878e-01
1.269190806731118615e-01
9.327574362808170594e-02
6.512573453039771643e-02
4.111219063993092060e-02
1.986374235282283365e-02
2.372994901557903391e-16
4.103693378960131752e-16
-1.025081936709258401e-01
-2.058871767963648680e-01
-3.109946843805921346e-01
-4.186622674641211073e-01
-5.296820191234514752e-01
-6.447930913440410583e-01
-7.646680327324495430e-01
-8.898987250602760080e-01
-1.020982335415680398e+00
-1.158306829197465859e+00
-1.302136638510046573e+00
-1.452598248503272904e+00
-1.609666251110944080e+00
-1.773149683442370339e+00
-1.942679308073070210e+00
-2.117696414226518886e+00
-2.297442598591534324e+00
-2.480952250162663297e+00
-2.667047483711774358e+00
-2.854335637808484982e+00
-3.041211339587357010e+00
-3.225862026325827081e+00
-3.406278412861736715e+00
-3.580269944704325358e+00
-3.745486058910012073e+00
-3.899442128903918281e+00
-4.039552737171819174e+00
-4.163169096629680155e+00
-4.267622552589334539e+00
-4.350273574108870278e+00
-4.408563470569598408e+00
-4.440070877896671320e+00
-4.442569267030304303e+00
-4.414085855867835306e+00
-4.352958589317740490e+00
-4.257892072576915155e+00
-4.128007402333469855e+00
-3.962887226719360445e+00
-3.762611964532598829e+00
-3.527787019894197407e+00
-3.259558430312061716e+00
-2.959616897475851438e+00
-2.630188661374897485e+00
-2.274013080978132262e+00
-1.894306979800357338e+00
-1.494716275394341709e+00
-1.079255750453248064e+00
-6.522388081641923296e-01
-2.181983509602090088e-01
2.181983509602132276e-01
6.522388078440789494e-01
1.079255751367861338e+00
1.494716275395428839e+00
1.894306979800353563e+00
2.274013082245657014e+00
2.630188661793750438e+00
2.959616898291814291e+00
3.259558431549506974e+00
3.527787022754349966e+00
3.762611966839137345e+00
3.962887226729817858e+00
4.128007402334938902e+00
4.257892072571620723e+00
4.352958590095282965e+00
4.414085855865637953e+00
4.442569264296703402e+00
4.440070877895222701e+00
4.408563470571417398e+00
4.350273574111571229e+00
4.267622549523579778e+00
4.163169096628117849e+00
4.039552799792581972e+00
3.899442132192163957e+00
3.745486058915397543e+00
3.580269946204394316e+00
3.406278412847224768e+00
3.225862026323690124e+00
3.041211339582896134e+00
2.854335637811941329e+00
2.667047483715163203e+00
2.480952250296330153e+00
2.297442598585407225e+00
2.117696414222659307e+00
1.942679310689991112e+00
1.773149683436416213e+00
1.609666251813750115e+00
1.452598248954217963e+00
1.302136638515562606e+00
1.158306829200066890e+00
1.020982335414936770e+00
8.898987333585551829e-01
7.646680327334147709e-01
6.447930970856340371e-01
5.296820191204311135e-01
4.186622674630895435e-01
3.109946843800022176e-01
2.058871767949679021e-01
1.025081936717558706e-01
8.054061779916830040e-16
7.674383846529269357e-16
-2.211703959724262425e-01
-4.416837210222913646e-01
-6.608820251840235027e-01
-8.781056588913824790e-01
-1.092692544679095379e+00
-1.303977610330188108e+00
-1.511292418079480449e+00
-1.713965065341649607e+00
-1.911320312768591378e+00
-2.102680105887092754e+00
-2.287364432949655857e+00
-2.464692467437765266e+00
-2.633984343369554892e+00
-2.794563120664240952e+00
-2.945757290033551357e+00
-3.086903681573523350e+00
-3.217350791384599340e+00
-3.336462509557929224e+00
-3.443622224743477123e+00
-3.538237273262962113e+00
-3.619743690838693517e+00
-3.687611218569623706e+00
-3.741348506243385330e+00
-3.780508395444413416e+00
-3.804693541337011542e+00
-3.813561515090310383e+00
-3.806830134547086519e+00
-3.784282827705296004e+00
-3.745773295613372245e+00
-3.691230081795945583e+00
-3.620660658594094805e+00
-3.534155000134453051e+00
-3.431888561574036434e+00
-3.314124591283929444e+00
-3.181215709990917073e+00
-3.033604698401865640e+00
-2.871824445716246288e+00
-2.696497021894042945e+00
-2.508331850057649248e+00
-2.308122966408383103e+00
-2.096745371574752159e+00
-1.875150489835252898e+00
-1.644360766875790913e+00
-1.405463451968975264e+00
-1.159603623092045011e+00
-9.079765270383368669e-01
-6.518193179964423267e-01
-3.924022888021900801e-01
-1.310196978805602819e-01
1.310196978805623358e-01
3.924022888013641297e-01
6.518193179964421047e-01
9.079765270388265863e-01
1.159603623094845659e+00
1.405463451968584687e+00
1.644360766874811919e+00
1.875150489836247880e+00
2.096745371588985662e+00
2.308122966416211952e+00
2.508331850064422497e+00
2.696497021905374769e+00
2.871824445709793672e+00
3.033604698406648481e+00
3.181215709984164697e+00
3.314124591289462796e+00
3.431888561541328375e+00
3.534155000116355083e+00
3.620660658598445103e+00
3.691230081794511175e+00
3.745773295613541443e+00
3.784282827714075648e+00
3.806830134549206601e+00
3.813561515081273612e+00
3.804693539225474375e+00
3.780508396201458954e+00
3.741348506238165061e+00
3.687611218602319330e+00
3.619743690860491636e+00
3.538237273228128643e+00
3.443622224753096539e+00
3.336462509561010314e+00
3.217350791405715782e+00
3.086903681563538004e+00
2.945757290035951215e+00
2.794563120659042887e+00
2.633984343351516877e+00
2.464692467438326595e+00
2.287364432954142046e+00
2.102680128475435506e+00
1.911320312434163782e+00
1.713965065476855676e+00
1.511292418371944279e+00
1.303977607537347483e+00
1.092692544537722021e+00
8.781056585982954799e-01
6.608820251501505982e-01
4.416837205529555721e-01
2.211703963783701599e-01
1.621399504115480805e-15
1.202861573434658472e-15
-3.659191781626191520e-01
-7.282738659297679495e-01
-1.083560662349205561e+00
-1.428396770460002463e+00
-1.759576413819965657e+00
-2.074122748289064511e+00
-2.369334016729092163e+00
-2.642822892144819580e+00
-2.892548195872739036e+00
-3.116838427450040250e+00
-3.314406789711635160e+00
-3.484357688876743353e+00
-3.626184882119734887e+00
-3.739761888057581363e+00
-3.825324829651083558e+00
-3.883449398756784632e+00
-3.915021750235947895e+00
-3.921205486045451938e+00
-3.903404935743300275e+00
-3.863226444346376631e+00
-3.802438103339738085e+00
-3.722929702689517839e+00
-3.626673112010087685e+00
-3.515684276057746249e+00
-3.391987446484335145e+00
-3.257582144833464977e+00
-3.114413387273793354e+00
-2.964345388534911141e+00
-2.809138962830968644e+00
-2.650432715999823774e+00
-2.489727946749071386e+00
-2.328377198880462018e+00
-2.167576248037669018e+00
-2.008359311875660413e+00
-1.851597206659996164e+00
-1.697998147300653793e+00
-1.548110878064563822e+00
-1.402329861893800933e+00
-1.260902185959615673e+00
-1.123935912939207027e+00
-9.914096337774107592e-01
-8.631829702765286827e-01
-7.390078133411182026e-01
-6.185401400266841154e-01
-5.013522518566416730e-01
-3.869453056338007513e-01
-2.747620572043276144e-01
-1.641997371393365268e-01
-5.462301071414114861e-02
5.462301071414238374e-02
1.641997370813620405e-01
2.747620570937325257e-01
3.869453055381921747e-01
5.013522511298829087e-01
6.185401401476534611e-01
7.390078142580477349e-01
8.631829718560817266e-01
9.914096359122279711e-01
1.123935912699481232e+00
1.260902184522146863e+00
1.402329862382852843e+00
1.548110875866337999e+00
1.697998146302217348e+00
1.851597207291846292e+00
2.008359311850162143e+00
2.167576247086311803e+00
2.328377197879262006e+00
2.489727946884672694e+00
2.650432715810414397e+00
2.809138963442564751e+00
2.964345387598365189e+00
3.114413384933048867e+00
3.257582143466450031e+00
3.391987446895429859e+00
3.515684275881023169e+00
3.626673110532753874e+00
3.722929703017847203e+00
3.802438102886190663e+00
3.863226445898856554e+00
3.903404936430109107e+00
3.921205484998232293e+00
3.915021749771166348e+00
3.883449397086593979e+00
3.825324830160688805e+00
3.739761887103203453e+00
3.626184884896527016e+00
3.484357689033019234e+00
3.314406790342766751e+00
3.116838427495508768e+00
2.892548195158136437e+00
2.642822890527499968e+00
2.369334017287817673e+00
2.074122748977202946e+00
1.759576413507578874e+00
1.428396770129925608e+00
1.083560661625126098e+00
7.282738658092774431e-01
3.659191782716954000e-01
2.617313825471634323e-15
1.628570968548675773e-15
-5.075901137269622776e-01
-1.007404285410527400e+00
-1.491866235710103572e+00
-1.953791436405811766e+00
-2.386564462954531063e+00
-2.784295192230976212e+00
-3.141948544406013788e+00
-3.455443740233198113e+00
-3.721720627153862537e+00
-3.938772056650781117e+00
-4.105642921893117858e+00
-4.222397785821448757e+00
-4.290060296063005651e+00
-4.310528509482775661e+00
-4.286470940700888299e+00
-4.221208530343321996e+00
-4.118587881908325699e+00
-3.982850805792446103e+00
-3.818505054957135769e+00
-3.630200294082538637e+00
-3.422612849496798670e+00
-3.200342026636118220e+00
-2.967819697087739073e+00
-2.729234613686839506e+00
-2.488471661095416287e+00
-2.249065972446364192e+00
-2.014171204357136258e+00
-1.786540853780856253e+00
-1.568521235200827313e+00
-1.362054487622033294e+00
-1.168689988558045290e+00
-9.896024339301549011e-01
-8.256150029190189032e-01
-6.772260691985241277e-01
-5.446381177229010495e-01
-4.277876830976681255e-01
-3.263753130853475626e-01
-2.398947409557552757e-01
-1.676606686218362341e-01
-1.088346802930854618e-01
-6.244901001163955662e-02
-2.742796258391138123e-02
-2.606977473460076605e-03
1.325065879839394493e-02
2.143927946283794017e-02
2.329834283417975271e-02
2.020169065502034483e-02
1.354831573630041301e-02
4.754313944873980735e-03
-4.754314018677478770e-03
-1.354831710100417794e-02
-2.020169070590974517e-02
-2.329834225162148026e-02
-2.143927936755003413e-02
-1.325065816946329432e-02
2.606976884998530187e-03
2.742796539393009547e-02
6.244900912686002226e-02
1.088346803831680976e-01
1.676606662341943443e-01
2.398947404064223909e-01
3.263753120628950510e-01
4.277876836110718339e-01
5.446381147435095382e-01
6.772260677272962104e-01
8.256150037102064632e-01
9.896024348026768447e-01
1.168689988299010052e+00
1.362054487712581308e+00
1.568521234508241546e+00
1.786540854296691405e+00
2.014171203040289626e+00
2.249065974230193721e+00
2.488471661264971768e+00
2.729234618155859771e+00
2.967819694497608296e+00
3.200342023451381301e+00
3.422612854599930365e+00
3.630200289937915770e+00
3.818505055559642702e+00
3.982850803848581034e+00
4.118587881361027492e+00
4.221208533049304990e+00
4.286470939378533629e+00
4.310528510850929251e+00
4.290060296428621633e+00
4.222397783891726597e+00
4.105642922701925102e+00
3.938772057345030664e+00
3.721720626467263759e+00
3.455443740142063902e+00
3.141948543563560126e+00
2.784295193946134450e+00
2.386564462761838090e+00
1.953791436446867813e+00
1.491866235717207223e+00
1.007404285654762477e+00
5.075901137269669405e-01
3.592485085516065925e-15
1.905897436093420907e-15
-6.003616981854259516e-01
-1.188301052316357520e+00
-1.751808407418120161e+00
-2.279679440569582827e+00
-2.761869044541236384e+00
-3.189790299361386694e+00
-3.556545937814631131e+00
-3.857083965406067794e+00
-4.088273709982710002e+00
-4.248903195177971881e+00
-4.339602957103949166e+00
-4.362705106343613082e+00
-4.322049152735162103e+00
-4.222747987373399070e+00
-4.070928179348274334e+00
-3.873458621282626524e+00
-3.637680599772025403e+00
-3.371150705421885885e+00
-3.081405887584746761e+00
-2.775757697720779849e+00
-2.461120186169946766e+00
-2.143873789888277592e+00
-1.829765330387225442e+00
-1.523842582876999474e+00
-1.230420533975884911e+00
-9.530753707942559716e-01
-6.946618353842194393e-01
-4.573492205519427145e-01
-2.426712953659012628e-01
-5.158592428505487382e-02
1.154596481926840473e-01
2.584612329614350834e-01
3.777906078513915133e-01
4.741311742223758285e-01
5.484179878230975858e-01
6.017832854765302608e-01
6.355082277270878155e-01
6.509811655129036367e-01
6.496624173336179586e-01
6.330553977626383055e-01
6.026836614789476965e-01
5.600734171003106665e-01
5.067409224140858592e-01
4.441841666234869757e-01
3.738782658680759319e-01
2.972739893602730499e-01
2.157988358555761876e-01
1.308601652661057491e-01
4.384986817036318901e-02
-4.384986817036393841e-02
-1.308601650295520002e-01
-2.157988357161486903e-01
-2.972739910547608777e-01
-3.738782658628367894e-01
-4.441841666179214831e-01
-5.067409231112434131e-01
-5.600734172986510107e-01
-6.026836621463860233e-01
-6.330553967847502017e-01
-6.496624161191727476e-01
-6.509811655621687843e-01
-6.355082292914858710e-01
-6.017832861468148664e-01
-5.484179879976742722e-01
-4.741311740454592361e-01
-3.777906078598550765e-01
-2.584612329591239321e-01
-1.154596482495755111e-01
5.158592566204053820e-02
2.426712952340455975e-01
4.573492215324614918e-01
6.946618373191536522e-01
9.530753708551097381e-01
1.230420536458077141e+00
1.523842583297082776e+00
1.829765329586326539e+00
2.143873790261691781e+00
2.461120185719578135e+00
2.775757697395355272e+00
3.081405886144360728e+00
3.371150704969232859e+00
3.637680602359832704e+00
3.873458622169743570e+00
4.070928176380861352e+00
4.222747988718512424e+00
4.322049152988897802e+00
4.362705107223324497e+00
4.339602957457858068e+00
4.248903194761211033e+00
4.088273710199219479e+00
3.857083965017368943e+00
3.556545938269552565e+00
3.189790299379261285e+00
2.761869044290244712e+00
2.279679440568425974e+00
1.751808407380530896e+00
1.188301052273982750e+00
6.003616981854280610e-01
4.230851047558753491e-15
1.899238087798760974e-15
-5.995511795536836441e-01
-1.183219928367677865e+00
-1.735768207908729321e+00
-2.243209008753058953e+00
-2.693340486566285108e+00
-3.076178540436690145e+00
-3.384266643503809568e+00
-3.612850822242608118e+00
-3.759917411006648447e+00
-3.826100326091778303e+00
-3.814472709701933528e+00
-3.730244019868194094e+00
-3.580387729175299683e+00
-3.373226607417545875e+00
-3.118002289998739407e+00
-2.824453425763583603e+00
-2.502423256870278223e+00
-2.161512613258289139e+00
-1.810789500891169190e+00
-1.458561170270048724e+00
-1.112210278390538543e+00
-7.780925371667213319e-01
-4.614904667754592404e-01
-1.666155534614941480e-01
1.033498785924150953e-01
3.461804814231881355e-01
5.605141639913250318e-01
7.457453719882436438e-01
9.019123098174854913e-01
1.029584293530283245e+00
1.129753668015542001e+00
1.203735823016673034e+00
1.253079569103091595e+00
1.279488905848900959e+00
1.284757020130301353e+00
1.270711878377298820e+00
1.239173180411750508e+00
1.191919332164528056e+00
1.130663722134646942e+00
1.057038764640195749e+00
9.725866923802825026e-01
8.787559620912250846e-01
7.769021087077183640e-01
6.682923005989109821e-01
5.541127307457484052e-01
4.354781197007271398e-01
3.134428990508378310e-01
1.890135540397294700e-01
6.316178050982675096e-02
-6.316178062167843166e-02
-1.890135520404826741e-01
-3.134429012254484892e-01
-4.354781212848324867e-01
-5.541127301346455702e-01
-6.682923024809235280e-01
-7.769021079265605589e-01
-8.787559606056679629e-01
-9.725866905702764686e-01
-1.057038761206875233e+00
-1.130663723295409984e+00
-1.191919334389686336e+00
-1.239173189409530362e+00
-1.270711878172165576e+00
-1.284757017782447885e+00
-1.279488902303114184e+00
-1.253079569066223975e+00
-1.203735828433000865e+00
-1.129753657968449954e+00
-1.029584283817070123e+00
-9.019123072747083913e-01
-7.457453546272614364e-01
-5.605141575122178921e-01
-3.461804819164597813e-01
-1.033498851547719477e-01
1.666155544005940847e-01
4.614904649056569830e-01
7.780925355248242692e-01
1.112210275106809698e+00
1.458561167194520003e+00
1.810789500268231489e+00
2.161512614493748430e+00
2.502423252516771779e+00
2.824453423449774903e+00
3.118002287399674888e+00
3.373226609150592914e+00
3.580387728392730562e+00
3.730244020830146390e+00
3.814472709928194760e+00
3.826100323605382325e+00
3.759917410942292815e+00
3.612850821262628020e+00
3.384266643226661042e+00
3.076178540261893524e+00
2.693340485697335307e+00
2.243209009219804262e+00
1.735768208067746343e+00
1.183219928673887589e+00
5.995511795802892507e-01
4.223319580358753666e-15
1.562219543191971485e-15
-4.900690408017617239e-01
-9.636156659465587859e-01
-1.404912671623268050e+00
-1.799768956115874952e+00
-2.136166761422706006e+00
-2.404755342046060118e+00
-2.599173811658555877e+00
-2.716190577855710497e+00
-2.755661555613866387e+00
-2.720323062649913748e+00
-2.615446438478830515e+00
-2.448389234387938096e+00
-2.228081752212596189e+00
-1.964488107920713933e+00
-1.668077842725921078e+00
-1.349338601180447572e+00
-1.018353110779275594e+00
-6.844557121624452733e-01
-3.559758247341243131e-01
-4.006871830799808160e-02
2.573720803181742123e-01
5.317303210867231344e-01
7.796232401072378249e-01
9.988119412426322841e-01
1.188079862063401437e+00
1.347091834598814097e+00
1.476245174147480244e+00
1.576521326692215563e+00
1.649345613595663229e+00
1.696459489852481184e+00
1.719808371034810657e+00
1.721446753096205207e+00
1.703460436621385465e+00
1.667905218724317518e+00
1.616760840785795628e+00
1.551898099804798647e+00
1.475057400691872411e+00
1.387836946412242645e+00
1.291688098116327010e+00
1.187917217000292514e+00
1.077691441497736768e+00
9.620480765528950373e-01
8.419060006752403513e-01
7.180785625253636173e-01
5.912873503092624938e-01
4.621763690645302458e-01
3.313263593853049693e-01
1.992690169939083100e-01
6.650117856820458861e-02
-6.650117856820525475e-02
-1.992690168137457307e-01
-3.313263611107672424e-01
-4.621763689407607512e-01
-5.912873521988353254e-01
-7.180785616096788671e-01
-8.419060003441971585e-01
-9.620480764177355981e-01
-1.077691444460296966e+00
-1.187917213444719788e+00
-1.291688098320613598e+00
-1.387836947687671518e+00
-1.475057404271540085e+00
-1.551898103661266015e+00
-1.616760835955876274e+00
-1.667905213868055903e+00
-1.703460440325142766e+00
-1.721446753724535039e+00
-1.719808349863277908e+00
-1.696459486768122638e+00
-1.649345613599674243e+00
-1.576521321328249181e+00
-1.476245161466169353e+00
-1.347091846520967140e+00
-1.188079854212999109e+00
-9.988119360699800886e-01
-7.796232416278554567e-01
-5.317303239309633112e-01
-2.573720780087451199e-01
4.006872055877838679e-02
3.559758233342267819e-01
6.844557117469622920e-01
1.018353109844422066e+00
1.349338601717765096e+00
1.668077843589903742e+00
1.964488108377720588e+00
2.228081751524613630e+00
2.448389234323851138e+00
2.615446437634356691e+00
2.720323060661705927e+00
2.755661555260560114e+00
2.716190576938493972e+00
2.599173810161726994e+00
2.404755342002384388e+00
2.136166762643207040e+00
1.799768956118074970e+00
1.404912671774726451e+00
9.636156660156646181e-01
4.900690408017654986e-01
3.464220155644645778e-15
9.952169465405861694e-16
-3.052979213683607584e-01
-5.967602312613707882e-01
-8.613326087202358705e-01
-1.087462312527511354e+00
-1.265702800378152526e+00
-1.389159837631903205e+00
-1.453752035120058128e+00
-1.458276502906820316e+00
-1.404287894111532653e+00
-1.295814513517412614e+00
-1.138946955878007206e+00
-9.413417747265249158e-01
-7.116850598069616174e-01
-4.591583432898962980e-01
-1.929435159233655883e-01
7.820512105943572267e-02
3.463032072892653912e-01
6.043841594734841172e-01
8.466524450479118169e-01
1.068549293749582851e+00
1.266742912134018795e+00
1.439058300417094483e+00
1.584362986552604990e+00
1.702424528566444106e+00
1.793753868768297455e+00
1.859446613847942409e+00
1.901031417046174399e+00
1.920331994333804415e+00
1.919346853563375310e+00
1.900148728106838547e+00
1.864803907499974711e+00
1.815310562327687283e+00
1.753554214269376299e+00
1.681278049531269358e+00
1.600065604519619544e+00
1.511333463001394817e+00
1.416331508878151402e+00
1.316148923108055424e+00
1.211724016060153897e+00
1.103856622385033459e+00
9.932218700729834593e-01
8.803845216900956228e-01
7.658132721179350400e-01
6.498946455855070248e-01
5.329461830711967885e-01
4.152288023591773625e-01
2.969584556552265497e-01
1.783169435410566495e-01
5.946215785519035069e-02
-5.946215788533654178e-02
-1.783169439512596044e-01
-2.969584555080754251e-01
-4.152288033202404804e-01
-5.329461792627732120e-01
-6.498946482229250865e-01
-7.658132696773382042e-01
-8.803845170799453612e-01
-9.932218744818258616e-01
-1.103856622362761719e+00
-1.211724020698401905e+00
-1.316148919779821957e+00
-1.416331513097923267e+00
-1.511333462189593302e+00
-1.600065601765825463e+00
-1.681278042494273262e+00
-1.753554211656062511e+00
-1.815310556172189838e+00
-1.864803899579230206e+00
-1.900148723712292709e+00
-1.919346853590184976e+00
-1.920332004892168820e+00
-1.901031415356530196e+00
-1.859446614374617113e+00
-1.793753871291621005e+00
-1.702424532526380041e+00
-1.584362989236746788e+00
-1.439058297697638711e+00
-1.266742913708832186e+00
-1.068549294958544005e+00
-8.466524434853329728e-01
-6.043841599801164088e-01
-3.463032083193218202e-01
-7.820512212485791759e-02
1.929435157829861580e-01
4.591583435597030305e-01
7.116850600668669369e-01
9.413417755206124893e-01
1.138946955238561820e+00
1.295814513083127117e+00
1.404287893471979576e+00
1.458276503325719231e+00
1.453752035274178844e+00
1.389159837778836115e+00
1.265702800148447826e+00
1.087462312494335670e+00
8.613326087769204165e-01
5.967602313314258611e-01
3.052979213658451041e-01
2.182420935274788949e-15
4.076453051759621153e-16
-1.144735644885575554e-01
-2.199353832529504504e-01
-3.079773339109913022e-01
-3.713451410992255064e-01
-4.043879875303801330e-01
-4.033717419334115206e-01
-3.666351199211417833e-01
-2.945847295635266039e-01
-1.895408772382251583e-01
-5.545948608347278652e-02
1.024353522574381059e-01
2.780688205213233677e-01
4.649437448859529143e-01
6.565447771601603533e-01
8.466907236985129481e-01
1.029815911158215247e+00
1.201171117007789224e+00
1.356942740166510619e+00
1.494296435467301176e+00
1.611355922800643325e+00
1.707131276971316947e+00
1.781411593314985220e+00
1.834636495754474517e+00
1.867759409763340539e+00
1.882113011758424825e+00
1.879284425422730997e+00
1.861005615187333095e+00
1.829061331107994404e+00
1.785215756017304534e+00
1.731157245934677347e+00
1.668459271288956325e+00
1.598555628011741003e+00
1.522727368725454555e+00
1.442098953890513346e+00
1.357641283511676233e+00
1.270179790319079904e+00
1.180405526339964872e+00
1.088888276160924429e+00
9.960902701586936692e-01
9.023799255717770418e-01
8.080451138249559184e-01
7.133053948932946975e-01
6.183232407437241340e-01
5.232140712421247120e-01
4.280551250439442734e-01
3.328933082584417114e-01
2.377520425330084120e-01
1.426373400281197024e-01
4.754323561380492669e-02
-4.754323529859524194e-02
-1.426373405407997952e-01
-2.377520436118413516e-01
-3.328933085896950139e-01
-4.280551241469132684e-01
-5.232140670320317710e-01
-6.183232421348943131e-01
-7.133053956701733700e-01
-8.080451147482068386e-01
-9.023799247442173543e-01
-9.960902701711206175e-01
-1.088888279735272357e+00
-1.180405523106136112e+00
-1.270179785181698273e+00
-1.357641281866494687e+00
-1.442098952087761843e+00
-1.522727368838831641e+00
-1.598555626422138998e+00
-1.668459270954421259e+00
-1.731157253869137325e+00
-1.785215747104928363e+00
-1.829061326116844910e+00
-1.861005617602341289e+00
-1.879284422037422742e+00
-1.882113015401693401e+00
-1.867759412284456744e+00
-1.834636500857797836e+00
-1.781411593612304944e+00
-1.707131286452511443e+00
-1.611355915793753368e+00
-1.494296433174030270e+00
-1.356942745007459816e+00
-1.201171113922192113e+00
-1.029815912086988972e+00
-8.466907200404775180e-01
-6.565447785918525625e-01
-4.649437435348350856e-01
-2.780688207089317410e-01
-1.024353540890141495e-01
5.545948639411616560e-02
1.895408780938961646e-01
2.945847282538052170e-01
3.666351244950848409e-01
4.033717420943068177e-01
4.043879876048953603e-01
3.713451411545971581e-01
3.079773338214616407e-01
2.199353832881933701e-01
1.144735644798503121e-01
8.552960540244776782e-16
-6.650529043817048513e-18
1.854234279483084336e-02
4.128848762685187468e-02
7.208721170789393617e-02
1.141130117393834853e-01
1.696138319653047732e-01
2.397485113168464632e-01
3.245256778426674482e-01
4.228441074762037677e-01
5.326233603420381657e-01
6.510049574236962400e-01
7.745987197128541002e-01
8.997470883648747142e-01
1.022781752114722886e+00
1.140251127122414720e+00
1.249103277488131436e+00
1.346815883704691297e+00
1.431470754547217838e+00
1.501776715339894430e+00
1.557048213214678789e+00
1.597149554349766465e+00
1.622415844799655726e+00
1.633560942058524423e+00
1.631581802123152292e+00
1.617666615159226939e+00
1.593111653212806234e+00
1.559250571761358728e+00
1.517397320820245588e+00
1.468803071291241213e+00
1.414625850140901697e+00
1.355911631666139927e+00
1.293584988384264500e+00
1.228446945373457444e+00
1.161178618141345709e+00
1.092348603144633001e+00
1.022422823648146739e+00
9.517756628191602619e-01
8.807014750345781851e-01
8.094259451581116149e-01
7.381166770804953314e-01
6.668929366333899988e-01
5.958342588182062860e-01
5.249880389131048597e-01
4.543759570521838098e-01
3.839994350456298333e-01
3.138441952629269505e-01
2.438839790976853605e-01
1.740836484535304152e-01
1.044017051405643076e-01
3.479240889279548027e-02
-3.479240876301612634e-02
-1.044017055718240439e-01
-1.740836485829540814e-01
-2.438839801951424024e-01
-3.138441946358802026e-01
-3.839994352685264789e-01
-4.543759549015398136e-01
-5.249880362479200091e-01
-5.958342620520233890e-01
-6.668929347071503866e-01
-7.381166790688149515e-01
-8.094259459263357659e-01
-8.807014742385651518e-01
-9.517756731034510143e-01
-1.022422825302012450e+00
-1.092348603572862453e+00
-1.161178618213502212e+00
-1.228446942253689667e+00
-1.293584986252163338e+00
-1.355911637964625216e+00
-1.414625850248266259e+00
-1.468803074132475128e+00
-1.517397327187164358e+00
-1.559250572000805191e+00
-1.593111653994049082e+00
-1.617666612556300842e+00
-1.631581801653622543e+00
-1.633560942171127017e+00
-1.622415844547760999e+00
-1.597149561916713978e+00
-1.557048212774514440e+00
-1.501776714798244372e+00
-1.431470752912543221e+00
-1.346815885560206594e+00
-1.249103278988017429e+00
-1.140251129807715147e+00
-1.022781751430988484e+00
-8.997470874286075393e-01
-7.745987175901583033e-01
-6.510049574860918842e-01
-5.326233603891964430e-01
-4.228441064180405440e-01
-3.245256784446025611e-01
-2.397485108129934483e-01
-1.696138319451024334e-01
-1.141130118729223181e-01
-7.208721186222701027e-02
-4.128848766237356444e-02
-1.854234279483069764e-02
-7.545839038258588258e-17
-1.800767356990526712e-16
7.173671188210206662e-02
1.445111017205645276e-01
2.192130095542669244e-01
2.964542210174659354e-01
3.764709760598305421e-01
4.590696969162137986e-01
5.436205044872091108e-01
6.290969696775724485e-01
7.141547909154233320e-01
7.972382030933093944e-01
8.767004951329764317e-01
9.509249208659114050e-01
1.018433876790704851e+00
1.077976985807683752e+00
1.128592667172050756e+00
1.169640961477049101e+00
1.200809188966687424e+00
1.222094221675503078e+00
1.233766799000824088e+00
1.236323898938264776e+00
1.230435345174609285e+00
1.216889516779496638e+00
1.196542404269866466e+00
1.170272951352692381e+00
1.138946119548980285e+00
1.103384453034097490e+00
1.064347779270926608e+00
1.022520614254512461e+00
9.785055533602600164e-01
9.328220726183653611e-01
8.859089717193343594e-01
8.381296105114012240e-01
7.897787861289760070e-01
7.410905253030232176e-01
6.922461285513232809e-01
6.433820350280655687e-01
5.945972067991542875e-01
5.459598137689182229e-01
4.975131851582635933e-01
4.492809163233273395e-01
4.012712231630969351e-01
3.534805535325064585e-01
3.058965295783788729e-01
2.585002984664150905e-01
2.112683839331480906e-01
1.641740911009909598e-01
1.171885585765524984e-01
7.028152777562785003e-02
2.342189396243002028e-02
-2.342189400458198970e-02
-7.028152774367450728e-02
-1.171885590214852696e-01
-1.641740914343069735e-01
-2.112683840740741392e-01
-2.585002984376966739e-01
-3.058965296956209223e-01
-3.534805537963872646e-01
-4.012712233884913604e-01
-4.492809164469811489e-01
-4.975131846622177223e-01
-5.459598137497337911e-01
-5.945972067780134207e-01
-6.433820357920152500e-01
-6.922461301887186114e-01
-7.410905251834380980e-01
-7.897787864549462578e-01
-8.381296127173321064e-01
-8.859089717155791410e-01
-9.328220718842826775e-01
-9.785055534073090477e-01
-1.022520613235083475e+00
-1.064347778267653810e+00
-1.103384454477061238e+00
-1.138946117888415710e+00
-1.170272953408644900e+00
-1.196542401962335855e+00
-1.216889516868328247e+00
-1.230435345376422074e+00
-1.236323898448824288e+00
-1.233766798574639445e+00
-1.222094221641329526e+00
-1.200809189967187107e+00
-1.169640958775115314e+00
-1.128592667046648845e+00
-1.077976984569755325e+00
-1.018433871377683486e+00
-9.509249213655242006e-01
-8.767004951452957995e-01
-7.972382030793599972e-01
-7.141547891205818344e-01
-6.290969695253988414e-01
-5.436205038904351472e-01
-4.590696955127843704e-01
-3.764709764685178484e-01
-2.964542212561544487e-01
-2.192130095142574009e-01
-1.445111017338815418e-01
-7.173671188390140507e-02
-4.562353923754463923e-16
-1.749814513762584900e-16
6.602545454928093749e-02
1.318115218758932339e-01
1.970838928715543392e-01
2.615042310988212049e-01
3.246517472122895098e-01
3.860185475699849378e-01
4.450196896504094446e-01
5.010166036860688177e-01
5.533506870095500352e-01
6.013824948382590074e-01
6.445316743757872890e-01
6.823127887051966267e-01
7.143634241832472753e-01
7.404620493365833278e-01
7.605347422297161764e-01
7.746512493720898451e-01
7.830119639148434008e-01
7.859279811476558297e-01
7.837970533810589835e-01
7.770777252465705942e-01
7.662640669764668733e-01
7.518626510140473673e-01
7.343728989230081661e-01
7.142715006783720844e-01
6.920009163281375386e-01
6.679618636851695213e-01
6.425092503418921019e-01
6.159509923818958788e-01
5.885490356576124071e-01
5.605220178248749852e-01
5.320489629435568579e-01
5.032735836000454821e-01
4.743088154869197215e-01
4.452413036030774540e-01
4.161356581981607294e-01
3.870383741413649936e-01
3.579813173075358512e-01
3.289847767771542641e-01
3.000600794706030916e-01
2.712117871634326383e-01
2.424394924749269098e-01
2.137392834366797223e-01
1.851048857524838220e-01
1.565285363496264071e-01
1.280016301748776453e-01
9.951516552615954914e-02
7.106002922181918480e-02
4.262715526892173201e-02
1.420757812129233751e-02
-1.420757812525233650e-02
-4.262715526848447067e-02
-7.106002926605463343e-02
-9.951516554301431672e-02
-1.280016300976128119e-01
-1.565285363277768016e-01
-1.851048856085052430e-01
-2.137392834443351264e-01
-2.424394925169302550e-01
-2.712117869471460385e-01
-3.000600794726455134e-01
-3.289847768539090334e-01
-3.579813170748163409e-01
-3.870383741541474909e-01
-4.161356579998072291e-01
-4.452413035839401512e-01
-4.743088159080643407e-01
-5.032735834818434784e-01
-5.320489631626726945e-01
-5.605220181447707617e-01
-5.885490356813078971e-01
-6.159509928947368707e-01
-6.425092496160468292e-01
-6.679618636026675160e-01
-6.920009177805109823e-01
-7.142715006126333366e-01
-7.343728976730200531e-01
-7.518626506893827388e-01
-7.662640669069432642e-01
-7.770777254587022398e-01
-7.837970533840189491e-01
-7.859279785447813582e-01
-7.830119579012232434e-01
-7.746512498554285475e-01
-7.605347467025519448e-01
-7.404620494041876944e-01
-7.143634242081378094e-01
-6.823127899182014344e-01
-6.445316735526246399e-01
-6.013824949116752805e-01
-5.533506865012302045e-01
-5.010166034728457118e-01
-4.450196893895790873e-01
-3.860185473359779018e-01
-3.246517472133788051e-01
-2.615042311382912987e-01
-1.970838921736677574e-01
-1.318115218758943163e-01
-6.602545449087998675e-02
-4.299355463471241149e-16
-9.887753666361253368e-17
3.718052695759263560e-02
7.400417647841514568e-02
1.101151648259756366e-01
1.451608553153951320e-01
1.787955125460506112e-01
2.106861087808234723e-01
2.405200687637488732e-01
2.680143516634185263e-01
2.929249974887864205e-01
3.150559897821153532e-01
3.342663840943552178e-01
3.504748401517757683e-01
3.636610321322644168e-01
3.738637618152425013e-01
3.811760734633493630e-01
3.857378506527494588e-01
3.877266922532833782e-01
3.873479108708995922e-01
3.848243694872620080e-01
3.803869988809910896e-01
3.742663315753791964e-01
3.666855120577799942e-01
3.578549323990237729e-01
3.479683713222053165e-01
3.372006442668392667e-01
3.257065084025287383e-01
3.136205895039428371e-01
3.010580943616527616e-01
2.881160806042026290e-01
2.748750762012165949e-01
2.614009011482302247e-01
2.477465348940592338e-01
2.339539526679685066e-01
2.200558809018101636e-01
2.060773901868807600e-01
1.920373392151254743e-01
1.779496464266680789e-01
1.638243923925352952e-01
1.496687597457882768e-01
1.354878209112903020e-01
1.212851856766266195e-01
1.070635211169147089e-01
9.282495801507439914e-02
7.857139284622251252e-02
6.430470235126133083e-02
5.002687897759171970e-02
3.574010054639128325e-02
2.144674568332189529e-02
7.149366874676723292e-03
-7.149366874676869009e-03
-2.144674568332154488e-02
-3.574010054639126244e-02
-5.002687897759188623e-02
-6.430470235126092837e-02
-7.857139284622324804e-02
-9.282495801507416322e-02
-1.070635211169178730e-01
-1.212851856766261199e-01
-1.354878209112879150e-01
-1.496687597457879160e-01
-1.638243923925372936e-01
-1.779496464266663580e-01
-1.920373392151281944e-01
-2.060773901746033865e-01
-2.200558809018108575e-01
-2.339539526679606796e-01
-2.477465349669031869e-01
-2.614009011646691305e-01
-2.748750762004720793e-01
-2.881160804029557210e-01
-3.010580943333596715e-01
-3.136205892665496764e-01
-3.257065081300445919e-01
-3.372006442347669775e-01
-3.479683723976945697e-01
-3.578549324356288808e-01
-3.666855129427894489e-01
-3.742663312340842596e-01
-3.803869982404931016e-01
-3.848243694440551255e-01
-3.873479123665510282e-01
-3.877266921874789052e-01
-3.857378504423494836e-01
-3.811760735654068366e-01
-3.738637613428477113e-01
-3.636610318676678499e-01
-3.504748389249371376e-01
-3.342663842652958128e-01
-3.150559911508358790e-01
-2.929249975250902138e-01
-2.680143517188135482e-01
-2.405200683092751091e-01
-2.106861088119668934e-01
-1.787955125430449044e-01
-1.451608553995855921e-01
-1.101151648206051825e-01
-7.400417647772584984e-02
-3.718052695755815623e-02
-2.425939146537225033e-16
-2.615437968559606943e-17
9.978283217490837090e-03
1.984146193685307549e-02
2.947696061372967469e-02
3.877723345006421629e-02
4.764219448009504587e-02
5.598151161970377210e-02
6.371667054987935341e-02
7.078270361685706780e-02
7.712946734200577803e-02
8.272237514709791795e-02
8.754252230974426952e-02
9.158618808679488965e-02
9.486375193172709441e-02
9.739810944099931700e-02
9.922271150358208391e-02
1.003793722113601461e-01
1.009159957564104843e-01
1.008843612033775705e-01
1.003380803857435860e-01
9.933081314984727739e-02
9.791479080023150761e-02
9.613966718954690405e-02
9.405169050397930997e-02
9.169316907616742451e-02
8.910219189149452823e-02
8.631255824928948939e-02
8.335387010420003406e-02
8.025174343574419111e-02
7.702810075318085314e-02
7.370151152648481141e-02
7.028755772064551599e-02
6.679920229644011054e-02
6.324714997922628590e-02
5.964018858224327813e-02
5.598550650999977590e-02
5.228898257336340311e-02
4.855544631566693914e-02
4.478890873576264753e-02
4.099276358955833421e-02
3.716996008242937771e-02
3.332314802417374322e-02
2.945479704596262391e-02
2.556728926628106316e-02
2.166299222555286702e-02
1.774430681985909516e-02
1.381369770018549617e-02
9.873706257091365013e-03
5.926949167305506187e-03
1.976105375566466083e-03
-1.976105375566646494e-03
-5.926949167305154906e-03
-9.873706257091444810e-03
-1.381369770018498963e-02
-1.774430681465904991e-02
-2.166299222555147230e-02
-2.556728926627943946e-02
-2.945479704596221451e-02
-3.332314802417354893e-02
-3.716996008242941241e-02
-4.099276358955822319e-02
-4.478890873576299447e-02
-4.855544631566607178e-02
-5.228898257336350025e-02
-5.598550651000028938e-02
-5.964018856186903417e-02
-6.324715000420323696e-02
-6.679920232679036063e-02
-7.028755768409081228e-02
-7.370151152648367343e-02
-7.702810075317963190e-02
-8.025174343574542624e-02
-8.335387010420132470e-02
-8.631255824928839304e-02
-8.910219189149506946e-02
-9.169316907616796575e-02
-9.405169050397990671e-02
-9.613966718954686241e-02
-9.791479080023089698e-02
-9.933081298928814196e-02
-1.003380803857449738e-01
-1.008843612033773068e-01
-1.009159957564099291e-01
-1.003793722113597714e-01
-9.922271150358233371e-02
-9.739810944099944190e-02
-9.486375171295070852e-02
-9.158618808679527823e-02
-8.754252230974467197e-02
-8.272237514709762651e-02
-7.712946734200612497e-02
-7.078270361685666534e-02
-6.371667054987951995e-02
-5.598151161970378598e-02
-4.764219448009483077e-02
-3.877723345006453548e-02
-2.947696061372987938e-02
-1.984146193685355428e-02
-9.978283217490845763e-03
-6.473683266436987708e-17
1.912657838845592165e-17
-7.465307803558788105e-03
-1.484431462963587030e-02
-2.205302430482455889e-02
-2.901195174180354330e-02
-3.564813704923537607e-02
-4.189687976505970801e-02
-4.770312210763730937e-02
-5.302242117504764318e-02
-5.782148243397194215e-02
-6.207824350031963118e-02
-6.578153192804502003e-02
-6.893034196054619034e-02
-7.153280029858302691e-02
-7.360490123830691622e-02
-7.516910321775915893e-02
-7.625287463715536840e-02
-7.688726711085780430e-02
-7.710558186826957372e-02
-7.694217878531674215e-02
-7.643145909387245862e-02
-7.560703211544352043e-02
-7.450107087714355480e-02
-7.314384132015903928e-02
-7.156338923961771958e-02
-6.978536100599096181e-02
-6.783293526490821734e-02
-6.572684228793840289e-02
-6.348544902342082019e-02
-6.112489262529634954e-02
-5.865924637027866706e-02
-5.610070599522139906e-02
-5.345978700526890504e-02
-5.074552271879755050e-02
-4.796566497396022311e-02
-4.512687312978413967e-02
-4.223489603972939432e-02
-3.929474148323017224e-02
-3.631083187801596029e-02
-3.328714489384053399e-02
-3.022733795894830960e-02
-2.713485586140649761e-02
-2.401302107597281382e-02
-2.086510657861414056e-02
-1.769439140209154784e-02
-1.450419950086655023e-02
-1.129792294376026629e-02
-8.079030850207585823e-03
-4.851065990996588501e-03
-1.617631267139526229e-03
1.617631267139643539e-03
4.851065990996913761e-03
8.079030850207063671e-03
1.129792294376040160e-02
1.450419950086571756e-02
1.769439140209240827e-02
2.086510657861258972e-02
2.401302107596674923e-02
2.713485586140829478e-02
3.022733795894775102e-02
3.328714489383850089e-02
3.631083187801457252e-02
3.929474148888217194e-02
4.223489603973026862e-02
4.512687312978098247e-02
4.796566497395838430e-02
5.074552271879739784e-02
5.345978700526885646e-02
5.610070599521977536e-02
5.865924637027806338e-02
6.112489262529599565e-02
6.348544902342131979e-02
6.572684228793748695e-02
6.783293526490895287e-02
6.978536100599164183e-02
7.156338923961853837e-02
7.314384132016042706e-02
7.450107087714316623e-02
7.560703211544220204e-02
7.643145909387276393e-02
7.694217878531632582e-02
7.710558175746955178e-02
7.688726723343083935e-02
7.625287472862926630e-02
7.516910307428179006e-02
7.360490108651680796e-02
7.153280029858288813e-02
6.893034196054560747e-02
6.578153176449130779e-02
6.207824350031912464e-02
5.782148227644609562e-02
5.302242117504708807e-02
4.770312210763674038e-02
4.189687976505988842e-02
3.564813704923529974e-02
2.901195174180358494e-02
2.205302437448646360e-02
1.484431462963601775e-02
7.465307803558823667e-03
4.799242828215998034e-17
4.091507153768310859e-17
-1.632985150893931717e-02
-3.248371325211161370e-02
-4.829024466855180719e-02
-6.358717597350520279e-02
-7.822529071840021719e-02
-9.207178881269297011e-02
-1.050128910353206740e-01
-1.169556004334838389e-01
-1.278285868017619287e-01
-1.375822205946526100e-01
-1.461878294866236494e-01
-1.536362903979780759e-01
-1.599360971955330057e-01
-1.651110632653799704e-01
-1.691978077982773665e-01
-1.722431789603447172e-01
-1.743017298039345186e-01
-1.754333552588699108e-01
-1.757011507049682231e-01
-1.751695536210670645e-01
-1.739027692494633792e-01
-1.719635007411187966e-01
-1.694119563549946195e-01
-1.663051183958498269e-01
-1.626962379760854838e-01
-1.586345315327213346e-01
-1.541650375431777853e-01
-1.493286122918512648e-01
-1.441620311240663366e-01
-1.386981749364026295e-01
-1.329662788480913127e-01
-1.269922282697543703e-01
-1.207988851117659940e-01
-1.144064334596398697e-01
-1.078327329424656755e-01
-1.010936719459676059e-01
-9.420351155579469171e-02
-8.717521392671301328e-02
-8.002074872962579299e-02
-7.275137211796937897e-02
-6.537787387186784482e-02
-5.791078883716276743e-02
-5.036057006597727953e-02
-4.273772224355985860e-02
-3.505289517508671654e-02
-2.731693862622299254e-02
-1.954092129418406182e-02
-1.173611800004062226e-02
-3.913970619181682611e-03
3.913970619181817052e-03
1.173611800004036379e-02
1.954092129418439489e-02
2.731693862622307928e-02
3.505289517343180422e-02
4.273772224356046923e-02
5.036057006597827873e-02
5.791078883716409970e-02
6.537787387186699828e-02
7.275137212499077632e-02
8.002074872962679220e-02
8.717521393812924235e-02
9.420351155579401170e-02
1.010936719459650940e-01
1.078327329424648567e-01
1.144064334596396337e-01
1.207988851453192930e-01
1.269922282287459236e-01
1.329662788480939772e-01
1.386981749363975225e-01
1.441620311464776594e-01
1.493286122918491554e-01
1.541650375431795339e-01
1.586345315327220562e-01
1.626962381171753735e-01
1.663051182313782794e-01
1.694119565453885146e-01
1.719635007411184358e-01
1.739027692494649058e-01
1.751695536210705062e-01
1.757011508265712285e-01
1.754333552588689671e-01
1.743017298039366003e-01
1.722431789603462993e-01
1.691978077982740913e-01
1.651110631370307780e-01
1.599360971955310629e-01
1.536362903979784367e-01
1.461878295960601370e-01
1.375822205946535814e-01
1.278285868017622617e-01
1.169556004334835753e-01
1.050128910353198691e-01
9.207178881269381665e-02
7.822529071840078618e-02
6.358717597350471706e-02
4.829024466855238312e-02
3.248371325211171778e-02
1.632985150686777284e-02
1.040488737473276131e-16
4.904351414103116475e-17
-1.979711129295793834e-02
-3.939928518650825245e-02
-5.861630714831553984e-02
-7.726718439935835459e-02
-9.518421207847083121e-02
-1.122164309424380779e-01
-1.282323466870980422e-01
-1.431218258386438846e-01
-1.567971427506808790e-01
-1.691932045676547980e-01
-1.802670164541422260e-01
-1.899964976437887865e-01
-1.983787709667918786e-01
-2.054280673486894027e-01
-2.111733846196590381e-01
-2.156560265692888390e-01
-2.189271424042664727e-01
-2.210453549413858854e-01
-2.220745533046713238e-01
-2.220818964421130415e-01
-2.211360611406081589e-01
-2.193057456783256143e-01
-2.166584306601315457e-01
-2.132593866940798999e-01
-2.091709105324389972e-01
-2.044517713968473649e-01
-1.991568428684393210e-01
-1.933368954615841406e-01
-1.870385293576975749e-01
-1.803042234367008001e-01
-1.731724819509047608e-01
-1.656780592782032269e-01
-1.578522460655185089e-01
-1.497232018584438440e-01
-1.413163199851325547e-01
-1.326546110203033757e-01
-1.237590931777780151e-01
-1.146491778975568948e-01
-1.053430409833890496e-01
-9.585796797360758570e-02
-8.621066730508403220e-02
-7.641754194839826819e-02
-6.649491554306943830e-02
-5.645920806726805602e-02
-4.632705946410263509e-02
-3.611540210533262241e-02
-2.584148423161326119e-02
-1.552284980684072099e-02
-5.177281833734245428e-03
5.177281833734430176e-03
1.552284980684048334e-02
2.584148423161400365e-02
3.611540210533186607e-02
4.632705946410148323e-02
5.645920806726803520e-02
6.649491554307118690e-02
7.641754194839882330e-02
8.621066730508171461e-02
9.585796797360708610e-02
1.053430409833896464e-01
1.146491778975549658e-01
1.237590931777714093e-01
1.326546110203040696e-01
1.413163199851346363e-01
1.497232018584404856e-01
1.578522460655202297e-01
1.656780593345669184e-01
1.731724819509051772e-01
1.803042234366931673e-01
1.870385293577025987e-01
1.933368954615927171e-01
1.991568428684381831e-01
2.044517713968511119e-01
2.091709105324389417e-01
2.132593866647262970e-01
2.166584306601294085e-01
2.193057456783235881e-01
2.211360610079839417e-01
2.220818964672179874e-01
2.220745532242898446e-01
2.210453548951354652e-01
2.189271423723715138e-01
2.156560266401263692e-01
2.111733847296661526e-01
2.054280674585158284e-01
1.983787709812040168e-01
1.899964976229018276e-01
1.802670164075982628e-01
1.691932046381753874e-01
1.567971427951820318e-01
1.431218258391034892e-01
1.282323467000857919e-01
1.122164309240830382e-01
9.518421187726106014e-02
7.726718441372436297e-02
5.861630714923076607e-02
3.939928518633208782e-02
1.979711129615197018e-02
1.255703276405837918e-16
5.073365803672897433e-17
-2.025134830304564648e-02
-4.031932355207166335e-02
-6.002454089022511707e-02
-7.919541826476468593e-02
-9.767165632910594641e-02
-1.153072468054543720e-01
-1.319729009677662879e-01
-1.475578330037902175e-01
-1.619708671131444844e-01
-1.751408782882349080e-01
-1.870166100039889479e-01
-1.975659387164960534e-01
-2.067746746268923075e-01
-2.146449993214125107e-01
-2.211936429660708581e-01
-2.264499041739723439e-01
-2.304535991478254275e-01
-2.332530242233093742e-01
-2.349029939016403778e-01
-2.354630055991902005e-01
-2.349955671523158429e-01
-2.335647092676434999e-01
-2.312346978393914343e-01
-2.280689448082706128e-01
-2.241291176508029559e-01
-2.194744364435512185e-01
-2.141611464956654221e-01
-2.082421512419657672e-01
-2.017667899652379471e-01
-1.947807440721548711e-01
-1.873260544578830011e-01
-1.794412346878845876e-01
-1.711614650818794048e-01
-1.625188492979552646e-01
-1.535427242292287664e-01
-1.442600024967614081e-01
-1.346955386295792256e-01
-1.248725030177286199e-01
-1.148127514642618835e-01
-1.045371781590527932e-01
-9.406604101314475219e-02
-8.341924970053622712e-02
-7.261660844551678928e-02
-6.167800776184256123e-02
-5.062356176022809323e-02
-3.947369034393586468e-02
-2.824914844037266365e-02
-1.697100714342824473e-02
-5.660594509805894244e-03
5.660594509805904652e-03
1.697100714342844249e-02
2.824914844037230630e-02
3.947369034393631571e-02
5.062356176022878018e-02
6.167800776184222122e-02
7.261660844552010607e-02
8.341924970053574140e-02
9.406604101314741673e-02
1.045371781590520022e-01
1.148127514642596492e-01
1.248725030177253864e-01
1.346955386295742296e-01
1.442600024967619077e-01
1.535427242292246586e-01
1.625188492979549593e-01
1.711614650818774619e-01
1.794412346747313869e-01
1.873260544578857489e-01
1.947807440969437642e-01
2.017667900094337052e-01
2.082421512419622422e-01
2.141611464491288419e-01
2.194744363499266659e-01
2.241291177022080028e-01
2.280689448082766635e-01
2.312346979533209390e-01
2.335647093818093434e-01
2.349955670091400661e-01
2.354630055991898119e-01
2.349029939016394897e-01
2.332530242233049889e-01
2.304535991478226520e-01
2.264499041739782004e-01
2.211936429660671943e-01
2.146449993214131768e-01
2.067746746268948610e-01
1.975659387164968306e-01
1.870166100039930279e-01
1.751408782882345749e-01
1.619708671131392663e-01
1.475578330019305662e-01
1.319729009965108779e-01
1.153072467823970937e-01
9.767165637364585984e-02
7.919541825501433263e-02
6.002454092944728425e-02
4.031932355809287466e-02
2.025134829245044121e-02
1.290059243046902022e-16
5.009334148990176574e-17
-1.910680019705760652e-02
-3.805207062759555919e-02
-5.667745054141921229e-02
-7.483079280673476941e-02
-9.236896845119460520e-02
-1.091603294853411565e-01
-1.250867510846209452e-01
-1.400451973390448579e-01
-1.539487825762066164e-01
-1.667273263354812907e-01
-1.783274247732955786e-01
-1.887120771717199497e-01
-1.978599301564804014e-01
-2.057642022498438472e-01
-2.124313627057376197e-01
-2.178796396353216425e-01
-2.221374216426764137e-01
-2.252416213321795091e-01
-2.272360533082084799e-01
-2.281698682432300729e-01
-2.280960860510717059e-01
-2.270702481901185066e-01
-2.251492103809895895e-01
-2.223900855066656690e-01
-2.188493412934998938e-01
-2.145820522476559467e-01
-2.096413014987507095e-01
-2.040777252574901834e-01
-1.979391906688058311e-01
-1.912705956426530296e-01
-1.841137807723447206e-01
-1.765075377442750226e-01
-1.684877051871240261e-01
-1.600873362110220577e-01
-1.513369250717825909e-01
-1.422646801822569362e-01
-1.328968291480019659e-01
-1.232579427044559056e-01
-1.133712643158103911e-01
-1.032590327244609640e-01
-9.294278560919455590e-02
-8.244363376603792981e-02
-7.178249687459269113e-02
-6.098029389505037201e-02
-5.005808410312749535e-02
-3.903715646637213182e-02
-2.793906931006076913e-02
-1.678564405670746745e-02
-5.598920080074150721e-03
5.598920080074234855e-03
1.678564405670714479e-02
2.793906931006091832e-02
3.903715646637101466e-02
5.005808410312715534e-02
6.098029389505060099e-02
7.178249687459599404e-02
8.244363376603618121e-02
9.294278560919390364e-02
1.032590327244593403e-01
1.133712643158105993e-01
1.232579427044552672e-01
1.328968291480037145e-01
1.422646801822639306e-01
1.513369250717859216e-01
1.600873362110250553e-01
1.684877051871254694e-01
1.765075376827628661e-01
1.841137807723516595e-01
1.912705956426541676e-01
1.979391906688051095e-01
2.040777252574859091e-01
2.096413014987543177e-01
2.145820522476628855e-01
2.188493413861286319e-01
2.223900855066670013e-01
2.251492103809848710e-01
2.270702481901222813e-01
2.280960861574016785e-01
2.281698682432273528e-01
2.272360533082125322e-01
2.252416215195487681e-01
2.221374215801371899e-01
2.178796396014238690e-01
2.124313627286961714e-01
2.057642022457980835e-01
1.978599302098843493e-01
1.887120771419056320e-01
1.783274247884453489e-01
1.667273264914352904e-01
1.539487826206778764e-01
1.400451973875915246e-01
1.250867510517619796e-01
1.091603294523666445e-01
9.236896842260827745e-02
7.483079282677963795e-02
5.667745054103865560e-02
3.805207065613065709e-02
1.910680019730811099e-02
1.239344227071680297e-16
4.929658932144894672e-17
-1.718505869639626663e-02
-3.423239413698836442e-02
-5.100675323210973611e-02
-6.737773558395464268e-02
-8.322200624797089497e-02
-9.842526447745310325e-02
-1.128839119942210145e-01
-1.265063751473575748e-01
-1.392140575770241251e-01
-1.509419154529940410e-01
-1.616386642639212057e-01
-1.712666418049263173e-01
-1.798013615801767329e-01
-1.872308019869405593e-01
-1.935544798342108408e-01
-1.987823592585813981e-01
-2.029336484059046652e-01
-2.060355288829977261e-01
-2.081218656418683532e-01
-2.092319301380043683e-01
-2.094091733937633037e-01
-2.087000701300104621e-01
-2.071530561535143977e-01
-2.048175714730179064e-01
-2.017432180781555395e-01
-1.979790361566396983e-01
-1.935729019439865195e-01
-1.885710423445320638e-01
-1.830176638612701634e-01
-1.769546900638560016e-01
-1.704215982584161848e-01
-1.634553490545403165e-01
-1.560903979182978740e-01
-1.483587785866407049e-01
-1.402902475378524916e-01
-1.319124788092964073e-01
-1.232512959768788247e-01
-1.143309300236075438e-01
-1.051742906937743194e-01
-9.580323965166250011e-02
-8.623885397143374321e-02
-7.650166956536474938e-02
-6.661189624485837346e-02
-5.658959686925833094e-02
-4.645482606635947115e-02
-3.622772643749201660e-02
-2.592858237073490321e-02
-1.557783480147533102e-02
-5.196062461884138131e-03
5.196062461836078485e-03
1.557783480316630303e-02
2.592858237935708951e-02
3.622772643959634026e-02
4.645482607193784225e-02
5.658959685847625432e-02
6.661189625197476427e-02
7.650166956674132879e-02
8.623885397052580282e-02
9.580323965918162432e-02
1.051742906897229352e-01
1.143309300318707394e-01
1.232512959863101276e-01
1.319124787876447824e-01
1.402902475042392405e-01
1.483587785177931384e-01
1.560903979436400191e-01
1.634553490414607235e-01
1.704215982432027987e-01
1.769546900863922523e-01
1.830176639025746232e-01
1.885710423128478808e-01
1.935729019706403653e-01
1.979790362085873390e-01
2.017432180441048606e-01
2.048175715387299256e-01
2.071530561867968856e-01
2.087000701644489142e-01
2.094091734446127950e-01
2.092319301814704324e-01
2.081218656376516429e-01
2.060355289234578613e-01
2.029336483513526357e-01
1.987823593716051274e-01
1.935544798648424492e-01
1.872308020079491153e-01
1.798013615572620072e-01
1.712666418512493183e-01
1.616386642769398196e-01
1.509419153796748569e-01
1.392140575841815664e-01
1.265063751396023894e-01
1.128839120039366595e-01
9.842526447244814847e-02
8.322200625546972985e-02
6.737773561564212865e-02
5.100675321911597726e-02
3.423239412337084758e-02
1.718505869681098697e-02
1.157059015198328152e-16
4.941432559020520884e-17
-1.497548902016165341e-02
-2.983573826664826650e-02
-4.446742425347538497e-02
-5.876099392211645012e-02
-7.261239779614769851e-02
-8.592464965118878917e-02
-9.860916902746363899e-02
-1.105868738079612279e-01
-1.217890015380104218e-01
-1.321576507195948713e-01
-1.416460445013455749e-01
-1.502185296771225975e-01
-1.578503329679456779e-01
-1.645271029354875014e-01
-1.702442704726881972e-01
-1.750062649974932494e-01
-1.788256206329200404e-01
-1.817220106458239670e-01
-1.837212412885872170e-01
-1.848542372617086038e-01
-1.851560427066792636e-01
-1.846648632464415463e-01
-1.834211634688835968e-01
-1.814668367893747525e-01
-1.788444567594341394e-01
-1.755966156609251039e-01
-1.717653573116517951e-01
-1.673917007829786863e-01
-1.625152598983513330e-01
-1.571739498665562507e-01
-1.514037826429368572e-01
-1.452387409214425940e-01
-1.387107275151156227e-01
-1.318495800203532686e-01
-1.246831448119262026e-01
-1.172373991571746960e-01
-1.095366131754943462e-01
-1.016035404573651241e-01
-9.345962804272238411e-02
-8.512523453417779329e-02
-7.661984689330202103e-02
-6.796228698860411199e-02
-5.917089953659581542e-02
-5.026371505930681688e-02
-4.125858341283369923e-02
-3.217327507050070368e-02
-2.302555013168898490e-02
-1.383319701389847459e-02
-4.614044736928179374e-03
4.614044736392318088e-03
1.383319701420954173e-02
2.302555014012609355e-02
3.217327507684582949e-02
4.125858341436624416e-02
5.026371505848249016e-02
5.917089953443042255e-02
6.796228699436650256e-02
7.661984690516566998e-02
8.512523455506658399e-02
9.345962807077941303e-02
1.016035404678774512e-01
1.095366131457834319e-01
1.172373991786948288e-01
1.246831447929607900e-01
1.318495800001188434e-01
1.387107275125547545e-01
1.452387409840822097e-01
1.514037826338530124e-01
1.571739498665593038e-01
1.625152598836432372e-01
1.673917008234168113e-01
1.717653572949106033e-01
1.755966156663765765e-01
1.788444567309218636e-01
1.814668368259354236e-01
1.834211634317296780e-01
1.846648632304467019e-01
1.851560427495406447e-01
1.848542372208408779e-01
1.837212412465552558e-01
1.817220105948498532e-01
1.788256204939464300e-01
1.750062649953496585e-01
1.702442705362718911e-01
1.645271028364310717e-01
1.578503329663947241e-01
1.502185296818077942e-01
1.416460445145651947e-01
1.321576507394560951e-01
1.217890015573152157e-01
1.105868738225362358e-01
9.860916896001302445e-02
8.592464965127206977e-02
7.261239776761911624e-02
5.876099390874851142e-02
4.446742425778955898e-02
2.983573825976319760e-02
1.497548902166836830e-02
1.072819550445572383e-16
5.085340344700509626e-17
-1.276648443056210315e-02
-2.543765816136571781e-02
-3.791969833613543367e-02
-5.012171315651249570e-02
-6.195709829370774774e-02
-7.334476828748011379e-02
-8.421023021382335882e-02
-9.448647544980201540e-02
-1.041146713429609155e-01
-1.130446446167939351e-01
-1.212351555607661391e-01
-1.286539697701148399e-01
-1.352777406439786556e-01
-1.410917207900878323e-01
-1.460893255439088267e-01
-1.502715722548164101e-01
-1.536464232177883193e-01
-1.562280560956241793e-01
-1.580360894387206616e-01
-1.590947851545977954e-01
-1.594322502503784655e-01
-1.590796549565192675e-01
-1.580704843427032935e-01
-1.564398365380399725e-01
-1.542237754003870642e-01
-1.514587483794489486e-01
-1.481810718136185312e-01
-1.444264895294979645e-01
-1.402298032856941767e-01
-1.356245772840992680e-01
-1.306429127739140161e-01
-1.253152914744355695e-01
-1.196704821128534019e-01
-1.137355061074159374e-01
-1.075356555820593252e-01
-1.010945566367582871e-01
-9.443427159263341475e-02
-8.757543037081305659e-02
-8.053738420511732943e-02
-7.333837229104904487e-02
-6.599569398964094669e-02
-5.852587815728114290e-02
-5.094484322473538662e-02
-4.326804247213302673e-02
-3.551059012365109790e-02
-2.768736546914575894e-02
-1.981309461662954588e-02
-1.190241065912497724e-02
-3.969895147908664677e-03
3.969895148167063015e-03
1.190241065793259424e-02
1.981309461608669539e-02
2.768736546867779300e-02
3.551059012486120631e-02
4.326804247693513683e-02
5.094484322371266999e-02
5.852587816355803857e-02
6.599569399714685924e-02
7.333837231444238769e-02
8.053738418187414427e-02
8.757543036575778095e-02
9.443427170962219452e-02
1.010945566183693994e-01
1.075356555389331142e-01
1.137355061073869605e-01
1.196704821060263074e-01
1.253152914556527886e-01
1.306429127612360463e-01
1.356245772919981996e-01
1.402298032665149907e-01
1.444264895154740713e-01
1.481810718228740720e-01
1.514587483412069002e-01
1.542237753829350522e-01
1.564398365866895291e-01
1.580704843389336978e-01
1.590796549413329986e-01
1.594322503775409683e-01
1.590947852983667643e-01
1.580360894589800669e-01
1.562280560855413003e-01
1.536464232529195506e-01
1.502715723034327711e-01
1.460893255551186931e-01
1.410917207831439701e-01
1.352777406420007933e-01
1.286539697757244638e-01
1.212351555944715664e-01
1.130446446002221217e-01
1.041146713544744834e-01
9.448647545851171503e-02
8.421023020380910551e-02
7.334476827169142399e-02
6.195709834186349796e-02
5.012171314678419420e-02
3.791969832806479229e-02
2.543765816425292564e-02
1.276648443039652032e-02
1.001831902617837260e-16
5.361323159791407491e-17
-1.071713919693121492e-02
-2.135602068213296456e-02
-3.183954595040957430e-02
-4.209290254922326557e-02
-5.204462773178879231e-02
-6.162758114023270811e-02
-7.077980198872504958e-02
-7.944523185756535710e-02
-8.757428971015407404e-02
-9.512429035038877378e-02
-1.020597052021477852e-01
-1.083522674721322937e-01
-1.139809306808808598e-01
-1.189316916945864083e-01
-1.231972939120624944e-01
-1.267768273217150798e-01
-1.296752450512034527e-01
-1.319028145897998827e-01
-1.334745230298765017e-01
-1.344094546059250439e-01
-1.347301561248876178e-01
-1.344620071005795392e-01
-1.336326063195155400e-01
-1.322711864760593714e-01
-1.304080662923115808e-01
-1.280741477899412784e-01
-1.253004634050294275e-01
-1.221177773474753370e-01
-1.185562442971881958e-01
-1.146451246561380477e-01
-1.104125580355918568e-01
-1.058853922661132790e-01
-1.010890660689602177e-01
-9.604754190175739115e-02
-9.078328493589873927e-02
-8.531728227086399219e-02
-7.966909859816981299e-02
-7.385696008893116726e-02
-6.789786191082058942e-02
-6.180769103137466469e-02
-5.560135954290613275e-02
-4.929294099280451258e-02
-4.289580475821636041e-02
-3.642274365671965830e-02
-2.988609100263906956e-02
-2.329782471905218408e-02
-1.666965739723750423e-02
-1.001311247800610107e-02
-3.339588203186521099e-03
3.339588203290642238e-03
1.001311247815846531e-02
1.666965739787130973e-02
2.329782472743051336e-02
2.988609100961651249e-02
3.642274365158347516e-02
4.289580475747602206e-02
4.929294099253382633e-02
5.560135954483852450e-02
6.180769102979085522e-02
6.789786188920232668e-02
7.385696009517138394e-02
7.966909859587090192e-02
8.531728226363780032e-02
9.078328493887009853e-02
9.604754192698732040e-02
1.010890660508541317e-01
1.058853922314021007e-01
1.104125580336261792e-01
1.146451246873585045e-01
1.185562443218704659e-01
1.221177773720873161e-01
1.253004634020674357e-01
1.280741477690843233e-01
1.304080663237075222e-01
1.322711864462543518e-01
1.336326063398551867e-01
1.344620071250171855e-01
1.347301560873830628e-01
1.344094546258908229e-01
1.334745230374718150e-01
1.319028145928290985e-01
1.296752450453883820e-01
1.267768272503873861e-01
1.231972939485083407e-01
1.189316917095349369e-01
1.139809307146009004e-01
1.083522674921973405e-01
1.020597052049042053e-01
9.512429037046211955e-02
8.757428964592409160e-02
7.944523185534599352e-02
7.077980196455770090e-02
6.162758114979782764e-02
5.204462772228976575e-02
4.209290253842568746e-02
3.183954596882233173e-02
2.135602068390009614e-02
1.071713919315755645e-02
9.502319445278853166e-17
5.746039708185276800e-17
-8.902984602906720280e-03
-1.774198651589111234e-02
-2.645393060749174491e-02
-3.497753308708493464e-02
-4.325413878527405165e-02
-5.122849143303703778e-02
-5.884941815141225829e-02
-6.607041413195401114e-02
-7.285011663573075225e-02
-7.915266078837358832e-02
-8.494791547273074228e-02
-9.021159974911398260e-02
-9.492528462822456825e-02
-9.907628817110639141e-02
-1.026574745659011023e-01
-1.056669678571550419e-01
-1.081077954655616097e-01
-1.099874742360938823e-01
-1.113175536834965784e-01
-1.121131302926355738e-01
-1.123923450451708994e-01
-1.121758782411879096e-01
-1.114864485092694757e-01
-1.103483309540490981e-01
-1.087868975722112025e-01
-1.068281892172164710e-01
-1.044985240317823499e-01
-1.018241461865735803e-01
-9.883091782771320777e-02
-9.554405613908238670e-02
-9.198791595213064165e-02
-8.818581786409715462e-02
-8.415992047572706802e-02
-7.993113479964689128e-02
-7.551907798478545153e-02
-7.094206328545799023e-02
-6.621712123752268586e-02
-6.136004894724053638e-02
-5.638548124334279849e-02
-5.130697954657541943e-02
-4.613713335596216630e-02
-4.088766876794402289e-02
-3.556956067447126363e-02
-3.019314340405837224e-02
-2.476821812628060906e-02
-1.930415367386941264e-02
-1.380997992963246823e-02
-8.294473330568704478e-03
-2.766235297503716242e-03
2.766235297503704966e-03
8.294473330361555943e-03
1.380997993246779049e-02
1.930415367360189746e-02
2.476821812097135256e-02
3.019314340865467822e-02
3.556956067486666262e-02
4.088766876539341732e-02
4.613713335312000230e-02
5.130697954584920867e-02
5.638548123831434167e-02
6.136004895632306971e-02
6.621712123612220890e-02
7.094206328150644281e-02
7.551907798431217733e-02
7.993113479330454796e-02
8.415992047478666749e-02
8.818581785334765610e-02
9.198791595412564304e-02
9.554405613762621818e-02
9.883091783121933371e-02
1.018241461825730304e-01
1.044985240245519809e-01
1.068281892201338040e-01
1.087868976037748570e-01
1.103483309884426972e-01
1.114864484755963697e-01
1.121758782396431314e-01
1.123923450182954809e-01
1.121131302907304589e-01
1.113175536636151347e-01
1.099874742176116527e-01
1.081077954961103815e-01
1.056669678855912536e-01
1.026574745819276852e-01
9.907628818983305052e-02
9.492528460490197439e-02
9.021159974879465471e-02
8.494791547601646120e-02
7.915266075420496206e-02
7.285011664618368243e-02
6.607041412646395828e-02
5.884941816026404565e-02
5.122849143800170535e-02
4.325413876984018913e-02
3.497753308205993339e-02
2.645393062101899020e-02
1.774198651388724998e-02
8.902984601512085872e-03
9.185997821524693912e-17
6.205372372277808660e-17
-7.347405781113638609e-03
-1.464260675750717576e-02
-2.183411259922431527e-02
-2.887184431440878787e-02
-3.570779643402127723e-02
-4.229664894997120506e-02
-4.859631539622294438e-02
-5.456841558561156824e-02
-6.017866450365814274e-02
-6.539717168486561261e-02
-7.019864823856056257e-02
-7.456252158440772326e-02
-7.847296138056700232e-02
-8.191881930043044824e-02
-8.489349374625318467e-02
-8.739472379470111796e-02
-8.942432478167594567e-02
-9.098787478530097339e-02
-9.209436229597664503e-02
-9.275580663463833808e-02
-9.298685971357388558e-02
-9.280440102130248226e-02
-9.222713085224945595e-02
-9.127517409579585794e-02
-8.996969783919857300e-02
-8.833255083006139041e-02
-8.638592839251590938e-02
-8.415206790026216743e-02
-8.165297647052524588e-02
-7.891019404420315797e-02
-7.594459243833373563e-02
-7.277621076958085133e-02
-6.942412738548027484e-02
-6.590636641778846450e-02
-6.223983815921832474e-02
-5.844030956107840180e-02
-5.452240424810669839e-02
-5.049962608925005064e-02
-4.638440497720753425e-02
-4.218815953944131392e-02
-3.792137356732708936e-02
-3.359368297192260461e-02
-2.921396808128307737e-02
-2.479044981536553463e-02
-2.033078617390828707e-02
-1.584216726522890209e-02
-1.133140745419389077e-02
-6.805034030773345413e-03
-2.269372297796641916e-03
2.269372297316873347e-03
6.805034031024295715e-03
1.133140745404450332e-02
1.584216726736647693e-02
2.033078617984167974e-02
2.479044981326661290e-02
2.921396807491096620e-02
3.359368296723278663e-02
3.792137356816280974e-02
4.218815954408038083e-02
4.638440497478239083e-02
5.049962608947708431e-02
5.452240424677317482e-02
5.844030955946621919e-02
6.223983815955805299e-02
6.590636641425924591e-02
6.942412738058087451e-02
7.277621077210595646e-02
7.594459243166946927e-02
7.891019406038950190e-02
8.165297648084048066e-02
8.415206789873073967e-02
8.638592839064417050e-02
8.833255081018587251e-02
8.996969783541705623e-02
9.127517408286332790e-02
9.222713084920437787e-02
9.280440101309206380e-02
9.298685970478758056e-02
9.275580665462704322e-02
9.209436228801799740e-02
9.098787480452745491e-02
8.942432482291862161e-02
8.739472380240885518e-02
8.489349374203669640e-02
8.191881931559684416e-02
7.847296134222424280e-02
7.456252160848679533e-02
7.019864821382511277e-02
6.539717165810118860e-02
6.017866447039275923e-02
5.456841560752461601e-02
4.859631537296915660e-02
4.229664894994310254e-02
3.570779642478774663e-02
2.887184430500661786e-02
2.183411259253397949e-02
1.464260675718619641e-02
7.347405777866805252e-03
9.044242990758470106e-17
6.703065155193621088e-17
-6.043293365544480031e-03
-1.204400533275853426e-02
-1.796012028720271256e-02
-2.375074085911450805e-02
-2.937661430225383535e-02
-3.480062086889144923e-02
-3.998821373159713172e-02
-4.490780178902610553e-02
-4.953106821825994932e-02
-5.383322042602754764e-02
-5.779316850533552929e-02
-6.139363214263122981e-02
-6.462117704856321088e-02
-6.746618451785210691e-02
-6.992275892803301307e-02
-7.198857888417113660e-02
-7.366469963389828124e-02
-7.495531399690660845e-02
-7.586747930543423502e-02
-7.641081913346411958e-02
-7.659720777721447382e-02
-7.644044402007418859e-02
-7.595592184904979838e-02
-7.516030535838501281e-02
-7.407121189806885331e-02
-7.270690982867784868e-02
-7.108603495931710425e-02
-6.922732888037889942e-02
-6.714940230160836021e-02
-6.487052555047426172e-02
-6.240844751653876199e-02
-5.978024402496745493e-02
-5.700219492681673356e-02
-5.408969159417748029e-02
-5.105717105523859684e-02
-4.791807731590193992e-02
-4.468484667503386937e-02
-4.136891599631114386e-02
-3.798074953733839715e-02
-3.452988342235167180e-02
-3.102498333276757642e-02
-2.747391320464406816e-02
-2.388381206763781975e-02
-2.026117641128366564e-02
-1.661194579591891013e-02
-1.294159007959149073e-02
-9.255196775434976902e-03
-5.557557803063083342e-03
-1.853255050291848210e-03
1.853255050987001346e-03
5.557557802644987228e-03
9.255196781196042138e-03
1.294159007863046607e-02
1.661194579423795267e-02
2.026117641076396678e-02
2.388381206989729708e-02
2.747391320705304396e-02
3.102498333249419440e-02
3.452988342423503332e-02
3.798074953268303078e-02
4.136891599410234127e-02
4.468484667404914318e-02
4.791807731087353167e-02
5.105717105744564388e-02
5.408969159129099064e-02
5.700219492791917808e-02
5.978024402676300475e-02
6.240844750808220709e-02
6.487052555338829185e-02
6.714940230083317474e-02
6.922732887820633174e-02
7.108603496335148819e-02
7.270690982931200808e-02
7.407121189216783752e-02
7.516030536780611560e-02
7.595592186192053064e-02
7.644044400912369808e-02
7.659720776386523544e-02
7.641081914725063318e-02
7.586747929843785931e-02
7.495531399812772888e-02
7.366469963499358564e-02
7.198857885672600709e-02
6.992275891139086708e-02
6.746618452847867597e-02
6.462117702684543052e-02
6.139363213558070992e-02
5.779316850971655262e-02
5.383322043232002113e-02
4.953106822028208178e-02
4.490780178817649348e-02
3.998821372450556133e-02
3.480062085256202531e-02
2.937661430848625271e-02
2.375074086310981561e-02
1.796012028271673500e-02
1.204400533334901852e-02
6.043293364202881324e-03
9.038033099491963560e-17
7.206132065501427437e-17
-4.967533377707300003e-03
-9.900297560292647958e-03
-1.476397419005709248e-02
-1.952513569217765796e-02
-2.415166635931499661e-02
-2.861315369834168190e-02
-3.288124265015055642e-02
-3.692994662431072633e-02
-4.073590769867423134e-02
-4.427860483442975364e-02
-4.754050631296595497e-02
-5.050716453332294853e-02
-5.316725766165133343e-02
-5.551257587492802043e-02
-5.753795920470543973e-02
-5.924118802202458373e-02
-6.062283494463496791e-02
-6.168607998933061526e-02
-6.243649937510504372e-02
-6.288182868924124813e-02
-6.303171236955155965e-02
-6.289744038666668369e-02
-6.249168182194757976e-02
-6.182821766964229082e-02
-6.092167962672885573e-02
-5.978729730834645567e-02
-5.844066027704203359e-02
-5.689749495958621589e-02
-5.517346134750100023e-02
-5.328397052488896557e-02
-5.124402482407686144e-02
-4.906808106524053470e-02
-4.676993896388006305e-02
-4.436265141587462935e-02
-4.185845998936754686e-02
-3.926875214813819320e-02
-3.660403924272618431e-02
-3.387395440181895784e-02
-3.108726796638078965e-02
-2.825191783587496785e-02
-2.537505352654902818e-02
-2.246309089632655964e-02
-1.952177549684588551e-02
-1.655625282773809381e-02
-1.357114325605749197e-02
-1.057061978386073658e-02
-7.558488824299426818e-03
-4.538270926835023290e-03
-1.513282500200757675e-03
1.513282500200737726e-03
4.538270926835284366e-03
7.558488824300886588e-03
1.057061978386018321e-02
1.357114325605764116e-02
1.655625282767668113e-02
1.952177549634719067e-02
2.246309089655083857e-02
2.537505354974529947e-02
2.825191786171127664e-02
3.108726796722908678e-02
3.387395440085187726e-02
3.660403924456699654e-02
3.926875214723560270e-02
4.185846001347217488e-02
4.436265141424749342e-02
4.676993896604062645e-02
4.906808117258458501e-02
5.124402482345132015e-02
5.328397052530076117e-02
5.517346134779013006e-02
5.689749495888678232e-02
5.844066027541234415e-02
5.978729731200180253e-02
6.092167962877316489e-02
6.182821780123845534e-02
6.249168182255981918e-02
6.289744038881217580e-02
6.303171236697421853e-02
6.288182868698243000e-02
6.243649937439552794e-02
6.168607998876295823e-02
6.062283494478838686e-02
5.924118804387450143e-02
5.753795920342873876e-02
5.551257587571833269e-02
5.316725764410247523e-02
5.050716452759491243e-02
4.754050632931793030e-02
4.427860483491535132e-02
4.073590769912559945e-02
3.692994662263345690e-02
3.288124264965700677e-02
2.861315371966992316e-02
2.415166635136757264e-02
1.952513569205533914e-02
1.476397418715793934e-02
9.900297560314168938e-03
4.967533379257665742e-03
9.125439807048020880e-17
7.687684074242768297e-17
-4.090268566538608763e-03
-8.152084015136807152e-03
-1.215735416719481050e-02
-1.607870086304773877e-02
-1.988979789485201266e-02
-2.356568607329295392e-02
-2.708305997286149930e-02
-3.042052031317966573e-02
-3.355878811504562492e-02
-3.648087652026067024e-02
-3.917221992646829215e-02
-4.162075826120213706e-02
-4.381697669495028535e-02
-4.575390319055709643e-02
-4.742706629318883121e-02
-4.883441421574592767e-02
-4.997620262217714743e-02
-5.085485125549316088e-02
-5.147477764604561218e-02
-5.184221029950127069e-02
-5.196498796511107160e-02
-5.185234535308800435e-02
-5.151470098324610614e-02
-5.096343347179134453e-02
-5.021066866642943938e-02
-4.926906904444550150e-02
-4.815163378317183912e-02
-4.687151136239792876e-02
-4.544182549805396432e-02
-4.387551767010321180e-02
-4.218521051726997761e-02
-4.038308449144089457e-02
-3.848077946945713257e-02
-3.648931301355350793e-02
-3.441901883972289106e-02
-3.227950398828492024e-02
-3.007962464888790793e-02
-2.782747675681626967e-02
-2.553040581568559106e-02
-2.319502665116861609e-02
-2.082725691863783479e-02
-1.843236127609275410e-02
-1.601500335601524494e-02
-1.357930503568115753e-02
-1.112891099955582060e-02
-8.667057318114790299e-03
-6.196642900987894137e-03
-3.720302900592455629e-03
-1.240483365971616850e-03
1.240483365971633114e-03
3.720302900591461633e-03
6.196642900988437973e-03
8.667057318114523151e-03
1.112891099955625428e-02
1.357930503568034221e-02
1.601500335603964209e-02
1.843236127609642477e-02
2.082725691873765078e-02
2.319502665116630197e-02
2.553040581534116518e-02
2.782747675739358911e-02
3.007962464737237024e-02
3.227950398732748472e-02
3.441901883879946306e-02
3.648931301345011841e-02
3.848077946860987975e-02
4.038308449124603655e-02
4.218521051712462860e-02
4.387551766765211692e-02
4.544182549886135319e-02
4.687151135521115675e-02
4.815163377850064513e-02
4.926906904517579233e-02
5.021066866513336502e-02
5.096343347179647931e-02
5.151470098200155306e-02
5.185234534616511154e-02
5.196498796184800817e-02
5.184221030974187072e-02
5.147477765409460421e-02
5.085485125657122907e-02
4.997620262187608270e-02
4.883441422247899316e-02
4.742706629269418522e-02
4.575390318714015608e-02
4.381697670432781189e-02
4.162075826005021822e-02
3.917221992693886712e-02
3.648087650655722908e-02
3.355878810850440597e-02
3.042052031303012910e-02
2.708305997349495439e-02
2.356568607357924922e-02
1.988979789491562844e-02
1.607870086279968025e-02
1.215735416746471613e-02
8.152084015118021831e-03
4.090268568734319390e-03
9.268031240700524529e-17
8.127869935156726780e-17
-3.380465235255777998e-03
-6.737572156522418990e-03
-1.004825311901563246e-02
-1.329001573843676363e-02
-1.644121546822019733e-02
-1.948131071309565365e-02
-2.239109545294447334e-02
-2.515290512039399656e-02
-2.775079223512869758e-02
-3.017066918773499487e-02
-3.240041649415746627e-02
-3.442995580977936676e-02
-3.625128752985954522e-02
-3.785849433375147038e-02
-3.924771193744058806e-02
-4.041706965229588389e-02
-4.136660349969418365e-02
-4.209814505154343967e-02
-4.261518968773898852e-02
-4.292274793297085056e-02
-4.302718362786785850e-02
-4.293604299255508738e-02
-4.265787689692535772e-02
-4.220206312944656257e-02
-4.157862800760264710e-02
-4.079807167749095048e-02
-3.987120285119966773e-02
-3.880897962397816120e-02
-3.762236346762695000e-02
-3.632218526872726255e-02
-3.491902721506037754e-02
-3.342311671524538647e-02
-3.184423946003740041e-02
-3.019166696052881516e-02
-2.847410064786286971e-02
-2.669963172430555795e-02
-2.487571617298230814e-02
-2.300916426892059621e-02
-2.110614321771761212e-02
-1.917219198455029361e-02
-1.721224689920467649e-02
-1.523067655857107162e-02
-1.323132471726364175e-02
-1.121755976223001716e-02
-9.192329662055263861e-03
-7.158220826226156797e-03
-5.117520352496966046e-03
-3.072280516126331060e-03
-1.024384829048705699e-03
1.024384828993610665e-03
3.072280515066920688e-03
5.117520351076066190e-03
7.158220827134404232e-03
9.192329664021569452e-03
1.121755976260597337e-02
1.323132471228900646e-02
1.523067655759362954e-02
1.721224690044726238e-02
1.917219197746871523e-02
2.110614321541200850e-02
2.300916426645938442e-02
2.487571617574885208e-02
2.669963171619475772e-02
2.847410064957771325e-02
3.019166694840946449e-02
3.184423945427868052e-02
3.342311672291057439e-02
3.491902722291781447e-02
3.632218527070878167e-02
3.762236347087972999e-02
3.880897962446241967e-02
3.987120285062159541e-02
4.079807168801088263e-02
4.157862800737471831e-02
4.220206312577323704e-02
4.265787689645036268e-02
4.293604298883953174e-02
4.302718362659306572e-02
4.292274793806730854e-02
4.261518968219490250e-02
4.209814504807213309e-02
4.136660349853021196e-02
4.041706965743561975e-02
3.924771193754787724e-02
3.785849433194361097e-02
3.625128752890600242e-02
3.442995580491516744e-02
3.240041649764772991e-02
3.017066918645412363e-02
2.775079223136955528e-02
2.515290512474933904e-02
2.239109545509540555e-02
1.948131071290273506e-02
1.644121546600606568e-02
1.329001573793569223e-02
1.004825311765353800e-02
6.737572156976935622e-03
3.380465235255971420e-03
9.433961896215108996e-17
8.513597383282336840e-17
-2.808978454315206718e-03
-5.598705001115570137e-03
-8.350163013665966652e-03
-1.104480163738465193e-02
-1.366475683773787399e-02
-1.619305870056139685e-02
-1.861382094490112230e-02
-2.091240936184908181e-02
-2.307558623857351027e-02
-2.509162874545487615e-02
-2.695041975645446133e-02
-2.864351038046306780e-02
-3.016415431504399294e-02
-3.150731439571864689e-02
-3.266964276797339889e-02
-3.364943619502088618e-02
-3.444656890888735112e-02
-3.506240522375812102e-02
-3.549969493651805585e-02
-3.576245438289425704e-02
-3.585583579436511792e-02
-3.578598871820395239e-02
-3.555991577417327160e-02
-3.518532598878949813e-02
-3.467048833778726968e-02
-3.402408793285748023e-02
-3.325508720086292613e-02
-3.237259406862019046e-02
-3.138573889986977922e-02
-3.030356166164299356e-02
-2.913491052547269658e-02
-2.788835278801216414e-02
-2.657209881456498723e-02
-2.519393915527647770e-02
-2.376119514016547876e-02
-2.228068252877440925e-02
-2.075868807753055226e-02
-1.920095808333104059e-02
-1.761269835073794518e-02
-1.599858447452440907e-02
-1.436278158277687345e-02
-1.270897210561984687e-02
-1.104039084467928547e-02
-9.359865881043413771e-03
-7.669864471809072042e-03
-5.972542902211619605e-03
-4.269799361114661081e-03
-2.563329184190242093e-03
-8.546817159101759067e-04
8.546817159104838201e-04
2.563329186466743563e-03
4.269799361484877959e-03
5.972542900607948416e-03
7.669864470446825788e-03
9.359865882740642934e-03
1.104039084800431496e-02
1.270897210373653913e-02
1.436278158128522636e-02
1.599858447406852374e-02
1.761269834110744392e-02
1.920095808282921285e-02
2.075868808696748613e-02
2.228068252765147764e-02
2.376119513788498352e-02
2.519393916335126854e-02
2.657209882616464250e-02
2.788835279352657251e-02
2.913491051991236661e-02
3.030356166652918570e-02
3.138573889969485664e-02
3.237259406763222380e-02
3.325508720321485034e-02
3.402408793243909962e-02
3.467048833761547655e-02
3.518532599633214519e-02
3.555991579013263043e-02
3.578598871693629974e-02
3.585583579505623869e-02
3.576245437680122125e-02
3.549969493918984226e-02
3.506240522131575527e-02
3.444656890477453687e-02
3.364943619957416060e-02
3.266964277510515935e-02
3.150731440186473054e-02
3.016415431255050142e-02
2.864351038343683487e-02
2.695041976249365479e-02
2.509162874627294051e-02
2.307558623775425241e-02
2.091240936229936398e-02
1.861382094424717665e-02
1.619305870083072654e-02
1.366475683875656086e-02
1.104480163616173433e-02
8.350163013935532272e-03
5.598705002369742251e-03
2.808978454482484802e-03
9.598876890915708317e-17
8.837586657500306136e-17
-2.350006982323653380e-03
-4.684073119734188245e-03
-6.986448926667039247e-03
-9.241763835766214977e-03
-1.143520627412288743e-02
-1.355269278857765790e-02
-1.558102306018530059e-02
-1.750801810396227648e-02
-1.932263931217452491e-02
-2.101508664967496193e-02
-2.257687475852196077e-02
-2.400088631163878328e-02
-2.528140252585050693e-02
-2.641411123056871049e-02
-2.739609337691509272e-02
-2.822578926433980812e-02
-2.890294617767686855e-02
-2.942854934966518399e-02
-2.980473844537819342e-02
-3.003471187755386851e-02
-3.012262142379852278e-02
-3.007345937493679719e-02
-2.989294098874326414e-02
-2.958738428551581368e-02
-2.916358955573109327e-02
-2.862872063634254796e-02
-2.799018988382579939e-02
-2.725554854884471023e-02
-2.643238400040544278e-02
-2.552822517361320528e-02
-2.455045724553392775e-02
-2.350624626943695686e-02
-2.240247446537954601e-02
-2.124568638577077270e-02
-2.004204613049900829e-02
-1.879730550995347207e-02
-1.751678284132586472e-02
-1.620535179780852736e-02
-1.486743993227196935e-02
-1.350703580793523838e-02
-1.212770424570257938e-02
-1.073260840724116899e-02
-9.324538094012771797e-03
-7.905943264589704658e-03
-6.478971805075065676e-03
-5.045510838249616867e-03
-3.607230786452255648e-03
-2.165631556531394646e-03
-7.220902234703794557e-04
7.220902234705200767e-04
2.165631555766458789e-03
3.607230786637828125e-03
5.045510834202652714e-03
6.478971805815396216e-03
7.905943266755852128e-03
9.324538093673347128e-03
1.073260841238070883e-02
1.212770425015812815e-02
1.350703581193891077e-02
1.486743992716969658e-02
1.620535179944313647e-02
1.751678284428684687e-02
1.879730551836863994e-02
2.004204612722548795e-02
2.124568638039755000e-02
2.240247446516938079e-02
2.350624627380175358e-02
2.455045725833100365e-02
2.552822517142868189e-02
2.643238400054331860e-02
2.725554854279713460e-02
2.799018988138786412e-02
2.862872064047941242e-02
2.916358955378960810e-02
2.958738428983344326e-02
2.989294099032989080e-02
3.007345938076255026e-02
3.012262142145999758e-02
3.003471187958258598e-02
2.980473844685034915e-02
2.942854934833085204e-02
2.890294617815272749e-02
2.822578926472154096e-02
2.739609337523082888e-02
2.641411123163070127e-02
2.528140252567605620e-02
2.400088631104210432e-02
2.257687476006044192e-02
2.101508665096700479e-02
1.932263931171305724e-02
1.750801810274235995e-02
1.558102306330130978e-02
1.355269278689767883e-02
1.143520627394613819e-02
9.241763836269284785e-03
6.986448927106997213e-03
4.684073119728670090e-03
2.350006982366851897e-03
9.745526813637123173e-17
9.097165715531115889e-17
-1.981566737094505367e-03
-3.949866117508252054e-03
-5.891787120334552111e-03
-7.794528356881588738e-03
-9.645745387937755544e-03
-1.143368926456375667e-02
-1.314733377531692414e-02
-1.477648918734383865e-02
-1.631190060012131446e-02
-1.774532952001767888e-02
-1.906961759305619494e-02
-2.027873193090197479e-02
-2.136779192500507310e-02
-2.233307776379145002e-02
-2.317202133763666266e-02
-2.388318053343519570e-02
-2.446619816584861065e-02
-2.492174713673528386e-02
-2.525146349380076941e-02
-2.545786927462839397e-02
-2.554428707671586862e-02
-2.551474834152148499e-02
-2.537389727427049116e-02
-2.512689245286837264e-02
-2.477930781350513867e-02
-2.433703483979007126e-02
-2.380618755404682180e-02
-2.319301173438654759e-02
-2.250379958589168727e-02
-2.174481101677891437e-02
-2.092220240351631844e-02
-2.004196350463153045e-02
-1.910986303325755420e-02
-1.813140322094715026e-02
-1.711178348130511576e-02
-1.605587303144042147e-02
-1.496819236927801611e-02
-1.385290313266918268e-02
-1.271380582705571548e-02
-1.155434491024971699e-02
-1.037762040767113703e-02
-9.186405422872820012e-03
-7.983168765120535193e-03
-6.770101936001838260e-03
-5.549149717814964335e-03
-4.322043750771222340e-03
-3.090338406496028010e-03
-1.855448535819552783e-03
-6.186883985853145439e-04
6.186883985854689343e-04
1.855448534823502535e-03
3.090338409626877322e-03
4.322043747466221102e-03
5.549149718018379744e-03
6.770101936667382268e-03
7.983168759426988864e-03
9.186405414784666601e-03
1.037762040359286805e-02
1.155434491187873683e-02
1.271380582741308239e-02
1.385290312763495790e-02
1.496819236968849332e-02
1.605587303045713510e-02
1.711178348118409798e-02
1.813140321989077305e-02
1.910986302313173388e-02
2.004196351152242456e-02
2.092220240398650136e-02
2.174481101608894545e-02
2.250379958636620006e-02
2.319301173758197415e-02
2.380618755464962433e-02
2.433703483536894807e-02
2.477930781360489915e-02
2.512689245644108768e-02
2.537389727170219489e-02
2.551474833843743115e-02
2.554428707534991613e-02
2.545786927328557575e-02
2.525146349537019455e-02
2.492174713812187609e-02
2.446619816668180181e-02
2.388318053283055784e-02
2.317202134183696249e-02
2.233307776419019702e-02
2.136779192617026257e-02
2.027873193088072790e-02
1.906961759154040398e-02
1.774532952191390511e-02
1.631190060033127845e-02
1.477648918564828870e-02
1.314733377713648947e-02
1.143368926515067260e-02
9.645745388022977304e-03
7.794528356210558666e-03
5.891787119291148900e-03
3.949866116900561074e-03
1.981566737094794198e-03
9.862745365606168137e-17
9.293063610534393530e-17
-1.685411161308784196e-03
-3.359718496801963970e-03
-5.011946435107108092e-03
-6.631373471506266624e-03
-8.207653153613537339e-03
-9.730928002159034904e-03
-1.119193432776815003e-02
-1.258209612194657878e-02
-1.389360653307423164e-02
-1.511949573051056366e-02
-1.625368429895855671e-02
-1.729102168996084904e-02
-1.822730955395866076e-02
-1.905931014988348354e-02
-1.978474032364987978e-02
-2.040225181834369808e-02
-2.091139893615576867e-02
-2.131259478976618715e-02
-2.160705745614187323e-02
-2.179674766283918805e-02
-2.188429941471896345e-02
-2.187294532237995040e-02
-2.176643819076379271e-02
-2.156897041106528579e-02
-2.128509282793462562e-02
-2.091963429517738893e-02
-2.047762350008369009e-02
-1.996421408017853144e-02
-1.938461415401830645e-02
-1.874402125049990861e-02
-1.804756323818478350e-02
-1.730024604069989660e-02
-1.650690836243809759e-02
-1.567218378975327939e-02
-1.480047039216642393e-02
-1.389590771234723229e-02
-1.296236096029099345e-02
-1.200341196282699203e-02
-1.102235694473393569e-02
-1.002220989619950070e-02
-9.005711487018655884e-03
-7.975342765639650486e-03
-6.933342982191251398e-03
-5.881730957837354515e-03
-4.822329352211305459e-03
-3.756791350688231269e-03
-2.686629183592079747e-03
-1.613244141855100372e-03
-5.379575397822042174e-04
5.379575397822750158e-04
1.613244141582956519e-03
2.686629184448643265e-03
3.756791347723577573e-03
4.822329350623821842e-03
5.881730959183983920e-03
6.933342983409250190e-03
7.975342763561982587e-03
9.005711487929991127e-03
1.002220989957985919e-02
1.102235694812150543e-02
1.200341195746969930e-02
1.296236095058558684e-02
1.389590771750538224e-02
1.480047039181645908e-02
1.567218378807110762e-02
1.650690836112029755e-02
1.730024604457473109e-02
1.804756323502929374e-02
1.874402123925953539e-02
1.938461415313219582e-02
1.996421407703849113e-02
2.047762350140507406e-02
2.091963429689149348e-02
2.128509282431533325e-02
2.156897041713311952e-02
2.176643819027919771e-02
2.187294532403267697e-02
2.188429941296280226e-02
2.179674766715141224e-02
2.160705745894812499e-02
2.131259478263754226e-02
2.091139893490067542e-02
2.040225181714134389e-02
1.978474032264134971e-02
1.905931014917904703e-02
1.822730955385599289e-02
1.729102169007502507e-02
1.625368429931383848e-02
1.511949572931385079e-02
1.389360653383832529e-02
1.258209612207328819e-02
1.119193432862267655e-02
9.730928001778866784e-03
8.207653153412004104e-03
6.631373471676613000e-03
5.011946435284877349e-03
3.359718496492643692e-03
1.685411161285429180e-03
9.944211672680955341e-17
9.428344935098154790e-17
-1.446675087993827633e-03
-2.884002395885328952e-03
-4.302739767808583075e-03
-5.693854310429636786e-03
-7.048622133456331103e-03
-8.358722349956522815e-03
-9.616323692229040987e-03
-1.081416225939599296e-02
-1.194560917025201154e-02
-1.300472713574422380e-02
-1.398631523782626132e-02
-1.488594150951010574e-02
-1.569996314745326221e-02
-1.642553450108247617e-02
-1.706060319610116713e-02
-1.760389503055946603e-02
-1.805488841682994366e-02
-1.841377936301792986e-02
-1.868143813776277501e-02
-1.885935877551851714e-02
-1.894960278321498187e-02
-1.895473830513117255e-02
-1.887777614319110023e-02
-1.872210388717926444e-02
-1.849141945774992329e-02
-1.818966524066059284e-02
-1.782096392149919162e-02
-1.738955704799094448e-02
-1.689974715059706922e-02
-1.635584425856184687e-02
-1.576211741833605240e-02
-1.512275161369192739e-02
-1.444181053147740486e-02
-1.372320544815829914e-02
-1.297067004840586797e-02
-1.218774141758293891e-02
-1.137774680810747265e-02
-1.054379611010560457e-02
-9.688779411611296924e-03
-8.815369423177555480e-03
-7.926028246941437677e-03
-7.023017842104825430e-03
-6.108413822781702182e-03
-5.184121995806268909e-03
-4.251897165334769454e-03
-3.313363740168960569e-03
-2.370037781296733658e-03
-1.423350076031733519e-03
-4.746700225727876676e-04
4.746700224226697395e-04
1.423350076031686682e-03
2.370037780212574854e-03
3.313363740367860494e-03
4.251897161211350834e-03
5.184121993338148583e-03
6.108413822877392131e-03
7.023017839771793225e-03
7.926028249614766250e-03
8.815369420278088355e-03
9.688779405668455219e-03
1.054379611218889817e-02
1.137774680826358388e-02
1.218774142273316291e-02
1.297067004706790698e-02
1.372320544208694044e-02
1.444181053137026140e-02
1.512275160657302643e-02
1.576211742204933555e-02
1.635584426170104064e-02
1.689974714388339794e-02
1.738955704674180133e-02
1.782096392448033126e-02
1.818966524389607070e-02
1.849141945922011532e-02
1.872210388468572087e-02
1.887777614095208917e-02
1.895473830300650406e-02
1.894960278252703911e-02
1.885935877796354743e-02
1.868143814147952414e-02
1.841377936382877778e-02
1.805488841711266543e-02
1.760389503162019045e-02
1.706060319602020411e-02
1.642553450039352034e-02
1.569996314732916703e-02
1.488594151012100943e-02
1.398631523824500275e-02
1.300472713528761856e-02
1.194560917138850868e-02
1.081416226026533228e-02
9.616323692147297347e-03
8.358722350926729369e-03
7.048622133492001354e-03
5.693854310236838752e-03
4.302739767388238760e-03
2.884002395926665244e-03
1.446675088134228345e-03
9.987246966873422704e-17
9.507542163598057623e-17
-1.253408163822052621e-03
-2.498898969718652430e-03
-3.728642351385636627e-03
-4.934981211350156736e-03
-6.110513915352151423e-03
-7.248172115030269806e-03
-8.341292544279432439e-03
-9.383681579466132683e-03
-1.036967155416898545e-02
-1.129416801274804941e-02
-1.215268732152436151e-02
-1.294138426518197556e-02
-1.365706951049204532e-02
-1.429721705000611652e-02
-1.485996181372809324e-02
-1.534408809174946098e-02
-1.574900930089212503e-02
-1.607473993875946361e-02
-1.632186061504242724e-02
-1.649147719997272332e-02
-1.658517507000778837e-02
-1.660496963397579268e-02
-1.655325418608047730e-02
-1.643274617967542886e-02
-1.624643291961212418e-02
-1.599751786065171585e-02
-1.568936817376131998e-02
-1.532546452278620366e-02
-1.490935393671844952e-02
-1.444460606408364510e-02
-1.393477366205372187e-02
-1.338335760129913399e-02
-1.279377651218330247e-02
-1.216934143879005482e-02
-1.151323542788380665e-02
-1.082849803507774343e-02
-1.011801453232484375e-02
-9.384509561698109112e-03
-8.630545043466856733e-03
-7.858521739817348264e-03
-7.070684267420872596e-03
-6.269128937182525708e-03
-5.455814191507762576e-03
-4.632572979084165037e-03
-3.801126832671546021e-03
-2.963101285065175994e-03
-2.120042177994583849e-03
-1.273432762433490814e-03
-4.247112571816359932e-04
4.247112571757273082e-04
1.273432762544043657e-03
2.120042177190680031e-03
2.963101284223535001e-03
3.801126833289982312e-03
4.632572975966575517e-03
5.455814190903783903e-03
6.269128939756018343e-03
7.070684268344959791e-03
7.858521740756064383e-03
8.630545042690000723e-03
9.384509561380226239e-03
1.011801452995517679e-02
1.082849803157513204e-02
1.151323543064910332e-02
1.216934143343373007e-02
1.279377650903213738e-02
1.338335760191134219e-02
1.393477366789483765e-02
1.444460606555831271e-02
1.490935393632238093e-02
1.532546452916499005e-02
1.568936817737123443e-02
1.599751786157506059e-02
1.624643291696668129e-02
1.643274617668960547e-02
1.655325418561269871e-02
1.660496963665721026e-02
1.658517506945752715e-02
1.649147719996752262e-02
1.632186061336699662e-02
1.607473993484577479e-02
1.574900930150211972e-02
1.534408809105908614e-02
1.485996181360606065e-02
1.429721705007482371e-02
1.365706950979178255e-02
1.294138426487583156e-02
1.215268732074353819e-02
1.129416801253535149e-02
1.036967155393438318e-02
9.383681579441201237e-03
8.341292544176580684e-03
7.248172115187107890e-03
6.110513915360684528e-03
4.934981211310312740e-03
3.728642351328711243e-03
2.498898969701395835e-03
1.253408163822043080e-03
9.991766573629473321e-17
9.535990336298241464e-17
-1.096094353236778084e-03
-2.185441320194490920e-03
-3.261365886743651608e-03
-4.317336461163633933e-03
-5.347033319997226801e-03
-6.344413227197446756e-03
-7.303769116929485078e-03
-8.219783845221177374e-03
-9.087577180187331530e-03
-9.902745356290936982e-03
-1.066139270742395839e-02
-1.136015507546817883e-02
-1.199621487616923769e-02
-1.256730789452404663e-02
-1.307172204264814806e-02
-1.350828845359145283e-02
-1.387636549335825170e-02
-1.417581628118906416e-02
-1.440698050433566503e-02
-1.457064134810558305e-02
-1.466798840058045582e-02
-1.470057744624190393e-02
-1.467028806083345988e-02
-1.457927992443538642e-02
-1.442994866306772025e-02
-1.422488212948147014e-02
-1.396681783375109190e-02
-1.365860219737502664e-02
-1.330315229453492634e-02
-1.290342051853868126e-02
-1.246236266380039252e-02
-1.198290965977993720e-02
-1.146794324792879335e-02
-1.092027559157517612e-02
-1.034263299042912851e-02
-9.737643436469843594e-03
-9.107827995217350134e-03
-8.455595698020831885e-03
-7.783241650173407938e-03
-7.092948074705211596e-03
-6.386787846904587798e-03
-5.666730236891868999e-03
-4.934648394411841540e-03
-4.192328277112428864e-03
-3.441478731683832865e-03
-2.683742326311312851e-03
-1.920706844683957000e-03
-1.153917145106666447e-03
-3.848872690903664610e-04
3.848872689071042557e-04
1.153917144481298200e-03
1.920706845354890144e-03
2.683742325897393085e-03
3.441478730811394025e-03
4.192328276974769882e-03
4.934648391448258169e-03
5.666730236895008849e-03
6.386787847324771651e-03
7.092948070808016529e-03
7.783241651684824798e-03
8.455595697760711835e-03
9.107827995793940992e-03
9.737643432966645862e-03
1.034263298900706812e-02
1.092027559267578010e-02
1.146794324917650015e-02
1.198290966036432044e-02
1.246236266417936021e-02
1.290342051895171198e-02
1.330315229462636362e-02
1.365860220017833283e-02
1.396681783329942889e-02
1.422488212562302880e-02
1.442994866170627978e-02
1.457927992493430330e-02
1.467028806370146606e-02
1.470057744483354960e-02
1.466798839846055434e-02
1.457064134651958956e-02
1.440698050416591713e-02
1.417581628071373778e-02
1.387636549218906196e-02
1.350828845267791102e-02
1.307172204022609419e-02
1.256730789509153366e-02
1.199621487567629867e-02
1.136015507499833072e-02
1.066139270784520129e-02
9.902745356282454184e-03
9.087577180036048030e-03
8.219783845339770009e-03
7.303769117137211275e-03
6.344413227511264304e-03
5.347033319890811057e-03
4.317336461473663713e-03
3.261365886504302269e-03
2.185441320313592263e-03
1.096094353259879830e-03
9.959428910973132009e-17
9.519345382662540649e-17
-9.672064745448238693e-04
-1.928626865198510400e-03
-2.878535262657046061e-03
-3.811325020520750853e-03
-4.721565701101292957e-03
-5.604056878758510891e-03
-6.453877881360908959e-03
-7.266432651880654243e-03
-8.037489050275950161e-03
-8.763212028902091916e-03
-9.440190284231318382e-03
-1.006545613363139455e-02
-1.063649852517943237e-02
-1.115126918985158595e-02
-1.160818220508520390e-02
-1.200610721959514092e-02
-1.234435681376921251e-02
-1.262266854337912476e-02
-1.284118221807440709e-02
-1.300041322113973039e-02
-1.310122247466639044e-02
-1.314478385953647167e-02
-1.313254988419270547e-02
-1.306621621167336315e-02
-1.294768600534343742e-02
-1.277903449841572177e-02
-1.256247465699652892e-02
-1.230032435263972435e-02
-1.199497558275576872e-02
-1.164886618698863889e-02
-1.126445433163181936e-02
-1.084419602842241585e-02
-1.039052581143708881e-02
-9.905840721336310953e-03
-9.392487432147588258e-03
-8.852752540198582237e-03
-8.288855825064974162e-03
-7.702946189661812743e-03
-7.097100097282895564e-03
-6.473322137957316681e-03
-5.833547457583198453e-03
-5.179645643890503498e-03
-4.513425838234094711e-03
-3.836642721318866099e-03
-3.151003158162270050e-03
-2.458173220451715171e-03
-1.759785523146465639e-03
-1.057446598374902225e-03
-3.527443750185313073e-04
3.527443754245796577e-04
1.057446598814379673e-03
1.759785523034177639e-03
2.458173220885582089e-03
3.151003155832442313e-03
3.836642722360209760e-03
4.513425838290798485e-03
5.179645645278385495e-03
5.833547453999999612e-03
6.473322137518456795e-03
7.097100095041825388e-03
7.702946191228765907e-03
8.288855825763540366e-03
8.852752539057533177e-03
9.392487431495301006e-03
9.905840722168858525e-03
1.039052581232427150e-02
1.084419602799355752e-02
1.126445433922081303e-02
1.164886619489870732e-02
1.199497558183981738e-02
1.230032434987018454e-02
1.256247465911646162e-02
1.277903449981482135e-02
1.294768600488012747e-02
1.306621621188753732e-02
1.313254988314287337e-02
1.314478385714989810e-02
1.310122247517205366e-02
1.300041322231179804e-02
1.284118221594097650e-02
1.262266854311129387e-02
1.234435681483790105e-02
1.200610721970776784e-02
1.160818220334622689e-02
1.115126918930853597e-02
1.063649852712863185e-02
1.006545613353654160e-02
9.440190284618902444e-03
8.763212028604258977e-03
8.037489050510319977e-03
7.266432652108184911e-03
6.453877881883848290e-03
5.604056878779885287e-03
4.721565700949482101e-03
3.811325020424906947e-03
2.878535262513054471e-03
1.928626865265608203e-03
9.672064745371530305e-04
9.892981686202965567e-17
9.463251070632815785e-17
-8.608174426980728022e-04
-1.716642536944451135e-03
-2.562533093267274197e-03
-3.393646344619750000e-03
-4.205286442231125771e-03
-4.992949359060123646e-03
-5.752364444187575872e-03
-6.479531949087105093e-03
-7.170755965732282348e-03
-7.822672311479501178e-03
-8.432271021215055617e-03
-8.996913255359419853e-03
-9.514342522921419992e-03
-9.982690271837024037e-03
-1.040047600372603562e-02
-1.076660217981930366e-02
-1.108034429151339394e-02
-1.134133652853304072e-02
-1.154955358109330602e-02
-1.170528913454779198e-02
-1.180913164134418658e-02
-1.186193806089196751e-02
-1.186480612698429839e-02
-1.181904580399696300e-02
-1.172615054820065790e-02
-1.158776890070814872e-02
-1.140567694873944986e-02
-1.118175212573419008e-02
-1.091794874271915204e-02
-1.061627557483584353e-02
-1.027877575275552326e-02
-9.907509145753659249e-03
-9.504537344005681981e-03
-9.071911229671195467e-03
-8.611661105570484268e-03
-8.125789302329189043e-03
-7.616265022239894489e-03
-7.085021256856861675e-03
-6.533953498681488795e-03
-5.964919970931510489e-03
-5.379743115157709955e-03
-4.780211974218324424e-03
-4.168085306018447754e-03
-3.545095104861737626e-03
-2.912950358329978191e-03
-2.273340865259570586e-03
-1.627941013235482091e-03
-9.784134211731662471e-04
-3.264124476544752744e-04
3.264124476545869472e-04
9.784134213636104787e-04
1.627941013218965356e-03
2.273340865504407289e-03
2.912950355231350933e-03
3.545095104567910597e-03
4.168085304669982144e-03
4.780211975711132905e-03
5.379743116203802855e-03
5.964919974967842521e-03
6.533953497631273324e-03
7.085021257066228921e-03
7.616265021096968457e-03
8.125789303501254959e-03
8.611661103447574780e-03
9.071911229307186297e-03
9.504537344303834109e-03
9.907509147315760392e-03
1.027877575275441650e-02
1.061627557625613796e-02
1.091794874402028659e-02
1.118175212433421967e-02
1.140567694688511720e-02
1.158776890014475043e-02
1.172615054858365015e-02
1.181904580513997924e-02
1.186480612681638583e-02
1.186193806171663249e-02
1.180913164058795123e-02
1.170528913334050250e-02
1.154955358079281721e-02
1.134133652870036695e-02
1.108034429048064193e-02
1.076660217901094681e-02
1.040047600375739768e-02
9.982690272366942161e-03
9.514342522668344654e-03
8.996913255425153730e-03
8.432271021107046530e-03
7.822672310200277923e-03
7.170755965314438637e-03
6.479531948859619528e-03
5.752364443933782358e-03
4.992949359232728632e-03
4.205286442284237799e-03
3.393646344678755752e-03
2.562533093481293538e-03
1.716642536894413687e-03
8.608174426573292435e-04
9.795778641866554645e-17
9.373122785735308774e-17
-7.722733903245678844e-04
-1.540213225068919793e-03
-2.299527850151702937e-03
-3.046008673399576774e-03
-3.775569864142269780e-03
-4.484285907018634859e-03
-5.168426387365444678e-03
-5.824487445543923524e-03
-6.449219434511033015e-03
-7.039650396474414658e-03
-7.593105087307400192e-03
-8.107219380376323031e-03
-8.579949979171080932e-03
-9.009579392663832204e-03
-9.394716631228060277e-03
-9.734293297977378648e-03
-1.002755581989521472e-02
-1.027405428457038583e-02
-1.047362769198224679e-02
-1.062638684104670779e-02
-1.073269485195541516e-02
-1.079314609901554575e-02
-1.080854404909748281e-02
-1.077987821868522933e-02
-1.070830149786201196e-02
-1.059510732709893592e-02
-1.044170813487137889e-02
-1.024961416219711922e-02
-1.002041490066563068e-02
-9.755761136138921263e-03
-9.457349450820069087e-03
-9.126908880110671390e-03
-8.766189451292706949e-03
-8.376952633893685815e-03
-7.960964182846095097e-03
-7.519988659931241617e-03
-7.055785515715379437e-03
-6.570106990061849381e-03
-6.064697108070019049e-03
-5.541291527129383818e-03
-5.001618321075362687e-03
-4.447399103044393648e-03
-3.880350497445893363e-03
-3.302185570212264575e-03
-2.714615206581685435e-03
-2.119349236611046267e-03
-1.518097228109867520e-03
-9.125689988769160712e-04
-3.044747905442468715e-04
3.044747905445263788e-04
9.125689988186738147e-04
1.518097228541580562e-03
2.119349237472236292e-03
2.714615207784556138e-03
3.302185567713867686e-03
3.880350495374702922e-03
4.447399106154280128e-03
5.001618319133052659e-03
5.541291527293101815e-03
6.064697103537676666e-03
6.570106991200119415e-03
7.055785515108084840e-03
7.519988659019897700e-03
7.960964183664489061e-03
8.376952637752798497e-03
8.766189452186629039e-03
9.126908878708392056e-03
9.457349449528413068e-03
9.755761135832796346e-03
1.002041489791756848e-02
1.024961416226622193e-02
1.044170813791454530e-02
1.059510732451222730e-02
1.070830145228877581e-02
1.077987817046707764e-02
1.080854405117280710e-02
1.079314610054802823e-02
1.073269485069088501e-02
1.062638684141989712e-02
1.047362769098655715e-02
1.027405428523931602e-02
1.002755582104366064e-02
9.734293281639553458e-03
9.394716630922617107e-03
9.009579391852763977e-03
8.579949978939141464e-03
8.107219379443761711e-03
7.593105087437728232e-03
7.039650396558176648e-03
6.449219434161814098e-03
5.824487446032442471e-03
5.168426387521089273e-03
4.484285907581151906e-03
3.775569863996309714e-03
3.046008673687171375e-03
2.299527850330354301e-03
1.540213225124987140e-03
7.722733902767593391e-04
9.671437043718777348e-17
9.254017123048127840e-17
-6.979257687465310151e-04
-1.392067746165019182e-03
-2.078677208033333310e-03
-2.754074948737765451e-03
-3.414684526377685225e-03
-4.057063738837336439e-03
-4.677933733364895291e-03
-5.274205506168417636e-03
-5.843003103698825827e-03
-6.381683442356425769e-03
-6.887852426900492250e-03
-7.359377228159095195e-03
-7.794394705977228562e-03
-8.191315955297531412e-03
-8.548827153515575414e-03
-8.865886851686183290e-03
-9.141720007700526729e-03
-9.375809041269993205e-03
-9.567882323881411050e-03
-9.717900447306665468e-03
-9.826040775787364331e-03
-9.892680634848176682e-03
-9.918379682879802789e-03
-9.903861757588920331e-03
-9.849996771615188162e-03
-9.757782929157870003e-03
-9.628329665630522630e-03
-9.462841531749224128e-03
-9.262603457459666831e-03
-9.028967354578374196e-03
-8.763340351182487276e-03
-8.467174700846069602e-03
-8.141959371955284977e-03
-7.789213443620089140e-03
-7.410480140430003235e-03
-7.007324190028703381e-03
-6.581328380698684387e-03
-6.134092283259883274e-03
-5.667231413100859948e-03
-5.182377026633145506e-03
-4.681176162951002952e-03
-4.165291806109494045e-03
-3.636402954752985823e-03
-3.096204359086407280e-03
-2.546405902496572549e-03
-1.988731443905933371e-03
-1.424917290641746067e-03
-8.567098896273056194e-04
-2.858633799185443481e-04
2.858633799187150016e-04
8.567098901554551921e-04
1.424917292408959396e-03
1.988731443841647989e-03
2.546405903158170930e-03
3.096204360206402870e-03
3.636402954754137246e-03
4.165291807479415583e-03
4.681176162476254239e-03
5.182377025815607628e-03
5.667231413802538247e-03
6.134092278574932930e-03
6.581328380589278847e-03
7.007324189473358549e-03
7.410480144538164095e-03
7.789213444415140665e-03
8.141959370568375293e-03
8.467174699348175779e-03
8.763340353276003608e-03
9.028967351902356803e-03
9.262603458841710616e-03
9.462841529794603634e-03
9.628329668150423584e-03
9.757782929952218964e-03
9.849996771176733334e-03
9.903861754812158871e-03
9.918379681255310582e-03
9.892680633727623379e-03
9.826040775217608284e-03
9.717900446456581576e-03
9.567882323491027144e-03
9.375809043223786235e-03
9.141720006875408977e-03
8.865886851202995148e-03
8.548827153317379787e-03
8.191315954719700226e-03
7.794394706394081745e-03
7.359377228241480683e-03
6.887852426345493495e-03
6.381683442461451132e-03
5.843003103107231345e-03
5.274205506555510771e-03
4.677933734028968255e-03
4.057063738896670921e-03
3.414684526560986082e-03
2.754074948761259245e-03
2.078677207952151287e-03
1.392067746189184314e-03
6.979257688434155381e-04
9.523603771448365670e-17
9.110563638114424246e-17
-6.349155069935630193e-04
-1.266508576870808240e-03
-1.891486146414062897e-03
-2.506613423386412718e-03
-3.108741789454894620e-03
-3.694835157225918962e-03
-4.261994420519623315e-03
-4.807479829645018403e-03
-5.328730356731770264e-03
-5.823380607399654407e-03
-6.289274410300222697e-03
-6.724475339296068395e-03
-7.127274009019076567e-03
-7.496192210353505060e-03
-7.829983952587875329e-03
-8.127633624876047166e-03
-8.388351445902161169e-03
-8.611566478105323746e-03
-8.796917841191704418e-03
-8.944243303922176647e-03
-9.053567817243974095e-03
-9.125089715413295735e-03
-9.159167510125579975e-03
-9.156304585456541412e-03
-9.117136216895140380e-03
-9.042415243263419652e-03
-8.932999005640984702e-03
-8.789837219185090214e-03
-8.613960790057596101e-03
-8.406471898921906091e-03
-8.168535325771390104e-03
-7.901371406310501652e-03
-7.606249998596187334e-03
-7.284485867963637860e-03
-6.937435295338954290e-03
-6.566493593923901882e-03
-6.173093529179048827e-03
-5.758704344043679736e-03
-5.324831174229666640e-03
-4.873014715319068033e-03
-4.404830526531245023e-03
-3.921888849422986920e-03
-3.425833033883267809e-03
-2.918338139641229925e-03
-2.401108609672489031e-03
-1.875875297655408506e-03
-1.344391831496017774e-03
-8.084302298861722287e-04
-2.697762144130086697e-04
2.697762144215188978e-04
8.084302301205831352e-04
1.344391831759872251e-03
1.875875297889231233e-03
2.401108608728977269e-03
2.918338139599890163e-03
3.425833033154197793e-03
3.921888849962614290e-03
4.404830525102438298e-03
4.873014667680282755e-03
5.324831177708287677e-03
5.758704341346154373e-03
6.173093528526075492e-03
6.566493594020774045e-03
6.937435296608998256e-03
7.284485873397122252e-03
7.606249997016389409e-03
7.901371408411914446e-03
8.168535323370364545e-03
8.406471898985691873e-03
8.613960786061252914e-03
8.789837216357452784e-03
8.932999005939528878e-03
9.042415245134261675e-03
9.117136216492401773e-03
9.156304583647601261e-03
9.159167510175710014e-03
9.125089716167844936e-03
9.053567703057353866e-03
8.944243304735271030e-03
8.796917840947649642e-03
8.611566540695263922e-03
8.388351447119213669e-03
8.127633639519774369e-03
7.829983952901565375e-03
7.496192209750605386e-03
7.127274009371417987e-03
6.724475339239179873e-03
6.289274410859041313e-03
5.823380589383204096e-03
5.328730356389757387e-03
4.807479811040084837e-03
4.261994420150637224e-03
3.694835157070998615e-03
3.108741789717104579e-03
2.506613423360911849e-03
1.891486146397728958e-03
1.266508576797535689e-03
6.349155070217727672e-04
9.355803682627092217e-17
8.946937792061729780e-17
-5.810014163967644430e-04
-1.159069747495737384e-03
-1.731296586566849569e-03
-2.294822337837050183e-03
-2.846859820647117296e-03
-3.384716236042587239e-03
-3.905813911937366933e-03
-4.407708783982228727e-03
-4.888107191978965753e-03
-5.344879786527470186e-03
-5.776073520260080300e-03
-6.179919992852729582e-03
-6.554842295007249492e-03
-6.899459111617577307e-03
-7.212584783862426539e-03
-7.493229188730410328e-03
-7.740594016831900404e-03
-7.954067144170561335e-03
-8.133216468129188595e-03
-8.277780441825090610e-03
-8.387659420656319240e-03
-8.462904758399562161e-03
-8.503709287294249075e-03
-8.510393879120574726e-03
-8.483399964607521437e-03
-8.423276394565372069e-03
-8.330670911881523505e-03
-8.206321096619945479e-03
-8.051045339795661823e-03
-7.865736999203780389e-03
-7.651358372300519003e-03
-7.408934890536106495e-03
-7.139551509517829894e-03
-6.844351111300803897e-03
-6.524530986535932546e-03
-6.181342537306007238e-03
-5.816090141441894977e-03
-5.430130270216218351e-03
-5.024872503104882947e-03
-4.601776840406896114e-03
-4.162355132466145219e-03
-3.708168040016301438e-03
-3.240823792363164545e-03
-2.761975177717616078e-03
-2.273316064252358694e-03
-1.776576814894590154e-03
-1.273519009255629766e-03
-7.659293992448570551e-04
-2.556131787598329118e-04
2.556131787447018405e-04
7.659293990600187993e-04
1.273519009260264730e-03
1.776576814307280873e-03
2.273316055131533939e-03
2.761975176607885281e-03
3.240823790182268023e-03
3.708168041833053048e-03
4.162355134032976953e-03
4.601776878109229557e-03
5.024872504501834945e-03
5.430130265887935827e-03
5.816090139774698214e-03
6.181342539472198944e-03
6.524530987881122998e-03
6.844351084981045025e-03
7.139551507763863998e-03
7.408934888887649083e-03
7.651358581229150344e-03
7.865737001212307414e-03
8.051045340866851835e-03
8.206321099091815410e-03
8.330670910527179784e-03
8.423276392281688410e-03
8.483399962995304133e-03
8.510393879098104852e-03
8.503709289722601733e-03
8.462904759973608609e-03
8.387659421252833397e-03
8.277780442567786445e-03
8.133216467701927938e-03
7.954067143903254325e-03
7.740594018002098023e-03
7.493229189594681657e-03
7.212584783146669225e-03
6.899459113695645927e-03
6.554842294625093380e-03
6.179919991971170867e-03
5.776073520129858078e-03
5.344879851855752033e-03
4.888107190934264101e-03
4.407708784575804263e-03
3.905813912027612887e-03
3.384716236251373352e-03
2.846859820542620156e-03
2.294822337828961167e-03
1.731296586692857714e-03
1.159069747349705543e-03
5.810014164465827739e-04
9.171346260985941538e-17
8.766862757066308165e-17
-5.344246547013024266e-04
-1.066246710034488314e-03
-1.592884286757902503e-03
-2.111796531834768918e-03
-2.620503403401744456e-03
-3.116603861120064919e-03
-3.597794038270152317e-03
-4.061882144472075962e-03
-4.506802832068548467e-03
-4.930629075417659705e-03
-5.331582144326330042e-03
-5.708039131844024235e-03
-6.058538738600521487e-03
-6.381784661038178777e-03
-6.676646050757164587e-03
-6.942158738361228418e-03
-7.177520992394209078e-03
-7.382090497152091202e-03
-7.555378808112933088e-03
-7.697044875319311065e-03
-7.806887983927704271e-03
-7.884839738700058845e-03
-7.930955945702908294e-03
-7.945408542068155278e-03
-7.928477352386064519e-03
-7.880542965408042499e-03
-7.802078189949938208e-03
-7.693644387417853357e-03
-7.555883191174030816e-03
-7.389512788405809378e-03
-7.195325032550567088e-03
-6.974181657877889622e-03
-6.727012232118827727e-03
-6.454813068753161368e-03
-6.158646496004794788e-03
-5.839640625423444913e-03
-5.498988296303190977e-03
-5.137948987175009960e-03
-4.757846670667890618e-03
-4.360070043307371322e-03
-3.946071276754806352e-03
-3.517364051221968761e-03
-3.075520927772794778e-03
-2.622169108136969146e-03
-2.158986761708829149e-03
-1.687696371329565218e-03
-1.210058342509997978e-03
-7.278639463371100547e-04
-2.429265969787169465e-04
2.429265969789556336e-04
7.278639464855107691e-04
1.210058341732304530e-03
1.687696371012937634e-03
2.158986765910030168e-03
2.622169109211178878e-03
3.075520833891750346e-03
3.517364058291828216e-03
3.946071278090993589e-03
4.360070036804717004e-03
4.757846667715826677e-03
5.137948989511661665e-03
5.498988294567152581e-03
5.839640623561127321e-03
6.158646511463872382e-03
6.454813068911172992e-03
6.727012230327902680e-03
6.974181645470983390e-03
7.195325029353430088e-03
7.389512791286466029e-03
7.555883192821060551e-03
7.693644386293515755e-03
7.802078190629009591e-03
7.880542963123130656e-03
7.928477352001774697e-03
7.945408512294459616e-03
7.930955942559230268e-03
7.884839735054528786e-03
7.806888223300690981e-03
7.697044874963392645e-03
7.555378809293427159e-03
7.382090499985452352e-03
7.177520992815042584e-03
6.942158739332321415e-03
6.676646038728999664e-03
6.381784485563900440e-03
6.058538924018636376e-03
5.708039131236290753e-03
5.331582125791822779e-03
4.930629074751183283e-03
4.506802831710637718e-03
4.061882144371919967e-03
3.597794038521159431e-03
3.116603860909835950e-03
2.620503403435019054e-03
2.111796531979292200e-03
1.592884286852232645e-03
1.066246710077518129e-03
5.344246547461333190e-04
8.973275063979146582e-17
8.573627303485965679e-17
-4.938027325103703938e-04
-9.852850044540293999e-04
-1.472143743672184573e-03
-1.952110351174816396e-03
-2.422967232453926596e-03
-2.882563441515484208e-03
-3.328829294325441786e-03
-3.759789587565218628e-03
-4.173575438996303399e-03
-4.568434393516360680e-03
-4.942738833117949968e-03
-5.294992680479508780e-03
-5.623836173311193634e-03
-5.928048968304158207e-03
-6.206551524788026658e-03
-6.458404911381101718e-03
-6.682809255345961881e-03
-6.879100752958586945e-03
-7.046748073635976904e-03
-7.185346809393614205e-03
-7.294615233496723646e-03
-7.374387528621528971e-03
-7.424607997426350449e-03
-7.445325435657399946e-03
-7.436687491238655641e-03
-7.398934510120063618e-03
-7.332395556256589633e-03
-7.237484170063100512e-03
-7.114694455832835419e-03
-6.964598855898682453e-03
-6.787845646141101377e-03
-6.585158338018655411e-03
-6.357334807302069887e-03
-6.105247081319449716e-03
-5.829841706468958523e-03
-5.532140140898116586e-03
-5.213239409833916524e-03
-4.874312119331413243e-03
-4.516606550533414262e-03
-4.141445797256258950e-03
-3.750226504731619080e-03
-3.344416517702136597e-03
-2.925551361068907171e-03
-2.495229932774692405e-03
-2.055108913476478422e-03
-1.606896071231529157e-03
-1.152342640643726646e-03
-6.932346510512952696e-04
-2.313835816575586155e-04
2.313835816277070331e-04
6.932346514130928840e-04
1.152342640730477999e-03
1.606896071117291545e-03
2.055108913411658744e-03
2.495229932586959763e-03
2.925551361889025016e-03
3.344416546830142594e-03
3.750226503598185022e-03
4.141445762934865132e-03
4.516606550434606147e-03
4.874312117911595854e-03
5.213239451178306241e-03
5.532140183988660739e-03
5.829841705487723465e-03
6.105247038246814847e-03
6.357334759889906282e-03
6.585158337073933679e-03
6.787845644998943828e-03
6.964598858193673907e-03
7.114694564096888524e-03
7.237484168589265569e-03
7.332395559279903004e-03
7.398934509990433804e-03
7.436687492336778102e-03
7.445325434594360532e-03
7.424607994730131333e-03
7.374387528143506836e-03
7.294615233810477009e-03
7.185346810338608288e-03
7.046748073415014767e-03
6.879100811351921384e-03
6.682809255542156504e-03
6.458404910758887632e-03
6.206551472954222916e-03
5.928048938207332134e-03
5.623836172982494760e-03
5.294992679446051606e-03
4.942738833221146932e-03
4.568434386127304299e-03
4.173575438951045331e-03
3.759789587938474308e-03
3.328829293929815112e-03
2.882563441952451944e-03
2.422967232604573019e-03
1.952110351398389726e-03
1.472143743581107037e-03
9.852850043977532356e-04
4.938027325416193773e-04
8.764344641767989287e-17
8.370114696298124988e-17
-4.580465308453542041e-04
-9.140147656196926382e-04
-1.365841254787831041e-03
-1.811490981177625277e-03
-2.248972594582376514e-03
-2.676349586052200000e-03
-3.091754961501188941e-03
-3.493400513495279955e-03
-3.879586965009788196e-03
-4.248714338657947828e-03
-4.599286521369804273e-03
-4.929919049653224729e-03
-5.239342494273272616e-03
-5.526405049050736422e-03
-5.790074761536373113e-03
-6.029439002743962328e-03
-6.243703450298981883e-03
-6.432191007601284483e-03
-6.594337798000818665e-03
-6.729690718216754276e-03
-6.837903126714969457e-03
-6.918730833895798439e-03
-6.972027884064059371e-03
-6.997742481690598371e-03
-6.995913169593213042e-03
-6.966665399509974939e-03
-6.910208580962634052e-03
-6.826833779229670406e-03
-6.716911977820902262e-03
-6.580893018030139867e-03
-6.419305157807051430e-03
-6.232755165039499841e-03
-6.021928898509699979e-03
-5.787592199571161070e-03
-5.530592001087105206e-03
-5.251857416674120087e-03
-4.952400693392392146e-03
-4.633317750260995335e-03
-4.295788217696033112e-03
-3.941074623171658513e-03
-3.570520849848990864e-03
-3.185549391728323149e-03
-2.787657538367177036e-03
-2.378412365193110882e-03
-1.959444488169774425e-03
-1.532440655186267583e-03
-1.099135228759305551e-03
-6.613006981988430073e-04
-2.207373953266606327e-04
2.207373953451971288e-04
6.613006983635038270e-04
1.099135228895166058e-03
1.532440655930934282e-03
1.959444488388799310e-03
2.378412364279451977e-03
2.787657538232162641e-03
3.185549391743714050e-03
3.570520852257923292e-03
3.941074624288503844e-03
4.295788220600438127e-03
4.633317750624141480e-03
4.952400692126652029e-03
5.251857416922043297e-03
5.530591999851965611e-03
5.787592199067136296e-03
6.021928899257128140e-03
6.232755166034251865e-03
6.419305160404839734e-03
6.580893014303146327e-03
6.716911975702991380e-03
6.826833779046372584e-03
6.910208580758121430e-03
6.966665398069482248e-03
6.995913174915686407e-03
6.997742480134810754e-03
6.972027882818459393e-03
6.918730833586254382e-03
6.837903127488521686e-03
6.729690716336134484e-03
6.594337797402304371e-03
6.432191007983250643e-03
6.243703449705896406e-03
6.029438916707755523e-03
5.790074845737331818e-03
5.526405050455805192e-03
5.239342493744115169e-03
4.929919049422144817e-03
4.599286520232723392e-03
4.248714338083981606e-03
3.879586979150191888e-03
3.493400513340261162e-03
3.091754961357779784e-03
2.676349586066576521e-03
2.248972594561370313e-03
1.811490981506216381e-03
1.365841254673833254e-03
9.140147597879074966e-04
4.580465308526938191e-04
8.547017408492679012e-17
8.158835384824598066e-17
-4.262957927775862916e-04
-8.507224789868323388e-04
-1.271423267466109631e-03
-1.686565430435112796e-03
-2.094352501289573499e-03
-2.493034830031337808e-03
-2.880920262420148467e-03
-3.256382910717478801e-03
-3.617872833549863523e-03
-3.963921994043908409e-03
-4.293151241570886817e-03
-4.604274360682223018e-03
-4.896102933400964426e-03
-5.167548149155022641e-03
-5.417622452297172347e-03
-5.645439945548579030e-03
-5.850216017624785408e-03
-6.031266066579737788e-03
-6.188003643815195680e-03
-6.319938179278145052e-03
-6.426672613647522146e-03
-6.507900081284850001e-03
-6.563401952839829565e-03
-6.593044797999388085e-03
-6.596777924273333066e-03
-6.574632401698600123e-03
-6.526718772754126242e-03
-6.453226711498225195e-03
-6.354424745645681494e-03
-6.230659615104648143e-03
-6.082358685562869009e-03
-5.910030044698618215e-03
-5.714263909433161398e-03
-5.495735553420225301e-03
-5.255205487730198882e-03
-4.993522094866247908e-03
-4.711622683282131775e-03
-4.410534295648784776e-03
-4.091373800946875375e-03
-3.755347112348374553e-03
-3.403747402698097026e-03
-3.037952155670325602e-03
-2.659418977791220152e-03
-2.269680143143650627e-03
-1.870335835203052431e-03
-1.463046150723083718e-03
-1.049521970200409252e-03
-6.315148049407814674e-04
-2.108058112572970696e-04
2.108058111858748720e-04
6.315148048548409896e-04
1.049521969931250858e-03
1.463046149838757035e-03
1.870335835881095990e-03
2.269680143622186241e-03
2.659418977556391502e-03
3.037952154788268588e-03
3.403747403081106623e-03
3.755347112633116834e-03
4.091373799084521354e-03
4.410534297100833327e-03
4.711622682839812851e-03
4.993522093375962582e-03
5.255205487087862871e-03
5.495735552237126544e-03
5.714263908218695370e-03
5.910030043457759237e-03
6.082358687883085077e-03
6.230659613488022039e-03
6.354424364592889743e-03
6.453226349275659017e-03
6.526718773150226062e-03
6.574632404925297678e-03
6.596777925233009848e-03
6.593044789545819510e-03
6.563401954172330514e-03
6.507900079952381144e-03
6.426672559548186892e-03
6.319938245639475545e-03
6.188003643476715568e-03
6.031266064549900552e-03
5.850216018193672360e-03
5.645439970750040608e-03
5.417622452091774149e-03
5.167548156589706586e-03
4.896102932805831108e-03
4.604274360833044213e-03
4.293151241297462305e-03
3.963921994477647391e-03
3.617872833957275908e-03
3.256382910838523468e-03
2.880920262968814614e-03
2.493034830007273290e-03
2.094352503433927204e-03
1.686565430488027716e-03
1.271423267648962496e-03
8.507224790867271491e-04
4.262957930222718568e-04
8.323471422904584304e-17
7.941964558170195809e-17
-3.978690010210016647e-04
-7.940504314635088304e-04
-1.186867006195035023e-03
-1.574661778794348441e-03
-1.955807999780411182e-03
-2.328718170087353510e-03
-2.691853127530246907e-03
-3.043729604791673999e-03
-3.382927464799800627e-03
-3.708095876268231814e-03
-4.017958555459323795e-03
-4.311317958537191734e-03
-4.587058722312964409e-03
-4.844149704381387270e-03
-5.081645768782665218e-03
-5.298688234938301635e-03
-5.494505025074225037e-03
-5.668409808210953145e-03
-5.819801189550633316e-03
-5.948161264389894946e-03
-6.053053957030935482e-03
-6.134123604058717982e-03
-6.191093280198961199e-03
-6.223763865998090290e-03
-6.232012942607520999e-03
-6.215793177207992910e-03
-6.175134461296810304e-03
-6.110142264543709685e-03
-6.020999653799254288e-03
-5.907968159403574095e-03
-5.771389414400506131e-03
-5.611687996045769920e-03
-5.429372859211316696e-03
-5.225040812751424561e-03
-4.999377015618975025e-03
-4.753159570258931946e-03
-4.487258010283913523e-03
-4.202637862538539243e-03
-3.900357873257192381e-03
-3.581570397431720412e-03
-3.247519570097048922e-03
-2.899538053292589207e-03
-2.539042421849899232e-03
-2.167527438323068201e-03
-1.786559069410354481e-03
-1.397765893595286123e-03
-1.002829547037149306e-03
-6.034741472515006006e-04
-2.014547497481771973e-04
2.014547497120851099e-04
6.034741474543002917e-04
1.002829546868676648e-03
1.397765893556851807e-03
1.786559071218065580e-03
2.167527438525705587e-03
2.539042422134734755e-03
2.899538053644565901e-03
3.247519568023905182e-03
3.581570326357080749e-03
3.900357873660220687e-03
4.202637865857544903e-03
4.487258010963138428e-03
4.753159570808432495e-03
4.999377304115714543e-03
5.225040817426526880e-03
5.429373026590213029e-03
5.611687815856091638e-03
5.771389376435587595e-03
5.907968160729426717e-03
6.020999654254753641e-03
6.110142270553102321e-03
6.175134460676301451e-03
6.215793176673830786e-03
6.232012969919577261e-03
6.223763871215322319e-03
6.191093322189886693e-03
6.134123602840413879e-03
6.053053959681260754e-03
5.948161262805608425e-03
5.819801187764917644e-03
5.668409807017974270e-03
5.494505025062310088e-03
5.298688234476710800e-03
5.081645813396986136e-03
4.844149702167637253e-03
4.587058718800858005e-03
4.311317968179546357e-03
4.017958554979435964e-03
3.708095879602087142e-03
3.382927465259066933e-03
3.043729604815039857e-03
2.691853127478824066e-03
2.328718170307094402e-03
1.955807997096087932e-03
1.574661778889935391e-03
1.186867006274868949e-03
7.940504302541491781e-04
3.978689986905574504e-04
8.095618445308507356e-17
7.721374777472042035e-17
-3.722241971905282756e-04
-7.429192609294257236e-04
-1.110564641680703664e-03
-1.473656835465580019e-03
-1.830717569895376267e-03
-2.180301562780566013e-03
-2.521003815727112119e-03
-2.851466300816493660e-03
-3.170383887379165083e-03
-3.476509634041806494e-03
-3.768659232689482424e-03
-4.045714829171639070e-03
-4.306627332304316380e-03
-4.550419396668794157e-03
-4.776186361401032338e-03
-4.983097147882085617e-03
-5.170394781254720670e-03
-5.337395870199219960e-03
-5.483490527874422711e-03
-5.608141868178139269e-03
-5.710884962401961348e-03
-5.791326213765249711e-03
-5.849143198918473931e-03
-5.884084339165408795e-03
-5.895968532330979339e-03
-5.884686392579703204e-03
-5.850200712476620081e-03
-5.792548063167173543e-03
-5.711839239568169795e-03
-5.608266529429590218e-03
-5.482099026491302034e-03
-5.333689121344079714e-03
-5.163477032912922038e-03
-4.971991062450014168e-03
-4.759851646190311168e-03
-4.527773237895016747e-03
-4.276566308556013947e-03
-4.007139162299431547e-03
-3.720496324401764351e-03
-3.417739751027181784e-03
-3.100065897629039179e-03
-2.768762349468985133e-03
-2.425203583908905076e-03
-2.070844742327292154e-03
-1.707214169771579257e-03
-1.335904790889455443e-03
-9.585641717257222579e-04
-5.768835493136971080e-04
-1.925860083050163856e-04
1.925860082278606829e-04
5.768835505002894905e-04
9.585641715601929923e-04
1.335904791840182137e-03
1.707214169541962367e-03
2.070844743364497198e-03
2.425203583202124088e-03
2.768762349600249056e-03
3.100065900018713141e-03
3.417739751547682527e-03
3.720496325124635767e-03
4.007139160593029166e-03
4.276566498385959113e-03
4.527773305730322696e-03
4.759851645429723395e-03
4.971991062765799760e-03
5.163477049177264341e-03
5.333689123562808387e-03
5.482099029495388597e-03
5.608266525599277415e-03
5.711839242306439475e-03
5.792548073936443567e-03
5.850200680496808053e-03
5.884686329049262747e-03
5.895968524923265140e-03
5.884084348802923539e-03
5.849143205003843118e-03
5.791326212476036184e-03
5.710884953589996302e-03
5.608141867315537613e-03
5.483490531360403313e-03
5.337395891331119142e-03
5.170394788725516354e-03
4.983097150555646643e-03
4.776186355137601591e-03
4.550419399951417462e-03
4.306627330827020664e-03
4.045714829928714028e-03
3.768659259305494769e-03
3.476509655343942330e-03
3.170383886468922281e-03
2.851466302377334960e-03
2.521003821786914952e-03
2.180301557400016275e-03
1.830717572035214704e-03
1.473656833970836237e-03
1.110564640617886078e-03
7.429192609146614921e-04
3.722241975357384641e-04
7.865121636239898140e-17
7.498670830116944069e-17
-3.489288480225459879e-04
-6.964675325793099562e-04
-1.041233060219368036e-03
-1.381856663874595371e-03
-1.716990641741902943e-03
-2.045314848484169109e-03
-2.365542809011677086e-03
-2.676427303478216401e-03
-2.976765394363053204e-03
-3.265402841187573305e-03
-3.541238050302464822e-03
-3.803225115635610384e-03
-4.050375936021182594e-03
-4.281763940492812164e-03
-4.496522548189375162e-03
-4.693848851409613415e-03
-4.873002890844592948e-03
-5.033308440454380660e-03
-5.174152525384030123e-03
-5.294985819195054989e-03
-5.395322912814075333e-03
-5.474742554107354074e-03
-5.532887011551150015e-03
-5.569462255619788207e-03
-5.584242087935784200e-03
-5.577065827999270684e-03
-5.547842255058832439e-03
-5.496550977347782786e-03
-5.423245351042140817e-03
-5.328055319809706439e-03
-5.211190576331347322e-03
-5.072944222147630390e-03
-4.913695873049408851e-03
-4.733915269464560906e-03
-4.534165156168138908e-03
-4.315104112714963393e-03
-4.077488447243093894e-03
-3.822173663196039208e-03
-3.550114535818051000e-03
-3.262364425212019043e-03
-2.960072987334830003e-03
-2.644483341773366976e-03
-2.316926709327511193e-03
-1.978816618179629443e-03
-1.631641135476662305e-03
-1.276954143983937686e-03
-9.163649851280087060e-04
-5.515275213154213936e-04
-1.841279195200749852e-04
1.841279210116555530e-04
5.515275233188846526e-04
9.163649836699999706e-04
1.276954146580899828e-03
1.631641143399379257e-03
1.978816617485493288e-03
2.316926710027217111e-03
2.644483348261493418e-03
2.960073051851139832e-03
3.262364424672973672e-03
3.550114528540457975e-03
3.822173663418686630e-03
4.077488448135970812e-03
4.315104111016810490e-03
4.534165156641712345e-03
4.733915267102716679e-03
4.913695871210477066e-03
5.072944211275357690e-03
5.211190575882619462e-03
5.328055320103180885e-03
5.423245352077370879e-03
5.496550976351466042e-03
5.547842261753386205e-03
5.577065807674890484e-03
5.584242088349716110e-03
5.569462368175051928e-03
5.532887007709251861e-03
5.474742557891637725e-03
5.395322918359556075e-03
5.294985832397769085e-03
5.174152525434059548e-03
5.033308439981147228e-03
4.873002895007910208e-03
4.693848854317314405e-03
4.496522545070329342e-03
4.281763927863778060e-03
4.050376186553492769e-03
3.803225113857543107e-03
3.541238049655463273e-03
3.265402841274037127e-03
2.976765394024411763e-03
2.676427303095196830e-03
2.365542810299817254e-03
2.045314848186896052e-03
1.716990641848794869e-03
1.381856663930694810e-03
1.041233060067067338e-03
6.964675321092081341e-04
3.489288479871789877e-04
7.633418613849867523e-17
7.275220729215516466e-17
-3.276361367473704447e-04
-6.540046141489722596e-04
-9.778437393138043453e-04
-1.297903659723461398e-03
-1.612952048327087303e-03
-1.921779534132885253e-03
-2.223204806005523067e-03
-2.516079258135129216e-03
-2.799291265626232574e-03
-3.071769883938198480e-03
-3.332488155829149701e-03
-3.580465884675542582e-03
-3.814771690251552317e-03
-4.034525060038695980e-03
-4.238897058768345376e-03
-4.427113930403235240e-03
-4.598453920250281969e-03
-4.752250914786605371e-03
-4.887893750665802013e-03
-5.004826294133879125e-03
-5.102549762530026595e-03
-5.180622041088272720e-03
-5.238659049327886938e-03
-5.276335949431983606e-03
-5.293389054787185112e-03
-5.289617752771314831e-03
-5.264886865630617405e-03
-5.219129736709125431e-03
-5.152351278718712499e-03
-5.064631559204998273e-03
-4.956129520899492033e-03
-4.827086967186532650e-03
-4.677831729410571356e-03
-4.508782727363725915e-03
-4.320451803444072016e-03
-4.113447469101827805e-03
-3.888476821928253408e-03
-3.646346918503415649e-03
-3.387965093884772513e-03
-3.114338167485496741e-03
-2.826570625385672973e-03
-2.525860705265145761e-03
-2.213495914748228773e-03
-1.890846676632794779e-03
-1.559358653279796416e-03
-1.220543732216222048e-03
-8.759698568962007940e-04
-5.272496921181318288e-04
-1.760285256213882138e-04
1.760285257505205957e-04
5.272496918019606944e-04
8.759698570182912827e-04
1.220543741966868302e-03
1.559358659074327504e-03
1.890846676317110451e-03
2.213495915129371373e-03
2.525860704620429276e-03
2.826570625173138989e-03
3.114338167640928398e-03
3.387965092869372943e-03
3.646346908824308307e-03
3.888476825305841114e-03
4.113447466722621598e-03
4.320451802605359236e-03
4.508782793868916158e-03
4.677831729514385015e-03
4.827086969293957128e-03
4.956129540583721974e-03
5.064631560952054766e-03
5.152351280538165074e-03
5.219129735893180896e-03
5.264886866347601169e-03
5.289617753137687561e-03
5.293389055831887631e-03
5.276335949220523416e-03
5.238659049211715109e-03
5.180622042942769311e-03
5.102549761683239544e-03
5.004826294744728170e-03
4.887893750088701146e-03
4.752250918978183011e-03
4.598453919530153151e-03
4.427113921490663170e-03
4.238897085560709710e-03
4.034525058292344653e-03
3.814771690204758151e-03
3.580465884019396004e-03
3.332488149668215091e-03
3.071769884450599800e-03
2.799291266023328124e-03
2.516079260760724703e-03
2.223204806585278928e-03
1.921779533253431841e-03
1.612952049020586164e-03
1.297903659054867745e-03
9.778437399039869790e-04
6.540046153129842887e-04
3.276361379476609628e-04
7.401743356000898813e-17
7.052183918150787595e-17
-3.080666861124503977e-04
-6.149741975097875075e-04
-9.195683281062169484e-04
-1.220704666322299393e-03
-1.517253322821701320e-03
-1.808103496652873699e-03
-2.092167664318760403e-03
-2.368385301462512266e-03
-2.635727062857526077e-03
-2.893196939308087263e-03
-3.139835574802035938e-03
-3.374724105822818777e-03
-3.596982321441808371e-03
-3.805774318614347194e-03
-4.000307935361593556e-03
-4.179836212480318204e-03
-4.343658338488962795e-03
-4.491120608930127163e-03
-4.621617413240358338e-03
-4.734591552046214097e-03
-4.829536114745949446e-03
-4.905994980193009551e-03
-4.963565549008626399e-03
-5.001898550781170086e-03
-5.020702358005551570e-03
-5.019744136265731800e-03
-4.998854816383057134e-03
-4.957929051972598776e-03
-4.896932584969107549e-03
-4.815904093626728090e-03
-4.714959803945653442e-03
-4.594297296727604084e-03
-4.454200823038037202e-03
-4.295044301239528579e-03
-4.117294346257141524e-03
-3.921514469685303747e-03
-3.708366735849254626e-03
-3.478613357305677858e-03
-3.233116854347476733e-03
-2.972839459903955320e-03
-2.698841009309128989e-03
-2.412275461875717977e-03
-2.114386073324283927e-03
-1.806499073819404404e-03
-1.490015986974674430e-03
-1.166404605868651481e-03
-8.371886876951333640e-04
-5.039368480565435768e-04
-1.682502246393349353e-04
1.682502246160894239e-04
5.039368478561528746e-04
8.371886843945983885e-04
1.166404589985105267e-03
1.490015987390873840e-03
1.806499075299227396e-03
2.114386073314781546e-03
2.412275461576633001e-03
2.698841007446077609e-03
2.972839460178698656e-03
3.233116854875021321e-03
3.478613357960859062e-03
3.708366735781339768e-03
3.921514472028902153e-03
4.117294345054849786e-03
4.295044203098885398e-03
4.454200849471808173e-03
4.594297452093629684e-03
4.714959436339140504e-03
4.815904372105691937e-03
4.896932869537531929e-03
4.957929065171992611e-03
4.998854817927224706e-03
5.019744126374984725e-03
5.020702353114455362e-03
5.001898548856448419e-03
4.963565548370596839e-03
4.905994982053966252e-03
4.829536086029873922e-03
4.734591565196324438e-03
4.621617398109827829e-03
4.491120635789452691e-03
4.343658322396025048e-03
4.179836214498609120e-03
4.000307935944139720e-03
3.805774319079019332e-03
3.596982321341515767e-03
3.374724017706691968e-03
3.139836002948435349e-03
2.893196939165855984e-03
2.635727062502205703e-03
2.368385300557435905e-03
2.092167655188117113e-03
1.808103496720180970e-03
1.517253323120054459e-03
1.220704666482715778e-03
9.195683280393743666e-04
6.149741976510494012e-04
3.080666861455854050e-04
7.171147333780176611e-17
6.830537741836580272e-17
-2.899941853438096516e-04
-5.789257338584811357e-04
-8.657360780373553116e-04
-1.149374687345730778e-03
-1.428803001665976359e-03
-1.702998698697866979e-03
-1.970957540118411979e-03
-2.231698969265401289e-03
-2.484267165282921536e-03
-2.727734747084631459e-03
-2.961204458746263899e-03
-3.183811742184320878e-03
-3.394726419694163791e-03
-3.593153951680141348e-03
-3.778337282919773214e-03
-3.949557170292165159e-03
-4.106134406939803035e-03
-4.247429778279221933e-03
-4.372846151073244737e-03
-4.481829031724450865e-03
-4.573867823931211142e-03
-4.648500166196147844e-03
-4.705308206387924172e-03
-4.743926506653248741e-03
-4.764042196339853680e-03
-4.765397996798716694e-03
-4.747796441125016163e-03
-4.711103422591892374e-03
-4.655251285583723343e-03
-4.580244853810367701e-03
-4.486164137358403248e-03
-4.373170236586522951e-03
-4.241508461341103944e-03
-4.091513517222832019e-03
-3.923611914081490647e-03
-3.738326916144092162e-03
-3.536278706326383570e-03
-3.318187828169352326e-03
-3.084874299972076728e-03
-2.837257341709648138e-03
-2.576353367229658985e-03
-2.303272132362430349e-03
-2.019212555987680204e-03
-1.725455839869657632e-03
-1.423358367582258904e-03
-1.114341895273494041e-03
-7.998841802108626721e-04
-4.815073540442835784e-04
-1.607659196102550483e-04
1.607659196998713780e-04
4.815073539722770500e-04
7.998841800892541112e-04
1.114341912334165926e-03
1.423358371779838471e-03
1.725455838868565194e-03
2.019212552255189759e-03
2.303272135841358433e-03
2.576353367258588101e-03
2.837257335153487575e-03
3.084874322544207525e-03
3.318187831437545768e-03
3.536278705101337898e-03
3.738326895977843716e-03
3.923612163749843479e-03
4.091513533314362905e-03
4.241508547581243106e-03
4.373170158517727599e-03
4.486164354352749351e-03
4.580244751958248949e-03
4.655251435761213578e-03
4.711103345584173596e-03
4.747796441018277760e-03
4.765397999452940757e-03
4.764042196163824350e-03
4.743926471935804544e-03
4.705308176549581438e-03
4.648500165857269613e-03
4.573867811946412572e-03
4.481829029926985043e-03
4.372846171300165570e-03
4.247429775809099736e-03
4.106134407039800302e-03
3.949557170219289426e-03
3.778337282677747197e-03
3.593154094998694988e-03
3.394726421366595082e-03
3.183811750324580178e-03
2.961204456447688940e-03
2.727734741135207346e-03
2.484267210307436902e-03
2.231698965097346499e-03
1.970957539409379320e-03
1.702998630619541017e-03
1.428803005656730050e-03
1.149374674162842837e-03
8.657360777758235214e-04
5.789257348392285200e-04
2.899941909289689940e-04
6.942520413043484170e-17
6.611100053131468978e-17
-2.732342349959842806e-04
-5.454920477142239169e-04
-8.158003603917831368e-04
-1.083192723627232103e-03
-1.346712487055418258e-03
-1.605416001869171836e-03
-1.858375201217391057e-03
-2.104680792303287046e-03
-2.343444054933570796e-03
-2.573799697933439219e-03
-2.794907464862531835e-03
-3.005954202508883712e-03
-3.206155028872892387e-03
-3.394755093106506614e-03
-3.571031187818418055e-03
-3.734292066533006701e-03
-3.883880519605409625e-03
-4.019173619569529378e-03
-4.139585393106432268e-03
-4.244567168565143052e-03
-4.333609729209115385e-03
-4.406245185188643540e-03
-4.462049991374251838e-03
-4.500646268004033536e-03
-4.521705788244966689e-03
-4.524953191914958713e-03
-4.510169326739705241e-03
-4.477196100104528093e-03
-4.425940081498784887e-03
-4.356377585128387402e-03
-4.268558506860116800e-03
-4.162612219362576277e-03
-4.038751480628179763e-03
-3.897275711241477997e-03
-3.738576296867378735e-03
-3.563138916315618850e-03
-3.371545777847480534e-03
-3.164478237839849026e-03
-2.942715719638498793e-03
-2.707136425948233893e-03
-2.458713867662731985e-03
-2.198514649450801668e-03
-1.927693092376458334e-03
-1.647485109196155121e-03
-1.359200619360261724e-03
-1.064214645493128525e-03
-7.639572448807367862e-04
-4.599024087452153976e-04
-1.535561326472872565e-04
1.535561326197641067e-04
4.599024087419782410e-04
7.639572447559569339e-04
1.064214645383327251e-03
1.359200619477720934e-03
1.647485109208456479e-03
1.927693092047495999e-03
2.198514649941806908e-03
2.458713866239697551e-03
2.707136426932954445e-03
2.942715832973139510e-03
3.164478238298667340e-03
3.371545732969835965e-03
3.563138844036244091e-03
3.738576390404231911e-03
3.897275754148249883e-03
4.038751480714980122e-03
4.162612403223279849e-03
4.268558543803938066e-03
4.356377474531311633e-03
4.425940081390801820e-03
4.477196098545716853e-03
4.510169378283643629e-03
4.524953151408752684e-03
4.521705924617246478e-03
4.500646259494406505e-03
4.462050205097459372e-03
4.406245173519105808e-03
4.333609727588417886e-03
4.244567095852613478e-03
4.139585395261031683e-03
4.019173610337702270e-03
3.883880520213630130e-03
3.734292066063121286e-03
3.571031188054549048e-03
3.394755092901978813e-03
3.206155028770373266e-03
3.005954220215166332e-03
2.794907466192360877e-03
2.573799697983614795e-03
2.343444054918885060e-03
2.104680782273719592e-03
1.858375201352399598e-03
1.605416001930138475e-03
1.346712488813613410e-03
1.083192723479717724e-03
8.158003605328294910e-04
5.454920479266924145e-04
2.732342350132005437e-04
6.716609185581920793e-17
6.394550292159546212e-17
-2.576356065968043985e-04
-5.143721282918626214e-04
-7.693131944469290290e-04
-1.021567830386266610e-03
-1.270253049003899947e-03
-1.514496367151507705e-03
-1.753438108257428804e-03
-1.986233762296263448e-03
-2.212055755957877557e-03
-2.430095812018891101e-03
-2.639565708293981593e-03
-2.839700091863520386e-03
-3.029757063110353858e-03
-3.209019248816244538e-03
-3.376796355599199443e-03
-3.532424108897232098e-03
-3.675268059032545977e-03
-3.804723316639033442e-03
-3.920216559589725924e-03
-4.021207872472875797e-03
-4.107192277769932016e-03
-4.177702197998822350e-03
-4.232310085538670309e-03
-4.270631174431264131e-03
-4.292326854378929538e-03
-4.297108424863002422e-03
-4.284740880722235148e-03
-4.255047209875058821e-03
-4.207913188880949701e-03
-4.143291839040314992e-03
-4.061208484915755298e-03
-3.961765139675924377e-03
-3.845145536049560976e-03
-3.711619046125041923e-03
-3.561544773408390971e-03
-3.395374632586709625e-03
-3.213655800659261270e-03
-3.017032369191519157e-03
-2.806245528749945484e-03
-2.582133250534315427e-03
-2.345627902593271693e-03
-2.097753173121750386e-03
-1.839619072880577678e-03
-1.572416020339276578e-03
-1.297407242934275331e-03
-1.015920044348373732e-03
-7.293358671059758979e-04
-4.390793824297592354e-04
-1.466067466571098097e-04
1.466067465446458165e-04
4.390793825478214252e-04
7.293358668995729693e-04
1.015920044260197521e-03
1.297407243184126252e-03
1.572416021144807568e-03
1.839619073624130900e-03
2.097753171854323251e-03
2.345627920928546831e-03
2.582133229229881081e-03
2.806245528756737793e-03
3.017032336724697825e-03
3.213655800344598044e-03
3.395374611157920327e-03
3.561544772545751150e-03
3.711619046711279579e-03
3.845145535825673228e-03
3.961765138786614050e-03
4.061208484746513074e-03
4.143291850318356860e-03
4.207913157049925773e-03
4.255047209646301704e-03
4.284740880931186061e-03
4.297108424334324626e-03
4.292326855932338849e-03
4.270631156785041106e-03
4.232310090091668045e-03
4.177702197042192610e-03
4.107192260168769302e-03
4.021207873479580933e-03
3.920216552544165609e-03
3.804723315937125726e-03
3.675268059457835121e-03
3.532424110016664769e-03
3.376796354157470328e-03
3.209019369497845102e-03
3.029757056351257537e-03
2.839700090559688344e-03
2.639565661329536673e-03
2.430095812074181075e-03
2.212055824377336458e-03
1.986233758307932081e-03
1.753438108547140419e-03
1.514496367305101206e-03
1.270253048166764031e-03
1.021567829771334460e-03
7.693131946640818222e-04
5.143721285130655602e-04
2.576356064472333420e-04
6.494034634845146841e-17
6.181447710605845137e-17
-2.430733794883854402e-04
-4.853172986321472519e-04
-7.259044809982337365e-04
-9.640119880882949644e-04
-1.198823318831131104e-03
-1.429530423748009158e-03
-1.655335623770090451e-03
-1.875453411170348002e-03
-2.089112130702995909e-03
-2.295555501193992029e-03
-2.494044077142029258e-03
-2.683856610618564915e-03
-2.864291212363656754e-03
-3.034666742211744421e-03
-3.194323821990524039e-03
-3.342626088931204432e-03
-3.478961676271711406e-03
-3.602744448246960121e-03
-3.713415721559450936e-03
-3.810446149114520096e-03
-3.893337618494407786e-03
-3.961625911873135897e-03
-4.014883460567996408e-03
-4.052722154105338655e-03
-4.074797334530181128e-03
-4.080811074111918152e-03
-4.070516697157491176e-03
-4.043723091952899223e-03
-4.000299462744190751e-03
-3.940180144415112405e-03
-3.863369446885089008e-03
-3.769946547403816434e-03
-3.660070077590779365e-03
-3.533982523976905883e-03
-3.392014043180989220e-03
-3.234585641579222366e-03
-3.062211741896175583e-03
-2.875501648068011507e-03
-2.675159975067274622e-03
-2.461986108327221534e-03
-2.236872058503404370e-03
-2.000799339309004658e-03
-1.754834164742022796e-03
-1.500121549260844799e-03
-1.237877873629112703e-03
-9.693823294779660383e-04
-6.959671857627835459e-04
-4.190070611064135981e-04
-1.399074417502576715e-04
1.399074415692121447e-04
4.190070609903517613e-04
6.959671861173536518e-04
9.693823294184060425e-04
1.237877868147788541e-03
1.500121550324783016e-03
1.754834169607093599e-03
2.000799339180985969e-03
2.236872067242220031e-03
2.461986096024118120e-03
2.675159976282824419e-03
2.875501651708268006e-03
3.062211741025022173e-03
3.234585641007152630e-03
3.392014024175931709e-03
3.533982521222494167e-03
3.660070078875308705e-03
3.769946548198059577e-03
3.863369446114963725e-03
3.940180143631609802e-03
4.000299461889096977e-03
4.043723090101469624e-03
4.070516695249709084e-03
4.080811072405340564e-03
4.074797336445347938e-03
4.052722168728894493e-03
4.014883388759228275e-03
3.961625911997103573e-03
3.893337635136249336e-03
3.810446148656194878e-03
3.713415719687598870e-03
3.602744448008412658e-03
3.478961676290083429e-03
3.342626090324541700e-03
3.194323820592561130e-03
3.034666739522753464e-03
2.864291213823235739e-03
2.683856578714303998e-03
2.494044077004526835e-03
2.295555500958291247e-03
2.089112133558057149e-03
1.875453409170745045e-03
1.655335623873619398e-03
1.429530423313265337e-03
1.198823318564079098e-03
9.640119881808136221e-04
7.259044809509304294e-04
4.853172986966661716e-04
2.430733795092877467e-04
6.275307728030551378e-17
5.972247320338590149e-17
-2.294435744198930721e-04
-4.581205946734346929e-04
-6.852662242962799218e-04
-9.101190780908907738e-04
-1.131922900977062104e-03
-1.349928141311521534e-03
-1.563393510487048194e-03
-1.771587430882925725e-03
-1.973789401858145817e-03
-2.169291282615435669e-03
-2.357398501679218699e-03
-2.537431212419952436e-03
-2.708725450015639271e-03
-2.870634105539360183e-03
-3.022528249838873134e-03
-3.163798382222957496e-03
-3.293855564578623916e-03
-3.412133144790982942e-03
-3.518088064351017081e-03
-3.611203544193183901e-03
-3.690990201128386845e-03
-3.756990199358299382e-03
-3.808778522812845176e-03
-3.845967243415112334e-03
-3.868208452416875814e-03
-3.875198978278100725e-03
-3.866684045542544568e-03
-3.842462249856192641e-03
-3.802389984775318785e-03
-3.746386390503817203e-03
-3.674438550065514328e-03
-3.586606021573459594e-03
-3.483025851756920040e-03
-3.363916367385038405e-03
-3.229581806226187839e-03
-3.080414788032799240e-03
-2.916899154244716099e-03
-2.739611421681528974e-03
-2.549221275916081168e-03
-2.346490899349691628e-03
-2.132273199943965098e-03
-1.907507972891836229e-03
-1.673218575028248296e-03
-1.430504812847562890e-03
-1.180536372995307642e-03
-9.245442747184548157e-04
-6.638114000149056846e-04
-3.996620042274180132e-04
-1.334504765793973835e-04
1.334504766386284866e-04
3.996620042150853219e-04
6.638113998724209193e-04
9.245442746953070993e-04
1.180536369522900818e-03
1.430504811734866584e-03
1.673218575862650938e-03
1.907508032312139976e-03
2.132273141458141709e-03
2.346490899233010657e-03
2.549221275585331417e-03
2.739611422319534681e-03
2.916899154158200235e-03
3.080414788505902134e-03
3.229581807347542150e-03
3.363916367285639183e-03
3.483025865878239605e-03
3.586606020287843016e-03
3.674438540738617000e-03
3.746386389915047719e-03
3.802389985484724844e-03
3.842462246851797297e-03
3.866684045864405596e-03
3.875198978593865501e-03
3.868208453032227333e-03
3.845967243680838143e-03
3.808778522197565648e-03
3.756990198273059411e-03
3.690990200658619391e-03
3.611203364104618747e-03
3.518088065137338610e-03
3.412133130649959954e-03
3.293855564568829233e-03
3.163798377598680839e-03
3.022528249778350367e-03
2.870634119187527415e-03
2.708725387742393249e-03
2.537431212664332039e-03
2.357398501663322127e-03
2.169291282385480291e-03
1.973789401515588238e-03
1.771587431087893712e-03
1.563393510318968451e-03
1.349928131800411969e-03
1.131922901266270431e-03
9.101190864099395657e-04
6.852662178646488694e-04
4.581205935854951129e-04
2.294435766585475108e-04
6.060843285945266722e-17
5.767314392166468407e-17
-2.166589390331953569e-04
-4.326083291252205286e-04
-6.471399725774895986e-04
-8.595483581069806103e-04
-1.069131966884737280e-03
-1.275194534445975433e-03
-1.477046264366942271e-03
-1.674004983244285890e-03
-1.865397244622239324e-03
-2.050559379567809884e-03
-2.228838512369671777e-03
-2.399593558499485153e-03
-2.562196225576314663e-03
-2.716032047394276606e-03
-2.860501486289703486e-03
-2.995021137990099870e-03
-3.119025089954118469e-03
-3.231966485748458129e-03
-3.333319132415260132e-03
-3.422579799781058033e-03
-3.499270250694152574e-03
-3.562940162773274577e-03
-3.613169901942252498e-03
-3.649573968780277060e-03
-3.671804682510423478e-03
-3.679556241202247471e-03
-3.672568942066027371e-03
-3.650634021445187897e-03
-3.613598256313450049e-03
-3.561368898628256095e-03
-3.493918682355663229e-03
-3.411290652056219331e-03
-3.313602798059881328e-03
-3.201052379259548483e-03
-3.073919726249985541e-03
-2.932571450054375414e-03
-2.777462865882645172e-03
-2.609139525052848324e-03
-2.428237713894805874e-03
-2.235483822892240374e-03
-2.031692500139218108e-03
-1.817763507779241632e-03
-1.594677304220465516e-03
-1.363489288110491691e-03
-1.125322808227503368e-03
-8.813609677493832112e-04
-6.328373649488176116e-04
-3.810258972484710017e-04
-1.272298105423345829e-04
1.272298105216614495e-04
3.810258971425647240e-04
6.328373647948335812e-04
8.813609677915633378e-04
1.125322808197438875e-03
1.363489288723178892e-03
1.594677303929229730e-03
1.817763508644482670e-03
2.031692499635127849e-03
2.235483822177793643e-03
2.428237713067182748e-03
2.609139524845674636e-03
2.777462865432606294e-03
2.932571446437146501e-03
3.073919726536217950e-03
3.201052379653736204e-03
3.313602798621913953e-03
3.411290651377747295e-03
3.493918679382380585e-03
3.561368897694008624e-03
3.613598254975310380e-03
3.650634021665236702e-03
3.672568941075108652e-03
3.679556220999624042e-03
3.671804679304317958e-03
3.649573967733585247e-03
3.613169902144460540e-03
3.562940164362683737e-03
3.499270250013583692e-03
3.422579795314376234e-03
3.333319138560899685e-03
3.231966486372389157e-03
3.119025089016912427e-03
2.995021139193229480e-03
2.860501485182010990e-03
2.716032078846122508e-03
2.562196225409234338e-03
2.399593558649200029e-03
2.228838512788026797e-03
2.050559379098716804e-03
1.865397244589657314e-03
1.674004983758329559e-03
1.477046260367059164e-03
1.275194534440265157e-03
1.069131966927612054e-03
8.595483581527496629e-04
6.471399725372371835e-04
4.326083291124961693e-04
2.166589389913360728e-04
5.850972851215253314e-17
5.566936618558253414e-17
-2.046455955858209128e-04
-4.086334710285646657e-04
-6.113069339887966134e-04
-8.120113372571274597e-04
-1.010095076219056157e-03
-1.204910558093401796e-03
-1.395815141352960923e-03
-1.582172020779166327e-03
-1.763351196223882002e-03
-1.938730141155906462e-03
-2.107694843784513414e-03
-2.269640577227029481e-03
-2.423972741891973568e-03
-2.570107981164413899e-03
-2.707475072547970655e-03
-2.835516190592499413e-03
-2.953688247618729661e-03
-3.061464435868006470e-03
-3.158336043261592962e-03
-3.243814488808167799e-03
-3.317433784771842836e-03
-3.378753122503848610e-03
-3.427360020217947931e-03
-3.462873617250820761e-03
-3.484948593857410595e-03
-3.493279059413618732e-03
-3.487603017998952733e-03
-3.467706958209796752e-03
-3.433430651418693628e-03
-3.384672055218772291e-03
-3.321392216215159759e-03
-3.243620112069635700e-03
-3.151457227973632463e-03
-3.045081829042770027e-03
-2.924752728802443823e-03
-2.790812455193616027e-03
-2.643689638439077928e-03
-2.483900538408927942e-03
-2.312049545929703836e-03
-2.128828582266319939e-03
-1.935015311946028686e-03
-1.731470069686051128e-03
-1.519131773261786153e-03
-1.299011809580923873e-03
-1.072187825621017353e-03
-8.397954892793116789e-04
-6.030195022233538274e-04
-3.630837150510216960e-04
-1.212404886849457520e-04
1.212404886847463808e-04
3.630837150517265358e-04
6.030195020155891409e-04
8.397954894375424207e-04
1.072187825939136798e-03
1.299011809299945724e-03
1.519131827273739049e-03
1.731470097057488493e-03
1.935015312992206370e-03
2.128828582311364636e-03
2.312049545398821640e-03
2.483900538501868788e-03
2.643689639632256731e-03
2.790811681527900767e-03
2.924752728434842474e-03
3.045081821789673033e-03
3.151457228171676735e-03
3.243620112415670532e-03
3.321392216474353034e-03
3.384672054803002875e-03
3.433430653575222490e-03
3.467706958839843548e-03
3.487603017393934527e-03
3.493279058212538698e-03
3.484948592972117454e-03
3.462873619014328504e-03
3.427360020094527126e-03
3.378753123437777325e-03
3.317433786642261587e-03
3.243814506701344323e-03
3.158336042441165468e-03
3.061464437164479382e-03
2.953688245408607818e-03
2.835516191505702086e-03
2.707475072964200639e-03
2.570107981038558410e-03
2.423972735473680154e-03
2.269640561036008301e-03
2.107694840320385558e-03
1.938730141995340887e-03
1.763351195979479848e-03
1.582172020747627536e-03
1.395815141610004875e-03
1.204910558230228978e-03
1.010095076167366384e-03
8.120113372797644084e-04
6.113069340820235804e-04
4.086334710624299916e-04
2.046455956279233834e-04
5.645955562201696245e-17
5.371335261024694344e-17
-1.933404185783063904e-04
-3.860703631505962592e-04
-5.775801239236402936e-04
-7.672614858483042810e-04
-9.545084769930945075e-04
-1.138718085667366365e-03
-1.319290969127693332e-03
-1.495632142350026292e-03
-1.667151661115805726e-03
-1.833265315344457299e-03
-1.993395343878343138e-03
-2.146971065892692467e-03
-2.293429919008573709e-03
-2.432218094295482327e-03
-2.562791675671938999e-03
-2.684617765982569293e-03
-2.797175813820583674e-03
-2.899959200730483147e-03
-2.992477019269349902e-03
-3.074256200114285423e-03
-3.144843891158273508e-03
-3.203810205942765957e-03
-3.250751294042643607e-03
-3.285292755608868864e-03
-3.307093421377199725e-03
-3.315849396644647302e-03
-3.311298441018337580e-03
-3.293224551443198807e-03
-3.261462754551060651e-03
-3.215903860540470470e-03
-3.156499473217423690e-03
-3.083266632473971505e-03
-2.996292498901848445e-03
-2.895738246809586355e-03
-2.781843167757996286e-03
-2.654927481268623980e-03
-2.515394818965252608e-03
-2.363733877964707686e-03
-2.200518065577948285e-03
-2.026406681335674205e-03
-1.842141463101076631e-03
-1.648544165471979702e-03
-1.446513243870129785e-03
-1.237016867742913619e-03
-1.021087955046517948e-03
-7.998152669438828499e-04
-5.743352193769733294e-04
-3.458221753876100581e-04
-1.154781291611923968e-04
1.154781291543557973e-04
3.458221753930889653e-04
5.743352194153223192e-04
7.998152669727433359e-04
1.021087955692946822e-03
1.237016868136400511e-03
1.446513229682037244e-03
1.648544166099950902e-03
1.842141436291958988e-03
2.026406673086109545e-03
2.200518063202918425e-03
2.363733878730873896e-03
2.515394919007248563e-03
2.654927481026607503e-03
2.781843170171249911e-03
2.895738243570505476e-03
2.996292469950377450e-03
3.083266632118642457e-03
3.156499476902907032e-03
3.215903859422355755e-03
3.261462754785727537e-03
3.293224551621184906e-03
3.311298441035149653e-03
3.315849395429030719e-03
3.307093420604041711e-03
3.285292755040406486e-03
3.250751278559140672e-03
3.203810206308188926e-03
3.144843893718760053e-03
3.074256202978750165e-03
2.992477019063212278e-03
2.899959202306950836e-03
2.797175813155191020e-03
2.684617765241155418e-03
2.562791677058144819e-03
2.432218094079861403e-03
2.293429918820551368e-03
2.146971066325084002e-03
1.993395320815181081e-03
1.833265313536516566e-03
1.667151661694804381e-03
1.495632141845034844e-03
1.319290969086657364e-03
1.138718085377930789e-03
9.545084767141900038e-04
7.672614859299621603e-04
5.775801231104061564e-04
3.860703546277764395e-04
1.933404168448352493e-04
5.445988278712000677e-17
5.180674362046065629e-17
-1.826889782311411341e-04
-3.648106729518726921e-04
-5.457983250583771416e-04
-7.250862215858767121e-04
-9.021102127901192052e-04
-1.076308225792704625e-03
-1.247120767480383932e-03
-1.413991449995592080e-03
-1.576367487793556158e-03
-1.733700259568384059e-03
-1.885445878561175766e-03
-2.031065827051144017e-03
-2.170027679724686846e-03
-2.301806119555089344e-03
-2.425883003185758720e-03
-2.541750065227942577e-03
-2.648908499459769715e-03
-2.746872328307294574e-03
-2.835168463075102025e-03
-2.913339844190259830e-03
-2.980947549218147374e-03
-3.037573605213761928e-03
-3.082824005270883190e-03
-3.116332158214576726e-03
-3.137762613776786877e-03
-3.146815115428542014e-03
-3.143229015547525495e-03
-3.126787494122259398e-03
-3.097322751197851762e-03
-3.054720179325915146e-03
-2.998924227338984477e-03
-2.929941628859968148e-03
-2.847846753374105085e-03
-2.752785601687716792e-03
-2.644979926625938733e-03
-2.524729114960974630e-03
-2.392413316480400832e-03
-2.248494780729660362e-03
-2.093518337574524699e-03
-1.928110863801664769e-03
-1.752979624379968947e-03
-1.568909428652630594e-03
-1.376758595960187077e-03
-1.177453728395413176e-03
-9.719833278866506047e-04
-7.613903334629088969e-04
-5.467636788067214678e-04
-3.292290039033869469e-04
-1.099386790411043143e-04
1.099386791319220349e-04
3.292290037787723271e-04
5.467636787686944860e-04
7.613903335807969096e-04
9.719833277156171699e-04
1.177453728396577609e-03
1.376758595305573128e-03
1.568909428648462487e-03
1.752979624504539657e-03
1.928110863810718291e-03
2.093518336144164094e-03
2.248494780244441726e-03
2.392413315932278954e-03
2.524729115060019968e-03
2.644979926486204155e-03
2.752785604423152802e-03
2.847846580159911229e-03
2.929941663481929696e-03
2.998924135295846175e-03
3.054720178560699131e-03
3.097322691594094068e-03
3.126787520047056429e-03
3.143229209744834336e-03
3.146815114266874897e-03
3.137762612530026803e-03
3.116332156727943427e-03
3.082824006054522403e-03
3.037573606721618268e-03
2.980947552565802426e-03
2.913339842946635269e-03
2.835168465875693815e-03
2.746872328393833423e-03
2.648908500226513155e-03
2.541750099683381513e-03
2.425883042274581611e-03
2.301806050865378740e-03
2.170027679528606281e-03
2.031065827930559481e-03
1.885445878613854764e-03
1.733700259462986164e-03
1.576367487217981847e-03
1.413991449725280096e-03
1.247120769545547077e-03
1.076308225685507604e-03
9.021102129451975208e-04
7.250862214779539268e-04
5.457983249145589161e-04
3.648106728807929398e-04
1.826889781980609603e-04
5.251214006262592174e-17
4.995069432326768644e-17
-1.726438580282130893e-04
-3.447599999468772369e-04
-5.158210402774209046e-04
-6.853002561955363718e-04
-8.526719192181721153e-04
-1.017411630769782943e-03
-1.178996665114208581e-03
-1.336906325767138644e-03
-1.490622379633737464e-03
-1.639629283423938268e-03
-1.783415178131214857e-03
-1.921471279701913440e-03
-2.053293862166718099e-03
-2.178384716250061654e-03
-2.296251079449234539e-03
-2.406407731357306477e-03
-2.508378414168318908e-03
-2.601696192794928156e-03
-2.685906317251653824e-03
-2.760568465192209543e-03
-2.825257777241744778e-03
-2.879569060641825554e-03
-2.923119102635110978e-03
-2.955550062365878885e-03
-2.976533609604699142e-03
-2.985774721633377253e-03
-2.983015094246774333e-03
-2.968038928732119087e-03
-2.940677404598854468e-03
-2.900811828642739596e-03
-2.848380960458247839e-03
-2.783383083921905834e-03
-2.705881541812659233e-03
-2.616008794853320277e-03
-2.513970132352822198e-03
-2.400045308249578162e-03
-2.274592682654876831e-03
-2.138049933959798761e-03
-1.990933655705998031e-03
-1.833840442433201613e-03
-1.667444056087037489e-03
-1.492493267892357070e-03
-1.309807775947526140e-03
-1.120273241237584134e-03
-9.248350962523933620e-04
-7.244913402190358452e-04
-5.202843867905161549e-04
-3.132920950768868017e-04
-1.046181351242271627e-04
1.046181351553717104e-04
3.132920950641069312e-04
5.202843870671552181e-04
7.244913399773542789e-04
9.248351237059979644e-04
1.120273241251994265e-03
1.309807775549213030e-03
1.492493268407568642e-03
1.667444055971107871e-03
1.833840443481139174e-03
1.990933647356354572e-03
2.138049929682559608e-03
2.274592820105790329e-03
2.400045166357952543e-03
2.513969947170072855e-03
2.616008794675884087e-03
2.705881541930940486e-03
2.783383083342208953e-03
2.848380956290034322e-03
2.900811825931266189e-03
2.940677254223591445e-03
2.968038974505891013e-03
2.983015093812805933e-03
2.985774714138423810e-03
2.976533814067213336e-03
2.955550122384093675e-03
2.923119065815207515e-03
2.879568928626221810e-03
2.825257771642301560e-03
2.760568531654822300e-03
2.685906463587141389e-03
2.601696172472208086e-03
2.508378415148405580e-03
2.406407864772515479e-03
2.296251072828439047e-03
2.178384734372367394e-03
2.053293980582021269e-03
1.921471309016857358e-03
1.783415180817533039e-03
1.639629282890803534e-03
1.490622380389158364e-03
1.336906325793483022e-03
1.178996664173772050e-03
1.017411630066222469e-03
8.526719193136856646e-04
6.853002563523643729e-04
5.158210402420780822e-04
3.447599998496988409e-04
1.726438579282544195e-04
5.061729926216513522e-17
4.814594112484457422e-17
-1.631634120386253020e-04
-3.258354383496435977e-04
-4.875248623743579351e-04
-6.477408082694500156e-04
-8.059929377055929196e-04
-9.617915344054036447e-04
-1.114647917924320832e-03
-1.264074457048483492e-03
-1.409584945616693423e-03
-1.550694889369724164e-03
-1.686921887607787480e-03
-1.817786092272226806e-03
-1.942810790135070546e-03
-2.061523096879605468e-03
-2.173454820776240387e-03
-2.278143516261971809e-03
-2.375133745974718821e-03
-2.463978595228753787e-03
-2.544241406523496327e-03
-2.615497907450677149e-03
-2.677338508946542489e-03
-2.729371050704775849e-03
-2.771223788720455009e-03
-2.802548730332174703e-03
-2.823025296690161862e-03
-2.832364267884567369e-03
-2.830311929693165186e-03
-2.816654520304307917e-03
-2.791222660612938805e-03
-2.753896116957411239e-03
-2.704608239614438372e-03
-2.643350495652105770e-03
-2.570176734796674432e-03
-2.485207081551212959e-03
-2.388631442658442020e-03
-2.280712368730817858e-03
-2.161787304661101552e-03
-2.032269985893745291e-03
-1.892650941577038188e-03
-1.743497105843759857e-03
-1.585450075058924754e-03
-1.419223780214858054e-03
-1.245600490807290562e-03
-1.065426076686816145e-03
-8.796040141884435819e-04
-6.890884705920755342e-04
-4.948764317683794012e-04
-2.979990583147678002e-04
-9.951239333450815803e-05
9.951239327414086527e-05
2.979990515164544231e-04
4.948764321350501792e-04
6.890884710798451896e-04
8.796040146380204811e-04
1.065426078600206815e-03
1.245600494641286400e-03
1.419223780148451105e-03
1.585450076319315418e-03
1.743497088351082412e-03
1.892650937250712432e-03
2.032269985548039188e-03
2.161787303877025623e-03
2.280712366294303326e-03
2.388631442054551818e-03
2.485207085340007758e-03
2.570176735169637811e-03
2.643350475020405863e-03
2.704608240465157173e-03
2.753896118256013090e-03
2.791222664361265541e-03
2.816654506647872560e-03
2.830311929054905775e-03
2.832364267723022980e-03
2.823025299092763417e-03
2.802548726547973885e-03
2.771223786643450641e-03
2.729371047766388034e-03
2.677338510219206755e-03
2.615497909892968310e-03
2.544241404888029391e-03
2.463978592243738341e-03
2.375133747689322974e-03
2.278143507352542625e-03
2.173454820802873597e-03
2.061523097941041997e-03
1.942810789834600611e-03
1.817786094605970248e-03
1.686921928986930648e-03
1.550694889137272086e-03
1.409584944937929737e-03
1.264074456625612552e-03
1.114647918076541299e-03
9.617915350030221706e-04
8.059929375676301447e-04
6.477408081492137294e-04
4.875248641551823379e-04
3.258354384834042760e-04
1.631634120979927164e-04
4.877593583181909548e-17
4.639287087131232798e-17
-1.542106429163070814e-04
-3.079633259366450974e-04
-4.608001257985595367e-04
-6.122631707009228413e-04
-7.618947127281539954e-04
-9.092372608613452428e-04
-1.053833503908273945e-03
-1.195226550259640775e-03
-1.332960062779935768e-03
-1.466578480851169928e-03
-1.595627321405715046e-03
-1.719653569931442992e-03
-1.838206195608510073e-03
-1.950836801269205780e-03
-2.057100442065197890e-03
-2.156556624067121775e-03
-2.248770558673625786e-03
-2.333314628259618335e-03
-2.409770085183057103e-03
-2.477729131235972306e-03
-2.536797219672739124e-03
-2.586595707563694828e-03
-2.626764815545867132e-03
-2.656966908287447179e-03
-2.676890073422602979e-03
-2.686251963597294148e-03
-2.684803904948359233e-03
-2.672335378549735036e-03
-2.648677464806937620e-03
-2.613709475041854895e-03
-2.567360526309003625e-03
-2.509616754152894751e-03
-2.440523522742564511e-03
-2.360189606323489196e-03
-2.268791239152061906e-03
-2.166574368426615275e-03
-2.053856949468470163e-03
-1.931030325508218933e-03
-1.798559763079730402e-03
-1.656983964702498551e-03
-1.506913651886229591e-03
-1.349029010905989073e-03
-1.184076116037608177e-03
-1.012862219238308504e-03
-8.362500613945616059e-04
-6.551511705998165841e-04
-4.705183034333318024e-04
-2.833371118949486980e-04
-9.461721415361499946e-05
9.461721419268204279e-05
2.833371118109227044e-04
4.705183023438534685e-04
6.551511711018250667e-04
8.362500611622404991e-04
1.012862218647651424e-03
1.184076114644692880e-03
1.349029010888044009e-03
1.506913649250319004e-03
1.656983964643836708e-03
1.798559763854081471e-03
1.931030329800788054e-03
2.053856949188153595e-03
2.166574368581164391e-03
2.268791239048263859e-03
2.360189606617919909e-03
2.440523523392873310e-03
2.509616756498985954e-03
2.567360525247723221e-03
2.613709461470037614e-03
2.648677462111955795e-03
2.672335184576251060e-03
2.684803904878659345e-03
2.686251963465450827e-03
2.676890072861915198e-03
2.656966911219395700e-03
2.626764815320436781e-03
2.586595710200337035e-03
2.536797219373497590e-03
2.477729112304454494e-03
2.409770084644730342e-03
2.333314628863548002e-03
2.248770564350957655e-03
2.156556656359462018e-03
2.057100436377118976e-03
1.950836800087931084e-03
1.838206194863087469e-03
1.719653569733802477e-03
1.595627321109284848e-03
1.466578480975395428e-03
1.332960065641656828e-03
1.195226550253217961e-03
1.053833503791824560e-03
9.092372675027349379e-04
7.618947126981874063e-04
6.122631831431943382e-04
4.608001255082455399e-04
3.079633259769312854e-04
1.542106438136062706e-04
4.698829362328246186e-17
4.469157142828832011e-17
-1.457524324111361908e-04
-2.910777147507944578e-04
-4.355486186008869433e-04
-5.787377636368418697e-04
-7.202175617301043728e-04
-8.595601730638932842e-04
-9.963374970735363288e-04
-1.130121200752300624e-03
-1.260482801009105668e-03
-1.386993807890679262e-03
-1.509225956297109315e-03
-1.626751542553857809e-03
-1.739143879959453897e-03
-1.845977895905416642e-03
-1.946830919487283927e-03
-2.041283639734048794e-03
-2.128921299605515075e-03
-2.209335131723403657e-03
-2.282124057595918444e-03
-2.346896659983056278e-03
-2.403273480390630094e-03
-2.450889595545636609e-03
-2.489397526786652024e-03
-2.518470433158619733e-03
-2.537805606439044563e-03
-2.547128254263156168e-03
-2.546195455969695390e-03
-2.534800378407843936e-03
-2.512776563558972477e-03
-2.480002283403403857e-03
-2.436404910374643813e-03
-2.381965132012599847e-03
-2.316720993464694168e-03
-2.240771488721844153e-03
-2.154280079007139977e-03
-2.057477198369791777e-03
-1.950662451339340827e-03
-1.834205967217242272e-03
-1.708548878559522062e-03
-1.574202928196351617e-03
-1.431749074701644782e-03
-1.281835049997315365e-03
-1.125171930674759161e-03
-9.625296185189242829e-04
-7.947313616306224925e-04
-6.226473215836478845e-04
-4.471873011471474068e-04
-2.692927380654320905e-04
-8.992810863050282398e-05
8.992810859544537712e-05
2.692927380198282161e-04
4.471873011636200699e-04
6.226473224884835527e-04
7.947313618334419160e-04
9.625296185314584189e-04
1.125171930692023346e-03
1.281835051281819335e-03
1.431749100173298865e-03
1.574202930738723095e-03
1.708548879273542485e-03
1.834205965688727761e-03
1.950662451231930002e-03
2.057477197433967009e-03
2.154280080070872846e-03
2.240771487903866956e-03
2.316720967679356761e-03
2.381965132738703486e-03
2.436404911827660339e-03
2.480002283048883625e-03
2.512776560924205507e-03
2.534800379274419844e-03
2.546195454139171810e-03
2.547128251814890620e-03
2.537805605546879315e-03
2.518470430967264997e-03
2.489397526662201661e-03
2.450889596960340467e-03
2.403273481110585006e-03
2.346896660161524630e-03
2.282124056830444388e-03
2.209335132274151039e-03
2.128921299809289139e-03
2.041283638090916983e-03
1.946830919696899889e-03
1.845977896387778188e-03
1.739143882338017389e-03
1.626751542751014770e-03
1.509225956754798323e-03
1.386993807376455399e-03
1.260482801693141178e-03
1.130121201494873944e-03
9.963374971551130013e-04
8.595601728967257891e-04
7.202175616814066733e-04
5.787377637543049836e-04
4.355486976529677427e-04
2.910777146190253505e-04
1.457524324957062641e-04
4.525433250730102933e-17
