1.736303153480478628e-16
-7.016943766377267515e-04
-1.410566614336464328e-03
-2.133621669964491478e-03
-2.877521818854776158e-03
-3.648422718161290542e-03
-4.451817985951054581e-03
-5.292395104480720168e-03
-6.173904589011884429e-03
-7.099044587031603550e-03
-8.069362478299830360e-03
-9.085173677509758572e-03
-1.014550035666233856e-02
-1.124802899665033711e-02
-1.238908757713215285e-02
-1.356364325885656488e-02
-1.476531798761491349e-02
-1.598642596001974975e-02
-1.721802769482209949e-02
-1.845000406579135055e-02
-1.967115012578210878e-02
-2.086928316793993168e-02
-2.203137259057639033e-02
-2.314368432076784401e-02
-2.419194361521079251e-02
-2.516151358322611664e-02
-2.603758784007675561e-02
-2.680539952281912885e-02
-2.745044020928821826e-02
-2.795869216776873667e-02
-2.831686717702368294e-02
-2.851264744563075659e-02
-2.853493303877057893e-02
-2.837408134161224088e-02
0.000000000000000000e+00
-2.747306448584029004e-02
-2.672292033057140428e-02
-2.577005304751975659e-02
-2.461523425292698464e-02
-2.326176311085904891e-02
-2.171553392472895180e-02
-1.998505008981222783e-02
-1.808139223670748169e-02
-1.601813329966769728e-02
-1.381120231879115652e-02
-1.147869358718674182e-02
-9.040630710389204946e-03
-6.518682838120819743e-03
-3.935842947771872428e-03
-1.316073053445169800e-03
1.316073061638459597e-03
3.935842942484139503e-03
6.518682852790152332e-03
9.040630604221487968e-03
1.147869347533137831e-02
1.381120209785807740e-02
1.601813344315189749e-02
1.808139215711004888e-02
1.998505017233593098e-02
2.171553399112336608e-02
2.326176317714213904e-02
2.461523404963912934e-02
2.577005304953362830e-02
2.672292014473537022e-02
2.747306414573727831e-02
2.802213947375753814e-02
2.837408147358295996e-02
2.853493311661776943e-02
2.851264727299494817e-02
2.831686728164421740e-02
2.795869223713040932e-02
2.745044028602421429e-02
2.680539968842674675e-02
2.603758787996537927e-02
2.516151343155708167e-02
2.419194371134401542e-02
2.314368404400650794e-02
2.203137255352450447e-02
2.086928321352372884e-02
1.967114984943406711e-02
1.845000429998351968e-02
1.721802752361170641e-02
1.598642588039320828e-02
1.476531816516279266e-02
1.356364326663093110e-02
1.238908774271491216e-02
1.124802904117334044e-02
1.014550038157729581e-02
9.085173913110030502e-03
8.069362502053119626e-03
7.099044680901257787e-03
6.173904624270585770e-03
5.292395134168625948e-03
4.451817990143210751e-03
3.648422750176922875e-03
2.877521858271956615e-03
2.133621674105409122e-03
1.410566603731795926e-03
7.016943763573371077e-04
1.763336482333460336e-16
1.808529878356106413e-16
-7.535024649449232432e-04
-1.514792550723122752e-03
-2.291470649226989321e-03
-3.090766056171670179e-03
-3.919359261869819096e-03
-4.783213884059960355e-03
-5.687420409807839895e-03
-6.636054986815016592e-03
-7.632053881663781666e-03
-8.677107132267719222e-03
-9.771571393881260670e-03
-1.091440212292241717e-02
-1.210310946800453522e-02
-1.333373293800339636e-02
-1.460083763024932341e-02
-1.589753397501217705e-02
-1.721551598563329788e-02
-1.854512122608686919e-02
-1.987541103538573162e-02
-2.119427052719431021e-02
-2.248852788347419085e-02
-2.374409348385881496e-02
-2.494611770274029680e-02
-2.607916503008410325e-02
-2.712740833055646977e-02
-2.807483863174074432e-02
-2.890548825887865117e-02
-2.960366998453017526e-02
-3.015422787742114835e-02
-3.054279296722372389e-02
-3.075604721828275115e-02
-3.078199049237215212e-02
-3.061019458380165315e-02
-3.023206103053875313e-02
-2.964105355309663153e-02
-2.883291419887071619e-02
-2.780585017318770377e-02
-2.656069057506749848e-02
-2.510099414508783905e-02
-2.343312518696432853e-02
-2.156626451797399868e-02
-1.951237857739756415e-02
-1.728612548431963589e-02
-1.490470771073968900e-02
-1.238766741568033715e-02
-9.756629604072792825e-03
-7.034997269546741996e-03
-4.247601935145587856e-03
-1.420322715481752958e-03
1.420322717915768187e-03
4.247601872995563146e-03
7.034997244523805149e-03
9.756629695100028921e-03
1.238766724158283684e-02
1.490470754258277700e-02
1.728612527989387138e-02
1.951237851193756909e-02
2.156626460620755803e-02
2.343312519911331868e-02
2.510099425852121632e-02
2.656069028613351063e-02
2.780585036701089738e-02
2.883291407402551257e-02
2.964105350556277621e-02
3.023206109619254456e-02
3.061019454156524086e-02
3.078199016391148721e-02
3.075604752080544207e-02
3.054279266885675387e-02
3.015422797449523670e-02
2.960367033280078553e-02
2.890548827938927562e-02
2.807483873114654388e-02
2.712740856745985557e-02
2.607916508933149496e-02
2.494611751799962265e-02
2.374409348782346649e-02
2.248852797275587012e-02
2.119427017216683751e-02
1.987541081464556936e-02
1.854512131547685072e-02
1.721551591063241737e-02
1.589753391915991673e-02
1.460083774119110001e-02
1.333373288148783330e-02
1.210310956360257512e-02
1.091440219792086906e-02
9.771571268418389675e-03
8.677107187538292063e-03
7.632053844265372644e-03
6.636054956612218864e-03
5.687420419073637226e-03
4.783213871013895259e-03
3.919359261588007196e-03
3.090766017850320613e-03
2.291470676676998167e-03
1.514792555234626120e-03
7.535024616939390175e-04
1.837558639685747519e-16
1.883369446093060387e-16
-8.084700288386174102e-04
-1.625387903849925299e-03
-2.458998781938537357e-03
-3.317146034068715714e-03
-4.207078762532168864e-03
-5.135270121188284173e-03
-6.107247848759878896e-03
-7.127441657644520423e-03
-8.199047012438341261e-03
-9.323910658541332067e-03
-1.050243566370639287e-02
-1.173350887061278512e-02
-1.301445260011394565e-02
-1.434099685113750418e-02
-1.570727723457624250e-02
-1.710585411330842187e-02
-1.852775610307821202e-02
-1.996254321735311740e-02
-2.139839514209152319e-02
-2.282221935205697855e-02
-2.421977946679620963e-02
-2.557584747947648507e-02
-2.687437137857937378e-02
-2.809866716977237749e-02
-2.923162688405201576e-02
-3.025594501703975092e-02
-3.115436163146781748e-02
-3.190992096719032917e-02
-3.250623730256673588e-02
-3.292778097151430328e-02
-3.316015457117061499e-02
-3.319038432109686770e-02
-3.300719774754732466e-02
-3.260129766712240723e-02
-3.196561478612613277e-02
-3.109554255083022550e-02
-2.998913699597261992e-02
-2.864728375155614973e-02
-2.707382198537706952e-02
-2.527561615149413743e-02
-2.326257578545740112e-02
-2.104761747592390209e-02
-1.864656564311667139e-02
-1.607799108262740473e-02
-1.336299213695577720e-02
-1.052491563504242243e-02
-7.589028173236570321e-03
-4.582139604508061494e-03
-1.532190162876715051e-03
1.532190169486736609e-03
4.582139583625408248e-03
7.589028188342353265e-03
1.052491567950235470e-02
1.336299206005542826e-02
1.607799098285708425e-02
1.864656577346013658e-02
2.104761752611131881e-02
2.326257587057202827e-02
2.527561601285180370e-02
2.707382185948542172e-02
2.864728354795632176e-02
2.998913690370037452e-02
3.109554245876069642e-02
3.196561511119188487e-02
3.260129795108972911e-02
3.300719782904937977e-02
3.319038353959689880e-02
3.316015435924239002e-02
3.292778073720060983e-02
3.250623768080609932e-02
3.190992068033333962e-02
3.115436151067499035e-02
3.025594512973507275e-02
2.923162685726646282e-02
2.809866705012704566e-02
2.687437133848355128e-02
2.557584739873027674e-02
2.421977933398444457e-02
2.282221930249168917e-02
2.139839529273822663e-02
1.996254339700462288e-02
1.852775600556394800e-02
1.710585436299095347e-02
1.570727709816729240e-02
1.434099680026820409e-02
1.301445270416617776e-02
1.173350899192534234e-02
1.050243571815212724e-02
9.323910779461052484e-03
8.199047048571384000e-03
7.127441588215512741e-03
6.107247966635937636e-03
5.135270087080720178e-03
4.207078801927487469e-03
3.317146029469912605e-03
2.458998772327582096e-03
1.625387895075195658e-03
8.084700258814288797e-04
1.914515243202117677e-16
1.960848141441642310e-16
-8.666313915395373142e-04
-1.742425454991062975e-03
-2.636325477779057330e-03
-3.556839822569772287e-03
-4.511833803561983262e-03
-5.508332620094464824e-03
-6.552338713968556584e-03
-7.648665490308406527e-03
-8.800791522107607665e-03
-1.001073505674271967e-02
-1.127895244935149185e-02
-1.260425983919753051e-02
-1.398377929855979494e-02
-1.541291164160840145e-02
-1.688533197953665660e-02
-1.839301105224054947e-02
-1.992626312584577092e-02
-2.147381378723581605e-02
-2.302289617669394176e-02
-2.455936652053761216e-02
-2.606784464907196952e-02
-2.753187735229904731e-02
-2.893412133272038611e-02
-3.025654905195035438e-02
-3.148067401571144619e-02
-3.258779673121246778e-02
-3.355926639890609992e-02
-3.437675881128469946e-02
-3.502256916773272694e-02
-3.547991202830861474e-02
-3.573322954340030916e-02
-3.576849866414642809e-02
-3.557353631734047616e-02
-3.513828947860893337e-02
-3.445511434356345742e-02
-3.351902412636613426e-02
-3.232790902599978755e-02
-3.088271598568995829e-02
-2.918757803195409783e-02
-2.724989690684022012e-02
-2.508036256847219134e-02
-2.269291060082443551e-02
-2.010461641770528926e-02
-1.733552064058151501e-02
-1.440839286424293146e-02
-1.134842987327678611e-02
-8.182900775469183555e-03
-4.940740628581478423e-03
-1.652105278169011329e-03
1.652105282519351296e-03
4.940740662352486982e-03
8.182900750793432529e-03
1.134842988972451124e-02
1.440839290399138946e-02
1.733552073834737639e-02
2.010461633388922059e-02
2.269291059237982244e-02
2.508036263809396843e-02
2.724989681842571176e-02
2.918757794359839661e-02
3.088271565624517087e-02
3.232790910118960720e-02
3.351902396312107790e-02
3.445511422131669610e-02
3.513828918032401577e-02
3.557353660956342339e-02
3.576849905567407173e-02
3.573322909829727140e-02
3.547991186502780919e-02
3.502256877375633376e-02
3.437675884671840404e-02
3.355926643925516428e-02
3.258779700326668027e-02
3.148067427684900915e-02
3.025654906767460267e-02
2.893412139945227349e-02
2.753187743614039090e-02
2.606784460211013579e-02
2.455936640750158717e-02
2.302289625591706981e-02
2.147381384801504145e-02
1.992626295125413463e-02
1.839301096259458521e-02
1.688533169240569523e-02
1.541291171481704025e-02
1.398377924540479718e-02
1.260425987170892340e-02
1.127895244451834582e-02
1.001073504760087267e-02
8.800791437156743613e-03
7.648665501448590788e-03
6.552338677925058537e-03
5.508332652012480797e-03
4.511833774472687186e-03
3.556839799868725081e-03
2.636325491769850229e-03
1.742425452397708191e-03
8.666313855223317002e-04
1.994233877212979425e-16
2.040978819060985141e-16
-9.279792253960376632e-04
-1.865895022797232428e-03
-2.823446563651754466e-03
-3.809862398702321823e-03
-4.833675398024565514e-03
-5.902509394651950236e-03
-7.022881588365329462e-03
-8.200023003815230110e-03
-9.437720358513836810e-03
-1.073818081521969378e-02
-1.210192175511709371e-02
-1.352768617182181776e-02
-1.501238556333517500e-02
-1.655106875786022461e-02
-1.813691864526502384e-02
-1.976127608064298311e-02
-2.141368799438774992e-02
-2.308198656400866147e-02
-2.475238758791395433e-02
-2.640961978975861491e-02
-2.803707481106070681e-02
-2.961698341793480779e-02
-3.113061414105378413e-02
-3.255849546704411152e-02
-3.388065983639378803e-02
-3.507690811697428135e-02
-3.612709286990874874e-02
-3.701141968807466348e-02
-3.771076104229832693e-02
-3.820698299737249060e-02
-3.848327595658070088e-02
-3.852448670909426609e-02
-3.831744772181923386e-02
-3.785129281853267386e-02
-3.711775560446529953e-02
-3.611143759809238435e-02
-3.483004677053445908e-02
-3.327458945559205739e-02
-3.144951330274880358e-02
-2.936279262835633785e-02
-2.702595201811194489e-02
-2.445401894505255455e-02
-2.166540997481967643e-02
-1.868174283926275075e-02
-1.552757971781791244e-02
-1.223010340843432020e-02
-8.818733118194505005e-03
-5.324685956355545112e-03
-1.780496680140161540e-03
1.780496686846157759e-03
5.324685991946182320e-03
8.818733077687749070e-03
1.223010337280744722e-02
1.552757974319309876e-02
1.868174300687021686e-02
2.166540989885067450e-02
2.445401889420531841e-02
2.702595194196522749e-02
2.936279283892988257e-02
3.144951330043201099e-02
3.327458956129040329e-02
3.483004669576565682e-02
3.611143759578590989e-02
3.711775580470558222e-02
3.785129342559580279e-02
3.831744787231004118e-02
3.852448655497615893e-02
3.848327594660760909e-02
3.820698322922008033e-02
3.771076126175221949e-02
3.701141976191813648e-02
3.612709306777308477e-02
3.507690817279363743e-02
3.388066014366140910e-02
3.255849526823824391e-02
3.113061425096183554e-02
2.961698335716313885e-02
2.803707490371885186e-02
2.640961983914287547e-02
2.475238780412451073e-02
2.308198652938400069e-02
2.141368816624282176e-02
1.976127581373933462e-02
1.813691876594599600e-02
1.655106871138055380e-02
1.501238557946626972e-02
1.352768626608340588e-02
1.210192178615159854e-02
1.073818085575985008e-02
9.437720401424329678e-03
8.200023051509013061e-03
7.022881594918488520e-03
5.902509357121173139e-03
4.833675382625239603e-03
3.809862403281841746e-03
2.823446543467994854e-03
1.865895029751907762e-03
9.279792235691823729e-04
2.076727083381613944e-16
2.123757897294487441e-16
-9.924528291874790999e-04
-1.995680034799143278e-03
-3.020199240880182441e-03
-4.076019046328133340e-03
-5.172395438251610987e-03
-6.317601464052157757e-03
-7.518713092498780989e-03
-8.781415273945386221e-03
-1.010983112059296238e-02
-1.150637559404495136e-02
-1.297163619471452568e-02
-1.450428223840652918e-02
-1.610100241368827775e-02
-1.775647175318208898e-02
-1.946334788176746697e-02
-2.121229708036154529e-02
-2.299204733874567544e-02
-2.478947104083034647e-02
-2.658969600098538832e-02
-2.837624005577223454e-02
-3.013117795399018750e-02
-3.183532758908781679e-02
-3.346846801781346720e-02
-3.500957705700941114e-02
-3.643709634539574888e-02
-3.772921430528712594e-02
-3.886417679323841967e-02
-3.982060678448965524e-02
-4.057784826427097979e-02
-4.111631497768804960e-02
-4.141784893185799371e-02
-4.146608095513991399e-02
-4.124678251582610672e-02
-4.074820893393037852e-02
-3.996141915112814968e-02
-3.888056905758435072e-02
-3.750316466902669371e-02
-3.583027198545817027e-02
-3.386667101270136176e-02
-3.162094663664739846e-02
-2.910551390238783412e-02
-2.633656969774328740e-02
-2.333396630830087554e-02
-2.012101117216761118e-02
-1.672418882093443249e-02
-1.317281148775450127e-02
-9.498604322621374829e-03
-5.735233340306272916e-03
-1.917785340016136533e-03
1.917785364298306991e-03
5.735233336643899560e-03
9.498604372962043962e-03
1.317281151802683452e-02
1.672418888129207845e-02
2.012101132915621732e-02
2.333396633371015785e-02
2.633656952907850735e-02
2.910551403174081384e-02
3.162094651973507836e-02
3.386667107202745441e-02
3.583027198807750557e-02
3.750316453185903454e-02
3.888056885460357270e-02
3.996141885934721694e-02
4.074820864559115102e-02
4.124678230952668473e-02
4.146608090701874028e-02
4.141784899280191723e-02
4.111631515138119281e-02
4.057784855851123695e-02
3.982060711932754876e-02
3.886417682962658993e-02
3.772921426823221125e-02
3.643709597115875332e-02
3.500957727709075318e-02
3.346846774412109982e-02
3.183532741755897705e-02
3.013117790333684140e-02
2.837624004812465406e-02
2.658969589082483750e-02
2.478947101461086849e-02
2.299204720897729190e-02
2.121229715993929246e-02
1.946334792189170770e-02
1.775647153419811913e-02
1.610100250421103371e-02
1.450428224617319323e-02
1.297163614548897323e-02
1.150637556988094896e-02
1.010983113469277397e-02
8.781415311525542222e-03
7.518713040770595886e-03
6.317601508760966461e-03
5.172395426244391983e-03
4.076019041485301475e-03
3.020199241308421049e-03
1.995680035211233345e-03
9.924528263515241047e-04
2.161988906605738011e-16
2.209161793911535748e-16
-1.059924009794443968e-03
-2.131529445137863698e-03
-3.226220100340545464e-03
-4.354849374882289320e-03
-5.527456975941902849e-03
-6.753019862687979075e-03
-8.039220697593076753e-03
-9.392238366236932076e-03
-1.081656331442608018e-02
-1.231483956020876236e-02
-1.388773555854658573e-02
-1.553384673073151048e-02
-1.724962774520873848e-02
-1.902935668130774360e-02
-2.086513237167362395e-02
-2.274690070034429690e-02
-2.466251403223726837e-02
-2.659781915672889893e-02
-2.853677711536793671e-02
-3.046161119469291065e-02
-3.235298237563238172e-02
-3.419019587764055013e-02
-3.595143229702048304e-02
-3.761400636244575935e-02
-3.915465123916052337e-02
-4.054982707836362471e-02
-4.177605116143187636e-02
-4.281024798963663919e-02
-4.363011739194207900e-02
-4.421451160034964301e-02
-4.454382302008685901e-02
-4.460037079165074525e-02
-4.436878407116659484e-02
-4.383636870235353006e-02
-4.299345522456809315e-02
-4.183371375072242326e-02
-4.035442876227490760e-02
-3.855672334975711324e-02
-3.644572654081030399e-02
-3.403067311424646385e-02
-3.132492854443959945e-02
-2.834593762961049035e-02
-2.511508929554400957e-02
-2.165749949078717845e-02
-1.800171043385418237e-02
-1.417931636761496014e-02
-1.022451378395117932e-02
-6.173592674091343824e-03
-2.064376405221239955e-03
2.064376402313676875e-03
6.173592713480960392e-03
1.022451373268353468e-02
1.417931644206551177e-02
1.800171051218504847e-02
2.165749932432577823e-02
2.511508936935152175e-02
2.834593747042424283e-02
3.132492850010684671e-02
3.403067287604943925e-02
3.644572666512346099e-02
3.855672328918370584e-02
4.035442881576409291e-02
4.183371405174805824e-02
4.299345517869602312e-02
4.383636848806490849e-02
4.436878422561110064e-02
4.460037125147014309e-02
4.454382302474476502e-02
4.421451161464497182e-02
4.363011731491405615e-02
4.281024787558269928e-02
4.177605079873186050e-02
4.054982714508638397e-02
3.915465132392406677e-02
3.761400644135363264e-02
3.595143224186710118e-02
3.419019609666260756e-02
3.235298252768534916e-02
3.046161084525501883e-02
2.853677708103005695e-02
2.659781921636261356e-02
2.466251390899068877e-02
2.274690073031401458e-02
2.086513241110719147e-02
1.902935664113365039e-02
1.724962761319825261e-02
1.553384673668062148e-02
1.388773551484127552e-02
1.231483953090583769e-02
1.081656334857491325e-02
9.392238449991416327e-03
8.039220675203467489e-03
6.753019903472259541e-03
5.527457000098018325e-03
4.354849349657363006e-03
3.226220084397397186e-03
2.131529446664020937e-03
1.059924014375949498e-03
2.249990783586530330e-16
2.297142750417915422e-16
-1.130180291837763968e-03
-2.273024040978145581e-03
-3.440894660988587546e-03
-4.645560599977737598e-03
-5.897911058223678088e-03
-7.207686272738387905e-03
-8.583228005195675525e-03
-1.003125290754908715e-02
-1.155665292267283976e-02
-1.316232465705916878e-02
-1.484903086931618939e-02
-1.661529363291161521e-02
-1.845732283399561732e-02
-2.036897733698479415e-02
-2.234176101556178962e-02
-2.436485284669965765e-02
-2.642517024752654570e-02
-2.850746472484212354e-02
-3.059445019823972545e-02
-3.266696396724805274e-02
-3.470415548520508486e-02
-3.668370897171062406e-02
-3.858209292591908285e-02
-4.037483913956259329e-02
-4.203685061188428690e-02
-4.354273165184702893e-02
0.000000000000000000e+00
-4.598519448632343992e-02
-4.687281173939665535e-02
-4.750717053792570532e-02
-4.786710346355952522e-02
-4.793352007450801811e-02
-4.768981607516793036e-02
-4.712227408646907367e-02
-4.622043561975051201e-02
-4.497744293673017202e-02
-4.339033295142795399e-02
-4.146028399281000143e-02
-3.919279139044833105e-02
-3.659777798175699315e-02
-3.368962194637947077e-02
-3.048709878188190364e-02
-2.701323889817860979e-02
-2.329509061882238316e-02
-1.936339844065304919e-02
-1.525219755329376356e-02
-1.099833000708731919e-02
-6.640896003108885844e-03
-2.220648901871573495e-03
2.220648916426521454e-03
6.640896073533738425e-03
1.099833005743379097e-02
1.525219742678741650e-02
1.936339829470527449e-02
2.329509053355264744e-02
2.701323896769642838e-02
3.048709891943792924e-02
3.368962175924219982e-02
3.659777825411196506e-02
3.919279135416618709e-02
4.146028406573477182e-02
4.339033320886484524e-02
4.497744271052703940e-02
4.622043567741465631e-02
4.712227418786046895e-02
4.768981614381951478e-02
4.793352011685448472e-02
4.786710361621412252e-02
4.750717048394954151e-02
4.687281184750707180e-02
4.598519491981072072e-02
4.486714589987914753e-02
4.354273144124056610e-02
4.203685075790946496e-02
4.037483930077297861e-02
3.858209317246322212e-02
3.668370891518547838e-02
3.470415562314758257e-02
3.266696388691457675e-02
3.059445043774501952e-02
2.850746447626220648e-02
2.642517037716117165e-02
2.436485292293355184e-02
2.234176094505210819e-02
2.036897741561537536e-02
1.845732294432298262e-02
1.661529358350377975e-02
1.484903076761148917e-02
1.316232469462393952e-02
1.155665288498002215e-02
1.003125286957469962e-02
8.583227982063491857e-03
7.207686265847567525e-03
5.897911026163223103e-03
4.645560620565745459e-03
3.440894638038954033e-03
2.273024038410912696e-03
1.130180283297590408e-03
2.340676717536899070e-16
2.387623930159939888e-16
-1.202904843500868411e-03
-2.419536499226708492e-03
-3.663297552349097271e-03
-4.946947893876287375e-03
-6.282297293636471096e-03
-7.679914361908866081e-03
-9.148857082429573406e-03
-1.069642767900568642e-02
-1.232795755441845088e-02
-1.404662296740501540e-02
-1.585329533471063410e-02
-1.774642665841563369e-02
-1.972197203438304583e-02
-2.177334734286075213e-02
-2.389142647569396372e-02
-2.606457250226820732e-02
-2.827870682168533503e-02
-3.051741309332101082e-02
-3.276207427302829656e-02
-3.499204556269818606e-02
-3.718486242289716082e-02
-3.931647384058834654e-02
-4.136151771902523561e-02
-4.329361701830582165e-02
-4.508571347012824831e-02
-4.671042350560871553e-02
-4.814042470256675588e-02
-4.934886104684446662e-02
-5.030977023365871409e-02
-5.099852475642971394e-02
-5.139227970359543096e-02
-5.147042582750683409e-02
-5.121503241243616222e-02
-5.061127598786638315e-02
-4.964784447245886023e-02
-4.831730422878139503e-02
-4.661641946494946703e-02
-4.454641513839983219e-02
-4.211317048071593072e-02
-3.932733631751950121e-02
-3.620436535080955726e-02
-3.276445145952822102e-02
-2.903237363234271659e-02
-2.503724403090080985e-02
-2.081215958760567614e-02
-1.639376439925256668e-02
-1.182172944823030661e-02
-7.138159745964661393e-03
-2.386943488054206301e-03
2.386943486640339881e-03
7.138159754598475543e-03
1.182172944414898279e-02
1.639376447614776869e-02
2.081215957014851889e-02
2.503724398506276122e-02
2.903237356078515810e-02
3.276445125740887199e-02
3.620436529805825393e-02
3.932733659770468182e-02
4.211317051717332338e-02
4.454641507755512098e-02
4.661641942549576978e-02
4.831730407858006449e-02
4.964784462543950228e-02
5.061127588693305895e-02
5.121503268835953665e-02
5.147042611491670777e-02
5.139227958525801471e-02
5.099852478181528953e-02
5.030977021213649952e-02
4.934886096274849338e-02
4.814042455422298111e-02
4.671042344737340313e-02
4.508571331976118923e-02
4.329361707070680798e-02
4.136151759052978522e-02
3.931647418749328882e-02
3.718486235531036355e-02
3.499204555367985137e-02
3.276207424780257921e-02
3.051741324531355090e-02
2.827870714773540739e-02
2.606457248365652221e-02
2.389142632131467658e-02
2.177334724083817771e-02
1.972197209748382737e-02
1.774642671538389366e-02
1.585329529289647432e-02
1.404662299370942023e-02
1.232795756494047684e-02
1.069642767736726612e-02
9.148857067157886713e-03
7.679914359319733180e-03
6.282297250406333744e-03
4.946947880982921313e-03
3.663297536978588152e-03
2.419536500720965468e-03
1.202904844247151437e-03
2.433957605828052057e-16
2.480493747283667634e-16
-1.277653003991727860e-03
-2.570184325244772184e-03
-3.892122127964275057e-03
-5.257300490971564093e-03
-6.678527393495462851e-03
-8.167270631652229565e-03
-9.733366536573525435e-03
-1.138475583995019955e-02
-1.312725124027050265e-02
-1.496433897287146805e-02
-1.689701696805697220e-02
-1.892367153339110861e-02
-2.103999381072236760e-02
-2.323893465846129172e-02
-2.551070144697147046e-02
-2.784279202556506905e-02
-3.022006840945915679e-02
-3.262487093592406767e-02
-3.503716340804585716e-02
-3.743472254996685344e-02
-3.979335777613136199e-02
-4.208716787974333545e-02
-4.428883255850864925e-02
-4.636993470248875621e-02
-4.830131813289855608e-02
-5.005347177137415421e-02
-5.159694496948843967e-02
-5.290278501526675392e-02
-5.394299669294128768e-02
-5.469101831837760996e-02
-5.512220348471653236e-02
-5.521431023318552900e-02
-5.494797774768112042e-02
-5.430718950433664760e-02
-5.327970866677557427e-02
-5.185747367128654833e-02
-5.003694430844021768e-02
-4.781938413602539878e-02
-4.521107135082564482e-02
-4.222342292871814062e-02
-3.887303076379670236e-02
-3.518159549354152316e-02
-3.117575829132553447e-02
-2.688683095087361641e-02
-2.235041890131209477e-02
-1.760595137170649707e-02
-1.269611955695444140e-02
-7.666239062079464005e-03
-2.563546971497128717e-03
2.563546959226814179e-03
7.666239109560324394e-03
1.269611955907465166e-02
1.760595126493525245e-02
2.235041898996013854e-02
2.688683102371535599e-02
3.117575846054465236e-02
3.518159545450937759e-02
3.887303045388165040e-02
4.222342284662997103e-02
4.521107141899499693e-02
4.781938419413547803e-02
5.003694415037567012e-02
5.185747351231054930e-02
5.327970827147084781e-02
5.430718890529381143e-02
5.494797746324546484e-02
5.521431008194472440e-02
5.512220353753120167e-02
5.469101803885845908e-02
5.394299676763296414e-02
5.290278505461886577e-02
5.159694443942242775e-02
5.005347177613388848e-02
4.830131825299553011e-02
4.636993494833843016e-02
4.428883254234612654e-02
4.208716809012217480e-02
3.979335774202327064e-02
3.743472253708199360e-02
3.503716343156400986e-02
3.262487077292846455e-02
3.022006848320635958e-02
2.784279186404788053e-02
2.551070147099603058e-02
2.323893478127547069e-02
2.103999380786240186e-02
1.892367160775003040e-02
1.689701700938116974e-02
1.496433900201780097e-02
1.312725134736436421e-02
1.138475583617712915e-02
9.733366495621778233e-03
8.167270695528295460e-03
6.678527339763826523e-03
5.257300505708411252e-03
3.892122142684450656e-03
2.570184320509491874e-03
1.277652994719353976e-03
2.529704656331638837e-16
2.575599081911890834e-16
-1.353824444082906949e-03
-2.723774385633909341e-03
-4.125597391875904935e-03
-5.574291577282984751e-03
-7.083747695537040770e-03
-8.666409648238780281e-03
-1.033296049435521342e-02
-1.209203752937546006e-02
-1.394998146674999301e-02
-1.591062246159461943e-02
-1.797510581505845986e-02
-2.014175925622423147e-02
-2.240600252732820666e-02
-2.476030011619474377e-02
-2.719415635187757280e-02
-2.969415324460419892e-02
-3.224402983301087600e-02
-3.482480364042239707e-02
-3.741493126608675529e-02
-3.999050626637069145e-02
-4.252550087503714771e-02
-4.499203933506432801e-02
-4.736071252039722457e-02
-4.960092543931193809e-02
-5.168127951149448923e-02
-5.356999070019482362e-02
-5.523533038324514310e-02
-5.664610187053861767e-02
-5.777213117421351601e-02
-5.858478334712751562e-02
-5.905747757820267729e-02
-5.916621583402951329e-02
-5.889009853940588984e-02
-5.821181991595268668e-02
-5.711814193531841721e-02
-5.560031804183084708e-02
-5.365446695848449798e-02
-5.128187883755586096e-02
-4.848924270405368525e-02
-4.528878104858768960e-02
-4.169828981198976658e-02
-3.774106570523279996e-02
-3.344573010511401462e-02
-2.884593327897799417e-02
-2.397995326492142337e-02
-1.889018672785581013e-02
-1.362254634434383049e-02
-8.225771856436464927e-03
-2.750673730677900483e-03
2.750673735853581981e-03
8.225771817361305152e-03
1.362254630400010214e-02
1.889018680779584389e-02
2.397995318149447400e-02
2.884593323829588371e-02
3.344573007072608462e-02
3.774106573343295051e-02
4.169828979249800421e-02
4.528878116818375182e-02
4.848924291618000870e-02
5.128187861948833859e-02
5.365446677315732771e-02
5.560031814433335356e-02
5.711814196885937889e-02
5.821181995562520195e-02
5.889009831300320158e-02
5.916621575107779141e-02
5.905747746765551559e-02
5.858478311940981675e-02
5.777213170954174221e-02
5.664610202251645077e-02
5.523533038901034392e-02
5.356999063902759262e-02
5.168127999287391167e-02
4.960092545437183587e-02
4.736071263986753321e-02
4.499203931338976309e-02
4.252550082809636312e-02
3.999050604407086706e-02
3.741493107353029146e-02
3.482480394315683875e-02
3.224402976247820601e-02
2.969415304339589196e-02
2.719415641463878916e-02
2.476030021293519970e-02
2.240600251477328081e-02
2.014175914736365813e-02
1.797510576158654894e-02
1.591062246262469129e-02
1.394998145593396612e-02
1.209203756089081983e-02
1.033296047876575488e-02
8.666409621187698420e-03
7.083747660191931118e-03
5.574291608869854156e-03
4.125597376530440452e-03
2.723774397543276930e-03
1.353824445355451085e-03
2.627741533837583280e-16
2.672737617118055987e-16
-1.430631171307571560e-03
-2.878738913821542351e-03
-4.361391950167180231e-03
-5.894850435432748975e-03
-7.494179586739562436e-03
-9.172883742051883213e-03
-1.094256739036979058e-02
-1.281262838929969096e-02
-1.478998715284182350e-02
-1.687885648378980100e-02
-1.908055371665124539e-02
-2.139335793122374568e-02
-2.381241273926962970e-02
-2.632967512095141585e-02
-2.893391110603280372e-02
-3.161073610774368936e-02
-3.434270127238520792e-02
-3.710942196000524551e-02
-3.988775272395389537e-02
-4.265200075279645953e-02
-4.537418284111684880e-02
-4.802432197633956651e-02
-5.057078340663703070e-02
-5.298065030255429825e-02
-5.522013355812518953e-02
-5.725501878194758781e-02
-5.905114686621185105e-02
-6.057492013374048134e-02
-6.179383371805993036e-02
-6.267702886942611018e-02
-6.319585119839338239e-02
-6.332441590262335995e-02
-6.304016552265423456e-02
-6.232440543424496576e-02
-6.116280930761459206e-02
-5.954588270183448773e-02
-5.746936200440908721e-02
-5.493454811097672058e-02
-5.194854932867905978e-02
-4.852443066302070812e-02
-4.468125567332591891e-02
-4.044401115083844089e-02
-3.584341510445909762e-02
-3.091560277041514523e-02
-2.570169219872485075e-02
-2.024723824314848819e-02
-1.460158238552440244e-02
-8.817110684446268290e-03
-2.948443200568534681e-03
2.948443177867549492e-03
8.817111384170897223e-03
1.460158236631884515e-02
2.024723818438527514e-02
2.570169220089840723e-02
3.091560291100318297e-02
3.584341508997824360e-02
4.044401103221094418e-02
4.468125568672827452e-02
4.852443063802707596e-02
5.194854908734043014e-02
5.493454810263221494e-02
5.746936219435532650e-02
5.954588267334983559e-02
6.116280941895748530e-02
6.232440565114785030e-02
6.304016608219327467e-02
6.332441595630740327e-02
6.319585115111342466e-02
6.267702884745003644e-02
6.179383386544249485e-02
6.057492006975440102e-02
5.905114662082449478e-02
5.725501864009598096e-02
5.522013340966944184e-02
5.298065038362414353e-02
5.057078374358119771e-02
4.802432173655984265e-02
4.537418287752087442e-02
4.265200093011239230e-02
3.988775285949505006e-02
3.710942175662615417e-02
3.434270109292586470e-02
3.161073612342894107e-02
2.893391104734567218e-02
2.632967517251961695e-02
2.381241272269125908e-02
2.139335794366842985e-02
1.908055374569805202e-02
1.687885645603504764e-02
0.000000000000000000e+00
1.281262836551889592e-02
1.094256739310048472e-02
9.172883713998989871e-03
7.494179594633340082e-03
5.894850430944483313e-03
4.361391950638723175e-03
2.878738920815812532e-03
1.430631168572529116e-03
2.727835457652093464e-16
2.771648776357818064e-16
-1.507060397976066769e-03
-3.033061270637590987e-03
-4.596503152274143862e-03
-6.215014655256627212e-03
-7.904935507548102591e-03
-9.680922384897695104e-03
-1.155558327313083340e-02
-1.353914716194179642e-02
-1.563917184961818169e-02
-1.786029644955439144e-02
-2.020403930326919104e-02
-2.266864490448807640e-02
-2.524897762068959578e-02
-2.793646942264380040e-02
-3.071911308844445243e-02
-3.358150733598624232e-02
-3.650494897227796881e-02
-3.946757202331021425e-02
-4.244453423461568703e-02
-4.540824720896253358e-02
-4.832865320878299009e-02
-5.117354229712311325e-02
-5.390891356219029013e-02
-5.649937809547241063e-02
-5.890860087857049260e-02
-6.109977916672852671e-02
-6.303615825538294581e-02
-6.468157620492089033e-02
-6.600103751302360822e-02
-6.696130189103112473e-02
-6.753149256545508405e-02
-6.768370018489161533e-02
-6.739358137576403895e-02
-6.664094086103931891e-02
-6.541027450517994390e-02
-6.369126749138949439e-02
-6.147922737525493564e-02
-5.877544326871480401e-02
-5.558744820604542836e-02
-5.192918578060990581e-02
-4.782104739904366464e-02
-4.328980262436284143e-02
-3.836838719215600324e-02
-3.309556859933798778e-02
-2.751547777533498718e-02
-2.167702341970625945e-02
-1.563319047305923928e-02
-9.440244606179860193e-03
-3.156852503796394715e-03
3.156852497200783505e-03
9.440244641284541507e-03
1.563319048487730317e-02
2.167702336592149809e-02
2.751547790036689214e-02
3.309556854932399483e-02
3.836838686653792213e-02
4.328980206393618496e-02
4.782104723067964053e-02
5.192918518822776247e-02
5.558744887561200415e-02
5.877544296890773595e-02
6.147922729447159729e-02
6.369126731892474358e-02
6.541027449633889101e-02
6.664094083719390715e-02
6.739358131312286893e-02
6.768370018238674402e-02
6.753149252533233171e-02
6.696130191563424983e-02
6.600103754638206310e-02
6.468157617470789156e-02
6.303615812097933258e-02
6.109977931600256429e-02
5.890860087689253621e-02
5.649937770258904590e-02
5.390891323257120810e-02
5.117354212032310806e-02
4.832865325553536984e-02
4.540824678472847598e-02
4.244453411897210898e-02
3.946757195140821600e-02
3.650494899326006681e-02
3.358150697122427863e-02
3.071911298878461996e-02
2.793646907915255106e-02
2.524897769464266514e-02
2.266864490931348036e-02
2.020403932339390196e-02
1.786029646421321421e-02
1.563917177582995269e-02
1.353914718456643296e-02
1.155558336899718298e-02
9.680922381076841748e-03
7.904935522041243653e-03
6.215014639683031847e-03
4.596503163268688547e-03
3.033061261788874089e-03
1.507060401325214117e-03
2.829686709672268759e-16
2.872003306620080312e-16
-1.581832519229776825e-03
-3.184191953024799546e-03
-4.827130947556196490e-03
-6.529762257229261048e-03
-8.309809314550081760e-03
-1.018318152478825747e-02
-1.216358039835324124e-02
-1.426214356731730394e-02
-1.648713075728005031e-02
-1.884365723316593771e-02
-2.133347662561130287e-02
-2.395481556131574472e-02
-2.670226183801905490e-02
-2.956670582251472862e-02
-3.253533523436272917e-02
-3.559168332309398108e-02
-3.871572714034884899e-02
-4.188403856478969955e-02
-4.506998273461034626e-02
-4.824396752357177492e-02
-5.137373632300867160e-02
-5.442471231964050166e-02
-5.736038489483587244e-02
-6.014273980685697768e-02
-6.273273474462352783e-02
-6.509081143809540559e-02
-6.717745171501660062e-02
-6.895375958395291716e-02
-7.038207715270362874e-02
-7.142662213629846768e-02
-7.205413372618227341e-02
-7.223453027202300647e-02
-7.194154938221275497e-02
-7.115337544414265802e-02
-6.985322597415950796e-02
-6.802988575620569356e-02
-6.567818033699854285e-02
-6.279935723921083179e-02
-5.940137722648272667e-02
-5.549908667764264641e-02
-5.111427030871586868e-02
-4.627556925885224770e-02
-4.101825827461293150e-02
-3.538388560442283504e-02
-2.941977313690672530e-02
-2.317838181543642462e-02
-1.671656193044297745e-02
-1.009469372854242437e-02
-3.375743723564430220e-03
3.375743715992600338e-03
1.009469370218429689e-02
1.671656198391577655e-02
2.317838187452919349e-02
0.000000000000000000e+00
3.538388620008103141e-02
4.101825847420681459e-02
4.627556933611021855e-02
5.111427054819058652e-02
5.549908662609413096e-02
5.940137715922295947e-02
6.279935717403456463e-02
6.567818038651017376e-02
6.802988576570195844e-02
6.985322612202549131e-02
7.115337579524204370e-02
7.194154952830532357e-02
7.223453017622671890e-02
7.205413399738277991e-02
7.142662206596697705e-02
7.038207730001991291e-02
6.895375865995040376e-02
6.717745147902094704e-02
6.509081144095128779e-02
6.273273436060280983e-02
6.014273987636353097e-02
5.736038506759284089e-02
5.442471252434247231e-02
5.137373622041430110e-02
4.824396722186212461e-02
4.506998309669452835e-02
4.188403864512246777e-02
3.871572716201707176e-02
3.559168335544189710e-02
3.253533547623421729e-02
2.956670555545416051e-02
2.670226182846762233e-02
2.395481567370653583e-02
2.133347662364647179e-02
1.884365699812749761e-02
1.648713069107054022e-02
1.426214355050912756e-02
1.216358042255046880e-02
1.018318156138333513e-02
8.309809335958566121e-03
6.529762305980540103e-03
4.827130954364525564e-03
3.184191937638091580e-03
1.581832516890982303e-03
2.932916589759344237e-16
2.973391330407539685e-16
-1.653353784294595615e-03
-3.328954022063534881e-03
-5.048536191056107736e-03
-6.832823095750766712e-03
-8.701040731515717955e-03
-1.067046091495683392e-02
-1.275597742736286032e-02
-1.496972250622023368e-02
-1.732072950348189852e-02
-1.981464615953001940e-02
-2.245350135522509658e-02
-2.523552721533313392e-02
-2.815504014800404228e-02
-3.120237763349628310e-02
-3.436389271395100253e-02
-3.762200615798638043e-02
-4.095531203230566575e-02
-4.433874027492860220e-02
-4.774376879210091851e-02
-5.113868967591844727e-02
-5.448892717333259778e-02
-5.775740050891949029e-02
-6.090494053167570115e-02
-6.389075189939137644e-02
-6.667291981527519174e-02
-6.920896170549024895e-02
-7.145641812901751266e-02
-7.337348373715900374e-02
-7.491966288380523531e-02
-7.605645534547610109e-02
-7.674805453970284796e-02
-7.696204649162724509e-02
-7.667010660340368988e-02
-7.584866958745670185e-02
-7.447956413049315605e-02
-7.255058898958201274e-02
-7.005602203980282328e-02
-6.699703545979257546e-02
-6.338200826135061139e-02
-5.922671798636438417e-02
-5.455439544180364086e-02
-4.939564175749199676e-02
-4.378818965750422981e-02
-3.777651924684018864e-02
-3.141131828452375929e-02
-2.474880520575416243e-02
-1.784991940064510271e-02
-1.077939892168466689e-02
-3.604764602217824104e-03
3.604764610085891847e-03
1.077939892068646710e-02
1.784991937253762456e-02
2.474880517239993333e-02
3.141131823360387293e-02
3.777651921820164571e-02
4.378818953485457549e-02
4.939564133044248295e-02
5.455439557857438143e-02
5.922671794263750789e-02
6.338200841760530113e-02
6.699703539657052287e-02
7.005602194123114468e-02
7.255058894776501843e-02
7.447956407284388181e-02
7.584866925456794362e-02
7.667010650768896207e-02
7.696204641506347588e-02
7.674805475743905203e-02
7.605645531465476950e-02
7.491966280341594286e-02
7.337348357695598622e-02
7.145641821286458084e-02
6.920896159782684298e-02
6.667291997135607606e-02
6.389075205636156329e-02
6.090494045682633834e-02
5.775740042691347026e-02
5.448892698867122825e-02
5.113868975408884798e-02
4.774376876080861642e-02
4.433874027030756254e-02
4.095531195868377938e-02
3.762200603953671368e-02
3.436389264920930442e-02
3.120237760857436440e-02
2.815504019481180828e-02
2.523552722278685559e-02
2.245350132594459494e-02
1.981464625259955065e-02
1.732072956935533023e-02
1.496972250223179909e-02
1.275597741979492619e-02
1.067046088950570661e-02
8.701040767324329239e-03
6.832823081884562520e-03
5.048536209845994917e-03
3.328954003873737990e-03
1.653353782430764260e-03
3.037053647485594168e-16
3.075308687164465223e-16
-1.719664314014274741e-03
-3.463439111069485654e-03
-5.254884665827747568e-03
-7.116470629968669852e-03
-9.069055179785555712e-03
-1.113139240753467998e-02
-1.331967640415021234e-02
-1.564712899386897296e-02
-1.812363717316319706e-02
-2.075544488553025119e-02
-2.354490279222216237e-02
-2.649027848993226741e-02
-2.958562762830360682e-02
-3.282072725895209681e-02
-3.618107106778301052e-02
-3.964792404525049191e-02
-4.319843722360107441e-02
-4.680582058032876913e-02
-5.043957128467117107e-02
-5.406575839843884984e-02
-5.764736123381968697e-02
-6.114466046210900035e-02
-6.451568147957169319e-02
-6.771668796890302489e-02
-7.070272576080886828e-02
-7.342821133840510273e-02
-7.584756907760620281e-02
-7.791589770312784546e-02
-7.958968352513264011e-02
-8.082752900725495571e-02
-8.159090446705119515e-02
-8.184490053161441736e-02
-8.155897466016361064e-02
-8.070767498520857453e-02
-7.927132055897724572e-02
-7.723662547303032644e-02
-7.459724779736232048e-02
-7.135423878022072175e-02
-6.751638168975565568e-02
-6.310039894857936982e-02
-5.813101960647982375e-02
-5.264088652597815471e-02
-4.667030709408562933e-02
-4.026683895535668883e-02
-3.348471443175108503e-02
-2.638411159795706409e-02
-1.903028578720662375e-02
-1.149257786137290044e-02
-3.843321748536100962e-03
3.843321744684915966e-03
1.149257782294868697e-02
1.903028584045835664e-02
2.638411170510187448e-02
3.348471445176345179e-02
4.026683898664139283e-02
4.667030701832929757e-02
5.264088669905483270e-02
5.813101965313592634e-02
6.310039893814228806e-02
6.751638142689427025e-02
7.135423887632216799e-02
7.459724784381324691e-02
7.723662552430135553e-02
7.927132042090556663e-02
8.070767515348957477e-02
8.155897478022741676e-02
8.184490056383281198e-02
8.159090454229923906e-02
8.082752892900225972e-02
7.958968317770180601e-02
7.791589768482777567e-02
7.584756899247119266e-02
7.342821200100578538e-02
7.070272579687009173e-02
6.771668783037100570e-02
6.451568133073862232e-02
6.114466047354309708e-02
5.764736110262011493e-02
5.406575832096403161e-02
5.043957135363411060e-02
4.680582066720555268e-02
4.319843727939796929e-02
3.964792393121609887e-02
3.618107104060180879e-02
3.282072727954108565e-02
2.958562750273452391e-02
2.649027853529648674e-02
2.354490290180556028e-02
2.075544487849952449e-02
1.812363708672389689e-02
1.564712902618056733e-02
1.331967639330064804e-02
1.113139239884368241e-02
9.069055172939278694e-03
7.116470642873197125e-03
5.254884651724562802e-03
3.463439114883074856e-03
1.719664316241843564e-03
3.141518013706870489e-16
3.177141405552140940e-16
-1.778382316116434905e-03
-3.582895810129111368e-03
-5.439079472152954196e-03
-7.371298602587597962e-03
-9.402184216012760692e-03
-1.155210364002797960e-02
-1.383866970714141623e-02
-1.627629853656883605e-02
-1.887581952807469363e-02
-2.164414529128596762e-02
-2.458400303731785377e-02
-2.769373145595402028e-02
-3.096714348619977741e-02
-3.439345486902016524e-02
-3.795727985145441047e-02
-4.163868986627290020e-02
-4.541333642983898244e-02
-4.925263672636319423e-02
-5.312401707323543415e-02
-5.699121785252078687e-02
-6.081465399048584242e-02
-6.455183224839315670e-02
-6.815782566995218228e-02
-7.158579975016776675e-02
-7.478759252909332467e-02
-7.771434507176509798e-02
-8.031717890027188778e-02
-8.254791514517680062e-02
-8.435983195690363590e-02
-8.570844952305213538e-02
-8.655233286838873163e-02
-8.685390175357798892e-02
-8.658023308335835444e-02
-8.570383846877778489e-02
-8.420339622224319587e-02
-8.206442860086880786e-02
-7.927988799711035983e-02
-7.585064830360317700e-02
-7.178587118312430848e-02
-6.710323276038433760e-02
-6.182899797801294506e-02
-5.599792806616423618e-02
-4.965301426095800053e-02
-4.284503409778156469e-02
-3.563193715465048927e-02
-2.807806288759831514e-02
-2.025320741752371229e-02
-1.223155922758143062e-02
-4.090524887571492761e-03
4.090524903356081675e-03
1.223155925339802601e-02
2.025320744641320725e-02
2.807806292820487840e-02
3.563193736856870575e-02
4.284503404110748259e-02
4.965301426742477903e-02
5.599792805540983881e-02
6.182899775565609685e-02
6.710323233628756601e-02
7.178587121391948045e-02
7.585064853590345324e-02
7.927988820797510217e-02
8.206442860493665115e-02
8.420339667274788498e-02
8.570383813955395613e-02
8.658023344502439878e-02
8.685390174487214732e-02
8.655233255679320448e-02
8.570844989484784071e-02
8.435983197139612644e-02
8.254791512639103601e-02
8.031717900297731527e-02
7.771434541333252510e-02
7.478759266992332511e-02
7.158579969578553193e-02
6.815782575741109739e-02
6.455183210940880489e-02
6.081465405088891385e-02
5.699121759128922271e-02
5.312401698319403620e-02
4.925263656332883044e-02
4.541333634427117266e-02
4.163868971568013277e-02
3.795727998322684371e-02
3.439345492818603883e-02
3.096714349186845475e-02
2.769373140714540688e-02
2.458400297939842064e-02
2.164414524838998224e-02
1.887581948918810870e-02
1.627629850623520461e-02
1.383866976309333641e-02
1.155210364531486858e-02
9.402184263895050839e-03
7.371298567302801176e-03
5.439079448764650750e-03
3.582895812478301221e-03
1.778382314249980431e-03
3.245603719861431794e-16
3.278148230202697073e-16
-1.826646072682430516e-03
-3.681613531607843062e-03
-5.592586787466206910e-03
-7.585987862225886807e-03
-9.686373711856153743e-03
-1.191586694044072248e-02
-1.429362898635980032e-02
-1.683538509602889796e-02
-1.955300615113188603e-02
-2.245415457042785820e-02
-2.554199775172049519e-02
-2.881498993912961701e-02
-3.226672660695337896e-02
-3.588586871356575642e-02
-3.965613788448552057e-02
-4.355638061629003160e-02
-4.756070004591506778e-02
-5.163865324849692406e-02
-5.575551194765865359e-02
-5.987258792497127807e-02
-6.394761562038707436e-02
-6.793520013900444798e-02
-7.178731828751118427e-02
-7.545388217368939610e-02
-7.888335674395058339e-02
-8.202343187800997804e-02
-8.482174492294979051e-02
-8.722665034512484816e-02
-8.918802763342517648e-02
-9.065812374551024400e-02
-9.159240898339626735e-02
-9.195045041622629256e-02
-9.169677156904496029e-02
-9.080168657478381034e-02
-8.924209318567770388e-02
-8.700219632526136337e-02
-8.407414815347460935e-02
-8.045857554728404193e-02
-7.616497810275001112e-02
-7.121198097861777820e-02
-6.562741446884970409e-02
-5.944822182586104176e-02
-5.272017632735274267e-02
-4.549741031235465111e-02
-3.784175612027367019e-02
-2.982190895182408943e-02
-2.151242661977978421e-02
-1.299258565159867526e-02
-4.345121120328374401e-03
4.345121118302927750e-03
1.299258566656928161e-02
2.151242661928460045e-02
2.982190905089351224e-02
3.784175612148437534e-02
4.549741019101416484e-02
5.272017623481959486e-02
5.944822161371327018e-02
6.562741452784590090e-02
7.121198109826826217e-02
7.616497835902621971e-02
8.045857551294345600e-02
8.407414828638724857e-02
8.700219618398094545e-02
8.924209310025212061e-02
9.080168670771561479e-02
9.169677152176802792e-02
9.195045058859134535e-02
9.159240885107057528e-02
9.065812378908438829e-02
8.918802825381648425e-02
8.722665024329805117e-02
8.482174484474448717e-02
8.202343181352884927e-02
7.888335679006518164e-02
7.545388221072581170e-02
7.178731836890900331e-02
6.793520006235911901e-02
6.394761578213978281e-02
5.987258779498771943e-02
5.575551195913699271e-02
5.163865328107179048e-02
4.756070010269624476e-02
4.355638061428002833e-02
3.965613789651924875e-02
3.588586868061504481e-02
3.226672668326469040e-02
2.881498996610475441e-02
2.554199776389074611e-02
2.245415463361348160e-02
1.955300610840605621e-02
1.683538511331898052e-02
1.429362903592395692e-02
1.191586691854780791e-02
9.686373715347681990e-03
7.585987850959803255e-03
5.592586778217493136e-03
3.681613532876478433e-03
1.826646067788178845e-03
3.348458989456015687e-16
3.377441419337631218e-16
-1.861057381312997833e-03
-3.752809216653713378e-03
-5.705265228941383375e-03
-7.747078212706689192e-03
-9.904896487826372886e-03
-1.220275250609748410e-02
-1.466149752716279162e-02
-1.729829181329897367e-02
-2.012615702729456460e-02
-2.315359746465273788e-02
-2.638429307722921571e-02
-2.981686759549656909e-02
-3.344473363601897786e-02
-3.725601186417527161e-02
-4.123352801174035021e-02
-4.535488126555192734e-02
-4.959258501260907503e-02
-5.391427837616713514e-02
-5.828300402978989214e-02
-6.265755312711769609e-02
-6.699287476365393956e-02
-7.124054901294049613e-02
-7.534932223071878765e-02
-7.926570514599313999e-02
-8.293462912883012295e-02
-8.630016247910538008e-02
-8.930627927910222974e-02
-9.189768033397535674e-02
-9.402065503575920968e-02
-9.562398109355212117e-02
-9.665984333086433122e-02
-9.708476682084357656e-02
-9.686053826288558433e-02
-9.595510570405824113e-02
-9.434343001654342531e-02
-9.200826510450435536e-02
-8.894084885000697049e-02
-8.514147666961795202e-02
-8.061993372338248365e-02
-7.539576946343640174e-02
-6.949839417900406657e-02
-6.296698170412637352e-02
-5.585017354569010023e-02
-4.820557648402358508e-02
-4.009905947879715410e-02
-3.160385763153161776e-02
-2.279949992949758045e-02
-1.377058299092367467e-02
-4.605417731963505103e-03
4.605417733231251427e-03
1.377058299818073595e-02
2.279949992147156657e-02
3.160385759350570201e-02
4.009905957353666894e-02
4.820557652664574783e-02
5.585017352529422774e-02
6.296698171963466262e-02
6.949839394595146158e-02
7.539576967357138060e-02
8.061993360293030764e-02
8.514147686512227309e-02
8.894084900777775304e-02
9.200826491032959575e-02
9.434343002260889288e-02
9.595510588252754991e-02
9.686053806455970083e-02
9.708476658936256165e-02
9.665984322118838235e-02
9.562398110253900185e-02
9.402065518018476453e-02
9.189768028816606982e-02
8.930627956751198415e-02
8.630016237852637662e-02
8.293462919999668170e-02
7.926570524570349108e-02
7.534932222038981386e-02
7.124054894378539782e-02
6.699287473257768688e-02
6.265755312935124277e-02
5.828300396628303959e-02
5.391427828750136597e-02
4.959258502088693260e-02
4.535488119375528232e-02
4.123352810665740359e-02
3.725601184859100856e-02
3.344473355033712736e-02
2.981686767460788728e-02
2.638429301400816579e-02
2.315359749701388636e-02
2.012615708837891051e-02
1.729829183164376810e-02
1.466149754306001612e-02
1.220275250039512017e-02
9.904896503636231517e-03
7.747078208411172992e-03
5.705265223469795782e-03
3.752809213111475695e-03
1.861057381572298877e-03
3.449064851191447287e-16
3.473965531603735723e-16
-1.877630822778865363e-03
-3.788525488065450954e-03
-5.765212270664384596e-03
-7.838761863657931275e-03
-1.003809219433548713e-02
-1.238931224319001455e-02
-1.491511616186635796e-02
-1.763423661696678080e-02
-2.056096659880001648e-02
-2.370475390982936317e-02
-2.706987468156293875e-02
-3.065518635775360545e-02
-3.445396258485860369e-02
-3.845381034173159934e-02
-4.263666580481865337e-02
-4.697886925729294338e-02
-5.145131597510506360e-02
-5.601968070164126817e-02
-6.064471433467923112e-02
-6.528260978959878058e-02
-6.988543613846966152e-02
-7.440164036855939633e-02
-7.877661559305063066e-02
-8.295333451776595868e-02
-8.687304561864259145e-02
-9.047603421470211404e-02
-9.370243914358503123e-02
-9.649312543100073414e-02
-9.879060507891614107e-02
-1.005399932033021471e-01
-1.016899936742876875e-01
-1.021938939054189144e-01
-1.020105567054134937e-01
-1.011053826387988686e-01
-9.945122758708321853e-02
-9.702924515952093820e-02
-9.382963095416682608e-02
-8.985224549971458641e-02
-8.510708420722318257e-02
-7.961458181528723033e-02
-7.340572010360922606e-02
-6.652193372990986009e-02
-5.901479768473800319e-02
-5.094549497661427645e-02
-4.238406634966444819e-02
-3.340845376954323237e-02
-2.410335103172129428e-02
-1.455889087047513956e-02
-4.869192137968375925e-03
4.869192141286834280e-03
1.455889087280938000e-02
2.410335103238115881e-02
3.340845372954866915e-02
4.238406640055655816e-02
5.094549493799865880e-02
5.901479773437025289e-02
6.652193378918642985e-02
7.340572005872623984e-02
7.961458175459358577e-02
8.510708444575446063e-02
8.985224533070904074e-02
9.382963098584332085e-02
9.702924489986480827e-02
9.945122774166455237e-02
1.011053826807215422e-01
1.020105567615757491e-01
1.021938940725295869e-01
1.016899934896865060e-01
1.005399932236117899e-01
9.879060516253006241e-02
9.649312533331654007e-02
9.370243903852816525e-02
9.047603448687506489e-02
8.687304588900797431e-02
8.295333449161018669e-02
7.877661564369330127e-02
7.440164036421474669e-02
6.988543617009410069e-02
6.528260992113481265e-02
6.064471440584583151e-02
5.601968063179970508e-02
5.145131599574927217e-02
4.697886934329448955e-02
4.263666580199861056e-02
3.845381051669034822e-02
3.445396258388902511e-02
3.065518622230415172e-02
2.706987471998287612e-02
2.370475394624546595e-02
2.056096658790735818e-02
1.763423663808533215e-02
1.491511615438628237e-02
1.238931227176716041e-02
1.003809218525660019e-02
7.838761847547172715e-03
5.765212248449497548e-03
3.788525490435469198e-03
1.877630818398133691e-03
3.546211972323380286e-16
3.566475078819267531e-16
-1.871757110919124297e-03
-3.779556858834753636e-03
-5.758652213456106478e-03
-7.842731618614323316e-03
-1.006317321628730221e-02
-1.244834124753905688e-02
-1.502293709965509330e-02
-1.780741475714413963e-02
-2.081746952420387639e-02
-2.406360596458116674e-02
-2.755079028826634691e-02
-3.127818826065634217e-02
-3.523899187053534249e-02
-3.942033092776622838e-02
-4.380327236860101503e-02
-4.836289995442336065e-02
-5.306847646522554196e-02
-5.788368251355066607e-02
-6.276693127737140165e-02
-6.767175628631172390e-02
-7.254727136418102906e-02
-7.733870066179079905e-02
-8.198797958544007392e-02
-8.643442365343538547e-02
-9.061546676140784518e-02
-9.446746470418122821e-02
-9.792656261546968388e-02
-1.009296206983795324e-01
-1.034151922668451185e-01
-1.053245427557512326e-01
-1.066027003844795540e-01
-1.071995207161668406e-01
-1.070707465725462548e-01
-1.061790425062646426e-01
-1.044949803995483817e-01
-1.019979460953596290e-01
-9.867694768423665441e-02
-9.453128600815526028e-02
-8.957107172833236874e-02
-8.381755765620547971e-02
-7.730326613307487993e-02
-7.007189528504097209e-02
-6.217799376710102244e-02
-5.368639555687402393e-02
-4.467142406361346990e-02
-3.521586890909446377e-02
-2.540975855881465531e-02
-1.534895306501546722e-02
-5.133588465145279625e-03
5.133588476360126385e-03
1.534895306107191340e-02
2.540975852798287721e-02
3.521586888443785368e-02
4.467142408776879348e-02
5.368639552796679315e-02
6.217799361296359045e-02
7.007189543528929976e-02
7.730326618955100926e-02
8.381755759744305423e-02
8.957107164798223942e-02
9.453128592757953363e-02
9.867694774781070322e-02
1.019979461679053623e-01
1.044949802607433725e-01
1.061790427244700269e-01
1.070707468796093936e-01
1.071995208481660161e-01
1.066027002648032573e-01
1.053245425703250443e-01
1.034151920507273975e-01
1.009296206960418885e-01
9.792656263159145447e-02
9.446746467980911277e-02
9.061546691138061549e-02
8.643442357640281071e-02
8.198797974221949669e-02
7.733870086880474670e-02
7.254727148467048081e-02
6.767175633966042436e-02
6.276693131558506999e-02
5.788368245702329995e-02
5.306847645947668918e-02
4.836289999059304595e-02
4.380327238768644271e-02
3.942033099159749504e-02
3.523899182691857951e-02
3.127818829446270960e-02
2.755079025844834814e-02
2.406360598980391424e-02
2.081746951500561965e-02
1.780741475763785928e-02
1.502293710990437216e-02
1.244834126474747733e-02
1.006317321920216327e-02
7.842731632129113298e-03
5.758652207527089652e-03
3.779556863599273578e-03
1.871757112225380616e-03
3.638476898706015262e-16
3.653511432851497603e-16
-1.838191847098550897e-03
-3.715426360187757630e-03
-5.669899149575768384e-03
-7.738127748639005848e-03
-9.954152146576916368e-03
-1.234878148819557563e-02
-1.494889954283142725e-02
-1.777684049543554884e-02
-2.084984340462379265e-02
-2.417959295825607841e-02
-2.777185017166939121e-02
-3.162617590469478379e-02
-3.573574827368878465e-02
-4.008727199513146405e-02
-4.466097895072333041e-02
-4.943071589000809507e-02
-5.436411719862199732e-02
-5.942285937084791636e-02
-6.456299453196162608e-02
-6.973535953429295386e-02
-7.488606233572614457e-02
-7.995703984901927908e-02
-8.488669133474494033e-02
-8.961058328561948005e-02
-9.406222698263867754e-02
-9.817392764925300663e-02
-1.018776994123844204e-01
-1.051062468654546805e-01
-1.077940000529270664e-01
-1.098781985521485594e-01
-1.113000097718162967e-01
-1.120056639842379187e-01
-1.119475875691546551e-01
-1.110855137895671585e-01
-1.093875382444844668e-01
-1.068311001155798218e-01
-1.034038511588515202e-01
-9.910438635981407007e-02
-9.394280819878175759e-02
-8.794109260354729396e-02
-8.113323875728126189e-02
-7.356517887805152922e-02
-6.529444006948695312e-02
-5.638954930208834454e-02
-4.692918639115341295e-02
-3.700109555908852321e-02
-2.670077390156596828e-02
-1.612996623842830740e-02
-5.394999842191917049e-03
5.394999831919447542e-03
1.612996626112945392e-02
2.670077389224826195e-02
3.700109563715444499e-02
4.692918641585303724e-02
5.638954924449762068e-02
6.529444011008726789e-02
7.356517878379335851e-02
8.113323876785803745e-02
8.794109275306273565e-02
9.394280808527925852e-02
9.910438634304918892e-02
1.034038510245134518e-01
1.068311001503167018e-01
1.093875381518403661e-01
1.110855137219443067e-01
1.119475876677562126e-01
1.120056638037273261e-01
1.113000097607658723e-01
1.098781986022103890e-01
1.077939998638383495e-01
1.051062468736185945e-01
1.018776995181966127e-01
9.817392761835776194e-02
9.406222692078829162e-02
8.961058317350976965e-02
8.488669133021441160e-02
7.995703991371050368e-02
7.488606233792149958e-02
6.973535943099989920e-02
6.456299443015796335e-02
5.942285938518741123e-02
5.436411720333907821e-02
4.943071603330629477e-02
4.466097903359159821e-02
4.008727202293715236e-02
3.573574823655586985e-02
3.162617588738667052e-02
2.777185012507712644e-02
2.417959295831468083e-02
2.084984340791260632e-02
1.777684050161583429e-02
1.494889956654488206e-02
1.234878148319583369e-02
9.954152146101555299e-03
7.738127742052312852e-03
5.669899156980221303e-03
3.715426361052537232e-03
1.838191843448735855e-03
3.724198534896743943e-16
3.733380395789127798e-16
-1.771086544230809348e-03
-3.584446533742134938e-03
-5.481445437343399063e-03
-7.501650308157800824e-03
-9.681973679625048915e-03
-1.205586760442605050e-02
-1.465258177328976341e-02
-1.749649765647175517e-02
-2.060654824703942595e-02
-2.399573042693905686e-02
-2.767071470003223260e-02
-3.163155442096783621e-02
-3.587149511384082196e-02
-4.037688225408058579e-02
-4.512716447220937316e-02
-5.009499020454466489e-02
-5.524639253503487585e-02
-6.054105938858399261e-02
-6.593268606865902715e-02
-7.136940708031862257e-02
-7.679430692395081137e-02
-8.214600588561171701e-02
-8.735932497796101981e-02
-9.236602575994311282e-02
-9.709562617751733848e-02
-1.014762933450084337e-01
-1.054358062390390177e-01
-1.089025923466371282e-01
-1.118068199280115305e-01
-1.140815478591436644e-01
-1.156639122497760963e-01
-1.164963347773719793e-01
-1.165277341781072312e-01
-1.157147124026764451e-01
-1.140226908875389550e-01
-1.114269643908132185e-01
-1.079136412393063155e-01
-1.034804379639373967e-01
-9.813729360682865721e-02
-9.190677774827406277e-02
-8.482426367550693902e-02
-7.693784607783861473e-02
-6.830799255067046549e-02
-5.900691771286667442e-02
-4.911768619122031804e-02
-3.873305533693371938e-02
-2.795407707446635054e-02
-1.688848989706646930e-02
-5.648937998530494109e-03
5.648938007195643436e-03
1.688848989441791085e-02
2.795407703860653889e-02
3.873305530478749620e-02
4.911768616017010008e-02
5.900691762887738667e-02
6.830799250840149939e-02
7.693784609270526431e-02
8.482426356500120945e-02
9.190677776801879639e-02
9.813729364786330511e-02
1.034804379712787048e-01
1.079136413705177461e-01
1.114269643344998062e-01
1.140226909392594579e-01
1.157147124604287480e-01
1.165277342300519159e-01
1.164963345295155356e-01
1.156639120792715691e-01
1.140815477844529663e-01
1.118068198292386239e-01
1.089025922321277956e-01
1.054358063101123733e-01
1.014762930558904402e-01
9.709562606499458348e-02
9.236602575888328004e-02
8.735932504899983353e-02
8.214600583977385573e-02
7.679430673391098028e-02
7.136940718317727472e-02
6.593268601428603493e-02
6.054105938166656070e-02
5.524639257326414282e-02
5.009499021122750667e-02
4.512716440615481550e-02
4.037688222114835246e-02
3.587149516468143146e-02
3.163155444448160353e-02
2.767071468459642025e-02
2.399573041771069226e-02
2.060654823833018776e-02
1.749649765509663987e-02
1.465258176872308304e-02
1.205586760933266034e-02
9.681973679031894917e-03
7.501650312905189071e-03
5.481445438951626503e-03
3.584446529600801394e-03
1.771086544257376855e-03
3.801456917662405467e-16
3.804132395701471399e-16
-1.664086044170869387e-03
-3.373912480556831052e-03
-5.174247238486241914e-03
-7.107932437512133259e-03
-9.214968570048861010e-03
-1.153165338048567704e-02
-1.408979041011652021e-02
-1.691598043760406817e-02
-2.003100535751693376e-02
-2.344931265164073783e-02
-2.717860435562227325e-02
-3.121953327117178018e-02
-3.556550555480635090e-02
-4.020258800831158497e-02
-4.510951698013255379e-02
-5.025780395195256905e-02
-5.561193430058952031e-02
-6.112965417334437213e-02
-6.676234252830781646e-02
-7.245546478927772371e-02
-7.814910801522506612e-02
-8.377859307361015806e-02
-8.927516952992177457e-02
-9.456678763890634387e-02
-9.957895111573268621e-02
-1.042356508335456206e-01
-1.084603747868253670e-01
-1.121771943882648725e-01
-1.153119174616885900e-01
-1.177933000938267971e-01
-1.195543041108152460e-01
-1.205333801673261068e-01
-1.206757583751440904e-01
-1.199347152042545689e-01
-1.182727934341064324e-01
-1.156629343078577760e-01
-1.120894952099400488e-01
-1.075491113517978298e-01
-1.020513695284420430e-01
-9.561926094961359368e-02
-8.828938278340039969e-02
-8.011186983122992045e-02
-7.115003491386251433e-02
-6.147971681271843791e-02
-5.118833156015991509e-02
-4.037364503249452757e-02
-2.914228528795466400e-02
-1.760802771801150621e-02
-5.889893107821595614e-03
5.889893111158940771e-03
1.760802769830962719e-02
2.914228528315824726e-02
4.037364502805066563e-02
5.118833157898834696e-02
6.147971680374691300e-02
7.115003500421150651e-02
8.011186964109627551e-02
8.828938281584755576e-02
9.561926086767046085e-02
1.020513695994866021e-01
1.075491113982044583e-01
1.120894952398702737e-01
1.156629341811932499e-01
1.182727934660378344e-01
1.199347152907445507e-01
1.206757581707991467e-01
1.205333801764558038e-01
1.195543040333792301e-01
1.177933001704179333e-01
1.153119174698282179e-01
1.121771945111834506e-01
1.084603747115031047e-01
1.042356508310136182e-01
9.957895111524904530e-02
9.456678754570729817e-02
8.927516971097561316e-02
8.377859302406022446e-02
7.814910799755238335e-02
7.245546479241748994e-02
6.676234242415250708e-02
6.112965414644057349e-02
5.561193431625326838e-02
5.025780392916222999e-02
4.510951697879845429e-02
4.020258799831506746e-02
3.556550556320800527e-02
3.121953332700575651e-02
2.717860439353911653e-02
2.344931264838330531e-02
2.003100533750267614e-02
1.691598043290279060e-02
1.408979041199020545e-02
1.153165338590302243e-02
9.214968581390002578e-03
7.107932440579334266e-03
5.174247239216773868e-03
3.373912475548664861e-03
1.664086042990200326e-03
3.868057181937526298e-16
3.863548432647918443e-16
-1.510525727826475062e-03
-3.070494197121160541e-03
-4.728307427001064885e-03
-6.530306998502903235e-03
-8.519795394482627265e-03
-1.073611712749838326e-02
-1.321381604776483872e-02
-1.598188280748160175e-02
-1.906310299043916662e-02
-2.247351399558265503e-02
-2.622197473020010383e-02
-3.030985021156909834e-02
-3.473081016441879193e-02
-3.947073786615126062e-02
-4.450774709616520802e-02
-4.981229895549302289e-02
-5.534741614456884645e-02
-6.106898745546867485e-02
-6.692615965250459098e-02
-7.286181292462914905e-02
-7.881311815510315399e-02
-8.471217490829374697e-02
-9.048673225258319075e-02
-9.606098996187625860e-02
-1.013564849508968024e-01
-1.062930620994469860e-01
-1.107899265734701016e-01
-1.147667794476735503e-01
-1.181450257825276823e-01
-1.208490480547096124e-01
-1.228075339770848956e-01
-1.239548345815678215e-01
-1.242323346018666258e-01
-1.235898040553670696e-01
-1.219867055391515576e-01
-1.193934096486859026e-01
-1.157922950375099153e-01
-1.111786845736587592e-01
-1.055615834786801654e-01
-9.896418337323947823e-02
-9.142410022652174006e-02
-8.299332058711396398e-02
-7.373783913334283624e-02
-6.373697859423117784e-02
-5.308239357964575356e-02
-4.187677102711422072e-02
-3.023225104174632680e-02
-1.826860161645682892e-02
-6.111190805158445843e-03
6.111190801010610123e-03
1.826860158939020914e-02
3.023225109176241876e-02
4.187677096773810559e-02
5.308239349113481192e-02
6.373697859771262908e-02
7.373783913206444218e-02
8.299332063306423535e-02
9.142410030537370669e-02
9.896418335272923195e-02
1.055615835101627459e-01
1.111786845799021400e-01
1.157922950882257773e-01
1.193934097154783769e-01
1.219867055896324132e-01
1.235898041597858071e-01
1.242323342383463564e-01
1.239548346231470199e-01
1.228075343948304698e-01
1.208490481123230820e-01
1.181450257753054178e-01
1.147667796178859778e-01
1.107899265399079347e-01
1.062930618361554447e-01
1.013564849692145109e-01
9.606098982176612677e-02
9.048673230194699546e-02
8.471217489088668506e-02
7.881311814066409294e-02
7.286181289262246008e-02
6.692615980289912114e-02
6.106898745368267295e-02
5.534741624679136163e-02
4.981229904604394382e-02
4.450774709774993343e-02
3.947073785367694737e-02
3.473081011417118724e-02
3.030985025564234686e-02
2.622197474170266662e-02
2.247351400349311898e-02
1.906310300521228338e-02
1.598188282534783802e-02
1.321381606144973221e-02
1.073611711881206944e-02
8.519795412911333743e-03
6.530306994597528947e-03
4.728307423609932891e-03
3.070494191889329080e-03
1.510525726176667602e-03
3.921523132743142115e-16
3.909136276801195883e-16
-1.303774294120346733e-03
-2.660919119123502600e-03
-4.123692151886973467e-03
-5.742148411456601299e-03
-7.563095612844498820e-03
-9.629115218370773444e-03
-1.197766689649167396e-02
-1.464029157288515744e-02
-1.764192397080841315e-02
-2.100032371637114773e-02
-2.472562747707920602e-02
-2.882002555495594143e-02
-3.327755871929793247e-02
-3.808403357475526052e-02
-4.321704908137777995e-02
-4.864612874480369470e-02
-5.433295302253120934e-02
-6.023168122907469196e-02
-6.628936624322079307e-02
-7.244644811931319484e-02
-7.863733387308181888e-02
-8.479105779484820415e-02
-9.083202180234693779e-02
-9.668082587316652321e-02
-1.022551785262838520e-01
-1.074709004594341238e-01
-1.122430139992671022e-01
-1.164869220231436187e-01
-1.201196659506146708e-01
-1.230612596569930078e-01
-1.252360805993653070e-01
-1.265743042744320868e-01
-1.270133551806391925e-01
-1.264993465839016340e-01
-1.249884698718553844e-01
-1.224483091929624151e-01
-1.188590208396775316e-01
-1.142143541138754687e-01
-1.085224621383561183e-01
-1.018064610357047872e-01
-9.410471060540483157e-02
-8.547078513613232120e-02
-7.597310946745813864e-02
-6.569425585976665372e-02
-5.472990285564614810e-02
-4.318746370592558420e-02
-3.118441466923870670e-02
-1.884635697529984943e-02
-6.304859760143356577e-03
6.304859754213161874e-03
1.884635695902845548e-02
3.118441475698260218e-02
4.318746377958947169e-02
5.472990284930226434e-02
6.569425584677786312e-02
7.597310941269409812e-02
8.547078535589763826e-02
9.410471065513083266e-02
1.018064608681882310e-01
1.085224621330021094e-01
1.142143544405498923e-01
1.188590206721560627e-01
1.224483092999331252e-01
1.249884700686923616e-01
1.264993462063737917e-01
1.270133555032172679e-01
1.265743040817615128e-01
1.252360802075585255e-01
1.230612594598604337e-01
1.201196662405056709e-01
1.164869222828979478e-01
1.122430141717484925e-01
1.074709003759990594e-01
1.022551785451578793e-01
9.668082600135831373e-02
9.083202183828884002e-02
8.479105749408440140e-02
7.863733400264097395e-02
7.244644814292330870e-02
6.628936626551398814e-02
6.023168136589332478e-02
5.433295282659651032e-02
4.864612876230574312e-02
4.321704898029328501e-02
3.808403352254846608e-02
3.327755878357192137e-02
2.882002562444870714e-02
2.472562749392496345e-02
2.100032371169718512e-02
1.764192396994701192e-02
1.464029155702847862e-02
1.197766689888499041e-02
9.629115218208349550e-03
7.563095616780409446e-03
5.742148411840535503e-03
4.123692155712765581e-03
2.660919116154869014e-03
1.303774293434318025e-03
3.959106689074371972e-16
3.938143491748694785e-16
-1.037782535822614040e-03
-2.133066122155128329e-03
-3.342162628776234289e-03
-4.719031023651391009e-03
-6.314163615470083125e-03
-8.173544647257391382e-03
-1.033770080299579140e-02
-1.284085976352849351e-02
-1.571022900283814902e-02
-1.896540265652362639e-02
-2.261790080677804349e-02
-2.667084107342419796e-02
-3.111873984345768854e-02
-3.594743776854372047e-02
-4.113414191380335844e-02
-4.664757719796244068e-02
-5.244823822029973104e-02
-5.848873474347497659e-02
-6.471422438483408202e-02
-7.106292940678891890e-02
-7.746673249531130234e-02
-8.385185520773515144e-02
-9.013961656829504177e-02
-9.624728003577517899e-02
-1.020889845852675781e-01
-1.075767715520690726e-01
-1.126217032360413012e-01
-1.171350756470695698e-01
-1.210297209627730491e-01
-1.242213917759056735e-01
-1.266302165898787468e-01
-1.281822006297799743e-01
-1.288107600910820272e-01
-1.284582441728864821e-01
-1.270774197628337654e-01
-1.246328756920640352e-01
-1.211022981040659474e-01
-1.164775770261617244e-01
-1.107656943900809793e-01
-1.039893542752973743e-01
-9.618730997392052617e-02
-8.741436377260716761e-02
-7.774101266616599559e-02
-6.725272669650829427e-02
-5.604886416567991803e-02
-4.424123277974641166e-02
-3.195232537892310487e-02
-1.931326816037086044e-02
-6.461532097436057352e-03
6.461532107316676245e-03
1.931326817092838405e-02
3.195232539677567152e-02
4.424123279355966082e-02
5.604886421452644207e-02
6.725272668994400349e-02
7.774101257995555403e-02
8.741436375132385916e-02
9.618731017984002984e-02
1.039893542931034087e-01
1.107656943419155632e-01
1.164775767667591416e-01
1.211022978486557961e-01
1.246328756613586664e-01
1.270774200323672998e-01
1.284582441263217301e-01
1.288107603873488438e-01
1.281822007025312793e-01
1.266302160890790118e-01
1.242213917609514273e-01
1.210297206357803662e-01
1.171350757455488223e-01
1.126217032864265249e-01
1.075767714788626178e-01
1.020889843825441845e-01
9.624728003810707755e-02
9.013961666161654507e-02
8.385185510096990202e-02
7.746673252888569561e-02
7.106292945604411604e-02
6.471422440844186441e-02
5.848873463627585895e-02
5.244823821643411488e-02
4.664757722167472281e-02
4.113414195518814986e-02
3.594743778515371857e-02
3.111873981718728949e-02
2.667084108583946817e-02
2.261790084216000474e-02
1.896540265906132561e-02
1.571022899398475878e-02
1.284085975940856515e-02
1.033770079544335183e-02
8.173544649535804951e-03
6.314163619184980439e-03
4.719031022356138041e-03
3.342162626362782472e-03
2.133066124673487982e-03
1.037782535117238612e-03
3.977822110087650762e-16
3.947596281835422031e-16
-7.079151899569667561e-04
-1.477624823670004245e-03
-2.369653220167221037e-03
-3.442012781995002976e-03
-4.749017750557422979e-03
-6.340178219219414456e-03
-8.259195885291070044e-03
-1.054307923668308493e-02
-1.322139050856358314e-02
-1.631563292520081879e-02
-1.983878194003723880e-02
-2.379495857003101691e-02
-2.817924110996511064e-02
-3.297760904918276004e-02
-3.816700619136496192e-02
-4.371551790817101990e-02
-4.958264800702973096e-02
-5.571968868564446814e-02
-6.207017550037648157e-02
-6.857042264765374207e-02
-7.515013413643613360e-02
-8.173309486893198805e-02
-8.823793927370632284e-02
-9.457900581989385491e-02
-1.006672789072297625e-01
-1.064114270556246883e-01
-1.117189374071201474e-01
-1.164973532357042457e-01
-1.206556062994500050e-01
-1.241054459736350285e-01
-1.267629417535658110e-01
-1.285500559213310912e-01
-1.293962447903176938e-01
-1.292400694206421174e-01
-1.280307705045867495e-01
-1.257297665974048961e-01
-1.223120319215664220e-01
-1.177672914262365700e-01
-1.121009997583244516e-01
-1.053350420817906058e-01
-9.750812511485075496e-02
-8.867581110903981212e-02
-7.891018280859828093e-02
-6.829910865655142160e-02
-5.694512333163190970e-02
-4.496392427971310918e-02
-3.248251764830474564e-02
-1.963705535585785408e-02
-6.570414402852125905e-03
6.570414382309403001e-03
1.963705538944718679e-02
3.248251766034959687e-02
4.496392424229668505e-02
5.694512348461075457e-02
6.829910865911122120e-02
7.891018271836412745e-02
8.867581114325233382e-02
9.750812501157614387e-02
1.053350421538843118e-01
1.121010000371727711e-01
1.177672915026643924e-01
1.223120317095859610e-01
1.257297666001236658e-01
1.280307699541033961e-01
1.292400695294799173e-01
1.293962450456188074e-01
1.285500561139501507e-01
1.267629415550586280e-01
1.241054457095239483e-01
1.206556063262582967e-01
1.164973530493559478e-01
1.117189374486076414e-01
1.064114273342004063e-01
1.006672789151265013e-01
9.457900584624030771e-02
8.823793923467339317e-02
8.173309474008794151e-02
7.515013409091246543e-02
6.857042256672959968e-02
6.207017563500533824e-02
5.571968867771921741e-02
4.958264796741444769e-02
4.371551793441914857e-02
3.816700624806841635e-02
3.297760901855165128e-02
2.817924115683127090e-02
2.379495854898060897e-02
1.983878195346291257e-02
1.631563295115561613e-02
1.322139049671999453e-02
1.054307923519062599e-02
8.259195883546281702e-03
6.340178211750352628e-03
4.749017756511608908e-03
3.442012783694508530e-03
2.369653221379470955e-03
1.477624826073403340e-03
7.079151901900812820e-04
3.974516972242093658e-16
3.934376116014286838e-16
-3.121583491044512275e-04
-6.905057697974271947e-04
-1.199874889791340514e-03
-1.902417260953702437e-03
-2.856340871751349240e-03
-4.114737472564484327e-03
-5.724523405272964084e-03
-7.725512947927697625e-03
-1.014963766086971093e-02
-1.302031995878802882e-02
-1.635200339619952495e-02
-2.014983728863850229e-02
-2.440950900033026644e-02
-2.911721446977968975e-02
-3.424975427871466277e-02
-3.977474344605226586e-02
-4.565092039048649492e-02
-5.182854706834975900e-02
-5.824988718715611719e-02
-6.484975919876458106e-02
-7.155616105163060958e-02
-7.829096469644179768e-02
-8.497068626071255237e-02
-9.150733696696899955e-02
-9.780936065336978680e-02
-1.037826671267585987e-01
-1.093317699282146116e-01
-1.143610263116663917e-01
-1.187759886996526404e-01
-1.224848578283631167e-01
-1.254000277587589696e-01
-1.274397070109234420e-01
-1.285295899473285486e-01
-1.286045432192813587e-01
-1.276102720270152480e-01
-1.255049144116323900e-01
-1.222605158378484574e-01
-1.178643301479681132e-01
-1.123198879071787282e-01
-1.056477860442767286e-01
-9.788614386973840120e-02
-8.909069130973948369e-02
-7.933445486232029720e-02
-6.870702745502055286e-02
-5.731341790176102541e-02
-4.527249245222290941e-02
-3.271503808990292028e-02
-1.978149089297979654e-02
-6.619387941733076083e-03
6.619387960757575941e-03
1.978149087672591983e-02
3.271503807937486963e-02
4.527249241730875451e-02
5.731341784880676637e-02
6.870702743755091602e-02
7.933445479969146452e-02
8.909069140689843125e-02
9.788614395984480965e-02
1.056477859648935896e-01
1.123198880192064070e-01
1.178643300862182303e-01
1.222605162589898292e-01
1.255049143272772838e-01
1.276102725537219540e-01
1.286045435106606682e-01
1.285295896949197603e-01
1.274397071477351151e-01
1.254000280249001897e-01
1.224848582473595238e-01
1.187759890162803506e-01
1.143610264616629346e-01
1.093317698284074907e-01
1.037826671306881082e-01
9.780936036206433482e-02
9.150733695358814757e-02
8.497068622645066738e-02
7.829096493037991655e-02
7.155616097967366918e-02
6.484975928092501229e-02
5.824988708728317394e-02
5.182854699933860110e-02
4.565092050575111915e-02
3.977474339913445595e-02
3.424975427472809475e-02
2.911721442776533594e-02
2.440950896465731226e-02
2.014983726205992962e-02
1.635200343911568516e-02
1.302031997142046732e-02
1.014963765928785303e-02
7.725512938524198812e-03
5.724523403227601073e-03
4.114737470595109144e-03
2.856340872024452394e-03
1.902417260879515470e-03
1.199874891500917222e-03
6.905057683675535057e-04
3.121583495729090196e-04
3.945995419379576835e-16
3.895349090545062207e-16
1.471970463017629137e-04
2.237967456550342014e-04
1.606512134235976057e-04
-1.085244848675992566e-04
-6.458092418491266726e-04
-1.507834037010729765e-03
-2.744667994308057444e-03
-4.398852852287670964e-03
-6.504600424968318487e-03
-9.087160820116362350e-03
-1.216236284980682855e-02
-1.573632210558650879e-02
-1.980530760826277464e-02
-2.435575351936947186e-02
-2.936440061283006331e-02
-3.479855127115553948e-02
-4.061642135708318224e-02
-4.676757589466142007e-02
-5.319343555568264992e-02
-5.982784851858095887e-02
-6.659772125931803788e-02
-7.342371210289831696e-02
-8.022098890149072237e-02
-8.690006219101653606e-02
-9.336769896560156989e-02
-9.952793279275704008e-02
-1.052831779232823589e-01
-1.105354554505130066e-01
-1.151877360365202441e-01
-1.191453984977276503e-01
-1.223177961608358372e-01
-1.246199118540705642e-01
-1.259740817165839188e-01
-1.263117513270314296e-01
-1.255752225349625328e-01
-1.237193426847889022e-01
-1.207130808020556445e-01
-1.165409317911674514e-01
-1.112040884732661133e-01
-1.047213238637276778e-01
-9.712952972034255561e-02
-8.848386556206085107e-02
-7.885748581039174476e-02
-6.834082143764483308e-02
-5.704041463941138257e-02
-4.507731552279022752e-02
-3.258507310892434783e-02
-1.970736512704877180e-02
-6.595329087580602961e-03
6.595329085402428654e-03
1.970736513136364665e-02
3.258507315249078995e-02
4.507731548621307649e-02
5.704041453610911999e-02
6.834082141626550422e-02
7.885748581619318742e-02
8.848386567711799544e-02
9.712952968725617475e-02
1.047213238703889049e-01
1.112040884517068173e-01
1.165409317045184440e-01
1.207130807805600475e-01
1.237193433039441154e-01
1.255752225331275840e-01
1.263117511788952596e-01
1.259740819880981466e-01
1.246199119594436355e-01
1.223177960721970048e-01
1.191453985425122153e-01
1.151877359322112521e-01
1.105354554319461641e-01
1.052831779652910610e-01
9.952793301906689982e-02
9.336769927070930064e-02
8.690006206864223093e-02
8.022098914054734409e-02
7.342371227741421869e-02
6.659772121009936707e-02
5.982784849549821482e-02
5.319343574314919915e-02
4.676757605354008029e-02
4.061642135050032298e-02
3.479855126193824588e-02
2.936440072175412405e-02
2.435575350068897374e-02
1.980530764118292389e-02
1.573632210369514325e-02
1.216236283942934669e-02
9.087160828520035941e-03
6.504600427974070384e-03
4.398852853876057505e-03
2.744667997637642749e-03
1.507834040405662103e-03
6.458092451441412160e-04
1.085244855883080005e-04
-1.606512210116873760e-04
-2.237967532999916495e-04
-1.471970476849409639e-04
3.889212521036990973e-16
3.827565024736070018e-16
6.613081790455403210e-04
1.247712464422910499e-03
1.685860583681799254e-03
1.905462163873597112e-03
1.840718635290063479e-03
1.431637346293715201e-03
6.252001718386225593e-04
-6.236362307179412834e-04
-2.351123856383048778e-03
-4.584097952182155690e-03
-7.339542376576891312e-03
-1.062433871569143373e-02
-1.443518597599961414e-02
-1.875867342906094998e-02
-2.357148649965301601e-02
-2.884072446027089592e-02
-3.452430973131429687e-02
-4.057147001803993597e-02
-4.692328073444988062e-02
-5.351325502042731524e-02
-6.026797954808971181e-02
-6.710779630329266610e-02
-7.394753412379000135e-02
-8.069730351572525218e-02
-8.726336500785493444e-02
-9.354908833670663726e-02
-9.945601469227111080e-02
-1.048850368054738413e-01
-1.097377048421878526e-01
-1.139176590480376478e-01
-1.173321889759895154e-01
-1.198938978631967217e-01
-1.215224600904418195e-01
-1.221464255943108673e-01
-1.217050371089731242e-01
-1.201500093564586286e-01
-1.174471990433713781e-01
-1.135781175789585262e-01
-1.085412121004181163e-01
-1.023528513403622470e-01
-9.504795712646821326e-02
-8.668023118537161731e-02
-7.732193880030667488e-02
-6.706321938861643794e-02
-5.601092419242242881e-02
-4.428698450753094928e-02
-3.202634567271844118e-02
-1.937451437394269518e-02
-6.484783351601306270e-03
6.484783369902000563e-03
1.937451439070579998e-02
3.202634567819651057e-02
4.428698442785861805e-02
5.601092417061961232e-02
6.706321941056557490e-02
7.732193864430697561e-02
8.668023106874893358e-02
9.504795744725018369e-02
1.023528513530332917e-01
1.085412122231254328e-01
1.135781181178775051e-01
1.174471990662231680e-01
1.201500095204679625e-01
1.217050367689744977e-01
1.221464254090911805e-01
1.215224599617181073e-01
1.198938978578167197e-01
1.173321886413350584e-01
1.139176592071396155e-01
1.097377048631859031e-01
1.048850366598931549e-01
9.945601469301580677e-02
9.354908821199486857e-02
8.726336505344574335e-02
8.069730347193232456e-02
7.394753433879727722e-02
6.710779627944453429e-02
6.026797965398650314e-02
5.351325490521077061e-02
4.692328076732427133e-02
4.057147000237459888e-02
3.452430975351224174e-02
2.884072446384728858e-02
2.357148649909695387e-02
1.875867342235040466e-02
1.443518596157812410e-02
1.062433871409395290e-02
7.339542376256987487e-03
4.584097951124570247e-03
2.351123856072171586e-03
6.236362254061678014e-04
-6.252001722911617156e-04
-1.431637348097988078e-03
-1.840718632479471008e-03
-1.905462156209274159e-03
-1.685860581288367663e-03
-1.247712472573471237e-03
-6.613081802191852696e-04
3.801560096827156347e-16
3.728542309847769385e-16
1.211941171898221151e-03
2.344913002653566288e-03
3.321613179232775926e-03
4.068025297793072606e-03
4.514944550392284602e-03
4.599369373092088327e-03
4.265724561421292520e-03
3.466891903528179948e-03
2.165029740956477336e-03
3.321766582019379391e-04
-2.049359297660562594e-03
-4.986814520986398123e-03
-8.476969191447875779e-03
-1.250630853289157011e-02
-1.705132014170773064e-02
-2.207889943100983798e-02
-2.754683781774336718e-02
-3.340436876455878112e-02
-3.959275672479561220e-02
-4.604591085051813748e-02
-5.269102190157947535e-02
-5.944922337592954686e-02
-6.623628017185811956e-02
-7.296332223392190675e-02
-7.953763727721756271e-02
-8.586354565925902182e-02
-9.184337241854817480e-02
-9.737854311740513913e-02
-1.023708089615129602e-01
-1.067236155731411257e-01
-1.103436158490017083e-01
-1.131423095059876788e-01
-1.150377987039577915e-01
-1.159566196420801221e-01
-1.158356085438931454e-01
-1.146237496983046750e-01
-1.122839422667595427e-01
-1.087946131370854802e-01
-1.041511088992294887e-01
-9.836679853700878995e-02
-9.147380853923108013e-02
-8.352334549531990893e-02
-7.458555423342003166e-02
-6.474888156020761065e-02
-5.411893627372289794e-02
-4.281685641205242726e-02
-3.097720715093723459e-02
-1.874546938396898579e-02
-6.275180450300009947e-03
6.275180449222944427e-03
1.874546928120906716e-02
3.097720711866634724e-02
4.281685627611603318e-02
5.411893620993317444e-02
6.474888135636799880e-02
7.458555452245520245e-02
8.352334558841104095e-02
9.147380881212148485e-02
9.836679841018836079e-02
1.041511087124231127e-01
1.087946133100255175e-01
1.122839422320030117e-01
1.146237497006610678e-01
1.158356082681646082e-01
1.159566195374875375e-01
1.150377988607152041e-01
1.131423099321584025e-01
1.103436157499705500e-01
1.067236156641929029e-01
1.023708087149469564e-01
9.737854301166981585e-02
9.184337290239960594e-02
8.586354543974655806e-02
7.953763733295880767e-02
7.296332211819257785e-02
6.623628018887414703e-02
5.944922337069800250e-02
5.269102187694198886e-02
4.604591072653266975e-02
3.959275675862122812e-02
3.340436879132622355e-02
2.754683777126668703e-02
2.207889942686210721e-02
1.705132011230771003e-02
1.250630853475593815e-02
8.476969178237467317e-03
4.986814529781885899e-03
2.049359266222440523e-03
-3.321766478445585427e-04
-2.165029738499578502e-03
-3.466891901137626048e-03
-4.265724646102679422e-03
-4.599369320961943508e-03
-4.514944554859101275e-03
-4.068025280103944666e-03
-3.321613165752993965e-03
-2.344913010805972989e-03
-1.211941167636783161e-03
3.681261108725384763e-16
3.596646638287530287e-16
1.768162589500785198e-03
3.453679060552181622e-03
4.975706040543721037e-03
6.256948905786190868e-03
7.225297622926053071e-03
7.815304545228940469e-03
7.969465068166500452e-03
7.639272000341492362e-03
6.786026123967658745e-03
5.381397051898851105e-03
3.407740037515062052e-03
8.581844745888254954e-04
-2.263481239107133312e-03
-5.943097992878624419e-03
-1.015656261531115365e-02
-1.487035743503773919e-02
-2.004214864900119922e-02
-2.562142330082899100e-02
-3.155014077854619015e-02
-3.776338230561184645e-02
-4.418998997795432759e-02
-5.075319625011038421e-02
-5.737125275254807005e-02
-6.395807446580162314e-02
-7.042392246113444998e-02
-7.667614971975644789e-02
-8.262003900946048029e-02
-8.815975835509191894e-02
-9.319945507068874702e-02
-9.764450699408644407e-02
-1.014029332362227503e-01
-1.043869632336353742e-01
-1.065147460911481103e-01
-1.077121680863383918e-01
-1.079147378022061038e-01
-1.070694813241040572e-01
-1.051367818551622590e-01
-1.020920907623565216e-01
-9.792743108388490825e-02
-9.265261516834415179e-02
-8.629610438168297537e-02
-7.890544239685905181e-02
-7.054721129820397396e-02
-6.130647499174173704e-02
-5.128569395059090485e-02
-4.060311777105625464e-02
-2.939068501295973371e-02
-1.779148360230268372e-02
-5.956843899023181281e-03
5.956843890216945159e-03
1.779148360725619007e-02
2.939068501588332910e-02
4.060311779284396516e-02
5.128569395318934715e-02
6.130647493611062621e-02
7.054721124669331711e-02
7.890544244615048386e-02
8.629610447421895425e-02
9.265261503164405610e-02
9.792743106267957909e-02
1.020920908569804136e-01
1.051367818237614882e-01
1.070694812774066751e-01
1.079147378433987503e-01
1.077121681461418179e-01
1.065147461194101419e-01
1.043869633339852832e-01
1.014029331815948370e-01
9.764450694153814503e-02
9.319945514359607996e-02
8.815975833905942416e-02
8.262003913369724006e-02
7.667614972544442575e-02
7.042392243998595036e-02
6.395807454232101119e-02
5.737125273630951094e-02
5.075319628385006193e-02
4.418998999333197120e-02
3.776338232347117851e-02
3.155014079836276908e-02
2.562142329181922931e-02
2.004214864513537836e-02
1.487035743461893010e-02
1.015656261660154332e-02
5.943097993865276152e-03
2.263481248406221287e-03
-8.581844826367226965e-04
-3.407740028502392101e-03
-5.381397041547145502e-03
-6.786026105971269644e-03
-7.639271990041282892e-03
-7.969465068703720026e-03
-7.815304543906919851e-03
-7.225297625858015903e-03
-6.256948897496611775e-03
-4.975706034956174119e-03
-3.453679064030527272e-03
-1.768162587364315377e-03
3.527875969063336521e-16
3.431549238862407805e-16
2.283004238485487804e-03
4.480191588576974172e-03
6.507716101046951383e-03
8.285605434665313865e-03
9.739530824066883891e-03
1.080238732013056799e-02
1.141563797795948354e-02
1.153038831386841642e-02
1.110817188398616380e-02
1.012144213430691587e-02
8.553780745299615837e-03
6.399844609097459121e-03
3.665084237766855560e-03
3.652758203535601766e-04
-3.474089272464380134e-03
-7.818509624705679076e-03
-1.262522929407551217e-02
-1.784400444262349700e-02
-2.341784891639620697e-02
-2.928373675603863566e-02
-3.537325012459539147e-02
-4.161317236115243123e-02
-4.792603694852930196e-02
-5.423065261642143198e-02
-6.044263252805990444e-02
-6.647496200590229110e-02
-7.223863982260911309e-02
-7.764343063418437108e-02
-8.259875828139158493e-02
-8.701476752245382307e-02
-9.080356688802737608e-02
-9.388065801255791876e-02
-9.616653719123181843e-02
-9.758844641751886206e-02
-9.808222834745214391e-02
-9.759423175538754769e-02
-9.608319785485054665e-02
-9.352204851930241702e-02
-8.989949344328181102e-02
-8.522136963092759310e-02
-7.951162999874425430e-02
-7.281290967900777567e-02
-6.518660658394087593e-02
-5.671243643916116378e-02
-4.748743832237738854e-02
-3.762443682446398041e-02
-2.724998619073847744e-02
-1.650185108122199928e-02
-5.526099084116003687e-03
5.526099083429062732e-03
1.650185109031842082e-02
2.724998617630649406e-02
3.762443680823776559e-02
4.748743831848768054e-02
5.671243642626164899e-02
6.518660664037347063e-02
7.281290965681838645e-02
7.951163000922231716e-02
8.522136956374344596e-02
8.989949348954177910e-02
9.352204848277587135e-02
9.608319775109133709e-02
9.759423180802682951e-02
9.808222831420657095e-02
9.758844640667267700e-02
9.616653721982773573e-02
9.388065794104910600e-02
9.080356692611693536e-02
8.701476750424491646e-02
8.259875823799620043e-02
7.764343054910043118e-02
7.223863981074364615e-02
6.647496201200288335e-02
6.044263252435374406e-02
5.423065261176745339e-02
4.792603697035789645e-02
4.161317235900156841e-02
3.537325011652374396e-02
2.928373676309695139e-02
2.341784891760089610e-02
1.784400444379517781e-02
1.262522929401695831e-02
7.818509625830505003e-03
3.474089266329251705e-03
-3.652758297780093534e-04
-3.665084222820413472e-03
-6.399844579974574461e-03
-8.553780786039159520e-03
-1.012144212141193392e-02
-1.110817186262107875e-02
-1.153038831344249497e-02
-1.141563797889247507e-02
-1.080238731671200741e-02
-9.739530815467696556e-03
-8.285605433984931031e-03
-6.507716092855277482e-03
-4.480191589223143055e-03
-2.283004244422093612e-03
3.342889237534335676e-16
3.234701782998444878e-16
2.691154978640763334e-03
5.293836676450785692e-03
7.721763597060895927e-03
9.892953705014626009e-03
1.173166899109001626e-02
1.317012715966378762e-02
1.414992439538708541e-02
1.462312942243208617e-02
1.455302701376369814e-02
1.391450849160528851e-02
1.269412429802684039e-02
1.088982961994787099e-02
8.510468797913303338e-03
5.575052084361970146e-03
2.111885906648725691e-03
-1.842382254690934622e-03
-6.243745513980232704e-03
-1.104179305944053870e-02
-1.618059750235883998e-02
-2.159950393173273517e-02
-2.723380397395003261e-02
-3.301529345645608238e-02
-3.887272546847856530e-02
-4.473218381648069036e-02
-5.051741201470011378e-02
-5.615014123639702759e-02
-6.155046400588735922e-02
-6.663730232255572761e-02
-7.132901380481845854e-02
-7.554417411311112329e-02
-7.920256204546843870e-02
-8.222635992417957895e-02
-8.454156735734304207e-02
-8.607960707014701562e-02
-8.677908494804152661e-02
-8.658764955412207032e-02
-8.546388031849466715e-02
-8.337912290641719126e-02
-8.031918035842286474e-02
-7.628576737744391378e-02
-7.129763702154062743e-02
-6.539129545690966494e-02
-5.862123661310755796e-02
-5.105964595608609297e-02
-4.279554431447088469e-02
-3.393337155924388421e-02
-2.459103388795532558e-02
-1.489746832027537098e-02
-4.989800963016005446e-03
4.989800962691506338e-03
1.489746831437523990e-02
2.459103389825243943e-02
3.393337155573064590e-02
4.279554430954626149e-02
5.105964592428777205e-02
5.862123662077478592e-02
6.539129540173363453e-02
7.129763707685631002e-02
7.628576739330812650e-02
8.031918030277503118e-02
8.337912288821387741e-02
8.546388030270681002e-02
8.658764946779924643e-02
8.677908496319346188e-02
8.607960702060526992e-02
8.454156738624206413e-02
8.222635986467488611e-02
7.920256202931091893e-02
7.554417412482017369e-02
7.132901380388262380e-02
6.663730229484704504e-02
6.155046404238176394e-02
5.615014120992566776e-02
5.051741200951645472e-02
4.473218380574940645e-02
3.887272547730118155e-02
3.301529345243183616e-02
2.723380397299172279e-02
2.159950393158202239e-02
1.618059750222237622e-02
1.104179305833666996e-02
6.243745518489499796e-03
1.842382284400474139e-03
-2.111885922888964880e-03
-5.575052101237687116e-03
-8.510468820909855917e-03
-1.088982963730251129e-02
-1.269412427086679708e-02
-1.391450846558642436e-02
-1.455302700565552255e-02
-1.462312941602923570e-02
-1.414992440340540579e-02
-1.317012715754291644e-02
-1.173166899094649565e-02
-9.892953687951382830e-03
-7.721763594521834952e-03
-5.293836677603110455e-03
-2.691154979482906530e-03
3.130273094408789295e-16
3.009672066328646155e-16
2.909809343371634691e-03
5.728755466987747388e-03
8.368473450021880408e-03
1.074548913758428988e-02
1.278340608268797689e-02
1.441480020701362691e-02
1.558275202535143109e-02
1.624196828554366062e-02
1.635946796992221799e-02
1.591483183513478505e-02
1.490003822990630146e-02
1.331892841606310829e-02
1.118636240339966788e-02
8.527137718655267845e-03
5.374752341603697588e-03
1.770092726798671613e-03
-2.239873962789033692e-03
-6.603334077824901671e-03
-1.126473096051633198e-02
-1.616569674931224790e-02
-2.124578852481295507e-02
-2.644302438741644168e-02
-3.169423239836104828e-02
-3.693524237196680465e-02
-4.210096433744162092e-02
-4.712540805632015745e-02
-5.194170475856808855e-02
-5.648219389248430866e-02
-6.067863555301226258e-02
-6.446260198207430514e-02
-6.776608925226786095e-02
-7.052237694541949042e-02
-7.266714316939146268e-02
-7.413982493699212972e-02
-7.488519094488614580e-02
-7.485507582237163615e-02
-7.401020484121023646e-02
-7.232202525794480252e-02
-6.977444796799858739e-02
-6.636539862871967954e-02
-6.210807962751847822e-02
-5.703184860110704912e-02
-5.118263505971873406e-02
-4.462283527049353687e-02
-3.743064931166167203e-02
-2.969885149275197297e-02
-2.153301566663160665e-02
-1.304924504844258253e-02
-4.371484430350682307e-03
4.371484433019409525e-03
1.304924504506237669e-02
2.153301567609150827e-02
2.969885150167287519e-02
3.743064932264001526e-02
4.462283526369816705e-02
5.118263506332158819e-02
5.703184859634971571e-02
6.210807965275588760e-02
6.636539856303684537e-02
6.977444789923256674e-02
7.232202528618000836e-02
7.401020485124402970e-02
7.485507582725620113e-02
7.488519096830183186e-02
7.413982494293507031e-02
7.266714318841903386e-02
7.052237695613405855e-02
6.776608925233605640e-02
6.446260198838392463e-02
6.067863556689478272e-02
5.648219385611873145e-02
5.194170476331995412e-02
4.712540806442500757e-02
4.210096433325642012e-02
3.693524237726347054e-02
3.169423239901035527e-02
2.644302439247512085e-02
2.124578852372097440e-02
1.616569675136596274e-02
1.126473096960286732e-02
6.603334072675230183e-03
2.239873987480153501e-03
-1.770092706639159316e-03
-5.374752339402080227e-03
-8.527137736014456584e-03
-1.118636239961442666e-02
-1.331892836985853860e-02
-1.490003820057993027e-02
-1.591483181992147181e-02
-1.635946793673494909e-02
-1.624196827157338083e-02
-1.558275202038243885e-02
-1.441480019789031022e-02
-1.278340606585571908e-02
-1.074548914519118069e-02
-8.368473456431166704e-03
-5.728755467145209973e-03
-2.909809347559212060e-03
2.896789317679753895e-16
2.762024070734960327e-16
2.846557122903826866e-03
5.599364740485165276e-03
8.167617561380350472e-03
1.046626208049592638e-02
1.241853936514907518e-02
1.395815137594427074e-02
1.503096177628207575e-02
1.559617018614635822e-02
1.562693043012286856e-02
1.511041401422517395e-02
1.404735177373920424e-02
1.245111303192492601e-02
1.034640488504108731e-02
7.767689100750602670e-03
4.757425498221461505e-03
1.364250244581369492e-03
-2.358804547837367854e-03
-6.355957536989895011e-03
-1.057011289284070545e-02
-1.494402631641619621e-02
-1.942116884069854804e-02
-2.394627809195561119e-02
-2.846561065595199988e-02
-3.292693132404789225e-02
-3.727929240966153246e-02
-4.147267195676546114e-02
-4.545754831504521254e-02
-4.918449309632362543e-02
-5.260386293535374014e-02
-5.566566334145197498e-02
-5.831964608267184436e-02
-6.051568431371449203e-02
-6.220445024327835720e-02
-6.333839656291813391e-02
-6.387301996373657975e-02
-6.376836036666407026e-02
-6.299066980870775267e-02
-6.151416394724720099e-02
-5.932275803590107005e-02
-5.641168012403778576e-02
-5.278885244493983220e-02
-4.847593941500683706e-02
-4.350897195852612004e-02
-3.793847806257273636e-02
-3.182907399271960730e-02
-2.525849962101198165e-02
-1.831611222940960140e-02
-1.110088446666743743e-02
-3.718981600701866830e-03
3.718981601367171014e-03
1.110088446888889135e-02
1.831611222518577178e-02
2.525849961676505592e-02
3.182907398825282619e-02
3.793847806521651739e-02
4.350897196168953401e-02
4.847593940537580498e-02
5.278885242039286357e-02
5.641168012260398129e-02
5.932275803604956238e-02
6.151416396434208206e-02
6.299066982366867407e-02
6.376836036933421215e-02
6.387301992627190950e-02
6.333839655780332256e-02
6.220445023069819807e-02
6.051568430006743632e-02
5.831964608841623543e-02
5.566566335260832166e-02
5.260386293364033294e-02
4.918449309111574269e-02
4.545754831035463822e-02
4.147267195836065040e-02
3.727929241090219975e-02
3.292693132066135814e-02
2.846561064673443567e-02
2.394627808533901850e-02
1.942116885994823322e-02
1.494402631497918944e-02
1.057011289124044386e-02
6.355957556515302344e-03
2.358804541139283492e-03
-1.364250225687829547e-03
-4.757425494732698407e-03
-7.767689094872942332e-03
-1.034640488850955935e-02
-1.245111305443695818e-02
-1.404735172622128582e-02
-1.511041399832376009e-02
-1.562693042964786658e-02
-1.559617019261776150e-02
-1.503096176672355511e-02
-1.395815138340099869e-02
-1.241853935821266887e-02
-1.046626205957263897e-02
-8.167617561593325942e-03
-5.599364743582370928e-03
-2.846557119420103574e-03
2.651563198968753944e-16
2.498176677552742654e-16
2.420787301401105662e-03
4.742735887485433760e-03
6.870622166873241628e-03
8.716271607822628428e-03
1.020164418913795633e-02
1.126142245843290285e-02
1.184498679120563752e-02
1.191769859733773744e-02
1.146145400908085699e-02
1.047451252264091671e-02
8.970647704748967513e-03
6.977699611434534481e-03
4.535643200191325983e-03
1.694303361410254456e-03
-1.489136361624703335e-03
-4.952682596362007438e-03
-8.632000389291698619e-03
-1.246266948349195047e-02
-1.638212522174629926e-02
-2.033120470596993384e-02
-2.425524975006340331e-02
-2.810474719969806648e-02
-3.183552216462335466e-02
-3.540852198786160338e-02
-3.878925899017391515e-02
-4.194699697607248701e-02
-4.485377762831348897e-02
-4.748339431629591822e-02
-4.981041784945165057e-02
-5.180937262568317825e-02
-5.345414757459714117e-02
-5.471771953952565826e-02
-5.557221365063799018e-02
-5.598932998532366728e-02
-5.594116473245458465e-02
-5.540130421211002937e-02
-5.434622305548671845e-02
-5.275684730884117740e-02
-5.062020028192336374e-02
-4.793101695365450249e-02
-4.469321118596377568e-02
-4.092108364796241682e-02
-3.664017068946925915e-02
-3.188765199228013603e-02
-2.671226137022407465e-02
-2.117367309006003978e-02
-1.534136990472032523e-02
-9.293030892769683568e-03
-3.112508567502753499e-03
3.112508567483873202e-03
9.293030892192164633e-03
1.534136990114962074e-02
2.117367308365262699e-02
2.671226137163217051e-02
3.188765199103529846e-02
3.664017069181894209e-02
4.092108367362007337e-02
4.469321118354581401e-02
4.793101696849989823e-02
5.062020028745254502e-02
5.275684731766209362e-02
5.434622305778643442e-02
5.540130420954851587e-02
5.594116474010186330e-02
5.598933310568873084e-02
5.557221097641960872e-02
5.471771953823903467e-02
5.345414932389255108e-02
5.180937263428784384e-02
4.981041785723861609e-02
4.748339431661326160e-02
4.485377762758743780e-02
4.194699707987498138e-02
3.878925897551401686e-02
3.540852194108650569e-02
3.183552224819372750e-02
2.810474722103655995e-02
2.425524980477138451e-02
2.033120484680983261e-02
1.638212523286478733e-02
1.246266947309618636e-02
8.632000376834364844e-03
4.952682451621199557e-03
1.489136311344863581e-03
-1.694303130498864838e-03
-4.535643088599685541e-03
-6.977699562784654350e-03
-8.970647600685579398e-03
-1.047451252373318362e-02
-1.146145399275191185e-02
-1.191769863619928163e-02
-1.184498683816508253e-02
-1.126142243383293148e-02
-1.020164423060097164e-02
-8.716271563140618600e-03
-6.870622156295769570e-03
-4.742735953840428176e-03
-2.420787317331651173e-03
2.404113464668827611e-16
2.222343018491080849e-16
1.608344199034053177e-03
3.107235336931824313e-03
4.391864418598843620e-03
5.366466803747449096e-03
5.948250779101711509e-03
6.070656213003968425e-03
5.685786613465522270e-03
4.765909516396133784e-03
3.303975671789773777e-03
1.313166555694321230e-03
-1.174467667659286150e-03
-4.110165663419669720e-03
-7.431256525038317309e-03
-1.106442288494213951e-02
-1.492922879214492876e-02
-1.894171308728811315e-02
-2.301784630282582497e-02
-2.707669213744255676e-02
-3.104311641009036699e-02
-3.484993867071400908e-02
-3.843945561896851271e-02
-4.176430464104541329e-02
-4.478768016209528496e-02
-4.748294759348175437e-02
-4.983273604083034158e-02
-5.182761406003406207e-02
-5.346447207735905566e-02
-5.474474621208177960e-02
-5.567261862906196235e-02
-5.625332575381331718e-02
-5.649169061942754810e-02
-5.639097681264765294e-02
-5.595213580149699384e-02
-5.517349031374369633e-02
-5.405086535094565103e-02
-5.257814647243642253e-02
-5.074821507575583840e-02
-4.855418367553067382e-02
-4.599083254993444753e-02
-4.305613281196539466e-02
-3.975273810863379220e-02
-3.608932110550402972e-02
-3.208164660576871829e-02
-2.775328808663161950e-02
-2.313591861130180269e-02
-1.826913747415632311e-02
-1.319982629691063281e-02
-7.981062517487411134e-03
-2.670649429917669807e-03
2.670649430060977481e-03
7.981062516895443687e-03
1.319982628432622707e-02
1.826913746351858936e-02
2.313591861723233306e-02
2.775328807796123565e-02
3.208164659390635998e-02
3.608932110057970488e-02
3.975273810781509293e-02
4.305613280872257198e-02
4.599083255905285494e-02
4.855418369985597254e-02
5.074821507889680505e-02
5.257814646333313496e-02
5.405086534379976299e-02
5.517349030978532798e-02
5.595213580104058115e-02
5.639097681709328430e-02
5.649169061971964778e-02
5.625332575551247188e-02
5.567261862816288293e-02
5.474474622058021767e-02
5.346447208918789218e-02
5.182761406128402054e-02
4.983273605967405290e-02
4.748294757462038357e-02
4.478768013968318501e-02
4.176430463301931961e-02
3.843945559426011072e-02
3.484993868190948418e-02
3.104311641466966920e-02
2.707669222525962288e-02
2.301784628495870746e-02
1.894171299390745924e-02
1.492922883970186111e-02
1.106442288746554634e-02
7.431256447933961423e-03
4.110165614386584836e-03
1.174467674198105983e-03
-1.313166540927236973e-03
-3.303975669275783459e-03
-4.765909493002708566e-03
-5.685786626009143793e-03
-6.070656210244139601e-03
-5.948250790221441646e-03
-5.366466783086503919e-03
-4.391864446034436480e-03
-3.107235346499822182e-03
-1.608344193674527203e-03
2.159563916042055689e-16
1.930321440071832850e-16
5.220802843260399957e-04
9.126495321892277683e-04
1.046431855142800982e-03
8.102858577191644632e-04
1.084561702455326843e-04
-1.133099768742451899e-03
-2.963519322531337971e-03
-5.405125047672740962e-03
-8.452862147619148031e-03
-1.207506804957431470e-02
-1.621549797187630398e-02
-2.079642961263425058e-02
-2.572266177159382439e-02
-3.088613771540331399e-02
-3.617093597241136799e-02
-4.145834584981148568e-02
-4.663176292746899071e-02
-5.158117624139075402e-02
-5.620703183231325756e-02
-6.042333173847280747e-02
-6.415986278082654037e-02
-6.736350421193228188e-02
-6.999862529075714934e-02
-7.204662179065254857e-02
-7.350468809352678212e-02
-7.438395521866866811e-02
-7.470715047219081417e-02
-7.450594725656736750e-02
-7.381817791732186995e-02
-7.268508041358216765e-02
-7.114873837194296557e-02
-6.924983950157985457e-02
-6.702586737345403445e-02
-6.450979346674783066e-02
-6.172930938527181749e-02
-5.870659950398704474e-02
-5.545861971540871210e-02
-5.199781678845297184e-02
-4.833319548114438369e-02
-4.447162189156119577e-02
-4.041923991178355408e-02
-3.618287461942394645e-02
-3.177130294710927422e-02
-2.719628892149303021e-02
-2.247330050732039564e-02
-1.762185515577039535e-02
-1.266547525966664825e-02
-7.631263724968818593e-03
-2.549146387807611509e-03
2.549146384819914613e-03
7.631263728837762821e-03
1.266547525970881938e-02
1.762185510776535791e-02
2.247330041832757558e-02
2.719628892597189540e-02
3.177130290324760298e-02
3.618287463458154385e-02
4.041923992512665154e-02
4.447162190358328049e-02
4.833319548839157959e-02
5.199781682716969611e-02
5.545861973441313514e-02
5.870659951377935060e-02
6.172930938543610274e-02
6.450979346550575477e-02
6.702586737273594220e-02
6.924983946813410840e-02
7.114873833481093202e-02
7.268508040290587446e-02
7.381817775883875443e-02
7.450594728704150460e-02
7.470715074375784692e-02
7.438395527172242394e-02
7.350468816651394011e-02
7.204662196156032261e-02
6.999862563976082253e-02
6.736350377726270378e-02
6.415986230763988385e-02
6.042333165718298538e-02
5.620703161787286850e-02
5.158117641687646332e-02
4.663176297974454265e-02
4.145834565002025351e-02
3.617093656394530093e-02
3.088613788100465565e-02
2.572266206068929070e-02
2.079642956191913791e-02
1.621549731162795493e-02
1.207506840343682865e-02
8.452861801069279368e-03
5.405125820380422656e-03
2.963519630237451599e-03
1.133099748561209154e-03
-1.084566792465058361e-04
-8.102858652703626282e-04
-1.046431735393590001e-03
-9.126494922622777842e-04
-5.220803005865724128e-04
1.909319375771628234e-16
1.598878498745585321e-16
-4.598341942538506917e-04
-1.094477166073110725e-03
-2.070049723761588009e-03
-3.535766668584449605e-03
-5.616624840426712346e-03
-8.407380407206354461e-03
-1.196811938871671088e-02
-1.632161169691297500e-02
-2.145255168464138898e-02
-2.730866803477038918e-02
-3.380357168579633392e-02
-4.082114228180430682e-02
-4.822114176546663661e-02
-5.584574155376329646e-02
-6.352655236789986337e-02
-7.109181590668607609e-02
-7.837335914125069525e-02
-8.521301275075260362e-02
-9.146819524614352437e-02
-9.701646234402529212e-02
-1.017588668507266036e-01
-1.056220600977633706e-01
-1.085591428055396601e-01
-1.105492958779248358e-01
-1.115963385073844849e-01
-1.117263536021402687e-01
-1.109845868244695166e-01
-1.094318154622098554e-01
-1.071404313601744401e-01
-1.041904365528392995e-01
-1.006655661321091411e-01
-9.664971222572012188e-02
-9.222379933614097136e-02
-8.746322152655804094e-02
-8.243591233394946538e-02
-7.720107131141713819e-02
-7.180854565364587494e-02
-6.629880382982536458e-02
-6.070343512175904038e-02
-5.504605886951887544e-02
-4.934352717410480510e-02
-4.360729094773106024e-02
-3.784480395719375112e-02
-3.206085015734757432e-02
-2.625870014734014990e-02
-2.044102830454371314e-02
-1.461055248984102599e-02
-8.770389848073040576e-03
-2.924154107624802289e-03
2.924154108624898562e-03
8.770389857451155180e-03
1.461055249169044244e-02
2.044102831670709802e-02
2.625870013041647910e-02
3.206085017160789641e-02
3.784480396957199538e-02
4.360729096094664164e-02
4.934352716685441037e-02
5.504605887034522832e-02
6.070343511439429962e-02
6.629880381123416655e-02
7.180854561669547387e-02
7.720107166359135853e-02
8.243591224747795487e-02
8.746322168000124353e-02
9.222379907721413306e-02
9.664971226710795948e-02
1.006655661020243592e-01
1.041904365730366433e-01
1.071404315146729652e-01
1.094318156562271438e-01
1.109845868622169190e-01
1.117263538401613299e-01
1.115963382762380357e-01
1.105492961763170634e-01
1.085591428747460646e-01
1.056220609023173912e-01
1.017588667830496840e-01
9.701646286973875100e-02
9.146819534320735356e-02
8.521301199526075398e-02
7.837335854088281484e-02
7.109181539356404511e-02
6.352655280415052397e-02
5.584574063474397054e-02
4.822114122770396888e-02
4.082114110042651262e-02
3.380357155549364861e-02
2.730866836283203300e-02
2.145255150374408490e-02
1.632161173820765795e-02
1.196811902053128776e-02
8.407380127493766300e-03
5.616624004940371645e-03
3.535766812874204662e-03
2.070049710737802400e-03
1.094477260603379538e-03
4.598341506807851259e-04
1.615488701166442161e-16
1.170399609061973650e-16
-5.176562077994301342e-04
-1.289684149169714918e-03
-2.558038675298661933e-03
-4.540497767117862397e-03
-7.420191730025589918e-03
-1.133694786619661617e-02
-1.638087689005447364e-02
-2.258849142677489541e-02
-2.994147879507788254e-02
-3.836812375819772386e-02
-4.774718942998931043e-02
-5.791397106370272524e-02
-6.866813091695514459e-02
-7.978280930627679179e-02
-9.101452642606108756e-02
-1.021133276603225642e-01
-1.128326749127687156e-01
-1.229386416489243183e-01
-1.322180122516549150e-01
-1.404849810731667037e-01
-1.475863026129626832e-01
-1.534046913725725936e-01
-1.578605286541754638e-01
-1.609119149819547845e-01
-1.625532080400816370e-01
-1.628122485671003872e-01
-1.617465157357994843e-01
-1.594384791464417694e-01
-1.559904235946731610e-01
-1.515190405701525023e-01
-1.461500167943541040e-01
-1.400128985066913523e-01
-1.332363803670657265e-01
-1.259442204592129688e-01
-1.182518639880904554e-01
-1.102638517503503196e-01
-1.020720265503546054e-01
-9.375451021439666632e-02
-8.537539375471364655e-02
-7.698503998144261284e-02
-6.862088771624710870e-02
-6.030863035428089824e-02
-5.206363667144980195e-02
-4.389249404690524076e-02
-3.579456608313718452e-02
-2.776347996586051026e-02
-1.978848559252680689e-02
-1.185565779875572164e-02
-3.948940727988617914e-03
3.948940727244464911e-03
1.185565779581194447e-02
1.978848559055945699e-02
2.776347996758810749e-02
3.579456607753898206e-02
4.389249404108173935e-02
5.206363666450612021e-02
6.030863035474594291e-02
6.862088773649478723e-02
7.698503996389748083e-02
8.537539384329026482e-02
9.375451023260443495e-02
1.020720264276257505e-01
1.102638517315689543e-01
1.182518638869382022e-01
1.259442207289509508e-01
1.332363803995370577e-01
1.400128982136333855e-01
1.461500174973784927e-01
1.515190400623969147e-01
1.559904240200548908e-01
1.594384789358775090e-01
1.617465159292362231e-01
1.628122490922764565e-01
1.625532081320683053e-01
1.609119153678109648e-01
1.578605290961878349e-01
1.534046912887345460e-01
1.475863021842569178e-01
1.404849813785139234e-01
1.322180125847091381e-01
1.229386407644969259e-01
1.128326747142206349e-01
1.021133273107722728e-01
9.101452711626183134e-02
7.978280899777266677e-02
6.866813037358283911e-02
5.791397072925057177e-02
4.774718822065748131e-02
3.836812401605301653e-02
2.994147800431525355e-02
2.258849023747366846e-02
1.638087619188389674e-02
1.133694786879663012e-02
7.420192096494661153e-03
4.540497566905955448e-03
2.558038353859224800e-03
1.289684370333759027e-03
5.176560592604780540e-04
1.188724666911598575e-16
5.357298301631537273e-17
1.797417526752628867e-03
3.203722641097218708e-03
3.845756196799044596e-03
3.385329171698384532e-03
1.534423854903949535e-03
-1.932173465875747405e-03
-7.167420590162046704e-03
-1.424614125554484086e-02
-2.316291337605832709e-02
-3.383370517097065988e-02
-4.610100737423039607e-02
-5.974207235399011523e-02
-7.447968011037135738e-02
-8.999478550627204587e-02
-1.059403284471052697e-01
-1.219554786708000604e-01
-1.376796155223093676e-01
-1.527654342376125740e-01
-1.668906306163852049e-01
-1.797677665458790874e-01
-1.911520135156700440e-01
-2.008466285815542762e-01
-2.087061259903793264e-01
-2.146372027971890084e-01
-2.185976099081130275e-01
-2.205932038714720766e-01
-2.206734834870939799e-01
-2.189259443566656527e-01
-2.154696143813406017e-01
-2.104481058939029758e-01
-2.040225381808723204e-01
-1.963646059423624635e-01
-1.876500740755416841e-01
-1.780529010381950161e-01
-1.677401569090835043e-01
-1.568678304371197429e-01
-1.455775887430881266e-01
-1.339944883985570712e-01
-1.222255891441760417e-01
-1.103594116273650672e-01
-9.846611485108085204e-02
-8.659828599427893403e-02
-7.479220681540457716e-02
-6.306946816739780748e-02
-5.143881635208640002e-02
-3.989813346469987115e-02
-2.843646405611567618e-02
-1.703604136830467325e-02
-5.674279029548646471e-03
5.674279030159751387e-03
1.703604136832940000e-02
2.843646405650150991e-02
3.989813345998072941e-02
5.143881637007182567e-02
6.306946816592114147e-02
7.479220687189117034e-02
8.659828604539410168e-02
9.846611480884254197e-02
1.103594115825227290e-01
1.222255889709631532e-01
1.339944881865449133e-01
1.455775888111428273e-01
1.568678302366126043e-01
1.677401571748146636e-01
1.780529015520214142e-01
1.876500737369018457e-01
1.963646063899748551e-01
2.040225382827410561e-01
2.104481054833903242e-01
2.154696129931872595e-01
2.189259438407549774e-01
2.206734834003789281e-01
2.205932041399065735e-01
2.185976098229798215e-01
2.146372029971434503e-01
2.087061266418389072e-01
2.008466284918436207e-01
1.911520128153783860e-01
1.797677676497495824e-01
1.668906312192720010e-01
1.527654347860969708e-01
1.376796161108692351e-01
1.219554785230851229e-01
1.059403278534918058e-01
8.999478413350017747e-02
7.447967940809965826e-02
5.974207190211854035e-02
4.610100750491560179e-02
3.383370505168964426e-02
2.316291382277933103e-02
1.424614102309996154e-02
7.167420676988674189e-03
1.932173285424481930e-03
-1.534423600551646861e-03
-3.385328849219822016e-03
-3.845756189300583976e-03
-3.203722631904739465e-03
-1.797417410243067970e-03
4.638250904284081530e-17
-4.743411155911715528e-17
8.642207516434316159e-03
1.667447521439457264e-02
2.351270228619890823e-02
2.862315428976879711e-02
3.154444406216141972e-02
3.190590393543787234e-02
2.944150205481228105e-02
2.399874038411647925e-02
1.554225811250192421e-02
4.152171144600673089e-03
-9.982520817217571327e-03
-2.657491246674147448e-02
-4.525477591151837869e-02
-6.558584198816311273e-02
-8.708481065294165768e-02
-1.092410815900614202e-01
-1.315362567380457537e-01
-1.534625763367232498e-01
-1.745395417711002872e-01
-1.943281699046963129e-01
-2.124424874884596193e-01
-2.285580274432447712e-01
-2.424172742912939771e-01
-2.538321360124988213e-01
-2.626836549492940764e-01
-2.689192592171186225e-01
-2.725479346235186173e-01
-2.736337289729976474e-01
-2.722880559008937773e-01
-2.686612020140314860e-01
-2.629334783372167528e-01
-2.553063907051999482e-01
-2.459941652586246086e-01
-2.352158848184534856e-01
-2.231884801832489384e-01
-2.101207066089759712e-01
-1.962082083334323601e-01
-1.816297007270915587e-01
-1.665442669371797746e-01
-1.510897002107008114e-01
-1.353818115600513294e-01
-1.195145863027923111e-01
-1.035610637452839822e-01
-8.757480930508312889e-02
-7.159185087257922964e-02
-5.563296514622810551e-02
-3.970621029099967447e-02
-2.380962806108042479e-02
-7.934047783407187707e-03
7.934047811623854557e-03
2.380962808231634059e-02
3.970621030231035603e-02
5.563296514098188539e-02
7.159185095343575944e-02
8.757480933502086173e-02
1.035610637154907449e-01
1.195145863305829281e-01
1.353818114472514211e-01
1.510897002201111172e-01
1.665442667477388394e-01
1.816297009583687228e-01
1.962082082810165662e-01
2.101207067501736636e-01
2.231884801256540096e-01
2.352158846127297698e-01
2.459941654850015258e-01
2.553063913329066126e-01
2.629334783658718311e-01
2.686612015406796838e-01
2.722880562782510894e-01
2.736337296735970592e-01
2.725479339101767873e-01
2.689192588992889155e-01
2.626836546778849590e-01
2.538321353855652607e-01
2.424172736065915712e-01
2.285580277889740775e-01
2.124424869323708887e-01
1.943281699528757456e-01
1.745395409209473392e-01
1.534625770184457894e-01
1.315362564980584181e-01
1.092410811803341264e-01
8.708481174623383669e-02
6.558584192878426367e-02
4.525477600249935839e-02
2.657491287254665213e-02
9.982520511379940065e-03
-4.152171693785008250e-03
-1.554225783372021642e-02
-2.399874097339202775e-02
-2.944150254972479480e-02
-3.190590385793261319e-02
-3.154444419349237971e-02
-2.862315434947849957e-02
-2.351270233445412403e-02
-1.667447511183768258e-02
-8.642207512453222926e-03
-8.118170654272967465e-17
-2.064891602776800563e-16
2.258437258860157559e-02
4.423698476033384452e-02
6.406244020158971542e-02
8.123630488125738180e-02
9.503617297004798847e-02
1.048678510504194028e-01
1.102853215735241643e-01
1.110039393364656152e-01
1.069062191433836767e-01
9.804057711201638603e-02
8.461308880812103139e-02
6.697327228403736343e-02
4.559482608406655035e-02
2.105268542560830361e-02
-6.002675376109726547e-03
-3.487177105129456167e-02
-6.483284732487452906e-02
-9.516683510567136572e-02
-1.251807949206819315e-01
-1.542276439693887058e-01
-1.817228234568101786e-01
-2.071567774249273297e-01
-2.301039602682780905e-01
-2.502272536884191378e-01
-2.672796163315058759e-01
-2.811017887377696423e-01
-2.916175561176580500e-01
-2.988269114223138789e-01
-3.027971296317729100e-01
-3.036528960047601422e-01
-3.015658646218253858e-01
-2.967439341192163460e-01
-2.894206145954971721e-01
-2.798452779136940682e-01
-2.682740820178143859e-01
-2.549619151925058280e-01
-2.401556501731177129e-01
-2.240886168437162262e-01
-2.069763583478061997e-01
-1.890136079896309329e-01
-1.703725501873106507e-01
-1.512020158243665147e-01
-1.316277150319870859e-01
-1.117533299453023765e-01
-9.166220051386818335e-02
-7.141965685018507315e-02
-5.107574532964943848e-02
-3.066833493376315209e-02
-1.022641199835915178e-02
1.022641198419314834e-02
3.066833500666786214e-02
5.107574542788122923e-02
7.141965703575693658e-02
9.166220388379868467e-02
1.117533297692928501e-01
1.316277154357921308e-01
1.512020160932765755e-01
1.703725500034199147e-01
1.890136074681513789e-01
2.069763581366747540e-01
2.240886162330784082e-01
2.401556605731001159e-01
2.549619152057938654e-01
2.682740958154592459e-01
2.798452919126509508e-01
2.894206141351473027e-01
2.967439190542131566e-01
3.015658648050416057e-01
3.036528955674549501e-01
3.027971091885500177e-01
2.988269116978529150e-01
2.916175560904464281e-01
2.811017894881718271e-01
2.672796151980726953e-01
2.502272538591909234e-01
2.301039583435996738e-01
2.071567775015398238e-01
1.817228216302171351e-01
1.542276442655649837e-01
1.251807946418262707e-01
9.516683408915950493e-02
6.483284761802206309e-02
3.487177125754068602e-02
6.002646469845230801e-03
-2.105271211315656171e-02
-4.559485352612750730e-02
-6.697327087932034018e-02
-8.461308830720148944e-02
-9.804055451701866597e-02
-1.069062178178988437e-01
-1.110039386125759031e-01
-1.102853207784897926e-01
-1.048678511893216536e-01
-9.503617294051031061e-02
-8.123630556398121760e-02
-6.406243222695316708e-02
-4.423697944678364746e-02
-2.258437257733556316e-02
-2.942505977822401730e-16
-4.378035358616099429e-16
4.546902208317558230e-02
8.958404514794342244e-02
1.310401092515573462e-01
1.686279594643398383e-01
2.012760853686215989e-01
2.280863976289477513e-01
2.483617088403338447e-01
2.616242194871830073e-01
2.676244909168315478e-01
2.663407910274794843e-01
2.579694850380819804e-01
2.429073989731216077e-01
2.217274380968272673e-01
1.951492078701290711e-01
1.640060029537036557e-01
1.292102584475962046e-01
9.171887309973623947e-02
5.249994356223016551e-02
1.250218181061622802e-02
-2.737201809183477386e-02
-6.628915366598664427e-02
-1.035024154413239916e-01
-1.383645707382302470e-01
-1.703360120838858238e-01
-1.989882656684344164e-01
-2.240034783978911426e-01
-2.451701389747839577e-01
-2.623762189824014324e-01
-2.755997882313468983e-01
-2.848981358078972459e-01
-2.903958660299763017e-01
-2.922725599550741182e-01
-2.907505710946421962e-01
-2.860831024805075562e-01
-2.785433797218491159e-01
-2.684147198831116632e-01
-2.559818694712003850e-01
-2.415237455479579964e-01
-2.253075977351754189e-01
-2.075845826882096179e-01
-1.885865769495682076e-01
-1.685243810479130078e-01
-1.475870053244056623e-01
-1.259419870217259874e-01
-1.037365681344317586e-01
-8.109966798692151702e-02
-5.814441242073661864e-02
-3.497117134274828343e-02
-1.167095228222475752e-02
1.167095228681732863e-02
3.497117132190692007e-02
5.814441259712175430e-02
8.109966788205677513e-02
1.037365681275957408e-01
1.259419873918501964e-01
1.475870052097028040e-01
1.685243805307675424e-01
1.885865770541443331e-01
2.075845827290554724e-01
2.253075985515110846e-01
2.415237462591711959e-01
2.559818696562463081e-01
2.684147199613138857e-01
2.785433793962129867e-01
2.860831019646394857e-01
2.907505666714453318e-01
2.922725591065709061e-01
2.903958664101203846e-01
2.848981352686075774e-01
2.755997874579778628e-01
2.623762187291885373e-01
2.451701399765877643e-01
2.240034779088665717e-01
1.989882657712909175e-01
1.703360121679189931e-01
1.383645710021116915e-01
1.035024157682683243e-01
6.628915385667642768e-02
2.737201855812418719e-02
-1.250218163347681377e-02
-5.249994316330305194e-02
-9.171887197898026534e-02
-1.292102595180915914e-01
-1.640060025575194869e-01
-1.951492079829800497e-01
-2.217274381916238546e-01
-2.429073981873935417e-01
-2.579694849714017635e-01
-2.663407908950931047e-01
-2.676244908175977599e-01
-2.616242195997082187e-01
-2.483617085525768597e-01
-2.280863974384367832e-01
-2.012760852940591594e-01
-1.686279596209293297e-01
-1.310401093242040405e-01
-8.958404741434007612e-02
-4.546902216595168772e-02
-6.141543966345662674e-16
-7.267922583913664876e-16
7.588956020075675324e-02
1.499644938171320607e-01
2.204716331064281998e-01
2.857778390820769343e-01
3.444229788397659697e-01
3.951649498663946103e-01
4.370148874677129980e-01
4.692612764734720998e-01
4.914823276455692613e-01
5.035466422944736564e-01
5.056027801625350149e-01
4.980589103139594909e-01
4.815541070641596866e-01
4.569231971108190793e-01
4.251571876090491364e-01
3.873613535886256676e-01
3.447129665201582038e-01
2.984204480657332570e-01
2.496854694577356204e-01
1.996692282456075107e-01
1.494636992363418682e-01
1.000684656053148769e-01
5.237328696030684599e-02
7.146336031306864747e-03
-3.497219014771760920e-02
-7.347160401087396431e-02
-1.079679962465013437e-01
-1.381979803507921989e-01
-1.640096302888484070e-01
-1.853513604520382607e-01
-2.022594318352719522e-01
-2.148447436096160013e-01
-2.232794651400226704e-01
-2.277839814030972743e-01
-2.286145588964511866e-01
-2.260520229995335029e-01
-2.203916599062441528e-01
-2.119345006060405490e-01
-2.009800378696348089e-01
-1.878204105144661018e-01
-1.727360072489674547e-01
-1.559924205487344673e-01
-1.378386551714739505e-01
-1.185064638211840576e-01
-9.821068209779863778e-02
-7.715041717230691765e-02
-5.551095722592305770e-02
-3.346625534339665864e-02
-1.118185764183591939e-02
1.118185763780532062e-02
3.346625527578139803e-02
5.551095704893688892e-02
7.715041713894273123e-02
9.821068206559224745e-02
1.185064638006463195e-01
1.378386549986793941e-01
1.559924204087177468e-01
1.727360073865046586e-01
1.878204104785127226e-01
2.009800384995288902e-01
2.119345000678333757e-01
2.203916599076882754e-01
2.260520220290505866e-01
2.286145593390586650e-01
2.277839812152582799e-01
2.232794652145358993e-01
2.148447424863259014e-01
2.022594325905994195e-01
1.853513613735726373e-01
1.640096299743315500e-01
1.381979795705532144e-01
1.079679961239979058e-01
7.347160435143423873e-02
3.497218997051565470e-02
-7.146337186258117438e-03
-5.237328695740091355e-02
-1.000684653198580382e-01
-1.494636989251075521e-01
-1.996692296809824962e-01
-2.496854697036999526e-01
-2.984204473429630244e-01
-3.447129665517817410e-01
-3.873613536249911338e-01
-4.251571879641919405e-01
-4.569231971861220654e-01
-4.815541064743039668e-01
-4.980589105263888983e-01
-5.056027803602937132e-01
-5.035466419116180203e-01
-4.914823283952552968e-01
-4.692612768078959773e-01
-4.370148870790204754e-01
-3.951649498613762912e-01
-3.444229790913925782e-01
-2.857778390653360479e-01
-2.204716329662183560e-01
-1.499644937797849631e-01
-7.588956029849791562e-02
-1.020839650667073307e-15
-9.928006291004352513e-16
1.050381184537478307e-01
2.079333364391101335e-01
3.066110964468929390e-01
3.991303990591080764e-01
4.837429643733916484e-01
5.589437769526517386e-01
6.235109820047530782e-01
6.765337337280090679e-01
7.174272655369193785e-01
7.459351880489195619e-01
7.621196310522555528e-01
7.663404677584920721e-01
7.592252615354632139e-01
7.416320109700141883e-01
7.146067611306646805e-01
6.793384073708370607e-01
6.371127653792025836e-01
5.892678362661496472e-01
5.371519489691086724e-01
4.820860705237577926e-01
4.253312699643727046e-01
3.680619070745205224e-01
3.113448647712677708e-01
2.561247091063820203e-01
2.032145818766618039e-01
1.532922833020542719e-01
1.069009345268712718e-01
6.445351616013626772e-02
2.624051926372232557e-02
-7.560038107511244526e-03
-3.687093787175043519e-02
-6.170313695760094169e-02
-8.214269427785129973e-02
-9.833785456717258899e-02
-1.104865929144427106e-01
-1.188250252679969726e-01
-1.236168566734124619e-01
-1.251441174336716533e-01
-1.236991634114352756e-01
-1.195780684262577886e-01
-1.130753543099180941e-01
-1.044800211432301840e-01
-9.407276834501056284e-02
-8.212434683798092161e-02
-6.889488424278521206e-02
-5.463407541283502034e-02
-3.958209378499650405e-02
-2.397110229166343406e-02
-8.027214321348256562e-03
8.027214322622223605e-03
2.397110232319312612e-02
3.958209388754985875e-02
5.463407504330263648e-02
6.889488433899945696e-02
8.212434682941227582e-02
9.407276831201508149e-02
1.044800218054429269e-01
1.130753547743443554e-01
1.195780685039206370e-01
1.236991634469843948e-01
1.251441170821605831e-01
1.236168568382259164e-01
1.188250258900610395e-01
1.104865932319857857e-01
9.833785540909727174e-02
8.214269507797064551e-02
6.170313570920030882e-02
3.687093806301483534e-02
7.560037310155097272e-03
-2.624051919775229752e-02
-6.445351650170300095e-02
-1.069009347707803315e-01
-1.532922833102708660e-01
-2.032145817600422566e-01
-2.561247087325627114e-01
-3.113448647780743261e-01
-3.680619056546741152e-01
-4.253312699482326709e-01
-4.820860696166480164e-01
-5.371519498970659390e-01
-5.892678369776953584e-01
-6.371127669374762048e-01
-6.793384081414863829e-01
-7.146067617904870994e-01
-7.416320108919580711e-01
-7.592252617654062785e-01
-7.663404673028194614e-01
-7.621196308806763575e-01
-7.459351882968975334e-01
-7.174272658874127906e-01
-6.765337334152921045e-01
-6.235109815780032205e-01
-5.589437766809188801e-01
-4.837429645201229977e-01
-3.991303991300140797e-01
-3.066110964728348542e-01
-2.079333364926921335e-01
-1.050381184497485021e-01
-1.399549886224838743e-15
-1.046007559343460115e-15
1.119346679088865371e-01
2.218497516028015148e-01
3.277865612145834939e-01
4.279054814898411996e-01
5.205389261920112531e-01
6.042368227299460548e-01
6.778028679699240611e-01
7.403203069836798988e-01
7.911665905232907470e-01
8.300168046698020996e-01
8.568365779629952828e-01
8.718651195819682176e-01
8.755901316321638150e-01
8.687161585411967701e-01
8.521281936902472820e-01
8.268525009728702191e-01
7.940164657580881524e-01
7.548092019841864397e-01
7.104442433736081197e-01
6.621256626687609392e-01
6.110183452210076194e-01
5.582230611957836874e-01
5.047565902608780464e-01
4.515369331939693143e-01
3.993734003354919571e-01
3.489612293876402926e-01
3.008802109452298756e-01
2.555967691717805912e-01
2.134688614525046269e-01
1.747530838355128291e-01
1.396133728250486816e-01
1.081307625320906823e-01
8.031367718712598136e-02
5.610835010030697928e-02
3.540900309113521882e-02
1.806750520305279092e-02
3.902301049875393259e-03
-7.293556377328141473e-03
-1.574534445703631644e-02
-2.169064133971322292e-02
-2.537432885589722964e-02
-2.704459742831894289e-02
-2.694990411295728958e-02
-2.533680734941280710e-02
-2.244859221893991813e-02
-1.852459111674983894e-02
-1.380009288834232670e-02
-8.506739215210995866e-03
-2.873297450550769787e-03
2.873297462213763274e-03
8.506739228027642916e-03
1.380009288913686648e-02
1.852459113244337915e-02
2.244859224417184232e-02
2.533680729628502715e-02
2.694990416940748132e-02
2.704459757314032348e-02
2.537432883121561178e-02
2.169064140385984843e-02
1.574534458565361381e-02
7.293556257077410225e-03
-3.902301173631447708e-03
-1.806750543545059678e-02
-3.540900264705496014e-02
-5.610835009358016573e-02
-8.031367714001880209e-02
-1.081307625475836087e-01
-1.396133725041023288e-01
-1.747530833904796799e-01
-2.134688615554597435e-01
-2.555967689484662242e-01
-3.008802112357433778e-01
-3.489612293470046867e-01
-3.993734007911453054e-01
-4.515369332338067254e-01
-5.047565902023239959e-01
-5.582230613886614012e-01
-6.110183452588953124e-01
-6.621256625467952794e-01
-7.104442439199939452e-01
-7.548092019688011911e-01
-7.940164660185489165e-01
-8.268525010847338486e-01
-8.521281940190884585e-01
-8.687161581675580946e-01
-8.755901307181408466e-01
-8.718651196793628655e-01
-8.568365776181480209e-01
-8.300168046744063055e-01
-7.911665916476241511e-01
-7.403203069684960447e-01
-6.778028686311838857e-01
-6.042368226440884005e-01
-5.205389261405707346e-01
-4.279054817708310976e-01
-3.277865612259637795e-01
-2.218497518744500518e-01
-1.119346678486728835e-01
-1.479291623781071384e-15
-5.664678260910382262e-16
6.112356016305516698e-02
1.212512330244279318e-01
1.794155385109787448e-01
2.347045931012492204e-01
2.862869358552377896e-01
3.334329900507189137e-01
3.755323243130381794e-01
4.121062008909806562e-01
4.428150266003167412e-01
4.674606943059698150e-01
4.859840298831918370e-01
4.984577377560634459e-01
5.050755101297242922e-01
5.061379711672189252e-01
5.020363495948348964e-01
4.932346914252596082e-01
4.802514526296399744e-01
4.636412402133231470e-01
4.439773664734761871e-01
4.218357714602700703e-01
3.977807306504503870e-01
3.723526344346821393e-01
3.460579982273583877e-01
3.193617418745473557e-01
2.926816806874384391e-01
2.663850859115842185e-01
2.407871194470165011e-01
2.161508850703424967e-01
1.926888600505566596e-01
1.705654049017409080e-01
1.499001020624023406e-01
1.307716738080774155e-01
1.132222521151246691e-01
9.726180274967601014e-02
8.287253607826020052e-02
7.001319293952114331e-02
5.862303588572119473e-02
4.862556362493549583e-02
3.993181572558336667e-02
3.244328308847411330e-02
2.605439562083700783e-02
2.065459699753797312e-02
1.613002325794368752e-02
1.236481110461919858e-02
9.242068090370704828e-03
6.644547023670901824e-03
4.455063043188036039e-03
2.556700022945610114e-03
8.328522845822099304e-04
-8.328522860987610296e-04
-2.556700031531997791e-03
-4.455063067077331962e-03
-6.644547042835063401e-03
-9.242068019457485087e-03
-1.236481104092428986e-02
-1.613002331608824266e-02
-2.065459692462857932e-02
-2.605439570744067304e-02
-3.244328313477825437e-02
-3.993181566557164885e-02
-4.862556358442871041e-02
-5.862303592893634840e-02
-7.001319262379041009e-02
-8.287253618105465403e-02
-9.726180254398436587e-02
-1.132222522080486848e-01
-1.307716738622169972e-01
-1.499001020051798083e-01
-1.705654049194870181e-01
-1.926888599466428931e-01
-2.161508848632064661e-01
-2.407871193996583836e-01
-2.663850861547858995e-01
-2.926816806483624189e-01
-3.193617419789951950e-01
-3.460579983881699184e-01
-3.723526343393700477e-01
-3.977807304059420845e-01
-4.218357715292461729e-01
-4.439773665256283031e-01
-4.636412402678402045e-01
-4.802514527088508345e-01
-4.932346913351037254e-01
-5.020363495343810323e-01
-5.061379710915098196e-01
-5.050755100883207449e-01
-4.984577375936009025e-01
-4.859840299326238511e-01
-4.674606943336540033e-01
-4.428150263986851964e-01
-4.121062008259019360e-01
-3.755323242934743844e-01
-3.334329901395136075e-01
-2.862869358823146859e-01
-2.347045931022247733e-01
-1.794155384770889372e-01
-1.212512330004951594e-01
-6.112356015014842880e-02
-8.029995065546144207e-16
8.532768782657964890e-16
-9.259771243913543504e-02
-1.838178575852058849e-01
-2.723199634167028371e-01
-3.568362217377606393e-01
-4.362040903507623524e-01
-5.093946612154457432e-01
-5.755357604506363689e-01
-6.339290405654155469e-01
-6.840606383481717678e-01
-7.256053055585497402e-01
-7.584242241665147821e-01
-7.825570068580830485e-01
-7.982086107322921009e-01
-8.057320690605721536e-01
-8.056080508869187806e-01
-7.984223131590948430e-01
-7.848420834161222714e-01
-7.655923529676780248e-01
-7.414329574378706322e-01
-7.131371117030622653e-01
-6.814721216641553836e-01
-6.471824817406951480e-01
-6.109757496592979065e-01
-5.735112469159016069e-01
-5.353915667955753133e-01
-4.971567372859726497e-01
-4.592808787378311886e-01
-4.221709579767203291e-01
-3.861674827162441814e-01
-3.515466889405577389e-01
-3.185239417993799838e-01
-2.872580316207800077e-01
-2.578560714448521196e-01
-2.303787453605775359e-01
-2.048456818312138217e-01
-1.812407740944575463e-01
-1.595172957313234774e-01
-1.396027051836137567e-01
-1.214030534434142050e-01
-1.048069502845437317e-01
-8.968905707591230680e-02
-7.591310409342916232e-02
-6.333444098212530349e-02
-5.180214594426277991e-02
-4.116072838889034413e-02
-3.125146964778443420e-02
-2.191344742678102281e-02
-1.298430141567944070e-02
-4.300791334210983530e-03
4.300791336111425139e-03
1.298430139194852589e-02
2.191344743597044287e-02
3.125146964564781693e-02
4.116072851581310810e-02
5.180214606346873751e-02
6.333444107819458102e-02
7.591310414223517711e-02
8.968905699709665835e-02
1.048069502663934310e-01
1.214030534097467751e-01
1.396027051315295031e-01
1.595172957291620397e-01
1.812407740753676222e-01
2.048456817298778543e-01
2.303787450684558757e-01
2.578560714963040734e-01
2.872580315572216825e-01
3.185239417658206618e-01
3.515466887907928162e-01
3.861674828589818365e-01
4.221709579739150175e-01
4.592808787020801753e-01
4.971567371437002891e-01
5.353915668444616527e-01
5.735112473065101524e-01
6.109757494700291947e-01
6.471824819173621623e-01
6.814721215888721595e-01
7.131371119976225303e-01
7.414329576069071948e-01
7.655923527824235464e-01
7.848420833226937843e-01
7.984223131303614940e-01
8.056080508858866063e-01
8.057320694048325516e-01
7.982086107140312636e-01
7.825570068123735012e-01
7.584242243624019775e-01
7.256053056206918095e-01
6.840606383455916095e-01
6.339290405377547843e-01
5.755357606800378667e-01
5.093946612184401257e-01
4.362040903880436971e-01
3.568362216473239812e-01
2.723199634078246056e-01
1.838178575773398993e-01
9.259771243130719698e-02
1.211519918371925816e-15
3.578436452735885259e-15
-3.898255900583410538e-01
-7.743320705487576339e-01
-1.148334924404116331e+00
-1.506913539463069274e+00
-1.845530252151001305e+00
-2.160134696972116686e+00
-2.447249831708015133e+00
-2.704036963300716856e+00
-2.928338191765265552e+00
-3.118695767445384792e+00
-3.274348953020299380e+00
-3.395209928213271500e+00
-3.481821114660994976e+00
-3.535296908864204113e+00
-3.557253232280905397e+00
-3.549728543557102434e+00
-3.515099908275777452e+00
-3.455997582300647686e+00
-3.375221220767079533e+00
-3.275660397639973187e+00
-3.160221583677031543e+00
-3.031763222057096474e+00
-2.893039963742288112e+00
-2.746656613111204237e+00
-2.595031956234324699e+00
-2.440372093798689690e+00
-2.284652690134021391e+00
-2.129609439998393583e+00
-1.976735487773232380e+00
-1.827285016654748517e+00
-1.682281631841923364e+00
-1.542530691420643585e+00
-1.408634252528466302e+00
-1.281008217890881040e+00
-1.159900122342712336e+00
-1.045407577941187993e+00
-9.374963438822108142e-01
-8.360177947965327094e-01
-7.407252869213076796e-01
-6.512892960671584630e-01
-5.673111206847450960e-01
-4.883350970269986213e-01
-4.138593080217974340e-01
-3.433448510737674431e-01
-2.762237389194857617e-01
-2.119055754156001226e-01
-1.497831537222969467e-01
-8.923715083147801264e-02
-2.964010775611473567e-02
2.964010779385697208e-02
8.923715087584645211e-02
1.497831537937614199e-01
2.119055754158664651e-01
2.762237390536161907e-01
3.433448511855436425e-01
4.138593081303365007e-01
4.883350966195631471e-01
5.673111209490244722e-01
6.512892959091576284e-01
7.407252867688680631e-01
8.360177944726642218e-01
9.374963428439236912e-01
1.045407577618555628e+00
1.159900122331702255e+00
1.281008217673615945e+00
1.408634252540750920e+00
1.542530693204703152e+00
1.682281632340514976e+00
1.827285016332691692e+00
1.976735497839683386e+00
2.129609440077112836e+00
2.284652690284888710e+00
2.440372093843514723e+00
2.595031956269015616e+00
2.746656613307692840e+00
2.893039963649747470e+00
3.031763221768832839e+00
3.160221583642076393e+00
3.275660396984043210e+00
3.375221220801410738e+00
3.455997582225322606e+00
3.515099908267158124e+00
3.549728543725573005e+00
3.557253231253951764e+00
3.535296908332605792e+00
3.481821114953234098e+00
3.395209927580693066e+00
3.274348953086881231e+00
3.118695767041189448e+00
2.928338191898143705e+00
2.704036963259728310e+00
2.447249831320807534e+00
2.160134697170034368e+00
1.845530252041025054e+00
1.506913539550133629e+00
1.148334924222633946e+00
7.743320704529881304e-01
3.898255900152144959e-01
5.086286219393661740e-15
7.751291515313954316e-15
-8.465762507108727242e-01
-1.682557172801296241e+00
-2.497597700940009879e+00
-3.281844015915594159e+00
-4.026156453100356636e+00
-4.722306486783271140e+00
-5.363141265993009554e+00
-5.942710815231531107e+00
-6.456354819598068673e+00
-6.900747817336126744e+00
-7.273903449715088065e+00
-7.575140149158933411e+00
-7.805012065973598645e+00
-7.965210230909531397e+00
-8.058439765328969884e+00
-8.088279342083440682e+00
-8.059029336377921737e+00
-7.975554807120412981e+00
-7.843128929242409342e+00
-7.667282060367623053e+00
-7.453660460777436825e+00
-7.207898037123270818e+00
-6.935503476195766126e+00
-6.641764179758656184e+00
-6.331667634471811468e+00
-6.009840136280346634e+00
-5.680502130953586359e+00
-5.347439004177775956e+00
-5.013985703200633637e+00
-4.683023576995888781e+00
-4.356987354802011048e+00
-4.037880570447700990e+00
-3.727297399764541108e+00
-3.426449345766819032e+00
-3.136195123723120037e+00
-2.857072391099500841e+00
-2.589330224693279447e+00
-2.332961261433930567e+00
-2.087732830124131134e+00
-1.853216527888080556e+00
-1.628815790710934630e+00
-1.413791194927764394e+00
-1.207283427129372866e+00
-1.008333912252207254e+00
-8.159031685778601606e-01
-6.288870873059286826e-01
-4.461313575500550632e-01
-2.664443125291729997e-01
-8.860852381448668103e-02
8.860852384386536107e-02
2.664443125076976226e-01
4.461313576779984968e-01
6.288870875917103032e-01
8.159031684871859147e-01
1.008333912289071765e+00
1.207283427864182190e+00
1.413791194969746812e+00
1.628815792288556219e+00
1.853216529061794571e+00
2.087732830113827376e+00
2.332961261542755960e+00
2.589330225375540362e+00
2.857072392343361411e+00
3.136195124370010578e+00
3.426449346881390134e+00
3.727297399336314321e+00
4.037880574225537700e+00
4.356987352273447023e+00
4.683023576948516009e+00
5.013985703196099486e+00
5.347439004418497177e+00
5.680502133171348333e+00
6.009840137525877424e+00
6.331667634758302299e+00
6.641764178840673161e+00
6.935503471908434747e+00
7.207898036754696314e+00
7.453660460191052550e+00
7.667282061963841322e+00
7.843128930150414568e+00
7.975554806576394817e+00
8.059029339412933979e+00
8.088279343390563980e+00
8.058439765923102627e+00
7.965210230994531848e+00
7.805012064981561970e+00
7.575140148083411518e+00
7.273903449599395721e+00
6.900747816625004027e+00
6.456354820188590971e+00
5.942710815733574847e+00
5.363141266110085681e+00
4.722306487087141846e+00
4.026156453489854847e+00
3.281844015341659926e+00
2.497597700779917940e+00
1.682557172993127237e+00
8.465762507141467719e-01
1.102523756445852243e-14
1.315860912640882315e-14
-1.439615707335845762e+00
-2.862751931573133568e+00
-4.253289554430097041e+00
-5.595817667703594900e+00
-6.875956998690858413e+00
-8.080648209798640735e+00
-9.198396081977257666e+00
-1.021946265521271791e+01
-1.113600477155894097e+01
-1.194215393038762052e+01
-1.263403877007035625e+01
-1.320975279897070109e+01
-1.366927201477645504e+01
-1.401432861459790935e+01
-1.424824826575552095e+01
-1.437575921743574980e+01
-1.440278169874583725e+01
-1.433620610155036523e+01
-1.418366797952460168e+01
-1.395332686761985919e+01
-1.365365535714876799e+01
-1.329324361395669207e+01
-1.288062266510665665e+01
-1.242410984462642531e+01
-1.193167796432588723e+01
-1.141084744550658492e+01
-1.086860342644915534e+01
-1.031133428095357552e+01
-9.744791439739382000e+00
-9.174067850751784547e+00
-8.603592841833290095e+00
-8.037140825055423932e+00
-7.477851494620352035e+00
-6.928259077453902570e+00
-6.390328012284224535e+00
-5.865493773194484284e+00
-5.354706382906310402e+00
-4.858475477894798722e+00
-4.376915190884458795e+00
-3.909788536771225953e+00
-3.456549939899602020e+00
-3.016385419232974652e+00
-2.588250838853455527e+00
-2.170906685132502290e+00
-1.762950788801488589e+00
-1.362848172084007992e+00
-9.689586742371268935e-01
-5.795625261450949584e-01
-1.928843071677904530e-01
1.928843071500875306e-01
5.795625262346086881e-01
9.689586742046245593e-01
1.362848172467924224e+00
1.762950788862022167e+00
2.170906684825768096e+00
2.588250838661734665e+00
3.016385419357354269e+00
3.456549942100594297e+00
3.909788535385688935e+00
4.376915190314126569e+00
4.858475476493765655e+00
5.354706382829313327e+00
5.865493772996280164e+00
6.390328011457758528e+00
6.928259078262395398e+00
7.477851493229563218e+00
8.037140825561962743e+00
8.603592840426530941e+00
9.174067851932266038e+00
9.744791438223652236e+00
1.031133427714891759e+01
1.086860342631613108e+01
1.141084744506493642e+01
1.193167796580005913e+01
1.242410984325701584e+01
1.288062266345902884e+01
1.329324361620920314e+01
1.365365536044449968e+01
1.395332686811670087e+01
1.418366798345124202e+01
1.433620610117341165e+01
1.440278169828454757e+01
1.437575921752436514e+01
1.424824826541764544e+01
1.401432861294352428e+01
1.366927201592639030e+01
1.320975279908644673e+01
1.263403876885985078e+01
1.194215393113320012e+01
1.113600477106678532e+01
1.021946265397697928e+01
9.198396082137858087e+00
8.080648210640468676e+00
6.875956998619439986e+00
5.595817667804598550e+00
4.253289554417357898e+00
2.862751931654209159e+00
1.439615707419652724e+00
1.872500611527930099e-14
1.924297453691487184e-14
-2.107670539783718322e+00
-4.193375647819058472e+00
-6.235590263116109533e+00
-8.213655859457373865e+00
-1.010817895509856967e+01
-1.190138939710556265e+01
-1.357744849876685223e+01
-1.512269822284440046e+01
-1.652584608193066629e+01
-1.777808260442528976e+01
-1.887313109735224614e+01
-1.980723176567770949e+01
-2.057906491404515137e+01
-2.118961945898145771e+01
-2.164201478576438475e+01
-2.194128488084747985e+01
-2.209413425944795861e+01
-2.210867546050190668e+01
-2.199415699659958179e+01
-2.176069103831966345e+01
-2.141898810989503232e+01
-2.098010546172249491e+01
-2.045521463018248554e+01
-1.985539181745145498e+01
-1.919143453887563666e+01
-1.847370506790209532e+01
-1.771200207690889528e+01
-1.691545940871069931e+01
-1.609247096250542697e+01
-1.525063955624349177e+01
-1.439674794575969585e+01
-1.353674883346181090e+01
-1.267577154516659022e+01
-1.181814245088702364e+01
-1.096741663183942528e+01
-1.012641802540085223e+01
-9.297286146420089992e+00
-8.481526952357409499e+00
-7.680066581218132349e+00
-6.893305803907935569e+00
-6.121174973885390891e+00
-5.363187717081848938e+00
-4.618492951303585059e+00
-3.885925367432128130e+00
-3.164053175087232717e+00
-2.451223835382521976e+00
-1.745607569318701202e+00
-1.045238941307602198e+00
-3.480568244083382945e-01
3.480568243451934163e-01
1.045238941111902520e+00
1.745607569486691935e+00
2.451223835019987085e+00
3.164053175595851197e+00
3.885925367273929787e+00
4.618492951989441764e+00
5.363187716858373477e+00
6.121174973447859102e+00
6.893305803653567487e+00
7.680066580910413165e+00
8.481526953287227499e+00
9.297286146866026613e+00
1.012641802506729860e+01
1.096741663025847657e+01
1.181814245321140966e+01
1.267577154466603595e+01
1.353674883625476966e+01
1.439674794598332497e+01
1.525063955522411341e+01
1.609247093426982289e+01
1.691545940830567929e+01
1.771200207546580785e+01
1.847370506829051706e+01
1.919143453852348458e+01
1.985539181902503714e+01
2.045521460423184124e+01
2.098010546149956568e+01
2.141898810988595159e+01
2.176069103859990150e+01
2.199415699526463897e+01
2.210867546063696665e+01
2.209413425947160903e+01
2.194128484950337565e+01
2.164201478472711671e+01
2.118961945861584795e+01
2.057906491283965167e+01
1.980723176866889546e+01
1.887313111541945787e+01
1.777808260418897746e+01
1.652584608255522980e+01
1.512269822343603209e+01
1.357744849840819157e+01
1.190138939743116353e+01
1.010817895469645222e+01
8.213655859410264881e+00
6.235590251444441456e+00
4.193375647753118329e+00
2.107670539638714313e+00
2.739106102186165694e-14
2.526703462256590878e-14
-2.769523394515509107e+00
-5.512917219496296539e+00
-8.204526743346891138e+00
-1.081963286263104784e+01
-1.333488538436820647e+01
-1.572869658191472908e+01
-1.798158402618575380e+01
-2.007645501694757328e+01
-2.199882525559062785e+01
-2.373696880329801573e+01
-2.528199858116489551e+01
-2.662787679213890257e+01
-2.777136200010689393e+01
-2.871189559775070421e+01
-2.945143647917658214e+01
-2.999425142116854559e+01
-3.034667100210876356e+01
-3.051682013312629138e+01
-3.051433253397356893e+01
-3.035005917846978463e+01
-3.003577586111034137e+01
-2.958390262785188796e+01
-2.900723555421032174e+01
-2.831870014886904841e+01
-2.753112718300580397e+01
-2.665705597625351686e+01
-2.570856509953435065e+01
-2.469713167358474237e+01
-2.363351797662637921e+01
-2.252768591104771190e+01
-2.138873535416184879e+01
-2.022486658508144686e+01
-1.904336233839448411e+01
-1.785058816235782331e+01
-1.665200829642274272e+01
-1.545221391830682656e+01
-1.425496191924874623e+01
-1.306322169316839776e+01
-1.187922797815721410e+01
-1.070453793211874505e+01
-9.540091017043254240e+00
-8.386270470367433560e+00
-7.242965045694017334e+00
-6.109630890290353555e+00
-4.985352480570019118e+00
-3.868902608752456729e+00
-2.758801174300932413e+00
-1.653372819740593469e+00
-5.508035366725544391e-01
5.508035365831288610e-01
1.653372819726079301e+00
2.758801173856850752e+00
3.868902609174341034e+00
4.985352481239512912e+00
6.109630891261602414e+00
7.242965044189368484e+00
8.386270466309143856e+00
9.540091017543662844e+00
1.070453793555038402e+01
1.187922798040974115e+01
1.306322169666893984e+01
1.425496188337991832e+01
1.545221391338370154e+01
1.665200829034250418e+01
1.785058816082173649e+01
1.904336234091170965e+01
2.022486661871933578e+01
2.138873535750665766e+01
2.252768591236461404e+01
2.363351797657932352e+01
2.469713167494440498e+01
2.570856510213357637e+01
2.665705597859819065e+01
2.753112713807330181e+01
2.831870015942103791e+01
2.900723555222431216e+01
2.958390262211439747e+01
3.003577570324054591e+01
3.035005917603212211e+01
3.051433269679019489e+01
3.051681998285507547e+01
3.034667084330329700e+01
2.999425126507425432e+01
2.945143650971186489e+01
2.871189559514387568e+01
2.777136199946778206e+01
2.662787678938359193e+01
2.528199858017178414e+01
2.373696880354238914e+01
2.199882525499385011e+01
2.007645493732021080e+01
1.798158402624072849e+01
1.572869658189444664e+01
1.333488538451453387e+01
1.081963286342828034e+01
8.204526743445622827e+00
5.512917219424831039e+00
2.769523394443481390e+00
3.597201989742143729e-14
3.054070956174832413e-14
-3.349080235261812089e+00
-6.669730283826829087e+00
-9.933981972374436253e+00
-1.311477876200959969e+01
-1.618640104587089112e+01
-1.912485615041258669e+01
-2.190822341411407592e+01
-2.451694637137671151e+01
-2.693406603489441409e+01
-2.914539135606529996e+01
-3.113960510241292567e+01
-3.290830543254430296e+01
-3.444598557396191296e+01
-3.574995570023664015e+01
-3.682021254426012291e+01
-3.765926359344358332e+01
-3.827191359937557280e+01
-3.866502142503603068e+01
-3.884723567239262820e+01
-3.882871725407896690e+01
-3.862085670428098183e+01
-3.823599340616908648e+01
-3.768714300388680982e+01
-3.698773861513692651e+01
-3.615138998833411677e+01
-3.519166430248258592e+01
-3.412189077212076427e+01
-3.295499074591826627e+01
-3.170333370635555781e+01
-3.037861925133007190e+01
-2.899178408928800721e+01
-2.755293286396715047e+01
-2.607129116799586299e+01
-2.455517867722428704e+01
-2.301200037087060934e+01
-2.144825361838052658e+01
-1.986954891275754420e+01
-1.828064230523975553e+01
-1.668547655637444294e+01
-1.508723193985438726e+01
-1.348838059981806659e+01
-1.189074742631775905e+01
-1.029557349424669788e+01
-8.703582264118608691e+00
-7.115047099165490607e+00
-5.529859972039340654e+00
-3.947600632990541758e+00
-2.367605975330040025e+00
-7.890394575096966179e-01
7.890394575682485589e-01
2.367605975434640797e+00
3.947600633316416641e+00
5.529859970095961863e+00
7.115047098048567165e+00
8.703582265393986717e+00
1.029557349614916895e+01
1.189074742448890021e+01
1.348838059977662951e+01
1.508723193836912557e+01
1.668547655484629288e+01
1.828064230680297442e+01
1.986954891127220790e+01
2.144825361709184719e+01
2.301200036983926722e+01
2.455517867815458288e+01
2.607129116981162653e+01
2.755293286534727670e+01
2.899178408907199866e+01
3.037861925333167790e+01
3.170333370358110869e+01
3.295499074623185720e+01
3.412189076988506997e+01
3.519166430180361971e+01
3.615138999132223319e+01
3.698773861719256217e+01
3.768714300350616497e+01
3.823599339843460143e+01
3.862085670554576922e+01
3.882871725352711678e+01
3.884723567436653724e+01
3.866502142685378374e+01
3.827191360391648800e+01
3.765926359333870010e+01
3.682021254510577535e+01
3.574995570416902524e+01
3.444598557458337496e+01
3.290830543003222886e+01
3.113960510588109187e+01
2.914539135432769967e+01
2.693406603587514070e+01
2.451694636789337167e+01
2.190822341413108632e+01
1.912485615035920361e+01
1.618640104573326965e+01
1.311477876227136363e+01
9.933981972788199499e+00
6.669730283138433080e+00
3.349080235434501951e+00
4.348379292470012160e-14
3.459562010643446887e-14
-3.794637169816211131e+00
-7.560472667978517691e+00
-1.126911645123002437e+01
-1.489299186689246746e+01
-1.840571801927368156e+01
-2.178246385152842635e+01
-2.500026613034734169e+01
-2.803830455661590193e+01
-3.087812889887666401e+01
-3.350383428626682303e+01
-3.590218274253575004e+01
-3.806267027797466085e+01
-3.997754079208680622e+01
-4.164174915275548727e+01
-4.305287750380765743e+01
-4.421100899796194028e+01
-4.511856537741165596e+01
-4.578011351115322469e+01
-4.620214896984615649e+01
-4.639286156691239427e+01
-4.636189040548219964e+01
-4.612007438464851816e+01
-4.567920369506582290e+01
-4.505177758097623553e+01
-4.425077266637778450e+01
-4.328942563548927325e+01
-4.218103312542160666e+01
-4.093877103790313754e+01
-3.957553475847301172e+01
-3.810380102661513746e+01
-3.653551176178542903e+01
-3.488197946857464160e+01
-3.315381356843813165e+01
-3.136086651441309670e+01
-2.951219844150894289e+01
-2.761605877259863817e+01
-2.567988318549423354e+01
-2.371030431935933080e+01
-2.171317449961824408e+01
-1.969359889431848032e+01
-1.765597760376819281e+01
-1.560405526470768933e+01
-1.354097686830567504e+01
-1.146934870330866119e+01
-9.391303366535058927e+00
-7.308568012301879691e+00
-5.222535114135753886e+00
-3.134335084557920315e+00
-1.044910252068705692e+00
1.044910251964748404e+00
3.134335084485747380e+00
5.222535113645903948e+00
7.308568011860169911e+00
9.391303367582290562e+00
1.146934870406042073e+01
1.354097686864080252e+01
1.560405526364476536e+01
1.765597760413584183e+01
1.969359889345856374e+01
2.171317449951832046e+01
2.371030432116674547e+01
2.567988318448621499e+01
2.761605877433719769e+01
2.951219844444196738e+01
3.136086651272561454e+01
3.315381356793907486e+01
3.488197946424807583e+01
3.653551175409101148e+01
3.810380101972288713e+01
3.957553475430227508e+01
4.093877104191507499e+01
4.218103312360401702e+01
4.328942563531651189e+01
4.425077266520531794e+01
4.505177758259039678e+01
4.567920369351958954e+01
4.612007438139379900e+01
4.636189040546718587e+01
4.639286156577199449e+01
4.620214897016061428e+01
4.578011351411631580e+01
4.511856538032647279e+01
4.421100900149968993e+01
4.305287750127710922e+01
4.164174915900664331e+01
3.997754077936381378e+01
3.806267028467006241e+01
3.590218274617071614e+01
3.350383431277431612e+01
3.087812886455704842e+01
2.803830455759010931e+01
2.500026613230539851e+01
2.178246385192796808e+01
1.840571801917728934e+01
1.489299186777237871e+01
1.126911645069409396e+01
7.560472667941287916e+00
3.794637169630532103e+00
4.925842477429416213e-14
3.724565716593341253e-14
-4.085595991552570361e+00
-8.143639024637399970e+00
-1.214691498987215112e+01
-1.606888036375941908e+01
-1.988397988459255572e+01
-2.356794378926982603e+01
-2.709805866509928407e+01
-3.045340685616272580e+01
-3.361507040572228533e+01
-3.656629621191805057e+01
-3.929262054765765555e+01
-4.178195192242922218e+01
-4.402461229013961486e+01
-4.601333803802764066e+01
-4.774324253156698461e+01
-4.921174334475227141e+01
-5.041845758431484370e+01
-5.136506943802417169e+01
-5.205517455694985074e+01
-5.249410569878128996e+01
-5.268874467564080533e+01
-5.264732508492983243e+01
-5.237923038008424470e+01
-5.189479165319417575e+01
-5.120508862478543932e+01
-5.032175761625995847e+01
-4.925680910299137594e+01
-4.802245748537043823e+01
-4.663096488411797935e+01
-4.509450035757012643e+01
-4.342501556178422106e+01
-4.163413739918394185e+01
-3.973307763838730011e+01
-3.773255956639760456e+01
-3.564276098412177163e+01
-3.347327284921856005e+01
-3.123307287947679356e+01
-2.893051287009017614e+01
-2.657331873349146534e+01
-2.416860203952595754e+01
-2.172288204463584194e+01
-1.924211674135569083e+01
-1.673174215998020387e+01
-1.419671855276231476e+01
-1.164158257165714616e+01
-9.070504463588280331e+00
-6.487349324112508420e+00
-3.895741659965135550e+00
-1.299132391425351196e+00
1.299132391813578868e+00
3.895741659536199109e+00
6.487349324125614380e+00
9.070504461236568616e+00
1.164158257344189629e+01
1.419671855241921854e+01
1.673174216036348128e+01
1.924211674195188948e+01
2.172288204927136235e+01
2.416860205061659883e+01
2.657331873322645777e+01
2.893051287390933268e+01
3.123307287655586606e+01
3.347327283866241743e+01
3.564276098326368469e+01
3.773255957837343999e+01
3.973307763662311487e+01
4.163413740376749672e+01
4.342501556938756835e+01
4.509450036109215176e+01
4.663096488052310917e+01
4.802245748554778260e+01
4.925680909088787018e+01
5.032175760379226404e+01
5.120508861796930944e+01
5.189479164725609195e+01
5.237923038820588317e+01
5.264732508094218844e+01
5.268874467652290150e+01
5.249410569526608583e+01
5.205517455361488288e+01
5.136506943587885843e+01
5.041845757817367257e+01
4.921174334528652849e+01
4.774324252694777471e+01
4.601333803381343301e+01
4.402461229117389507e+01
4.178195192301068062e+01
3.929262054874725152e+01
3.656629621132624663e+01
3.361507040107675692e+01
3.045340685478237219e+01
2.709805866145368469e+01
2.356794379310145615e+01
1.988397988591131593e+01
1.606888035916325563e+01
1.214691499199318336e+01
8.143639024716796015e+00
4.085595990823699175e+00
5.303051462894112099e-14
3.854656569821475127e-14
-4.228034159569941330e+00
-8.430890550984452503e+00
-1.258364983202418053e+01
-1.666190488601882080e+01
-2.064200552643102782e+01
-2.450128978800568191e+01
-2.821829800471357075e+01
-3.177296607416466045e+01
-3.514679514385666437e+01
-3.832299520446294849e+01
-4.128660094737627873e+01
-4.402455896798796431e+01
-4.652578564870293576e+01
-4.878119618675560076e+01
-5.078370556699249505e+01
-5.252820274323441652e+01
-5.401150011844083565e+01
-5.523226042001449088e+01
-5.619090371026256747e+01
-5.688949735253446249e+01
-5.733163194183081401e+01
-5.752228626764181030e+01
-5.746768439290152486e+01
-5.717514795223512181e+01
-5.665294628392857845e+01
-5.591014732858491953e+01
-5.495647153926962858e+01
-5.380215108127524104e+01
-5.245779607415313706e+01
-5.093426954344456448e+01
-4.924257230502947635e+01
-4.739373886851393536e+01
-4.539874483456019760e+01
-4.326842647351029569e+01
-4.101341243110166346e+01
-3.864406782636969950e+01
-3.617045027507141697e+01
-3.360227751960216835e+01
-3.094890623729435220e+01
-2.821932143577163998e+01
-2.542213547060664780e+01
-2.256559625122558543e+01
-1.965760361729633487e+01
-1.670573299373294063e+01
-1.371726564691430816e+01
-1.069922449551454413e+01
-7.658414660771367011e+00
-4.601467878420050006e+00
-1.534889910923241896e+00
1.534889910726343842e+00
4.601467877789011673e+00
7.658414661546942170e+00
1.069922449600422176e+01
1.371726564639551604e+01
1.670573299239828913e+01
1.965760361840910164e+01
2.256559625662399426e+01
2.542213546968244131e+01
2.821932143570534635e+01
3.094890623999716084e+01
3.360227751108208594e+01
3.617045027269985980e+01
3.864406783051757799e+01
4.101341243045523299e+01
4.326842647926928720e+01
4.539874484973861968e+01
4.739373887774982563e+01
4.924257230387453177e+01
5.093426953210096997e+01
5.245779607182153370e+01
5.380215108419335479e+01
5.495647153730743639e+01
5.591014732058625469e+01
5.665294628974930902e+01
5.717514795402438921e+01
5.746768440809126588e+01
5.752228626654947874e+01
5.733163195243557198e+01
5.688949735597508806e+01
5.619090370884608632e+01
5.523226042285639892e+01
5.401150011733368217e+01
5.252820274167401493e+01
5.078370556198505881e+01
4.878119617974988387e+01
4.652578564097148472e+01
4.402455896499073873e+01
4.128660094555930016e+01
3.832299520249228664e+01
3.514679514898759294e+01
3.177296607770331249e+01
2.821829800273206246e+01
2.450128978494337773e+01
2.064200552238392561e+01
1.666190488698072514e+01
1.258364983148360672e+01
8.430890550719421839e+00
4.228034158884372395e+00
5.487958099623753270e-14
3.870633733262646647e-14
-4.244835935933549464e+00
-8.467489211228469870e+00
-1.264595848870259154e+01
-1.675860248355783355e+01
-2.078431352966424583e+01
-2.470268356502095841e+01
-2.849416040782270088e+01
-3.214019135993918752e+01
-3.562335457859090582e+01
-3.892747343679653937e+01
-4.203771641404993886e+01
-4.494067710338173072e+01
-4.762443857930617241e+01
-5.007861860010830668e+01
-5.229439695440184011e+01
-5.426452527326534181e+01
-5.598331995718220355e+01
-5.744663923132563355e+01
-5.865184547166654028e+01
-5.959775421567450593e+01
-6.028457143552051178e+01
-6.071382063534677798e+01
-6.088826155182710664e+01
-6.081180214907713832e+01
-6.048940572491163437e+01
-5.992699472670985017e+01
-5.913135301711677982e+01
-5.811002800227306864e+01
-5.687123424565616858e+01
-5.542375956668803383e+01
-5.377687509015154887e+01
-5.194025003569696253e+01
-4.992387203833589382e+01
-4.773797394739412425e+01
-4.539296733845863940e+01
-4.289938349990481470e+01
-4.026782052574519355e+01
-3.750890038465612264e+01
-3.463323187382190582e+01
-3.165137995683710059e+01
-2.857384424567418080e+01
-2.541104299921785170e+01
-2.217330368771740368e+01
-1.887085932425392087e+01
-1.551385006517373277e+01
-1.211232940301858996e+01
-8.676274412687135396e+00
-5.215599238439267538e+00
-1.740171203922998400e+00
1.740171203822394430e+00
5.215599238085093958e+00
8.676274412427266824e+00
1.211232940295026950e+01
1.551385006393001476e+01
1.887085932853265291e+01
2.217330368988048050e+01
2.541104299621460072e+01
2.857384424411717561e+01
3.165137996078780702e+01
3.463323187313333307e+01
3.750890038187252884e+01
4.026782052592928807e+01
4.289938349119763927e+01
4.539296733568657771e+01
4.773797394460348187e+01
4.992387203763320258e+01
5.194025003571609034e+01
5.377687510371045931e+01
5.542375956412265481e+01
5.687123425320449854e+01
5.811002800910279831e+01
5.913135301449720771e+01
5.992699473359221685e+01
6.048940572680783134e+01
6.081180214917391424e+01
6.088826155652225225e+01
6.071382063847232757e+01
6.028457143657322348e+01
5.959775421771291093e+01
5.865184547392281900e+01
5.744663923649682857e+01
5.598331995842555386e+01
5.426452526725314129e+01
5.229439695179696201e+01
5.007861859737136001e+01
4.762443857359729549e+01
4.494067709531378796e+01
4.203771641053319286e+01
3.892747366523600761e+01
3.562335458089066975e+01
3.214019136286551515e+01
2.849416041182226422e+01
2.470268356567556722e+01
2.078431353081049338e+01
1.675860248320548607e+01
1.264595849042536990e+01
8.467489211218575562e+00
4.244835936436781587e+00
5.510225746453833632e-14
3.799498105598422484e-14
-4.165743397833810313e+00
-8.312503280867451494e+00
-1.242141007659081531e+01
-1.647382096267844531e+01
-2.045143042111395104e+01
-2.433637746108857769e+01
-2.811134848131317909e+01
-3.175967481007365123e+01
-3.526542405515851186e+01
-3.861348447579453591e+01
-4.178964171159640273e+01
-4.478064730490316236e+01
-4.757427857878126076e+01
-5.015938956322474240e+01
-5.252595278075477836e+01
-5.466509181529190897e+01
-5.656910474457581728e+01
-5.823147857938808869e+01
-5.964689501493696611e+01
-6.081122784997851483e+01
-6.172153255276300143e+01
-6.237602850114720354e+01
-6.277407451557694884e+01
-6.291613831941415214e+01
-6.280376064279334969e+01
-6.243951465428418146e+01
-6.182696147798857567e+01
-6.097060250244771851e+01
-5.987582920273410281e+01
-5.854887116114126400e+01
-5.699674295387934109e+01
-5.522719051130533074e+01
-5.324863752948680684e+01
-5.107013244490720894e+01
-4.870129642575534490e+01
-4.615227278279693479e+01
-4.343367812267450034e+01
-4.055655551546654891e+01
-3.753232986583297759e+01
-3.437276563319108647e+01
-3.108992696320191129e+01
-2.769614024707891886e+01
-2.420395906061638058e+01
-2.062613138027110793e+01
-1.697556893654471466e+01
-1.326531850089725495e+01
-9.508534883978478902e+00
-5.718455377012518603e+00
-1.908375344576654031e+00
1.908375344571869858e+00
5.718455377019935781e+00
9.508534883984500752e+00
1.326531850081343045e+01
1.697556893654217802e+01
2.062613138039360194e+01
2.420395906042914547e+01
2.769614024729217761e+01
3.108992696305768888e+01
3.437276563308530086e+01
3.753232986598367660e+01
4.055655551531414460e+01
4.343367812241276482e+01
4.615227278260710619e+01
4.870129642550005400e+01
5.107013244470202551e+01
5.324863752933173799e+01
5.522719051124600753e+01
5.699674295392847512e+01
5.854887116097164323e+01
5.987582920292319244e+01
6.097060250261818481e+01
6.182696147814982623e+01
6.243951465381380928e+01
6.280376064303214889e+01
6.291613832025707609e+01
6.277407451492197055e+01
6.237602850144627098e+01
6.172153255267239302e+01
6.081122785019482535e+01
5.964689501479210776e+01
5.823147857973793862e+01
5.656910474448182669e+01
5.466509181587316135e+01
5.252595278043056481e+01
5.015938956303340746e+01
4.757427857848380626e+01
4.478064730519140113e+01
4.178964171235266178e+01
3.861348447573993781e+01
3.526542405471099784e+01
3.175967481007361570e+01
2.811134848117113094e+01
2.433637746123749324e+01
2.045143042110482057e+01
1.647382096251224581e+01
1.242141007662875829e+01
8.312503280805151107e+00
4.165743397833392869e+00
5.408360164953791208e-14
3.667934974882958282e-14
-4.020164552322521345e+00
-8.024459252696873435e+00
-1.199707307777349996e+01
-1.592231250456492297e+01
-1.978465986941091970e+01
-2.356883125155590619e+01
-2.725983372628605750e+01
-3.084302182149565397e+01
-3.430415301373269443e+01
-3.762944209600365753e+01
-4.080561424657494030e+01
-4.381995662034352534e+01
-4.666036829268028896e+01
-4.931540836892551738e+01
-5.177434208193300691e+01
-5.402718468296064458e+01
-5.606474295435082666e+01
-5.787865414448081225e+01
-5.946142214666559056e+01
-6.080645072982477473e+01
-6.190807365098224579e+01
-6.276158146121681369e+01
-6.336324483929136164e+01
-6.371033429185582975e+01
-6.380113606466319709e+01
-6.363496411592387147e+01
-6.321216803380569615e+01
-6.253413677791382952e+01
-6.160329814070996690e+01
-6.042311386243095939e+01
-5.899807032242119931e+01
-5.733366479198614485e+01
-5.543638720380131701e+01
-5.331369748020092914e+01
-5.097399842329890163e+01
-4.842660425043312955e+01
-4.568170484871907178e+01
-4.275032587364078296e+01
-3.964428481640375423e+01
-3.637614322868282102e+01
-3.295915528032504938e+01
-2.940721288759711172e+01
-2.573478763915353085e+01
-2.195686980116803255e+01
-1.808890468649653016e+01
-1.414672669369104163e+01
-1.014649134922101048e+01
-6.104605689441656935e+00
-2.037657340472557976e+00
2.037657340492445623e+00
6.104605689490541387e+00
1.014649134917490159e+01
1.414672669364668955e+01
1.808890468655311068e+01
2.195686980129864807e+01
2.573478763911119671e+01
2.940721288774363984e+01
3.295915528058061739e+01
3.637614322814238221e+01
3.964428481627540179e+01
4.275032587366862202e+01
4.568170484866152492e+01
4.842660424990382495e+01
5.097399842334081654e+01
5.331369748025407063e+01
5.543638720380282336e+01
5.733366479182396347e+01
5.899807032229748671e+01
6.042311386256556460e+01
6.160329814110265545e+01
6.253413677781806967e+01
6.321216803396761463e+01
6.363496411540419473e+01
6.380113606447175556e+01
6.371033429165059658e+01
6.336324483901604765e+01
6.276158146137342442e+01
6.190807365094920556e+01
6.080645072975963217e+01
5.946142214683210625e+01
5.787865414474033798e+01
5.606474295474242808e+01
5.402718468321393175e+01
5.177434208221009015e+01
4.931540836926195226e+01
4.666036829251380880e+01
4.381995662031626182e+01
4.080561424693618733e+01
3.762944209610144242e+01
3.430415301351888502e+01
3.084302182139170512e+01
2.725983372631910839e+01
2.356883125137044388e+01
1.978465986955712808e+01
1.592231250481190230e+01
1.199707307766544773e+01
8.024459252663074693e+00
4.020164552327015528e+00
5.220414408137339377e-14
3.498761462189167713e-14
-3.833249681139462961e+00
-7.653486260106451944e+00
-1.144771263389698746e+01
-1.520296412997169000e+01
-1.890632579562188553e+01
-2.254495095650903380e+01
-2.610608143792716263e+01
-2.957706980982428391e+01
-3.294540399452567669e+01
-3.619873451836743783e+01
-3.932490466072906088e+01
-4.231198369555669103e+01
-4.514830334719275839e+01
-4.782249755229777577e+01
-5.032354551574368173e+01
-5.264081799887085822e+01
-5.476412670346787337e+01
-5.668377651565116793e+01
-5.839062032608711661e+01
-5.987611602315561043e+01
-6.113238522412126486e+01
-6.215227319717183008e+01
-6.292940934585284651e+01
-6.345826761559693097e+01
-6.373422604787016610e+01
-6.375362471502824491e+01
-6.351382118544570687e+01
-6.301324266442939859e+01
-6.225143393023671479e+01
-6.122910016883140827e+01
-5.994814383936508051e+01
-5.841169473299340353e+01
-5.662413240601152609e+01
-5.459110026095029866e+01
-5.231951060670306219e+01
-4.981754012878168680e+01
-4.709461531516407007e+01
-4.416138748769256495e+01
-4.102969724401197027e+01
-3.771252824460658104e+01
-3.422395043239891521e+01
-3.057905292631260608e+01
-2.679386698984800219e+01
-2.288527962364081603e+01
-1.887093848217320158e+01
-1.476914895352023471e+01
-1.059876437385369030e+01
-6.379070453643814531e+00
-2.129665101265215910e+00
2.129665101266636551e+00
6.379070453695341314e+00
1.059876437391355353e+01
1.476914895354159896e+01
1.887093848195315715e+01
2.288527962380788949e+01
2.679386699004639993e+01
3.057905292622795912e+01
3.422395043241331081e+01
3.771252824468595577e+01
4.102969724386521477e+01
4.416138748731847841e+01
4.709461531503801268e+01
4.981754012887117256e+01
5.231951060646316165e+01
5.459110026124111670e+01
5.662413240625060240e+01
5.841169473335997964e+01
5.994814383948702385e+01
6.122910016897320418e+01
6.225143393081047805e+01
6.301324266468038360e+01
6.351382118533263110e+01
6.375362471555605026e+01
6.373422604804471803e+01
6.345826761530504712e+01
6.292940934577990930e+01
6.215227319737019940e+01
6.113238522464317981e+01
5.987611602384338738e+01
5.839062032639048994e+01
5.668377651631290348e+01
5.476412670320988241e+01
5.264081799828031905e+01
5.032354551524994690e+01
4.782249755224568588e+01
4.514830334736483053e+01
4.231198369547388438e+01
3.932490466107491756e+01
3.619873451800838637e+01
3.294540399477597248e+01
2.957706981008882607e+01
2.610608143778658885e+01
2.254495095667765270e+01
1.890632579574787187e+01
1.520296413002451175e+01
1.144771263393606731e+01
7.653486260157632337e+00
3.833249681122068431e+00
4.978922594866160972e-14
3.309684167283098326e-14
-3.624516526534676597e+00
-7.238539115603941809e+00
-1.083155793292716140e+01
-1.439303208704565940e+01
-1.791237594201551175e+01
-2.137894762121332093e+01
-2.478204040688389043e+01
-2.811087771834799298e+01
-3.135461229557779106e+01
-3.450233024642434998e+01
-3.754306046103783956e+01
-4.046578993229477561e+01
-4.325948541513184153e+01
-4.591312179308742003e+01
-4.841571740535216151e+01
-5.075637654587080050e+01
-5.292433917736028093e+01
-5.490903781994400390e+01
-5.670016144038036288e+01
-5.828772601129142572e+01
-5.966215130915208675e+01
-6.081434329858942078e+01
-6.173578137545965205e+01
-6.241860953671445600e+01
-6.285573041035215169e+01
-6.304090094446164727e+01
-6.296882840514913227e+01
-6.263526523952992875e+01
-6.203710123292627543e+01
-6.117245134325182931e+01
-6.004073753130185054e+01
-5.864276289335185055e+01
-5.698077640875182226e+01
-5.505852670721417041e+01
-5.288130328013801318e+01
-5.045596377862202786e+01
-4.779094612314726476e+01
-4.489626442018776942e+01
-4.178348787217209548e+01
-3.846570216129881459e+01
-3.495745308927018158e+01
-3.127467248044180792e+01
-2.743458684412217963e+01
-2.345560942734465470e+01
-1.935721675281992304e+01
-1.515981097260726784e+01
-1.088456967726079938e+01
-6.553285067408223696e+00
-2.188194597617824311e+00
2.188194597612770131e+00
6.553285067350409498e+00
1.088456967726333602e+01
1.515981097271962774e+01
1.935721675328555591e+01
2.345560942719495756e+01
2.743458684432487971e+01
3.127467248037102010e+01
3.495745308930477080e+01
3.846570216091523520e+01
4.178348786718469654e+01
4.489626442085040736e+01
4.779094612332778524e+01
5.045596377830327128e+01
5.288130328000431746e+01
5.505852670662753923e+01
5.698077640911222375e+01
5.864276289266688025e+01
6.004073753117685897e+01
6.117245134262584116e+01
6.203710123339601523e+01
6.263526523986835315e+01
6.296882840530320635e+01
6.304090094440231695e+01
6.285573041049865139e+01
6.241860953654369837e+01
6.173578137621439055e+01
6.081434329839608921e+01
5.966215130924535259e+01
5.828772601155008459e+01
5.670016143889563409e+01
5.490903782033129943e+01
5.292433917739089821e+01
5.075637654513737118e+01
4.841571740487154329e+01
4.591312179279753991e+01
4.325948541571176520e+01
4.046578993213110920e+01
3.754306046083426196e+01
3.450233024651596736e+01
3.135461229515489023e+01
2.811087771806087332e+01
2.478204040696364174e+01
2.137894762090395773e+01
1.791237594169096425e+01
1.439303208659900335e+01
1.083155793283638246e+01
7.238539115735576956e+00
3.624516526467331801e+00
4.709128763838970739e-14
3.113450524605112363e-14
-3.408014333801160589e+00
-6.807696398060522291e+00
-1.019067518361033997e+01
-1.354850305304439040e+01
-1.687261955959882087e+01
-2.015431781990502103e+01
-2.338471428637505767e+01
-2.655472275390161840e+01
-2.965503342979693713e+01
-3.267609787315924308e+01
-3.560812057554237242e+01
-3.844105795535877945e+01
-4.116462542130519608e+01
-4.376831319946484200e+01
-4.624141143566975387e+01
-4.857304509027433426e+01
-5.075221895920537207e+01
-5.276787306308603576e+01
-5.460894849522156136e+01
-5.626446362695183723e+01
-5.772360041669940500e+01
-5.897580031719955684e+01
-6.001086910865235069e+01
-6.081908970046084306e+01
-6.139134175500304025e+01
-6.171922669745932666e+01
-6.179519649732610276e+01
-6.161268431140498336e+01
-6.116623495988351067e+01
-6.045163293265573401e+01
-5.946602556344783608e+01
-5.820803886164176078e+01
-5.667788344448567273e+01
-5.487744802213056516e+01
-5.281037797085761554e+01
-5.048213662288557657e+01
-4.790004712728476477e+01
-4.507331299362432020e+01
-4.201301574768734781e+01
-3.873208852375794464e+01
-3.524526484808480120e+01
-3.156900235492589246e+01
-2.772138166966465178e+01
-2.372198124071265113e+01
-1.959172940172268440e+01
-1.535273548332460081e+01
-1.102810226907866920e+01
-6.641722520863993395e+00
-2.218062698848596082e+00
2.218062698863823901e+00
6.641722520817872066e+00
1.102810226902948010e+01
1.535273548331300475e+01
1.959172940149862896e+01
2.372198124089085169e+01
2.772138166984919039e+01
3.156900235500579655e+01
3.524526484814452942e+01
3.873208852366758492e+01
4.201301574768420721e+01
4.507331299353435838e+01
4.790004712673805898e+01
5.048213662297826687e+01
5.281037797052540128e+01
5.487744802185962811e+01
5.667788344410422496e+01
5.820803886324053877e+01
5.946602556426824293e+01
6.045163293317704500e+01
6.116623496098994650e+01
6.161268431158365644e+01
6.179519649670146464e+01
6.171922669797274352e+01
6.139134175515832936e+01
6.081908969936769438e+01
6.001086910843638833e+01
5.897580031655728305e+01
5.772360041567819167e+01
5.626446362700492188e+01
5.460894849430012954e+01
5.276787306306385972e+01
5.075221895909432845e+01
4.857304509057378539e+01
4.624141143587802105e+01
4.376831319940812648e+01
4.116462542187212392e+01
3.844105795518662205e+01
3.560812057541823350e+01
3.267609787217771355e+01
2.965503343057087804e+01
2.655472275425985984e+01
2.338471428637401672e+01
2.015431781991918925e+01
1.687261955936403623e+01
1.354850305272548283e+01
1.019067518349020318e+01
6.807696398101398039e+00
3.408014333767276582e+00
4.429203476663538629e-14
2.918644135415124322e-14
-3.193199672182338134e+00
-6.379887184397897038e+00
-9.553495936562324431e+00
-1.270735129446424239e+01
-1.583461869632538921e+01
-1.892825431725250596e+01
-2.198095916978919107e+01
-2.498513751731004717e+01
-2.793286051413850402e+01
-3.081583596767304911e+01
-3.362538515847138143e+01
-3.635242761806468081e+01
-3.898747478500372665e+01
-4.152063339536901765e+01
-4.394161946630129023e+01
-4.623978361740813625e+01
-4.840414840763242665e+01
-5.042345825917354318e+01
-5.228624236915133139e+01
-5.398089083113570297e+01
-5.549574401732048301e+01
-5.681919496171832407e+01
-5.793980430125110814e+01
-5.884642695704807380e+01
-5.952834946523110204e+01
-5.997543652148645066e+01
-6.017828497644566710e+01
-6.012838315220350438e+01
-5.981827305001561967e+01
-5.924171273133084981e+01
-5.839383585021194989e+01
-5.727130513114769883e+01
-5.587245644948962564e+01
-5.419743004888245963e+01
-5.224828547549793711e+01
-5.002909689647147928e+01
-4.754602566300167155e+01
-4.480736727089352911e+01
-4.182357028041070635e+01
-3.860722523441542364e+01
-3.517302219572056998e+01
-3.153767615456019513e+01
-2.771982031050241702e+01
-2.373986785150484735e+01
-1.961984378648374872e+01
-1.538318895110786677e+01
-1.105453911939011036e+01
-6.659482766296265233e+00
-2.224301594542207106e+00
2.224301594550991634e+00
6.659482766284174460e+00
1.105453911938582934e+01
1.538318895105439665e+01
1.961984378649899341e+01
2.373986785140417766e+01
2.771982031061047991e+01
3.153767615473495667e+01
3.517302219547612907e+01
3.860722523460599831e+01
4.182357028001023025e+01
4.480736727049637835e+01
4.754602566266372321e+01
5.002909689666734749e+01
5.224828547512187527e+01
5.419743004854070278e+01
5.587245644949933876e+01
5.727130513081227292e+01
5.839383584977486663e+01
5.924171273134103188e+01
5.981827304989477057e+01
6.012838315238133191e+01
6.017828497724003256e+01
5.997543651981902713e+01
5.952834946518604653e+01
5.884642695798467571e+01
5.793980430175094654e+01
5.681919496098814903e+01
5.549574401830950166e+01
5.398089083223100459e+01
5.228624236941943337e+01
5.042345825985031382e+01
4.840414840779524752e+01
4.623978361743115073e+01
4.394161946703091104e+01
4.152063339555306243e+01
3.898747478465481464e+01
3.635242761898323494e+01
3.362538515779947801e+01
3.081583596732477304e+01
2.793286051422844807e+01
2.498513751787271175e+01
2.198095916967880115e+01
1.892825431732883601e+01
1.583461869589221038e+01
1.270735129449858825e+01
9.553495936705401093e+00
6.379887184486330298e+00
3.193199672195524919e+00
4.151378754547771848e-14
2.730649793437917540e-14
-2.986000431442759950e+00
-5.967001265864118054e+00
-8.937938207751287223e+00
-1.189361833760279730e+01
-1.482865773640643070e+01
-1.773742146544756793e+01
-2.061396672985530287e+01
-2.345199009344269570e+01
-2.624477964459112300e+01
-2.898517307154904543e+01
-3.166552262504910686e+01
-3.427766800192809171e+01
-3.681291819908792462e+01
-3.926204338971928820e+01
-4.161527791619869276e+01
-4.386233536940998334e+01
-4.599243678610081787e+01
-4.799435280682482841e+01
-4.985646055968419432e+01
-5.156681584505755467e+01
-5.311324100523434311e+01
-5.448342857598038336e+01
-5.566506053900847917e+01
-5.664594264892879494e+01
-5.741415292258331249e+01
-5.795820296020787055e+01
-5.826721034327689352e+01
-5.833107991891523625e+01
-5.814069130298161525e+01
-5.768808955223464352e+01
-5.696667552009179758e+01
-5.597139210708722601e+01
-5.469890233223593867e+01
-5.314775495830006946e+01
-5.131853335200294453e+01
-4.921398328119020249e+01
-4.683911551831324971e+01
-4.420127944905124195e+01
-4.131020428324190163e+01
-3.817800508322598319e+01
-3.481915149621998751e+01
-3.125039787638402800e+01
-2.749067440392335016e+01
-2.356093972730728225e+01
-1.948399665810042336e+01
-1.528427342088930097e+01
-1.098757389803598095e+01
-6.620801189269544196e+00
-2.211659553961581537e+00
2.211659553961109026e+00
6.620801189300751233e+00
1.098757389807287232e+01
1.528427342078518336e+01
1.948399665822479321e+01
2.356093972733799191e+01
2.749067440381353222e+01
3.125039787626408838e+01
3.481915149631235096e+01
3.817800508287525929e+01
4.131020428261408028e+01
4.420127944886671401e+01
4.683911551879480584e+01
4.921398328099354558e+01
5.131853335253072146e+01
5.314775495807136707e+01
5.469890233178811911e+01
5.597139210766395934e+01
5.696667552076605290e+01
5.768808955340410449e+01
5.814069130301052724e+01
5.833107991852737229e+01
5.826721034243352904e+01
5.795820296047941866e+01
5.741415292308501250e+01
5.664594265066401135e+01
5.566506053840357282e+01
5.448342857731679345e+01
5.311324100691614802e+01
5.156681584393999884e+01
4.985646055861057846e+01
4.799435280649877456e+01
4.599243678654287493e+01
4.386233537019530360e+01
4.161527791689965028e+01
3.926204339027706425e+01
3.681291819783483987e+01
3.427766800174761386e+01
3.166552262462959533e+01
2.898517307173663227e+01
2.624477964467711288e+01
2.345199009417857638e+01
2.061396673052335515e+01
1.773742146534011965e+01
1.482865773634586226e+01
1.189361833772271027e+01
8.937938207749605013e+00
5.967001265650215380e+00
2.986000431467374927e+00
3.883324866917500997e-14
2.552545284883966384e-14
-2.789799589829602855e+00
-5.575845309997361277e+00
-8.354312376516045191e+00
-1.112123483042074668e+01
-1.387243661986260790e+01
-1.660346470806676678e+01
-1.930952497641345289e+01
-2.198542170151736030e+01
-2.462550149264509614e+01
-2.722360261778974433e+01
-2.977301073766969708e+01
-3.226642210594994964e+01
-3.469591540585231115e+01
-3.705293343598499689e+01
-3.932827582833299118e+01
-4.151210412178529197e+01
-4.359396037641268862e+01
-4.556280045029725301e+01
-4.740704318354342917e+01
-4.911463622723136524e+01
-5.067313931362562585e+01
-5.206982556793277439e+01
-5.329180072940367552e+01
-5.432614042903876594e+01
-5.516004455426030262e+01
-5.578100777596525717e+01
-5.617700454606878679e+01
-5.633668641069900929e+01
-5.624958884378768431e+01
-5.590634444654849489e+01
-5.529889855978888846e+01
-5.442072316271971744e+01
-5.326702427999066458e+01
-5.183493801432264547e+01
-5.012370997831467889e+01
-4.813485301607369138e+01
-4.587227805804343461e+01
-4.334239350401215773e+01
-4.055416852360522029e+01
-3.751915693727102763e+01
-3.425147857525562500e+01
-3.076775624097881590e+01
-2.708700748954828441e+01
-2.323049143187781596e+01
-1.922151214994079638e+01
-1.508518139622217369e+01
-1.084814453916443000e+01
-6.538274720147702723e+00
-2.184341219541438228e+00
2.184341219456793048e+00
6.538274720200668355e+00
1.084814453884463781e+01
1.508518139553710569e+01
1.922151214836544852e+01
2.323049143174506526e+01
2.708700748908865563e+01
3.076775624141286514e+01
3.425147857434770771e+01
3.751915693985267097e+01
4.055416852128978888e+01
4.334239350197908891e+01
4.587227805853319751e+01
4.813485300786233267e+01
5.012370997416480378e+01
5.183493801385470334e+01
5.326702428424511027e+01
5.442072316746827454e+01
5.529889856336417608e+01
5.590634444871177067e+01
5.624958884648543034e+01
5.633668641039602676e+01
5.617700454291874479e+01
5.578100777485264672e+01
5.516004455845689591e+01
5.432614042708971880e+01
5.329180072972809512e+01
5.206982556108566484e+01
5.067313931948415728e+01
4.911463622997753475e+01
4.740704318799268435e+01
4.556280045078681695e+01
4.359396037496816945e+01
4.151210412717215092e+01
3.932827582972284119e+01
3.705293343496746417e+01
3.469591540659148876e+01
3.226642210458348359e+01
2.977301073862322767e+01
2.722360261823343919e+01
2.462550148968551156e+01
2.198542170400013163e+01
1.930952497745219532e+01
1.660346470901423643e+01
1.387243661860764732e+01
1.112123483034780236e+01
8.354312376248454797e+00
5.575845310960912293e+00
2.789799589920586964e+00
3.629422518928712273e-14
2.385827072078970432e-14
-2.606235966580328967e+00
-5.209737786276382288e+00
-7.807697115646570651e+00
-1.039715774846240670e+01
-1.297494303370632096e+01
-1.553758496540403300e+01
-1.808125561338347609e+01
-2.060170152604028715e+01
-2.309418203552028714e+01
-2.555341226640009467e+01
-2.797351181417863231e+01
-3.034796038904044835e+01
-3.266956131291848209e+01
-3.493041449301939139e+01
-3.712189988892082937e+01
-3.923467342668308788e+01
-4.125867601184981481e+01
-4.318315795719285433e+01
-4.499671950771465845e+01
-4.668736904245348285e+01
-4.824259993171005334e+01
-4.964948697744496542e+01
-5.089480265451516772e+01
-5.196515380242171034e+01
-5.284713779599658778e+01
-5.352751797865067829e+01
-5.399341631495298088e+01
-5.423252178627025444e+01
-5.423331126676259117e+01
-5.398528008078749707e+01
-5.347917755233449810e+01
-5.270724364837275999e+01
-5.166344096459319246e+01
-5.034367694245563740e+01
-4.874600997974890504e+01
-4.687083412848033959e+01
-4.472103567045157746e+01
-4.230211640718664512e+01
-3.962227841054578192e+01
-3.669246531079363649e+01
-3.352635708645156853e+01
-3.014031525286062418e+01
-2.655327734215859792e+01
-2.278660077065811151e+01
-1.886385727597790662e+01
-1.481058105056954943e+01
-1.065397472955383940e+01
-6.422578912073473312e+00
-2.145911989826598809e+00
2.145911989799102138e+00
6.422578912115086247e+00
1.065397472849263494e+01
1.481058105168733618e+01
1.886385727554050362e+01
2.278660077128881056e+01
2.655327735034367720e+01
3.014031525270570100e+01
3.352635709292812294e+01
3.669246531141602219e+01
3.962227840678362867e+01
4.230211640992077804e+01
4.472103564742053550e+01
4.687083412843816888e+01
4.874600997838585670e+01
5.034367694106783375e+01
5.166344096404111497e+01
5.270724364784980054e+01
5.347917758225363372e+01
5.398528008153125768e+01
5.423331129209124413e+01
5.423252179242592064e+01
5.399341632030752436e+01
5.352751796679399376e+01
5.284713781171818425e+01
5.196515379334875462e+01
5.089480266319166191e+01
4.964948698399611260e+01
4.824259992424862986e+01
4.668736904668048737e+01
4.499671951565710515e+01
4.318315795229145237e+01
4.125867600962590132e+01
3.923467343444731625e+01
3.712189988888933101e+01
3.493041449176345736e+01
3.266956131582183787e+01
3.034796039396996292e+01
2.797351181369499074e+01
2.555341226500154761e+01
2.309418203634141165e+01
2.060170152818844258e+01
1.808125561360910183e+01
1.553758496471157180e+01
1.297494303690967143e+01
1.039715774936282600e+01
7.807697115744375971e+00
5.209737788534256175e+00
2.606235966687309613e+00
3.391797983730338294e-14
2.230957315815456993e-14
-2.435807929419140816e+00
-4.869713003953351382e+00
-7.299736984045884114e+00
-9.723751263225361541e+00
-1.213940271956421668e+01
-1.454404086622062664e+01
-1.693464684729863023e+01
-1.930776488422534953e+01
-2.165943687915954641e+01
-2.398514110096151342e+01
-2.627973569645567053e+01
-2.853740846843566459e+01
-3.075163371153094616e+01
-3.291513783175112451e+01
-3.501987498896105677e+01
-3.705701439763769400e+01
-3.901694085311843452e+01
-4.088927019173375754e+01
-4.266288123315896996e+01
-4.432596578325311754e+01
-4.586609800316639962e+01
-4.727032444214493268e+01
-4.852527552253835808e+01
-4.961729877493486640e+01
-5.053261423186615531e+01
-5.125749093821628577e+01
-5.177844379133099295e+01
-5.208244855534178441e+01
-5.215717260923612741e+01
-5.199121794632565496e+01
-5.157437233128329979e+01
-5.089786380703296942e+01
-4.995461288765756080e+01
-4.873947658322236975e+01
-4.724947770108568790e+01
-4.548401262873171902e+01
-4.344503108600223840e+01
-4.113718127943678127e+01
-3.856791420604930920e+01
-3.574754207589435140e+01
-3.268924625227781178e+01
-2.940903152893542227e+01
-2.592562497141506839e+01
-2.226031887682104582e+01
-1.843675936524753212e+01
-1.448068334281090408e+01
-1.041960865646435686e+01
-6.282483449144372400e+00
-2.099302293626456262e+00
2.099302293564980104e+00
6.282483449528850628e+00
1.041960865653253165e+01
1.448068334600443130e+01
1.843675937065392745e+01
2.226031888055426222e+01
2.592562496782045400e+01
2.940903153982398877e+01
3.268924625138310347e+01
3.574754207448921051e+01
3.856791420645988921e+01
4.113718127947673509e+01
4.344503108526333790e+01
4.548401262124350808e+01
4.724947769469471126e+01
4.873947658264146554e+01
4.995461287894607239e+01
5.089786381031288443e+01
5.157437232743814803e+01
5.199121794461402146e+01
5.215717261000443727e+01
5.208244855441154897e+01
5.177844379118649698e+01
5.125749093893146835e+01
5.053261423208646619e+01
4.961729877899948349e+01
4.852527552054826288e+01
4.727032444778584619e+01
4.586609799651528618e+01
4.432596577807187543e+01
4.266288124003075666e+01
4.088927019999245260e+01
3.901694085127986966e+01
3.705701439572720091e+01
3.501987498993604220e+01
3.291513783092614887e+01
3.075163371156213188e+01
2.853740846968917211e+01
2.627973570076508025e+01
2.398514109195833655e+01
2.165943687910429460e+01
1.930776488196400464e+01
1.693464684747382876e+01
1.454404086678176000e+01
1.213940272040543533e+01
9.723751264112458159e+00
7.299736984504953341e+00
4.869713003957858000e+00
2.435807929213933409e+00
3.171103324309160416e-14
2.087755319949996673e-14
-2.278305435247310662e+00
-4.555383789753586932e+00
-6.829932869318164457e+00
-9.100500552172119839e+00
-1.136541054440124654e+01
-1.362268910314194414e+01
-1.586999310588780610e+01
-1.810454007464995385e+01
-2.032304065721822539e+01
-2.252163444454931707e+01
-2.469582995611727938e+01
-2.684044993174608962e+01
-2.894958304574662122e+01
-3.101654345492206488e+01
-3.303383974377413068e+01
-3.499315488954084685e+01
-3.688533888203397737e+01
-3.870041595537153967e+01
-4.042760821131683002e+01
-4.205537732580065580e+01
-4.357148611060107868e+01
-4.496308130866703578e+01
-4.621679883033355907e+01
-4.731889224386763715e+01
-4.825538483252407929e+01
-4.901224497961501925e+01
-4.957558388484368805e+01
-4.993187406880277024e+01
-5.006818613305959076e+01
-4.997244048567503683e+01
-4.963366982542433448e+01
-4.904228744567879517e+01
-4.819035551205629275e+01
-4.707184698252519439e+01
-4.568289405942658732e+01
-4.402201611164402095e+01
-4.209031936481665070e+01
-3.989166148006658830e+01
-3.743277385410470970e+01
-3.472333580167012457e+01
-3.177599536360467880e+01
-2.860633300725847761e+01
-2.523276575474014649e+01
-2.167639121456056728e+01
-1.796077258543292388e+01
-1.411166769546335686e+01
-1.015670688151934087e+01
-6.125026343778997351e+00
-2.046865096082099100e+00
2.046865095829913717e+00
6.125026344648532017e+00
1.015670688094311203e+01
1.411166769470807481e+01
1.796077258716892544e+01
2.167639121222660137e+01
2.523276575578325875e+01
2.860633300906290444e+01
3.177599536256770207e+01
3.472333580118046825e+01
3.743277385492186937e+01
3.989166148970232229e+01
4.209031936762974624e+01
4.402201610534824283e+01
4.568289405963179206e+01
4.707184698327923655e+01
4.819035550890241382e+01
4.904228744313984123e+01
4.963366982547635331e+01
4.997244048477862322e+01
5.006818612668059387e+01
4.993187406559366792e+01
4.957558388189565335e+01
4.901224497710246197e+01
4.825538483170345927e+01
4.731889223676976286e+01
4.621679882557776153e+01
4.496308131227662130e+01
4.357148612480845173e+01
4.205537732877501611e+01
4.042760820972826252e+01
3.870041595952013580e+01
3.688533888276662509e+01
3.499315489673555390e+01
3.303383975846244169e+01
3.101654345097336929e+01
2.894958304654377912e+01
2.684044993329839102e+01
2.469582995306290485e+01
2.252163444398492587e+01
2.032304066266280529e+01
1.810454007820050748e+01
1.586999310817648379e+01
1.362268909818839369e+01
1.136541054499415893e+01
9.100500552408471222e+00
6.829932869688676966e+00
4.555383788328419392e+00
2.278305435105312693e+00
2.967074660103753452e-14
1.955666553424188805e-14
-2.133106946519256475e+00
-4.265535023542960325e+00
-6.396531533844295403e+00
-8.525196292740389481e+00
-1.065040835295707566e+01
-1.277075333208877339e+01
-1.488445170754615710e+01
-1.698928847575930234e+01
-1.908254471688966092e+01
-2.116093179516247247e+01
-2.322052898695938694e+01
-2.525672555460993607e+01
-2.726416853504701976e+01
-2.923671751736155144e+01
-3.116740790672336558e+01
-3.304842466690506342e+01
-3.487108793712055643e+01
-3.662585280725718917e+01
-3.830232512143432899e+01
-3.988929521430083014e+01
-4.137479158763242992e+01
-4.274615612270178389e+01
-4.399014253604946134e+01
-4.509303881437520545e+01
-4.604081461798230634e+01
-4.681929350610761986e+01
-4.741434935125741390e+01
-4.781212564991119507e+01
-4.799927529560531525e+01
-4.796321775188700087e+01
-4.769240937350128462e+01
-4.717662186535029889e+01
-4.640722300360971531e+01
-4.537745272663179463e+01
-4.408268738579148760e+01
-4.252068431195748843e+01
-4.069179881448287972e+01
-3.859916551638058735e+01
-3.624883681823938275e+01
-3.364987141046660923e+01
-3.081436731966312692e+01
-2.775743488998119446e+01
-2.449710700933831831e+01
-2.105418546761347898e+01
-1.745202449259902977e+01
-1.371625444202205024e+01
-9.874450701610498982e+00
-5.955754714096209490e+00
-1.990455844575802269e+00
1.990455844898790572e+00
5.955754714188267407e+00
9.874450700792698044e+00
1.371625444168196850e+01
1.745202449218795948e+01
2.105418546855530693e+01
2.449710701433122040e+01
2.775743488833554906e+01
3.081436732257703071e+01
3.364987141693840300e+01
3.624883681669569313e+01
3.859916551993676137e+01
4.069179881034192192e+01
4.252068431092801148e+01
4.408268738076933602e+01
4.537745272531663687e+01
4.640722300698980263e+01
4.717662186039142114e+01
4.769240936577584478e+01
4.796321776144913684e+01
4.799927529961341577e+01
4.781212564816825505e+01
4.741434934667335455e+01
4.681929350784132993e+01
4.604081462156047166e+01
4.509303881144036552e+01
4.399014253838883093e+01
4.274615611834635587e+01
4.137479158880245222e+01
3.988929521263006706e+01
3.830232511959451358e+01
3.662585280200495674e+01
3.487108794136696588e+01
3.304842466813389734e+01
3.116740790679317286e+01
2.923671751452808110e+01
2.726416853769302762e+01
2.525672555595065560e+01
2.322052898269563670e+01
2.116093179483724995e+01
1.908254471833660659e+01
1.698928848013072113e+01
1.488445170940585172e+01
1.277075333206474284e+01
1.065040835521645057e+01
8.525196293385336688e+00
6.396531532896407413e+00
4.265535023949279747e+00
2.133106946658577030e+00
2.778915792187407880e-14
1.833941357812163589e-14
-1.999376639860741101e+00
-3.998518356044127753e+00
-5.997118346339607164e+00
-7.994726125788763405e+00
-9.990675893666372431e+00
-1.198401523592700890e+01
-1.397343438821803474e+01
-1.595719640729918254e+01
-1.793306867267458671e+01
-1.989825639746634778e+01
-2.184933885976409584e+01
-2.378220935230372746e+01
-2.569202002155456555e+01
-2.757313286072415437e+01
-2.941907854525675958e+01
-3.122252468145683579e+01
-3.297525552773024771e+01
-3.466816503883989498e+01
-3.629126552737695022e+01
-3.783371390852667560e+01
-3.928385773464922437e+01
-4.062930290623928897e+01
-4.185700483820430406e+01
-4.295338439525492902e+01
-4.390446956849024218e+01
-4.469606321138575566e+01
-4.531393648133550300e+01
-4.574404682502026276e+01
-4.597277842043146734e+01
-4.598720205914155201e+01
-4.577535039647765558e+01
-4.532650350329241462e+01
-4.463147864337070558e+01
-4.368291742150531576e+01
-4.247556258203766077e+01
-4.100651626769737135e+01
-3.927547143372110838e+01
-3.728490768425756841e+01
-3.504024378687929442e+01
-3.254993914740953187e+01
-2.982553813643553653e+01
-2.688165216397377577e+01
-2.373587627587125581e+01
-2.040863891671556374e+01
-1.692298566300413043e+01
-1.330429981567386477e+01
-9.579965106394769947e+00
-5.778977700944917473e+00
-1.931516634529747645e+00
1.931516634565918711e+00
5.778977700954862406e+00
9.579965106507659200e+00
1.330429981621983693e+01
1.692298566589645148e+01
2.040863891603674318e+01
2.373587627646038101e+01
2.688165216321248607e+01
2.982553813687957955e+01
3.254993914715673498e+01
3.504024378883033108e+01
3.728490768624664042e+01
3.927547142616511167e+01
4.100651626654054382e+01
4.247556257548199454e+01
4.368291742310917414e+01
4.463147864705668866e+01
4.532650350284182394e+01
4.577535039588232735e+01
4.598720205746834466e+01
4.597277842145313542e+01
4.574404682851614723e+01
4.531393648448300837e+01
4.469606321032653540e+01
4.390446956712103344e+01
4.295338439514210194e+01
4.185700484127180943e+01
4.062930290471496875e+01
3.928385773521716118e+01
3.783371390655509003e+01
3.629126552535693406e+01
3.466816503848826869e+01
3.297525552651790548e+01
3.122252468301440942e+01
2.941907854212659856e+01
2.757313285974617756e+01
2.569202001825037485e+01
2.378220935430327643e+01
2.184933886107603840e+01
1.989825639744000441e+01
1.793306867219066802e+01
1.595719640922243698e+01
1.397343438868908194e+01
1.198401523296295146e+01
9.990675892066322561e+00
7.994726125674525896e+00
5.997118346803729239e+00
3.998518355818842629e+00
1.999376639303060532e+00
2.605552999437480484e-14
1.721749661483230241e-14
-1.876190963860510763e+00
-3.752505851045431662e+00
-5.628999082411232813e+00
-7.505586066536505285e+00
-9.381973683210899750e+00
-1.125759085783882263e+01
-1.313151933441830188e+01
-1.500242494881887545e+01
-1.686848973069760405e+01
-1.872734544646763055e+01
-2.057600918620676467e+01
-2.241082202582180827e+01
-2.422739176544055084e+01
-2.602054111731803587e+01
-2.778426286275164614e+01
-2.951168373968439695e+01
-3.119503892794920574e+01
-3.282565931681881466e+01
-3.439397367064806588e+01
-3.588952797767264968e+01
-3.730102426439512442e+01
-3.861638096777188878e+01
-3.982281688133116404e+01
-4.090696015051238277e+01
-4.185498369211497760e+01
-4.265276755536152109e+01
-4.328608804563471324e+01
-4.374083285697971490e+01
-4.400324030886898896e+01
-4.406015972878871878e+01
-4.389932919314004778e+01
-4.350966545763661486e+01
-4.288156017250944529e+01
-4.200717506450161665e+01
-4.088072848015693950e+01
-3.949876467070308195e+01
-3.786039691522022821e+01
-3.596751570875932202e+01
-3.382495330561361158e+01
-3.144059672812865003e+01
-2.882544236300153528e+01
-2.599358668014402696e+01
-2.296214938218033552e+01
-1.975112730292257623e+01
-1.638317963168229596e+01
-1.288334735885285021e+01
-9.278712175721818056e+00
-5.598002312838655570e+00
-1.871154784155499851e+00
1.871154784169711593e+00
5.598002312700037564e+00
9.278712175744265878e+00
1.288334735941261933e+01
1.638317963168690383e+01
1.975112730265819394e+01
2.296214938331030808e+01
2.599358668020001062e+01
2.882544236219730394e+01
3.144059672815766859e+01
3.382495330491276775e+01
3.596751570936389442e+01
3.786039691549597563e+01
3.949876467216805764e+01
4.088072848003958626e+01
4.200717506062851214e+01
4.288156016840994056e+01
4.350966545634636873e+01
4.389932918399920680e+01
4.406015973067543712e+01
4.400324031158908156e+01
4.374083286110779767e+01
4.328608804098858798e+01
4.265276755547474608e+01
4.185498369263946472e+01
4.090696014324259977e+01
3.982281688515852380e+01
3.861638097156249216e+01
3.730102426865514076e+01
3.588952797493877256e+01
3.439397367609336698e+01
3.282565931744352383e+01
3.119503892808682721e+01
2.951168373619478302e+01
2.778426286418587665e+01
2.602054111921939850e+01
2.422739176648685344e+01
2.241082202543882573e+01
2.057600918704363124e+01
1.872734544525847511e+01
1.686848973210637936e+01
1.500242494809283045e+01
1.313151933332910204e+01
1.125759085660212833e+01
9.381973683286263466e+00
7.505586065483723424e+00
5.628999082781250607e+00
3.752505851014205085e+00
1.876190963779882814e+00
2.445798558715160517e-14
1.618251832144032238e-14
-1.762616770799517285e+00
-3.525646857755142083e+00
-5.289436710066674152e+00
-7.054198959405353797e+00
-8.819945322683437894e+00
-1.058641935558673097e+01
-1.235302912635271433e+01
-1.411878000470414563e+01
-1.588220784383791617e+01
-1.764131307809975979e+01
-1.939349630830441740e+01
-2.113549630175935334e+01
-2.286333137041938102e+01
-2.457224549494957699e+01
-2.625666064265304200e+01
-2.791013703069743457e+01
-2.952534328951108122e+01
-3.109403859964906047e+01
-3.260706917696271034e+01
-3.405438130346689007e+01
-3.542505344061454764e+01
-3.670734958175292206e+01
-3.788879610754225524e+01
-3.895628384411119072e+01
-3.989619684807194488e+01
-4.069456875325403189e+01
-4.133726675617565149e+01
-4.181020270731767141e+01
-4.209956959503425367e+01
-4.219210074661270227e+01
-4.207534801331741647e+01
-4.173797393278704959e+01
-4.117005183561181525e+01
-4.036336675709361543e+01
-3.931170915890955087e+01
-3.801115268459030716e+01
-3.646030682957115943e+01
-3.466053521567387463e+01
-3.261613043539677648e+01
-3.033443707999399663e+01
-2.782591561573504180e+01
-2.510414119886252138e+01
-2.218573334970296074e+01
-1.909021452138818020e+01
-1.583979788054852378e+01
-1.245910716332446810e+01
-8.974833837565357797e+00
-5.415339242718975932e+00
-1.810211469222312575e+00
1.810211469191195022e+00
5.415339242827428734e+00
8.974833837171503959e+00
1.245910716381537497e+01
1.583979788077805573e+01
1.909021452097230664e+01
2.218573334990273338e+01
2.510414119836369196e+01
2.782591561516595391e+01
3.033443708054989685e+01
3.261613043497965947e+01
3.466053521685502403e+01
3.646030682928916633e+01
3.801115268309266781e+01
3.931170915983898340e+01
4.036336675685986819e+01
4.117005183587986750e+01
4.173797393201145667e+01
4.207534801442594130e+01
4.219210074792244569e+01
4.209956959575093549e+01
4.181020270858775234e+01
4.133726675736361500e+01
4.069456875284359398e+01
3.989619684997028770e+01
3.895628384296022517e+01
3.788879610271946774e+01
3.670734958641121182e+01
3.542505343909583360e+01
3.405438130311033262e+01
3.260706917367926394e+01
3.109403860052649549e+01
2.952534328884244275e+01
2.791013703125388901e+01
2.625666064135064559e+01
2.457224549463433405e+01
2.286333136941490451e+01
2.113549630008669311e+01
1.939349630800691671e+01
1.764131307817621064e+01
1.588220784556600407e+01
1.411878000419532420e+01
1.235302912620704419e+01
1.058641935505231757e+01
8.819945322912525754e+00
7.054198959099180932e+00
5.289436710033483813e+00
3.525646858010961004e+00
1.762616771008520988e+00
2.298451709517769125e-14
1.522640219829164230e-14
-1.657757084424976268e+00
-3.316160140773467546e+00
-4.975791047431698644e+00
-6.637103345943449639e+00
-8.300357727767572413e+00
-9.965557176203780898e+00
-1.163238177991070188e+01
-1.330012331211133514e+01
-1.496761987088417811e+01
-1.663319090980150250e+01
-1.829457330227866763e+01
-1.994885918352631649e+01
-2.159243660398500708e+01
-2.322093419299887529e+01
-2.482917132805828686e+01
-2.641111550869655389e+01
-2.795984887251742279e+01
-2.946754600250008949e+01
-3.092546533645863960e+01
-3.232395655428072700e+01
-3.365248649059971342e+01
-3.489968593885576098e+01
-3.605341963459348165e+01
-3.710088146451455060e+01
-3.802871655502092096e+01
-3.882317112123069336e+01
-3.947027085625445153e+01
-3.995602699969932559e+01
-4.026666896282780783e+01
-4.038890101297254631e+01
-4.031017913561093735e+01
-4.001900368295238763e+01
-3.950522137329033256e+01
-3.876032973369591161e+01
-3.777777582530078604e+01
-3.655324034383620102e+01
-3.508489768168863066e+01
-3.337364239035989044e+01
-3.142327263402246373e+01
-2.924062183573336071e+01
-2.683563082859766880e+01
-2.422135416180269729e+01
-2.141389618582347154e+01
-1.843227460137854834e+01
-1.529821166242821029e+01
-1.203585572048990748e+01
-8.671438397553011157e+00
-5.232875149098758172e+00
-1.749319209040609113e+00
1.749319209036314104e+00
5.232875149082273580e+00
8.671438397572153178e+00
1.203585572061411924e+01
1.529821166264518340e+01
1.843227460111985749e+01
2.141389618610378776e+01
2.422135416222695881e+01
2.683563082797364174e+01
2.924062183580642227e+01
3.142327263325258357e+01
3.337364239183608561e+01
3.508489768132984210e+01
3.655324034381209941e+01
3.777777582657434863e+01
3.876032973281688498e+01
3.950522137510147758e+01
4.001900368485397763e+01
4.031017913452052426e+01
4.038890101402984101e+01
4.026666897671083944e+01
3.995602700039487587e+01
3.947027086023522457e+01
3.882317112174949614e+01
3.802871655234551440e+01
3.710088147810212433e+01
3.605341963569863850e+01
3.489968594083513409e+01
3.365248649331098107e+01
3.232395655236790333e+01
3.092546533619396953e+01
2.946754600346940833e+01
2.795984887171415068e+01
2.641111550865960922e+01
2.482917132121987436e+01
2.322093419376934875e+01
2.159243660238472629e+01
1.994885918497135435e+01
1.829457330032343876e+01
1.663319091142109585e+01
1.496761987243232994e+01
1.330012331258004643e+01
1.163238177765759218e+01
9.965557177193707261e+00
8.300357729193827083e+00
6.637103346116345115e+00
4.975791046938232931e+00
3.316160141141263118e+00
1.657757084427978533e+00
2.162357822178995986e-14
1.434161576653244168e-14
-1.560775758791486778e+00
-3.122383722340842827e+00
-4.685594827062511847e+00
-6.251057270609454264e+00
-7.819234659993367309e+00
-9.390343661372346773e+00
-1.096429108005913911e+01
-1.254061046765851906e+01
-1.411839840081156261e+01
-1.569625079927375921e+01
-1.727219979070783751e+01
-1.884365185752360716e+01
-2.040732819249865315e+01
-2.195920847478165783e+01
-2.349447945114829039e+01
-2.500749005591413621e+01
-2.649171493052408266e+01
-2.793972852295801701e+01
-2.934319209326379863e+01
-3.069285605221439894e+01
-3.197858022870033068e+01
-3.318937453307751184e+01
-3.431346249363265599e+01
-3.533836973040211404e+01
-3.625103933059948957e+01
-3.703797523230991828e+01
-3.768541435835498277e+01
-3.817952717899904513e+01
-3.850664564953156344e+01
-3.865351609416051559e+01
-3.860757371778168334e+01
-3.835723396272537400e+01
-3.789219481034011494e+01
-3.720374294420280847e+01
-3.628505556954151245e+01
-3.513148894385555820e+01
-3.374084398584606959e+01
-3.211359919346594438e+01
-3.025310113060539763e+01
-2.816570342892674006e+01
-2.586084620523819311e+01
-2.335106926038892539e+01
-2.065195433615482301e+01
-1.778199388167342221e+01
-1.476238630410528430e+01
-1.161676026808917150e+01
-8.370833339812847385e+00
-5.052012778696500561e+00
-1.688948647658513602e+00
1.688948647650761803e+00
5.052012778719976893e+00
8.370833339683635188e+00
1.161676026821666952e+01
1.476238630401687502e+01
1.778199388184339114e+01
2.065195433437940764e+01
2.335106926045682840e+01
2.586084620522492372e+01
2.816570342889247769e+01
3.025310113072901430e+01
3.211359919513192551e+01
3.374084398680467700e+01
3.513148894300983471e+01
3.628505557035224882e+01
3.720374294550525462e+01
3.789219481225297415e+01
3.835723396429133913e+01
3.860757371831260087e+01
3.865351609437972513e+01
3.850664564947538793e+01
3.817952718043044058e+01
3.768541435828036157e+01
3.703797524058444424e+01
3.625103933178325377e+01
3.533836972728261117e+01
3.431346249062308118e+01
3.318937453694996265e+01
3.197858022966686775e+01
3.069285604984811044e+01
2.934319209151425412e+01
2.793972852271705776e+01
2.649171493221541951e+01
2.500749005706591177e+01
2.349447945379317915e+01
2.195920847598584658e+01
2.040732819329298664e+01
1.884365185672287168e+01
1.727219979235592717e+01
1.569625079915599208e+01
1.411839840139623981e+01
1.254061046684259040e+01
1.096429107805532333e+01
9.390343660043487972e+00
7.819234660734984743e+00
6.251057270410909084e+00
4.685594826944257107e+00
3.122383722264968409e+00
1.560775759071893365e+00
2.036440299904235165e-14
1.352127309561692783e-14
-1.470908710874237801e+00
-2.942797796121598086e+00
-4.416589181703463929e+00
-5.893087650551199097e+00
-7.372921679421556185e+00
-8.856483621368186121e+00
-1.034386917555556273e+01
-1.183481607651607170e+01
-1.332864225878469711e+01
-1.482418358828204141e+01
-1.631973189860525153e+01
-1.781297368381154556e+01
-1.930093061393280607e+01
-2.077990280192498318e+01
-2.224541636134918576e+01
-2.369217675212462737e+01
-2.511402987364400019e+01
-2.650393310568469474e+01
-2.785393839563757012e+01
-2.915519021411921941e+01
-3.039794065283820146e+01
-3.157158443982946494e+01
-3.266471634482164177e+01
-3.366521328879733943e+01
-3.456034306317846472e+01
-3.533690114837763474e+01
-3.598137642484693544e+01
-3.648014585264250087e+01
-3.681969694575285956e+01
-3.698687614838457449e+01
-3.696915980384568456e+01
-3.675494304134273449e+01
-3.633384101816599099e+01
-3.569699515686623670e+01
-3.483737649763587996e+01
-3.375007699472020306e+01
-3.243257902774841028e+01
-3.088499321421775434e+01
-2.911025455218753066e+01
-2.711426756254577697e+01
-2.490599205054582654e+01
-2.249746258292137213e+01
-1.990373663172787388e+01
-1.714276870385467078e+01
-1.423521006400123845e+01
-1.120413672073167533e+01
-8.074710705174197756e+00
-4.873782652717114416e+00
-1.629445858875014252e+00
1.629445858842203609e+00
4.873782652586458930e+00
8.074710705195547789e+00
1.120413672090606916e+01
1.423521006450084592e+01
1.714276870389902641e+01
1.990373663212082178e+01
2.249746258317287584e+01
2.490599205082608592e+01
2.711426756345034761e+01
2.911025455115391125e+01
3.088499321461893388e+01
3.243257902702551121e+01
3.375007699589631471e+01
3.483737649805708259e+01
3.569699515494932740e+01
3.633384101802842991e+01
3.675494305047434551e+01
3.696915980142330227e+01
3.698687614554251013e+01
3.681969694189644571e+01
3.648014585578003732e+01
3.598137642122252089e+01
3.533690114486685019e+01
3.456034306189475558e+01
3.366521329142275221e+01
3.266471634434309834e+01
3.157158443802072512e+01
3.039794065526593059e+01
2.915519021449664550e+01
2.785393839347801404e+01
2.650393309933965824e+01
2.511402987349401883e+01
2.369217674940396989e+01
2.224541636322964422e+01
2.077990280104230436e+01
1.930093061426190104e+01
1.781297368549121884e+01
1.631973189763080612e+01
1.482418359017714238e+01
1.332864225323723595e+01
1.183481607787584089e+01
1.034386917502681058e+01
8.856483621246470150e+00
7.372921679174000431e+00
5.893087650995326499e+00
4.416589181449241508e+00
2.942797796365564267e+00
1.470908710953504173e+00
1.919715136575010625e-14
1.275916234749288646e-14
-1.387466876049190834e+00
-2.776031013120368485e+00
-4.166734005051861089e+00
-5.560505814271210490e+00
-6.958108269025824910e+00
-8.360077812846760992e+00
-9.766667334317899574e+00
-1.117778708385340458e+01
-1.259294474819878218e+01
-1.401118483807655046e+01
-1.543102798582054547e+01
-1.685041057043688184e+01
-1.826662560022629123e+01
-1.967626594810914753e+01
-2.107517113009150123e+01
-2.245837952482022715e+01
-2.382008743687717356e+01
-2.515361753147875845e+01
-2.645139873287767074e+01
-2.770496013785131595e+01
-2.890494153332764427e+01
-3.004112319559371258e+01
-3.110247762015350403e+01
-3.207724549004617387e+01
-3.295303794024557220e+01
-3.371696684601116090e+01
-3.435580412961890318e+01
-3.485617007337162931e+01
-3.520475002150899257e+01
-3.538853756656623517e+01
-3.539510105832439990e+01
-3.521286916772240971e+01
-3.483142967427947667e+01
-3.424183468991103041e+01
-3.343690404542645211e+01
-3.241151796043796907e+01
-3.116288900233944048e+01
-2.969080340002826901e+01
-2.799782163123932222e+01
-2.608942863597848927e+01
-2.397412495182173586e+01
-2.166345196383351990e+01
-1.917194561345571913e+01
-1.651701589543979409e+01
-1.371875142671127001e+01
-1.079965179834052513e+01
-7.784292560185147813e+00
-4.698930784375552783e+00
-1.571061657054296790e+00
1.571061657008990808e+00
4.698930784288394946e+00
7.784292560094941749e+00
1.079965179845641998e+01
1.371875142643083656e+01
1.651701589499798573e+01
1.917194561362153138e+01
2.166345196231536008e+01
2.397412495203218086e+01
2.608942863662333522e+01
2.799782163017196268e+01
2.969080340198337353e+01
3.116288900215957014e+01
3.241151797423160730e+01
3.343690404428969742e+01
3.424183468810205255e+01
3.483142967475532004e+01
3.521286916449310667e+01
3.539510106000927436e+01
3.538853756547076301e+01
3.520475002307304635e+01
3.485617007370947817e+01
3.435580413221625662e+01
3.371696684758346407e+01
3.295303794183578816e+01
3.207724551258127832e+01
3.110247762502000057e+01
3.004112319646075591e+01
2.890494152611883649e+01
2.770496012979629441e+01
2.645139872607517617e+01
2.515361753071211126e+01
2.382008743384543692e+01
2.245837952206079891e+01
2.107517113941216991e+01
1.967626594531787632e+01
1.826662560731322671e+01
1.685041057010499443e+01
1.543102798642289741e+01
1.401118483547184290e+01
1.259294474911959938e+01
1.117778708987868441e+01
9.766667335203340627e+00
8.360077813668253199e+00
6.958108269511018129e+00
5.560505814625098076e+00
4.166734004600316510e+00
2.776031014682612597e+00
1.387466875926349541e+00
1.811294788766466150e-14
1.204972894682927107e-14
-1.309834276827127830e+00
-2.620856935317211089e+00
-3.934203391480266543e+00
-5.250902811785772784e+00
-6.571824226452727125e+00
-7.897621783707192478e+00
-9.228678982844318313e+00
-1.056505179358345536e+01
-1.190641071569833009e+01
-1.325198197701181080e+01
-1.460048819828008781e+01
-1.595008913619608570e+01
-1.729832324537500199e+01
-1.864205105210014679e+01
-1.997740174408112779e+01
-2.129972433463098369e+01
-2.260354537905200090e+01
-2.388253521602362284e+01
-2.512948504830387719e+01
-2.633629738131093134e+01
-2.749399242014239420e+01
-2.859273314401593069e+01
-2.962187163488270514e+01
-3.057001926739450326e+01
-3.142514282782374124e+01
-3.217468838088406358e+01
-3.280573401874831774e+01
-3.330517178387000143e+01
-3.365991823380252157e+01
-3.385715190030856547e+01
-3.388457479505736814e+01
-3.373069366159083415e+01
-3.338511556604522923e+01
-3.283885080956464719e+01
-3.208461531880205087e+01
-3.111712332565760875e+01
-2.993336064104037675e+01
-2.853282827576231284e+01
-2.691774625718766600e+01
-2.509320788347395492e+01
-2.306727567325304307e+01
-2.085101155631324232e+01
-1.845843597937034986e+01
-1.590641261931592254e+01
-1.321445822956687799e+01
-1.040447976663084440e+01
-7.500443914312299398e+00
-4.527986815065358606e+00
-1.513974377422484530e+00
1.513974377492692813e+00
4.527986814681563388e+00
7.500443913850566524e+00
1.040447976702143329e+01
1.321445822941781145e+01
1.590641261876599089e+01
1.845843597827951044e+01
2.085101155746820467e+01
2.306727567326298711e+01
2.509320788576215122e+01
2.691774625669036070e+01
2.853282827364926177e+01
2.993336064044518707e+01
3.111712332460188790e+01
3.208461531968025326e+01
3.283885081028600439e+01
3.338511556389041601e+01
3.373069366251856138e+01
3.388457478795448452e+01
3.385715189555470772e+01
3.365991822807831824e+01
3.330517178397314382e+01
3.280573401782537246e+01
3.217468838040662860e+01
3.142514283160955557e+01
3.057001926978759343e+01
2.962187163510379406e+01
2.859273314655198561e+01
2.749399242013753764e+01
2.633629737822606387e+01
2.512948504681473239e+01
2.388253521321896855e+01
2.260354537311230416e+01
2.129972433383753483e+01
1.997740174380366440e+01
1.864205105556026254e+01
1.729832324429739998e+01
1.595008914186749216e+01
1.460048819515674623e+01
1.325198197627683250e+01
1.190641071947024443e+01
1.056505179395625049e+01
9.228678982360346339e+00
7.897621785465759991e+00
6.571824226484129561e+00
5.250902810870140769e+00
3.934203391178287212e+00
2.620856936040496521e+00
1.309834276565920330e+00
1.710385726948203937e-14
1.138803429102746273e-14
-1.237463398565479711e+00
-2.476185018864812903e+00
-3.717372731418795873e+00
-4.962133376166233845e+00
-6.211421410307622182e+00
-7.465986624742287248e+00
-8.726320737138520300e+00
-9.992602728653270816e+00
-1.126464293587704724e+01
-1.254182604928733369e+01
-1.382305335472669405e+01
-1.510668468756859895e+01
-1.639048084796811366e+01
-1.767154746040118241e+01
-1.894628150882750006e+01
-2.021032198161657689e+01
-2.145850641139209358e+01
-2.268483543267708669e+01
-2.388244746780550187e+01
-2.504360610889034078e+01
-2.615970285494299219e+01
-2.722127781329514207e+01
-2.821806108628212684e+01
-2.913903752599717834e+01
-2.997253687011991730e+01
-3.070635139102014577e+01
-3.132788220625596054e+01
-3.182431463326169663e+01
-3.218282248177838056e+01
-3.239079941815791130e+01
-3.243611489648644408e+01
-3.230739056487332306e+01
-3.199429171460090870e+01
-3.148782713562390612e+01
-3.078064938268282447e+01
-2.986734653783835114e+01
-2.874471560856050445e+01
-2.741200743133943618e+01
-2.587113274613536973e+01
-2.412681965479325896e+01
-2.218671348153900524e+01
-2.006141157002784681e+01
-1.776442729866180059e+01
-1.531208008815623778e+01
-1.272331053187889616e+01
-1.001942285154082413e+01
-7.223759617401786848e+00
-4.361316502466681122e+00
-1.458307424377900841e+00
1.458307424354853055e+00
4.361316502561107811e+00
7.223759617826121193e+00
1.001942285136536626e+01
1.272331053221135910e+01
1.531208008906245333e+01
1.776442729977896917e+01
2.006141156767827738e+01
2.218671348250711617e+01
2.412681965365412751e+01
2.587113274609440339e+01
2.741200743323048528e+01
2.874471561110740936e+01
2.986734653557411434e+01
3.078064938053726962e+01
3.148782713302852443e+01
3.199429171289923346e+01
3.230739056588697622e+01
3.243611489598684727e+01
3.239079941760111581e+01
3.218282248062595130e+01
3.182431463489142587e+01
3.132788220145348035e+01
3.070635140090734438e+01
2.997253686398881456e+01
2.913903752479241760e+01
2.821806109520175454e+01
2.722127781292971349e+01
2.615970285848939270e+01
2.504360610989822788e+01
2.388244746410138220e+01
2.268483543553514892e+01
2.145850641302649819e+01
2.021032197986413692e+01
1.894628151313308706e+01
1.767154745818147177e+01
1.639048084187726673e+01
1.510668469232644817e+01
1.382305335848546868e+01
1.254182604941584245e+01
1.126464293525376092e+01
9.992602730499221764e+00
8.726320738659280707e+00
7.465986624852178011e+00
6.211421409808931315e+00
4.962133378325404465e+00
3.717372732172097294e+00
2.476185017649703113e+00
1.237463398740030751e+00
1.616282505208977625e-14
1.076970251008660213e-14
-1.169869248768037107e+00
-2.341048945836430750e+00
-3.514801712220026353e+00
-4.692294161946310993e+00
-5.874547998812305494e+00
-7.062390163905172713e+00
-8.256401696146426161e+00
-9.456865279237133493e+00
-1.066371139011857849e+01
-1.187646313063875247e+01
-1.309418006770133935e+01
-1.431540158511825922e+01
-1.553809028186319985e+01
-1.675957649256446302e+01
-1.797650507826204347e+01
-1.918478571080174433e+01
-2.037954871619990627e+01
-2.155510810699692570e+01
-2.270493447774403961e+01
-2.382163955981831904e+01
-2.489697577770832027e+01
-2.592185282817444403e+01
-2.688637477960816469e+01
-2.777989944901473152e+01
-2.859112289193630119e+01
-2.930819114317018759e+01
-2.991883997977295451e+01
-3.041056396822194685e+01
-3.077081420651576948e+01
-3.098722320837871891e+01
-3.104785521258591885e+01
-3.094147692675819172e+01
-3.065784433481904259e+01
-3.018799877149829669e+01
-2.952456406334815497e+01
-2.866203678215653738e+01
-2.759705843451446583e+01
-2.632866109905457463e+01
-2.485847461555174220e+01
-2.319088661212031255e+01
-2.133314559617606676e+01
-1.929539974634739252e+01
-1.709066563987406440e+01
-1.473472339854486712e+01
-1.224593715350019885e+01
-9.645003299115540329e+00
-6.954630825092138480e+00
-4.199161888387948238e+00
-1.404142713209219018e+00
1.404142713380404084e+00
4.199161892438128874e+00
6.954630824287110435e+00
9.645003307099498713e+00
1.224593716199386506e+01
1.473472339933611508e+01
1.709066563736009314e+01
1.929539973193001856e+01
2.133314559893162254e+01
2.319088661165172738e+01
2.485847459602203813e+01
2.632866109263276044e+01
2.759705845790008283e+01
2.866203676770070530e+01
2.952456409998583808e+01
3.018799874957890239e+01
3.065784431652695474e+01
3.094147690524032512e+01
3.104785522112742413e+01
3.098722320112425521e+01
3.077081417926808982e+01
3.041056398301342867e+01
2.991883996534858881e+01
2.930819113903636008e+01
2.859112288520601552e+01
2.777989944607182693e+01
2.688637481746969726e+01
2.592185281989710433e+01
2.489697579018841722e+01
2.382163956330105847e+01
2.270493448083226440e+01
2.155510810056987836e+01
2.037954870490234072e+01
1.918478569474515538e+01
1.797650508950823678e+01
1.675957650199894644e+01
1.553809029177210199e+01
1.431540159221083464e+01
1.309418007773266091e+01
1.187646312280484118e+01
1.066371140142173957e+01
9.456865283264052735e+00
8.256401688383306237e+00
7.062390155948765624e+00
5.874547993523234091e+00
4.692294155274638001e+00
3.514801711850185306e+00
2.341048943913627056e+00
1.169869249449062343e+00
1.528360132837850179e-14
1.019086302420582567e-14
-1.106622963786010994e+00
-2.214593995338599353e+00
-3.325215757572796971e+00
-4.439699722736248688e+00
-5.559119663522261945e+00
-6.684364078674557064e+00
-7.816087362993682675e+00
-8.954659457199875661e+00
-1.010011403045943723e+01
-1.125209519196800123e+01
-1.240980302486950571e+01
-1.357193829641485117e+01
-1.473664709747817447e+01
-1.590146610713573416e+01
-1.706326977920377530e+01
-1.821822064948560183e+01
-1.936172463427646306e+01
-2.048839304755396284e+01
-2.159201365433117914e+01
-2.266553315635947641e+01
-2.370105363132160647e+01
-2.468984574641890717e+01
-2.562238135222812119e+01
-2.648838820498463775e+01
-2.727692913972192557e+01
-2.797650778481773060e+01
-2.857520222905752405e+01
-2.906082759942956528e+01
-2.942112714682449948e+01
-2.964399099921607927e+01
-2.971769979702060027e+01
-2.963118993408865265e+01
-2.937433507648263387e+01
-2.893823763420747852e+01
-2.831552254950360137e+01
-2.750062451314552803e+01
-2.649005909113191848e+01
-2.528266746487954819e+01
-2.387982455877916266e+01
-2.228560056164562653e+01
-2.050686676855014667e+01
-1.855333796938957391e+01
-1.643754550177790819e+01
-1.417473731350556143e+01
-1.178270409263164353e+01
-9.281533243020820834e+00
-6.693295506628034630e+00
-4.041671865271244002e+00
-1.351530903586214638e+00
1.351530904051347459e+00
4.041671865156438059e+00
6.693295506249234528e+00
9.281533244036156205e+00
1.178270409482066228e+01
1.417473731469561926e+01
1.643754550054771357e+01
1.855333796893939180e+01
2.050686676361559790e+01
2.228560056182658400e+01
2.387982455917465430e+01
2.528266746950642840e+01
2.649005909330918840e+01
2.750062451355210058e+01
2.831552254873103180e+01
2.893823764021448497e+01
2.937433507489484086e+01
2.963118993187789485e+01
2.971769979922689231e+01
2.964399099997272558e+01
2.942112715580546123e+01
2.906082757642886705e+01
2.857520222443620739e+01
2.797650778502266888e+01
2.727692915031708765e+01
2.648838818639544712e+01
2.562238135587298871e+01
2.468984574240839436e+01
2.370105363035274593e+01
2.266553315574651961e+01
2.159201365435911768e+01
2.048839304652629423e+01
1.936172463530803256e+01
1.821822064874035974e+01
1.706326978060343080e+01
1.590146611643117325e+01
1.473664709751241375e+01
1.357193829832849019e+01
1.240980302464405405e+01
1.125209519212392806e+01
1.010011403041534805e+01
8.954659459789107601e+00
7.816087363242388619e+00
6.684364077871509657e+00
5.559119659847286066e+00
4.439699722014570860e+00
3.325215756512408305e+00
2.214593995727389242e+00
1.106622963710432561e+00
1.446065851955166870e-14
9.648093795844832423e-15
-1.047345497348189269e+00
-2.096064547685713819e+00
-3.147487612851289640e+00
-4.202858586983432509e+00
-5.263290557228968325e+00
-6.329720480473763011e+00
-7.402862514953701734e+00
-8.483159798850005373e+00
-9.570734614027655240e+00
-1.066533697198709696e+01
-1.176629183812367963e+01
-1.287244537924734722e+01
-1.398211073062596554e+01
-1.509301432914884344e+01
-1.620224355355961876e+01
-1.730619732704083802e+01
-1.840054103378572137e+01
-1.948016776154593899e+01
-2.053916801748507126e+01
-2.157081015176057193e+01
-2.256753433159601130e+01
-2.352096236914202620e+01
-2.442192652907477779e+01
-2.526051963559206115e+01
-2.602616922728140025e+01
-2.670773754129725930e+01
-2.729364926792613488e+01
-2.777204766512514311e+01
-2.813097915682882899e+01
-2.835860544618697077e+01
-2.844344085046090953e+01
-2.837461132815089471e+01
-2.814213038389468124e+01
-2.773718558603817286e+01
-2.715242812411089091e+01
-2.638225680819136443e+01
-2.542308691072381421e+01
-2.427359377884865310e+01
-2.293492088918440075e+01
-2.141084246924299350e+01
-1.970787146409173118e+01
-1.783530504933082028e+01
-1.580520175015185913e+01
-1.363228634580204535e+01
-1.133378148720144729e+01
-8.929167780025656143e+00
-6.439876922308280349e+00
-3.888925445567100514e+00
-1.300499183581600438e+00
1.300499183066740283e+00
3.888925444412547616e+00
6.439876922098961565e+00
8.929167779807865912e+00
1.133378148766068882e+01
1.363228634617638590e+01
1.580520175333242783e+01
1.783530505197219895e+01
1.970787146540062906e+01
2.141084247235686533e+01
2.293492088939529694e+01
2.427359377860572565e+01
2.542308690949738903e+01
2.638225680379862226e+01
2.715242812562723884e+01
2.773718558834801584e+01
2.814213038709241488e+01
2.837461132945403364e+01
2.844344085247072940e+01
2.835860545029724022e+01
2.813097915621240830e+01
2.777204766310402562e+01
2.729364926668956670e+01
2.670773754039375092e+01
2.602616922584427073e+01
2.526051964073892364e+01
2.442192652945018949e+01
2.352096237791777611e+01
2.256753433183738267e+01
2.157081015195764806e+01
2.053916801456625052e+01
1.948016776297843222e+01
1.840054103311373623e+01
1.730619732836965952e+01
1.620224355305826336e+01
1.509301432798011611e+01
1.398211073209505351e+01
1.287244537876429362e+01
1.176629184976007636e+01
1.066533697317091445e+01
9.570734615556693470e+00
8.483159798294204634e+00
7.402862514044024955e+00
6.329720479105851894e+00
5.263290555607588850e+00
4.202858588104790627e+00
3.147487614355670260e+00
2.096064547278727375e+00
1.047345497263949321e+00
1.368911018617133189e-14
9.138367327699127736e-15
-9.917016183326317069e-01
-1.984792176179660972e+00
-2.980619747115160756e+00
-3.980450225233140849e+00
-4.985425324057374041e+00
-5.996519355452001321e+00
-7.014494707302203480e+00
-8.039855672586382340e+00
-9.072800503157759877e+00
-1.011317198459060407e+01
-1.116040624727155972e+01
-1.221348056387807901e+01
-1.327086047123381363e+01
-1.433044715513301881e+01
-1.538952569699490880e+01
-1.644471610721310384e+01
-1.749192817607396222e+01
-1.852632202390434912e+01
-1.954227685415994742e+01
-2.053336957863134415e+01
-2.149236660403535737e+01
-2.241123053067122228e+01
-2.328114558451211735e+01
-2.409256338122629160e+01
-2.483527223344177770e+01
-2.549849181061962966e+01
-2.607099495272806422e+01
-2.654125757714891876e+01
-2.689763680518740685e+01
-2.712857644336707708e+01
-2.722283772644247435e+01
-2.716975211148234592e+01
-2.695949109763769513e+01
-2.658334745164230384e+01
-2.603402008179573457e+01
-2.530589420323558514e+01
-2.439530740596836722e+01
-2.330079147939961004e+01
-2.202327983910794273e+01
-2.056627069851535339e+01
-1.893593662431499780e+01
-1.714117289217924167e+01
-1.519357821965355448e+01
-1.310736448760668083e+01
-1.089919380051517805e+01
-8.587944764873304493e+00
-6.194412433266831108e+00
-3.740949244447282496e+00
-1.251057130720016675e+00
1.251057130350426982e+00
3.740949245095641196e+00
6.194412432313234795e+00
8.587944766917649630e+00
1.089919379239198527e+01
1.310736448163277146e+01
1.519357821309353263e+01
1.714117289476481787e+01
1.893593664899627882e+01
2.056627071314042610e+01
2.202327983742662099e+01
2.330079147688832819e+01
2.439530739007001969e+01
2.530589418419902614e+01
2.603402007386677042e+01
2.658334744390840143e+01
2.695949110058988651e+01
2.716975212429368725e+01
2.722283774832573755e+01
2.712857645103895265e+01
2.689763679984474010e+01
2.654125757468744951e+01
2.607099495699812053e+01
2.549849179968141399e+01
2.483527225147659934e+01
2.409256340015531350e+01
2.328114559490996172e+01
2.241123053319066116e+01
2.149236658721277138e+01
2.053336958968071002e+01
1.954227684883097282e+01
1.852632203066089289e+01
1.749192817281829448e+01
1.644471612029555274e+01
1.538952569447277519e+01
1.433044715534349400e+01
1.327086047653863510e+01
1.221348056476748667e+01
1.116040625928016006e+01
1.011317199278515488e+01
9.072800508168942457e+00
8.039855661161201539e+00
7.014494706773437116e+00
5.996519355289153808e+00
4.985425321347919159e+00
3.980450224829208405e+00
2.980619746234046907e+00
1.984792179276294588e+00
9.917016177356932083e-01
1.296463379628558799e-14
8.659001459872555797e-15
-9.393944418547521824e-01
-1.880184809925674605e+00
-2.823728259976729049e+00
-3.771304000930899125e+00
-4.724073345289097503e+00
-5.683038589429077803e+00
-6.649000510417535814e+00
-7.622514149574034725e+00
-8.603842891430295126e+00
-9.592910706460669346e+00
-1.058925279606660652e+01
-1.159196492329533257e+01
-1.259965186901416168e+01
-1.361037584043973858e+01
-1.462160577918426796e+01
-1.563016865297566760e+01
-1.663220445619708343e+01
-1.762312647802221122e+01
-1.859758905347939262e+01
-1.954946485825627533e+01
-2.047183452182866148e+01
-2.135699090777576004e+01
-2.219646095094063298e+01
-2.298104770314716561e+01
-2.370089491226384482e+01
-2.434557664037921754e+01
-2.490421332873494364e+01
-2.536561562763244382e+01
-2.571845607474689288e+01
-2.595146800651358987e+01
-2.605366967735600170e+01
-2.601461047814037997e+01
-2.582463469751167295e+01
-2.547515693701376449e+01
-2.495894197265161907e+01
-2.427038067200122740e+01
-2.340575273390075850e+01
-2.236346624719045550e+01
-2.114426401724873728e+01
-1.975138671551594882e+01
-1.819068372144860746e+01
-1.647066374794112775e+01
-1.460247922565523204e+01
-1.259984036724524792e+01
-1.047885778641653509e+01
-8.257815023025244727e+00
-5.956875449648432408e+00
-3.597730786997401342e+00
-1.203201174476928204e+00
1.203201172395724328e+00
3.597730785700884226e+00
5.956875446525546458e+00
8.257815020721523069e+00
1.047885778512355870e+01
1.259984036750581460e+01
1.460247922624544614e+01
1.647066375204318689e+01
1.819068372143362922e+01
1.975138671634594445e+01
2.114426401806439770e+01
2.236346624851548626e+01
2.340575273393468692e+01
2.427038067394886767e+01
2.495894197261860370e+01
2.547515693557503980e+01
2.582463470125158622e+01
2.601461047618693101e+01
2.605366967944437562e+01
2.595146800642687879e+01
2.571845607266450529e+01
2.536561562325484687e+01
2.490421332659829901e+01
2.434557663865821553e+01
2.370089491661293124e+01
2.298104770142218456e+01
2.219646095544751674e+01
2.135699090685117696e+01
2.047183452135529791e+01
1.954946485502965103e+01
1.859758905148088814e+01
1.762312648734362241e+01
1.663220444661807562e+01
1.563016864375411252e+01
1.462160577181461640e+01
1.361037584156268565e+01
1.259965186773615464e+01
1.159196492359588504e+01
1.058925280043333927e+01
9.592910707888169242e+00
8.603842891476679355e+00
7.622514153276352289e+00
6.649000511584407747e+00
5.683038592544837897e+00
4.724073343754687571e+00
3.771304000043603111e+00
2.823728259227865411e+00
1.880184809298609760e+00
9.393944419938976553e-01
1.228340036879801334e-14
8.207615024648040190e-15
-8.901605021978217236e-01
-1.781716911820107718e+00
-2.676028375278767690e+00
-3.574380105084260517e+00
-4.477945448764772962e+00
-5.387746702646197150e+00
-6.304614608653949404e+00
-7.229146066161961315e+00
-8.161660047558273234e+00
-9.102151648632196057e+00
-1.005024447141337163e+01
-1.100514143853783722e+01
-1.196557468907667854e+01
-1.292975517841010813e+01
-1.389532284889857650e+01
-1.485929857432808809e+01
-1.581803936400277877e+01
-1.676719846287398141e+01
-1.770169234995476160e+01
-1.861567695530355238e+01
-1.950253535423878404e+01
-2.035487972943732160e+01
-2.116457020097966790e+01
-2.192275300679076722e+01
-2.261992097332302265e+01
-2.324599802674197235e+01
-2.379045001873469900e+01
-2.424242227963807395e+01
-2.459090527610751664e+01
-2.482492666915252855e+01
-2.493376914013691703e+01
-2.490720968265353363e+01
-2.473577716218120415e+01
-2.441102172248427493e+01
-2.392578935606114499e+01
-2.327449308039782139e+01
-2.245337203718129260e+01
-2.146072841222610705e+01
-2.029713199022663517e+01
-1.896558308556190653e+01
-1.747162420880610867e+01
-1.582339262283843517e+01
-1.403160803441170401e+01
-1.210949101613043055e+01
-1.007261096927041777e+01
-7.938665002395745240e+00
0.000000000000000000e+00
-3.459228509528772477e+00
-1.156917938091756692e+00
1.156917938673114765e+00
3.459228508938527291e+00
5.727191914962896035e+00
7.938665003800623232e+00
1.007261095232990655e+01
1.210949101058482036e+01
1.403160802465022883e+01
1.582339262153013415e+01
1.747162421517500874e+01
1.896558308580319618e+01
2.029713199296285353e+01
2.146072836907643122e+01
2.245337203897191358e+01
2.327449308201461875e+01
2.392578935070731205e+01
2.441102174047854234e+01
2.473577716024802697e+01
2.490720968859722362e+01
2.493376914217904528e+01
2.482492667084022386e+01
2.459090525373527569e+01
2.424242228117915943e+01
2.379045002130206043e+01
2.324599805011610698e+01
2.261992094794353747e+01
2.192275299878415851e+01
2.116457020106481934e+01
2.035487972502754772e+01
1.950253535463144416e+01
1.861567696192071963e+01
1.770169235329363744e+01
1.676719848198519713e+01
1.581803935923795201e+01
1.485929858193016351e+01
1.389532285873253947e+01
1.292975517860259238e+01
1.196557468730628671e+01
1.100514144921729986e+01
1.005024446702437935e+01
9.102151645597363228e+00
8.161660049928288529e+00
7.229146066857019548e+00
6.304614607826328765e+00
5.387746699806421624e+00
4.477945447238293575e+00
3.574380103909479356e+00
2.676028375185297570e+00
1.781716912262771402e+00
8.901605020779509436e-01
1.164201107283684856e-14
7.782088403200525935e-15
-8.437653748886226879e-01
-1.688920807700640347e+00
-2.536821516828590362e+00
-3.388752595547147362e+00
-4.245893008654915590e+00
-5.109278308090854814e+00
-5.979762019244846627e+00
-6.857975153141120828e+00
-7.744284010705786869e+00
-8.638745957708890089e+00
-9.541063498386023412e+00
-1.045053659891676290e+01
-1.136601407516181439e+01
-1.228584438241965415e+01
-1.320782668857668796e+01
-1.412916369715324905e+01
-1.504641708645837284e+01
-1.595546754630374764e+01
-1.685148137692025117e+01
-1.772888549084800047e+01
-1.858135386232449093e+01
-1.940180710109588347e+01
-2.018242849877563572e+01
-2.091469879001633814e+01
-2.158945266318975342e+01
-2.219695843724584705e+01
-2.272702343165223127e+01
-2.316912622575630820e+01
-2.351257568682308374e+01
-2.374669684447735563e+01
-2.386104147698192079e+01
-2.384562155321295052e+01
-2.369115995131622299e+01
-2.338935350544651826e+01
-2.293314227700233587e+01
-2.231697544574407743e+01
-2.153706708211596776e+01
-2.059162904291267537e+01
-1.948107423488826484e+01
-1.820817851577122681e+01
-1.677819311311409933e+01
-1.519889844038411475e+01
-1.348059520229583086e+01
-1.163602684885258576e+01
-9.680232800122150039e+00
-7.630333725938016620e+00
-5.505252650187076213e+00
-3.325379265395191908e+00
-1.112186778104050866e+00
1.112186780818088083e+00
3.325379264257157796e+00
5.505252653640205551e+00
7.630333705196667538e+00
9.680232800179556563e+00
1.163602684970355838e+01
1.348059520106414766e+01
1.519889843355072223e+01
1.677819311481284714e+01
1.820817852938907677e+01
1.948107421880947854e+01
2.059162904990569132e+01
2.153706703793591970e+01
2.231697544887762064e+01
2.293314230332843806e+01
2.338935352907664722e+01
2.369115995882669878e+01
2.384562157378815428e+01
2.386104148199927621e+01
2.374669685970613742e+01
2.351257571642087285e+01
2.316912625572749462e+01
2.272702345844745864e+01
2.219695836898180374e+01
2.158945266637901028e+01
2.091469874593863310e+01
2.018242847913084859e+01
1.940180710627146254e+01
1.858135389538543691e+01
1.772888549738220831e+01
1.685148139547595392e+01
1.595546754611388884e+01
1.504641708602408556e+01
1.412916369414944917e+01
1.320782666436836905e+01
1.228584435414240161e+01
1.136601407545169451e+01
1.045053659902936616e+01
9.541063510334170772e+00
8.638745968018142207e+00
7.744284010042015609e+00
6.857975150233661665e+00
5.979762012935731619e+00
5.109278306531129132e+00
4.245893006649091639e+00
3.388752600226261791e+00
2.536821511320367595e+00
1.688920809435070503e+00
8.437653745169958475e-01
1.103744084215657334e-14
7.380529158968611893e-15
-7.999998558361668399e-01
-1.601379074008131953e+00
-2.405483990659477378e+00
-3.213594467404567556e+00
-4.026889692297474177e+00
-4.846412735287289664e+00
-5.673033680860048555e+00
-6.507410992605529465e+00
-7.349951109522881332e+00
-8.200765868460406338e+00
-9.059628129712843148e+00
-9.925925962941461123e+00
-1.079861513656794436e+01
-1.167617128992178799e+01
-1.255654217377174575e+01
-1.343710099870584607e+01
-1.431460250388745870e+01
-1.518514298843221155e+01
-1.604412676641210922e+01
-1.688624015357164865e+01
-1.770543647578542945e+01
-1.849493394266981028e+01
-1.924722889683738813e+01
-1.995412755946166783e+01
-2.060679857065617782e+01
-2.119584801373706995e+01
-2.171142040093710435e+01
-2.214332412180295151e+01
-2.248118561561984663e+01
-2.271462809913116487e+01
-2.283347602076571548e+01
-2.282798130548548698e+01
-2.268906786891319172e+01
-2.240858839434617877e+01
-2.197958762852485037e+01
-2.139656340216808417e+01
-2.065571758941077718e+01
-1.975518594341903267e+01
-1.869523923621515848e+01
-1.747844378375080154e+01
-1.610977380601870124e+01
-1.459666744183916087e+01
-1.294902006458215560e+01
-1.117911060047162231e+01
-9.301460755158531768e+00
-7.332625635998097025e+00
-5.290922725971719309e+00
-3.196104060798381941e+00
-1.068981687210150522e+00
1.068981688799514718e+00
3.196104061793031192e+00
5.290922745472701472e+00
7.332625624943151621e+00
9.301460751847034913e+00
1.117911063111280612e+01
1.294902005908412868e+01
1.459666744323642362e+01
1.610977380457771702e+01
1.747844379597624354e+01
1.869523924597365649e+01
1.975518600007447034e+01
2.065571758987513462e+01
2.139656341535798845e+01
2.197958761886578571e+01
2.240858840397024565e+01
2.268906787030272909e+01
2.282798130356499300e+01
2.283347598618999541e+01
2.271462810509710195e+01
2.248118561573602392e+01
2.214332411957204627e+01
2.171142039241300026e+01
2.119584809099169931e+01
2.060679849724257195e+01
1.995412758526113706e+01
1.924722886540098798e+01
1.849493393275703212e+01
1.770543649071408154e+01
1.688624011884780884e+01
1.604412676770008517e+01
1.518514301353845752e+01
1.431460248589792705e+01
1.343710098959485322e+01
1.255654217178111764e+01
1.167617129842429335e+01
1.079861512855292105e+01
9.925925980165517970e+00
9.059628124984484998e+00
8.200765883689772551e+00
7.349951107880788648e+00
6.507410995115765040e+00
5.673033677662688845e+00
4.846412745690689583e+00
4.026889698944922991e+00
3.213594468112136227e+00
2.405483980481382567e+00
1.601379071014119360e+00
7.999998542914562583e-01
1.046698924826556411e-14
7.001241913096473704e-15
-7.586766107251136093e-01
-1.518717862155962495e+00
-2.281457108519040489e+00
-3.048164682388983415e+00
-3.820015438709527089e+00
-4.598055065720968670e+00
-5.383164912237463184e+00
-6.176025155215968176e+00
-6.977075960929029819e+00
-7.786476693885211020e+00
-8.604063211803445910e+00
-9.429303419972853817e+00
-1.026125126873765936e+01
-1.109850026377787913e+01
-1.193913677542262697e+01
-1.278069402453436432e+01
-1.362010903622712910e+01
-1.445368264441559525e+01
-1.527704570105677995e+01
-1.608513268542821706e+01
-1.687216526316045062e+01
-1.763164841464115540e+01
-1.835638142180894050e+01
-1.903848666226193131e+01
-1.966945827646110345e+01
-2.024023333482823617e+01
-2.074128730698643608e+01
-2.116275495608176982e+01
-2.149457769616349267e+01
-2.172667665996727848e+01
-2.184915023358566444e+01
-2.185249403197517282e+01
-2.172783828243034776e+01
-2.146719860386530598e+01
-2.106373358539791241e+01
-2.051199972065458255e+01
-1.980819840467905735e+01
-1.895040203065226692e+01
-1.793875241672425958e+01
-1.677561998293888834e+01
-1.546571611560998782e+01
-1.401615035582587154e+01
-1.243642612737917119e+01
-1.073837138644596578e+01
-8.936002172583640046e+00
-7.045320145410219226e+00
-5.084048497385757592e+00
-3.071312263818331445e+00
-1.027272725362649908e+00
1.027272726205438635e+00
3.071312262225879497e+00
5.084048502469470598e+00
7.045320149951471045e+00
8.936002164940218151e+00
1.073837138685455095e+01
1.243642612752403487e+01
1.401615034248280445e+01
1.546571611890449915e+01
1.677561995829804431e+01
1.793875245555121012e+01
1.895040208031689843e+01
1.980819840257312947e+01
2.051199971822043722e+01
2.106373358002513285e+01
2.146719863790738714e+01
2.172783826097435522e+01
2.185249401302809247e+01
2.184915022068721413e+01
2.172667660570038350e+01
2.149457767371061934e+01
2.116275494891829823e+01
2.074128728926282506e+01
2.024023334744252267e+01
1.966945828852849232e+01
1.903848667995064758e+01
1.835638140915706984e+01
1.763164837414473851e+01
1.687216523776214672e+01
1.608513264531963927e+01
1.527704564992168024e+01
1.445368263343998017e+01
1.362010903761076364e+01
1.278069402787644471e+01
1.193913677001847340e+01
1.109850030078163208e+01
1.026125125997377552e+01
9.429303414812462591e+00
8.604063204549607491e+00
7.786476692624933804e+00
6.977075959468294286e+00
6.176025157898035189e+00
5.383164915547536289e+00
4.598055069395790007e+00
3.820015449259349882e+00
3.048164681262997000e+00
2.281457101536011667e+00
1.518717866750068479e+00
7.586766117447405477e-01
9.928237440671393451e-15
6.642702395657275757e-15
-7.196273052732659048e-01
-1.440601203820667253e+00
-2.164238640221863630e+00
-2.891796854473981604e+00
-3.624442518999137164e+00
-4.363219785060834965e+00
-5.109016723990335684e+00
-5.862530155941315435e+00
-6.624228465227525398e+00
-7.394312438657334674e+00
-8.172674187514001432e+00
-8.958854052612675645e+00
-9.751996297689844440e+00
-1.055080368230906451e+01
-1.135349186477533934e+01
-1.215774455722355007e+01
-1.296067078067029144e+01
-1.375876540826040006e+01
-1.454787521457245880e+01
-1.532317178620022879e+01
-1.607913434357047322e+01
-1.680954408446243775e+01
-1.750749321654208046e+01
-1.816541061983881278e+01
-1.877510737713296862e+01
-1.932784396309384434e+01
-1.981442052377117946e+01
-2.022529314482770957e+01
-2.055071497248860268e+01
-2.078090340356956389e+01
-2.090623101654696114e+01
-2.091743884652002095e+01
-2.080586745295824258e+01
-2.056370115705378865e+01
-2.018421908848463886e+01
-1.966204575412083955e+01
-1.899339192870807480e+01
-1.817627808218520258e+01
-1.721072900567233077e+01
-1.609893217469938165e+01
-1.484534927328705223e+01
-1.345677465315357502e+01
-1.194233324845811417e+01
-1.031341499944646678e+01
-8.583543324635050098e+00
-6.768178935571337540e+00
-4.884462844371758372e+00
-2.950904906855310816e+00
-9.870271230393666828e-01
9.870271230387622774e-01
2.950904906895869040e+00
4.884462846644803236e+00
6.768178937401803097e+00
8.583543323445184114e+00
1.031341499867842160e+01
1.194233323397340563e+01
1.345677464396426259e+01
1.484534927215582734e+01
1.609893217446901659e+01
1.721072900927093841e+01
1.817627806722163442e+01
1.899339197055691386e+01
1.966204571329940620e+01
2.018421910772038430e+01
2.056370115102900087e+01
2.080586745451211073e+01
2.091743882790399311e+01
2.090623101695311092e+01
2.078090340451240436e+01
2.055071497357555543e+01
2.022529313640903226e+01
1.981442049399416305e+01
1.932784393132210710e+01
1.877510737762877824e+01
1.816541059336827502e+01
1.750749323562204296e+01
1.680954408914191234e+01
1.607913432660330955e+01
1.532317180223661524e+01
1.454787519197947532e+01
1.375876542229379496e+01
1.296067077091714559e+01
1.215774456645801216e+01
1.135349186673338906e+01
1.055080366723558427e+01
9.751996299628773457e+00
8.958854053452528277e+00
8.172674190124716631e+00
7.394312451333617808e+00
6.624228460522831874e+00
5.862530151351998953e+00
5.109016736150443272e+00
4.363219790636279960e+00
3.624442522488933172e+00
2.891796855788883569e+00
2.164238638619274901e+00
1.440601206777059273e+00
7.196273072895489342e-01
9.419011056372572019e-15
6.303534951633025686e-15
-6.827000984940236883e-01
-1.366725998538593778e+00
-2.053375417664316860e+00
-2.743889505222513847e+00
-3.439423583264608286e+00
-4.141016653722018326e+00
-4.849559628022269031e+00
-5.565761564678215478e+00
-6.290114236115325497e+00
-7.022854411127212870e+00
-7.763924373167879089e+00
-8.512930369478427295e+00
-9.269099641816337609e+00
-1.003123628266910572e+01
-1.079767682783785432e+01
-1.156624637320472715e+01
-1.233421646151208684e+01
-1.309826603334802542e+01
-1.385444741709855343e+01
-1.459815900398147015e+01
-1.532412704334636366e+01
-1.602639866471892205e+01
-1.669834875407224573e+01
-1.733270335835132769e+01
-1.792158168813075392e+01
-1.845655936466672031e+01
-1.892875467803235878e+01
-1.932893924175792577e+01
-1.964767383941357437e+01
-1.987546938675754049e+01
-2.000297173679956231e+01
-2.002116818239225182e+01
-1.992161202746413551e+01
-1.969666039848312877e+01
-1.933971921336339506e+01
-1.884548796202122745e+01
-1.821019602026979101e+01
-1.743182165205145751e+01
-1.651028386365458189e+01
-1.544759911689641463e+01
-1.424799196939089718e+01
-1.291795443636687146e+01
-1.146624605743642178e+01
-9.903832010703089495e+00
-8.243756232068516709e+00
-6.500951456142330720e+00
-4.691989317397060155e+00
-2.834777147699659050e+00
-9.482100976893952371e-01
9.482100970594936618e-01
2.834777147618743776e+00
4.691989317388157055e+00
6.500951466553391178e+00
8.243756239896551818e+00
9.903832012409770513e+00
1.146624607095690429e+01
1.291795443914360852e+01
1.424799196891994413e+01
1.544759911620745463e+01
1.651028386051581265e+01
1.743182165041300635e+01
1.821019599687979351e+01
1.884548795878692573e+01
1.933971922051941661e+01
1.969666040125338569e+01
1.992161201952844252e+01
2.002116817893258016e+01
2.000297173495517811e+01
1.987546939064065299e+01
1.964767384173335785e+01
1.932893924874132097e+01
1.892875467859913741e+01
1.845655936835483146e+01
1.792158169474614127e+01
1.733270336797452060e+01
1.669834876431806236e+01
1.602639865264296759e+01
1.532412705205475767e+01
1.459815901086031253e+01
1.385444740667606389e+01
1.309826603690011915e+01
1.233421646819178541e+01
1.156624637648286225e+01
1.079767682280996333e+01
1.003123627392673889e+01
9.269099655200715659e+00
8.512930375741532885e+00
7.763924374383603499e+00
7.022854408052390696e+00
6.290114242712118831e+00
5.565761559408307413e+00
4.849559626355582687e+00
4.141016657370554910e+00
3.439423579852353363e+00
2.743889507179914755e+00
2.053375417835507921e+00
1.366725999687600890e+00
6.827000986807387761e-01
8.937348068242945177e-15
5.982493385541728229e-15
-6.477575068797065683e-01
-1.296817783749071751e+00
-1.948457003559424194e+00
-2.603897746363581067e+00
-3.264281243202102445e+00
-3.930638422804661580e+00
-4.603859605065149019e+00
-5.284662341112003503e+00
-5.973557429030280197e+00
-6.670812813615042636e+00
-7.376415572833515455e+00
-8.090031799527931611e+00
-8.810965072608698989e+00
-9.538113592990763223e+00
-1.026992693657103040e+01
-1.100436314114173442e+01
-1.173884723145046749e+01
-1.247023283051697540e+01
-1.319476810611070938e+01
-1.390806819527065485e+01
-1.460509623802138357e+01
-1.528015512194862957e+01
-1.592689269052360501e+01
-1.653832243210821673e+01
-1.710686275097929965e+01
-1.762439629550566167e+01
-1.808235212821873361e+01
-1.847181124037375710e+01
-1.878363717998325200e+01
-1.900863098707105792e+01
-1.913770979007446371e+01
-1.916210685736347941e+01
-1.907358963250428729e+01
-1.886469107840763115e+01
-1.852894852040980567e+01
-1.806114273507165535e+01
-1.745752925797979671e+01
-1.671605322760606782e+01
-1.583653822607051964e+01
-1.482084048772244778e+01
-1.367295935045921773e+01
-1.239909696591885790e+01
-1.100766051621505781e+01
-9.509203448897048716e+00
-7.916303540665063032e+00
-6.243378899964014295e+00
-4.506445083600176815e+00
-2.722820113873824166e+00
-9.107855055142081158e-01
9.107855055046667481e-01
2.722820116420822778e+00
4.506445079812883669e+00
6.243378898807312893e+00
7.916303551643633085e+00
9.509203452441724380e+00
1.100766051273714119e+01
1.239909695248172916e+01
1.367295934806418067e+01
1.482084047236741675e+01
1.583653824006323063e+01
1.671605322626887258e+01
1.745752925526464594e+01
1.806114270938224209e+01
1.852894851047916092e+01
1.886469107436164450e+01
1.907358963712740518e+01
1.916210686831897902e+01
1.913770978650637389e+01
1.900863099466227979e+01
1.878363719191350611e+01
1.847181125325045414e+01
1.808235212340266074e+01
1.762439630111911626e+01
1.710686272325351354e+01
1.653832242779642669e+01
1.592689268783946410e+01
1.528015512892117833e+01
1.460509624138022389e+01
1.390806820834792568e+01
1.319476810547633860e+01
1.247023284706042467e+01
1.173884722751044585e+01
1.100436312940857242e+01
1.026992694309824294e+01
9.538113587460724574e+00
8.810965075775305522e+00
8.090031796471903291e+00
7.376415573451838625e+00
6.670812821918810087e+00
5.973557422610911161e+00
5.284662337940430277e+00
4.603859609173623468e+00
3.930638425202138908e+00
3.264281237021819049e+00
2.603897747596988221e+00
1.948457001845530279e+00
1.296817785404239975e+00
6.477575071522656547e-01
8.481471404335471350e-15
5.678444229762357287e-15
-6.146745614886852671e-01
-1.230627041817212275e+00
-1.849110179440640822e+00
-2.471325954328431607e+00
-3.098399239482347411e+00
-3.731350348267091999e+00
-4.371066113113988294e+00
-5.018269236577742376e+00
-5.673485791531599709e+00
-6.337010589227234370e+00
-7.008870610757888642e+00
-7.688786378399169230e+00
-8.376131703423164154e+00
-9.069892243814852151e+00
-9.768623280589251223e+00
-1.047040788065129391e+01
-1.117281623633072662e+01
-1.187286768986353458e+01
-1.256699688110814250e+01
-1.325102612175771100e+01
-1.392014562587557336e+01
-1.456890425676361467e+01
-1.519121293835171116e+01
-1.578036328740755678e+01
-1.632906377187794433e+01
-1.682949580638626230e+01
-1.727339146949573845e+01
-1.765213467791206980e+01
-1.795688623209916912e+01
-1.817873317124950816e+01
-1.830886122093913215e+01
-1.833874844335855769e+01
-1.826037678110173346e+01
-1.806645709280919831e+01
-1.775066171987413099e+01
-1.730785793705228670e+01
-1.673433415182628892e+01
-1.602801036839867521e+01
-1.518862389047908223e+01
-1.421788122523466136e+01
-1.311956778524607437e+01
-1.189960784801226268e+01
-1.056606877905826103e+01
-9.129105387706811570e+00
-7.600842654235148821e+00
-5.995197531811956360e+00
-4.327643271743927045e+00
-2.614922314823375338e+00
-8.747162865464888082e-01
8.747162866131906744e-01
2.614922314602007969e+00
4.327643271944499048e+00
5.995197532352965375e+00
7.600842653784220637e+00
9.129105387975712915e+00
1.056606877830600411e+01
1.189960784724524423e+01
1.311956778327931339e+01
1.421788122575069835e+01
1.518862388834415711e+01
1.602801037279968810e+01
1.673433415287200887e+01
1.730785793838648701e+01
1.775066172247155905e+01
1.806645709111517917e+01
1.826037677854115060e+01
1.833874843978597724e+01
1.830886122629540580e+01
1.817873316419933261e+01
1.795688622914058286e+01
1.765213466523037056e+01
1.727339146756387933e+01
1.682949579684015262e+01
1.632906376976177398e+01
1.578036327898244195e+01
1.519121294203248596e+01
1.456890426190534349e+01
1.392014562121130083e+01
1.325102612947582870e+01
1.256699688344915700e+01
1.187286768187428443e+01
1.117281623979494221e+01
1.047040788795456479e+01
9.768623277432110896e+00
9.069892235428939742e+00
8.376131709177840889e+00
7.688786380420213895e+00
7.008870622228097425e+00
6.337010596331725587e+00
5.673485788415844056e+00
5.018269231486514492e+00
4.371066112017607530e+00
3.731350352030869733e+00
3.098399240694314383e+00
2.471325949877416939e+00
1.849110179022178668e+00
1.230627041885078654e+00
6.146745613812427678e-01
8.049765034520894751e-15
5.390352763232811167e-15
-5.833372405767236479e-01
-1.167926095744216797e+00
-1.754994339030213402e+00
-2.345721679508014468e+00
-2.941214780265444695e+00
-3.542481159612203445e+00
-4.150401686096722997e+00
-4.765701332965440074e+00
-5.388918100904009911e+00
-6.020369831816243078e+00
-6.660119008174397059e+00
-7.307935615548593056e+00
-7.963258170231918065e+00
-8.625153546217196876e+00
-9.292276016945328010e+00
-9.962826277399191355e+00
-1.063451174122560161e+01
-1.130450899746908888e+01
-1.196943039989063351e+01
-1.262529613474917234e+01
-1.326751405425521568e+01
-1.389086939683635968e+01
-1.448952669694404349e+01
-1.505704623684962762e+01
-1.558641760665286213e+01
-1.607011239878390185e+01
-1.650015803807307080e+01
-1.686823436422298528e+01
-1.716579358949935852e+01
-1.738420406679944819e+01
-1.751491673212795774e+01
-1.754965250616275796e+01
-1.748060746630387641e+01
-1.730067145082133351e+01
-1.700365458665515916e+01
-1.658451489742941121e+01
-1.603957940743806887e+01
-1.536675023660129646e+01
-1.456568683870503378e+01
-1.363795573850346976e+01
-1.258713905576877146e+01
-1.141889481079009450e+01
-1.014096283336968085e+01
-8.763112193642433212e+00
-7.297028411199085518e+00
-5.756141013470696954e+00
-4.155394813400612009e+00
-2.510970784374182863e+00
-8.399648704106216224e-01
8.399648705698402607e-01
2.510970784181247861e+00
4.155394812998705056e+00
5.756141013249764349e+00
7.297028413277839576e+00
8.763112192006486723e+00
1.014096283277179111e+01
1.141889481136047024e+01
1.258713905606225403e+01
1.363795574056802096e+01
1.456568684010930070e+01
1.536675022662609535e+01
1.603957941074659388e+01
1.658451489274909463e+01
1.700365459198457074e+01
1.730067144973381588e+01
1.748060745272578487e+01
1.754965251186788322e+01
1.751491673936367022e+01
1.738420407310022142e+01
1.716579358965499580e+01
1.686823435560556916e+01
1.650015803386781954e+01
1.607011239403581726e+01
1.558641761646846824e+01
1.505704623238119311e+01
1.448952670388716335e+01
1.389086940291908334e+01
1.326751403722817813e+01
1.262529612055351436e+01
1.196943040273362691e+01
1.130450900296263583e+01
1.063451173220370194e+01
9.962826272115055559e+00
9.292276017228033425e+00
8.625153557119867642e+00
7.963258165141350098e+00
7.307935618932146049e+00
6.660119011357314101e+00
6.020369832511298647e+00
5.388918099635676029e+00
4.765701335484160417e+00
4.150401684322518214e+00
3.542481158791587870e+00
2.941214779745056074e+00
2.345721679802763582e+00
1.754994338415709398e+00
1.167926095003641862e+00
5.833372406710349845e-01
7.640753983922859573e-15
5.117270746909470449e-15
-5.536411190023889928e-01
-1.108506397757263340e+00
-1.665797442533291095e+00
-2.226670335417613167e+00
-2.792211985462730084e+00
-3.363415303768758857e+00
-3.941153063918451327e+00
-4.526150009468582702e+00
-5.118953103833766782e+00
-5.719899764796164909e+00
-6.329084078343106157e+00
-6.946320898823344692e+00
-7.571108357317299919e+00
-8.202588892366270201e+00
-8.839509349543337891e+00
-9.480181239537198934e+00
-1.012244165372276150e+01
-1.076361652594640539e+01
-1.140048738885960589e+01
-1.202926347485652592e+01
-1.264556118961555242e+01
-1.324439285825041424e+01
-1.382016724064737190e+01
-1.436670408692512169e+01
-1.487726515013210182e+01
-1.534460366710258050e+01
-1.576103447676134195e+01
-1.611852614395629502e+01
-1.640881611717753330e+01
-1.662354889906670508e+01
-1.675443673501919406e+01
-1.679344086355184373e+01
-1.673297035174282854e+01
-1.656609447758303588e+01
-1.628676301970135043e+01
-1.589002824745695719e+01
-1.537226078497649340e+01
-1.473135129891926809e+01
-1.396688921821329288e+01
-1.308031005788976842e+01
-1.207500282561426985e+01
-1.095637044516363723e+01
-9.731837183990332818e+00
-8.410799091766872237e+00
-7.004515495004906001e+00
-5.525942231372926727e+00
-3.989509755089629017e+00
-2.410851905386853122e+00
-8.064934429298147300e-01
8.064934428264305399e-01
2.410851905386049765e+00
3.989509755414442083e+00
5.525942229741626299e+00
7.004515495789197743e+00
8.410799092467923899e+00
9.731837179191108689e+00
1.095637044212499411e+01
1.207500282780131862e+01
1.308031005851718653e+01
1.396688922057691684e+01
1.473135129446812641e+01
1.537226078832360798e+01
1.589002824788673252e+01
1.628676301156139417e+01
1.656609446447434308e+01
1.673297034564982866e+01
1.679344085370077977e+01
1.675443672934340000e+01
1.662354889472385011e+01
1.640881611557664144e+01
1.611852615450896664e+01
1.576103446851028700e+01
1.534460367143898729e+01
1.487726514188105220e+01
1.436670408897754392e+01
1.382016724192696699e+01
1.324439285359446394e+01
1.264556119220266162e+01
1.202926347528666362e+01
1.140048736723211675e+01
1.076361651906438333e+01
1.012244166054599326e+01
9.480181234773114696e+00
8.839509343874086156e+00
8.202588879229201879e+00
7.571108376327300604e+00
6.946320896925374022e+00
6.329084069055443074e+00
5.719899770538128259e+00
5.118953100319507676e+00
4.526150011742914536e+00
3.941153068061548304e+00
3.363415306965212626e+00
2.792211978244329984e+00
2.226670336545048645e+00
1.665797442371302672e+00
1.108506398944447247e+00
5.536411186486681624e-01
7.253086803519047236e-15
4.858326147166693355e-15
-5.254902105519582145e-01
-1.052176249592120305e+00
-1.581232599120293347e+00
-2.113790654491747745e+00
-2.650916298911802027e+00
-3.193586329226967724e+00
-3.742663617310971080e+00
-4.298870440850514285e+00
-4.862760149727626491e+00
-5.434686695411917512e+00
-6.014772090584929565e+00
-6.602872039726076281e+00
-7.198539533152381154e+00
-7.800987253996657600e+00
-8.409048809550867531e+00
-9.021139983710853016e+00
-9.635220545089861588e+00
-1.024875817748219653e+01
-1.085869551421049373e+01
-1.146142242721397686e+01
-1.205275505061577057e+01
-1.262792373571944538e+01
-1.318157246444579123e+01
-1.370777133509883861e+01
-1.420004537958938684e+01
-1.465142095969203062e+01
-1.505449229676843359e+01
-1.540150938695171767e+01
-1.568448837930707107e+01
-1.589534446040687499e+01
-1.602604682239199718e+01
-1.606879395583148806e+01
-1.601620623463886162e+01
-1.586153205816823153e+01
-1.559886219222676829e+01
-1.522334590343622729e+01
-1.473140167789324728e+01
-1.412091445772973763e+01
-1.339141081578702241e+01
-1.254420372012963014e+01
-1.158249870660138825e+01
-1.051145431343889847e+01
-9.338190951977367149e+00
-8.071744113165854273e+00
-6.722960098765927484e+00
-5.304334765659461048e+00
-3.829798366670986720e+00
-2.314452078581184402e+00
-7.742641786598790654e-01
7.742641786703515772e-01
2.314452078748013619e+00
3.829798366454880476e+00
5.304334764580384665e+00
6.722960097793678536e+00
8.071744114035331208e+00
9.338190951608620338e+00
1.051145431542791542e+01
1.158249870272267756e+01
1.254420371892970110e+01
1.339141081887095375e+01
1.412091445787079635e+01
1.473140167719268590e+01
1.522334590645045616e+01
1.559886219494250348e+01
1.586153206594832277e+01
1.601620623614023131e+01
1.606879395661819032e+01
1.602604682226806432e+01
1.589534444573098604e+01
1.568448838252013644e+01
1.540150939340255398e+01
1.505449229415023282e+01
1.465142095033876934e+01
1.420004537490056684e+01
1.370777131730861065e+01
1.318157244733497535e+01
1.262792373621848085e+01
1.205275504688103005e+01
1.146142242736480377e+01
1.085869551053105475e+01
1.024875816950178553e+01
9.635220551492539087e+00
9.021139981343242908e+00
8.409048804415789391e+00
7.800987254399335491e+00
7.198539546734213701e+00
6.602872032354990317e+00
6.014772095177072231e+00
5.434686695601954831e+00
4.862760147472761751e+00
4.298870437061705019e+00
3.742663611942667501e+00
3.193586335496227946e+00
2.650916293731087503e+00
2.113790654230985222e+00
1.581232596470943719e+00
1.052176250026907400e+00
5.254902105498974185e-01
6.885520880031250481e-15
4.612714181379483434e-15
-4.987959908312332713e-01
-9.987588202424095840e-01
-1.501035140192035655e+00
-2.006730819483936390e+00
-2.516889691848889221e+00
-3.032471205081363141e+00
-3.554326734399337884e+00
-4.083174241868773535e+00
-4.619571145576212956e+00
-5.163885117737883057e+00
-5.716262947217793489e+00
-6.276597334931842909e+00
-6.844491846124705958e+00
-7.419224483480126864e+00
-7.999710123134843087e+00
-8.584462752300295207e+00
-9.171558199151085944e+00
-9.758598614993992726e+00
-1.034268016715089189e+01
-1.092036519000800610e+01
-1.148766107275723947e+01
-1.204000756992556376e+01
-1.257227485128661826e+01
-1.307877460692510674e+01
-1.355328637664934988e+01
-1.398910111674241286e+01
-1.437908442664091702e+01
-1.471576025736800553e+01
-1.499141674366334875e+01
-1.519823401452981315e+01
-1.532843353404688180e+01
-1.537444749185084447e+01
-1.532910534885391840e+01
-1.518583390016663870e+01
-1.493886549324781399e+01
-1.458344856546627710e+01
-1.411605312351229458e+01
-1.353456353463544914e+01
-1.283845005059491839e+01
-1.202891103363980463e+01
-1.110897770289643915e+01
-1.008357455553494297e+01
-8.959529465660612146e+00
-7.745529611902767009e+00
-6.452021286837787528e+00
-5.091054009733313457e+00
-3.676071976552051979e+00
-2.221658243424077472e+00
-7.432394158876610701e-01
7.432394158934545469e-01
2.221658243493626728e+00
3.676071977300293447e+00
5.091054010553754061e+00
6.452021285452755883e+00
7.745529612416458320e+00
8.959529462801587130e+00
1.008357455708428496e+01
1.110897770222309155e+01
1.202891103114416360e+01
1.283845005324522681e+01
1.353456353408704338e+01
1.411605312111504951e+01
1.458344855507068871e+01
1.493886549490573756e+01
1.518583390699796354e+01
1.532910535893361725e+01
1.537444747625413122e+01
1.532843353155395505e+01
1.519823401084431502e+01
1.499141673788331452e+01
1.471576025130770127e+01
1.437908441638099433e+01
1.398910111485745134e+01
1.355328636662588870e+01
1.307877461688696741e+01
1.257227485647217335e+01
1.204000755639358822e+01
1.148766107901290745e+01
1.092036521146911809e+01
1.034268016293357562e+01
9.758598612238301939e+00
9.171558193394554692e+00
8.584462752132619556e+00
7.999710130894793103e+00
7.419224484294927535e+00
6.844491840697308760e+00
6.276597327950041105e+00
5.716262949427310502e+00
5.163885111401819827e+00
4.619571139962804551e+00
4.083174254987520513e+00
3.554326731250736948e+00
3.032471207574356953e+00
2.516889696442233593e+00
2.006730817509263964e+00
1.501035140638274479e+00
9.987588204713764295e-01
4.987959893672350153e-01
6.536909636542432139e-15
4.379689742823356871e-15
-4.734765379276353325e-01
-9.480904744745067836e-01
-1.424960096912992968e+00
-1.905165129000796931e+00
-2.389726544631580740e+00
-2.879585406189202335e+00
-3.375580304284343747e+00
-3.878423199570492752e+00
-4.388673535138631010e+00
-4.906710279126189178e+00
-5.432702034170290517e+00
-5.966574999779815869e+00
-6.507979391420804838e+00
-7.056253925778232627e+00
-7.610389660216273278e+00
-8.168993009285960838e+00
-8.730249624977998835e+00
-9.291889344402395778e+00
-9.851154485459527876e+00
-1.040477208832448319e+01
-1.094893267907955625e+01
-1.147927690906738540e+01
-1.199089260361520459e+01
-1.247832432417380844e+01
-1.293559743962505237e+01
-1.335625916960497150e+01
-1.373343841613129435e+01
-1.405992558248540902e+01
-1.432827397918175549e+01
-1.453092265653823922e+01
-1.466034034029592981e+01
-1.470918908813370507e+01
-1.467050484954009093e+01
-1.453789148661011410e+01
-1.430572309398704611e+01
-1.396934889570099614e+01
-1.352529356731401400e+01
-1.297144544383044540e+01
-1.230722449227845239e+01
-1.153372187774163216e+01
-1.065380324987269134e+01
-9.672168971420056494e+00
-8.595365395648466134e+00
-7.431743382526390995e+00
-6.191362021746845024e+00
-4.885838023403879404e+00
-3.528143622617827990e+00
-2.132358286420083182e+00
-7.133817947165590478e-01
7.133817947028621154e-01
2.132358286497420874e+00
3.528143623083441760e+00
4.885838024442838545e+00
6.191362021352969869e+00
7.431743382278145127e+00
8.595365395480849102e+00
9.672168970138352861e+00
1.065380325407111783e+01
1.153372188160281020e+01
1.230722449337805990e+01
1.297144544074919104e+01
1.352529356962908658e+01
1.396934890272584617e+01
1.430572309883174675e+01
1.453789149061885588e+01
1.467050485018938666e+01
1.470918908436456540e+01
1.466034034551903531e+01
1.453092265003840566e+01
1.432827399308906813e+01
1.405992559593885360e+01
1.373343841957819578e+01
1.335625919210415269e+01
1.293559743258177619e+01
1.247832430909253176e+01
1.199089260243031241e+01
1.147927689827227837e+01
1.094893268276726950e+01
1.040477209540300407e+01
9.851154476770343393e+00
9.291889331314823863e+00
8.730249623700157002e+00
8.168993023905722239e+00
7.610389660212659280e+00
7.056253922552517821e+00
6.507979380967158889e+00
5.966574994174757229e+00
5.432702036488117336e+00
4.906710287951868921e+00
4.388673535536688597e+00
3.878423190019030020e+00
3.375580298325220330e+00
2.879585410681129609e+00
2.389726552893536748e+00
1.905165127511479373e+00
1.424960095739229660e+00
9.480904735470924161e-01
4.734765389605027353e-01
6.206191704184304872e-15
