0.000000000000000000e+00
-1.222949109159910870e-17
-3.469051049280336439e-17
-6.197655982617959158e-17
-1.057331644945345932e-16
-1.116834087019449109e-16
-1.357300541610950937e-16
-2.153382248272449726e-16
-2.019111663754640605e-16
-1.742822464279673740e-16
-2.103726724925755534e-16
-1.405209411414637507e-16
-1.965677082823371496e-16
-1.405936387289790690e-16
-1.754478462885473326e-16
-2.112199559461341730e-16
-7.986129388494589297e-17
-1.805796587217538419e-17
-3.749079369518983472e-16
-1.526131698695002492e-15
-6.035211518328479896e-16
-5.266825362659928217e-16
-6.154736605603007365e-16
-1.306809349866201447e-16
-6.830257343642193838e-16
-8.371139188446326348e-16
-1.072998429029136428e-15
2.882487862742005236e-17
-1.373592822327934040e-15
-5.546031059457073700e-16
-1.644329491966155867e-15
-2.641825051709231116e-16
-5.941580571004463195e-16
-9.905167530232133399e-16
-9.232680007811559800e-16
-9.716565747638790622e-16
-1.432723026666539448e-15
-1.280350822776837362e-15
-1.080524538034511269e-15
-1.381184167887935890e-15
-5.011752565392703181e-18
-3.538954121222732131e-16
-2.299363791086405237e-17
-6.440260791481448543e-16
-2.382103527308651384e-16
-1.274798653727991987e-16
-2.278768295134813726e-16
-3.488238805249275289e-16
-6.112432120903257343e-17
-4.205621370760879384e-17
6.877773838134919467e-17
7.766204245709808644e-18
2.969233473509083233e-17
4.396174169662575536e-16
4.483453944270877156e-16
4.469338120085900946e-16
7.156715118385165393e-16
2.749224251106023868e-16
1.161186895191585134e-15
8.382368565666458714e-16
1.381184167888330715e-15
1.465115906082259160e-15
9.031683984691090486e-16
1.707561588847229663e-15
1.018548995729459421e-15
1.030148050729034623e-15
2.013408169439495046e-15
2.169235452607462727e-15
1.151225669756409972e-15
1.017166044220616117e-15
1.535139130852435296e-15
1.373592822327934040e-15
4.107134368249664424e-16
3.190136268978406478e-16
8.371139188433981661e-16
8.762921687253164340e-16
1.306809349862991769e-16
4.432192965496863944e-16
1.184974309108577531e-15
1.044692304709160987e-15
6.350733373900719112e-16
8.715946122955938003e-16
1.805796587190380033e-17
7.986129388627911721e-17
4.203793094734557727e-16
-5.576782182570122459e-17
5.679516571411827583e-16
6.738465201312125948e-17
1.907510292022821395e-17
9.612976920777719206e-17
1.308161036716149201e-16
3.681617254303123193e-16
2.153382248270968639e-16
1.357300541612679036e-16
1.116834087019510985e-16
1.477552925919858343e-16
6.197655982581542133e-17
5.457568993763203767e-17
1.222949109158367661e-17
4.981781822312296361e-32
0.000000000000000000e+00
-1.297108874816107690e-02
-2.599603244332776911e-02
-3.912701438949629795e-02
-5.241290000889557016e-02
-6.589764090559496745e-02
-7.961875313488946115e-02
-9.360589218842257919e-02
-1.078795454221593147e-01
-1.224498607073261497e-01
-1.373156278897686711e-01
-1.524634275273527573e-01
-1.678669592189840909e-01
-1.834865598742862758e-01
-1.992689204923707158e-01
-2.151470083936770361e-01
-2.310402005026324368e-01
-2.468546320208189759e-01
-2.624837636593378987e-01
-2.778091694626468322e-01
-2.927015458646884394e-01
-3.070219411537919996e-01
-3.206232024073003561e-01
-3.333516346278915798e-01
-3.450488637311930340e-01
-3.555538912976887733e-01
-3.647053249149001530e-01
-3.723437628354175910e-01
-3.783143065926839466e-01
-3.824691694278141152e-01
-3.846703427122417085e-01
-3.847922770455020625e-01
-3.827245294655449159e-01
-3.783743239097465683e-01
-3.716689687395799413e-01
-3.625580731194850692e-01
-3.510155036763406011e-01
-3.370410243062996192e-01
-3.206615653609184990e-01
-3.019320738142134974e-01
-2.809359034438478897e-01
-2.577847132454298418e-01
-2.326178532137613553e-01
-2.056012288810023791e-01
-1.769256491922240326e-01
-1.468046760560662578e-01
-1.154720076666394812e-01
-8.317844098502907846e-02
-5.018847109534955303e-02
-1.677659595928341491e-02
1.677659595924150052e-02
5.018847109497428377e-02
8.317844098528968944e-02
1.154720076665908396e-01
1.468046760556840635e-01
1.769256491919704022e-01
2.056012288805819377e-01
2.326178532134451638e-01
2.577847132455931556e-01
2.809359034431980762e-01
3.019320738120904180e-01
3.206615653599560467e-01
3.370410243052989196e-01
3.510155036763961678e-01
3.625580731198047024e-01
3.716689687391769303e-01
3.783743239104484513e-01
3.827245294646137164e-01
3.847922770466070674e-01
3.846703427112132534e-01
3.824691694283770538e-01
3.783143065927256354e-01
3.723437628343404526e-01
3.647053249141704034e-01
3.555538912986616618e-01
3.450488637287537630e-01
3.333516346290243959e-01
3.206232024058757180e-01
3.070219411542436938e-01
2.927015458647926338e-01
2.778091694617920715e-01
2.624837636603177815e-01
2.468546320208536982e-01
2.310402005029312533e-01
2.151470083926763088e-01
1.992689204928849434e-01
1.834865598738693315e-01
1.678669592186783077e-01
1.524634275272415684e-01
1.373156278900779237e-01
1.224498607071454609e-01
1.078795454227673700e-01
9.360589218781102672e-02
7.961875313489641393e-02
6.589764090558974940e-02
5.241290000923261305e-02
3.912701438948240629e-02
2.599603244323308443e-02
1.297108874813414879e-02
5.002304231052864946e-17
0.000000000000000000e+00
-4.555616303476718587e-02
-9.114787605359685185e-02
-1.368076968151303308e-01
-1.825622386011663545e-01
-2.284292975599330755e-01
-2.744150986076259735e-01
-3.205116977100616049e-01
-3.666945769340123062e-01
-4.129204678328852740e-01
-4.591254362835611169e-01
-5.052232606213390431e-01
-5.511041333968637046e-01
-5.966337149151795805e-01
-6.416525651384105133e-01
-6.859759780399834472e-01
-7.293942418150587415e-01
-7.716733434303589823e-01
-8.125561355864461266e-01
-8.517639782977597385e-01
-8.889988652628264543e-01
-9.239460357361224396e-01
-9.562770724746053608e-01
-9.856534713347122612e-01
-1.011730664454872697e+00
-1.034162468383551303e+00
-1.052605913892140865e+00
-1.066726407476318750e+00
-1.076203158471822796e+00
-1.080734796098289374e+00
-1.080045086237406471e+00
-1.073888649277436658e+00
-1.062056569554617580e+00
-1.044381778650298909e+00
-1.020744091517073571e+00
-9.910747711333534049e-01
-9.553604981617189740e-01
-9.136466303592872817e-01
-8.660396398348833014e-01
-8.127086352732639796e-01
-7.538858891930836359e-01
-6.898663102028033123e-01
-6.210058253318736510e-01
-5.477186615498533806e-01
-4.704735424136104460e-01
-3.897888439539096139e-01
-3.062267812142053236e-01
-2.203867232360696704e-01
-1.328977576803739291e-01
-4.441064919839122355e-02
4.441064919792517274e-02
1.328977576801689264e-01
2.203867232410715027e-01
3.062267812147160817e-01
3.897888439219597267e-01
4.704735423953613216e-01
5.477186615505831302e-01
6.210058253493999647e-01
6.898663102009409132e-01
7.538858891953630348e-01
8.127086352729163687e-01
8.660396398306581256e-01
9.136466303495580643e-01
9.553604981975918342e-01
9.910747710678761146e-01
1.020744091492028049e+00
1.044381778607087474e+00
1.062056569579162835e+00
1.073888649307235710e+00
1.080045086191999015e+00
1.080734796162376776e+00
1.076203158471836785e+00
1.066726407398596477e+00
1.052605913895003908e+00
1.034162468451975014e+00
1.011730664412592517e+00
9.856534713344897725e-01
9.562770725149257744e-01
9.239460357334537965e-01
8.889988652471765285e-01
8.517639783846411294e-01
8.125561355931870677e-01
7.716733434293582272e-01
7.293942417972683057e-01
6.859759780248894101e-01
6.416525650914187695e-01
5.966337149399055795e-01
5.511041333692120459e-01
5.052232605855080383e-01
4.591254362686685297e-01
4.129204678333647793e-01
3.666945769223373119e-01
3.205116976985394883e-01
2.744150986078483512e-01
2.284292975599226394e-01
1.825622385846024376e-01
1.368076968109989133e-01
9.114787605352561717e-02
4.555616303477066226e-02
1.757866423089593663e-16
0.000000000000000000e+00
-9.984402964268630776e-02
-1.996262379369428408e-01
-2.992806492405683527e-01
-3.987330349929458784e-01
-4.978969262610757340e-01
-5.966697928040748389e-01
-6.949294434989023994e-01
-7.925307026308889835e-01
-8.893024157592409606e-01
-9.850448376977953835e-01
-1.079527455413480386e+00
-1.172487294726186846e+00
-1.263627760910894571e+00
-1.352618057986796574e+00
-1.439093231265281325e+00
-1.522654870760568269e+00
-1.602872511793456134e+00
-1.679285758212259339e+00
-1.751407152453265725e+00
-1.818725800125302605e+00
-1.880711753276344433e+00
-1.936821139325725083e+00
-1.986502011002956980e+00
-2.029200876779802432e+00
-2.064369854232599888e+00
-2.091474372383571811e+00
-2.110001329850978546e+00
-2.119467596942538723e+00
-2.119428734529138936e+00
-2.109487785576558583e+00
-2.089303977357815256e+00
-2.058601166470908517e+00
-2.017175847036404512e+00
-1.964904536928249623e+00
-1.901750361472116069e+00
-1.827768653135716903e+00
-1.743111403530667181e+00
-1.648030412650906440e+00
-1.542879005262490111e+00
-1.428112210290308992e+00
-1.304285328242637210e+00
-1.172050844858789187e+00
-1.032153689821728948e+00
-8.854248730845734050e-01
-7.327735748750890954e-01
-5.751778010710669742e-01
-4.136737544933050681e-01
-2.493441044450251109e-01
-8.330536705831258215e-02
8.330536705833256617e-02
2.493441044433989673e-01
4.136737544933501987e-01
5.751778010790935536e-01
7.327735748751307288e-01
8.854248731036078457e-01
1.032153689817580045e+00
1.172050844871854069e+00
1.304285328218898199e+00
1.428112210357217915e+00
1.542879005214122357e+00
1.648030412650767218e+00
1.743111403538742277e+00
1.827768653135244392e+00
1.901750361471754802e+00
1.964904536928569367e+00
2.017175846933956240e+00
2.058601166448740472e+00
2.089303977359622255e+00
2.109487785578393115e+00
2.119428734526775937e+00
2.119467596840215684e+00
2.110001329970786266e+00
2.091474372485310873e+00
2.064369854129790127e+00
2.029200876707834222e+00
1.986502011103973508e+00
1.936821139424879323e+00
1.880711753373205175e+00
1.818725800217548816e+00
1.751407152554991242e+00
1.679285758297861975e+00
1.602872511788049570e+00
1.522654870831007257e+00
1.439093231241945325e+00
1.352618057945225161e+00
1.263627760842957137e+00
1.172487294726589857e+00
1.079527455408171077e+00
9.850448377150855528e-01
8.893024157170998922e-01
7.925307026517373066e-01
6.949294434982907775e-01
5.966697928014270680e-01
4.978969262610618007e-01
3.987330349922439954e-01
2.992806492418921271e-01
1.996262379358204886e-01
9.984402964267587166e-02
3.853563196051534589e-16
0.000000000000000000e+00
-1.768755877040578406e-01
-3.534963244600130006e-01
-5.296023339647242256e-01
-7.049237655089279908e-01
-8.791759973803372485e-01
-1.052055068777376645e+00
-1.223233415841620486e+00
-1.392355986924074696e+00
-1.559036811370259734e+00
-1.722856094737524213e+00
-1.883357911638235294e+00
-2.040048564921673968e+00
-2.192395676555888073e+00
-2.339828071042992175e+00
-2.481736506940817932e+00
-2.617475304578698481e+00
-2.746364909942620613e+00
-2.867695423975312075e+00
-2.980731114656194336e+00
-3.084715915047213652e+00
-3.178879894673585671e+00
-3.262446673614433745e+00
-3.334641729832768853e+00
-3.394701529136355589e+00
-3.441883385971040266e+00
-3.475475940434456845e+00
-3.494810116000624411e+00
-3.499270400081973875e+00
-3.488306270271161136e+00
-3.461443571220231608e+00
-3.418295632917693005e+00
-3.358573909659948065e+00
-3.282097912820510999e+00
-3.188804209185837735e+00
-3.078754260857570202e+00
-2.952140892375809234e+00
-2.809293188003822106e+00
-2.650679643020150689e+00
-2.476909422421778029e+00
-2.288731613064434178e+00
-2.087032394003641489e+00
-1.872830091780585349e+00
-1.647268132270556018e+00
-1.411605947133174110e+00
-1.167207939684441920e+00
-9.155306600931896188e-01
-6.581083834161566282e-01
-3.965373222686160992e-01
-1.324587402617037613e-01
1.324587402616907161e-01
3.965373222683468146e-01
6.581083834176542080e-01
9.155306600950658957e-01
1.167207939686728313e+00
1.411605947145245343e+00
1.647268132269471774e+00
1.872830091780613326e+00
2.087032394000792213e+00
2.288731613063127668e+00
2.476909422425933816e+00
2.650679643024820287e+00
2.809293188013037401e+00
2.952140892383175785e+00
3.078754260857750502e+00
3.188804209206963947e+00
3.282097912821539509e+00
3.358573909636097365e+00
3.418295632896872327e+00
3.461443571224234628e+00
3.488306270277360621e+00
3.499270400081807786e+00
3.494810116011214607e+00
3.475475940437847910e+00
3.441883385969233267e+00
3.394701529129072970e+00
3.334641729805610577e+00
3.262446673611181236e+00
3.178879894685205709e+00
3.084715915058443780e+00
2.980731114648049740e+00
2.867695423969585988e+00
2.746364909920743891e+00
2.617475304577864925e+00
2.481736506942096465e+00
2.339828071041852198e+00
2.192395676559237838e+00
2.040048564923119478e+00
1.883357911636998283e+00
1.722856094739483757e+00
1.559036811374026277e+00
1.392355986920099431e+00
1.223233415840814242e+00
1.052055068777807412e+00
8.791759973803232597e-01
7.049237655096577404e-01
5.296023339631049653e-01
3.534963244596238119e-01
1.768755877040682767e-01
6.827597906615735768e-16
0.000000000000000000e+00
-2.752489619989778036e-01
-5.499401114358405396e-01
-8.235103600582300842e-01
-1.095386166751861179e+00
-1.364978557030583461e+00
-1.631678436644232066e+00
-1.894852295645168327e+00
-2.153838397472936261e+00
-2.407943545764571258e+00
-2.656440517678708702e+00
-2.898566249533026440e+00
-3.133520855636953151e+00
-3.360467553430167786e+00
-3.578533562770429999e+00
-3.786812035470190185e+00
-3.984365062511384448e+00
-4.170227793001493488e+00
-4.343413682713681112e+00
-4.502920876257857863e+00
-4.647739706759858258e+00
-4.776861277601805789e+00
-4.889287069211537329e+00
-4.984039490930666005e+00
-5.060173275046293107e+00
-5.116787585512004632e+00
-5.153038690902598695e+00
-5.168153027986964965e+00
-5.161440461277163827e+00
-5.132307525084444322e+00
-5.080270418404196242e+00
-5.004967511142627501e+00
-4.906171112923114919e+00
-4.783798250536196228e+00
-4.637920208371587805e+00
-4.468770588426061785e+00
-4.276751666862039336e+00
-4.062438842307071418e+00
-3.826582999447080802e+00
-3.570110648162162281e+00
-3.294121722623094772e+00
-2.999884991982344040e+00
-2.688831053578136121e+00
-2.362542949880948040e+00
-2.022744478966975290e+00
-1.671286341243722662e+00
-1.310130289288163885e+00
-9.413315091179000893e-01
-5.670194912194664871e-01
-1.893776920748301562e-01
1.893776920750386283e-01
5.670194911753030365e-01
9.413315091170278981e-01
1.310130289389548564e+00
1.671286341240129758e+00
2.022744478965349035e+00
2.362542949649046431e+00
2.688831053829648710e+00
2.999884991982497251e+00
3.294121722561258903e+00
3.570110648077476245e+00
3.826582999441048294e+00
4.062438841427804981e+00
4.276751666847278699e+00
4.468770588368159657e+00
4.637920208282830359e+00
4.783798250437319766e+00
4.906171112933761513e+00
5.004967511243031630e+00
5.080270418403417310e+00
5.132307525084638833e+00
5.161440461277137182e+00
5.168153027981126968e+00
5.153038690906324604e+00
5.116787585516285652e+00
5.060173275046042640e+00
4.984039490930749494e+00
4.889287069213344772e+00
4.776861277607587830e+00
4.647739706662844306e+00
4.502920876252215265e+00
4.343413682715599577e+00
4.170227793003939532e+00
3.984365062507742916e+00
3.786812035459043546e+00
3.578533562837533655e+00
3.360467553501663041e+00
3.133520855562218710e+00
2.898566249466756783e+00
2.656440517614635066e+00
2.407943545780832473e+00
2.153838397466361965e+00
1.894852295644946061e+00
1.631678436644148800e+00
1.364978557030555484e+00
1.095386166750568657e+00
8.235103600576950678e-01
5.499401114371053056e-01
2.752489620004180404e-01
1.062596175836542467e-15
0.000000000000000000e+00
-3.904674949690701835e-01
-7.799636403533480866e-01
-1.167512510028705819e+00
-1.552129149851744216e+00
-1.932815340071581511e+00
-2.308555705585696227e+00
-2.678314287505733304e+00
-3.041031681584602353e+00
-3.395622806573367569e+00
-3.740975450948016423e+00
-4.075949697010902817e+00
-4.399378228915506561e+00
-4.710067703011096896e+00
-5.006801113515630064e+00
-5.288341354624200186e+00
-5.553435857065785797e+00
-5.800822474537144835e+00
-6.029236478877849414e+00
-6.237418767351974758e+00
-6.424125067482322038e+00
-6.588136355681060152e+00
-6.728270160948030210e+00
-6.843392652551906430e+00
-6.932431649206899138e+00
-6.994390011304894905e+00
-7.028359554019747435e+00
-7.033535119179942896e+00
-7.009228645520574119e+00
-6.954882994020951337e+00
-6.870085305855451629e+00
-6.754579555916162548e+00
-6.608278286992192108e+00
-6.431272887081215472e+00
-6.223842522228104635e+00
-5.986461386078031133e+00
-5.719803856694647415e+00
-5.424747746498918666e+00
-5.102375120987808543e+00
-4.753970827682690192e+00
-4.381018447105072156e+00
-3.985193827112124776e+00
-3.568356041666851830e+00
-3.132535903172859015e+00
-2.679922094395520205e+00
-2.212845093736428126e+00
-1.733759088536972248e+00
-1.245222072466243501e+00
-7.498744096290237415e-01
-2.504162104982004533e-01
2.504162104982204373e-01
7.498744099597840496e-01
1.245222072530316915e+00
1.733759090447592355e+00
2.212845093638545535e+00
2.679922094153416978e+00
3.132535906873137765e+00
3.568356046894984868e+00
3.985193828979067820e+00
4.381018447392611037e+00
4.753970828201421917e+00
5.102375126848406772e+00
5.424747746258247183e+00
5.719803856135332154e+00
5.986461377547721341e+00
6.223842529323389883e+00
6.431272887041687092e+00
6.608278286436684468e+00
6.754579563707416412e+00
6.870085294878258253e+00
6.954882994085775927e+00
7.009228645520324541e+00
7.033535120303467281e+00
7.028359555097210887e+00
6.994390012415520275e+00
6.932431657545738091e+00
6.843392651563005913e+00
6.728270163139343119e+00
6.588136354564372965e+00
6.424125068295180263e+00
6.237418767701891298e+00
6.029236479737797083e+00
5.800822468797715459e+00
5.553435857212363658e+00
5.288341354603436351e+00
5.006801121651518471e+00
4.710067702005101609e+00
4.399378228655126399e+00
4.075949697394649185e+00
3.740975450689192350e+00
3.395622806560761209e+00
3.041031680900363909e+00
2.678314292038759259e+00
2.308555705664196989e+00
1.932815340067210563e+00
1.552129149835086430e+00
1.167512512100239652e+00
7.799636404470851048e-01
3.904674949856497546e-01
1.507512472734513620e-15
0.000000000000000000e+00
-5.153434894508379660e-01
-1.029209656394970196e+00
-1.540118427439344240e+00
-2.046584346999781978e+00
-2.547114184409806192e+00
-3.040204894323735640e+00
-3.524342044543167241e+00
-3.997998816937058830e+00
-4.459635683120926508e+00
-4.907700849285146383e+00
-5.340631552783488445e+00
-5.756856286401359490e+00
-6.154798010624014992e+00
-6.532878400743187264e+00
-6.889523168157091426e+00
-7.223168464835985070e+00
-7.532268376262284626e+00
-7.815303479043994805e+00
-8.070790426006922758e+00
-8.297292495772895293e+00
-8.493431026868394795e+00
-8.657897629240093096e+00
-8.789467051350163374e+00
-8.887010555646783772e+00
-8.949509631541419097e+00
-8.976069870394747241e+00
-8.965934795704201932e+00
-8.918499432920718561e+00
-8.833323400165644657e+00
-8.710143300369020736e+00
-8.548884075853418807e+00
-8.349669360887434166e+00
-8.112830232307024048e+00
-7.838912443809400443e+00
-7.528681795710976843e+00
-7.183127501708896467e+00
-6.803463389532138805e+00
-6.391126816053900761e+00
-5.947775189844048960e+00
-5.475280061535230836e+00
-4.975718759863615226e+00
-4.451363589232469664e+00
-3.904668675870136774e+00
-3.338254550870701998e+00
-2.754890637038150292e+00
-2.157475819684505414e+00
-1.549017332161380489e+00
-9.326082148099495983e-01
-3.114036336248985348e-01
3.114036336238508174e-01
9.326082148620423729e-01
1.549017332064974939e+00
2.157475819619597779e+00
2.754890637051333080e+00
3.338254551140477755e+00
3.904668675664836996e+00
4.451363589505622720e+00
4.975718759443495287e+00
5.475280062168655704e+00
5.947775189280618768e+00
6.391126816098349650e+00
6.803463389454750043e+00
7.183127501294823247e+00
7.528681795895191264e+00
7.838912443953029552e+00
8.112830231667539138e+00
8.349669359844190453e+00
8.548884060404393637e+00
8.710143299852651566e+00
8.833323400198306530e+00
8.918499432920384606e+00
8.965934795643963895e+00
8.976069870490897884e+00
8.949509631477512883e+00
8.887010555800893385e+00
8.789467051350108306e+00
8.657897629305640663e+00
8.493431026831201436e+00
8.297292495767363718e+00
8.070790426044505139e+00
7.815303479094724004e+00
7.532268376461149550e+00
7.223168464925132426e+00
6.889523168050794233e+00
6.532878400732345270e+00
6.154798010652784868e+00
5.756856286469741235e+00
5.340631552786338609e+00
4.907700849296279699e+00
4.459635683114088422e+00
3.997998816858030047e+00
3.524342044625378367e+00
3.040204894264137536e+00
2.547114184409840831e+00
2.046584347000567572e+00
1.540118427377202615e+00
1.029209656374038495e+00
5.153434894508588382e-01
1.989758354151687099e-15
0.000000000000000000e+00
-6.412396457889562029e-01
-1.280438095489121020e+00
-1.915554291886896632e+00
-2.544547563911666366e+00
-3.165378088858569416e+00
-3.776007669152281920e+00
-4.374400930614894989e+00
-4.958527027652697150e+00
-5.526361945368759798e+00
-6.075891475581302714e+00
-6.605114934412513961e+00
-7.112049674552414658e+00
-7.594736437461394374e+00
-8.051245576176402352e+00
-8.479684152874680692e+00
-8.878203920544802230e+00
-9.245010186433928467e+00
-9.578371418414878491e+00
-9.876629726306802581e+00
-1.013821194818059723e+01
-1.036164137873243973e+01
-1.054554996027794722e+01
-1.068869082525889169e+01
-1.078995107766711214e+01
-1.084836459108592166e+01
-1.086312470329085755e+01
-1.083359659457303614e+01
-1.075932915741466545e+01
-1.064006618052441233e+01
-1.047575655704876318e+01
-1.026656368630890626e+01
-1.001287289499050637e+01
-9.715298240843466715e+00
-9.374687042580315932e+00
-8.992122815913390355e+00
-8.568926202872560793e+00
-8.106653873294444423e+00
-7.607095236367999114e+00
-7.072266939036506272e+00
-6.504405130280273006e+00
-5.905955497150636724e+00
-5.279561103132730082e+00
-4.628048088041232688e+00
-3.954409402031857645e+00
-3.261786642382848989e+00
-2.553450254704688671e+00
-1.832778187541835413e+00
-1.103233359200160191e+00
-3.683401038292412055e-01
3.683401038285706308e-01
1.103233359211216902e+00
1.832778187395748493e+00
2.553450254747386072e+00
3.261786642510280387e+00
3.954409401472972707e+00
4.628048088105361835e+00
5.279561102984263066e+00
5.905955497056624814e+00
6.504405130112179911e+00
7.072266938433645400e+00
7.607095236019626228e+00
8.106653874131596993e+00
8.568926202308574602e+00
8.992122814724403668e+00
9.374687042972873030e+00
9.715298241255704070e+00
1.001287289442763218e+01
1.026656368727634572e+01
1.047575655702118702e+01
1.064006613484134434e+01
1.075932915589521954e+01
1.083359659433745037e+01
1.086312470245225903e+01
1.084836459082631954e+01
1.078995107725203795e+01
1.068869082552149408e+01
1.054554995957383490e+01
1.036164137942415664e+01
1.013821194831908556e+01
9.876629727048387153e+00
9.578371418839235929e+00
9.245010186992438150e+00
8.878203918730701361e+00
8.479684152968525623e+00
8.051245575567634205e+00
7.594736437774283644e+00
7.112049674335566785e+00
6.605114934589806808e+00
6.075891475781834750e+00
5.526361945517033192e+00
4.958527027781344465e+00
4.374400930856483960e+00
3.776007669336204575e+00
3.165378088901377840e+00
2.544547564292014119e+00
1.915554291819647315e+00
1.280438095458088288e+00
6.412396458759592743e-01
2.475978610890317003e-15
0.000000000000000000e+00
-7.596144449906766516e-01
-1.516609260411306614e+00
-2.268368663891233705e+00
-3.012284610838558141e+00
-3.745760941604876493e+00
-4.466217590304782270e+00
-5.171095324970686136e+00
-5.857860654751532614e+00
-6.524011222208595306e+00
-7.167081839598116844e+00
-7.784650771899328525e+00
-8.374346775653808805e+00
-8.933856640196685461e+00
-9.460933310220159598e+00
-9.953404606925632336e+00
-1.040918237913767186e+01
-1.082627238755478594e+01
-1.120278455259773764e+01
-1.153694343771879005e+01
-1.182709933321811313e+01
-1.207173941625287661e+01
-1.226949905273417052e+01
-1.241917318333734244e+01
-1.251972733855230757e+01
-1.257030892726039539e+01
-1.257025743881864166e+01
-1.251911458748998029e+01
-1.241663354060007585e+01
-1.226278731074407524e+01
-1.205777613360014477e+01
-1.180203350917808081e+01
-1.149623133282709908e+01
-1.114128300230001756e+01
-1.073834533885627351e+01
-1.028881867575449327e+01
-9.794345169350924252e+00
-9.256805258075049281e+00
-8.678312211085549066e+00
-8.061204756226240775e+00
-7.408037763616658999e+00
-6.721571041770701527e+00
-6.004756255392338815e+00
-5.260722096572870932e+00
-4.492757793106978426e+00
-3.704294988273579392e+00
-2.898888411700593082e+00
-2.080195162848188506e+00
-1.251953065718884428e+00
-4.179581935160286421e-01
4.179581934871312576e-01
1.251953065823459221e+00
2.080195162737136894e+00
2.898888411682594146e+00
3.704294988592063298e+00
4.492757793146333611e+00
5.260722111584664518e+00
6.004756254719858966e+00
6.721571041397351287e+00
7.408037764682571691e+00
8.061204755197563188e+00
8.678312211311112634e+00
9.256805257477401128e+00
9.794345169612888924e+00
1.028881867601493028e+01
1.073834533897318799e+01
1.114128300223911161e+01
1.149623133302685396e+01
1.180203350751353319e+01
1.205777611750921707e+01
1.226278730896541447e+01
1.241663354060027125e+01
1.251911458724163673e+01
1.257025743874386592e+01
1.257030892740374739e+01
1.251972733862296927e+01
1.241917315087812845e+01
1.226949905305778898e+01
1.207173941435285336e+01
1.182709933307287109e+01
1.153694343765649499e+01
1.120278455227331094e+01
1.082627238965181071e+01
1.040918235373924361e+01
9.953404581151433561e+00
9.460933333609681029e+00
8.933856639619495610e+00
8.374346776019764960e+00
7.784650791587750973e+00
7.167081840421662520e+00
6.524011238590255779e+00
5.857860640484478409e+00
5.171095324659102488e+00
4.466217590265559423e+00
3.745760941604806771e+00
3.012284610888190883e+00
2.268368664035538274e+00
1.516609260636230916e+00
7.596144449907183960e-01
2.933181997498472078e-15
0.000000000000000000e+00
-8.633420073980946352e-01
-1.723514575041725339e+00
-2.577356247711722670e+00
-3.421721572449462734e+00
-4.253489226170230175e+00
-5.069570173850703299e+00
-5.866916083302707641e+00
-6.642527826122850421e+00
-7.393464215440485710e+00
-8.116850939331744286e+00
-8.809889737643436192e+00
-9.469867772411291185e+00
-1.009416724986938618e+01
-1.068027522237554017e+01
-1.122579358822931006e+01
-1.172844919472930236e+01
-1.218610413583119545e+01
-1.259676595246019204e+01
-1.295859797391505452e+01
-1.326992940121562370e+01
-1.352926545385316892e+01
-1.373529699824334216e+01
-1.388691011037762379e+01
-1.398319482638273747e+01
-1.402345374828149538e+01
-1.400720969467420929e+01
-1.393421269875919855e+01
-1.380444611371137853e+01
-1.361813169630662479e+01
-1.337573373078909889e+01
-1.307796172631547726e+01
-1.272577207086422924e+01
-1.232036820888484208e+01
-1.186319940379218885e+01
-1.135595802554578526e+01
-1.080057528402853251e+01
-1.019921541391525643e+01
-9.554268263682605067e+00
-8.868340322150180199e+00
-8.144244180762738594e+00
-7.384986479234061818e+00
-6.593754397436433656e+00
-5.773900753993207680e+00
-4.928927816053055189e+00
-4.062469933242218723e+00
-3.178275072670099899e+00
-2.280185516807416324e+00
-1.372117667467072755e+00
-4.580413595102177937e-01
4.580413594922571052e-01
1.372117667482764647e+00
2.280185513855414570e+00
3.178275072744347174e+00
4.062469928391188034e+00
4.928927816003207063e+00
5.773900753817289733e+00
6.593754397469595574e+00
7.384986479270837734e+00
8.144244180589559789e+00
8.868340322199353309e+00
9.554268263793240124e+00
1.019921541446551139e+01
1.080057528490079299e+01
1.135595802607177163e+01
1.186319940391683581e+01
1.232036820873998728e+01
1.272577207165601720e+01
1.307796174742570550e+01
1.337573373035667856e+01
1.361813169667169277e+01
1.380444611371140695e+01
1.393421269910180271e+01
1.400720969411094607e+01
1.402345372809597990e+01
1.398319482277610781e+01
1.388691010980249274e+01
1.373529701689884774e+01
1.352926545186196883e+01
1.326992940368596940e+01
1.295859797286541770e+01
1.259676597000268039e+01
1.218610413507521173e+01
1.172844921136047347e+01
1.122579359244442720e+01
1.068027522582155342e+01
1.009416724892732731e+01
9.469867771229754538e+00
8.809889737561713119e+00
8.116850939591179426e+00
7.393464216106599096e+00
6.642527826850090911e+00
5.866916083787011793e+00
5.069570166257202359e+00
4.253489226170369619e+00
3.421721577332641040e+00
2.577356247738693096e+00
1.723514572314095217e+00
8.633420073980616616e-01
3.333840544494109471e-15
0.000000000000000000e+00
-9.474966235720712060e-01
-1.891338458612220608e+00
-2.827882896059969120e+00
-3.753511675975502726e+00
-4.664643037064449160e+00
-5.557743834618767309e+00
-6.429341613956103707e+00
-7.276036624271037923e+00
-8.094513755442468650e+00
-8.881554377499387698e+00
-9.634048058268426473e+00
-1.034900413415821419e+01
-1.102356310017374774e+01
-1.165500778757109224e+01
-1.224077428727104611e+01
-1.277846258012557712e+01
-1.326584682341517762e+01
-1.370088524826113563e+01
-1.408172960955946884e+01
-1.440673413856641893e+01
-1.467446393045507236e+01
-1.488370271712190984e+01
-1.503345995491419984e+01
-1.512297716645679735e+01
-1.515173347753223965e+01
-1.511945028383410516e+01
-1.502609498956216072e+01
-1.487188376037003756e+01
-1.465728323729615212e+01
-1.438301116365209609e+01
-1.405003587839263979e+01
-1.365957464221319739e+01
-1.321309076399741400e+01
-1.271228950613345710e+01
-1.215911275116384260e+01
-1.155573243177694032e+01
-1.090454272199319341e+01
-1.020815100872288106e+01
-9.469367664844828170e+00
-8.691194665669677022e+00
-7.876813083244511127e+00
-7.029569532326249259e+00
-6.152961611915879203e+00
-5.250622438658454350e+00
-4.326304343150859211e+00
-3.383861828364105762e+00
-2.427233888470389900e+00
-1.460425795848782293e+00
-4.874904680937748869e-01
4.874904680938243473e-01
1.460425795852316133e+00
2.427233888406118201e+00
3.383861828303214914e+00
4.326304343191832658e+00
5.250622438768512090e+00
6.152961611992363800e+00
7.029569532309055901e+00
7.876813083415939332e+00
8.691194665782298046e+00
9.469367665281820834e+00
1.020815100901688233e+01
1.090454272199604091e+01
1.155573243173015818e+01
1.215911275116540047e+01
1.271228950559679838e+01
1.321309076413717953e+01
1.365957464220683271e+01
1.405003587821467903e+01
1.438301116342793762e+01
1.465728323729737603e+01
1.487188376036981552e+01
1.502609498956182676e+01
1.511945028383763479e+01
1.515173347752870825e+01
1.512297716646202161e+01
1.503345995491864784e+01
1.488370271712588355e+01
1.467446393045610087e+01
1.440673413830401195e+01
1.408172960979608135e+01
1.370088524797732177e+01
1.326584682361320588e+01
1.277846258023115311e+01
1.224077428740383588e+01
1.165500778732795872e+01
1.102356310021941788e+01
1.034900413416510823e+01
9.634048058372860268e+00
8.881554377568061653e+00
8.094513755564792135e+00
7.276036624376028605e+00
6.429341613955492640e+00
5.557743834618294798e+00
4.664643037064421627e+00
3.753511675975349515e+00
2.827882896059072504e+00
1.891338458612884299e+00
9.474966235719393115e-01
3.658921923911501670e-15
0.000000000000000000e+00
-1.009554066951768414e+00
-2.015057020900924201e+00
-3.012473836994084664e+00
-3.997801605422473870e+00
-4.967085436134111021e+00
-5.916434180671720000e+00
-6.842035911008998106e+00
-7.740173096222602744e+00
-8.607237418459366296e+00
-9.439744171276837292e+00
-1.023434618403397067e+01
-1.098784721855175128e+01
-1.169721478490296640e+01
-1.235959232596298030e+01
-1.297231072190003154e+01
-1.353289906847399671e+01
-1.403909468498368085e+01
-1.448885231100580562e+01
-1.488035245319298383e+01
-1.521200884730430758e+01
-1.548247500248200481e+01
-1.569064979973793328e+01
-1.583568211877393672e+01
-1.591697447169491930e+01
-1.593418562553970830e+01
-1.588723219955704913e+01
-1.577628922760600183e+01
-1.560178967911541825e+01
-1.536442293738292442e+01
-1.506513223776056165e+01
-1.470511107232256087e+01
-1.428579857224125504e+01
-1.380887388358690870e+01
-1.327624955649222116e+01
-1.269006397132025654e+01
-1.205267283079982832e+01
-1.136663975054960751e+01
-1.063472598445668282e+01
-9.859879325534496530e+00
-9.045222226753184103e+00
-8.194039189659529043e+00
-7.309763472149603203e+00
-6.395963170125982700e+00
-5.456326730428110672e+00
-4.494647955342633949e+00
-3.514810561433203695e+00
-2.520772357575121081e+00
-1.516549108684807079e+00
-5.061981536093068668e-01
5.061981536100800261e-01
1.516549108684940528e+00
2.520772357575395528e+00
3.514810561438005632e+00
4.494647955335628886e+00
5.456326730428367355e+00
6.395963170124362662e+00
7.309763472148213204e+00
8.194039189650730748e+00
9.045222226753644179e+00
9.859879325533968952e+00
1.063472598445775397e+01
1.136663975054939790e+01
1.205267283078656781e+01
1.269006397129012420e+01
1.327624955649393179e+01
1.380887388358927126e+01
1.428579857222023719e+01
1.470511107231958547e+01
1.506513223775975518e+01
1.536442293738197939e+01
1.560178967911553016e+01
1.577628922761197749e+01
1.588723219955510224e+01
1.593418562554312778e+01
1.591697447169772772e+01
1.583568211877282472e+01
1.569064979973429175e+01
1.548247500248461783e+01
1.521200884730316716e+01
1.488035245319103694e+01
1.448885231100091531e+01
1.403909468498409829e+01
1.353289906849134283e+01
1.297231072189697265e+01
1.235959232596299451e+01
1.169721478490387057e+01
1.098784721853700574e+01
1.023434618403683238e+01
9.439744171276338136e+00
8.607237418458879574e+00
7.740173096222576099e+00
6.842035911008963467e+00
5.916434180672442977e+00
4.967085436134165199e+00
3.997801605422390381e+00
3.012473836994446152e+00
2.015057020901573903e+00
1.009554066950329787e+00
3.898668815391999301e-15
0.000000000000000000e+00
-1.049142355506093027e+00
-2.093938835980456936e+00
-3.130063031125711603e+00
-4.153227349701313464e+00
-5.159202153793419399e+00
-6.143834565555738259e+00
-7.103066841864784209e+00
-8.032954215666020303e+00
-8.929682108068448088e+00
-9.789582620484667430e+00
-1.060915022163411514e+01
-1.138505655198845368e+01
-1.211416427487132452e+01
-1.279353991146678915e+01
-1.342046560510913977e+01
-1.399244976857125522e+01
-1.450723657675107070e+01
-1.496281427537619102e+01
-1.535742228593668735e+01
-1.568955709343944704e+01
-1.595797691443149269e+01
-1.616170514848359474e+01
-1.630003262456635937e+01
-1.637251866067744288e+01
-1.637899096218527006e+01
-1.631954438897565041e+01
-1.619453862707799274e+01
-1.600459480748334684e+01
-1.575059111348430463e+01
-1.543365742826678222e+01
-1.505516906980518677e+01
-1.461673966810570313e+01
-1.412021323704142617e+01
-1.356765549679209926e+01
-1.296134449931039256e+01
-1.230376061402412624e+01
-1.159757592462605480e+01
-1.084564309033918406e+01
-1.005098372263877415e+01
-9.216776324863559466e+00
-8.346343842535079105e+00
-7.443140867484266288e+00
-6.510740539085682066e+00
-5.552821181381269788e+00
-4.573152713310923545e+00
-3.575582868017042948e+00
-2.564023253624007737e+00
-1.542435287367130758e+00
-5.148160325999174836e-01
5.148160325999374676e-01
1.542435287367193375e+00
2.564023253624334586e+00
3.575582868016284888e+00
4.573152713310068229e+00
5.552821181381227156e+00
6.510740539085592360e+00
7.443140867485350753e+00
8.346343842534940549e+00
9.216776324871272408e+00
1.005098372263685569e+01
1.084564309033986440e+01
1.159757592462537445e+01
1.230376061402401611e+01
1.296134449930837818e+01
1.356765549679215432e+01
1.412021323705586617e+01
1.461673966804560365e+01
1.505516906980513170e+01
1.543365742826886766e+01
1.575059111348624974e+01
1.600459480748587637e+01
1.619453862707613112e+01
1.631954438897262349e+01
1.637899096224525763e+01
1.637251866067477124e+01
1.630003262456766677e+01
1.616170514848506556e+01
1.595797691443043576e+01
1.568955709349040184e+01
1.535742228595235304e+01
1.496281427537564923e+01
1.450723657674880585e+01
1.399244976851977285e+01
1.342046560506526021e+01
1.279353991146767733e+01
1.211416427487248981e+01
1.138505655199042543e+01
1.060915022163260168e+01
9.789582620484987174e+00
8.929682108068949020e+00
8.032954215638875795e+00
7.103066841863499015e+00
6.143834565556593574e+00
5.159202153793468248e+00
4.153227349701806403e+00
3.130063031125301265e+00
2.093938835980456936e+00
1.049142355506030633e+00
4.051637573424258373e-15
0.000000000000000000e+00
-1.067541902534042242e+00
-2.130546742387092074e+00
-3.184499621255331370e+00
-4.224929819426153088e+00
-5.247432497784795480e+00
-6.247689949419663158e+00
-7.221492246204912036e+00
-8.164757157040956059e+00
-9.073549192373501882e+00
-9.944097674449796642e+00
-1.077281369459485028e+01
-1.155630591145180652e+01
-1.229139503603704497e+01
-1.297512701254464851e+01
-1.360478475770439566e+01
-1.417789847933819303e+01
-1.469225450974004410e+01
-1.514590263825990135e+01
-1.553716197984393688e+01
-1.586462531140457877e+01
-1.612716200822393731e+01
-1.632391949262958519e+01
-1.645432335577701366e+01
-1.651807612965604477e+01
-1.651515478215608113e+01
-1.644580706682935656e+01
-1.631054669450187333e+01
-1.611014752396746630e+01
-1.584563677885822663e+01
-1.551828737670833647e+01
-1.512960952041647467e+01
-1.468134156083913666e+01
-1.417544027220134417e+01
-1.361407056550303452e+01
-1.299959479920165251e+01
-1.233456166497619222e+01
-1.162169478475707152e+01
-1.086388106551168597e+01
-1.006415885245507269e+01
-9.225705937535650492e+00
-8.351827472493241089e+00
-7.445943832100524240e+00
-6.511578420075039730e+00
-5.552345483978847085e+00
-4.571937927815953984e+00
-3.574115149976008876e+00
-2.562690901752931349e+00
-1.541521171563845494e+00
-5.144920981631065926e-01
5.144920981629519385e-01
1.541521171564019133e+00
2.562690901803398091e+00
3.574115149974859129e+00
4.571937927077142305e+00
5.552345483977887852e+00
6.511578419979374921e+00
7.445943833162629311e+00
8.351827472478271730e+00
9.225705936251012318e+00
1.006415885233163721e+01
1.086388106539147458e+01
1.162169478327685113e+01
1.233456166313325220e+01
1.299959479905528426e+01
1.361407056538265792e+01
1.417544027025263453e+01
1.468134156090400388e+01
1.512960951844017465e+01
1.551828737451429774e+01
1.584563677910295709e+01
1.611014752396734195e+01
1.631054669450134398e+01
1.644580706478321375e+01
1.651515478440110130e+01
1.651807612705577455e+01
1.645432335730012596e+01
1.632391949038985146e+01
1.612716200616997142e+01
1.586462531145205723e+01
1.553716197762657458e+01
1.514590263802722170e+01
1.469225450972890989e+01
1.417789848121150342e+01
1.360478475959459033e+01
1.297512701225712561e+01
1.229139503783307852e+01
1.155630591002579166e+01
1.077281369602286887e+01
9.944097673182712427e+00
9.073549192412947662e+00
8.164757157007750621e+00
7.221492246157176886e+00
6.247689948568743823e+00
5.247432497784782157e+00
4.224929819448728807e+00
3.184499621238572775e+00
2.130546742389871628e+00
1.067541902533991838e+00
4.122768244402359034e-15
0.000000000000000000e+00
-1.067115844738532937e+00
-2.129601117828589629e+00
-3.182849384962529449e+00
-4.222302296516921238e+00
-5.243473157112202188e+00
-6.241969934536379050e+00
-7.213517532452550007e+00
-8.153979160139535054e+00
-9.059376644717634264e+00
-9.925909542533283059e+00
-1.074997292506122015e+01
-1.152817372671081486e+01
-1.225734555566363149e+01
-1.293456190206517675e+01
-1.355714767694073508e+01
-1.412268904525965674e+01
-1.462904153375519201e+01
-1.507433640949932396e+01
-1.545698534390771250e+01
-1.577568339829843325e+01
-1.602941036917082940e+01
-1.621743056552306328e+01
-1.633929108402115915e+01
-1.639481866874708516e+01
-1.638411525700765736e+01
-1.630755230653807075e+01
-1.616576401185742284e+01
-1.595963952767940697e+01
-1.569031431170434310e+01
-1.535916069993204580e+01
-1.496777782753805575e+01
-1.451798101221602799e+01
-1.401179069935380106e+01
-1.345142107359472483e+01
-1.283926842993422568e+01
-1.217789939216421935e+01
-1.147003905162660331e+01
-1.071855910384616983e+01
-9.926466027379175827e+00
-9.096889370591149770e+00
-8.233070166847152649e+00
-7.338349522100664934e+00
-6.416157384027078692e+00
-5.470001500770087510e+00
-4.503456579035242768e+00
-3.520153620965845498e+00
-2.523769435147274809e+00
-1.518016292768211484e+00
-5.066317058353977387e-01
5.066317058353342340e-01
1.518016292751852792e+00
2.523769435131110406e+00
3.520153621035686964e+00
4.503456579035009177e+00
5.470001500814585249e+00
6.416157383905937373e+00
7.338349522169283823e+00
8.233070166690083624e+00
9.096889370350158543e+00
9.926466027364346800e+00
1.071855910387051836e+01
1.147003905165749948e+01
1.217789939185797365e+01
1.283926843027246711e+01
1.345142107362029726e+01
1.401179069976027236e+01
1.451798101239300109e+01
1.496777782799003198e+01
1.535916070014116741e+01
1.569031431177791092e+01
1.595963952767925420e+01
1.616576401174307520e+01
1.630755230653482002e+01
1.638411525671822844e+01
1.639481866875452098e+01
1.633929108630668026e+01
1.621743056594592147e+01
1.602941036956068999e+01
1.577568339821847410e+01
1.545698534361839549e+01
1.507433640934735486e+01
1.462904153369471771e+01
1.412268904508990808e+01
1.355714767676527899e+01
1.293456190193062305e+01
1.225734555534511294e+01
1.152817372680002883e+01
1.074997292547034533e+01
9.925909542217420167e+00
9.059376644498826181e+00
8.153979160034696250e+00
7.213517532494580387e+00
6.241969934597777048e+00
5.243473157112195970e+00
4.222302296516629916e+00
3.182849384996498276e+00
2.129601117812188971e+00
1.067115844738498076e+00
4.121184405201671146e-15
0.000000000000000000e+00
-1.050792571798184527e+00
-2.096947772706005075e+00
-3.133853628710054462e+00
-4.156948742765108840e+00
-5.161747041708834693e+00
-6.143861884420691588e+00
-7.099029329032552127e+00
-8.023130370919657750e+00
-8.912211979350773916e+00
-9.762506771964886809e+00
-1.057045118650556326e+01
-1.133270203149988653e+01
-1.204615131254003302e+01
-1.270793925750384190e+01
-1.331546548367050065e+01
-1.386639827264261626e+01
-1.435868194084421745e+01
-1.479054231493164728e+01
-1.516049034182782940e+01
-1.546732388262031321e+01
-1.571012775725664490e+01
-1.588827212307696612e+01
-1.600140928464917067e+01
-1.604946904456454604e+01
-1.603265271449181029e+01
-1.595142591460447612e+01
-1.580651029297990640e+01
-1.559887430373252037e+01
-1.532972317811971763e+01
-1.500048822836861717e+01
-1.461281561517908933e+01
-1.416855470898505054e+01
-1.366974616665102893e+01
-1.311860983784230328e+01
-1.251753260570990989e+01
-1.186905625649554530e+01
-1.117586546092163680e+01
-1.044077593844352059e+01
-9.666722862904020275e+00
-8.856749557151658792e+00
-8.013996503820322914e+00
-7.141690706674379996e+00
-6.243135392237659786e+00
-5.321700066624059033e+00
-4.380810904636530445e+00
-3.423941448485422701e+00
-2.454603587894630845e+00
-1.476338777156589455e+00
-4.927094464142654506e-01
4.927094464143023655e-01
1.476338777166787741e+00
2.454603587885935578e+00
3.423941448525127829e+00
4.380810904568134490e+00
5.321700066651279926e+00
6.243135392102716175e+00
7.141690706755979612e+00
8.013996503917434566e+00
8.856749557190980227e+00
9.666722862903506908e+00
1.044077593840306051e+01
1.117586546086494437e+01
1.186905625649657559e+01
1.251753260571171644e+01
1.311860983784533374e+01
1.366974616660503727e+01
1.416855470899009539e+01
1.461281561511491844e+01
1.500048822836917317e+01
1.532972317812117780e+01
1.559887430373264472e+01
1.580651029304962307e+01
1.595142591461666726e+01
1.603265271455689955e+01
1.604946904456464196e+01
1.600140928464578138e+01
1.588827212306541625e+01
1.571012775725749222e+01
1.546732388256667612e+01
1.516049034176454668e+01
1.479054231493056371e+01
1.435868194085147387e+01
1.386639827263519464e+01
1.331546548366410754e+01
1.270793925749718589e+01
1.204615131253108196e+01
1.133270203150415156e+01
1.057045118650399118e+01
9.762506771965954400e+00
8.912211979350884050e+00
8.023130370918968524e+00
7.099029328952418005e+00
6.143861884422574526e+00
5.161747041708828476e+00
4.156948742682059716e+00
3.133853628691575910e+00
2.096947772660628928e+00
1.050792571801793862e+00
4.058194327540503462e-15
0.000000000000000000e+00
-1.021660546820339244e+00
-2.038750073853543121e+00
-3.046723568868387133e+00
-4.041087798571629364e+00
-5.017426611037688389e+00
-5.971425543202774300e+00
-6.898895517359803442e+00
-7.795795423646811884e+00
-8.658253401220058265e+00
-9.482586649064881357e+00
-1.026531961776776924e+01
-1.100320045556451909e+01
-1.169321560554053363e+01
-1.233260247506884077e+01
-1.291886012337073986e+01
-1.344975793818415077e+01
-1.392334229648210275e+01
-1.433794122864960485e+01
-1.469216712736369956e+01
-1.498491756413274345e+01
-1.521537429542186182e+01
-1.538300055787628651e+01
-1.548753676707364235e+01
-1.552899474710632433e+01
-1.550765062853187359e+01
-1.542403655975470578e+01
-1.527893138231010894e+01
-1.507335042290286786e+01
-1.480853455537842223e+01
-1.448593868346270952e+01
-1.410721979090946654e+01
-1.367422469923739037e+01
-1.318897766491864054e+01
-1.265366793829387326e+01
-1.207063739510983069e+01
-1.144236833925105934e+01
-1.077147156234702230e+01
-1.006067473122354627e+01
-9.312811161641208813e+00
-8.530809019898191181e+00
-7.717680981862754308e+00
-6.876514363580989553e+00
-6.010461724530149041e+00
-5.122731931670605476e+00
-4.216581660495234196e+00
-3.295307298217157399e+00
-2.362237204592421147e+00
-1.420724277259555191e+00
-4.741387614851956811e-01
4.741387614852156651e-01
1.420724277259590052e+00
2.362237204592169348e+00
3.295307298217623249e+00
4.216581660495435813e+00
5.122731931671935968e+00
6.010461724531517724e+00
6.876514363581990530e+00
7.717680981866159584e+00
8.530809019898036638e+00
9.312811161636879831e+00
1.006067473122463163e+01
1.077147156234381065e+01
1.144236833925432428e+01
1.207063739511679579e+01
1.265366793829613634e+01
1.318897766491187085e+01
1.367422469923579342e+01
1.410721979090461531e+01
1.448593868346115165e+01
1.480853455538334273e+01
1.507335042290311833e+01
1.527893138230687065e+01
1.542403655975210519e+01
1.550765062853134424e+01
1.552899474710824279e+01
1.548753676706829197e+01
1.538300055787713383e+01
1.521537429542357067e+01
1.498491756413260489e+01
1.469216712736237973e+01
1.433794122864813225e+01
1.392334229648378674e+01
1.344975793818501408e+01
1.291886012337100453e+01
1.233260247505845975e+01
1.169321560553893491e+01
1.100320045556178172e+01
1.026531961776849933e+01
9.482586649066348627e+00
8.658253401218967582e+00
7.795795423646548095e+00
6.898895517358504925e+00
5.971425543203976893e+00
5.017426611037656414e+00
4.041087798572324807e+00
3.046723568868984877e+00
2.038750073853812239e+00
1.021660546820281734e+00
3.945725706882661029e-15
0.000000000000000000e+00
-9.826887643961215169e-01
-1.960931759869529500e+00
-2.930309275666350910e+00
-3.886453468452854665e+00
-4.825073690999568399e+00
-5.741981069035678509e+00
-6.633112163869490097e+00
-7.494551440920387719e+00
-8.322552393453387154e+00
-9.113557139314334421e+00
-9.864214322960794590e+00
-1.057139521486854683e+01
-1.123220788655740066e+01
-1.184400939629748883e+01
-1.240441592955402150e+01
-1.291131086652104898e+01
-1.336285078184630493e+01
-1.375746940501562321e+01
-1.409387958695984366e+01
-1.437107334773337364e+01
-1.458832009813428954e+01
-1.474516313746861762e+01
-1.484141458361080090e+01
-1.487714881782360443e+01
-1.485269465866185534e+01
-1.476862636924130179e+01
-1.462575369086023436e+01
-1.442511105364110335e+01
-1.416794611864722242e+01
-1.385570783699579067e+01
-1.349003414523399158e+01
-1.307273947307249173e+01
-1.260580218670985531e+01
-1.209135209466830929e+01
-1.153165811779584438e+01
-1.092911627268644814e+01
-1.028623797045305821e+01
-9.605638785474271302e+00
-8.890027697207768753e+00
-8.142196857210345584e+00
-7.365011918523407530e+00
-6.561402921003506528e+00
-5.734355731933106881e+00
-4.886904028395564481e+00
-4.022121785307314568e+00
-3.143116224180217966e+00
-2.253021179292840959e+00
-1.354990805049005154e+00
-4.521935666821163546e-01
4.521935666901732986e-01
1.354990805111061514e+00
2.253021179232877813e+00
3.143116224329098873e+00
4.022121784906889985e+00
4.886904028800148403e+00
5.734355732331870570e+00
6.561402920928189886e+00
7.365011918411153324e+00
8.142196856541971783e+00
8.890027697414819130e+00
9.605638785505258070e+00
1.028623797037090171e+01
1.092911627202395408e+01
1.153165811791553352e+01
1.209135209293222601e+01
1.260580218759629467e+01
1.307273947260935465e+01
1.349003414473013152e+01
1.385570783665435357e+01
1.416794611832065520e+01
1.442511105364107671e+01
1.462575369080614252e+01
1.476862636896791159e+01
1.485269465845247083e+01
1.487714881877739614e+01
1.484141458353466270e+01
1.474516313776110366e+01
1.458832009656658713e+01
1.437107334713572548e+01
1.409387958753839420e+01
1.375746940425157838e+01
1.336285078220574185e+01
1.291131086673432549e+01
1.240441593045943058e+01
1.184400939634817718e+01
1.123220788684115945e+01
1.057139521486644895e+01
9.864214322723762862e+00
9.113557139089007109e+00
8.322552393525542769e+00
7.494551440720904623e+00
6.633112164169655323e+00
5.741981069174819652e+00
4.825073690999520437e+00
3.886453470007140254e+00
2.930309275649450207e+00
1.960931759869447788e+00
9.826887643961397245e-01
3.795245634859781047e-15
0.000000000000000000e+00
-9.365589680860342270e-01
-1.868842659592219402e+00
-2.792601445358454004e+00
-3.703636740019686791e+00
-4.597825900115443787e+00
-5.471146385473594442e+00
-6.319698953157167232e+00
-7.139729673570869295e+00
-7.927650569954802329e+00
-8.680058706878279295e+00
-9.393753575749327567e+00
-1.006575264623826982e+01
-1.069330498615778779e+01
-1.127390286859645663e+01
-1.180529132492429945e+01
-1.228547561543257238e+01
-1.271272663109279932e+01
-1.308558425535920300e+01
-1.340285873772343095e+01
-1.366363016371412620e+01
-1.386724611830338461e+01
-1.401331765949066011e+01
-1.410171373162764930e+01
-1.413255416829938049e+01
-1.410620144148600907e+01
-1.402325130617779436e+01
-1.388452252740800752e+01
-1.369104583656987373e+01
-1.344405230150529107e+01
-1.314496126028732803e+01
-1.279536798072777160e+01
-1.239703119422050293e+01
-1.195186064158955475e+01
-1.146190475914860230e+01
-1.092933861178798516e+01
-1.035645218370578924e+01
-9.745639098992835869e+00
-9.099385850374559936e+00
-8.420261580178392435e+00
-7.710908458093226336e+00
-6.974032670386537625e+00
-6.212396027996075709e+00
-5.428808184832941919e+00
-4.626119441369567653e+00
-3.807214099398831486e+00
-2.975004316078324162e+00
-2.132424402769614424e+00
-1.282425498020818289e+00
-4.279705402708049444e-01
4.279705402640739953e-01
1.282425497985183460e+00
2.132424402749591774e+00
2.975004316020978035e+00
3.807214099333023682e+00
4.626119441421959522e+00
5.428808184714492668e+00
6.212396028008125626e+00
6.974032670508708343e+00
7.710908458040229618e+00
8.420261580360126175e+00
9.099385850321889180e+00
9.745639099020070972e+00
1.035645218380907195e+01
1.092933861176100052e+01
1.146190475928178820e+01
1.195186064175488028e+01
1.239703119384967067e+01
1.279536798058467006e+01
1.314496126054091363e+01
1.344405230153222597e+01
1.369104583656992880e+01
1.388452252715465995e+01
1.402325130619290405e+01
1.410620144151518218e+01
1.413255416856618218e+01
1.410171373114676641e+01
1.401331765915201366e+01
1.386724611840983812e+01
1.366363016351816739e+01
1.340285873787987470e+01
1.308558425575726503e+01
1.271272663093931321e+01
1.228547561517972575e+01
1.180529132492343614e+01
1.127390286894348392e+01
1.069330498626635162e+01
1.006575264629310773e+01
9.393753575781936149e+00
8.680058707015973596e+00
7.927650569894884036e+00
7.139729673551056699e+00
6.319698953093371152e+00
5.471146385452933636e+00
4.597825900115446451e+00
3.703636740012834494e+00
2.792601445419099715e+00
1.868842659602553136e+00
9.365589680991555088e-01
3.617112267942906059e-15
0.000000000000000000e+00
-8.855844666441932134e-01
-1.767097080796425468e+00
-2.640490863576189895e+00
-3.501768334324772081e+00
-4.347005640337230581e+00
-5.172375954937401765e+00
-5.974171916649013703e+00
-6.748826898505103422e+00
-7.492934914260235502e+00
-8.203268986882342517e+00
-8.876797830868316197e+00
-9.510700722359448633e+00
-1.010238045621386327e+01
-1.064947432191790533e+01
-1.114986304879061940e+01
-1.160167770616427951e+01
-1.200330456777568244e+01
-1.235338797184216375e+01
-1.265083124296265105e+01
-1.289479574850961008e+01
-1.308469819898514253e+01
-1.322020630648468753e+01
-1.330123293989257505e+01
-1.332792892095240056e+01
-1.330067461938885209e+01
-1.322007050926406890e+01
-1.308692685582918713e+01
-1.290225269942240516e+01
-1.266724430088837750e+01
-1.238327321665624403e+01
-1.205187415266399675e+01
-1.167473274918148718e+01
-1.125367343114254481e+01
-1.079064744876244575e+01
-1.028772122032648717e+01
-9.747065074466874535e+00
-9.170942472198017725e+00
-8.561699775024258940e+00
-7.921756609251113801e+00
-7.253596859858323143e+00
-6.559760311763361607e+00
-5.842834939550165529e+00
-5.105449836030180322e+00
-4.350268749490659559e+00
-3.579984193564714534e+00
-2.797312076890745569e+00
-2.004986790630537641e+00
-1.205756684852469895e+00
-4.023798536633957923e-01
4.023798536633115264e-01
1.205756684849680793e+00
2.004986790634983418e+00
2.797312076879930665e+00
3.579984193595000086e+00
4.350268749491774223e+00
5.105449835990106600e+00
5.842834939566242447e+00
6.559760311695587376e+00
7.253596859897560201e+00
7.921756609199618993e+00
8.561699775032153070e+00
9.170942472258344580e+00
9.747065074529112749e+00
1.028772122019959312e+01
1.079064744883750038e+01
1.125367343124337438e+01
1.167473274929469973e+01
1.205187415270013496e+01
1.238327321666844760e+01
1.266724430098455834e+01
1.290225269942247444e+01
1.308692685603610606e+01
1.322007050923368610e+01
1.330067461937192519e+01
1.332792892109541683e+01
1.330123293974726373e+01
1.322020630619040737e+01
1.308469819897093167e+01
1.289479574866002842e+01
1.265083124246839574e+01
1.235338797197304928e+01
1.200330456760982933e+01
1.160167770630292772e+01
1.114986304876304857e+01
1.064947432170330721e+01
1.010238045620853953e+01
9.510700722164832754e+00
8.876797831022232188e+00
8.203268986982948263e+00
7.492934914337736174e+00
6.748826898435574151e+00
5.974171916598700172e+00
5.172375954939204767e+00
4.347005640337234134e+00
3.501768334312313602e+00
2.640490863577855674e+00
1.767097080787806362e+00
8.855844666340270122e-01
3.420261034413369403e-15
0.000000000000000000e+00
-8.316891307380233078e-01
-1.659532162450667370e+00
-2.479706823229939960e+00
-3.288438252501975967e+00
-4.082022103207593844e+00
-4.856846930622571890e+00
-5.609415647228616741e+00
-6.336365838148481089e+00
-7.034488748508175071e+00
-7.700746776382158210e+00
-8.332289322987300295e+00
-8.926466882591366669e+00
-9.480843274925975450e+00
-9.993205951203846027e+00
-1.046157433552271954e+01
-1.088420618055639721e+01
-1.125960195556107379e+01
-1.158650729881819252e+01
-1.186391359609855733e+01
-1.209105676697641485e+01
-1.226741436077147718e+01
-1.239270107968007473e+01
-1.246686286498469443e+01
-1.249006968947344731e+01
-1.246270721197021913e+01
-1.238536745420092444e+01
-1.225883866509824749e+01
-1.208409453666753741e+01
-1.186228293504304965e+01
-1.159471430607417020e+01
-1.128284990607427929e+01
-1.092829000357841984e+01
-1.053276218290962341e+01
-1.009810987234104651e+01
-9.626281203466151126e+00
-9.119318295689799569e+00
-8.579347044315834836e+00
-8.008567474279695730e+00
-7.409244706508522960e+00
-6.783700568888034965e+00
-6.134305865120702528e+00
-5.463473304033363398e+00
-4.773651072964133490e+00
-4.067317028474382035e+00
-3.346973463010266769e+00
-2.615142395500491990e+00
-1.874361323201834795e+00
-1.127179363409552826e+00
-3.761537062478509941e-01
3.761537062477923188e-01
1.127179363413828517e+00
1.874361323205349539e+00
2.615142395500323236e+00
3.346973463018712458e+00
4.067317028479215502e+00
4.773651072948375429e+00
5.463473304031063016e+00
6.134305865120261103e+00
6.783700568871373626e+00
7.409244706535695002e+00
8.008567474236159001e+00
8.579347044347148454e+00
9.119318295655761020e+00
9.626281203440973044e+00
1.009810987236119217e+01
1.053276218290406341e+01
1.092829000355706981e+01
1.128284990610379879e+01
1.159471430606328113e+01
1.186228293510166765e+01
1.208409453666743971e+01
1.225883866530859123e+01
1.238536745418981333e+01
1.246270721189505970e+01
1.249006968947330165e+01
1.246686286498460206e+01
1.239270107964664014e+01
1.226741436075975145e+01
1.209105676705063459e+01
1.186391359602870743e+01
1.158650729880763564e+01
1.125960195573698996e+01
1.088420618056752254e+01
1.046157433552201077e+01
9.993205951237426277e+00
9.480843274770080598e+00
8.926466882591158836e+00
8.332289323022033400e+00
7.700746776392679571e+00
7.034488748515332901e+00
6.336365838052429922e+00
5.609415647217247169e+00
4.856846930638573312e+00
4.082022103207603614e+00
3.288438252550616614e+00
2.479706823238685853e+00
1.659532162452818982e+00
8.316891307380518406e-01
3.212123347818673387e-15
0.000000000000000000e+00
-7.764240738796454044e-01
-1.549241322080548766e+00
-2.314867505606144515e+00
-3.069763325726253100e+00
-3.810456314932531896e+00
-4.533562042749240462e+00
-5.235804425758016301e+00
-5.914034943799364008e+00
-6.565250583372093551e+00
-7.186610345213834350e+00
-7.775450180881729345e+00
-8.329296238917757833e+00
-8.845876334037207300e+00
-9.323129571273238270e+00
-9.759214090632241323e+00
-1.015251291396621625e+01
-1.050163791065316943e+01
-1.080543191836998318e+01
-1.106296907467536350e+01
-1.127355344448817931e+01
-1.143671603957413119e+01
-1.155221034596637608e+01
-1.162000649012405340e+01
-1.164028418481369087e+01
-1.161342460288734024e+01
-1.154000133692890806e+01
-1.142077060175771486e+01
-1.125666084062091876e+01
-1.104876189129856456e+01
-1.079831386575922814e+01
-1.050669589029620177e+01
-1.017541484322226886e+01
-9.806094219268041812e+00
-9.400463235179250532e+00
-8.960346281064440532e+00
-8.487652805941186429e+00
-7.984367712215795443e+00
-7.452542318064549143e+00
-6.894285932727234112e+00
-6.311758071343304799e+00
-5.707161326072880847e+00
-5.082734886053072998e+00
-4.440748702995898078e+00
-3.783498256182137975e+00
-3.113299892880151631e+00
-2.432486682216270069e+00
-1.743404724039292031e+00
-1.048409841186580094e+00
-3.498645781041828107e-01
3.498645780994489307e-01
1.048409841176548563e+00
1.743404724028691399e+00
2.432486682199554995e+00
3.113299893137964069e+00
3.783498256184674169e+00
4.440748703447320977e+00
5.082734886067701296e+00
5.707161325616109337e+00
6.311758071318906538e+00
6.894285932739683709e+00
7.452542318075590977e+00
7.984367712975886988e+00
8.487652806013599616e+00
8.960346281067346652e+00
9.400463235172038523e+00
9.806094219321378702e+00
1.017541484315874278e+01
1.050669589020141359e+01
1.079831386567507145e+01
1.104876189120243346e+01
1.125666084062086369e+01
1.142077060174353242e+01
1.154000133693414831e+01
1.161342460285391454e+01
1.164028418469936099e+01
1.162000649008139064e+01
1.155221034593925822e+01
1.143671603957345795e+01
1.127355344466927356e+01
1.106296907454319545e+01
1.080543191841641892e+01
1.050163791070207253e+01
1.015251291396731403e+01
9.759214090707843070e+00
9.323129571275377003e+00
8.845876333899463262e+00
8.329296238948307618e+00
7.775450180917462539e+00
7.186610345320000981e+00
6.565250583283491537e+00
5.914034943760335672e+00
5.235804425639750903e+00
4.533562042719434082e+00
3.810456314932542110e+00
3.069763325767729256e+00
2.314867505577867579e+00
1.549241322055181724e+00
7.764240738797713037e-01
2.998690926715786720e-15
0.000000000000000000e+00
-7.210049579186829094e-01
-1.438648783506407458e+00
-2.149591563483165935e+00
-2.850535601520485240e+00
-3.538245977931198993e+00
-4.209570459922240993e+00
-4.861458562980348397e+00
-5.490979575870062135e+00
-6.095339379419789871e+00
-6.671895906472243176e+00
-7.218173112080584986e+00
-7.731873344955038974e+00
-8.210888036387004263e+00
-8.653306643284137678e+00
-9.057423812559791898e+00
-9.421744754579055581e+00
-9.744988833163063191e+00
-1.002609141894654066e+01
-1.026420405247188761e+01
-1.045869299854903289e+01
-1.060913628778992113e+01
-1.071531935398090596e+01
-1.077722939352990572e+01
-1.079504857846646537e+01
-1.076914626925560725e+01
-1.070007037507442682e+01
-1.058853801080293877e+01
-1.043542560440408096e+01
-1.024175861089563355e+01
-1.000870095694292239e+01
-9.737544390287528273e+00
-9.429697832150512937e+00
-9.086676872604794397e+00
-8.710093515327054448e+00
-8.301646266323539081e+00
-7.863110655244678782e+00
-7.396330257186038537e+00
-6.903208271813213059e+00
-6.385699700805724355e+00
-5.845804150199881200e+00
-5.285559269607411181e+00
-4.707034826296315089e+00
-4.112327398236094389e+00
-3.503555659024019775e+00
-2.882856212737823220e+00
-2.252379929965526273e+00
-1.614288723589339281e+00
-9.707526962446672014e-01
-3.239475840596254264e-01
3.239475840635125392e-01
9.707526962447724506e-01
1.614288723609487386e+00
2.252379929965352190e+00
2.882856212737623824e+00
3.503555658981248211e+00
4.112327398236082843e+00
4.707034826295181773e+00
5.285559269607244204e+00
5.845804150273836264e+00
6.385699700806071633e+00
6.903208271894872183e+00
7.396330257272453856e+00
7.863110655335480814e+00
8.301646266425423804e+00
8.710093515328637181e+00
9.086676872606066269e+00
9.429697832139609659e+00
9.737544390400096006e+00
1.000870095633783130e+01
1.024175861078678551e+01
1.043542560440413602e+01
1.058853801080647372e+01
1.070007037519588877e+01
1.076914626938877007e+01
1.079504857835000919e+01
1.077722939338600305e+01
1.071531935398269297e+01
1.060913628767301198e+01
1.045869299851979584e+01
1.026420405247118417e+01
1.002609141894649092e+01
9.744988833059066380e+00
9.421744754579535197e+00
9.057423813041419081e+00
8.653306643282830279e+00
8.210888036388384492e+00
7.731873344934107273e+00
7.218173112083212217e+00
6.671895906539555554e+00
6.095339379401003121e+00
5.490979575815495117e+00
4.861458562932521765e+00
4.209570459966773370e+00
3.538245977931263386e+00
2.850535601520398199e+00
2.149591563468193467e+00
1.438648783506151219e+00
7.210049579186195157e-01
2.784659816384688933e-15
0.000000000000000000e+00
-6.663582077112922830e-01
-1.329601832054069233e+00
-1.986636067988234444e+00
-2.634405459729929344e+00
-3.269913060910315306e+00
-3.890238986000582155e+00
-4.492558165584444652e+00
-5.074157130193085230e+00
-5.632449664855720961e+00
-6.164991187071065859e+00
-6.669491730771980542e+00
-7.143827433517134118e+00
-7.586050442054816934e+00
-7.994397189025002959e+00
-8.367294996424156750e+00
-8.703367008587596487e+00
-9.001435453082221372e+00
-9.260523272516529403e+00
-9.479854181473465147e+00
-9.658851213985842676e+00
-9.797133860376090908e+00
-9.894513891918816029e+00
-9.950989991705281312e+00
-9.966741319050834491e+00
-9.942120144849349472e+00
-9.877643689872114052e+00
-9.773985320806490407e+00
-9.631965233974236540e+00
-9.452540779216857203e+00
-9.236796554127671754e+00
-8.985934403689856964e+00
-8.701263446009036784e+00
-8.384190243794918729e+00
-8.036209217330185339e+00
-7.658893400088365055e+00
-7.253885609208920116e+00
-6.822890101124123419e+00
-6.367664763078164647e+00
-5.890013879509625738e+00
-5.391781498269194728e+00
-4.874845407425317134e+00
-4.341111718622802762e+00
-3.792510045559686294e+00
-3.230989245554338307e+00
-2.658513689014264436e+00
-2.077060007624795812e+00
-1.488614262605598926e+00
-8.951694682810579229e-01
-2.987233989071334528e-01
2.987233988988862721e-01
8.951694682775970247e-01
1.488614262586363202e+00
2.077060007614905057e+00
2.658513689026818838e+00
3.230989245575165647e+00
3.792510045696048770e+00
4.341111718601947445e+00
4.874845407331142688e+00
5.391781498187813604e+00
5.890013879520542339e+00
6.367664763165397090e+00
6.822890101237656602e+00
7.253885609301666371e+00
7.658893400166674859e+00
8.036209217326216958e+00
8.384190243832062350e+00
8.701263446378577626e+00
8.985934403668007775e+00
9.236796554215567667e+00
9.452540779182804442e+00
9.631965233974227658e+00
9.773985320661587650e+00
9.877643690014126676e+00
9.942120144566757745e+00
9.966741319228509255e+00
9.950989991545160507e+00
9.894513891930971639e+00
9.797133860343228307e+00
9.658851213854575235e+00
9.479854181594298268e+00
9.260523272613765400e+00
9.001435452926852321e+00
8.703367008719384401e+00
8.367294996496193349e+00
7.994397188787464970e+00
7.586050442016491147e+00
7.143827433380943503e+00
6.669491730859828493e+00
6.164991186949416502e+00
5.632449664811471024e+00
5.074157130246942593e+00
4.492558165434567208e+00
3.890238985914826308e+00
3.269913060910322411e+00
2.634405459756104406e+00
1.986636067941569328e+00
1.329601832041152010e+00
6.663582077069106768e-01
2.573608852582276056e-15
0.000000000000000000e+00
-6.131686870907306908e-01
-1.223465953241650750e+00
-1.828038684990519913e+00
-2.424070191614565051e+00
-3.008797938469676581e+00
-3.579530714856712592e+00
-4.133665063473378254e+00
-4.668700806660497804e+00
-5.182255523103989958e+00
-5.672077841915066365e+00
-6.136059438780559816e+00
-6.572245642907999397e+00
-6.978844576817921919e+00
-7.354234780080216360e+00
-7.696971283815146059e+00
-8.005790126737064583e+00
-8.279611325825877444e+00
-8.517540331897061279e+00
-8.718868018187338365e+00
-8.883069276704150141e+00
-9.009800297790825141e+00
-9.098894635013101251e+00
-9.150358165021161838e+00
-9.164363057453410732e+00
-9.141240881841673271e+00
-9.081474984310043297e+00
-8.985692264572808341e+00
-8.854654487478036629e+00
-8.689249260922050411e+00
-8.490480810475974138e+00
-8.259460669354881546e+00
-7.997398403645808784e+00
-7.705592476800082302e+00
-7.385421352786510241e+00
-7.038334919744877460e+00
-6.665846315386906973e+00
-6.269524209054465835e+00
-5.850985593568267973e+00
-5.411889122101032790e+00
-4.953929011316144937e+00
-4.478829524010898844e+00
-3.988340024440249376e+00
-3.484230596260315505e+00
-2.968288193790221019e+00
-2.442313291572417722e+00
-1.908116986570191909e+00
-1.367518497261493104e+00
-8.223429991218705881e-01
-2.744197270745924455e-01
2.744197270796746024e-01
8.223429991346966617e-01
1.367518497253452647e+00
1.908116986547470750e+00
2.442313291566700073e+00
2.968288193796956520e+00
3.484230596260784463e+00
3.988340024418023599e+00
4.478829524002965634e+00
4.953929011360225232e+00
5.411889122071438685e+00
5.850985593531179418e+00
6.269524209116191571e+00
6.665846315345127060e+00
7.038334919820080415e+00
7.385421352685958674e+00
7.705592476903913024e+00
7.997398403563068747e+00
8.259460669404319333e+00
8.490480810486419117e+00
8.689249260969166500e+00
8.854654487477967351e+00
8.985692264724798761e+00
9.081474984226401759e+00
9.141240881753144976e+00
9.164363057331433637e+00
9.150358165021176049e+00
9.098894634925587255e+00
9.009800297635511157e+00
8.883069276949672854e+00
8.718868018304545942e+00
8.517540331917322405e+00
8.279611325755604767e+00
8.005790126807616147e+00
7.696971283707076061e+00
7.354234780187581144e+00
6.978844576775231623e+00
6.572245642927006415e+00
6.136059438855498094e+00
5.672077841931685960e+00
5.182255523200943514e+00
4.668700806646143064e+00
4.133665063490067126e+00
3.579530714889223919e+00
3.008797938469690347e+00
2.424070191643549421e+00
1.828038684962165483e+00
1.223465953232260484e+00
6.131686870906615239e-01
2.368183789269907127e-15
0.000000000000000000e+00
-5.619245491701737594e-01
-1.121214314646002963e+00
-1.675251352857541454e+00
-2.221451223233866568e+00
-2.757279299295306352e+00
-3.280266559582142971e+00
-3.788024697306211053e+00
-4.278260399244956602e+00
-4.748788657098406141e+00
-5.197544989549088612e+00
-5.622596467999002812e+00
-6.022151462942664679e+00
-6.394568039766742373e+00
-6.738360953091695471e+00
-7.052207217406943229e+00
-7.334950239256001758e+00
-7.585602524863666929e+00
-7.803346990727454191e+00
-7.987536922217235436e+00
-8.137694646170270829e+00
-8.253508994142938704e+00
-8.334831638581935209e+00
-8.381672415506487894e+00
-8.394193731347526111e+00
-8.372704177048358787e+00
-8.317651467021548228e+00
-8.229614825406940781e+00
-8.109296951195592129e+00
-7.957515666828874679e+00
-7.775195393660659704e+00
-7.563358543274789625e+00
-7.323116950569366956e+00
-7.055663438050503444e+00
-6.762263604754352286e+00
-6.444247919202213737e+00
-6.103004185770601886e+00
-5.739970441135397117e+00
-5.356628328438194586e+00
-4.954496980185203903e+00
-4.535127433080666570e+00
-4.100097582581335054e+00
-3.651007676836246052e+00
-3.189476333965701293e+00
-2.717137060489612566e+00
-2.235635235544047195e+00
-1.746625518442774805e+00
-1.251769628617070307e+00
-7.527344395512461928e-01
-2.511903231872073539e-01
2.511903231871961961e-01
7.527344395512162167e-01
1.251769628617225738e+00
1.746625518405922062e+00
2.235635235478799387e+00
2.717137060470919074e+00
3.189476334010210135e+00
3.651007676819217007e+00
4.100097582600001900e+00
4.535127433007882125e+00
4.954496980297026454e+00
5.356628328338032929e+00
5.739970440990220801e+00
6.103004185578513763e+00
6.444247919199024288e+00
6.762263604755266222e+00
7.055663438209216487e+00
7.323116950568786976e+00
7.563358543274171453e+00
7.775195393661183729e+00
7.957515666826192380e+00
8.109296950752851174e+00
8.229614825407017165e+00
8.317651466800459303e+00
8.372704177053282848e+00
8.394193731373366774e+00
8.381672415516725039e+00
8.334831638488621408e+00
8.253508993947336947e+00
8.137694646090844586e+00
7.987536921755729935e+00
7.803346990475054312e+00
7.585602524831793758e+00
7.334950239169635289e+00
7.052207217324731658e+00
6.738360953040968049e+00
6.394568039898134160e+00
6.022151462942920475e+00
5.622596467734863879e+00
5.197544989423300343e+00
4.748788657200413432e+00
4.278260399402155301e+00
3.788024697271413554e+00
3.280266559582413866e+00
2.757279299294168595e+00
2.221451223232799865e+00
1.675251352880691602e+00
1.121214314646147958e+00
5.619245491701272410e-01
2.170270524813752667e-15
0.000000000000000000e+00
-5.129571348154788879e-01
-1.023507358026234160e+00
-1.529259158927189777e+00
-2.027851666595926083e+00
-2.516969567340145097e+00
-2.994357546366822387e+00
-3.457834106872061497e+00
-3.905304629478094203e+00
-4.334773546881340422e+00
-4.744355522091992405e+00
-5.132285533905664998e+00
-5.496927789644232121e+00
-5.836783402707743207e+00
-6.150496789927815122e+00
-6.436860762439414962e+00
-6.694820301660063144e+00
-6.923475029260888647e+00
-7.122080397637918558e+00
-7.290047643003427780e+00
-7.426942557808692946e+00
-7.532483153307897972e+00
-7.606536293466711562e+00
-7.649113393245636772e+00
-7.660365280415006417e+00
-7.640576327999472284e+00
-7.590157967661575356e+00
-7.509641697213601752e+00
-7.399671695879307620e+00
-7.260997159587211591e+00
-7.094464465597972946e+00
-6.901009271507088094e+00
-6.681648647179521561e+00
-6.437473331285032074e+00
-6.169640195797687632e+00
-5.879364992437224657e+00
-5.567915444495935340e+00
-5.236604738156317218e+00
-4.886785454810421925e+00
-4.519843976048417922e+00
-4.137195380869820305e+00
-3.740278843992430158e+00
-3.330553533092921015e+00
-2.909494992476646669e+00
-2.478591990821508606e+00
-2.039343801528725297e+00
-1.593257875714906957e+00
-1.141847860682980942e+00
-6.866319100791578034e-01
-2.291312265173112983e-01
2.291312265172712470e-01
6.866319100790847507e-01
1.141847860682729809e+00
1.593257875709168436e+00
2.039343801526725564e+00
2.478591990827015312e+00
2.909494992470143870e+00
3.330553533085570894e+00
3.740278843984311319e+00
4.137195380869441053e+00
4.519843976043511624e+00
4.886785454816885199e+00
5.236604738168214368e+00
5.567915444495935340e+00
5.879364992438176785e+00
6.169640195810067951e+00
6.437473331265769261e+00
6.681648647171780198e+00
6.901009271520736732e+00
7.094464465597527969e+00
7.260997159572873727e+00
7.399671695879231237e+00
7.509641697212772193e+00
7.590157967658944571e+00
7.640576327999625939e+00
7.660365280413689248e+00
7.649113393253732518e+00
7.606536293468928456e+00
7.532483153292150568e+00
7.426942557807216794e+00
7.290047642994384347e+00
7.122080397643801852e+00
6.923475029265183878e+00
6.694820301660855399e+00
6.436860762451357409e+00
6.150496789927482943e+00
5.836783402720353564e+00
5.496927789644474593e+00
5.132285533895626806e+00
4.744355522102083000e+00
4.334773546886219187e+00
3.905304629474330991e+00
3.457834106868105550e+00
2.994357546367198974e+00
2.516969567340148206e+00
2.027851666595848812e+00
1.529259158930548868e+00
1.023507358027392344e+00
5.129571348149457588e-01
1.981149210911295274e-15
0.000000000000000000e+00
-4.664751412638163952e-01
-9.307609538096410784e-01
-1.390682117057808753e+00
-1.844091179606597297e+00
-2.288882128559922347e+00
-2.723003526856580869e+00
-3.144471085169332714e+00
-3.551379544494101648e+00
-3.941913754588730612e+00
-4.314358847685876519e+00
-4.667109419404252613e+00
-4.998677643516143299e+00
-5.307700264372293475e+00
-5.592944425094658278e+00
-5.853312307370673651e+00
-6.087844574906727146e+00
-6.295722622337440733e+00
-6.476269688088213350e+00
-6.628950782189784618e+00
-6.753371594974058034e+00
-6.849276367133086296e+00
-6.916544823763748795e+00
-6.955188257744766567e+00
-6.965344847202397993e+00
-6.947274305766121039e+00
-6.901351969591080326e+00
-6.828062418444932113e+00
-6.727992737684566293e+00
-6.601825525901388048e+00
-6.450331742003749369e+00
-6.274363494843931299e+00
-6.074846859358942197e+00
-5.852774808541295393e+00
-5.609200334015734590e+00
-5.345229824254608353e+00
-5.062016761332617243e+00
-4.760755781203934056e+00
-4.442677140162201610e+00
-4.109041614791149044e+00
-3.761135854072066298e+00
-3.400268191443398980e+00
-3.027764916267567497e+00
-2.644966991886734231e+00
-2.253227201409293556e+00
-1.853907690627355498e+00
-1.448377873307751917e+00
-1.038012653989885070e+00
-6.241909195283262823e-01
-2.082942449633002902e-01
2.082942449632753379e-01
6.241909195292487667e-01
1.038012653989293099e+00
1.448377873309426578e+00
1.853907690627302429e+00
2.253227201394138568e+00
2.644966991898216602e+00
3.027764916294108932e+00
3.400268191440796173e+00
3.761135854071658624e+00
4.109041614824632482e+00
4.442677140154716930e+00
4.760755781213465099e+00
5.062016761339743098e+00
5.345229824266600538e+00
5.609200333943488381e+00
5.852774808529262351e+00
6.074846859403974619e+00
6.274363494841147748e+00
6.450331742068859064e+00
6.601825525827783814e+00
6.727992737684563629e+00
6.828062418445418835e+00
6.901351969837405953e+00
6.947274305740904765e+00
6.965344847108548620e+00
6.955188257839591159e+00
6.916544823795330643e+00
6.849276367062731907e+00
6.753371595036303354e+00
6.628950782122590368e+00
6.476269688115045220e+00
6.295722622328729479e+00
6.087844574876667636e+00
5.853312307383570889e+00
5.592944425111157081e+00
5.307700264381605137e+00
4.998677643469967791e+00
4.667109419378774327e+00
4.314358847710560774e+00
3.941913754600069986e+00
3.551379544453000747e+00
3.144471085141787192e+00
2.723003526849772093e+00
2.288882128559905471e+00
1.844091179625233723e+00
1.390682117080289215e+00
9.307609538218525325e-01
4.664751412640706918e-01
1.801626232372226561e-15
0.000000000000000000e+00
-4.225930901810669993e-01
-8.432031813822776778e-01
-1.259859949164649162e+00
-1.670618285563507888e+00
-2.073570577922882574e+00
-2.466858597706409917e+00
-2.848684880417825305e+00
-3.217323481962231391e+00
-3.571130011020627659e+00
-3.908550843213385306e+00
-4.228131440792135542e+00
-4.528523707858784775e+00
-4.808492332635180055e+00
-5.066920077799723643e+00
-5.302811995105478182e+00
-5.515298560513114623e+00
-5.703637730190878941e+00
-5.867215944726193122e+00
-6.005548111856795046e+00
-6.118276611066016279e+00
-6.205169383964222796e+00
-6.266117171552466836e+00
-6.301129973004996110e+00
-6.310332817587943843e+00
-6.293960919018480205e+00
-6.252354323030358429e+00
-6.185952127752473828e+00
-6.095286378083044632e+00
-5.980975721424867331e+00
-5.843718923875906412e+00
-5.684288320911157655e+00
-5.503523300007957531e+00
-5.302323882503578112e+00
-5.081644474637336373e+00
-4.842487853520055729e+00
-4.585899440488528711e+00
-4.312961905527155970e+00
-4.024790140528217819e+00
-3.722526627345661421e+00
-3.407337215369348637e+00
-3.080407322557803695e+00
-2.742938551065553732e+00
-2.396145713591601112e+00
-2.041254247663584209e+00
-1.679497994523303950e+00
-1.312117307902072705e+00
-9.403574532210825510e-01
-5.654672526743348415e-01
-1.886979260704305938e-01
1.886979260737322028e-01
5.654672526764887852e-01
9.403574531740450659e-01
1.312117307962860968e+00
1.679497994589930432e+00
2.041254247669056721e+00
2.396145713528488486e+00
2.742938551028565985e+00
3.080407322573309514e+00
3.407337215373315242e+00
3.722526627370199570e+00
4.024790140787167125e+00
4.312961905520323214e+00
4.585899440398780946e+00
4.842487853283915733e+00
5.081644474738158834e+00
5.302323882380702180e+00
5.503523300051081257e+00
5.684288320743731582e+00
5.843718923849470670e+00
5.980975721744544060e+00
6.095286378083079271e+00
6.185952127627588837e+00
6.252354323100979272e+00
6.293960919103036566e+00
6.310332817508105485e+00
6.301129973004981899e+00
6.266117171596081725e+00
6.205169384056469006e+00
6.118276611046642444e+00
6.005548111800543154e+00
5.867215944933250604e+00
5.703637730282940410e+00
5.515298560381395099e+00
5.302811995029932390e+00
5.066920077800230793e+00
4.808492332658813595e+00
4.528523707792843744e+00
4.228131440864821400e+00
3.908550843241474837e+00
3.571130010960570811e+00
3.217323482014471825e+00
2.848684880356261662e+00
2.466858597741405035e+00
2.073570577922881242e+00
1.670618285590355967e+00
1.259859949205736518e+00
8.432031813766815986e-01
4.225930901773225501e-01
1.632144171804469593e-15
0.000000000000000000e+00
-3.813545652985524392e-01
-7.609206741780747407e-01
-1.136921278791864554e+00
-1.507602029599939053e+00
-1.871242329249315883e+00
-2.226166037312356849e+00
-2.570751717909407041e+00
-2.903442329489229312e+00
-3.222754264221663778e+00
-3.527285654768554490e+00
-3.815723876778887469e+00
-4.086852187514483425e+00
-4.339555453791072104e+00
-4.572824935026387649e+00
-4.785762100675424513e+00
-4.977581474967622377e+00
-5.147612513248112975e+00
-5.295300529549800572e+00
-5.420206704117936702e+00
-5.522007211774983659e+00
-5.600491521317197297e+00
-5.655559927020657796e+00
-5.687220378732847692e+00
-5.695584682712855340e+00
-5.680864153629674895e+00
-5.643364798001501370e+00
-5.583482112725318025e+00
-5.501695585934783139e+00
-5.398562979929436345e+00
-5.274714480967078956e+00
-5.130846794345953477e+00
-4.967717258777239131e+00
-4.786138048452509786e+00
-4.586970529742774083e+00
-4.371119824263041131e+00
-4.139529630071465682e+00
-3.893177343088129128e+00
-3.633069508124818547e+00
-3.360237627142115713e+00
-3.075734339647446358e+00
-2.780629981229597369e+00
-2.476009521707325245e+00
-2.162969872173928110e+00
-1.842617545460313977e+00
-1.516066645580160799e+00
-1.184437157100025617e+00
-8.488534981439440630e-01
-5.104432955348680023e-01
-1.703363385750145953e-01
1.703363385755654325e-01
5.104432955234249336e-01
8.488534980994152379e-01
1.184437157100440619e+00
1.516066645557714310e+00
1.842617545495931264e+00
2.162969872195336762e+00
2.476009521671388658e+00
2.780629981219584934e+00
3.075734339616598145e+00
3.360237627140602257e+00
3.633069508060376318e+00
3.893177343034201598e+00
4.139529630093790047e+00
4.371119824103723239e+00
4.586970529849804912e+00
4.786138048524287036e+00
4.967717258752162302e+00
5.130846794321234583e+00
5.274714481015693401e+00
5.398562979870884071e+00
5.501695585934776034e+00
5.583482112825225663e+00
5.643364798000188642e+00
5.680864153766859381e+00
5.695584682831253076e+00
5.687220378571360868e+00
5.655559926988121155e+00
5.600491521060103395e+00
5.522007211835471274e+00
5.420206704190381863e+00
5.295300529368667242e+00
5.147612513187107552e+00
4.977581474992477162e+00
4.785762100800204699e+00
4.572824935065549212e+00
4.339555453804850416e+00
4.086852187506848644e+00
3.815723876765129585e+00
3.527285654772208456e+00
3.222754264238628874e+00
2.903442329488037821e+00
2.570751717924806723e+00
2.226166037312449664e+00
1.871242329249317660e+00
1.507602029599565574e+00
1.136921278794563062e+00
7.609206741631933113e-01
3.813545652991539581e-01
1.472871571425159782e-15
0.000000000000000000e+00
-3.427508510737120040e-01
-6.838957908360153715e-01
-1.021839123298587282e+00
-1.355005477309770390e+00
-1.681849706017609858e+00
-2.000866475520191035e+00
-2.310599445691469356e+00
-2.609649955382026043e+00
-2.896685125704666852e+00
-3.170445312681565930e+00
-3.429750841479298540e+00
-3.673507969125171524e+00
-3.900714036789071582e+00
-4.110461775535003248e+00
-4.301942751905828644e+00
-4.474449942391852453e+00
-4.627379442642514995e+00
-4.760231327018795255e+00
-4.872609683883829312e+00
-4.964221862223255677e+00
-5.034876977844949586e+00
-5.084483722767338953e+00
-5.113047552191186007e+00
-5.120667297743373148e+00
-5.107531290565981763e+00
-5.073913058150941069e+00
-5.020166674457136047e+00
-4.946721836821706297e+00
-4.854078746126405441e+00
-4.742802862253435947e+00
-4.613519607472114537e+00
-4.466909082716713719e+00
-4.303700860987599519e+00
-4.124668914164017153e+00
-3.930626724216828016e+00
-3.722422623922027274e+00
-3.500935403110501110e+00
-3.267070212102698878e+00
-3.021754782748218293e+00
-2.765935983603719617e+00
-2.500576714454489480e+00
-2.226653141343910569e+00
-1.945152262978177005e+00
-1.657069794840626997e+00
-1.363408349713177259e+00
-1.065175887532154198e+00
-7.633844027093474871e-01
-4.590488120474769951e-01
-1.531860027970175508e-01
1.531860027969647875e-01
4.590488120474682798e-01
7.633844027026305268e-01
1.065175887531774279e+00
1.363408349713230328e+00
1.657069794841832699e+00
1.945152262976705737e+00
2.226653141343059250e+00
2.500576714476353768e+00
2.765935983579400848e+00
3.021754782773753867e+00
3.267070212103303728e+00
3.500935403009947322e+00
3.722422623923907103e+00
3.930626724109689274e+00
4.124668914169399514e+00
4.303700860973332709e+00
4.466909082666020048e+00
4.613519607511975984e+00
4.742802862252462504e+00
4.854078746125700228e+00
4.946721836878260170e+00
5.020166674456628897e+00
5.073913058201477533e+00
5.107531290525799683e+00
5.120667297743599633e+00
5.113047552191011036e+00
5.084483722973347497e+00
5.034876977887045690e+00
4.964221862605910474e+00
4.872609683897247912e+00
4.760231327067072193e+00
4.627379442643208662e+00
4.474449942234851818e+00
4.301942751835687417e+00
4.110461775538508888e+00
3.900714036704888255e+00
3.673507969254867778e+00
3.429750841478605317e+00
3.170445312794088810e+00
2.896685125702901598e+00
2.609649955367369767e+00
2.310599445817945963e+00
2.000866475457552696e+00
1.681849706017599422e+00
1.355005477309683570e+00
1.021839123299011831e+00
6.838957908439684541e-01
3.427508510915676099e-01
1.323774932640471980e-15
0.000000000000000000e+00
-3.067356920110477780e-01
-6.120360485125503347e-01
-9.144748315308784958e-01
-1.212643904164514286e+00
-1.505162048818283971e+00
-1.790683509332683387e+00
-2.067906174662581975e+00
-2.335579319009251087e+00
-2.592510832258711151e+00
-2.837573870258024211e+00
-3.069712868269230732e+00
-3.287948874449282854e+00
-3.491384159158467781e+00
-3.679206076346106524e+00
-3.850690160944115981e+00
-4.005202451122387153e+00
-4.142201041348942070e+00
-4.261236881017120837e+00
-4.361953836618657654e+00
-4.444088053400813365e+00
-4.507466652469773294e+00
-4.552005812099178428e+00
-4.577708284357284718e+00
-4.584660403599721157e+00
-4.573028651944970768e+00
-4.543055843641099933e+00
-4.495056993316192795e+00
-4.429414940735692419e+00
-4.346575792611056421e+00
-4.247044251876748611e+00
-4.131378893482323456e+00
-4.000187450281690538e+00
-3.854122163415270919e+00
-3.693875247204779999e+00
-3.520174516556505928e+00
-3.333779215988915912e+00
-3.135476082963689848e+00
-2.926075673891642026e+00
-2.706408973127801154e+00
-2.477324297753952465e+00
-2.239684504693965739e+00
-1.994364500686548469e+00
-1.742249048091488728e+00
-1.484230853993991683e+00
-1.221208922942221831e+00
-9.540871520943854378e-01
-6.837731362624424047e-01
-4.111771544769277642e-01
-1.372112977459551686e-01
1.372112977459657712e-01
4.111771544932638633e-01
6.837731362630041776e-01
9.540871520000195893e-01
1.221208922965607346e+00
1.484230853941709061e+00
1.742249048159312474e+00
1.994364500604684398e+00
2.239684504729686498e+00
2.477324297789063934e+00
2.706408973102162996e+00
2.926075674026519469e+00
3.135476082766611494e+00
3.333779216073980312e+00
3.520174516473872917e+00
3.693875247051314314e+00
3.854122163323012717e+00
4.000187450257865152e+00
4.131378893453107715e+00
4.247044251863398401e+00
4.346575792694547857e+00
4.429414940735670214e+00
4.495056993415752267e+00
4.543055843695725571e+00
4.573028652139101702e+00
4.584660403643453286e+00
4.577708284376068804e+00
4.552005812345155888e+00
4.507466652367503990e+00
4.444088053199809707e+00
4.361953836776032212e+00
4.261236880903861213e+00
4.142201041387542304e+00
4.005202451062630509e+00
3.850690160980051235e+00
3.679206076355776123e+00
3.491384159183767100e+00
3.287948874536560151e+00
3.069712868314784071e+00
2.837573870120910779e+00
2.592510832276647470e+00
2.335579319051729552e+00
2.067906174729127855e+00
1.790683509521471484e+00
1.505162048818290188e+00
1.212643904162661546e+00
9.144748315087463109e-01
6.120360485614587676e-01
3.067356920148198163e-01
1.184675728604893507e-15
0.000000000000000000e+00
-2.732368280585222853e-01
-5.451971263687228619e-01
-8.146124207634191094e-01
-1.080230265878416640e+00
-1.340822055255274758e+00
-1.595190588868155235e+00
-1.842177324559690854e+00
-2.080669241640129119e+00
-2.309605253603155273e+00
-2.527982112803228709e+00
-2.734859746616795206e+00
-2.929366007028543883e+00
-3.110700783128857783e+00
-3.278139429560573248e+00
-3.431035550067100370e+00
-3.568823082154456205e+00
-3.691017705373761171e+00
-3.797217580824847616e+00
-3.887103441460837416e+00
-3.960438058821992069e+00
-4.017065122921292364e+00
-4.056907573372058096e+00
-4.079965428431831853e+00
-4.086313165288903981e+00
-4.076096689621028446e+00
-4.049530002599955658e+00
-4.006891515732189823e+00
-3.948520235136134815e+00
-3.874811691607170872e+00
-3.786213828980185880e+00
-3.683222812335819274e+00
-3.566378855256568947e+00
-3.436262068322613938e+00
-3.293488458994858536e+00
-3.138706038072564208e+00
-2.972591084852982402e+00
-2.795844658278766826e+00
-2.609189315081881233e+00
-2.413366065594957810e+00
-2.209131636806446419e+00
-1.997255937063282749e+00
-1.778519840299137122e+00
-1.553713199487581464e+00
-1.323633141709628536e+00
-1.089082561329967724e+00
-8.508688532807461291e-01
-6.098028233073682358e-01
-3.666977592679073750e-01
-1.223686290380775754e-01
1.223686290380270880e-01
3.666977593020100401e-01
6.098028233038309542e-01
8.508688532529746773e-01
1.089082561319304698e+00
1.323633141640285116e+00
1.553713199478020668e+00
1.778519838510115969e+00
1.997255937065774312e+00
2.209131639536416891e+00
2.413366065622374990e+00
2.609189315213857441e+00
2.795844658253257897e+00
2.972591084856422317e+00
3.138706038026562339e+00
3.293488459055674777e+00
3.436262064181537124e+00
3.566378850276040957e+00
3.683222812208614361e+00
3.786213829058807434e+00
3.874811691544169268e+00
3.948520235136145029e+00
4.006891515785977020e+00
4.049530002656507754e+00
4.076096689521944150e+00
4.086313165327653429e+00
4.079965428495015978e+00
4.056907573289888269e+00
4.017065123000437055e+00
3.960438058840213049e+00
3.887103441507318902e+00
3.797217580925075442e+00
3.691017705283437422e+00
3.568823082102094091e+00
3.431035549996306777e+00
3.278139429519568271e+00
3.110700782933329300e+00
2.929366010618841720e+00
2.734859743471646620e+00
2.527982113717589296e+00
2.309605253466201713e+00
2.080669243759487141e+00
1.842177324569750141e+00
1.595190588939874088e+00
1.340822055255271206e+00
1.080230265844749349e+00
8.146124207248789384e-01
5.451971263688841773e-01
2.732368280665234406e-01
1.055294966071692122e-15
0.000000000000000000e+00
-2.421649149118493549e-01
-4.832006529480374901e-01
-7.219851264052548068e-01
-9.574103539880609581e-01
-1.188389335718359696e+00
-1.413862716141189857e+00
-1.632805171251412002e+00
-1.844231457032817101e+00
-2.047202064298824453e+00
-2.240828426790802741e+00
-2.424277642196414728e+00
-2.596776665222017222e+00
-2.757615945280402769e+00
-2.906152485785765904e+00
-3.041812312168707066e+00
-3.164092339575995005e+00
-3.272561646037170924e+00
-3.366862157219920437e+00
-3.446708759608795081e+00
-3.511888866779138141e+00
-3.562261466644413233e+00
-3.597755685696353289e+00
-3.618368907846936988e+00
-3.624164496532309876e+00
-3.615269161578642532e+00
-3.591870023369627241e+00
-3.554211426330839529e+00
-3.502591550602274673e+00
-3.437358876717555578e+00
-3.358908552226140376e+00
-3.267678710770527850e+00
-3.164146788597583360e+00
-3.048825885552378878e+00
-2.922261207777606007e+00
-2.785026630325974306e+00
-2.637721409895872782e+00
-2.480967076788981096e+00
-2.315404526077809777e+00
-2.141691323782124012e+00
-1.960499242542736997e+00
-1.772512028952285990e+00
-1.578423404929868878e+00
-1.378935298590104663e+00
-1.174756293539010565e+00
-9.666002849459165436e-01
-7.551853217312936017e-01
-5.412326141168214422e-01
-3.254656810528797073e-01
-1.086096088115266894e-01
1.086096088079323840e-01
3.254656810317463345e-01
5.412326141205359153e-01
7.551853217191790701e-01
9.666002849447129508e-01
1.174756293549902741e+00
1.378935298546343446e+00
1.578423405002644664e+00
1.772512029024680524e+00
1.960499242555059141e+00
2.141691323753614817e+00
2.315404526092909254e+00
2.480967076911370750e+00
2.637721409889826507e+00
2.785026630180174045e+00
2.922261207892410173e+00
3.048825885576187389e+00
3.164146788594469850e+00
3.267678710677265119e+00
3.358908552311903328e+00
3.437358876681152697e+00
3.502591550602274673e+00
3.554211426368931281e+00
3.591870023363095132e+00
3.615269161613366755e+00
3.624164496646493649e+00
3.618368907874284446e+00
3.597755685689845162e+00
3.562261466734239601e+00
3.511888866839250056e+00
3.446708759478851469e+00
3.366862157186489846e+00
3.272561645927074991e+00
3.164092339590041103e+00
3.041812312177655908e+00
2.906152485921025708e+00
2.757615945249314304e+00
2.596776665174771015e+00
2.424277642163209290e+00
2.240828426764956305e+00
2.047202064317480197e+00
1.844231457119228645e+00
1.632805171236687780e+00
1.413862716122459728e+00
1.188389335718356143e+00
9.574103540278320335e-01
7.219851264006379443e-01
4.832006529445209142e-01
2.421649149110702559e-01
9.352876442661488195e-16
0.000000000000000000e+00
-2.134203443407987622e-01
-4.258478063138156355e-01
-6.362957001044362570e-01
-8.437896709152736818e-01
-1.047373705388798815e+00
-1.246115960270572476e+00
-1.439114349509223789e+00
-1.625501839795610914e+00
-1.804451404131952374e+00
-1.975180588139863636e+00
-2.136955653235165453e+00
-2.289095262661981156e+00
-2.430973682944733039e+00
-2.562023486227327673e+00
-2.681737733451289074e+00
-2.789671640896523641e+00
-2.885443722994123217e+00
-2.968736426488428393e+00
-3.039296263307742496e+00
-3.096933465906941851e+00
-3.141521189538771797e+00
-3.172994289040214966e+00
-3.191347708018637874e+00
-3.196634515442051239e+00
-3.188963630889503964e+00
-3.168497282334299392e+00
-3.135448240456358615e+00
-3.090076873281719649e+00
-3.032688068058636777e+00
-2.963628062725886192e+00
-2.883281232354972357e+00
-2.792066869737200641e+00
-2.690435998534145945e+00
-2.578868255029179934e+00
-2.457868871129186061e+00
-2.327965785295309953e+00
-2.189706903989666387e+00
-2.043657537163707794e+00
-1.890398018555712767e+00
-1.730521521678695773e+00
-1.564632078622066658e+00
-1.393342800556370165e+00
-1.217274296558262137e+00
-1.037053283526617742e+00
-8.533113739914300888e-01
-6.666840268574784067e-01
-4.778096418723750682e-01
-2.873287749209889608e-01
-9.588345121556630934e-02
9.588345122171290646e-02
2.873287749265604485e-01
4.778096418733149275e-01
6.666840268786184964e-01
8.533113739000219855e-01
1.037053283549152161e+00
1.217274296592575578e+00
1.393342800553583283e+00
1.564632078665287640e+00
1.730521521639240445e+00
1.890398018482785769e+00
2.043657537158139359e+00
2.189706903810535010e+00
2.327965785299317858e+00
2.457868871225982410e+00
2.578868254985275499e+00
2.690435998504326243e+00
2.792066869706854693e+00
2.883281232237120850e+00
2.963628062650796036e+00
3.032688068065517051e+00
3.090076873281712988e+00
3.135448240433892586e+00
3.168497282369115986e+00
3.188963630900003121e+00
3.196634515358126816e+00
3.191347707979357740e+00
3.172994288853675293e+00
3.141521189475949605e+00
3.096933465955696629e+00
3.039296263382622598e+00
2.968736426598687750e+00
2.885443723074102351e+00
2.789671640897114724e+00
2.681737733560360049e+00
2.562023486311693521e+00
2.430973683040014155e+00
2.289095262606478443e+00
2.136955653379207565e+00
1.975180588122449121e+00
1.804451404147091598e+00
1.625501839771079649e+00
1.439114349366701795e+00
1.246115960194540184e+00
1.047373705388792597e+00
8.437896708427953252e-01
6.362957000809984498e-01
4.258478063192304708e-01
2.134203443229210073e-01
8.242691021985039144e-16
0.000000000000000000e+00
-1.868984032889634272e-01
-3.729296007279307434e-01
-5.572317619658792021e-01
-7.389537546661716361e-01
-9.172603600252836609e-01
-1.091337332379039182e+00
-1.260396251500801146e+00
-1.423679124196823853e+00
-1.580462691758439453e+00
-1.730062404347710192e+00
-1.871836032064617683e+00
-2.005186881590040215e+00
-2.129566596145375357e+00
-2.244477524354535181e+00
-2.349474643504387839e+00
-2.444167033297520053e+00
-2.528218901084597903e+00
-2.601350163604950083e+00
-2.663336597522306448e+00
-2.714009575009816544e+00
-2.753255405057488669e+00
-2.781014305725407976e+00
-2.797279039795212974e+00
-2.802093240058344925e+00
-2.795549464890128899e+00
-2.777787017116435830e+00
-2.748989566370707127e+00
-2.709382611296071719e+00
-2.659230824642264679e+00
-2.598835313763161903e+00
-2.528530839053655832e+00
-2.448683022074024773e+00
-2.359685579258987698e+00
-2.261957610255988627e+00
-2.155940968563853755e+00
-2.042097742330454491e+00
-1.920907859522489103e+00
-1.792866841265622346e+00
-1.658483712947717903e+00
-1.518279081894029048e+00
-1.372783387976538538e+00
-1.222535326853714466e+00
-1.068080444214543068e+00
-9.099698923459286215e-01
-7.487593409206065864e-01
-5.850080273475831705e-01
-4.192779299956026495e-01
-2.521330467320593849e-01
-8.413875675880225224e-02
8.413875676262648484e-02
2.521330467502118644e-01
4.192779300078055549e-01
5.850080273554780774e-01
7.487593409407443668e-01
9.099698922754108077e-01
1.068080444248546534e+00
1.222535326913974485e+00
1.372783387941264310e+00
1.518279081962473631e+00
1.658483713028090278e+00
1.792866841261113953e+00
1.920907859512456684e+00
2.042097742350886147e+00
2.155940968611547603e+00
2.261957610021318121e+00
2.359685579347543971e+00
2.448683022001167053e+00
2.528530838835067573e+00
2.598835313716015172e+00
2.659230824660508752e+00
2.709382611296071719e+00
2.748989566204659951e+00
2.777787017131314151e+00
2.795549464674761175e+00
2.802093240071110714e+00
2.797279039775637965e+00
2.781014305764880401e+00
2.753255404776920656e+00
2.714009575178170763e+00
2.663336597448482390e+00
2.601350163344458455e+00
2.528218901111132233e+00
2.444167033398653377e+00
2.349474643498051574e+00
2.244477524436597093e+00
2.129566596125473055e+00
2.005186881481030081e+00
1.871836032201020350e+00
1.730062404345565463e+00
1.580462691722788859e+00
1.423679124292376530e+00
1.260396251478073770e+00
1.091337332342867450e+00
9.172603600252864364e-01
7.389537546686998359e-01
5.572317619590370086e-01
3.729296007085594611e-01
1.868984032871794931e-01
7.218349487215983779e-16
0.000000000000000000e+00
-1.624931265157393279e-01
-3.242345682002741869e-01
-4.844772638423473499e-01
-6.424833540849468339e-01
-7.975286694891273731e-01
-9.489070846323308661e-01
-1.095934697513726963e+00
-1.237953793821904291e+00
-1.374336561730817863e+00
-1.504488524233966507e+00
-1.627851658326227469e+00
-1.743907181634666514e+00
-1.852177982427492209e+00
-1.952230680690963283e+00
-2.043677306345300870e+00
-2.126176602540657434e+00
-2.199434931746596433e+00
-2.263206810980148642e+00
-2.317295075741538035e+00
-2.361550683525136751e+00
-2.395872183474111683e+00
-2.420204865711381714e+00
-2.434539615386169142e+00
-2.438911511424913581e+00
-2.433398172198822262e+00
-2.418117911756989091e+00
-2.393227716960600215e+00
-2.358921080768616729e+00
-2.315425738144343271e+00
-2.263001319090172103e+00
-2.201936964903760341e+00
-2.132548931397229453e+00
-2.055178208343758417e+00
-1.970188182100888863e+00
-1.877962366285239160e+00
-1.778902221544719442e+00
-1.673425079413130456e+00
-1.561962189786715527e+00
-1.444956899814337392e+00
-1.322862975390951989e+00
-1.196143064243888610e+00
-1.065267307576077682e+00
-9.307120988514610005e-01
-7.929589726468009303e-01
-6.524936320014362856e-01
-5.098050896810929489e-01
-3.653849149221300996e-01
-2.197265704312321988e-01
-7.332481866871139176e-02
7.332481866234177859e-02
2.197265704206163572e-01
3.653849149479010960e-01
5.098050896361406847e-01
6.524936320485281716e-01
7.929589725669053957e-01
9.307120987710594262e-01
1.065267307698423815e+00
1.196143063919549610e+00
1.322862975332252944e+00
1.444956899851939758e+00
1.561962189563562253e+00
1.673425079288068940e+00
1.778902221504630177e+00
1.877962366372186720e+00
1.970188182020350842e+00
2.055178208337534507e+00
2.132548931413769111e+00
2.201936964721255663e+00
2.263001318884831470e+00
2.315425738034313508e+00
2.358921080947737448e+00
2.393227716748047573e+00
2.418117911973359124e+00
2.433398171843331070e+00
2.438911511299365564e+00
2.434539615976519134e+00
2.420204865219923285e+00
2.395872183376715814e+00
2.361550683704555453e+00
2.317295075511042857e+00
2.263206810975938232e+00
2.199434931478221777e+00
2.126176602816157502e+00
2.043677306383801184e+00
1.952230680150273567e+00
1.852177982572779991e+00
1.743907181725376176e+00
1.627851658318361538e+00
1.504488524348571943e+00
1.374336561882804730e+00
1.237953793780639522e+00
1.095934697497074506e+00
9.489070846593667952e-01
7.975286694592036429e-01
6.424833540544063748e-01
4.844772638196630510e-01
3.242345682214976543e-01
1.624931265155513671e-01
6.275759459662641602e-16
0.000000000000000000e+00
-1.401001349461939993e-01
-2.795544174868010434e-01
-4.177209332383695073e-01
-5.539656053244570444e-01
-6.876660182804683608e-01
-8.182151293122303937e-01
-9.450248321181587974e-01
-1.067529340751137923e+00
-1.185188361552591552e+00
-1.297490028972643206e+00
-1.403953577959771604e+00
-1.504131731480304435e+00
-1.597612792495867629e+00
-1.684022424508861526e+00
-1.763025102842918246e+00
-1.834325250856684075e+00
-1.897668046152184651e+00
-1.952839906606495424e+00
-1.999668657714819719e+00
-2.038023404336845257e+00
-2.067814106103019967e+00
-2.088990888352147302e+00
-2.101543102185737144e+00
-2.105498150490566101e+00
-2.100920118838013551e+00
-2.087908224997239159e+00
-2.066595120298815758e+00
-2.037145067658082453e+00
-1.999752024202105405e+00
-1.954637663918459722e+00
-1.902049351152766521e+00
-1.842258105662997192e+00
-1.775556577376220746e+00
-1.702257053876277348e+00
-1.622689519621567822e+00
-1.537199785912691130e+00
-1.446147713577338401e+00
-1.349905524672494694e+00
-1.248856234017277078e+00
-1.143392190585182933e+00
-1.033913740898901867e+00
-9.208280155252157595e-01
-8.045478333235419610e-01
-6.854907229046591777e-01
-5.640780511398915120e-01
-4.407342516997197479e-01
-3.158861404625325497e-01
-1.899623067915379160e-01
-6.339256291150535683e-02
6.339256291939290855e-02
1.899623067385358133e-01
3.158861403482643992e-01
4.407342515400172189e-01
5.640780510806057135e-01
6.854907230400435481e-01
8.045478334693065836e-01
9.208280152065091428e-01
1.033913740751720489e+00
1.143392190732442470e+00
1.248856234355121497e+00
1.349905525055247857e+00
1.446147713655465461e+00
1.537199786358516729e+00
1.622689519270282377e+00
1.702257053762876282e+00
1.775556577126818913e+00
1.842258105283320457e+00
1.902049350975939745e+00
1.954637663680737436e+00
1.999752024530976335e+00
2.037145067331045389e+00
2.066595120290900311e+00
2.087908225283132690e+00
2.100920118777211520e+00
2.105498150289327075e+00
2.101543102192467316e+00
2.088990888185683126e+00
2.067814105694126603e+00
2.038023404263957339e+00
1.999668657801443095e+00
1.952839906885810883e+00
1.897668045995451580e+00
1.834325250775198812e+00
1.763025102849747894e+00
1.684022424607966029e+00
1.597612793362235717e+00
1.504131731452616361e+00
1.403953577415871123e+00
1.297490029061342032e+00
1.185188361550575609e+00
1.067529340631183432e+00
9.450248320815302083e-01
8.182151292676373977e-01
6.876660181883944567e-01
5.539656053750595666e-01
4.177209332528566410e-01
2.795544174930170711e-01
1.401001349193901069e-01
5.410889743433075819e-16
0.000000000000000000e+00
-1.196186926134521211e-01
-2.386881350985733119e-01
-3.566623926519217891e-01
-4.730021298126587670e-01
-5.871778311783081294e-01
-6.986729281185757312e-01
-8.069868049208249738e-01
-9.116376525562183142e-01
-1.012165149547488596e+00
-1.108132942526953268e+00
-1.199130912319343434e+00
-1.284777199481879295e+00
-1.364719985728785945e+00
-1.438639010468541146e+00
-1.506246823128760903e+00
-1.567289762768615535e+00
-1.621548664780951166e+00
-1.668839299803818399e+00
-1.709012547382909197e+00
-1.741954317113756145e+00
-1.767585226594203140e+00
-1.785860051272817550e+00
-1.796766960623850107e+00
-1.800326567241911757e+00
-1.796590796401991152e+00
-1.785641610353876807e+00
-1.767589598921931904e+00
-1.742572470653692251e+00
-1.710753454539377660e+00
-1.672319647950346821e+00
-1.627480324050800453e+00
-1.576465224337083804e+00
-1.519522856584297754e+00
-1.456918815277731927e+00
-1.388934143815937272e+00
-1.315863750474936866e+00
-1.238014897059968922e+00
-1.155705762947156989e+00
-1.069264100516568616e+00
-9.790259842690332004e-01
-8.853346569924218645e-01
-7.885394757072907712e-01
-6.889949569597944024e-01
-5.870599133711510431e-01
-4.830966823992193238e-01
-3.774704344987940274e-01
-2.705485545006127701e-01
-1.627000831433634831e-01
-5.429520834024415682e-02
5.429520834323905282e-02
1.627000831592599062e-01
2.705485544076465243e-01
3.774704345076256851e-01
4.830966824498111878e-01
5.870599134471596869e-01
6.889949569709851174e-01
7.885394758888125688e-01
8.853346566915614169e-01
9.790259843762482150e-01
1.069264100602713263e+00
1.155705763145538079e+00
1.238014897163590700e+00
1.315863750816712807e+00
1.388934143930590448e+00
1.456918815620836138e+00
1.519522856625281193e+00
1.576465224265938270e+00
1.627480323939132223e+00
1.672319647924305874e+00
1.710753454422290654e+00
1.742572470579067057e+00
1.767589598753977143e+00
1.785641610261572199e+00
1.796590796482808505e+00
1.800326567119756804e+00
1.796766960858045881e+00
1.785860051081942901e+00
1.767585226653532349e+00
1.741954317233892269e+00
1.709012547287175998e+00
1.668839300097349820e+00
1.621548664872694667e+00
1.567289762860687441e+00
1.506246823009521396e+00
1.438639010303064847e+00
1.364719985625973075e+00
1.284777199733151409e+00
1.199130912310261587e+00
1.108132942615688288e+00
1.012165149558276189e+00
9.116376525512882578e-01
8.069868050337427601e-01
6.986729282285795151e-01
5.871778310672536305e-01
4.730021298540392216e-01
3.566623926459099314e-01
2.386881350711866911e-01
1.196186926228587910e-01
4.619849802431959125e-16
0.000000000000000000e+00
-1.009531663736655122e-01
-2.014448942992787817e-01
-3.010164988517964324e-01
-3.992147762306839098e-01
-4.955946797959707717e-01
-5.897219197070266983e-01
-6.811754626705951443e-01
-7.695499092330428947e-01
-8.544577266425745776e-01
-9.355313211834744846e-01
-1.012424930960334590e+00
-1.084816325420311367e+00
-1.152408301277924041e+00
-1.214929962880568981e+00
-1.272137785829822620e+00
-1.323816454057847869e+00
-1.369779474620002935e+00
-1.409869569499660802e+00
-1.443958850822992579e+00
-1.471948784488294582e+00
-1.493769954703439540e+00
-1.509381636323967157e+00
-1.518771193540876085e+00
-1.521953316401726708e+00
-1.518969112343045547e+00
-1.509885071887143049e+00
-1.494791922916290927e+00
-1.473803398181914970e+00
-1.447054928475124180e+00
-1.414702282476275386e+00
-1.376920175698505222e+00
-1.333900859693774921e+00
-1.285852713755016197e+00
-1.232998847749023241e+00
-1.175575741181550615e+00
-1.113831918371017915e+00
-1.048026680122233767e+00
-9.784288982123312550e-01
-9.053158761740714988e-01
-8.289722890442179359e-01
-7.496891963189747932e-01
-6.677631378327318901e-01
-5.834953055189174842e-01
-4.971907914799966188e-01
-4.091579078684661197e-01
-3.197075713808389952e-01
-2.291527461946941124e-01
-1.378079357394104976e-01
-4.598871407609477630e-02
4.598871408041852599e-02
1.378079357357845369e-01
2.291527461739764071e-01
3.197075713718475765e-01
4.091579078519504420e-01
4.971907914891622315e-01
5.834953056101682689e-01
6.677631379969597436e-01
7.496891963601443054e-01
8.289722890408300904e-01
9.053158761635983209e-01
9.784288981016086018e-01
1.048026680048140591e+00
1.113831918271060983e+00
1.175575741210774572e+00
1.232998847749174454e+00
1.285852713423619287e+00
1.333900859635398284e+00
1.376920175434568794e+00
1.414702282267938482e+00
1.447054928385245853e+00
1.473803398548655830e+00
1.494791922998730982e+00
1.509885071656953848e+00
1.518969112401957533e+00
1.521953316236028808e+00
1.518771193419530041e+00
1.509381636413422489e+00
1.493769955023394269e+00
1.471948784547869149e+00
1.443958850645193026e+00
1.409869569524363486e+00
1.369779474644430728e+00
1.323816454129699505e+00
1.272137786029954087e+00
1.214929962982273626e+00
1.152408301193082130e+00
1.084816325609646803e+00
1.012424930999942685e+00
9.355313213502662872e-01
8.544577266421550243e-01
7.695499091873883035e-01
6.811754627065244039e-01
5.897219196686664944e-01
4.955946797426883932e-01
3.992147762487851526e-01
3.010164988612606396e-01
2.014448942780200091e-01
1.009531663630353765e-01
3.898946129647610693e-16
0.000000000000000000e+00
-8.401403254458446324e-02
-1.676460626292725353e-01
-2.505163371572056707e-01
-3.322495807570136628e-01
-4.124771832022604556e-01
-4.908393250893564042e-01
-5.669870237879759411e-01
-6.405840805754139389e-01
-7.113089119175106667e-01
-7.788562533204568261e-01
-8.429387151857020699e-01
-9.032881874526217381e-01
-9.596570773049196701e-01
-1.011819374619393530e+00
-1.059571541448977472e+00
-1.102733220318147911e+00
-1.141147760989779769e+00
-1.174682567272656630e+00
-1.203229269061675044e+00
-1.226703721505851608e+00
-1.245045840337986487e+00
-1.258219285299593704e+00
-1.266210996099146335e+00
-1.269030598190601822e+00
-1.266709688230772013e+00
-1.259301014075079994e+00
-1.246877564972616037e+00
-1.229531583283384188e+00
-1.207373518211739327e+00
-1.180530930212538188e+00
-1.149147366398963088e+00
-1.113381217479894714e+00
-1.073404573009773433e+00
-1.029402081390619506e+00
-9.815698353000921195e-01
-9.301142832971254215e-01
-8.752511832291850480e-01
-8.172046024218222460e-01
-7.562059695910683388e-01
-6.924931857113586497e-01
-6.263097919444758910e-01
-5.579042023615876644e-01
-4.875289944166422695e-01
-4.154402591008904966e-01
-3.418970078067044560e-01
-2.671606282907940111e-01
-1.914943885034656734e-01
-1.151629754447258819e-01
-3.843206826007421195e-02
3.843206824980709146e-02
1.151629754209190226e-01
1.914943884654342066e-01
2.671606283439638685e-01
3.418970076498522581e-01
4.154402590600747014e-01
4.875289943541160631e-01
5.579042024051443782e-01
6.263097919972631100e-01
6.924931855934476355e-01
7.562059696074037163e-01
8.172046023260073344e-01
8.752511830288146610e-01
9.301142835568702028e-01
9.815698354111123125e-01
1.029402081495156773e+00
1.073404572867533879e+00
1.113381217462227735e+00
1.149147366281860538e+00
1.180530929857361189e+00
1.207373518418438874e+00
1.229531583253624216e+00
1.246877564746869060e+00
1.259301014281023923e+00
1.266709688125505107e+00
1.269030598164082146e+00
1.266210996108014797e+00
1.258219285348242344e+00
1.245045840322297481e+00
1.226703721436483541e+00
1.203229269171403271e+00
1.174682567351632123e+00
1.141147760837437630e+00
1.102733220275903481e+00
1.059571541533113948e+00
1.011819374584368436e+00
9.596570773750017214e-01
9.032881876124008169e-01
8.429387152431150332e-01
7.788562532575807884e-01
7.113089119720110709e-01
6.405840803530594707e-01
5.669870238091720971e-01
4.908393250953309583e-01
4.124771831905156838e-01
3.322495807451864014e-01
2.505163371660225069e-01
1.676460626498550432e-01
8.401403254025122114e-02
3.244721171047336884e-16
0.000000000000000000e+00
-6.871854714988134827e-02
-1.371265367577831074e-01
-2.049152116272130453e-01
-2.717793988418747975e-01
-3.374192614816601821e-01
-4.015420022443999537e-01
-4.638635041280599891e-01
-5.241098942000996797e-01
-5.820190166056433689e-01
-6.373418036278281074e-01
-6.898435337457222705e-01
-7.393049686560920764e-01
-7.855233587297137943e-01
-8.283133143954257704e-01
-8.675075381807245689e-01
-9.029574123519713558e-01
-9.345334452176512485e-01
-9.621255740207163010e-01
-9.856433285996600846e-01
-1.005015858254039829e+00
-1.020191829401236205e+00
-1.031139198594093642e+00
-1.037844870517940166e+00
-1.040314249359725052e+00
-1.038570694412023654e+00
-1.032654888215806199e+00
-1.022624131738153475e+00
-1.008551575980434656e+00
-9.905254011576271056e-01
-9.686479584378234753e-01
-9.430348815854472377e-01
-9.138141816582094901e-01
-8.811253365760568501e-01
-8.451183825723094234e-01
-8.059530189083312646e-01
-7.637977324625089270e-01
-7.188289505746454644e-01
-6.712302274423372905e-01
-6.211914685995826302e-01
-5.689081972563683198e-01
-5.145808655852818214e-01
-4.584142107842714142e-01
-4.006166573778653373e-01
-3.413997623252080782e-01
-2.809777029728912079e-01
-2.195668032573434292e-01
-1.573850936143779966e-01
-9.465190049449502541e-02
-3.158745871626054275e-02
3.158745870856364407e-02
9.465190048783901633e-02
1.573850936134155165e-01
2.195668032148423154e-01
2.809777029701848727e-01
3.413997623067100973e-01
4.006166574015617154e-01
4.584142108224232293e-01
5.145808655841281887e-01
5.689081971869451859e-01
6.211914686427923993e-01
6.712302274283815651e-01
7.188289506481593261e-01
7.637977325983159593e-01
8.059530189938506339e-01
8.451183827934647397e-01
8.811253365135026661e-01
9.138141815940045154e-01
9.430348812150926019e-01
9.686479584598939319e-01
9.905254011442889972e-01
1.008551575554429425e+00
1.022624131687476678e+00
1.032654888117909842e+00
1.038570694465662525e+00
1.040314249405797753e+00
1.037844870437500511e+00
1.031139198673712176e+00
1.020191829449194065e+00
1.005015858320571720e+00
9.856433285635435304e-01
9.621255739450841338e-01
9.345334451709381707e-01
9.029574124232349064e-01
8.675075381797164864e-01
8.283133143108298846e-01
7.855233586160623727e-01
7.393049686980162072e-01
6.898435337677557566e-01
6.373418035605087351e-01
5.820190166433155676e-01
5.241098941929253074e-01
4.638635041298633799e-01
4.015420021692489017e-01
3.374192614666209900e-01
2.717793988234245561e-01
2.049152116415443314e-01
1.371265367627313991e-01
6.871854714407095444e-02
2.653979199138126204e-16
0.000000000000000000e+00
-5.499116718193339942e-02
-1.097355820199255733e-01
-1.639878963280216040e-01
-2.175055578646581389e-01
-2.700501775244137370e-01
-3.213888599560053572e-01
-3.712954868550914500e-01
-4.195519398500542896e-01
-4.659492577465138563e-01
-5.102887123735134756e-01
-5.523828008862119443e-01
-5.920561442168810196e-01
-6.291462861622000302e-01
-6.635043895329710839e-01
-6.949958250855565733e-01
-7.235006499114673417e-01
-7.489139791148652359e-01
-7.711462443476659878e-01
-7.901233463248352740e-01
-8.057867023913345417e-01
-8.180931926796591869e-01
-8.270150096682270524e-01
-8.325394187262897816e-01
-8.346684343670045525e-01
-8.334184209345766314e-01
-8.288196239378733399e-01
-8.209156437043240162e-01
-8.097628560868836978e-01
-7.954297922068559457e-01
-7.779964826649978793e-01
-7.575537798786916577e-01
-7.342026616004785344e-01
-7.080535263992652206e-01
-6.792254889646773819e-01
-6.478456812922113173e-01
-6.140485651504037357e-01
-5.779752636401220833e-01
-5.397729142152142279e-01
-4.995940483241042007e-01
-4.575959998329927059e-01
-4.139403443239743630e-01
-3.687923711026684925e-01
-3.223205863825694961e-01
-2.746962487491129146e-01
-2.260929339200885013e-01
-1.766861273460414439e-01
-1.266528412898641209e-01
-7.617125275247331462e-02
-2.542035838406517256e-02
2.542035838528779179e-02
7.617125274396301104e-02
1.266528412815312588e-01
1.766861273411235722e-01
2.260929339174164721e-01
2.746962487988267587e-01
3.223205864128156906e-01
3.687923711127040760e-01
4.139403443624210532e-01
4.575959998135352702e-01
4.995940483860559778e-01
5.397729142920282275e-01
5.779752636352836204e-01
6.140485651293384750e-01
6.478456813163286920e-01
6.792254890912893250e-01
7.080535264411583762e-01
7.342026615713179716e-01
7.575537799016911489e-01
7.779964825823890706e-01
7.954297921190268683e-01
8.097628561944678616e-01
8.209156437260942685e-01
8.288196240480404375e-01
8.334184209069258609e-01
8.346684344253830767e-01
8.325394188085138980e-01
8.270150097250222876e-01
8.180931927214821764e-01
8.057867024747952245e-01
7.901233464423687014e-01
7.711462443897163510e-01
7.489139793181995852e-01
7.235006499528991997e-01
6.949958249060782522e-01
6.635043896275538700e-01
6.291462861687879826e-01
5.920561442475035241e-01
5.523828008529239053e-01
5.102887123025392491e-01
4.659492578008703201e-01
4.195519398536996514e-01
3.712954867317068142e-01
3.213888599705898019e-01
2.700501775206302635e-01
2.175055578648054655e-01
1.639878963287670355e-01
1.097355820237226748e-01
5.499116717931355758e-02
2.123802604325861896e-16
0.000000000000000000e+00
-4.276379146660400088e-02
-8.533731183747925164e-02
-1.275313487891116815e-01
-1.691587985178939213e-01
-2.100356976783763485e-01
-2.499822281867098983e-01
-2.888236876171453860e-01
-3.263914164947495089e-01
-3.625236750832971366e-01
-3.970664629805089607e-01
-4.298742768316252127e-01
-4.608107981560580768e-01
-4.897495095358962436e-01
-5.165742346198812784e-01
-5.411795983695056877e-01
-5.634714080132434688e-01
-5.833669515650519166e-01
-6.007952162823108067e-01
-6.156970259917703414e-01
-6.280251007052481960e-01
-6.377440407118013521e-01
-6.448302386375499573e-01
-6.492717236323605201e-01
-6.510679415549500693e-01
-6.502294778980788337e-01
-6.467777287740419379e-01
-6.407445236838746894e-01
-6.321717101250106108e-01
-6.211107027032487515e-01
-6.076220053215865002e-01
-5.917747118506078152e-01
-5.736459915233849127e-01
-5.533205646095133989e-01
-5.308901745785028492e-01
-5.064530609513095971e-01
-4.801134377848831347e-01
-4.519809824189914838e-01
-4.221703367379500693e-01
-3.908006252538960279e-01
-3.579949909260204954e-01
-3.238801512826935958e-01
-2.885859750929303802e-01
-2.522450806707424720e-01
-2.149924540750860480e-01
-1.769650879732525273e-01
-1.383016388033813104e-01
-9.914209994824037253e-02
-5.962748951538063974e-02
-1.989954906008295152e-02
1.989954906053816377e-02
5.962748951121658869e-02
9.914209995119147023e-02
1.383016388242760963e-01
1.769650879464113036e-01
2.149924540433365838e-01
2.522450806535602719e-01
2.885859751349948987e-01
3.238801512052227882e-01
3.579949908961500005e-01
3.908006252684863013e-01
4.221703367834072074e-01
4.519809824154620848e-01
4.801134378016868043e-01
5.064530610466142502e-01
5.308901746256458054e-01
5.533205645947458784e-01
5.736459915037592783e-01
5.917747118376388560e-01
6.076220053338731164e-01
6.211107027172834139e-01
6.321717101461549193e-01
6.407445236502558039e-01
6.467777287809305387e-01
6.502294779448144491e-01
6.510679415285197669e-01
6.492717237242211503e-01
6.448302387248796563e-01
6.377440406750102264e-01
6.280251006574776307e-01
6.156970260325785871e-01
6.007952163284295821e-01
5.833669515866847233e-01
5.634714079838396561e-01
5.411795983314851011e-01
5.165742346150049569e-01
4.897495095305131052e-01
4.608107981176987056e-01
4.298742768312607820e-01
3.970664629975258486e-01
3.625236750245733885e-01
3.263914165160798353e-01
2.888236876146216825e-01
2.499822281320923933e-01
2.100356976152551458e-01
1.691587985339223776e-01
1.275313487736851048e-01
8.533731182351486644e-02
4.276379147284144894e-02
1.651561197831262012e-16
0.000000000000000000e+00
-3.197587405881981842e-02
-6.381091313498857276e-02
-9.536504463126453668e-02
-1.264997143996265949e-01
-1.570786304906887920e-01
-1.869684884253504931e-01
-2.160396721931811814e-01
-2.441669257554478500e-01
-2.712299894185095650e-01
-2.971141969368778502e-01
-3.217110288009277230e-01
-3.449186179154221654e-01
-3.666422049872907207e-01
-3.867945406701948086e-01
-4.052962322145213236e-01
-4.220760347802157142e-01
-4.370710846970401464e-01
-4.502270759563354874e-01
-4.614983809726407316e-01
-4.708481137518110149e-01
-4.782481425629464544e-01
-4.836790484716655403e-01
-4.871300355971977525e-01
-4.885987966843280961e-01
-4.880913351682861223e-01
-4.856217492155590620e-01
-4.812119807776062408e-01
-4.748915344654158766e-01
-4.666971701545444273e-01
-4.566725732267954418e-01
-4.448680074795154926e-01
-4.313399541481920396e-01
-4.161507406888980132e-01
-3.993681654502447276e-01
-3.810651175948160940e-01
-3.613191996310243237e-01
-3.402123527193360308e-01
-3.178304885372814081e-01
-2.942631289227909952e-01
-2.696030559336558552e-01
-2.439459724707589705e-01
-2.173901749527210880e-01
-1.900362387233042183e-01
-1.619867148571620397e-01
-1.333458393350766269e-01
-1.042192531260919680e-01
-7.471373212928801577e-02
-4.493692569727063268e-02
-1.499710190648376705e-02
1.499710190423804955e-02
4.493692568690255129e-02
7.471373213513772538e-02
1.042192531206175693e-01
1.333458393570998157e-01
1.619867148684143443e-01
1.900362387312289347e-01
2.173901749361066282e-01
2.439459724555512743e-01
2.696030559380737102e-01
2.942631289274803552e-01
3.178304885119752066e-01
3.402123527526186852e-01
3.613191995898673570e-01
3.810651175910464983e-01
3.993681654491749722e-01
4.161507406745439952e-01
4.313399541419091210e-01
4.448680074832920273e-01
4.566725733165565293e-01
4.666971701093464153e-01
4.748915344898264612e-01
4.812119807589061993e-01
4.856217491889819327e-01
4.880913352093991797e-01
4.885987966514061531e-01
4.871300355546752670e-01
4.836790484167417525e-01
4.782481425925986795e-01
4.708481136938060807e-01
4.614983808458280601e-01
4.502270761000360944e-01
4.370710846311289810e-01
4.220760348300238718e-01
4.052962322137312334e-01
3.867945406271352526e-01
3.666422050075258676e-01
3.449186179601144708e-01
3.217110287745358899e-01
2.971141969259779581e-01
2.712299894037950576e-01
2.441669257342052590e-01
2.160396721749470172e-01
1.869684884182826190e-01
1.570786305082795820e-01
1.264997143980204075e-01
9.536504463505716955e-02
6.381091314059782194e-02
3.197587406198260790e-02
1.234916601181521429e-16
0.000000000000000000e+00
-2.257445253225123100e-02
-4.505070206704941266e-02
-6.733105893746264836e-02
-8.931885619446999769e-02
-1.109189510357788400e-01
-1.320382145538358254e-01
-1.525860059080487996e-01
-1.724746276931152233e-01
-1.916197589813061486e-01
-2.099408630039352186e-01
-2.273615669994790978e-01
-2.438100112957687360e-01
-2.592191661128132041e-01
-2.735271142390890975e-01
-2.866772977927717347e-01
-2.986187286005694275e-01
-3.093061616302315575e-01
-3.187002312566105666e-01
-3.267675501496499213e-01
-3.334807718788045938e-01
-3.388186182490517395e-01
-3.427658717741229877e-01
-3.453133359428156579e-01
-3.464577640913019674e-01
-3.462017596500207017e-01
-3.445536494038626829e-01
-3.415273327346908250e-01
-3.371421087071846956e-01
-3.314224840559215068e-01
-3.243979645136675916e-01
-3.161028323281305785e-01
-3.065759115859384432e-01
-2.958603250767608550e-01
-2.840032450382555806e-01
-2.710556378272422351e-01
-2.570720082150024233e-01
-2.421101407446035747e-01
-2.262308454567698579e-01
-2.094977030472673918e-01
-1.919768151450977067e-01
-1.737365589063812055e-01
-1.548473466319101877e-01
-1.353813914244418048e-01
-1.154124779525048800e-01
-9.501573939704949234e-02
-7.426743967119152356e-02
-5.324476038987636245e-02
-3.202559233095236824e-02
-1.068833015128231069e-02
1.068833015018177263e-02
3.202559232750448737e-02
5.324476039370162894e-02
7.426743968262165818e-02
9.501573939683835568e-02
1.154124779307873494e-01
1.353813914195914347e-01
1.548473466431019852e-01
1.737365588740410471e-01
1.919768151287103430e-01
2.094977030279932262e-01
2.262308454291233895e-01
2.421101407141178219e-01
2.570720082191796374e-01
2.710556382429032407e-01
2.840032450519333063e-01
2.958603251915183363e-01
3.065759115194326978e-01
3.161028323145468888e-01
3.243979645647939170e-01
3.314224840541315498e-01
3.371421087208072431e-01
3.415273326211895055e-01
3.445536494120060578e-01
3.462017596428628163e-01
3.464577640830630023e-01
3.453133359502411071e-01
3.427658717708554903e-01
3.388186182430780735e-01
3.334807719584773622e-01
3.267675501315571718e-01
3.187002312455071151e-01
3.093061616356818644e-01
2.986187286273432884e-01
2.866772977949996748e-01
2.735271142591026994e-01
2.592191661308221873e-01
2.438100113135789615e-01
2.273615670242552511e-01
2.099408630285447830e-01
1.916197589982673588e-01
1.724746276632465880e-01
1.525860059048770589e-01
1.320382145405434304e-01
1.109189510357813241e-01
8.931885618839090213e-02
6.733105893959286103e-02
4.505070206634187446e-02
2.257445253225029425e-02
8.718233420497945169e-17
0.000000000000000000e+00
-1.451412018400719851e-02
-2.896606773655647366e-02
-4.329398053312329131e-02
-5.743661517203994815e-02
-7.133365083616882707e-02
-8.492598664070387382e-02
-9.815603012805215744e-02
-1.109679753533460017e-01
-1.233080683749509798e-01
-1.351248585643408939e-01
-1.463694342118417036e-01
-1.569956404839920883e-01
-1.669602798000062449e-01
-1.762232920490247601e-01
-1.847479146336592493e-01
-1.925008221044052226e-01
-1.994522437174837959e-01
-2.055760603770541706e-01
-2.108498790420463287e-01
-2.152550867708824256e-01
-2.187768830404652753e-01
-2.214042920698660044e-01
-2.231301554154361266e-01
-2.239511054581276028e-01
-2.238675216841276572e-01
-2.228834693587478377e-01
-2.210066234185452116e-01
-2.182481778839900910e-01
-2.146227422752774172e-01
-2.101482262564518533e-01
-2.048457148085381374e-01
-1.987393336648029252e-01
-1.918561077404991877e-01
-1.842258133451508684e-01
-1.758808251263115907e-01
-1.668559593909388350e-01
-1.571883143549958617e-01
-1.469171089640389505e-01
-1.360835199638210369e-01
-1.247305194570770825e-01
-1.129027123431272650e-01
-1.006461744430244831e-01
-8.800829210198631014e-02
-7.503760287214039648e-02
-6.178363800226967933e-02
-4.829676629205497534e-02
-3.462803941708691297e-02
-2.082903870622247050e-02
-6.951722940941288016e-03
6.951722940944911854e-03
2.082903870246248859e-02
3.462803941687903064e-02
4.829676628714474340e-02
6.178363800583049070e-02
7.503760285806421182e-02
8.800829210055180485e-02
1.006461744892147708e-01
1.129027123562970358e-01
1.247305194841768355e-01
1.360835199533640405e-01
1.469171089409620490e-01
1.571883144050558734e-01
1.668559593658311968e-01
1.758808251911738729e-01
1.842258133928215968e-01
1.918561077516358349e-01
1.987393336781114739e-01
2.048457148636786129e-01
2.101482262620965047e-01
2.146227422551476027e-01
2.182481779120409304e-01
2.210066234382480899e-01
2.228834693584559878e-01
2.238675216719318850e-01
2.239511054426256698e-01
2.231301553794534098e-01
2.214042920753816479e-01
2.187768830295164779e-01
2.152550867465679862e-01
2.108498790434596704e-01
2.055760603502616302e-01
1.994522437313534791e-01
1.925008220640706535e-01
1.847479146259134730e-01
1.762232920283351989e-01
1.669602798618793627e-01
1.569956404865959498e-01
1.463694342229781009e-01
1.351248585790410517e-01
1.233080683560004998e-01
1.109679753596548718e-01
9.815603010434112430e-02
8.492598663995160058e-02
7.133365083616606539e-02
5.743661515956783453e-02
4.329398052046203038e-02
2.896606773394618320e-02
1.451412018399925868e-02
5.605277845119839591e-17
0.000000000000000000e+00
-7.756965094334045997e-03
-1.548135012653859693e-02
-2.314072789310396214e-02
-3.070297596217657493e-02
-3.813642662402982192e-02
-4.541001406049529482e-02
-5.249341763552511919e-02
-5.935720064876580382e-02
-6.597294360024272275e-02
-7.231337117829496342e-02
-7.835247228842173728e-02
-8.406561262922257471e-02
-8.942963882332558012e-02
-9.442297413340214329e-02
-9.902570493585693967e-02
-1.032196577592907200e-01
-1.069884666694446707e-01
-1.103176307640776344e-01
-1.131945616509746483e-01
-1.156086209708472173e-01
-1.175511479619833904e-01
-1.190154773437666069e-01
-1.199969478379058069e-01
-1.204928995340163178e-01
-1.205026661405593641e-01
-1.200275546189612380e-01
-1.190708187155475745e-01
-1.176376243129832605e-01
-1.157350074787607819e-01
-1.133718256586492557e-01
-1.105587031055520336e-01
-1.073079698749078159e-01
-1.036335964390777964e-01
-9.955112296950772988e-02
-9.507758507995670016e-02
-9.023143538421167509e-02
-8.503246242167911140e-02
-7.950170635018195819e-02
-7.366137265947503288e-02
-6.753474380919118059e-02
-6.114608917622804674e-02
-5.452057394956502656e-02
-4.768416663880517548e-02
-4.066354605937163441e-02
-3.348600744286348019e-02
-2.617936829682485783e-02
-1.877187377194784040e-02
-1.129210183948968840e-02
-3.768868300634234392e-03
3.768868300970462833e-03
1.129210183771920534e-02
1.877187377388608511e-02
2.617936829778021168e-02
3.348600744726041439e-02
4.066354605476506928e-02
4.768416664655848736e-02
5.452057394298898824e-02
6.114608916937749883e-02
6.753474377882066892e-02
7.366137265848414495e-02
7.950170636215127262e-02
8.503246242908657493e-02
9.023143538210133541e-02
9.507758507699103079e-02
9.955112296005066974e-02
1.036335964377620850e-01
1.073079699053114539e-01
1.105587031005805937e-01
1.133718256627952170e-01
1.157350074774308318e-01
1.176376243064836263e-01
1.190708186846893002e-01
1.200275546174044555e-01
1.205026661308293279e-01
1.204928995338282460e-01
1.199969478057614503e-01
1.190154773366441238e-01
1.175511479607688620e-01
1.156086209526270697e-01
1.131945616742632971e-01
1.103176307709041182e-01
1.069884666645262439e-01
1.032196577632107093e-01
9.902570493151388598e-02
9.442297414167966085e-02
8.942963882929370889e-02
8.406561263687538366e-02
7.835247232179266830e-02
7.231337118543439135e-02
6.597294360876307384e-02
5.935720064498999776e-02
5.249341763393734761e-02
4.541001405739977792e-02
3.813642662402900313e-02
3.070297596093094980e-02
2.314072789392635637e-02
1.548135012426792023e-02
7.756965094993492453e-03
2.995657815026046385e-17
0.000000000000000000e+00
-2.272496017574911729e-03
-4.535691458607793783e-03
-6.780325612110238605e-03
-8.997217299593868872e-03
-1.117730413980145589e-02
-1.331168122498309001e-02
-1.539163901707151991e-02
-1.740870027606381334e-02
-1.935465580807359948e-02
-2.122159896352785596e-02
-2.300195859341779350e-02
-2.468853040852457548e-02
-2.627450653628405838e-02
-2.775350322862634583e-02
-2.911958651324620881e-02
-3.036729574271890622e-02
-3.149166493780651555e-02
-3.248824186334809544e-02
-3.335310470994058696e-02
-3.408287644962018637e-02
-3.467473672734178863e-02
-3.512643131153735804e-02
-3.543627910521311708e-02
-3.560317667851253115e-02
-3.562660041643325032e-02
-3.550660624130494436e-02
-3.524382690545244806e-02
-3.483946713716292581e-02
-3.429529636081809357e-02
-3.361363931627612406e-02
-3.279736455879601886e-02
-3.184987091862814118e-02
-3.077507199380479647e-02
-2.957737884096915335e-02
-2.826168084259617769e-02
-2.683332495623751146e-02
-2.529809342659804922e-02
-2.366217996085183059e-02
-2.193216462124253363e-02
-2.011498745768586574e-02
-1.821792095597287928e-02
-1.624854148798926881e-02
-1.421469981871793103e-02
-1.212449075096437914e-02
-9.986222055281105542e-03
-7.808382786576229494e-03
-5.599611025938756349e-03
-3.368661222312674137e-03
-1.124371179741972919e-03
1.124371179865380713e-03
3.368661220920824827e-03
5.599611026787499300e-03
7.808382789557502708e-03
9.986222056633672906e-03
1.212449075026953219e-02
1.421469982050360160e-02
1.624854148949221241e-02
1.821792095098615297e-02
2.011498745479274250e-02
2.193216462378536416e-02
2.366217995919106185e-02
2.529809342385786960e-02
2.683332495648000846e-02
2.826168083776430667e-02
2.957737883791342406e-02
3.077507199574981700e-02
3.184987092803445718e-02
3.279736456146366275e-02
3.361363932194148807e-02
3.429529636874970033e-02
3.483946713566975217e-02
3.524382690251795514e-02
3.550660624082361411e-02
3.562660042120021492e-02
3.560317668082831066e-02
3.543627910714152590e-02
3.512643131512031835e-02
3.467473672525927392e-02
3.408287645176594910e-02
3.335310470862114934e-02
3.248824186317219448e-02
3.149166494523803622e-02
3.036729574189296274e-02
2.911958651276658899e-02
2.775350322829396588e-02
2.627450653570889000e-02
2.468853040326260059e-02
2.300195859025768938e-02
2.122159896252323250e-02
1.935465580169369246e-02
1.740870027331928652e-02
1.539163902157058075e-02
1.331168122439803717e-02
1.117730413980130670e-02
8.997217300422463010e-03
6.780325614088138220e-03
4.535691458877612672e-03
2.272496017226671196e-03
8.775981411946523700e-18
0.000000000000000000e+00
1.962435657587485987e-03
3.917120071602712972e-03
5.856330785453590926e-03
7.772402838057993965e-03
9.657757316403354358e-03
1.150492967951956616e-02
1.330659777463656657e-02
1.505560945334513852e-02
1.674500972584816449e-02
1.836806734695756865e-02
1.991830078635942192e-02
2.138950345337948741e-02
2.277576810223779641e-02
2.407151036318512863e-02
2.527149125403677088e-02
2.637083865027974386e-02
2.736506750523197071e-02
2.825009889002315366e-02
2.902227759703042767e-02
2.967838834878633661e-02
3.021567045870392904e-02
3.063183084702414752e-02
3.092505532463176582e-02
3.109401820193230179e-02
3.113788988499100255e-02
3.105634268849532739e-02
3.084955448897175670e-02
3.051821052825711908e-02
3.006350297248464726e-02
2.948712841525790232e-02
2.879128318992880270e-02
2.797865655718625999e-02
2.705242166845049992e-02
2.601622438773448093e-02
2.487416996400877711e-02
2.363080759638318956e-02
2.229111285843715651e-02
2.086046822956407615e-02
1.934464157647722629e-02
1.774976282604168870e-02
1.608229884886182987e-02
1.434902671959992736e-02
1.255700539434905123e-02
1.071354601377050124e-02
8.826180938172643181e-03
6.902631644358387178e-03
4.950775681706718993e-03
2.978612827646475066e-03
9.942306099008087032e-04
-9.942306098755372516e-04
-2.978612828039343529e-03
-4.950775682213584376e-03
-6.902631642892125170e-03
-8.826180936768361976e-03
-1.071354601353716532e-02
-1.255700539491119358e-02
-1.434902672073558663e-02
-1.608229885093601097e-02
-1.774976282749992501e-02
-1.934464157812429072e-02
-2.086046823601125227e-02
-2.229111285547657681e-02
-2.363080759566930228e-02
-2.487416996926154755e-02
-2.601622438372350535e-02
-2.705242166074882729e-02
-2.797865655448883090e-02
-2.879128319592412846e-02
-2.948712841476984134e-02
-3.006350297466762675e-02
-3.051821052825744868e-02
-3.084955449005368985e-02
-3.105634268534138501e-02
-3.113788988591280338e-02
-3.109401819853423524e-02
-3.092505532587307149e-02
-3.063183084326674688e-02
-3.021567046326848957e-02
-2.967838834397197242e-02
-2.902227759618694267e-02
-2.825009889226689011e-02
-2.736506750518498052e-02
-2.637083865274203118e-02
-2.527149125800341387e-02
-2.407151036153214879e-02
-2.277576810415670241e-02
-2.138950345297552583e-02
-1.991830078725663131e-02
-1.836806734941964087e-02
-1.674500972601336221e-02
-1.505560945727476944e-02
-1.330659777410457024e-02
-1.150492967909865459e-02
-9.657757316403762018e-03
-7.772402838937507441e-03
-5.856330785579392205e-03
-3.917120072198088283e-03
-1.962435657416300872e-03
-7.578401580763284905e-18
0.000000000000000000e+00
4.963707676624409641e-03
9.908794257147765169e-03
1.481669165827179113e-02
1.966893797712019470e-02
2.444723091241642055e-02
2.913348158645135896e-02
3.370986889330956221e-02
3.815889433956937138e-02
4.246343759420022346e-02
4.660681266393123384e-02
5.057282461875711732e-02
5.434582700435635488e-02
5.791077956410196903e-02
6.125330638439601544e-02
6.435975413889893915e-02
6.721725003894447881e-02
6.981375967572965580e-02
7.213814394330117508e-02
7.418021469252603084e-02
7.593078952027250417e-02
7.738174322577773268e-02
7.852605903334818060e-02
7.935787499978028126e-02
7.987252791250556982e-02
8.006659327442247620e-02
7.993792074119643321e-02
7.948566491092452779e-02
7.871031060955047121e-02
7.761369245681358497e-02
7.619900822271122309e-02
7.447082551797683247e-02
7.243508161887388108e-02
7.009907599917682142e-02
6.747145537535166604e-02
6.456219120909729992e-02
6.138254923593942924e-02
5.794505148368447184e-02
5.426343027145195258e-02
5.035257479511470735e-02
4.622847007541710379e-02
4.190812879633002558e-02
3.740951628378124533e-02
3.275146897990580813e-02
2.795360705184923161e-02
2.303624137200569605e-02
1.802027587361578961e-02
1.292710556479360028e-02
7.778511092834877912e-03
2.596550579303730840e-03
-2.596550579301406311e-03
-7.778511091742965761e-03
-1.292710556392324094e-02
-1.802027587481817156e-02
-2.303624137388806184e-02
-2.795360704162234283e-02
-3.275146898508745491e-02
-3.740951628372142512e-02
-4.190812880091251275e-02
-4.622847008332580526e-02
-5.035257480461687724e-02
-5.426343025677753118e-02
-5.794505145224906895e-02
-6.138254923680398073e-02
-6.456219121266647265e-02
-6.747145539158146132e-02
-7.009907598659841088e-02
-7.243508161904696485e-02
-7.447082551643645354e-02
-7.619900822971577281e-02
-7.761369246733411387e-02
-7.871031060658416345e-02
-7.948566492209231671e-02
-7.993792076254976897e-02
-8.006659327140035198e-02
-7.987252793240398607e-02
-7.935787501111639386e-02
-7.852605904081010058e-02
-7.738174321927819566e-02
-7.593078952238217771e-02
-7.418021467215581144e-02
-7.213814392662021291e-02
-6.981375968426309364e-02
-6.721725002792880432e-02
-6.435975412120814587e-02
-6.125330638584149806e-02
-5.791077956929800707e-02
-5.434582700598670352e-02
-5.057282462023972303e-02
-4.660681264811965263e-02
-4.246343758655810735e-02
-3.815889433659681862e-02
-3.370986889358960209e-02
-2.913348158973804933e-02
-2.444723091241837384e-02
-1.966893797891373225e-02
-1.481669165839943209e-02
-9.908794257181005941e-03
-4.963707676625657775e-03
-1.916787547735351972e-17
0.000000000000000000e+00
6.739987711356434930e-03
1.345666091760648782e-02
2.012673751847752004e-02
2.672700105603360160e-02
3.323433568192004500e-02
3.962576356279030182e-02
4.587848560203881126e-02
5.196992601572902187e-02
5.787778132285274768e-02
6.358007448646540993e-02
6.905521414514267931e-02
7.428205961198404428e-02
7.923999128907002754e-02
8.390898686107445270e-02
8.826970274257932292e-02
9.230356078695217681e-02
9.599283929575222474e-02
9.932076813227769252e-02
1.022716270616963324e-01
1.048308462933645602e-01
1.069851082233723299e-01
1.087224496078167124e-01
1.100323625111831738e-01
1.109058931976682899e-01
1.113357372421350661e-01
1.113163298884517066e-01
1.108439302166931012e-01
1.099166974612688641e-01
1.085347590038754362e-01
1.067002675421080404e-01
1.044174475373865346e-01
1.016926292888095801e-01
9.853426929275324597e-02
9.495295687810012542e-02
9.096140587053953841e-02
8.657443077706993007e-02
8.180890769909114624e-02
7.668371900951678755e-02
7.121968202270585746e-02
6.543946329048569432e-02
5.936747532432558316e-02
5.302976091174189943e-02
4.645386239663322481e-02
3.966867823831626144e-02
3.270430768443266523e-02
2.559188487324720943e-02
1.836340365175999356e-02
1.105153476499690784e-02
3.689436864593585892e-03
-3.689436864807110403e-03
-1.105153476504834933e-02
-1.836340365535725841e-02
-2.559188486988814987e-02
-3.270430769436846741e-02
-3.966867823836239815e-02
-4.645386240375077441e-02
-5.302976090587313562e-02
-5.936747531975862524e-02
-6.543946329168849607e-02
-7.121968202758302557e-02
-7.668371900417182696e-02
-8.180890770733552364e-02
-8.657443077334243953e-02
-9.096140585260388545e-02
-9.495295691836475038e-02
-9.853426929945682811e-02
-1.016926292824736622e-01
-1.044174475138313213e-01
-1.067002675199476974e-01
-1.085347590106565258e-01
-1.099166974923835305e-01
-1.108439302004484289e-01
-1.113163299188004024e-01
-1.113357372373108695e-01
-1.109058931730693698e-01
-1.100323625249049891e-01
-1.087224495935669583e-01
-1.069851082198706865e-01
-1.048308462915058109e-01
-1.022716270853783749e-01
-9.932076812413406786e-02
-9.599283927658489035e-02
-9.230356079435729499e-02
-8.826970273074838391e-02
-8.390898684841489874e-02
-7.923999129242724482e-02
-7.428205961041868532e-02
-6.905521414680956815e-02
-6.358007447346437913e-02
-5.787778131510536161e-02
-5.196992600484615088e-02
-4.587848561027086519e-02
-3.962576356013020745e-02
-3.323433568477809907e-02
-2.672700106134023174e-02
-2.012673751722899099e-02
-1.345666091962982418e-02
-6.739987710415903423e-03
-2.602589393381892358e-17
0.000000000000000000e+00
7.292780818979049083e-03
1.456376552278283894e-02
2.179112410090926558e-02
2.895296085529107735e-02
3.602728669843723031e-02
4.299199762349047854e-02
4.982486116203464072e-02
5.650351233883329355e-02
6.300546106767977717e-02
6.930811182345059107e-02
7.538879692003648547e-02
8.122482424921328992e-02
8.679353958257640667e-02
9.207240429565674567e-02
9.703908778444757244e-02
1.016715745872472793e-01
1.059482853498989324e-01
1.098482106873713698e-01
1.133510564925999942e-01
1.164373995725459243e-01
1.190888511103572189e-01
1.212882265789059916e-01
1.230197195620418710e-01
1.242690770844014220e-01
1.250237740994613322e-01
1.252731844940914718e-01
1.250087459439842286e-01
1.242241160472699613e-01
1.229153167067504604e-01
1.210808655094185449e-01
1.187218905438228028e-01
1.158422261534319542e-01
1.124484890738687431e-01
1.085501321249387058e-01
1.041594737468478499e-01
9.929170333927199443e-02
9.396486004437441808e-02
8.819978541494338797e-02
8.202004946015323261e-02
7.545185013847786892e-02
6.852388669463745086e-02
6.126720810189461436e-02
5.371503717356810453e-02
4.590257248157136871e-02
3.786676950549992815e-02
2.964610331891500902e-02
2.128031511896914113e-02
1.281014530678416426e-02
4.277055727605408308e-03
-4.277055726321417166e-03
-1.281014530483683828e-02
-2.128031512245828413e-02
-2.964610331740541449e-02
-3.786676951149753334e-02
-4.590257249297013259e-02
-5.371503717297979735e-02
-6.126720808729315543e-02
-6.852388671384147811e-02
-7.545185011580500534e-02
-8.202004946666634211e-02
-8.819978540355635777e-02
-9.396486004845393258e-02
-9.929170335088617627e-02
-1.041594737347956295e-01
-1.085501320820556753e-01
-1.124484890843703705e-01
-1.158422261254249963e-01
-1.187218905308639050e-01
-1.210808655327007821e-01
-1.229153166379548523e-01
-1.242241160472788708e-01
-1.250087459508656407e-01
-1.252731844915173642e-01
-1.250237741264393632e-01
-1.242690770598472300e-01
-1.230197195659819692e-01
-1.212882265824193340e-01
-1.190888510985727705e-01
-1.164373995896564457e-01
-1.133510564846722524e-01
-1.098482106676348519e-01
-1.059482853385021184e-01
-1.016715745926903836e-01
-9.703908777476966119e-02
-9.207240428963313350e-02
-8.679353957808642883e-02
-8.122482422554166970e-02
-7.538879692594696591e-02
-6.930811181589616177e-02
-6.300546107286218722e-02
-5.650351234353446356e-02
-4.982486116538718812e-02
-4.299199762478491532e-02
-3.602728669844190018e-02
-2.895296085466194172e-02
-2.179112410046168610e-02
-1.456376552130220908e-02
-7.292780818315081938e-03
-2.815824244444120455e-17
0.000000000000000000e+00
6.616464150434518861e-03
1.321893940201154978e-02
1.979328977418793115e-02
2.632508899528037891e-02
3.279948491658349341e-02
3.920107524766781870e-02
4.551379809626202727e-02
5.172084037990044847e-02
5.780456719934693594e-02
6.374647439220190726e-02
6.952716669701899943e-02
7.512636295769747896e-02
8.052292939804554794e-02
8.569494208460591567e-02
9.061977801839121716e-02
9.527423509759587461e-02
9.963467966084280092e-02
1.036772199965181607e-01
1.073779044114730602e-01
1.107129408983228702e-01
1.136589356840344706e-01
1.161931477392882800e-01
1.182937550297224472e-01
1.199401292944388409e-01
1.211131146301633599e-01
1.217953063436923583e-01
1.219713247819478458e-01
1.216280806730788283e-01
1.207550269835037382e-01
1.193443935190366678e-01
1.173913998568944794e-01
1.148944430554683233e-01
1.118552566840457368e-01
1.082790379633008643e-01
1.041745403079063215e-01
9.955412919930031745e-02
9.443379970204854312e-02
8.883315415727123521e-02
8.277533987474987309e-02
7.628694654351259041e-02
6.939786395080371761e-02
6.214110117399247041e-02
5.455256892481620545e-02
4.667082737072168752e-02
3.853680196055009333e-02
3.019347073794245370e-02
2.168552659743916769e-02
1.305901857210187492e-02
4.360976485975907001e-03
-4.360976486180901009e-03
-1.305901857332171165e-02
-2.168552659839508706e-02
-3.019347073884728547e-02
-3.853680196198959462e-02
-4.667082737418433436e-02
-5.455256892638449262e-02
-6.214110117928552807e-02
-6.939786395851972600e-02
-7.628694655120188406e-02
-8.277533988307481105e-02
-8.883315415872104770e-02
-9.443379970783413735e-02
-9.955412919694250906e-02
-1.041745402876598781e-01
-1.082790379588506602e-01
-1.118552564378181846e-01
-1.148944428013488617e-01
-1.173913998505509704e-01
-1.193443935240165732e-01
-1.207550270003545090e-01
-1.216280806598471487e-01
-1.219713247666517758e-01
-1.217953063358599430e-01
-1.211131146281788779e-01
-1.199401292915587419e-01
-1.182937550426327034e-01
-1.161931477383314204e-01
-1.136589357015176383e-01
-1.107129408978220902e-01
-1.073779044486171813e-01
-1.036772200007527178e-01
-9.963467966404190856e-02
-9.527423511191251970e-02
-9.061977801922882492e-02
-8.569494209494619985e-02
-8.052292940134260502e-02
-7.512636294873449583e-02
-6.952716671748782051e-02
-6.374647438261607513e-02
-5.780456719932674375e-02
-5.172084039128867217e-02
-4.551379810300718726e-02
-3.920107524335680188e-02
-3.279948491572904495e-02
-2.632508899958195189e-02
-1.979328977908411183e-02
-1.321893940016756995e-02
-6.616464149421806377e-03
-2.554317164790908611e-17
0.000000000000000000e+00
4.698311573141610714e-03
9.396850073355734675e-03
1.409553361146825660e-02
1.879366887233143574e-02
2.348966076376049136e-02
2.818074027627954017e-02
3.286271602088594590e-02
3.752975476680873307e-02
4.217419547014499004e-02
4.678640115154927143e-02
5.135465181563080017e-02
5.586508147200194146e-02
6.030166101922853489e-02
6.464622845657037875e-02
6.887856670363005918e-02
7.297652870548239357e-02
7.691620859406414490e-02
8.067215687933844415e-02
8.421763705438280179e-02
8.752491979627363694e-02
9.056561083948198865e-02
9.331100782356024914e-02
9.573248026361681762e-02
9.780186755859894554e-02
9.949188841759021296e-02
1.007765554103679101e-01
1.016315882080494754e-01
1.020348186418837261e-01
1.019665814199174347e-01
1.014100835434155190e-01
1.003517466335579200e-01
9.878151645288570093e-02
9.669313381800473395e-02
9.408436254717397751e-02
9.095717006279091521e-02
8.731785709060410627e-02
8.317713386522773700e-02
7.855014076842500859e-02
7.345641227525320782e-02
6.791978411307117436e-02
6.196824388379108123e-02
5.563372696926917327e-02
4.895185981783469614e-02
4.196165361428189772e-02
3.470515241965551473e-02
2.722704015374651648e-02
1.957421165444299047e-02
1.179531358715593496e-02
3.940261355084019070e-03
-3.940261354959092091e-03
-1.179531358589866290e-02
-1.957421165490171033e-02
-2.722704015174454498e-02
-3.470515241923138178e-02
-4.196165361330615740e-02
-4.895185982481015108e-02
-5.563372697398933503e-02
-6.196824387808821943e-02
-6.791978411609546351e-02
-7.345641227338142731e-02
-7.855014076459523875e-02
-8.317713386549398236e-02
-8.731785710141107271e-02
-9.095717006517585468e-02
-9.408436254263861931e-02
-9.669313381696016674e-02
-9.878151644613304694e-02
-1.003517466284123277e-01
-1.014100835382560073e-01
-1.019665814432422352e-01
-1.020348186706703242e-01
-1.016315881894176987e-01
-1.007765554190121204e-01
-9.949188842250863973e-02
-9.780186755520937913e-02
-9.573248025400363237e-02
-9.331100781249940246e-02
-9.056561084312000909e-02
-8.752491978378337811e-02
-8.421763706428309071e-02
-8.067215689198679873e-02
-7.691620858919044623e-02
-7.297652870473968212e-02
-6.887856670400402392e-02
-6.464622844669332125e-02
-6.030166101163413755e-02
-5.586508146895789034e-02
-5.135465181536476298e-02
-4.678640115054508164e-02
-4.217419548352215747e-02
-3.752975476522556891e-02
-3.286271602393629754e-02
-2.818074027711933022e-02
-2.348966076562467031e-02
-1.879366887238279743e-02
-1.409553361107849200e-02
-9.396850072473867180e-03
-4.698311573252801285e-03
-1.813149171953240299e-17
0.000000000000000000e+00
1.518515265404627107e-03
3.058045666904386003e-03
4.639085127577812287e-03
6.281094256678980241e-03
8.002006403299455339e-03
9.817760451148190015e-03
1.174186868947626160e-02
1.378502737643893736e-02
1.595477692754822263e-02
1.825521795342432280e-02
2.068678827298259248e-02
2.324610518002568141e-02
2.592587605385490365e-02
2.871487939549959359e-02
3.159801702445277916e-02
3.455643719262644492e-02
3.756772706457350841e-02
4.060617199071384770e-02
4.364307764989771438e-02
4.664715031514132110e-02
4.958492964494818495e-02
5.242126689229774372e-02
5.511984160069085398e-02
5.764370817191385304e-02
5.995586417897927345e-02
6.201983094260121732e-02
6.380023738358613083e-02
6.526339768176123157e-02
6.637787346590130755e-02
6.711501142572025291e-02
6.744944738199590284e-02
6.735956887124702752e-02
6.682792833486644879e-02
6.584160007814683635e-02
6.439247491668033396e-02
6.247748742686593665e-02
6.009877184060678085e-02
5.726374337607351150e-02
5.398510351886013497e-02
5.028076838987622504e-02
4.617372106809544685e-02
4.169178939054356270e-02
3.686735236890548856e-02
3.173697930512443810e-02
2.634100672357060288e-02
2.072305922092977995e-02
1.492952138814529137e-02
9.008968480731825018e-03
3.011564355372878254e-03
-3.011564355226262028e-03
-9.008968480864461975e-03
-1.492952139097972544e-02
-2.072305922114553792e-02
-2.634100672781962416e-02
-3.173697931083923479e-02
-3.686735236853543041e-02
-4.169178939584985977e-02
-4.617372107085024324e-02
-5.028076839593263042e-02
-5.398510353326668038e-02
-5.726374337960207089e-02
-6.009877184447325049e-02
-6.247748741895620822e-02
-6.439247490243014960e-02
-6.584160006705168378e-02
-6.682792833339534777e-02
-6.735956887104461999e-02
-6.744944738526775785e-02
-6.711501142596999758e-02
-6.637787347320121822e-02
-6.526339768049427281e-02
-6.380023737180343102e-02
-6.201983095224003484e-02
-5.995586419029159952e-02
-5.764370817655257301e-02
-5.511984158657357719e-02
-5.242126689867598888e-02
-4.958492963732424874e-02
-4.664715031429827324e-02
-4.364307763201820400e-02
-4.060617198296743308e-02
-3.756772706678471879e-02
-3.455643718809457005e-02
-3.159801702769945292e-02
-2.871487940009271808e-02
-2.592587606597596822e-02
-2.324610517790915570e-02
-2.068678827018979871e-02
-1.825521795468933173e-02
-1.595477692644196518e-02
-1.378502737752217329e-02
-1.174186868900044430e-02
-9.817760449506393941e-03
-8.002006402303843760e-03
-6.281094256299478255e-03
-4.639085125582899372e-03
-3.058045667208313893e-03
-1.518515265213328524e-03
-5.846654897400329538e-18
0.000000000000000000e+00
-2.949787320324624620e-03
-5.850989700033064518e-03
-8.655809113547647399e-03
-1.131800865297853328e-02
-1.379366149881513896e-02
-1.604186257559786152e-02
-1.802539138174081776e-02
-1.971131530965635967e-02
-2.107152370252976525e-02
-2.208318406677526116e-02
-2.272911304036642419e-02
-2.299805620620614527e-02
-2.288487220303073860e-02
-2.239061821452020123e-02
-2.152253546368557147e-02
-2.029393497598915019e-02
-1.872398546388974808e-02
-1.683740675457177233e-02
-1.466407375911757925e-02
-1.223853731546563524e-02
-9.599469645374329729e-03
-6.789043364968785910e-03
-3.852254039035326455e-03
-8.361971391041445479e-04
2.210688909959303804e-03
5.239401510856550072e-03
8.201161942487836254e-03
1.104819999338008986e-02
1.373452268913718383e-02
1.621665462106322217e-02
1.845433810159278001e-02
2.041118186033318016e-02
2.205524782654565488e-02
2.335956660212102146e-02
2.430257333686889482e-02
2.486845693356954864e-02
2.504741702379292487e-02
2.483582451008644817e-02
2.423628305395654145e-02
2.325759061278111217e-02
2.191460142266066571e-02
2.022799081223540171e-02
1.822392645837985631e-02
1.593365140700086710e-02
1.339298557040928192e-02
1.064175360617074587e-02
7.723148462820642914e-03
4.683040746005139032e-03
1.569245039714829227e-03
-1.569245039966677248e-03
-4.683040746015943757e-03
-7.723148462544403813e-03
-1.064175360528317807e-02
-1.339298557083297772e-02
-1.593365140643188821e-02
-1.822392645694502142e-02
-2.022799081252619341e-02
-2.191460142109314183e-02
-2.325759061250834772e-02
-2.423628305665290888e-02
-2.483582451219168430e-02
-2.504741702657572316e-02
-2.486845693350874312e-02
-2.430257333600152267e-02
-2.335956659949067413e-02
-2.205524782862309033e-02
-2.041118186386695413e-02
-1.845433810037706499e-02
-1.621665462075831676e-02
-1.373452268811127877e-02
-1.104819999441381331e-02
-8.201161940583699683e-03
-5.239401517336868090e-03
-2.210688905981205137e-03
8.361971429480330800e-04
3.852254039476178671e-03
6.789043364969654139e-03
9.599469645782171892e-03
1.223853731586392254e-02
1.466407376084016313e-02
1.683740675380907686e-02
1.872398546007148640e-02
2.029393497661937176e-02
2.152253546343148305e-02
2.239061821440509886e-02
2.288487220383252085e-02
2.299805620608713630e-02
2.272911304091325413e-02
2.208318406570939849e-02
2.107152370294651175e-02
1.971131530882633959e-02
1.802539138158662860e-02
1.604186257529817070e-02
1.379366149931528056e-02
1.131800865286723343e-02
8.655809114014124950e-03
5.850989700194693041e-03
2.949787320448492116e-03
1.141514139986645020e-17
0.000000000000000000e+00
-8.740467078224184103e-03
-1.739774157517942968e-02
-2.588973999412975610e-02
-3.413657999876620885e-02
-4.206163876186389677e-02
-4.959256140391387485e-02
-5.666220412266223527e-02
-6.320949768132556879e-02
-6.918021827848135075e-02
-7.452765410088905973e-02
-7.921315780633322867e-02
-8.320657681993323673e-02
-8.648655518552428312e-02
-8.904070338268114948e-02
-9.086563338670133883e-02
-9.196685980387199477e-02
-9.235856911030572436e-02
-9.206326130032460586e-02
-9.111127032083093935e-02
-8.954017171775933981e-02
-8.739408724099330394e-02
-8.472289813647911061e-02
-8.158138025238763358e-02
-7.802827485693579479e-02
-7.412531045337493463e-02
-6.993619148721127998e-02
-6.552557028262005756e-02
-6.095801858673449702e-02
-5.629701527884240636e-02
-5.160396630372477561e-02
-4.693727261378816129e-02
-4.235146042725519006e-02
-3.789638785314723701e-02
-3.361654006683921503e-02
-2.955042399829615682e-02
-2.573007180884907125e-02
-2.218066061053806590e-02
-1.892025400894515111e-02
-1.595966902229072060e-02
-1.330246990134032262e-02
-1.094508826759541843e-02
-8.877066955734083317e-03
-7.081422884862994052e-03
-5.535122372946176504e-03
-4.209660435450375895e-03
-3.071733943470474158e-03
-2.083996941150578330e-03
-1.205885119937105026e-03
-3.944952786792748842e-04
3.944952786884774296e-04
1.205885119910121619e-03
2.083996941090422456e-03
3.071733943657021983e-03
4.209660435646913994e-03
5.535122373086685636e-03
7.081422884750283864e-03
8.877066955405505874e-03
1.094508826767490173e-02
1.330246990082519648e-02
1.595966902251657812e-02
1.892025400859724885e-02
2.218066061028137193e-02
2.573007180757689444e-02
2.955042399827487523e-02
3.361654006455242621e-02
3.789638785267337995e-02
4.235146042683822498e-02
4.693727261290732422e-02
5.160396630081471453e-02
5.629701526936689571e-02
6.095801858822687269e-02
6.552557028249149373e-02
6.993619147135968217e-02
7.412531044558726134e-02
7.802827485463380286e-02
8.158138024880001726e-02
8.472289812250907715e-02
8.739408721835213723e-02
8.954017171619313431e-02
9.111127030643872970e-02
9.206326131080952435e-02
9.235856912043925726e-02
9.196685980396017424e-02
9.086563337247807737e-02
8.904070338578753963e-02
8.648655520188143486e-02
8.320657679949330920e-02
7.921315780821129582e-02
7.452765410211084629e-02
6.918021827749973318e-02
6.320949767709403699e-02
5.666220412061911266e-02
4.959256139938787028e-02
4.206163875966136695e-02
3.413657999808625276e-02
2.588973999254301148e-02
1.739774157414988517e-02
8.740467079511966483e-03
3.378477661438251920e-17
0.000000000000000000e+00
-1.589431908809406033e-02
-3.166349512563296914e-02
-4.718387657637711230e-02
-6.233477279963877543e-02
-7.699987974338892704e-02
-9.106864088756663755e-02
-1.044375233072810383e-01
-1.170111905580687728e-01
-1.287035552586928144e-01
-1.394386963464991636e-01
-1.491516279667999267e-01
-1.577889100889782459e-01
-1.653090921134463265e-01
-1.716829844429491603e-01
-1.768937556463588689e-01
-1.809368543882986791e-01
-1.838197603524950041e-01
-1.855615681210885659e-01
-1.861924129927085281e-01
-1.857527489178160962e-01
-1.842924910769764557e-01
-1.818700383019289379e-01
-1.785511911359649595e-01
-1.744079841719849977e-01
-1.695174517004246761e-01
-1.639603466468469717e-01
-1.578198338172700776e-01
-1.511801782467288580e-01
-1.441254498520309901e-01
-1.367382643545136389e-01
-1.290985809021744646e-01
-1.212825746763568774e-01
-1.133616020651694589e-01
-1.054012741235082484e-01
-9.746065232544748325e-02
-8.959157830493198749e-02
-8.183814736995409511e-02
-7.423633291199502326e-02
-6.681376618214993068e-02
-5.958967390830718219e-02
-5.257497285107334134e-02
-4.577251832162412132e-02
-3.917750101385746725e-02
-3.277798386925828700e-02
-2.655556867915578531e-02
-2.048617968491268232e-02
-1.454094974541751163e-02
-8.687192772839080757e-03
-2.889444844541368389e-03
2.889444844425590343e-03
8.687192772377488187e-03
1.454094974713944326e-02
2.048617968569188541e-02
2.655556867813205213e-02
3.277798386905697581e-02
3.917750101021598430e-02
4.577251832330674758e-02
5.257497285168575424e-02
5.958967390947163961e-02
6.681376618397717737e-02
7.423633291764314412e-02
8.183814737774916526e-02
8.959157829937419715e-02
9.746065232648468135e-02
1.054012741272817716e-01
1.133616020612048247e-01
1.212825746916403463e-01
1.290985809076019564e-01
1.367382643541600884e-01
1.441254498490627256e-01
1.511801782549656303e-01
1.578198338073306950e-01
1.639603466441488522e-01
1.695174517030749728e-01
1.744079841790612262e-01
1.785511911293778120e-01
1.818700383043082291e-01
1.842924910893403156e-01
1.857527489027767376e-01
1.861924130046910542e-01
1.855615681232081204e-01
1.838197603419584047e-01
1.809368543793031248e-01
1.768937556082509632e-01
1.716829844641474256e-01
1.653090920879615733e-01
1.577889100938446032e-01
1.491516279776483878e-01
1.394386963367978127e-01
1.287035552710062702e-01
1.170111905308605649e-01
1.044375233048033536e-01
9.106864087987907863e-02
7.699987974597714835e-02
6.233477278817008832e-02
4.718387657261422646e-02
3.166349512823182777e-02
1.589431908633863119e-02
6.141988336151192945e-17
0.000000000000000000e+00
-2.445891625371028957e-02
-4.874304070645030240e-02
-7.267952011521637556e-02
-9.609935045030590373e-02
-1.188392319535958030e-01
-1.407433422288520974e-01
-1.616650016481477048e-01
-1.814682081958483018e-01
-2.000290193318826903e-01
-2.172367626422332110e-01
-2.329950586051747208e-01
-2.472226419733563052e-01
-2.598539720965380440e-01
-2.708396246920691808e-01
-2.801464625044419732e-01
-2.877575837972939921e-01
-2.936720531498779874e-01
-2.979044204913443017e-01
-3.004840393781317842e-01
-3.014541958651957843e-01
-3.008710661501597383e-01
-2.988025189187663577e-01
-2.953267849257693589e-01
-2.905310150617673726e-01
-2.845097512312625976e-01
-2.773633355661713762e-01
-2.691962830113545091e-01
-2.601156447826211693e-01
-2.502293861649437789e-01
-2.396448076599457244e-01
-2.284670310578162666e-01
-2.167975753837611264e-01
-2.047330438774739303e-01
-1.923639417654061379e-01
-1.797736418155714833e-01
-1.670375133454001793e-01
-1.542222253554177691e-01
-1.413852343549810986e-01
-1.285744611509311575e-01
-1.158281608787159883e-01
-1.031749844664440613e-01
-9.063422868362917828e-02
-7.821626749743490481e-02
-6.592315493460078335e-02
-5.374938670123942386e-02
-4.168280522936346905e-02
-2.970563030715333772e-02
-1.779559538663889190e-02
-5.927168107018318706e-03
5.927168106946109974e-03
1.779559538623691484e-02
2.970563030998315743e-02
4.168280522675158611e-02
5.374938669697183757e-02
6.592315493100338319e-02
7.821626749599117079e-02
9.063422868630599538e-02
1.031749844635448526e-01
1.158281608782647243e-01
1.285744611550947158e-01
1.413852343280569412e-01
1.542222253533972187e-01
1.670375133429817804e-01
1.797736418375645850e-01
1.923639417555162989e-01
2.047330438771742256e-01
2.167975753689371787e-01
2.284670310834621687e-01
2.396448076495606982e-01
2.502293861508234629e-01
2.601156448053135728e-01
2.691962830278827878e-01
2.773633355151853275e-01
2.845097512425162622e-01
2.905310150868303798e-01
2.953267849446769011e-01
2.988025188887085126e-01
3.008710660507198931e-01
3.014541958966296953e-01
3.004840393680777710e-01
2.979044204730665335e-01
2.936720531412320701e-01
2.877575838003482156e-01
2.801464624917176516e-01
2.708396246855471756e-01
2.598539720997847247e-01
2.472226419875886427e-01
2.329950585996660162e-01
2.172367626854997680e-01
2.000290193449788811e-01
1.814682082076713721e-01
1.616650016684004487e-01
1.407433422018984082e-01
1.188392319583978368e-01
9.609935045078585314e-02
7.267952011590654571e-02
4.874304070442879444e-02
2.445891625689724375e-02
9.450428376664932859e-17
0.000000000000000000e+00
-3.448836810328756441e-02
-6.874418970804867246e-02
-1.025373738443331184e-01
-1.356427056158156230e-01
-1.678421980340587261e-01
-1.989273409944684046e-01
-2.287012173517439795e-01
-2.569804549775840385e-01
-2.835969900202231497e-01
-3.083996156961297253e-01
-3.312552984249881871e-01
-3.520502425411120573e-01
-3.706906927455327350e-01
-3.871034654380530737e-01
-4.012362032533055012e-01
-4.130573551178964853e-01
-4.225558842251750935e-01
-4.297407133599374096e-01
-4.346399187434556444e-01
-4.372996902570688849e-01
-4.377830756681212465e-01
-4.361685331506102714e-01
-4.325483140756337663e-01
-4.270267103542081388e-01
-4.197181869335880888e-01
-4.107454381539597521e-01
-4.002373940784617057e-01
-3.883272130010844148e-01
-3.751502871874808909e-01
-3.608422986616121042e-01
-3.455373499943349413e-01
-3.293662052439949028e-01
-3.124546541076939077e-01
-2.949220419051300501e-01
-2.768799721114736934e-01
-2.584312050543471906e-01
-2.396687669404536369e-01
-2.206752799408502330e-01
-2.015225209896827907e-01
-1.822712122332886542e-01
-1.629710430011972466e-01
-1.436609184899332037e-01
-1.243694275330083920e-01
-1.051155170524793458e-01
-8.590935795263215935e-02
-6.675338428494449750e-02
-4.764348374810167125e-02
-2.857031589120341900e-02
-9.520731907925098977e-03
9.520731907867957186e-03
2.857031589201324343e-02
4.764348374136954251e-02
6.675338429057546541e-02
8.590935796259567547e-02
1.051155170395534494e-01
1.243694275377283387e-01
1.436609184753212254e-01
1.629710429947091033e-01
1.822712122624188247e-01
2.015225210033640135e-01
2.206752799515140917e-01
2.396687669523215047e-01
2.584312050618812195e-01
2.768799721125465019e-01
2.949220418547077727e-01
3.124546540442527665e-01
3.293662052245435179e-01
3.455373500029070843e-01
3.608422987711807361e-01
3.751502871722346977e-01
3.883272130359121665e-01
4.002373941309254057e-01
4.107454381224642237e-01
4.197181870055674002e-01
4.270267103920536989e-01
4.325483140595458575e-01
4.361685331145046529e-01
4.377830757631178682e-01
4.372996902522703344e-01
4.346399187396924879e-01
4.297407133192946982e-01
4.225558842077112298e-01
4.130573550684479844e-01
4.012362032737263329e-01
3.871034654334369329e-01
3.706906927322524137e-01
3.520502424704557987e-01
3.312552984137457912e-01
3.083996156880142170e-01
2.835969899943531214e-01
2.569804550042654179e-01
2.287012173381700597e-01
1.989273410140578735e-01
1.678421980086273746e-01
1.356427056370039241e-01
1.025373738266909668e-01
6.874418972315003706e-02
3.448836810245222567e-02
1.332470596091101845e-16
0.000000000000000000e+00
-4.604294148398485609e-02
-9.178701467993992391e-02
-1.369363994795680939e-01
-1.812013294990304779e-01
-2.243010126643224800e-01
-2.659664265109548120e-01
-3.059429492038878706e-01
-3.439927908719437877e-01
-3.798971917266372733e-01
-4.134583587295432849e-01
-4.445011156315127332e-01
-4.728742463281306319e-01
-4.984515158046720074e-01
-5.211323591610313999e-01
-5.408422320808797812e-01
-5.575326254289788563e-01
-5.711807454708208720e-01
-5.817888745144891294e-01
-5.893834224698093482e-01
-5.940136923770378274e-01
-5.957503821276353140e-01
-5.946838498984144961e-01
-5.909221744070566329e-01
-5.845890428014225426e-01
-5.758215035975998708e-01
-5.647676183274081829e-01
-5.515840549971120499e-01
-5.364336579365609481e-01
-5.194830337506478601e-01
-5.009001925744890338e-01
-4.808522780790748241e-01
-4.595034228164182610e-01
-4.370127593422029610e-01
-4.135326165323680025e-01
-3.892069267340030336e-01
-3.641698643793185308e-01
-3.385447355224141530e-01
-3.124431298580269134e-01
-2.859643447181601239e-01
-2.591950855622546790e-01
-2.322094416414812179e-01
-2.050691320539359541e-01
-1.778240126180184177e-01
-1.505128288634174916e-01
-1.231641974843353388e-01
-9.579779408340245717e-02
-6.842572100070554164e-02
-4.105402764024607132e-02
-1.368435170333156224e-02
1.368435170457110717e-02
4.105402764308403729e-02
6.842572101261877593e-02
9.579779408786788519e-02
1.231641974722481603e-01
1.505128287936241815e-01
1.778240125968266749e-01
2.050691320814846952e-01
2.322094416720329735e-01
2.591950855483089455e-01
2.859643447295197594e-01
3.124431298454354855e-01
3.385447355086499965e-01
3.641698643665985946e-01
3.892069266876114764e-01
4.135326165375965979e-01
4.370127593515872877e-01
4.595034228699486079e-01
4.808522781163888093e-01
5.009001925627462048e-01
5.194830337581594071e-01
5.364336579369223257e-01
5.515840550206279058e-01
5.647676183529942717e-01
5.758215035944144189e-01
5.845890428374361791e-01
5.909221744868932147e-01
5.946838498469534384e-01
5.957503820597030986e-01
5.940136923208806374e-01
5.893834224403221578e-01
5.817888745198175338e-01
5.711807455139374934e-01
5.575326253786052622e-01
5.408422321044294989e-01
5.211323590489923552e-01
4.984515158229723686e-01
4.728742463247037064e-01
4.445011156201855718e-01
4.134583587258205961e-01
3.798971916828199347e-01
3.439927908870118456e-01
3.059429492136839790e-01
2.659664264843499271e-01
2.243010126772392587e-01
1.812013295015402758e-01
1.369363994984035826e-01
9.178701467310029782e-02
4.604294148470206016e-02
1.778810895037063982e-16
0.000000000000000000e+00
-5.918849061015137025e-02
-1.180027083068520971e-01
-1.760721037366274055e-01
-2.330335227895222738e-01
-2.885347754876924076e-01
-3.422380526487022734e-01
-3.938231436007526565e-01
-4.429904113719606573e-01
-4.894634857997923749e-01
-5.329916394226512644e-01
-5.733518164586474120e-01
-6.103502901485828858e-01
-6.438239304329472779e-01
-6.736410696972010559e-01
-6.997019598784872674e-01
-7.219388221973921382e-01
-7.403154953268596961e-01
-7.548266946665647126e-01
-7.654969015466054350e-01
-7.723789053748235656e-01
-7.755520278822086722e-01
-7.751200624274037221e-01
-7.712089653277917067e-01
-7.639643393809961713e-01
-7.535487528551364500e-01
-7.401389368825141979e-01
-7.239229098050169453e-01
-7.050970714261206584e-01
-6.838633155134191677e-01
-6.604262039175842203e-01
-6.349902459083063277e-01
-6.077573231925682551e-01
-5.789242990022861468e-01
-5.486808442776772710e-01
-5.172075126579803728e-01
-4.846740880961843967e-01
-4.512382281665053840e-01
-4.170444169483611407e-01
-3.822232385677012956e-01
-3.468909765876249107e-01
-3.111495379590597521e-01
-2.750866959614493013e-01
-2.387766401716278353e-01
-2.022808172139957117e-01
-1.656490403467151817e-01
-1.289208422305455348e-01
-9.212704049639412751e-02
-5.529148263701906540e-02
-1.843293351626578216e-02
1.843293351540924163e-02
5.529148263377553496e-02
9.212704049852173116e-02
1.289208422267059950e-01
1.656490403435310343e-01
2.022808172086767997e-01
2.387766401779261860e-01
2.750866959437326953e-01
3.111495379407385187e-01
3.468909765944587775e-01
3.822232385526107001e-01
4.170444169305472237e-01
4.512382281771457615e-01
4.846740880529174511e-01
5.172075126329026551e-01
5.486808443471148378e-01
5.789242990090497365e-01
6.077573232072157605e-01
6.349902458551955897e-01
6.604262039293209430e-01
6.838633155016902165e-01
7.050970714261276528e-01
7.239229097597033036e-01
7.401389368567241611e-01
7.535487528214840358e-01
7.639643393567289165e-01
7.712089652928535433e-01
7.751200624296961106e-01
7.755520279075869272e-01
7.723789053712768471e-01
7.654969015592115733e-01
7.548266946346711137e-01
7.403154953317442333e-01
7.219388222185799675e-01
6.997019598936630169e-01
6.736410696816342858e-01
6.438239304708607280e-01
6.103502901158963656e-01
5.733518164611387524e-01
5.329916394483301678e-01
4.894634857878689682e-01
4.429904113706241708e-01
3.938231435936412339e-01
3.422380526650538046e-01
2.885347754876936843e-01
2.330335227911547180e-01
1.760721037324371463e-01
1.180027083106308244e-01
5.918849061014741508e-02
2.286608499895657830e-16
0.000000000000000000e+00
-7.399562058106791407e-02
-1.475319104495972367e-01
-2.201540282504635682e-01
-2.914160490213399957e-01
-3.608852677213164051e-01
-4.281463196660041937e-01
-4.928050624116168676e-01
-5.544921659839181505e-01
-6.128663647933446645e-01
-6.676173288303517417e-01
-7.184681186798744790e-01
-7.651771955387347557e-01
-8.075399640330253037e-01
-8.453898338370603449e-01
-8.785987926111942237e-01
-9.070774919541799708e-01
-9.307748530017126987e-01
-9.496772087040101784e-01
-9.638070033730975483e-01
-9.732210793278316396e-01
-9.780085843289362257e-01
-9.782885393475200253e-01
-9.742071116708124201e-01
-9.659346400188573156e-01
-9.536624638984071423e-01
-9.375996081047569541e-01
-9.179693790200844639e-01
-8.950059249435634579e-01
-8.689508160125187786e-01
-8.400496960759233911e-01
-8.085490567616389068e-01
-7.746931824399010402e-01
-7.387213097172606879e-01
-7.008650417247691555e-01
-6.613460528271255523e-01
-6.203741134015160474e-01
-5.781454592305520501e-01
-5.348415240631558820e-01
-4.906280467007707591e-01
-4.456545591363179071e-01
-4.000542542205914875e-01
-3.539442259636356169e-01
-3.074260688205064929e-01
-2.605868164616418903e-01
-2.135001949155591883e-01
-1.662281594851056643e-01
-1.188226802373730517e-01
-7.132773716485565907e-02
-2.378148153220665043e-02
2.378148153220007929e-02
7.132773716246018636e-02
1.188226802359330092e-01
1.662281594830705700e-01
2.135001949259746068e-01
2.605868164561270794e-01
3.074260688030638899e-01
3.539442259407007962e-01
4.000542541979121292e-01
4.456545591209189472e-01
4.906280466817145580e-01
5.348415240670335580e-01
5.781454592128745240e-01
6.203741133832270105e-01
6.613460528325035837e-01
7.008650417329407301e-01
7.387213097315025179e-01
7.746931825061704746e-01
8.085490567429364228e-01
8.400496960950046832e-01
8.689508160448977669e-01
8.950059249435643460e-01
9.179693789967605655e-01
9.375996081091229062e-01
9.536624639165676154e-01
9.659346400652211173e-01
9.742071116109364270e-01
9.782885393146867337e-01
9.780085843243643273e-01
9.732210793188278419e-01
9.638070033620540489e-01
9.496772086556848347e-01
9.307748530205577353e-01
9.070774919534345671e-01
8.785987926258712610e-01
8.453898338633369924e-01
8.075399640396012657e-01
7.651771955397250746e-01
7.184681186866546110e-01
6.676173288039213283e-01
6.128663647738941123e-01
5.544921659837835914e-01
4.928050623923509455e-01
4.281463196555623796e-01
3.608852677213155169e-01
2.914160490406556003e-01
2.201540282573945517e-01
1.475319104434673345e-01
7.399562058138307863e-02
2.858591874168387498e-16
0.000000000000000000e+00
-9.053849663991862806e-02
-1.805223276614287276e-01
-2.694021819980078614e-01
-3.566393831946756965e-01
-4.417110222729257463e-01
-5.241148726742884678e-01
-6.033740202687244425e-01
-6.790411461902730039e-01
-7.507024070234962210e-01
-8.179808614519453736e-01
-8.805394021230903423e-01
-9.380831582734557861e-01
-9.903613437006019149e-01
-1.037168533124616321e+00
-1.078345359591792452e+00
-1.113778633830146081e+00
-1.143400896274104905e+00
-1.167189419707613141e+00
-1.185164689817139516e+00
-1.197388397884351807e+00
-1.203960986118310261e+00
-1.205018793520021392e+00
-1.200730854131366820e+00
-1.191295405214627401e+00
-1.176936162798768004e+00
-1.157898430746056029e+00
-1.134445103322663906e+00
-1.106852627951132817e+00
-1.075406989200487162e+00
-1.040399777558976835e+00
-1.002124400968595008e+00
-9.608724950553380051e-01
-9.169305839569674710e-01
-8.705770378333455017e-01
-8.220793680216269550e-01
-7.716918948091796571e-01
-7.196538158311209799e-01
-6.661876959715271607e-01
-6.114983927944179776e-01
-5.557724239701659075e-01
-4.991777749516866369e-01
-4.418641391001756347e-01
-3.839635739275926163e-01
-3.255915509227726989e-01
-2.668483695729151894e-01
-2.078209003804895316e-01
-1.485846158046409682e-01
-8.920586382506116851e-02
-2.974433432994933596e-02
2.974433432935586624e-02
8.920586382058302843e-02
1.485846158028545361e-01
2.078209003788395182e-01
2.668483695698252722e-01
3.255915509114390982e-01
3.839635739330570785e-01
4.418641391003076402e-01
4.991777749513843232e-01
5.557724239755360562e-01
6.114983928097109667e-01
6.661876959579305923e-01
7.196538158362643101e-01
7.716918947814134233e-01
8.220793679968888545e-01
8.705770378050344815e-01
9.169305839438087746e-01
9.608724950675985310e-01
1.002124400948382732e+00
1.040399777562585282e+00
1.075406989207028374e+00
1.106852627951148360e+00
1.134445103327599735e+00
1.157898430722582583e+00
1.176936162718281720e+00
1.191295405271859398e+00
1.200730854214637988e+00
1.205018793477951489e+00
1.203960986112682763e+00
1.197388397908575763e+00
1.185164689793078985e+00
1.167189419649607318e+00
1.143400896274061607e+00
1.113778633763436998e+00
1.078345359596209585e+00
1.037168533162260431e+00
9.903613437083366167e-01
9.380831582729285412e-01
8.805394021187885611e-01
8.179808614563348623e-01
7.507024070464830556e-01
6.790411461625223133e-01
6.033740202579953582e-01
5.241148727000842777e-01
4.417110222729235813e-01
3.566393831655155222e-01
2.694021819950789265e-01
1.805223276772739971e-01
9.053849663597147990e-02
3.497627220460886863e-16
0.000000000000000000e+00
-1.088931798194242018e-01
-2.171254072011833403e-01
-3.240420594466373316e-01
-4.290010838064428622e-01
-5.313790616686171475e-01
-6.305770224184584771e-01
-7.260259083527025314e-01
-8.171916379207716519e-01
-9.035796881566953154e-01
-9.847391423477978023e-01
-1.060266152439759413e+00
-1.129806777287221120e+00
-1.193059165933841870e+00
-1.249775067129539785e+00
-1.299760658782404210e+00
-1.342876695428615763e+00
-1.379037990230069344e+00
-1.408212252407053500e+00
-1.430418313665160923e+00
-1.445723781391643925e+00
-1.454242173010859895e+00
-1.456129576668523606e+00
-1.451580918917315444e+00
-1.440825883195328672e+00
-1.424124566023500682e+00
-1.401762937687997645e+00
-1.374048181252756073e+00
-1.341303986337763154e+00
-1.303865869923671150e+00
-1.262076595747915864e+00
-1.216281761408194662e+00
-1.166825616461526494e+00
-1.114047171881784148e+00
-1.058276653504153675e+00
-9.998323466030627493e-01
-9.390178721445771037e-01
-8.761199252770357493e-01
-8.114065015485252275e-01
-7.451256259637757395e-01
-6.775045897982504561e-01
-6.087496975292887580e-01
-5.390465105045613159e-01
-4.685605701475833995e-01
-3.974385742864607884e-01
-3.258099723131582803e-01
-2.537889392480254247e-01
-1.814766803780176740e-01
-1.089640156244696123e-01
-3.633418491296152436e-02
3.633418491293991665e-02
1.089640156238304847e-01
1.814766803855658306e-01
2.537889392491212148e-01
3.258099723290741601e-01
3.974385742633714247e-01
4.685605701548690161e-01
5.390465104629404980e-01
6.087496975234860663e-01
6.775045898087858065e-01
7.451256260121575936e-01
8.114065015665493652e-01
8.761199249920414989e-01
9.390178721274982099e-01
9.998323465975518243e-01
1.058276653455832772e+00
1.114047171882970755e+00
1.166825616434018942e+00
1.216281761434821140e+00
1.262076595799902723e+00
1.303865869918763076e+00
1.341303986337759824e+00
1.374048181142965896e+00
1.401762937657479169e+00
1.424124566040438244e+00
1.440825883121774398e+00
1.451580918867545478e+00
1.456129576642889001e+00
1.454242172840943592e+00
1.445723781534824282e+00
1.430418313557710874e+00
1.408212252433386658e+00
1.379037990283230597e+00
1.342876695385710084e+00
1.299760658995179119e+00
1.249775067315123556e+00
1.193059165954664769e+00
1.129806777408621121e+00
1.060266152424732988e+00
9.847391423244790110e-01
9.035796880876599824e-01
8.171916379077580617e-01
7.260259083291075166e-01
6.305770224136213464e-01
5.313790616686141499e-01
4.290010838684510941e-01
3.240420594734345072e-01
2.171254072092387299e-01
1.088931798247525368e-01
4.206654224523909387e-16
0.000000000000000000e+00
-1.291353399409281288e-01
-2.574917699085296219e-01
-3.842978041170752035e-01
-5.087967014655313536e-01
-6.302535799676171058e-01
-7.479622271601251704e-01
-8.612515132644442684e-01
-9.694913205323621996e-01
-1.072097911634712686e+00
-1.168538667639034356e+00
-1.258336140247521717e+00
-1.341071368088897042e+00
-1.416386429184832929e+00
-1.483986198985203231e+00
-1.543639318984642461e+00
-1.595178360972037357e+00
-1.638499223901256130e+00
-1.673559766498480483e+00
-1.700377745582681177e+00
-1.719028073223063613e+00
-1.729639480584695965e+00
-1.732390636062439038e+00
-1.727505799080795823e+00
-1.715250086388558026e+00
-1.695924413055721836e+00
-1.669860260136555752e+00
-1.637414228594653132e+00
-1.598962629179815353e+00
-1.554896036107627610e+00
-1.505613999406957948e+00
-1.451519938839073376e+00
-1.393016308248856916e+00
-1.330500097841863960e+00
-1.264358734671707341e+00
-1.194966433906264003e+00
-1.122681047189374226e+00
-1.047841443809659268e+00
-9.707654509988962177e-01
-8.917483714567153719e-01
-8.110620856041775850e-01
-7.289547349207659011e-01
-6.456509764267542861e-01
-5.613527850315931378e-01
-4.762407750116912086e-01
-3.904759996511292242e-01
-3.042021842150205990e-01
-2.175483371634526208e-01
-1.306316800382289200e-01
-4.356083050279406510e-02
4.356083049911484151e-02
1.306316800433278413e-01
2.175483372254358450e-01
3.042021842133605936e-01
3.904759996300994351e-01
4.762407750060986267e-01
5.613527850552333387e-01
6.456509764366284987e-01
7.289547349332496928e-01
8.110620856203522022e-01
8.917483714600007438e-01
9.707654508920883218e-01
1.047841443931812444e+00
1.122681047213761607e+00
1.194966433892029833e+00
1.264358734717894839e+00
1.330500097887745703e+00
1.393016308240176970e+00
1.451519938877844140e+00
1.505613999387539703e+00
1.554896036050660069e+00
1.598962629179836004e+00
1.637414228463719201e+00
1.669860257523472447e+00
1.695924413201106873e+00
1.715250086288258924e+00
1.727505799522932373e+00
1.732390636118677163e+00
1.729639480433733834e+00
1.719028073238932697e+00
1.700377745546810093e+00
1.673559766487580314e+00
1.638499223180822195e+00
1.595178361048468441e+00
1.543639319036330448e+00
1.483986199128263683e+00
1.416386428860114455e+00
1.341071368166241173e+00
1.258336140210768894e+00
1.168538667682775589e+00
1.072097911574048767e+00
9.694913204860539091e-01
8.612515132230189607e-01
7.479622271317064586e-01
6.302535799676184380e-01
5.087967014715674141e-01
3.842978041155510338e-01
2.574917699058380527e-01
1.291353399443621042e-01
4.988597788156267439e-16
0.000000000000000000e+00
-1.513371589362482172e-01
-3.017650234163842815e-01
-4.503829516965965896e-01
-5.963074856111897359e-01
-7.386806398673890772e-01
-8.766778344172548865e-01
-1.009515360880258950e+00
-1.136457282223890974e+00
-1.256821674856338333e+00
-1.369986133714254262e+00
-1.475392473685144479e+00
-1.572550574140480384e+00
-1.661041327946341184e+00
-1.740518671034521070e+00
-1.810710683735104798e+00
-1.871419767824459512e+00
-1.922521922290681973e+00
-1.963965148162027941e+00
-1.995767030507663131e+00
-2.018011554931280482e+00
-2.030845226941908610e+00
-2.034472571510459016e+00
-2.029151097749606780e+00
-2.015185819610119999e+00
-1.992923428040758616e+00
-1.962746212577798799e+00
-1.925065832064994042e+00
-1.880317033588856601e+00
-1.828951416862921064e+00
-1.771431338313075310e+00
-1.708224044514750073e+00
-1.639796118484791343e+00
-1.566608316777919008e+00
-1.489110864207780605e+00
-1.407739268231643193e+00
-1.322910704588114106e+00
-1.235021010541291986e+00
-1.144442319651371331e+00
-1.051521356226249759e+00
-9.565783946909355295e-01
-8.599068840126359303e-01
-7.617737208325816578e-01
-6.624201471789877838e-01
-5.620632376663470264e-01
-4.608979314680483608e-01
-3.590995558218815775e-01
-2.568267795233305506e-01
-1.542249281868666999e-01
-5.142958710362982577e-02
5.142958710409722273e-02
1.542249281853524112e-01
2.568267795208952209e-01
3.590995558219076678e-01
4.608979314679936268e-01
5.620632376668430741e-01
6.624201471786342887e-01
7.617737208323663856e-01
8.599068840122414681e-01
9.565783946916061042e-01
1.051521356225504356e+00
1.144442319640761152e+00
1.235021010441178957e+00
1.322910704576769403e+00
1.407739268232756746e+00
1.489110864193001094e+00
1.566608316928427280e+00
1.639796118481850140e+00
1.708224044513054540e+00
1.771431338298438130e+00
1.828951416861036128e+00
1.880317033588855047e+00
1.925065832064189575e+00
1.962746212579923766e+00
1.992923428057204349e+00
2.015185819626670316e+00
2.029151097750282240e+00
2.034472571506911631e+00
2.030845226941868642e+00
2.018011554928419216e+00
1.995767030506188089e+00
1.963965148142609252e+00
1.922521922239018188e+00
1.871419767825277969e+00
1.810710683735820670e+00
1.740518671106113802e+00
1.661041327946917834e+00
1.572550574140704427e+00
1.475392473699587814e+00
1.369986133728041011e+00
1.256821674856797078e+00
1.136457282223432230e+00
1.009515360870349099e+00
8.766778344175319981e-01
7.386806398673851914e-01
5.963074856117857037e-01
4.503829516927192467e-01
3.017650234163289369e-01
1.513371589362595415e-01
5.846248408311318572e-16
0.000000000000000000e+00
-1.755631877087949766e-01
-3.500734931587323184e-01
-5.224880626351896540e-01
-6.917839569639639974e-01
-8.569677550350023321e-01
-1.017084740047804470e+00
-1.171227541297146013e+00
-1.318544114098535225e+00
-1.458244952331571254e+00
-1.589609441762914299e+00
-1.711991276842863119e+00
-1.824822881268285624e+00
-1.927618786764974335e+00
-2.019977948088734099e+00
-2.101584973467258255e+00
-2.172210300660477600e+00
-2.231709318542939968e+00
-2.280020492256775277e+00
-2.317162540069315213e+00
-2.343230732439965713e+00
-2.358392393079361771e+00
-2.362881694124976839e+00
-2.356993841877097484e+00
-2.341078761596458779e+00
-2.315534390063255898e+00
-2.280799689228862004e+00
-2.237347495413446019e+00
-2.185677318879616582e+00
-2.126308202029551619e+00
-2.059771746251370939e+00
-1.986605407343897012e+00
-1.907346154757930234e+00
-1.822524581318499814e+00
-1.732659540299897660e+00
-1.638253378622737344e+00
-1.539787820347325198e+00
-1.437720547178224617e+00
-1.332482507624113355e+00
-1.224475975885931600e+00
-1.114073367574746953e+00
-1.001616808614616660e+00
-8.874184397553237513e-01
-7.717614282306483053e-01
-6.549016464094769008e-01
-5.370699665898099884e-01
-4.184751110662301987e-01
-2.993069881328095372e-01
-1.797404365484893685e-01
-5.993929467879098583e-02
5.993929467880461381e-02
1.797404365483977196e-01
2.993069881326432258e-01
4.184751110662553453e-01
5.370699665902234354e-01
6.549016464095359646e-01
7.717614282234451784e-01
8.874184397549979009e-01
1.001616808613618570e+00
1.114073367573098272e+00
1.224475975885125356e+00
1.332482507586424836e+00
1.437720547119000214e+00
1.539787820368287985e+00
1.638253378577847474e+00
1.732659540330905745e+00
1.822524581234907348e+00
1.907346154758785106e+00
1.986605407343356555e+00
2.059771746281265692e+00
2.126308202027775707e+00
2.185677318879611253e+00
2.237347495416962317e+00
2.280799689158170995e+00
2.315534390133960674e+00
2.341078761577104927e+00
2.356993841775266052e+00
2.362881694012347822e+00
2.358392393110412044e+00
2.343230732350193080e+00
2.317162540119417358e+00
2.280020492267730958e+00
2.231709318503356076e+00
2.172210300557770424e+00
2.101584973515168819e+00
2.019977948102413823e+00
1.927618786694625497e+00
1.824822881234322125e+00
1.711991276860281630e+00
1.589609441678268231e+00
1.458244952348610290e+00
1.318544114099382325e+00
1.171227541295954744e+00
1.017084740047433433e+00
8.569677550349940054e-01
6.917839569645798381e-01
5.224880626345135282e-01
3.500734931588224685e-01
1.755631877088600079e-01
6.782102245705593965e-16
0.000000000000000000e+00
-2.018648689516009953e-01
-4.025192881764679265e-01
-6.007643750663324012e-01
-7.954242148679175894e-01
-9.853569323633323274e-01
-1.169465276698692602e+00
-1.346706572559912996e+00
-1.516101900094269928e+00
-1.676744382953417212e+00
-1.827806476705108540e+00
-1.968546171200292072e+00
-2.098312036742567166e+00
-2.216547065455145127e+00
-2.322791278206213672e+00
-2.416683090864367500e+00
-2.497959449671877330e+00
-2.566454768182668822e+00
-2.622098714714360845e+00
-2.664912915664030102e+00
-2.695006657539329442e+00
-2.712571681421068526e+00
-2.717876172653008737e+00
-2.711258082791968782e+00
-2.693117849845939826e+00
-2.663910722693915378e+00
-2.624138755805497603e+00
-2.574342636701214104e+00
-2.515093464982752103e+00
-2.446984612549296223e+00
-2.370623784762720287e+00
-2.286625398520388153e+00
-2.195603383151033761e+00
-2.098164494307616756e+00
-1.994902247572175380e+00
-1.886391517559646402e+00
-1.773183887808111869e+00
-1.655803790152239996e+00
-1.534745470846241355e+00
-1.410470805604622679e+00
-1.283407973809961744e+00
-1.153950977402785849e+00
-1.022459992682981378e+00
-8.892625198562124078e-01
-7.546552830632695663e-01
-6.189068219634926704e-01
-4.822607092631213677e-01
-3.449393138013999716e-01
-2.071480224157657979e-01
-6.907982656013902933e-02
6.907982656533066812e-02
2.071480224161087458e-01
3.449393138202866971e-01
4.822607092725317846e-01
6.189068219993749675e-01
7.546552830837085502e-01
8.892625198620993654e-01
1.022459992634952242e+00
1.153950977402403710e+00
1.283407973814388647e+00
1.410470805565090968e+00
1.534745470862407535e+00
1.655803790147342358e+00
1.773183887836766059e+00
1.886391517479685032e+00
1.994902247550562890e+00
2.098164494374051170e+00
2.195603383155959154e+00
2.286625398477670323e+00
2.370623784706674897e+00
2.446984612481807098e+00
2.515093464982765870e+00
2.574342636746818958e+00
2.624138755893870023e+00
2.663910722664110775e+00
2.693117849868094105e+00
2.711258082862397334e+00
2.717876172704403182e+00
2.712571681477301322e+00
2.695006657551147100e+00
2.664912915687293715e+00
2.622098714875542136e+00
2.566454768195678415e+00
2.497959449669347798e+00
2.416683090865301864e+00
2.322791278250053715e+00
2.216547065495647839e+00
2.098312036870653152e+00
1.968546171194350158e+00
1.827806476659883383e+00
1.676744382952826573e+00
1.516101900114419809e+00
1.346706572609577046e+00
1.169465276728596681e+00
9.853569323633358801e-01
7.954242148644424804e-01
6.007643750531659332e-01
4.025192881761565089e-01
2.018648689513438677e-01
7.798149584821882692e-16
0.000000000000000000e+00
-2.302733701068126471e-01
-4.591639985417453329e-01
-6.853024287063450570e-01
-9.073455807274646290e-01
-1.123989460010295982e+00
-1.333981300381180457e+00
-1.536130970152592479e+00
-1.729321483515137592e+00
-1.912518475831697762e+00
-2.084778522446479432e+00
-2.245256197969241807e+00
-2.393209800531740594e+00
-2.528005684303006539e+00
-2.649121170961652449e+00
-2.756146031878368596e+00
-2.848782558179559832e+00
-2.926844264888051494e+00
-2.990253265349167577e+00
-3.039036429102217163e+00
-3.073320386597799825e+00
-3.093325539290181503e+00
-3.099359105687851113e+00
-3.091807460793160267e+00
-3.071127815467947553e+00
-3.037839422948949153e+00
-2.992514449427162937e+00
-2.935768667291561496e+00
-2.868252107226689329e+00
-2.790639820106608937e+00
-2.703622880095455816e+00
-2.607899761277045592e+00
-2.504168199957775176e+00
-2.393117663293410580e+00
-2.275422505094826686e+00
-2.151735898301490924e+00
-2.022684613912275164e+00
-1.888864693672160922e+00
-1.750838059409299818e+00
-1.609130082479077739e+00
-1.464228112903658729e+00
-1.316580964716114188e+00
-1.166599338063499136e+00
-1.014657130764549331e+00
-8.610935934873388264e-01
-7.062162577827756360e-01
-5.503045684914418256e-01
-3.936141210135109536e-01
-2.363814142509111926e-01
-7.882901030394459663e-02
7.882901030420606803e-02
2.363814142509997884e-01
3.936141210156053338e-01
5.503045684914313895e-01
7.062162577818852371e-01
8.610935934877965714e-01
1.014657130764061277e+00
1.166599338025522625e+00
1.316580964713714774e+00
1.464228112902763890e+00
1.609130082468348100e+00
1.750838059390401158e+00
1.888864693606245870e+00
2.022684613925816333e+00
2.151735898272240988e+00
2.275422505103155579e+00
2.393117663125116312e+00
2.504168199960307817e+00
2.607899760277954115e+00
2.703622880086751668e+00
2.790639820151182171e+00
2.868252107218957736e+00
2.935768667245157282e+00
2.992514449428233192e+00
3.037839422924257793e+00
3.071127815418085660e+00
3.091807460797719287e+00
3.099359105688761495e+00
3.093325539295956883e+00
3.073320386788102709e+00
3.039036429101609205e+00
2.990253265163046681e+00
2.926844264725708467e+00
2.848782558242648477e+00
2.756146031914128436e+00
2.649121170954012783e+00
2.528005684353148208e+00
2.393209800563063094e+00
2.245256197950402210e+00
2.084778522418271773e+00
1.912518475865485845e+00
1.729321483516599312e+00
1.536130970157888020e+00
1.333981300398321190e+00
1.123989460010295316e+00
9.073455807176503685e-01
6.853024287014019000e-01
4.591639985389012746e-01
2.302733701068278294e-01
8.895598049765268901e-16
0.000000000000000000e+00
-2.607903113085854319e-01
-5.200101952382132353e-01
-7.761044247279138553e-01
-1.027547948824298896e+00
-1.272860423842944844e+00
-1.510620088508504821e+00
-1.739476784502475892e+00
-1.958163940380156731e+00
-2.165509356674024666e+00
-2.360444652698246326e+00
-2.542013260497289817e+00
-2.709376877966720887e+00
-2.861820320792856975e+00
-2.998754741030735360e+00
-3.119719207652164261e+00
-3.224380671895562767e+00
-3.312532365722749894e+00
-3.384090710135720936e+00
-3.439090801978343492e+00
-3.477680657005865150e+00
-3.500114254629834054e+00
-3.506743592146072785e+00
-3.498009878332985600e+00
-3.474434033662074928e+00
-3.436606665164738672e+00
-3.385177685961539229e+00
-3.320845748982575785e+00
-3.244347660984552295e+00
-3.156447937630695311e+00
-3.057928652457897023e+00
-2.949579722993752817e+00
-2.832189765901712342e+00
-2.706537640119654586e+00
-2.573384785306438438e+00
-2.433468430415482775e+00
-2.287495783621467105e+00
-2.136139210164940572e+00
-1.980032476374530503e+00
-1.819768067274082579e+00
-1.655895585897322331e+00
-1.488921222867464422e+00
-1.319308268156684116e+00
-1.147478620731583243e+00
-9.738152367762520356e-01
-7.986654424398863528e-01
-6.223450248563061615e-01
-4.451430020394716025e-01
-2.673269632377139882e-01
-8.914886205391750473e-02
8.914886205097213856e-02
2.673269632375963045e-01
4.451430020423773337e-01
6.223450248565720599e-01
7.986654424365010607e-01
9.738152367711260249e-01
1.147478620766514412e+00
1.319308268149729235e+00
1.488921222859215243e+00
1.655895585891896671e+00
1.819768067273603185e+00
1.980032476382763695e+00
2.136139210164082147e+00
2.287495783620483891e+00
2.433468430412622840e+00
2.573384785305020905e+00
2.706537640118295673e+00
2.832189765901222955e+00
2.949579722993815434e+00
3.057928652458331342e+00
3.156447937640473267e+00
3.244347660984562509e+00
3.320845748983291656e+00
3.385177685962994953e+00
3.436606665163588925e+00
3.474434033661734311e+00
3.498009878332551281e+00
3.506743592147848698e+00
3.500114254632860078e+00
3.477680657007206300e+00
3.439090801978176515e+00
3.384090710135856384e+00
3.312532365723097172e+00
3.224380671894568451e+00
3.119719207651777015e+00
2.998754741031815829e+00
2.861820320791168104e+00
2.709376877959321028e+00
2.542013260497906657e+00
2.360444652698592272e+00
2.165509356673533059e+00
1.958163940379505030e+00
1.739476784502533180e+00
1.510620088508287662e+00
1.272860423842950839e+00
1.027547948824839130e+00
7.761044247274561103e-01
5.200101952381767090e-01
2.607903113085042190e-01
1.007451449162773211e-15
0.000000000000000000e+00
-2.933759026652364987e-01
-5.849777657698903566e-01
-8.730488812078994743e-01
-1.155866943602099406e+00
-1.431760606476285336e+00
-1.699125278782098070e+00
-1.956437932470436403e+00
-2.202270711487292587e+00
-2.435303155434821232e+00
-2.654332880564387764e+00
-2.858284584925569582e+00
-3.046217282442468033e+00
-3.217329697908598352e+00
-3.370963790150508288e+00
-3.506606401497958103e+00
-3.623889067107939344e+00
-3.722586039223640508e+00
-3.802610618998901959e+00
-3.864009905007423029e+00
-3.906958094503372614e+00
-3.931748489707001859e+00
-3.938784376702957779e+00
-3.928568957120041283e+00
-3.901694519659057558e+00
-3.858831043982763109e+00
-3.800714430389122267e+00
-3.728134547721186909e+00
-3.641923285044110337e+00
-3.542942789828321004e+00
-3.432074061043362878e+00
-3.310206056218528481e+00
-3.178225459076079673e+00
-3.037007237494218970e+00
-2.887406104806010010e+00
-2.730248984992014183e+00
-2.566328556235387026e+00
-2.396397936957537222e+00
-2.221166554413355421e+00
-2.041297216459011743e+00
-1.857404394934830894e+00
-1.670053700535065966e+00
-1.479762517194194604e+00
-1.287001747581544508e+00
-1.092198599268176418e+00
-8.957403299509302252e-01
-6.979788550243778422e-01
-4.992361065371009876e-01
-2.998100237395053824e-01
-9.998104382775158117e-02
9.998104382721256789e-02
2.998100237399427548e-01
4.992361065481115134e-01
6.979788550138850134e-01
8.957403299975859046e-01
1.092198599246770652e+00
1.287001747592315892e+00
1.479762517184616488e+00
1.670053700536287433e+00
1.857404394992875574e+00
2.041297216375144608e+00
2.221166554299322637e+00
2.396397937173733173e+00
2.566328556157664753e+00
2.730248984976356930e+00
2.887406104722627376e+00
3.037007237467064247e+00
3.178225459180022305e+00
3.310206056205424741e+00
3.432074061062035941e+00
3.542942789871625919e+00
3.641923285044120551e+00
3.728134547482652383e+00
3.800714430396391119e+00
3.858831043987665854e+00
3.901694519662521898e+00
3.928568957121524541e+00
3.938784376693603928e+00
3.931748489699764093e+00
3.906958094501725487e+00
3.864009905005887813e+00
3.802610619037099848e+00
3.722586039305910699e+00
3.623889067129961727e+00
3.506606401498698400e+00
3.370963790055172993e+00
3.217329697907345576e+00
3.046217282447775343e+00
2.858284584961838348e+00
2.654332880564326480e+00
2.435303155435370126e+00
2.202270711391069558e+00
1.956437932552864911e+00
1.699125278782294357e+00
1.431760606493053478e+00
1.155866943635253108e+00
8.730488812568494295e-01
5.849777657752057713e-01
2.933759026652006385e-01
1.133336679348269742e-15
0.000000000000000000e+00
-3.279339511546039421e-01
-6.538740111029750501e-01
-9.758459858399626263e-01
-1.291914774838530011e+00
-1.600203171541846325e+00
-1.898909785708562392e+00
-2.186325823735014051e+00
-2.460850484430659790e+00
-2.721004760042327053e+00
-2.965443457663030191e+00
-3.192965296389312257e+00
-3.402520970789382204e+00
-3.593219106988652989e+00
-3.764330079169010190e+00
-3.915287691325072483e+00
-4.045688761627999064e+00
-4.155290687849252151e+00
-4.244007097335970258e+00
-4.311901715786418343e+00
-4.359180613465481358e+00
-4.386183008980013120e+00
-4.393370822091892336e+00
-4.381317188143921015e+00
-4.350694144320016221e+00
-4.302259710060699405e+00
-4.236844581725914161e+00
-4.155338655336108467e+00
-4.058677590104007749e+00
-3.947829613222660239e+00
-3.823782753629183961e+00
-3.687532681587188055e+00
-3.540071312365904443e+00
-3.382376318040720697e+00
-3.215401666653060708e+00
-3.040069298185830604e+00
-2.857262016328785403e+00
-2.667817662516455357e+00
-2.472524612302037905e+00
-2.272118615567046973e+00
-2.067280982825907998e+00
-1.858638095400490187e+00
-1.646762202031870626e+00
-1.432173442374861549e+00
-1.215343021825936232e+00
-9.966974445598297816e-01
-7.766236966905856187e-01
-5.554752577165280591e-01
-3.335788065898260824e-01
-1.112414785715949705e-01
1.112414785742758122e-01
3.335788065843099948e-01
5.554752577213223352e-01
7.766236966707293909e-01
9.966974445461410648e-01
1.215343021820557423e+00
1.432173442403482433e+00
1.646762202039278478e+00
1.858638095423072123e+00
2.067280982886035900e+00
2.272118615532105146e+00
2.472524612328365290e+00
2.667817662674210055e+00
2.857262016324115361e+00
3.040069298090982031e+00
3.215401666657581981e+00
3.382376318020570594e+00
3.540071312392444103e+00
3.687532681404831703e+00
3.823782753678288682e+00
3.947829613372933810e+00
4.058677590139178726e+00
4.155338655333978615e+00
4.236844581737874371e+00
4.302259710009912475e+00
4.350694144304508626e+00
4.381317188165356313e+00
4.393370822102315998e+00
4.386183008940039763e+00
4.359180613566744356e+00
4.311901715827587189e+00
4.244007097376509385e+00
4.155290687847414510e+00
4.045688761525547683e+00
3.915287691353992461e+00
3.764330079154756703e+00
3.593219106932494356e+00
3.402520970763696972e+00
3.192965296381647722e+00
2.965443457634641788e+00
2.721004760083474583e+00
2.460850484403652949e+00
2.186325823648353595e+00
1.898909785740291678e+00
1.600203171541846325e+00
1.291914774837501501e+00
9.758459858496458805e-01
6.538740110966010377e-01
3.279339511590832479e-01
1.266844472135604317e-15
0.000000000000000000e+00
-3.642931998886613232e-01
-7.263564356192098170e-01
-1.083982058515351454e+00
-1.435006703295120589e+00
-1.777332568185907791e+00
-2.108947681725734657e+00
-2.427944852278282717e+00
-2.732539023608451245e+00
-3.021082793174969972e+00
-3.292079887230462187e+00
-3.544196427351248513e+00
-3.776269867254636647e+00
-3.987315520875436281e+00
-4.176530652201172700e+00
-4.343296133727656105e+00
-4.487175730692232634e+00
-4.607913100042434706e+00
-4.705426633540662706e+00
-4.779802303796573781e+00
-4.831284699982849595e+00
-4.860266462829925693e+00
-4.867276342749044638e+00
-4.852966124208185406e+00
-4.818096658509297470e+00
-4.763523258640185887e+00
-4.690180701804039565e+00
-4.599068085472161727e+00
-4.491233770071658249e+00
-4.367760632727301306e+00
-4.229751840444521349e+00
-4.078317335034239655e+00
-3.914561200991468315e+00
-3.739570074937579314e+00
-3.554402722834191231e+00
-3.360080899779672059e+00
-3.157581576134500079e+00
-2.947830598940485380e+00
-2.731697826579752686e+00
-2.509993758015617971e+00
-2.283467650821601413e+00
-2.052807106139001192e+00
-1.818639070008072345e+00
-1.581532186766395842e+00
-1.342000417946140001e+00
-1.100507823453363399e+00
-8.574743833713850405e-01
-6.132827287048198128e-01
-3.682856316221335136e-01
-1.228140988001444889e-01
1.228140987978972171e-01
3.682856316106231098e-01
6.132827286929225519e-01
8.574743834052764857e-01
1.100507823456832623e+00
1.342000417982049276e+00
1.581532186707437226e+00
1.818639069951617282e+00
2.052807106171041340e+00
2.283467650940109728e+00
2.509993758103124861e+00
2.731697826630612003e+00
2.947830598953473658e+00
3.157581576200553908e+00
3.360080899794696485e+00
3.554402722855133590e+00
3.739570074917116571e+00
3.914561201053460504e+00
4.078317334997122678e+00
4.229751840619646153e+00
4.367760632818744604e+00
4.491233770071671572e+00
4.599068085300025643e+00
4.690180701799504526e+00
4.763523258640276481e+00
4.818096658611047189e+00
4.852966124210840171e+00
4.867276342650845855e+00
4.860266462800300502e+00
4.831284699886481349e+00
4.779802303671613295e+00
4.705426633473305920e+00
4.607913100011200136e+00
4.487175730687155806e+00
4.343296133739161569e+00
4.176530652126240639e+00
3.987315520939854085e+00
3.776269867190486185e+00
3.544196427402649618e+00
3.292079887202202126e+00
3.021082793153741175e+00
2.732539023614749318e+00
2.427944852284269928e+00
2.108947681740577007e+00
1.777332568185928885e+00
1.435006703272093675e+00
1.083982058515177593e+00
7.263564356051012139e-01
3.642931998841439922e-01
1.407313905220526926e-15
0.000000000000000000e+00
-4.021845061880451877e-01
-8.018872502802809610e-01
-1.196651671903445235e+00
-1.584071213669160816e+00
-1.961813329468758971e+00
-2.327642325877862017e+00
-2.679440687034618573e+00
-3.015228567035562524e+00
-3.333181171618134098e+00
-3.631643797985007360e+00
-3.909144342613336320e+00
-4.164403151072511022e+00
-4.396340117738978037e+00
-4.604079014908132983e+00
-4.786949059691908204e+00
-4.944483803277228695e+00
-5.076417437760647466e+00
-5.182678690604107352e+00
-5.263382484519870452e+00
-5.318819589068414011e+00
-5.349444503819682062e+00
-5.355861836490007022e+00
-5.338811452280332936e+00
-5.299152674340435354e+00
-5.237847818299051106e+00
-5.155945345117364909e+00
-5.054562900379387713e+00
-4.934870506453100880e+00
-4.798074149048079384e+00
-4.645399988972151561e+00
-4.478079414466459518e+00
-4.297335110664945113e+00
-4.104368317596181370e+00
-3.900347417601777611e+00
-3.686397958794469965e+00
-3.463594219267075669e+00
-3.232952362697885995e+00
-2.995425233950894217e+00
-2.751898806638231942e+00
-2.503190276664770675e+00
-2.250047761808629865e+00
-1.993151566325595425e+00
-1.733116917006232605e+00
-1.470498089998714120e+00
-1.205793802179271568e+00
-9.394537402542481042e-01
-6.718860780999700300e-01
-4.034658218055874324e-01
-1.345438101688896659e-01
1.345438101705295209e-01
4.034658218560279175e-01
6.718860781409298211e-01
9.394537402542219029e-01
1.205793802158214856e+00
1.470498089984481727e+00
1.733116916989151157e+00
1.993151566310021883e+00
2.250047762065868984e+00
2.503190276664156055e+00
2.751898806979673484e+00
2.995425233903770135e+00
3.232952362349988285e+00
3.463594219267120966e+00
3.686397958822045684e+00
3.900347417595992017e+00
4.104368318005015226e+00
4.297335110661737900e+00
4.478079414465910624e+00
4.645399989057844792e+00
4.798074148927174321e+00
4.934870506453044925e+00
5.054562900789333568e+00
5.155945345128706947e+00
5.237847818218993368e+00
5.299152674348219350e+00
5.338811452411391656e+00
5.355861836510868557e+00
5.349444503803385764e+00
5.318819588670016252e+00
5.263382484038634068e+00
5.182678689886285994e+00
5.076417437683898193e+00
4.944483803327902827e+00
4.786949060019145108e+00
4.604079014908608158e+00
4.396340118063042368e+00
4.164403151014650639e+00
3.909144342614291556e+00
3.631643797925360406e+00
3.333181171814058263e+00
3.015228567035009632e+00
2.679440687035448576e+00
2.327642325880529217e+00
1.961813329468753864e+00
1.584071213510899412e+00
1.196651671896659108e+00
8.018872502800147295e-01
4.021845061880310324e-01
1.553705988809981522e-15
0.000000000000000000e+00
-4.412135683406971376e-01
-8.796790162012204650e-01
-1.312676590254588715e+00
-1.737542810441805807e+00
-2.151697464313627517e+00
-2.552669259997696560e+00
-2.938119737463521730e+00
-3.305865076384469248e+00
-3.653895486376745882e+00
-3.980391915572903727e+00
-4.283739870311652709e+00
-4.562540200022747072e+00
-4.815616759229477850e+00
-5.042020921345817364e+00
-5.241032976726722303e+00
-5.412160502254654837e+00
-5.555133842227132135e+00
-5.669898883919477939e+00
-5.756607354364704499e+00
-5.815604893160650768e+00
-5.847417188360626739e+00
-5.852734473420953876e+00
-5.832394707177247284e+00
-5.787365751227888211e+00
-5.718726871227806541e+00
-5.627649873799385638e+00
-5.515380185641506117e+00
-5.383218163502579756e+00
-5.232500907154480352e+00
-5.064584824421453746e+00
-4.880829174694063965e+00
-4.682580791632909190e+00
-4.471160159719973493e+00
-4.247848990266365199e+00
-4.013879417035425945e+00
-3.770424901857831745e+00
-3.518592914617848511e+00
-3.259419423212630118e+00
-2.993865204188474127e+00
-2.722813957517993710e+00
-2.447072185369850938e+00
-2.167370770088556498e+00
-1.884368164679225632e+00
-1.598655087588457091e+00
-1.310760594356835673e+00
-1.021159380697816976e+00
-7.302801557891857032e-01
-4.385149105474717701e-01
-1.462288945028462628e-01
1.462288945029268650e-01
4.385149105233699385e-01
7.302801558325787701e-01
1.021159380711694986e+00
1.310760594359643427e+00
1.598655087588048529e+00
1.884368164681577973e+00
2.167370770084140030e+00
2.447072185372456854e+00
2.722813957515124006e+00
2.993865204192045937e+00
3.259419423210885736e+00
3.518592914589960596e+00
3.770424901873929979e+00
4.013879417035621344e+00
4.247848990279089243e+00
4.471160159735331874e+00
4.682580791633144557e+00
4.880829174678795290e+00
5.064584824464414048e+00
5.232500907143736946e+00
5.383218163502565545e+00
5.515380185625238241e+00
5.627649873809982495e+00
5.718726871247960197e+00
5.787365751193523700e+00
5.832394707140303503e+00
5.852734473422488648e+00
5.847417188278818401e+00
5.815604893144612042e+00
5.756607354202054161e+00
5.669898883882353857e+00
5.555133842251072984e+00
5.412160502238306137e+00
5.241032976637140628e+00
5.042020921347398321e+00
4.815616759193799723e+00
4.562540200009918223e+00
4.283739870334408728e+00
3.980391915560648197e+00
3.653895486379028945e+00
3.305865076359799204e+00
2.938119737441919010e+00
2.552669260075493440e+00
2.151697464313622632e+00
1.737542810423318596e+00
1.312676590240512642e+00
8.796790162066688845e-01
4.412135683348666348e-01
1.704498289629726342e-15
0.000000000000000000e+00
-4.808293290293040312e-01
-9.586316926686003770e-01
-1.430411940336963506e+00
-1.893238021782390090e+00
-2.344271226719566670e+00
-2.780794886119681397e+00
-3.200241077745292984e+00
-3.600214925091693718e+00
-3.978516131874422435e+00
-4.333157456440284605e+00
-4.662379895010352548e+00
-4.964664416100830202e+00
-5.238740152152281837e+00
-5.483589032558052523e+00
-5.698446904012611114e+00
-5.882801249911570274e+00
-6.036385678409492250e+00
-6.159171400546075148e+00
-6.251355962859306281e+00
-6.313349537043991155e+00
-6.345759094935072397e+00
-6.349370818724435317e+00
-6.325131106463604880e+00
-6.274126538630869554e+00
-6.197563167279254159e+00
-6.096745480612772106e+00
-5.973055382308420924e+00
-5.827931504193455403e+00
-5.662849148199065930e+00
-5.479301131025238192e+00
-5.278779769199234195e+00
-5.062760222408021704e+00
-4.832685374450910842e+00
-4.589952404670732733e+00
-4.335901170328202880e+00
-4.071804489743932720e+00
-3.798860386600631411e+00
-3.518186326170917866e+00
-3.230815445630784488e+00
-2.937694755497989085e+00
-2.639685258334723006e+00
-2.337563913756762091e+00
-2.032027346868705564e+00
-1.723697182558300511e+00
-1.413126864270480842e+00
-1.100809798108121296e+00
-7.871886473985630905e-01
-4.726655889187006410e-01
-1.576133292071485448e-01
1.576133292071205394e-01
4.726655889187258430e-01
7.871886473987915744e-01
1.100809798108925763e+00
1.413126864267430172e+00
1.723697182515996351e+00
2.032027346818100266e+00
2.337563913752057410e+00
2.639685258329476092e+00
2.937694755417626258e+00
3.230815445629352300e+00
3.518186326173516676e+00
3.798860386599512751e+00
4.071804489746204681e+00
4.335901170338126498e+00
4.589952404671246988e+00
4.832685374453085103e+00
5.062760222409244726e+00
5.278779769209588579e+00
5.479301131034216787e+00
5.662849148200101546e+00
5.827931504193449186e+00
5.973055382316238671e+00
6.096745480611679646e+00
6.197563167251380456e+00
6.274126538651905172e+00
6.325131106468468545e+00
6.349370818693468976e+00
6.345759095101107583e+00
6.313349537180172000e+00
6.251355962861884663e+00
6.159171400546708419e+00
6.036385678444224467e+00
5.882801249886671080e+00
5.698446903986974732e+00
5.483589032523110696e+00
5.238740152120930027e+00
4.964664416127574142e+00
4.662379895130809082e+00
4.333157456349000292e+00
3.978516131900903474e+00
3.600214925088955908e+00
3.200241077744407026e+00
2.780794886122533782e+00
2.344271226719580881e+00
1.893238021816063155e+00
1.430411940339719745e+00
9.586316926639771863e-01
4.808293290199866510e-01
1.857562839614349999e-15
0.000000000000000000e+00
-5.202889440987642500e-01
-1.037262870694830363e+00
-1.547642298141689521e+00
-2.048218211388903587e+00
-2.535885795507935470e+00
-3.007676411199825761e+00
-3.460787290366599489e+00
-3.892608485949430541e+00
-4.300746670864373122e+00
-4.683045457392644551e+00
-5.037601978004426329e+00
-5.362779559677262498e+00
-5.657216395628708483e+00
-5.919830206269143247e+00
-6.149818957170631428e+00
-6.346657772500794437e+00
-6.510092249811092024e+00
-6.640128442226425953e+00
-6.737019814898253856e+00
-6.801251534635690987e+00
-6.833522468670046202e+00
-6.834725292066432090e+00
-6.805925124731612819e+00
-6.748337097048509037e+00
-6.663303262586687481e+00
-6.552269245871070069e+00
-6.416760999560112921e+00
-6.258362022882565157e+00
-6.078691361461720177e+00
-5.879382680374961367e+00
-5.662064666512763189e+00
-5.428342987066781866e+00
-5.179783984594376278e+00
-4.917900287716665098e+00
-4.644138407344150288e+00
-4.359868457309519663e+00
-4.066376031152723947e+00
-3.764856251184874214e+00
-3.456409995223610032e+00
-3.142042251114038010e+00
-2.822662563593639096e+00
-2.499087448808102074e+00
-2.172044700173164422e+00
-1.842179428503160965e+00
-1.510061692861120353e+00
-1.176195547947938680e+00
-8.410293190976727562e-01
-5.049668992332470019e-01
-1.683798594869582166e-01
1.683798594869475584e-01
5.049668992405117462e-01
8.410293191136946067e-01
1.176195548155889448e+00
1.510061692913784670e+00
1.842179428097965532e+00
2.172044700511340132e+00
2.499087448334350814e+00
2.822662563657775348e+00
3.142042251091080818e+00
3.456409995186250139e+00
3.764856251236035511e+00
4.066376030391771756e+00
4.359868458129597890e+00
4.644138406504272787e+00
4.917900287754934929e+00
5.179783983491117461e+00
5.428342986883950338e+00
5.662064666535618684e+00
5.879382680347128520e+00
6.078691361627915235e+00
6.258362022882655751e+00
6.416760999550660927e+00
6.552269245915484319e+00
6.663303262655082548e+00
6.748337097058676015e+00
6.805925124714767627e+00
6.834725292058496215e+00
6.833522468559801943e+00
6.801251534817208899e+00
6.737019815009855250e+00
6.640128442269150888e+00
6.510092249813656196e+00
6.346657772474345371e+00
6.149818957082374027e+00
5.919830206236759373e+00
5.657216395552869592e+00
5.362779559678603647e+00
5.037601977886488669e+00
4.683045457260223365e+00
4.300746670947598993e+00
3.892608485976012833e+00
3.460787290439356845e+00
3.007676411201781974e+00
2.535885795508081131e+00
2.048218211401157340e+00
1.547642298170124997e+00
1.037262870687636118e+00
5.202889440987725767e-01
2.010030751574404165e-15
0.000000000000000000e+00
-5.586214990853962670e-01
-1.113635556911549251e+00
-1.661474236704858942e+00
-2.198647919983819587e+00
-2.721782757289400667e+00
-3.227656115869252940e+00
-3.713229433161104431e+00
-4.175677949477814899e+00
-4.612416865391729459e+00
-5.021123553268997952e+00
-5.399755547792581822e+00
-5.746564117020441564e+00
-6.060103345205736680e+00
-6.339234703722050668e+00
-6.583127221037663013e+00
-6.791253417673893900e+00
-6.963381251962634799e+00
-7.099562396008135323e+00
-7.200117199697724679e+00
-7.265616762478869894e+00
-7.296862538231122741e+00
-7.294863945747781742e+00
-7.260814437510429542e+00
-7.196066510075365130e+00
-7.102106085129421764e+00
-6.980526731683386110e+00
-6.833004103029855614e+00
-6.661270998435221635e+00
-6.467093382673819946e+00
-6.252247672624731578e+00
-6.018499569156683826e+00
-5.767584659856948903e+00
-5.501190984487261737e+00
-5.220943721818734673e+00
-4.928392106375354409e+00
-4.624998659615091157e+00
-4.312130779550400028e+00
-3.991054697153533670e+00
-3.662931785556909681e+00
-3.328817171104634820e+00
-2.989660569608073359e+00
-2.646309249598836733e+00
-2.299512994871927951e+00
-1.949930919604180968e+00
-1.598139970645308994e+00
-1.244644928449991195e+00
-8.898897059390237230e-01
-5.342697302012863192e-01
-1.781451770457100070e-01
1.781451770512113564e-01
5.342697302141896643e-01
8.898897059455040948e-01
1.244644928395905792e+00
1.598139970669753662e+00
1.949930919534193619e+00
2.299512994872494609e+00
2.646309249746862324e+00
2.989660569567012871e+00
3.328817171109026418e+00
3.662931785525887385e+00
3.991054697016484187e+00
4.312130779571261563e+00
4.624998659805045875e+00
4.928392106217367008e+00
5.220943721872293608e+00
5.501190984486538760e+00
5.767584660031233490e+00
6.018499569285420847e+00
6.252247672670201872e+00
6.467093382685836112e+00
6.661270998435368185e+00
6.833004102948415870e+00
6.980526731681802488e+00
7.102106085270988522e+00
7.196066509629832630e+00
7.260814438047827224e+00
7.294863945609029621e+00
7.296862538151433597e+00
7.265616762861156985e+00
7.200117199507345411e+00
7.099562395136333137e+00
6.963381251983684628e+00
6.791253417995637420e+00
6.583127221356473768e+00
6.339234703724915043e+00
6.060103345176847789e+00
5.746564117089087098e+00
5.399755547708952719e+00
5.021123553920173954e+00
4.612416865447613645e+00
4.175677949547742962e+00
3.713229433000375224e+00
3.227656115800519920e+00
2.721782757289404220e+00
2.198647919840654996e+00
1.661474236782044311e+00
1.113635556905813395e+00
5.586214990797628843e-01
2.158151967977210572e-15
0.000000000000000000e+00
-5.945946664660670677e-01
-1.185291881799274138e+00
-1.768237862997330323e+00
-2.339665383556972067e+00
-2.895935105428769862e+00
-3.433574660403023060e+00
-3.949314766601864868e+00
-4.440121840644007278e+00
-4.903226562882936790e+00
-5.336147983318443977e+00
-5.736712891243281653e+00
-6.103070223901215563e+00
-6.433700441008577187e+00
-6.727419877309420038e+00
-6.983380195267213431e+00
-7.201063157349769206e+00
-7.380270986118537380e+00
-7.521112747953904609e+00
-7.623987093726499964e+00
-7.689561924738605114e+00
-7.718751389070431124e+00
-7.712690814175916287e+00
-7.672710077393515071e+00
-7.600305901956788013e+00
-7.497113624840296531e+00
-7.364878904122883263e+00
-7.205429759253990873e+00
-7.020649549924056210e+00
-6.812450926471413482e+00
-6.582751430073230381e+00
-6.333450750325773093e+00
-6.066410145713614810e+00
-5.783433872627123939e+00
-5.486253111347235922e+00
-5.176512295709959410e+00
-4.855757960114433835e+00
-4.525430179766762429e+00
-4.186856525967503906e+00
-3.841248584609559202e+00
-3.489700901883563411e+00
-3.133192313935294404e+00
-2.772589535364635704e+00
-2.408652840235124160e+00
-2.042043716321468860e+00
-1.673334277764589872e+00
-1.303018255058968622e+00
-9.315233441280881266e-01
-5.592246845134704047e-01
-1.864592311728844320e-01
1.864592311728770768e-01
5.592246845021828783e-01
9.315233441284251903e-01
1.303018254994717795e+00
1.673334277439719076e+00
2.042043716326910729e+00
2.408652840140021567e+00
2.772589534704074321e+00
3.133192314024559888e+00
3.489700900904003866e+00
3.841248584480855932e+00
4.186856526169237647e+00
4.525430178752566590e+00
4.855757960208382684e+00
5.176512295719090773e+00
5.486253112949594168e+00
5.783433872953648525e+00
6.066410145730126047e+00
6.333450750522621853e+00
6.582751420201089054e+00
6.812450925992516559e+00
7.020649549924112165e+00
7.205429759317438787e+00
7.364878894436763801e+00
7.497113624668214626e+00
7.600305901514847307e+00
7.672710077323395161e+00
7.712690812880074631e+00
7.718751390522155198e+00
7.689561929362807469e+00
7.623987093359912315e+00
7.521112747425902967e+00
7.380270985600000166e+00
7.201063157521495839e+00
6.983380199854340553e+00
6.727419877258890679e+00
6.433700440937352383e+00
6.103070224332814320e+00
5.736712891630037170e+00
5.336147983036270581e+00
4.903226562663918209e+00
4.440121841108710221e+00
3.949314765298320484e+00
3.433574659447522048e+00
2.895935105428801393e+00
2.339665382733783883e+00
1.768237862941404837e+00
1.185291881420851512e+00
5.945946662463756915e-01
2.297166331249166847e-15
0.000000000000000000e+00
-6.266913755579487377e-01
-1.249206842392958539e+00
-1.863418435583751087e+00
-2.465293194771061014e+00
-3.050938482028510368e+00
-3.616644742532812984e+00
-4.158924960006198823e+00
-4.674550143476067454e+00
-5.160580281993769169e+00
-5.614390315887384908e+00
-6.033690793367777694e+00
-6.416543005719914206e+00
-6.761368519228414087e+00
-7.066953143488778011e+00
-7.332445490457448756e+00
-7.557350383654334536e+00
-7.741517469461724588e+00
-7.885125461628594401e+00
-7.988662513170391222e+00
-8.052903256620394856e+00
-8.078883086584825790e+00
-8.067870273690346039e+00
-8.021336500485602983e+00
-7.940926398752386817e+00
-7.828426645985452126e+00
-7.685735144992292156e+00
-7.514830772108772372e+00
-7.317744133336960388e+00
-7.096529720190061674e+00
-6.853239802534226044e+00
-6.589900348700296284e+00
-6.308489207080341998e+00
-6.010916737263993781e+00
-5.699009029841742624e+00
-5.374493810206167232e+00
-5.038989080069630866e+00
-4.693994512409902953e+00
-4.340885580525750242e+00
-3.980910369813188243e+00
-3.615188991626335557e+00
-3.244715491792390605e+00
-2.870362121939537214e+00
-2.492885819377763656e+00
-2.112936720896581022e+00
-1.731068517273562479e+00
-1.347750438606610812e+00
-9.633806458169725806e-01
-5.783007907786135160e-01
-1.928114968642739846e-01
1.928114968643143690e-01
5.783007907787359736e-01
9.633806458174416498e-01
1.347750438608261270e+00
1.731068517272481788e+00
2.112936720898078935e+00
2.492885819379663914e+00
2.870362121938161426e+00
3.244715491791550388e+00
3.615188991626919091e+00
3.980910369811937244e+00
4.340885580521774756e+00
4.693994512408547592e+00
5.038989080068991377e+00
5.374493810206730338e+00
5.699009029840185647e+00
6.010916737255681319e+00
6.308489207080675953e+00
6.589900348693875642e+00
6.853239802527861357e+00
7.096529720187587209e+00
7.317744133336987922e+00
7.514830772111273482e+00
7.685735144997059898e+00
7.828426646037170755e+00
7.940926398804938557e+00
8.021336500481114129e+00
8.067870273690054717e+00
8.078883086586813533e+00
8.052903256621423367e+00
7.988662513170669222e+00
7.885125461625369425e+00
7.741517469412167785e+00
7.557350383628635093e+00
7.332445490458602499e+00
7.066953143490875888e+00
6.761368519228810214e+00
6.416543005718733816e+00
6.033690793371085270e+00
5.614390315886515381e+00
5.160580281990836404e+00
4.674550143475686426e+00
4.158924960006233462e+00
3.616644742530916279e+00
3.050938482028500154e+00
2.465293194772082419e+00
1.863418435584032196e+00
1.249206842393093986e+00
6.266913755579827106e-01
2.421213290773063918e-15
0.000000000000000000e+00
-6.531074231705426003e-01
-1.301783874078568992e+00
-1.941650581723129321e+00
-2.568432189773066643e+00
-3.178006020707795809e+00
-3.766448482227918504e+00
-4.330077782906458950e+00
-4.865492220905919929e+00
-5.369603428458244565e+00
-5.839664073341337414e+00
-6.273289667422603522e+00
-6.668474267192261884e+00
-7.023599991183661295e+00
-7.337440423390278355e+00
-7.609158093442958126e+00
-7.838296349129218576e+00
-8.024766023617166510e+00
-8.168827413691612804e+00
-8.271068115062599091e+00
-8.332377353642099749e+00
-8.353917435756228471e+00
-8.337092999678661798e+00
-8.283518707999274255e+00
-8.194986030157043189e+00
-8.073429718883422979e+00
-7.920894550967680026e+00
-7.739502849674606111e+00
-7.531423254848461646e+00
-7.298841149809105033e+00
-7.043931085872169540e+00
-6.768831504327208037e+00
-6.475621979889427671e+00
-6.166303161264528043e+00
-5.842779540338312039e+00
-5.506845122439899320e+00
-5.160172034660202023e+00
-4.804302065630325913e+00
-4.440641102263907847e+00
-4.070456382811681095e+00
-3.694876475328823240e+00
-3.314893851128660973e+00
-2.931369907916362649e+00
-2.545042271519819099e+00
-2.156534190989894739e+00
-1.766365821486167498e+00
-1.374967176448137263e+00
-9.826925149967323803e-01
-5.898359216003811190e-01
-1.966478225430683680e-01
1.966478225423491100e-01
5.898359216098411073e-01
9.826925149699839990e-01
1.374967176419220616e+00
1.766365821539757963e+00
2.156534191030885506e+00
2.545042271527505395e+00
2.931369907915313711e+00
3.314893851051523121e+00
3.694876475209488031e+00
4.070456382839680032e+00
4.440641102310524779e+00
4.804302065621041784e+00
5.160172034598129898e+00
5.506845122454646635e+00
5.842779540383009618e+00
6.166303161360680463e+00
6.475621980038145153e+00
6.768831504306081825e+00
7.043931085589231422e+00
7.298841150031653235e+00
7.531423255090787805e+00
7.739502849732120104e+00
7.920894550971209647e+00
8.073429718762822560e+00
8.194986030164159274e+00
8.283518708078663195e+00
8.337092999924404779e+00
8.353917435674558689e+00
8.332377353896378125e+00
8.271068115315904024e+00
8.168827413139677418e+00
8.024766023889485567e+00
7.838296349216072656e+00
7.609158093565238978e+00
7.337440423157230107e+00
7.023599991522187835e+00
6.668474267290470436e+00
6.273289667954392357e+00
5.839664073338237671e+00
5.369603428497814690e+00
4.865492220911125543e+00
4.330077782782391971e+00
3.766448482232282569e+00
3.178006020707802470e+00
2.568432189719017433e+00
1.941650581683335153e+00
1.301783874078433323e+00
6.531074231704775412e-01
2.523322447633204787e-15
0.000000000000000000e+00
-6.717853424233155568e-01
-1.338922778055650520e+00
-1.996820659599199299e+00
-2.640998764219625095e+00
-3.267141300835845641e+00
-3.871146753175667587e+00
-4.449173645236598418e+00
-4.997681416561528422e+00
-5.513465733656125245e+00
-5.993687706382514691e+00
-6.435896628368094952e+00
-6.838046027967914497e+00
-7.198502970588360306e+00
-7.516050702977150166e+00
-7.789884886019230237e+00
-8.019603773039968075e+00
-8.205192821644336831e+00
-8.347004302170519807e+00
-8.445732552155861939e+00
-8.502385568321418674e+00
-8.518253655317410633e+00
-8.494875864268118804e+00
-8.434004951029885788e+00
-8.337571533720987915e+00
-8.207648125015497342e+00
-8.046413638093145693e+00
-7.856118914681398557e+00
-7.639053761222514893e+00
-7.397515915172195200e+00
-7.133782289161306522e+00
-6.850082771648042801e+00
-6.548576813525196272e+00
-6.231332959773095759e+00
-5.900311423572383696e+00
-5.557349767387897543e+00
-5.204151697311601765e+00
-4.842278943822339698e+00
-4.473146165472646985e+00
-4.098018779502984543e+00
-3.718013605301401014e+00
-3.334102169661083526e+00
-2.947116515802259418e+00
-2.557757332360044877e+00
-2.166604202529220480e+00
-1.774127762178903334e+00
-1.380703540412952401e+00
-9.866272436138318058e-01
-5.921312363579298577e-01
-1.974019617807317717e-01
1.974019617831236917e-01
5.921312363601137774e-01
9.866272436132237367e-01
1.380703540418352082e+00
1.774127762166363143e+00
2.166604202473514373e+00
2.557757332421394469e+00
2.947116515802259418e+00
3.334102169602451315e+00
3.718013605300164670e+00
4.098018779503637354e+00
4.473146165550479836e+00
4.842278943793276724e+00
5.204151697435717594e+00
5.557349767390579842e+00
5.900311423613803008e+00
6.231332959696443297e+00
6.548576813534452867e+00
6.850082771647514335e+00
7.133782289164377843e+00
7.397515915694707900e+00
7.639053761222431405e+00
7.856118914662121533e+00
8.046413638607804231e+00
8.207648125043753851e+00
8.337571533471408003e+00
8.434004950983922555e+00
8.494875864280990285e+00
8.518253655073777963e+00
8.502385568357903267e+00
8.445732552330346365e+00
8.347004302183183455e+00
8.205192821686713600e+00
8.019603773098635813e+00
7.789884886075214787e+00
7.516050703029242719e+00
7.198502970495753495e+00
6.838046028023252454e+00
6.435896628308023892e+00
5.993687706373022728e+00
5.513465733466101248e+00
4.997681416572341107e+00
4.449173645372521690e+00
3.871146753376817795e+00
3.267141300835873619e+00
2.640998764290231282e+00
1.996820659572235535e+00
1.338922778021013116e+00
6.717853424232929083e-01
2.595544145922184325e-15
0.000000000000000000e+00
-6.805038759644446156e-01
-1.356198533981507026e+00
-2.022334632721595860e+00
-2.674281386719326470e+00
-3.307582885453524746e+00
-3.918010955524089400e+00
-4.501613568197250892e+00
-5.054757915806066926e+00
-5.574167429712659327e+00
-6.056952170542257541e+00
-6.500632198136433004e+00
-6.903153705237469850e+00
-7.262897868760501474e+00
-7.578682558852317008e+00
-7.849757175628608863e+00
-8.075791052260989034e+00
-8.256855965472251313e+00
-8.393403397855756509e+00
-8.486237272966757672e+00
-8.536482932207505314e+00
-8.545553148782564890e+00
-8.515111979215314264e+00
-8.447037236235647839e+00
-8.343382333267907569e+00
-8.206338199673210099e+00
-8.038195908123045186e+00
-7.841310591041132483e+00
-7.618067132538023145e+00
-7.370848068545264198e+00
-7.102004037638119271e+00
-6.813827048957603161e+00
-6.508526782050317649e+00
-6.188210039449077549e+00
-5.854863451702623678e+00
-5.510339445746125442e+00
-5.156345473098491894e+00
-4.794436434941619751e+00
-4.426010218877689972e+00
-4.052306229520549863e+00
-3.674406771343499134e+00
-3.293241127631425957e+00
-2.909592149688918550e+00
-2.524105170300695367e+00
-2.137299030553994506e+00
-1.749579002500442959e+00
-1.361251378796263234e+00
-9.725394896721784033e-01
-5.836009004611234507e-01
-1.945455350511509640e-01
1.945455350511227366e-01
5.836009004678105461e-01
9.725394896725709781e-01
1.361251378796690448e+00
1.749579002501131075e+00
2.137299030553243995e+00
2.524105170300806389e+00
2.909592149546698980e+00
3.293241127633649956e+00
3.674406771339941091e+00
4.052306229378531910e+00
4.426010218958330356e+00
4.794436434987512818e+00
5.156345473016114234e+00
5.510339445833452032e+00
5.854863451559827681e+00
6.188210039424420827e+00
6.508526781765294977e+00
6.813827048885356952e+00
7.102004037380352131e+00
7.370848068554172627e+00
7.618067132537967190e+00
7.841310591044315714e+00
8.038195908734536488e+00
8.206338199539587208e+00
8.343382333192757017e+00
8.447037236347615163e+00
8.515111979219177840e+00
8.545553148777811359e+00
8.536482932219207953e+00
8.486237272839890267e+00
8.393403397852795322e+00
8.256855965740721004e+00
8.075791052525927327e+00
7.849757175989727997e+00
7.578682558854457518e+00
7.262897868769438325e+00
6.903153704817517777e+00
6.500632198240966275e+00
6.056952170648139067e+00
5.574167429725383371e+00
5.054757915883183905e+00
4.501613568179557490e+00
3.918010955494644953e+00
3.307582885453493216e+00
2.674281386748781575e+00
2.022334632726384029e+00
1.356198533980676801e+00
6.805038759643950996e-01
2.629294847566406793e-15
0.000000000000000000e+00
-6.770437153720822998e-01
-1.349192102665762283e+00
-2.011612583704653900e+00
-2.659596790507244624e+00
-3.288619483858638670e+00
-3.894393752793729124e+00
-4.472921424040691818e+00
-5.020537748200442962e+00
-5.533949587905702572e+00
-6.010266516922769142e+00
-6.447024419473670775e+00
-6.842201383223500244e+00
-7.194225865978375545e+00
-7.501977297042430770e+00
-7.764779453090227435e+00
-7.982387088429415023e+00
-8.154966433465967057e+00
-8.283070276594060033e+00
-8.367608420341088760e+00
-8.409814351305062274e+00
-8.411208987389287017e+00
-8.373562362143434967e+00
-8.298854083411065119e+00
-8.189233359177148230e+00
-8.046979326634694729e+00
-7.874462344828549121e+00
-7.674106841884874797e+00
-7.448356211982982700e+00
-7.199640174813358051e+00
-6.930344967188704963e+00
-6.642786526007158798e+00
-6.339186963063135671e+00
-6.021654350130702049e+00
-5.692165901240244352e+00
-5.352554543607221049e+00
-5.004498831163616046e+00
-4.649516116354846851e+00
-4.288958867196360991e+00
-3.924013987686696847e+00
-3.555704985332840184e+00
-3.184896807352004089e+00
-2.812303156648801483e+00
-2.438496086393390438e+00
-2.063917662153275323e+00
-1.688893471347407527e+00
-1.313647752377736788e+00
-9.383199078829916884e-01
-5.629821605939812068e-01
-1.876581040100394615e-01
1.876581040100160080e-01
5.629821605927459727e-01
9.383199078852293429e-01
1.313647752374654809e+00
1.688893471347254760e+00
2.063917662158382793e+00
2.438496086394439821e+00
2.812303156642060653e+00
3.184896807350670045e+00
3.555704985333785206e+00
3.924013987688226290e+00
4.288958867197180780e+00
4.649516116573406244e+00
5.004498831189760466e+00
5.352554543628541772e+00
5.692165901249764737e+00
6.021654350132592093e+00
6.339186963056310908e+00
6.642786525994928581e+00
6.930344967188704963e+00
7.199640180768037467e+00
7.448356211982871677e+00
7.674106841822511349e+00
7.874462344828341287e+00
8.046979326641631403e+00
8.189233359176732563e+00
8.298854083414374472e+00
8.373562362175055895e+00
8.411208987366867618e+00
8.409814351298154023e+00
8.367608420332624419e+00
8.283070276605192461e+00
8.154966433466828590e+00
7.982387088433974043e+00
7.764779453110019602e+00
7.501977297038581405e+00
7.194225865996068947e+00
6.842201383223042832e+00
6.447024419131968997e+00
6.010266516919461566e+00
5.533949587910942824e+00
5.020537747983934374e+00
4.472921424042555216e+00
3.894393752805230591e+00
3.288619483858604031e+00
2.659596790487779749e+00
2.011612583713517921e+00
1.349192102662694293e+00
6.770437153720406664e-01
2.615997188112454668e-15
0.000000000000000000e+00
-6.594454629511283805e-01
-1.314004879713478458e+00
-1.958856730708080418e+00
-2.589307186919680426e+00
-3.200850589497794996e+00
-3.789226003468024739e+00
-4.350468720327376637e+00
-4.880955731974338185e+00
-5.377444371713272275e+00
-5.837103510388404359e+00
-6.257536899653818985e+00
-6.636798462598426873e+00
-6.973399537290346117e+00
-7.266308273799139350e+00
-7.514941564905387672e+00
-7.719150048498875094e+00
-7.879196852821317876e+00
-7.995730860716594890e+00
-8.069755344883962067e+00
-8.102592872416433778e+00
-8.095847394617782911e+00
-8.051364429580585735e+00
-7.971190212493845628e+00
-7.857530636699755711e+00
-7.712710738541432853e+00
-7.539135402992837243e+00
-7.339251869906778580e+00
-7.115514539153610762e+00
-6.870352470719896409e+00
-6.606139892551470716e+00
-6.325169938690944349e+00
-6.029631764886731915e+00
-5.721591120707048006e+00
-5.402974393109147400e+00
-5.075556087710646480e+00
-4.740949670747531819e+00
-4.400601660256031167e+00
-4.055788828447545846e+00
-3.707618355956830314e+00
-3.357030762913672639e+00
-3.004805429627163793e+00
-2.651568510352690478e+00
-2.297803035594252918e+00
-1.943860993830432315e+00
-1.589977174337017019e+00
-1.236284551846827284e+00
-8.828309852492228771e-01
-5.295969994714648799e-01
-1.765144149073860913e-01
1.765144149073434865e-01
5.295969994716265283e-01
8.828309852492576271e-01
1.236284551847365742e+00
1.589977174375085678e+00
1.943860993830522910e+00
2.297803035648743109e+00
2.651568510290618352e+00
3.004805429628136793e+00
3.357030762914019917e+00
3.707618355957330802e+00
4.055788828543613889e+00
4.400601660256809211e+00
4.740949670747892419e+00
5.075556087711355246e+00
5.402974393221297689e+00
5.721591120709327072e+00
6.029631764883451872e+00
6.325169938689833238e+00
6.606139892550942250e+00
6.870352470588525939e+00
7.115514539153527274e+00
7.339251869904415138e+00
7.539135402991363755e+00
7.712710738540737410e+00
7.857530636695669202e+00
7.971190212495625538e+00
8.051364429579027870e+00
8.095847394616365378e+00
8.102592872413334035e+00
8.069755344881432535e+00
7.995730860716719235e+00
7.879196852823972641e+00
7.719150048500377004e+00
7.514941564904373372e+00
7.266308273925090155e+00
6.973399537288260674e+00
6.636798462601276150e+00
6.257536899649149831e+00
5.837103510389252570e+00
5.377444371714620530e+00
4.880955731972343337e+00
4.350468720326182037e+00
3.789226003467399906e+00
3.200850589497794996e+00
2.589307186920840831e+00
1.958856730707861482e+00
1.314004879713343010e+00
6.594454629508608168e-01
2.548076446825091660e-15
0.000000000000000000e+00
-6.263603263028196810e-01
-1.247957604834604162e+00
-1.860093620308266971e+00
-2.458198416402114894e+00
-3.037890954134840005e+00
-3.595035722492761376e+00
-4.125794148827811370e+00
-4.626669806965247211e+00
-5.094546607792965531e+00
-5.526719357187125148e+00
-5.920916279539246929e+00
-6.275313327201965663e+00
-6.588540302418303796e+00
-6.859679031915635328e+00
-7.088254005924236267e+00
-7.274216070625103114e+00
-7.417919884499715621e+00
-7.520095963169377562e+00
-7.581818204619906965e+00
-7.604467833330163629e+00
-7.589694711494999524e+00
-7.539376948990571314e+00
-7.455579711479101590e+00
-7.340514044689730788e+00
-7.196496486622273814e+00
-7.025910122376244793e+00
-6.831167656295723312e+00
-6.614676970213132279e+00
-6.378809541507965974e+00
-6.125872001775142017e+00
-5.858081021726199822e+00
-5.577541636507081790e+00
-5.286229055015747136e+00
-4.985973933172300754e+00
-4.678451044772812040e+00
-4.365171249672737730e+00
-4.047476616892470069e+00
-3.726538554397805125e+00
-3.403358761561287249e+00
-3.078772829188436866e+00
-2.753456288127557716e+00
-2.427932914727565006e+00
-2.102585087862939961e+00
-1.777665996996405928e+00
-1.453313494227064240e+00
-1.129565380342280490e+00
-8.063759129645623469e-01
-4.836333205637001753e-01
-1.611781030869426645e-01
1.611781030870034770e-01
4.836333205637592392e-01
8.063759129646631552e-01
1.129565380342092862e+00
1.453313494227383984e+00
1.777665996997177311e+00
2.102585087825281196e+00
2.427932914728412772e+00
2.753456288126056695e+00
3.078772829189687865e+00
3.403358761500980378e+00
3.726538554371174872e+00
4.047476616992583764e+00
4.365171249565716671e+00
4.678451044888811694e+00
4.985973933308022410e+00
5.286229054882957357e+00
5.577541636627779020e+00
5.858081021990887649e+00
6.125872002155912988e+00
6.378809541386630144e+00
6.614676970212991947e+00
6.831167656392737264e+00
7.025910122643045597e+00
7.196496486563175310e+00
7.340514044589993681e+00
7.455579711798440812e+00
7.539376949140288886e+00
7.589694711346171019e+00
7.604467833234983765e+00
7.581818204622742030e+00
7.520095963165569053e+00
7.417919884498491712e+00
7.274216070399845080e+00
7.088254005843985794e+00
6.859679031945406180e+00
6.588540302769414936e+00
6.275313327334477442e+00
5.920916279540886507e+00
5.526719356985855924e+00
5.094546607765558122e+00
4.626669806986678957e+00
4.125794148805947970e+00
3.595035722492149421e+00
3.037890954135388455e+00
2.458198416445312340e+00
1.860093620287842420e+00
1.247957604832943046e+00
6.263603263028353352e-01
2.420315542717480536e-15
0.000000000000000000e+00
-5.774641277529448669e-01
-1.150414838751794733e+00
-1.714402040406884709e+00
-2.265100878469547219e+00
-2.798370879469404660e+00
-3.310311040346613609e+00
-3.797309714542992598e+00
-4.256088305571049446e+00
-4.683737953806621945e+00
-5.077748618666591440e+00
-5.436030209758120790e+00
-5.756925498056553181e+00
-6.039215054591013043e+00
-6.282114230299040258e+00
-6.485262861615396446e+00
-6.648708179907921512e+00
-6.772881573655758380e+00
-6.858570395870899006e+00
-6.906885269586156006e+00
-6.919224123588875841e+00
-6.897233930514511613e+00
-6.842770882437045010e+00
-6.757860064364810349e+00
-6.644655335437304799e+00
-6.505400290513963846e+00
-6.342390663536717987e+00
-6.157939081487929123e+00
-5.954342232700004622e+00
-5.733851163494877667e+00
-5.498644558402093097e+00
-5.250805427304105599e+00
-4.992301174534290453e+00
-4.724967052881424046e+00
-4.450492984565782351e+00
-4.170413632106687807e+00
-3.886101599780749094e+00
-3.598763625814713762e+00
-3.309439570009300002e+00
-3.019004042000157373e+00
-2.728170513086761062e+00
-2.437497594469134832e+00
-2.147397484076127849e+00
-1.858146242771766987e+00
-1.569895769038626820e+00
-1.282687279299756122e+00
-9.964660918099688125e-01
-7.110975274133150004e-01
-4.263837270309773775e-01
-1.420811875400200819e-01
1.420811875468678542e-01
4.263837270254994816e-01
7.110975274143886971e-01
9.964660918285583868e-01
1.282687279366116373e+00
1.569895768950293036e+00
1.858146242706831819e+00
2.147397484294561565e+00
2.437497594408980728e+00
2.728170512781627366e+00
3.019004042111167241e+00
3.309439569645234336e+00
3.598763625187099802e+00
3.886101600084465701e+00
4.170413631583592462e+00
4.450492984347543590e+00
4.724967052183314919e+00
4.992301173291459726e+00
5.250805427861919839e+00
5.498644558851998099e+00
5.733851162782229061e+00
5.954342232966250315e+00
6.157939081920459579e+00
6.342390663685046448e+00
6.505400290072231861e+00
6.644655335365559523e+00
6.757860065117291093e+00
6.842770881645479086e+00
6.897233930459083062e+00
6.919224123636103840e+00
6.906885269611145794e+00
6.858570397368328742e+00
6.772881575006472588e+00
6.648708158937570722e+00
6.485262861694369718e+00
6.282114229088203494e+00
6.039215054369965863e+00
5.756925508026847993e+00
5.436030209946630443e+00
5.077748625191496501e+00
4.683737953112084185e+00
4.256088304905198960e+00
3.797309714539225833e+00
3.310311040202427169e+00
2.798370879654703547e+00
2.265100878523106154e+00
1.714402040447910558e+00
1.150414838822546582e+00
5.774641277380836435e-01
2.231455060430339675e-15
0.000000000000000000e+00
-5.138614048764478248e-01
-1.023588860991257787e+00
-1.525108182591718542e+00
-2.014463348283200173e+00
-2.487872218982108308e+00
-2.941778344084843066e+00
-3.372897741374589753e+00
-3.778259704727774171e+00
-4.155240868128406539e+00
-4.501591960944494097e+00
-4.815456906932161552e+00
-5.095384132212743999e+00
-5.340330155786711330e+00
-5.549655741977792545e+00
-5.723115072177687779e+00
-5.860838539671537895e+00
-5.963309911705032107e+00
-6.031338684992828547e+00
-6.066028520898441023e+00
-6.068742696209119991e+00
-6.041067482955520873e+00
-5.984774348734537064e+00
-5.901781828635563443e+00
-5.794117833177219623e+00
-5.663883074433343268e+00
-5.513216211326062322e+00
-5.344261180892857510e+00
-5.159137123226234856e+00
-4.959911171611082636e+00
-4.748574309632125789e+00
-4.527020402583255887e+00
-4.297028418859206056e+00
-4.060247966243635709e+00
-3.818187706576809504e+00
-3.572207030674391159e+00
-3.323510439295288776e+00
-3.073144748622993916e+00
-2.821998762581970244e+00
-2.570805351670386596e+00
-2.320145740511655674e+00
-2.070455794667454885e+00
-1.822034182264246960e+00
-1.575052211410332248e+00
-1.329565155320061809e+00
-1.085524999280274683e+00
-8.427942599596390805e-01
-6.011608859044679232e-01
-3.603539552707294424e-01
-1.200600293345020081e-01
1.200600293340146757e-01
3.603539552644888788e-01
6.011608858925358012e-01
8.427942599562338044e-01
1.085524999199064089e+00
1.329565155166785750e+00
1.575052206154456957e+00
1.822034182191820229e+00
2.070455794621880674e+00
2.320145740248009236e+00
2.570805351647245107e+00
2.821998760882910684e+00
3.073144748578600982e+00
3.323510439361057944e+00
3.572207022630096152e+00
3.818187706343115106e+00
4.060247965204839105e+00
4.297028418574170061e+00
4.527020402670595800e+00
4.748574311415175941e+00
4.959911171495110516e+00
5.159137123225984389e+00
5.344261180890605090e+00
5.513216211461992700e+00
5.663883074868486744e+00
5.794117832907694776e+00
5.901781828635813909e+00
5.984774348867492932e+00
6.041067482903955899e+00
6.068742696096344424e+00
6.066028521001014084e+00
6.031338684871908384e+00
5.963309911567629129e+00
5.860838539207762210e+00
5.723115071895986006e+00
5.549655742714180384e+00
5.340330156520790794e+00
5.095384132713615344e+00
4.815456907317143376e+00
4.501591960715996876e+00
4.155240868096050200e+00
3.778259704756739445e+00
3.372897741123507931e+00
2.941778344145310253e+00
2.487872218982059458e+00
2.014463348184887259e+00
1.525108182626594422e+00
1.023588860899497854e+00
5.138614048765902664e-01
1.985755528550055279e-15
0.000000000000000000e+00
-4.383584013152498904e-01
-8.730814321282017731e-01
-1.300587831992506160e+00
-1.717403297399524797e+00
-2.120210847580072500e+00
-2.505897564632251218e+00
-2.871596693909907128e+00
-3.214724218202848149e+00
-3.533009218407080265e+00
-3.824517506834277381e+00
-4.087668211536676033e+00
-4.321243234907496955e+00
-4.524389645431410756e+00
-4.696615306783269439e+00
-4.837778167046015376e+00
-4.948069807148809396e+00
-5.027993937152070991e+00
-5.078340624170526674e+00
-5.100157097861761635e+00
-5.094715974858902818e+00
-5.063481754090770615e+00
-5.008076445644625174e+00
-4.930245025942018522e+00
-4.831821478652850388e+00
-4.714696000278722821e+00
-4.580783898030817092e+00
-4.431996593712074883e+00
-4.270215072152322655e+00
-4.097265994280419932e+00
-3.914900625474191820e+00
-3.724776663377082464e+00
-3.528442960180322885e+00
-3.327327108756596541e+00
-3.122725798541731823e+00
-2.915797829220902138e+00
-2.707559651497677411e+00
-2.498883284041666819e+00
-2.290496446207242354e+00
-2.082984768031087786e+00
-1.876795914810240662e+00
-1.672245474679209032e+00
-1.469524476379046263e+00
-1.268708383126650130e+00
-1.069767427628437684e+00
-8.725781428782627414e-01
-6.769359458460171286e-01
-4.825686260261122240e-01
-2.891505816095477077e-01
-9.631764841809234423e-02
9.631764843629109230e-02
2.891505817575283355e-01
4.825686259169579273e-01
6.769359458216595016e-01
8.725781428605140499e-01
1.069767427895357503e+00
1.268708383178311916e+00
1.469524476250079204e+00
1.672245474652203745e+00
1.876795914529317821e+00
2.082984768471846770e+00
2.290496446271385267e+00
2.498883284194831411e+00
2.707559651587158278e+00
2.915797829022205079e+00
3.122725798234012640e+00
3.327327108959241109e+00
3.528442960152108121e+00
3.724776662800449056e+00
3.914900625639921916e+00
4.097265993954354535e+00
4.270215072152629077e+00
4.431996593523412464e+00
4.580783898075849514e+00
4.714696000957457223e+00
4.831821478780914170e+00
4.930245025562025596e+00
5.008076445570961432e+00
5.063481754790713829e+00
5.094715972190442699e+00
5.100157098297099623e+00
5.078340624024701100e+00
5.027993936801208541e+00
4.948069807396792363e+00
4.837778166799033386e+00
4.696615306416480173e+00
4.524389644879767580e+00
4.321243234850345338e+00
4.087668211250319317e+00
3.824517506395562094e+00
3.533009219154196412e+00
3.214724217938826456e+00
2.871596693980999149e+00
2.505897565109842073e+00
2.120210847459361503e+00
1.717403297282496855e+00
1.300587831864435495e+00
8.730814321250641719e-01
4.383584012828882770e-01
1.694053668800680681e-15
0.000000000000000000e+00
-3.554552253046911470e-01
-7.078654456378891124e-01
-1.054232257626453784e+00
-1.391649351400951806e+00
-1.717345822709485548e+00
-2.028726297779272159e+00
-2.323406989939266420e+00
-2.599246910808255873e+00
-2.854373641772381287e+00
-3.087203221250567342e+00
-3.296453885055381505e+00
-3.481153631374904300e+00
-3.640641586980629008e+00
-3.774563594133142796e+00
-3.882862302797655207e+00
-3.965762349625031380e+00
-4.023751235280751182e+00
-4.057556601278729858e+00
-4.068120644755389037e+00
-4.056572424884197225e+00
-4.024198806731480005e+00
-3.972414753391195319e+00
-3.902733625359364300e+00
-3.816738081537349725e+00
-3.716052101524729867e+00
-3.602314512267810187e+00
-3.477154489447264574e+00
-3.342169096817538154e+00
-3.198903253785182255e+00
-3.048832048192012145e+00
-2.893345579200020889e+00
-2.733736249498964543e+00
-2.571188451597979707e+00
-2.406770636583364098e+00
-2.241429538759291962e+00
-2.075986579303219060e+00
-1.911136217138112547e+00
-1.747446178869222599e+00
-1.585359430576970929e+00
-1.425197779774217910e+00
-1.267166985874091711e+00
-1.111363279891125933e+00
-9.577811767530782783e-01
-8.063224748322300739e-01
-6.568063272288198196e-01
-5.089802664934626186e-01
-3.625320576382461413e-01
-2.171022404945077144e-01
-7.229722391961827810e-02
7.229722391771414847e-02
2.171022404675579387e-01
3.625320576643897286e-01
5.089802665178688734e-01
6.568063271084700894e-01
8.063224749321208362e-01
9.577811769175429424e-01
1.111363280066222980e+00
1.267166985978304794e+00
1.425197779785100538e+00
1.585359430561876781e+00
1.747446178991587828e+00
1.911136217172498153e+00
2.075986579283760847e+00
2.241429538512782926e+00
2.406770636541083697e+00
2.571188451571488898e+00
2.733736249475725799e+00
2.893345579483695307e+00
3.048832047822331859e+00
3.198903253823904613e+00
3.342169096722971133e+00
3.477154489349111532e+00
3.602314511965789112e+00
3.716052101658575690e+00
3.816738090069660139e+00
3.902733625390914618e+00
3.972414753271165111e+00
4.024198806814177409e+00
4.056572424926366160e+00
4.068120644730426783e+00
4.057556601259215689e+00
4.023751235253704372e+00
3.965762349439399426e+00
3.882862302791873166e+00
3.774563593963327079e+00
3.640641586942407582e+00
3.481153631376058044e+00
3.296453885053422184e+00
3.087203221541358289e+00
2.854373641745514778e+00
2.599246910768491681e+00
2.323406989845977488e+00
2.028726297817869284e+00
1.717345822534596778e+00
1.391649351686676583e+00
1.054232257599781786e+00
7.078654456047648313e-01
3.554552253125108918e-01
1.373733859231484049e-15
0.000000000000000000e+00
-2.709334169514850399e-01
-5.394607678090670433e-01
-8.032137798686260766e-01
-1.059898852036828210e+00
-1.307332133552852271e+00
-1.543471981998781883e+00
-1.766448062825961340e+00
-1.974586469884356932e+00
-2.166430371830005974e+00
-2.340755837116712534e+00
-2.496582608071826748e+00
-2.633179854397585284e+00
-2.750066861604615553e+00
-2.847009024015762169e+00
-2.924009366648952835e+00
-2.981296168872542118e+00
-3.019307067701855640e+00
-3.038670369592351594e+00
-3.040184002214234571e+00
-3.024792955086070378e+00
-2.993565597429495462e+00
-2.947669581458315591e+00
-2.888347802191716607e+00
-2.816894919056905255e+00
-2.734634801380439129e+00
-2.642899305777474783e+00
-2.543008512046466052e+00
-2.436252779798917967e+00
-2.323876597858534065e+00
-2.207064429914628700e+00
-2.086928484850441468e+00
-1.964498411027765234e+00
-1.840712909047697909e+00
-1.716413214328766923e+00
-1.592338253083674937e+00
-1.469121540641212809e+00
-1.347289636922766709e+00
-1.227262116430264394e+00
-1.109352967762675890e+00
-9.937733501070229458e-01
-8.806356362614526923e-01
-7.699586724451390474e-01
-6.616741830222989673e-01
-5.556342429818948991e-01
-4.516197331258042791e-01
-3.493496826047839399e-01
-2.484913914430275095e-01
-1.486712133516661372e-01
-4.948586696946351976e-02
4.948586696946265240e-02
1.486712133533582836e-01
2.484913914434757343e-01
3.493496826025114799e-01
4.516197331234970136e-01
5.556342429799698834e-01
6.616741830218403342e-01
7.699586724440411478e-01
8.806356362578251495e-01
9.937733500996565050e-01
1.109352967757741837e+00
1.227262116424454819e+00
1.347289636930300016e+00
1.469121540640406565e+00
1.592338253075002097e+00
1.716413214333186943e+00
1.840712909564066191e+00
1.964498407051956219e+00
2.086928484860476107e+00
2.207064429701476538e+00
2.323876596442607134e+00
2.436252779556300041e+00
2.543008511950592077e+00
2.642899311495916059e+00
2.734634807737030382e+00
2.816894918413557214e+00
2.888347802397140729e+00
2.947669580750171381e+00
2.993565596460165068e+00
3.024792955358764690e+00
3.040184001633542188e+00
3.038670369297085561e+00
3.019307073894135662e+00
2.981296169181428812e+00
2.924009366920369057e+00
2.847009024076666783e+00
2.750066867534402437e+00
2.633179854412304177e+00
2.496582612286751157e+00
2.340755837990516675e+00
2.166430376325477525e+00
1.974586469857268378e+00
1.766448062822806531e+00
1.543471982121688901e+00
1.307332133552887132e+00
1.059898851856574620e+00
8.032137798493484970e-01
5.394607678066590806e-01
2.709334169515719148e-01
1.047136029181098499e-15
0.000000000000000000e+00
-1.910257424219396760e-01
-3.802793301023630335e-01
-5.660171171968629844e-01
-7.465517774847897359e-01
-9.202787431279734198e-01
-1.085700644783230251e+00
-1.241449194763909025e+00
-1.386304041146553256e+00
-1.519208220515185115e+00
-1.639279947701802076e+00
-1.745820593911118213e+00
-1.838318822400013541e+00
-1.916450957853106152e+00
-1.980077770287512973e+00
-2.029237942302332343e+00
-2.064138564236544404e+00
-2.085143057927135057e+00
-2.092756970663285809e+00
-2.087612099630689499e+00
-2.070449414931962551e+00
-2.042101230728128325e+00
-2.003473052519214370e+00
-1.955525488988194782e+00
-1.899256569045135734e+00
-1.835684755535174073e+00
-1.765832891927084702e+00
-1.690713263713360837e+00
-1.611313909041921510e+00
-1.528586263192269090e+00
-1.443434187461953400e+00
-1.356704393796368979e+00
-1.269178262718761996e+00
-1.181565025085462128e+00
-1.094496274104703293e+00
-1.008521769102885379e+00
-9.241064900256749093e-01
-8.416289070266129713e-01
-7.613804320855133145e-01
-6.835660243092740451e-01
-6.083059211877344108e-01
-5.356384706378845006e-01
-4.655240321956831129e-01
-3.978499116031566363e-01
-3.324362810214008257e-01
-2.690430249043323507e-01
-2.073774355057128593e-01
-1.471026659262598124e-01
-8.784683126676789966e-02
-2.921263290025290921e-02
2.921263290021555714e-02
8.784683126658025809e-02
1.471026659262111846e-01
2.073774355061367702e-01
2.690430249048327283e-01
3.324362810285170222e-01
3.978499115876177328e-01
4.655240322107216389e-01
5.356384706365224790e-01
6.083059212172972074e-01
6.835660243088709231e-01
7.613804320861526920e-01
8.416289070281557372e-01
9.241064900376277924e-01
1.008521769110501731e+00
1.094496274100005495e+00
1.181565025085684395e+00
1.269178262810716662e+00
1.356704393798175978e+00
1.443434187510765909e+00
1.528586263424212444e+00
1.611313909042143777e+00
1.690713263718948145e+00
1.765832891931198745e+00
1.835684755576898253e+00
1.899256568963133107e+00
1.955525488905996978e+00
2.003473052519075370e+00
2.042101230646236498e+00
2.070449414932101551e+00
2.087612099646923181e+00
2.092756970660811788e+00
2.085143057926356569e+00
2.064138564207662618e+00
2.029237942272005046e+00
1.980077770294184525e+00
1.916450957862988025e+00
1.838318822350964776e+00
1.745820593896329598e+00
1.639279947702816598e+00
1.519208220569140400e+00
1.386304041197965020e+00
1.241449194775514187e+00
1.085700644840736695e+00
9.202787431279526587e-01
7.465517774914610660e-01
5.660171171973042981e-01
3.802793301044686824e-01
1.910257424183468278e-01
7.383481904680748460e-16
0.000000000000000000e+00
-1.213448198247862458e-01
-2.414925460988959494e-01
-3.592657767174515793e-01
-4.735260071972496321e-01
-5.831918922819530060e-01
-6.872561213257925017e-01
-7.848005281303503944e-01
-8.750091118002115698e-01
-9.571787072686223086e-01
-1.030727131809015873e+00
-1.095198707612426103e+00
-1.150267139565495311e+00
-1.195735805940471019e+00
-1.231535587531818132e+00
-1.257720420496438951e+00
-1.274460814127230446e+00
-1.282035601168458161e+00
-1.280822226694219079e+00
-1.271285884094198515e+00
-1.253967809251807841e+00
-1.229473038047095956e+00
-1.198457904740169999e+00
-1.161617537717172688e+00
-1.119673573860365812e+00
-1.073362278420187943e+00
-1.023423222173445835e+00
-9.705886305365154509e-01
-9.155734927925688327e-01
-8.590664859621187643e-01
-8.017217519065881204e-01
-7.441515431072792675e-01
-6.869197494895989964e-01
-6.305363034648829856e-01
-5.754524669942552295e-01
-5.220570001418380901e-01
-4.706732175188664269e-01
-4.215569407632515642e-01
-3.748953616841762537e-01
-3.308068307397928343e-01
-2.893415847865163926e-01
-2.504834258286945392e-01
-2.141523525601707889e-01
-1.802081365971963667e-01
-1.484548199042018957e-01
-1.186460919091976707e-01
-9.049148597385628379e-02
-6.366331346843684402e-02
-3.780423475661282007e-02
-1.253534693591680516e-02
1.253534693587163296e-02
3.780423475498665559e-02
6.366331347046606803e-02
9.049148596947814704e-02
1.186460919062858610e-01
1.484548198904281913e-01
1.802081365837492899e-01
2.141523525500246827e-01
2.504834258447893314e-01
2.893415847764814752e-01
3.308068307326488822e-01
3.748953616758369800e-01
4.215569407681022951e-01
4.706732175598540291e-01
5.220570001229080104e-01
5.754524669223011202e-01
6.305363034379470877e-01
6.869197495166183831e-01
7.441515431511716017e-01
8.017217518829045098e-01
8.590664860032036776e-01
9.155734927927634548e-01
9.705886305207265252e-01
1.023423222215698258e+00
1.073362278395169955e+00
1.119673573736443828e+00
1.161617537717033688e+00
1.198457904740225732e+00
1.229473038050515221e+00
1.253967809171639303e+00
1.271285884090445961e+00
1.280822226697359900e+00
1.282035601096907174e+00
1.274460814047924107e+00
1.257720420539872652e+00
1.231535587707332180e+00
1.195735805998596080e+00
1.150267139576614417e+00
1.095198707619250422e+00
1.030727131771363991e+00
9.571787072745432390e-01
8.750091118272032009e-01
7.848005276271579067e-01
6.872561213217130982e-01
5.831918922819807616e-01
4.735260074976306299e-01
3.592657764918982810e-01
2.414925460984129468e-01
1.213448198248018861e-01
4.690652437615746761e-16
0.000000000000000000e+00
-6.594167235479961309e-02
-1.311606285170996977e-01
-1.949463226416395800e-01
-2.566122555959176044e-01
-3.155072737421991125e-01
-3.710260268288979035e-01
-4.226183507881943191e-01
-4.697973779104305248e-01
-5.121462196686439317e-01
-5.493231131670134326e-01
-5.810649710797743950e-01
-6.071893223053601574e-01
-6.275946756112665836e-01
-6.422593808699359474e-01
-6.512390973962797203e-01
-6.546630079582397288e-01
-6.527289386099920376e-01
-6.456975582951167691e-01
-6.338858380089480438e-01
-6.176599480069432380e-01
-5.974277648142638508e-01
-5.736311467944800180e-01
-5.467381205854852100e-01
-5.172351028000837792e-01
-4.856192609292389606e-01
-4.523910987202083844e-01
-4.180473333951510440e-01
-3.830741168123387164e-01
-3.479406409686309209e-01
-3.130931597139673395e-01
-2.789494536947386139e-01
-2.458937640580859396e-01
-2.142722218871654649e-01
-1.843888038120304051e-01
-1.565018483518707537e-01
-1.308211731781198095e-01
-1.075058364933871580e-01
-8.666258836880240402e-02
-6.834505721446147708e-02
-5.255371300129579176e-02
-3.923664144876298776e-02
-2.829115263363018995e-02
-1.956623294067989793e-02
-1.286583192010462909e-02
-7.952955851844255991e-03
-4.554518682651082818e-03
-2.366879478348661581e-03
-1.061974858039399115e-03
-2.939360047616727313e-04
2.939360047738342270e-04
1.061974858070671626e-03
2.366879478331287891e-03
4.554518682494720916e-03
7.952955852358513031e-03
1.286583191994479340e-02
1.956623294089532977e-02
2.829115263301864094e-02
3.923664144858229896e-02
5.255371300124019734e-02
6.834505721554559599e-02
8.666258836813524324e-02
1.075058364937346161e-01
1.308211731753400608e-01
1.565018483510507152e-01
1.843888038139484264e-01
2.142722218870125872e-01
2.458937640582805062e-01
2.789494536935571700e-01
3.130931597146484058e-01
3.479406409682695434e-01
3.830741168124082163e-01
4.180473333960127436e-01
4.523910987219874613e-01
4.856192609340201360e-01
5.172351027965257364e-01
5.467381205849014547e-01
5.736311467835277789e-01
5.974277648174048938e-01
6.176599479870401588e-01
6.338858380160503625e-01
6.456975583110170502e-01
6.527289386014164529e-01
6.546630079557100856e-01
6.512390974000601407e-01
6.422593808519507785e-01
6.275946756009675997e-01
6.071893223053880240e-01
5.810649710779397514e-01
5.493231131698209646e-01
5.121462196652804000e-01
4.697973779066292876e-01
4.226183507883472523e-01
3.710260268278346429e-01
3.155072737420740459e-01
2.566122555965673624e-01
1.949463226388667425e-01
1.311606285118546156e-01
6.594167235580032649e-02
2.549478736824886620e-16
0.000000000000000000e+00
-2.692761197495379191e-02
-5.348577943916518057e-02
-7.931149389938516037e-02
-1.040544701363515789e-01
-1.273831411407664316e-01
-1.489902274157934858e-01
-1.685977616189040240e-01
-1.859614678554420975e-01
-2.008744163262402016e-01
-2.131698964496388238e-01
-2.227234755073800032e-01
-2.294542334103961412e-01
-2.333251858188744032e-01
-2.343429279930189513e-01
-2.325565488467955244e-01
-2.280558780175956091e-01
-2.209691385164292421e-01
-2.114600840957656935e-01
-1.997247018546895181e-01
-1.859875611596676914e-01
-1.704978844094297841e-01
-1.535254113222305761e-01
-1.353561196250273047e-01
-1.162878582313824766e-01
-9.662594086971654228e-02
-7.667874129537131933e-02
-5.675332566991518612e-02
-3.715115374844705359e-02
-1.816387893045532873e-02
-6.927689748196918650e-05
1.687266516534188104e-02
3.242346340579879693e-02
4.636961642460757371e-02
5.852580377874768564e-02
6.873775444302802906e-02
7.688473170679355206e-02
8.288157900195131100e-02
8.668027054977157919e-02
8.827091358516249431e-02
8.768215395892313413e-02
8.498094534738220851e-02
8.027165363976233869e-02
7.369448203692020860e-02
6.542321859782986027e-02
5.566232581687922260e-02
4.464341036623491882e-02
3.262112978787877482e-02
1.986861060544885607e-02
6.672468160014937040e-03
-6.672468160028835645e-03
-1.986861060500757017e-02
-3.262112978684852949e-02
-4.464341036624534104e-02
-5.566232581728228906e-02
-6.542321859697855513e-02
-7.369448203931081021e-02
-8.027165364081864651e-02
-8.498094535087775958e-02
-8.768215395833937886e-02
-8.827091358521808873e-02
-8.668027054524751751e-02
-8.288157900090195596e-02
-7.688473170351342589e-02
-6.873775443093606274e-02
-5.852580377389700328e-02
-4.636961642456587790e-02
-3.242346340589608716e-02
-1.687266516388251023e-02
6.927689851048084006e-05
1.816387892964919926e-02
3.715115374832196615e-02
5.675332566600962969e-02
7.667874129660830207e-02
9.662594086397632842e-02
1.162878582174002723e-01
1.353561196167436254e-01
1.535254113406603893e-01
1.704978844177968689e-01
1.859875611705226472e-01
1.997247018614304592e-01
2.114600840820058669e-01
2.209691385241708550e-01
2.280558780129395280e-01
2.325565488489081400e-01
2.343429279916707797e-01
2.333251858184852423e-01
2.294542334252400728e-01
2.227234755103682518e-01
2.131698964268795016e-01
2.008744163274424621e-01
1.859614678717523006e-01
1.685977616341371166e-01
1.489902274229930601e-01
1.273831411407594649e-01
1.040544701273034556e-01
7.931149390734222593e-02
5.348577944041434107e-02
2.692761197496335024e-02
1.041572320806694421e-16
0.000000000000000000e+00
-4.901289472017549692e-03
-9.668013280356865802e-03
-1.416811509212553312e-02
-1.827450424901663761e-02
-2.186740789122972733e-02
-2.483657103974716215e-02
-2.708326172417213976e-02
-2.852204436276712871e-02
-2.908229167160783155e-02
-2.870941299782688028e-02
-2.736578481730394044e-02
-2.503137681784060875e-02
-2.170407417849889997e-02
-1.739970308578329961e-02
-1.215177193323469310e-02
-6.010944943341580901e-03
9.557320255226813433e-04
8.665831822226856621e-03
1.702275010014165854e-02
2.591709092959505398e-02
3.522821256077189600e-02
4.482591331990017081e-02
5.457223906627076127e-02
6.432339507688650260e-02
7.393174619568015915e-02
8.324788952038540690e-02
9.212278365920206769e-02
1.004099174245936671e-01
1.079674989643340244e-01
1.146606436574086341e-01
1.203635359850969283e-01
1.249615367990175169e-01
1.283532041448340322e-01
1.304521921015821817e-01
1.311889895281769802e-01
1.305124587611254106e-01
1.283911336827877891e-01
1.248142374458756643e-01
1.197923828215571307e-01
1.133579222992987245e-01
1.055649212560786365e-01
9.648873522461295926e-02
8.622518147537308608e-02
7.488930534124038640e-02
6.261375295635693283e-02
4.954677331706957427e-02
3.584988386959012813e-02
2.169524434173504546e-02
7.262792964565814927e-03
-7.262792964572329681e-03
-2.169524434176718294e-02
-3.584988386947546291e-02
-4.954677331838126808e-02
-6.261375295800915286e-02
-7.488930534119174476e-02
-8.622518147762120444e-02
-9.648873522417862614e-02
-1.055649212532919212e-01
-1.133579223024051008e-01
-1.197923828220957138e-01
-1.248142374424774104e-01
-1.283911336823152227e-01
-1.305124587648294199e-01
-1.311889895318532340e-01
-1.304521921019644037e-01
-1.283532041446464045e-01
-1.249615367955219658e-01
-1.203635359845270786e-01
-1.146606436593336220e-01
-1.079674989612276342e-01
-1.004099174245728365e-01
-9.212278365925766210e-02
-8.324788952044098744e-02
-7.393174619523540381e-02
-6.432339507774822995e-02
-5.457223906632635568e-02
-4.482591331967084036e-02
-3.522821256118190830e-02
-2.591709092935182840e-02
-1.702275010026674945e-02
-8.665831822317199284e-03
-9.557320255296307540e-04
6.010944943696000520e-03
1.215177193356131724e-02
1.739970308547752684e-02
2.170407417824176885e-02
2.503137681785450736e-02
2.736578481733869042e-02
2.870941299786162679e-02
2.908229167169469609e-02
2.852204436292001682e-02
2.708326172406442384e-02
2.483657103974021285e-02
2.186740789122799261e-02
1.827450424907744661e-02
1.416811509206820224e-02
9.668013280326461303e-03
4.901289471998439111e-03
1.900188456130803512e-17
0.000000000000000000e+00
-2.792260035770676209e-19
9.390495467900078139e-18
4.754271450415611864e-19
-1.299153738988827107e-17
8.208136231486370914e-17
-5.401405935212117657e-17
-1.969012284609917777e-17
3.514850702827580267e-17
9.548255917998491474e-18
1.409661559025775188e-17
-7.279403760595708095e-17
6.755202053495878010e-18
2.101014922894471865e-16
2.041506099061604227e-16
1.944865907736972272e-16
2.443600804044006449e-16
3.631952647442259323e-16
4.328473518148015252e-17
-6.268451577482952557e-16
-2.598972843459247945e-16
1.656439674705729404e-16
1.248383887481737302e-16
4.731309911234465728e-16
-4.512981347756851557e-17
2.790438300482266120e-16
9.189526241867083377e-17
7.537960692443095710e-16
-6.263378890923644721e-16
9.543233184514996563e-16
4.577728031462404296e-17
1.050479205068283019e-15
1.256878491424362813e-15
2.792782463346266751e-16
1.433336665300461731e-16
6.720108561192428454e-16
4.158094636067376768e-16
-4.044879481864145630e-16
-1.377674324543003136e-16
-9.811538560565451495e-17
6.177761564179504136e-16
5.287086777502774699e-16
2.305389258232628742e-16
-2.361411874205356355e-16
3.878638696392642607e-16
2.024665541365193548e-16
-9.276843758129926487e-17
-1.483155605386717934e-16
-4.664454879522303433e-18
-6.818799722798459748e-18
6.818799722817748321e-18
-4.869366208388273400e-17
-1.708159852509696786e-16
3.045090248430501768e-16
1.183989749176827572e-16
2.958304897873891325e-17
-1.097796296367207757e-16
2.138986141445914361e-17
2.785828053214106971e-16
-4.078219765114326727e-16
4.896043497105060080e-16
-7.435476933711364294e-17
2.730552393782933344e-17
3.171971186696515420e-16
-6.251184352520861968e-16
-2.750915585234836344e-16
4.548457322027814334e-16
8.483539632554784281e-16
3.158890675432183479e-16
-9.096898570968995939e-16
2.621270645594421373e-17
6.263378890923644721e-16
-5.340269108082891554e-16
-6.340783596967978996e-16
-7.612581375565518938e-17
4.512981347003520208e-17
-6.561270051679512685e-16
-2.970927527580164924e-16
1.058899587044112609e-16
3.712666026273874642e-16
1.793153021148012963e-16
3.260356224990350437e-16
-3.631952647441997027e-16
-7.964698685918521011e-17
1.467276317206227519e-17
-4.353662780196497875e-16
2.462028877195557769e-16
-1.359382584518276261e-16
-4.865180061518896939e-17
-1.283395188751671978e-16
-2.682331536050611524e-16
6.642971682984318923e-17
1.969012284600813521e-17
-3.742821270784215662e-17
-8.208136231486370914e-17
5.501366552987598918e-17
-4.754271450427667222e-19
3.037986341528715608e-17
-9.521666636152974290e-18
-3.076150672123934108e-32
