4.347148865945390545e-31
-8.387366141430673349e-18
2.623450598487778631e-17
2.148307888738230457e-18
-3.261158462416189524e-17
-4.051137212268874457e-17
-2.780663345757561464e-17
1.229068450516423950e-16
1.456007608361538073e-16
2.001281896737477784e-16
1.537225853763229287e-16
-9.950061155565182746e-17
4.139230118089297723e-16
2.603678757439985498e-16
9.340655244219483937e-17
1.236778557578865645e-16
-1.830511486185497425e-16
-1.154520423373168981e-16
6.943998193189262738e-17
5.749269942625724361e-16
1.857626400999624108e-16
-6.453293714900982386e-17
6.173306867883681725e-17
-4.010963066632848313e-17
3.500653142703989099e-16
-1.023595280671175844e-15
2.917523461330575134e-16
-7.764045742113842519e-16
2.308883076304425878e-16
-1.200402826144471143e-15
9.680991119209357208e-16
-1.445869997219735386e-16
2.118132320334580900e-16
1.658431066085680783e-16
-3.542190309130595036e-16
-9.649658047318105099e-16
2.658266402116625098e-16
2.918582735045403469e-16
5.433424216860120283e-16
-8.404550021547767838e-17
-5.278208624027485456e-16
1.200213070632183352e-17
-2.295095449715343379e-16
4.855276194363770591e-17
-3.725014234809537901e-16
-9.823121319488491565e-17
-2.602867362338554993e-18
8.870518981761619102e-17
3.779855083918697830e-17
1.546771206769551315e-17
2.945022680541383349e-18
-3.664232581319531322e-17
-8.551694224973268518e-17
-1.369547859004596653e-16
-1.824488270954995660e-16
9.744877715127100493e-17
-2.283779060302975616e-16
8.302091626333468660e-16
-5.507323175161366963e-16
-2.922282690139343046e-16
1.302278696778934856e-16
6.260780600699950002e-16
3.204983034108641029e-16
8.574276194695387387e-17
3.180146550438067916e-16
4.089595977167899879e-16
-2.716944885167263988e-16
1.026259154853321264e-16
1.242166917887937921e-15
6.041379400477509020e-16
-2.591293819444293197e-16
-6.096474959608040984e-16
-3.210910974513299513e-16
-2.922851708764018298e-16
7.665608494685748984e-16
6.257968619193121466e-17
5.208702039372264566e-16
3.992938741596089436e-16
-5.898098837954437471e-16
-2.150531961456990842e-16
-3.603822611322958765e-16
-2.444636795186403400e-16
1.616353193108239755e-16
-7.100830130747236691e-17
-2.174214934928200229e-16
3.569368504082852789e-16
-2.002007661783795049e-16
-1.547035903562787222e-16
-1.084639695025821700e-16
-1.397823026299284282e-16
-7.384079479247005388e-18
-4.101846409076099557e-17
-2.500999829892819929e-17
3.224532772159277567e-17
4.351003627582135568e-17
-6.233251846051547289e-18
-8.032926923292880020e-17
1.302533874451401657e-17
-2.024514044623670081e-17
5.933790149160340847e-31
-1.577012197458690816e-16
6.650193862173741678e-03
1.311527138311194274e-02
1.921315777917731102e-02
2.476783692408551091e-02
2.961231787045425987e-02
3.359152156178818460e-02
3.656505423534466004e-02
3.840982916937206448e-02
3.902249345336665509e-02
3.832161217836689560e-02
3.624955923706972560e-02
3.277406265618432873e-02
2.788935319570751831e-02
2.161686849842388985e-02
1.400547121650034914e-02
5.131148521384327511e-03
-4.903828188941137742e-03
-1.597229096877207655e-02
-2.792410274209791710e-02
-4.058860062322864476e-02
-5.377751479776422816e-02
-6.728830659400726610e-02
-8.090785465846789259e-02
-9.441640527148147111e-02
-1.075916927385711652e-01
-1.202131286379966024e-01
-1.320659554228824084e-01
-1.429452600129266227e-01
-1.526597474539966581e-01
-1.610351826952437226e-01
-1.679174200509698511e-01
-1.731749546640994897e-01
-1.767009471450545488e-01
-1.784146913772371168e-01
-1.782625149788232832e-01
-1.762181209452842179e-01
-1.722823976100521237e-01
-1.664827399694659149e-01
-1.588719387812997097e-01
-1.495267038848205055e-01
-1.385458938530209350e-01
-1.260485261278924407e-01
-1.121716387434684020e-01
-9.706806931464638522e-02
-8.090420648282994898e-02
-6.385775762827888835e-02
-4.611556267646303026e-02
-2.787146992291610753e-02
-9.324276407597359775e-03
9.324276407558840241e-03
2.787146992366474132e-02
4.611556267723757041e-02
6.385775763009941819e-02
8.090420648365953538e-02
9.706806931316745712e-02
1.121716387435665457e-01
1.260485261253797840e-01
1.385458938638889359e-01
1.495267038818448579e-01
1.588719387824541751e-01
1.664827399684599973e-01
1.722823976133578683e-01
1.762181209404630466e-01
1.782625149759027861e-01
1.784146913826177017e-01
1.767009471446375490e-01
1.731749546636460468e-01
1.679174200526568073e-01
1.610351826953627108e-01
1.526597474504394203e-01
1.429452600137301466e-01
1.320659554249159762e-01
1.202131286428967799e-01
1.075916927408497176e-01
9.441640527215730549e-02
8.090785465870417581e-02
6.728830659415493964e-02
5.377751479720219163e-02
4.058860062298889210e-02
2.792410274183905125e-02
1.597229096868434117e-02
4.903828188991521050e-03
-5.131148521720504778e-03
-1.400547121649339984e-02
-2.161686849880220182e-02
-2.788935319584563699e-02
-3.277406265641452654e-02
-3.624955923718309325e-02
-3.832161217859926527e-02
-3.902249345371803374e-02
-3.840982916945458875e-02
-3.656505423585718062e-02
-3.359152156219385316e-02
-2.961231787028682436e-02
-2.476783692375975759e-02
-1.921315777907915343e-02
-1.311527138276686114e-02
-6.650193862285854254e-03
-1.834850406101712197e-16
-8.125244757810605700e-16
3.428484764085219100e-02
6.815499649969618268e-02
1.012001345904233046e-01
1.330187669368564085e-01
1.632227245918893843e-01
1.914417724006855226e-01
2.173283139954775289e-01
2.405621665467322645e-01
2.608553497552383305e-01
2.779568054766830554e-01
2.916569388313513533e-01
3.017918504442843597e-01
3.082471149241743924e-01
3.109609535197159769e-01
3.099266508325174696e-01
3.051940756200663407e-01
2.968701850935653308e-01
2.851184186585186686e-01
2.701569202284925808e-01
2.522555659608335943e-01
2.317318167713123267e-01
2.089454495731942474e-01
1.842922751223752820e-01
1.581969713786399168e-01
1.311052031737360013e-01
1.034752248212021386e-01
7.576917555300446971e-02
4.844429192355148572e-02
2.194426147206555641e-02
-3.309064756791365268e-03
-2.692339793803956785e-02
-4.854299475711513351e-02
-6.785474563731634656e-02
-8.459324814074029031e-02
-9.854478156894459773e-02
-1.095501361607072316e-01
-1.175062868520785342e-01
-1.223669364054378872e-01
-1.241419833188331379e-01
-1.228959960444927085e-01
-1.187457945105003104e-01
-1.118572531660433633e-01
-1.024414459599467808e-01
-9.075025313197637722e-02
-7.707154375860747475e-02
-6.172403660066246023e-02
-4.505192781756935799e-02
-2.741935779293074027e-02
-9.204773303893134043e-03
9.204773303910071883e-03
2.741935779255938802e-02
4.505192781929129309e-02
6.172403659977902107e-02
7.707154375805108648e-02
9.075025313326245957e-02
1.024414459551438866e-01
1.118572531644953655e-01
1.187457945079950505e-01
1.228959960451798256e-01
1.241419833177220960e-01
1.223669364052224484e-01
1.175062868534640786e-01
1.095501361572655402e-01
9.854478157145682427e-02
8.459324814361039724e-02
6.785474563923611646e-02
4.854299475502162758e-02
2.692339793729598210e-02
3.309064757117986810e-03
-2.194426147207076405e-02
-4.844429192365225234e-02
-7.576917555170840923e-02
-1.034752248185961260e-01
-1.311052033053576871e-01
-1.581969715355400485e-01
-1.842922751252923097e-01
-2.089454493658431666e-01
-2.317318165434205379e-01
-2.522555662076433891e-01
-2.701569202195817088e-01
-2.851184186524761688e-01
-2.968701850985880353e-01
-3.051940756252627951e-01
-3.099266508367331530e-01
-3.109609535309930672e-01
-3.082471149311603598e-01
-3.017918504488900644e-01
-2.916569388343995262e-01
-2.779568054761939466e-01
-2.608553497487597350e-01
-2.405621665475010107e-01
-2.173283139934573949e-01
-1.914417724041863056e-01
-1.632227245937626636e-01
-1.330187669416401930e-01
-1.012001345883660614e-01
-6.815499649827720663e-02
-3.428484764085620168e-02
-9.451035175016681173e-16
-1.686498283331257648e-15
7.176939826078136686e-02
1.429763874802394141e-01
2.130604011723049585e-01
2.814648197371424354e-01
3.476395762207425411e-01
4.110444616556607200e-01
4.711532706710119256e-01
5.274588527352819245e-01
5.794790607097475288e-01
6.267635015447247104e-01
6.689009227404454361e-01
7.055269912952035760e-01
7.363321747429260045e-01
7.610693934337309230e-01
7.795610880563614842e-01
7.917053570848223698e-01
7.974808362889214131e-01
7.969500236206110699e-01
7.902608258927322771e-01
7.776461484243656352e-01
7.594214441383436709e-01
7.359802041903106273e-01
7.077874613579371310e-01
6.753714460147220988e-01
6.393136058732091787e-01
6.002372625358626257e-01
5.587952167134457859e-01
5.156566520513177210e-01
4.714937012583919618e-01
4.269680459754815471e-01
3.827179036155699543e-01
3.393457400873377550e-01
2.974070051225907729e-01
2.574001492392413160e-01
2.197581272933621377e-01
1.848415433273944697e-01
1.529335341717144303e-01
1.242364357097380662e-01
9.887022513245971589e-02
7.687268612524862654e-02
5.820120617592753481e-02
4.273608360228126762e-02
3.028519911394128225e-02
2.058989328244954786e-02
1.333188424848334372e-02
8.141060108354834096e-03
4.603986307033937353e-03
2.272976853992159443e-03
6.755889472958246517e-04
-6.755889472884409096e-04
-2.272976854058613230e-03
-4.603986307083017017e-03
-8.141060108163724815e-03
-1.333188424825097404e-02
-2.058989328209947026e-02
-3.028519911439038828e-02
-4.273608360245066684e-02
-5.820120617393652329e-02
-7.687268610879592623e-02
-9.887022515405151368e-02
-1.242364357067967245e-01
-1.529335341702602602e-01
-1.848415432895254285e-01
-2.197581272515788386e-01
-2.574001491849161050e-01
-2.974070050573063284e-01
-3.393457399963891730e-01
-3.827179036256778133e-01
-4.269680459751132862e-01
-4.714937012565556529e-01
-5.156566520457651626e-01
-5.587952167194031317e-01
-6.002372625273444395e-01
-6.393136058727800775e-01
-6.753714459911409618e-01
-7.077874613480933386e-01
-7.359802042064124139e-01
-7.594214438988394766e-01
-7.776461484219141518e-01
-7.902608259017177561e-01
-7.969500236034721130e-01
-7.974808362982215293e-01
-7.917053570613699076e-01
-7.795610878576119118e-01
-7.610693934343112366e-01
-7.363321747392533867e-01
-7.055269912945331123e-01
-6.689009227537404678e-01
-6.267635015346306737e-01
-5.794790607031117258e-01
-5.274588527404799887e-01
-4.711532706711118457e-01
-4.110444616681357966e-01
-3.476395762235079401e-01
-2.814648197380024142e-01
-2.130604011808835685e-01
-1.429763874637163534e-01
-7.176939826136381761e-02
-1.963832005946369446e-15
-2.422109143399999164e-15
1.045085725915722158e-01
2.085062588572054731e-01
3.114759249262857299e-01
4.128886132089127914e-01
5.121992652011725378e-01
6.088442841152780227e-01
7.022413582607810456e-01
7.917918171718906217e-01
8.768856291756956800e-01
9.569089742023620948e-01
1.031254165134855905e+00
1.099331534968813306e+00
1.160582784760673114e+00
1.214495190114993628e+00
1.260616003128452789e+00
1.298566372293222138e+00
1.328054109549045458e+00
1.348884693228269871e+00
1.360969972820228246e+00
1.364334148158344417e+00
1.359116720898431607e+00
1.345572245832677538e+00
1.324066847610701592e+00
1.295071599433788023e+00
1.259152980407286959e+00
1.216960734179662440e+00
1.169213540304326004e+00
1.116682971755672549e+00
1.060176259038771329e+00
1.000518399652829737e+00
9.385341509091666978e-01
8.750304251211468154e-01
8.107795669770613278e-01
7.465039416716477971e-01
6.828622005388630400e-01
6.204375189344102370e-01
5.597280299990643471e-01
5.011396003613638461e-01
4.449810232860592074e-01
3.914616369019791597e-01
3.406913135851633023e-01
2.926827152628957984e-01
2.473556657165088823e-01
2.045434576886585587e-01
1.640008879594454239e-01
1.254137977504708457e-01
8.840988670798410887e-02
5.257056520070041428e-02
1.744360990390957447e-02
-1.744360990380858928e-02
-5.257056520148092188e-02
-8.840988671028392198e-02
-1.254137977500043577e-01
-1.640008879568402578e-01
-2.045434576958529149e-01
-2.473556657107947587e-01
-2.926827152596374049e-01
-3.406913135912527091e-01
-3.914616368980753380e-01
-4.449810232886530770e-01
-5.011396003564645429e-01
-5.597280300097038364e-01
-6.204375189280324498e-01
-6.828622005273913276e-01
-7.465039417114956999e-01
-8.107795669570696528e-01
-8.750304251579351655e-01
-9.385341509550031436e-01
-1.000518399644420908e+00
-1.060176259033137169e+00
-1.116682971744631825e+00
-1.169213540305945376e+00
-1.216960734215973172e+00
-1.259152980394383725e+00
-1.295071599441838917e+00
-1.324066847632878741e+00
-1.345572245813026147e+00
-1.359116720913338350e+00
-1.364334148207195119e+00
-1.360969972810412321e+00
-1.348884693268069146e+00
-1.328054109551146000e+00
-1.298566372298019189e+00
-1.260616003136837415e+00
-1.214495190104239342e+00
-1.160582784911001086e+00
-1.099331535019278272e+00
-1.031254165134433798e+00
-9.569089742358044548e-01
-8.768856291627818988e-01
-7.917918171859597010e-01
-7.022413581644788572e-01
-6.088442841072080336e-01
-5.121992651967118837e-01
-4.128886131999441322e-01
-3.114759249052985735e-01
-2.085062588634951086e-01
-1.045085725932702603e-01
-2.825755372356177674e-15
-2.722927590498824255e-15
1.201236863422509710e-01
2.400537684039976694e-01
3.595763068575946186e-01
4.784379682203869222e-01
5.963294412901223307e-01
7.128723813047784796e-01
8.276107270101912272e-01
9.400069789167678769e-01
1.049443738245208202e+00
1.155230519968028835e+00
1.256615547802119925e+00
1.352801974532044094e+00
1.442967761882859135e+00
1.526288244394956362e+00
1.601960306942251888e+00
1.669227047217152426e+00
1.727401786920130800e+00
1.775890370113905714e+00
1.814210796123344460e+00
1.842009389387543328e+00
1.859072891806693439e+00
1.865336065513867547e+00
1.860884601079078049e+00
1.845953328118070225e+00
1.820919917247485698e+00
1.786294425268447617e+00
1.742705179387991299e+00
1.690881602815712537e+00
1.631634662270597946e+00
1.565835660783519989e+00
1.494394113487178988e+00
1.418235428272412113e+00
1.338279073444991640e+00
1.255417856239825936e+00
1.170498857767545253e+00
1.084306485468617742e+00
9.975480092139428212e-01
9.108418516703712386e-01
8.247088083125629909e-01
7.395662822226061195e-01
6.557255350197270793e-01
5.733918804869261310e-01
4.926676826854889946e-01
4.135579661964542408e-01
3.359784022077486609e-01
2.597654004354952306e-01
1.846880116871255362e-01
1.104613283531413886e-01
3.676105842881784158e-02
-3.676105842881925712e-02
-1.104613283531489937e-01
-1.846880116870946720e-01
-2.597654004354526536e-01
-3.359784022077461074e-01
-4.135579661964273179e-01
-4.926676826854846647e-01
-5.733918804869052588e-01
-6.557255350197184196e-01
-7.395662822226564126e-01
-8.247088083124970437e-01
-9.108418516703642442e-01
-9.975480092139480393e-01
-1.084306485464408221e+00
-1.170498857767434009e+00
-1.255417856239775531e+00
-1.338279073444880618e+00
-1.418235428272669019e+00
-1.494394113487203191e+00
-1.565835660783611916e+00
-1.631634662270677882e+00
-1.690881602815816676e+00
-1.742705179388005066e+00
-1.786294425268558639e+00
-1.820919917247416198e+00
-1.845953328118068448e+00
-1.860884601079064060e+00
-1.865336065513782282e+00
-1.859072891806662131e+00
-1.842009389387588403e+00
-1.814210796123606917e+00
-1.775890370113935246e+00
-1.727401786930686800e+00
-1.669227047217209936e+00
-1.601960306892539210e+00
-1.526288244404836680e+00
-1.442967761882883559e+00
-1.352801974532082285e+00
-1.256615547356927154e+00
-1.155230519968028835e+00
-1.049443738156104589e+00
-9.400069788957581274e-01
-8.276107270787756987e-01
-7.128723813085284799e-01
-5.963294412628727947e-01
-4.784379682226810315e-01
-3.595763068564714615e-01
-2.400537684139405215e-01
-1.201236863509067831e-01
-3.186629607746683457e-15
-2.453416052328962589e-15
1.125624047486825513e-01
2.255052085574629495e-01
3.391695040067664868e-01
4.538197968573685070e-01
5.696106633895563487e-01
6.865590354741157864e-01
8.045234889373316101e-01
9.231915263748085021e-01
1.042075413967328279e+00
1.160516677960073517e+00
1.277698930220439122e+00
1.392668274226849690e+00
1.504360199771258788e+00
1.611631589927655428e+00
1.713296274034512123e+00
1.808162457026133429e+00
1.895070347225146223e+00
1.972928372823584464e+00
2.040746538864653736e+00
2.097665649101424723e+00
2.142981452581265600e+00
2.176162926756754601e+00
2.196864323471127811e+00
2.204930817189157288e+00
2.200397883892744488e+00
2.183484775866431971e+00
2.154582656651314654e+00
2.114238121378019919e+00
2.063132940986287966e+00
2.002060941993784926e+00
1.931902960146253623e+00
1.853600800931846093e+00
1.768131098061676010e+00
1.676479891170185033e+00
1.579618658292335942e+00
1.478482431989879942e+00
1.373950515766498848e+00
1.266830199398436552e+00
1.157843755108910022e+00
1.047618883127623635e+00
9.366826690917535725e-01
8.254590202250924325e-01
7.142694615307639827e-01
6.033370987500522586e-01
4.927934942690849751e-01
3.826881506664839838e-01
2.730002564041361657e-01
1.636523181177288733e-01
5.452528056676693435e-02
-5.452528056676737150e-02
-1.636523181176689490e-01
-2.730002564041023039e-01
-3.826881506664310262e-01
-4.927934942691249431e-01
-6.033370987499845350e-01
-7.142694615306468542e-01
-8.254590202251445019e-01
-9.366826690917067211e-01
-1.047618883127656719e+00
-1.157843755098086236e+00
-1.266830199370213350e+00
-1.373950515766283242e+00
-1.478482432027505844e+00
-1.579618658283413080e+00
-1.676479891160549629e+00
-1.768131098061861861e+00
-1.853600800943510540e+00
-1.931902960096798294e+00
-2.002060941993917265e+00
-2.063132940957923989e+00
-2.114238121378343216e+00
-2.154582656665046336e+00
-2.183484775866511907e+00
-2.200397883866357596e+00
-2.204930817124277631e+00
-2.196864323470559821e+00
-2.176162926756577853e+00
-2.142981452581179003e+00
-2.097665649115121766e+00
-2.040746538904365970e+00
-1.972928372806285413e+00
-1.895070347262794552e+00
-1.808162457112340693e+00
-1.713296273942303882e+00
-1.611631589876681758e+00
-1.504360199707173162e+00
-1.392668273794084310e+00
-1.277698929864919730e+00
-1.160516678047022632e+00
-1.042075413920136473e+00
-9.231915263853802678e-01
-8.045234889315427962e-01
-6.865590354897233016e-01
-5.696106633851990564e-01
-4.538197968547068584e-01
-3.391695040088147928e-01
-2.255052085690710806e-01
-1.125624047481439821e-01
-2.887565986964906215e-15
-1.665149204921006817e-15
8.329452718712379578e-02
1.677181254665599253e-01
2.543392120673224066e-01
3.441077242658836521e-01
4.378027941292860770e-01
5.359882970764298094e-01
6.389782229764721100e-01
7.468132974001429059e-01
8.592496945243138784e-01
9.757600724070191189e-01
1.095546557510977514e+00
1.217564748981922795e+00
1.340557328459438535e+00
1.463095475849140126e+00
1.583626019889400327e+00
1.700522100631348899e+00
1.812135090799543269e+00
1.916845606455836792e+00
2.013111618817875481e+00
2.099511941114516222e+00
2.174783687132955556e+00
2.237852656550826769e+00
2.287855976995563090e+00
2.324156699854082131e+00
2.346350396576466490e+00
2.354264107311936804e+00
2.347948261749263299e+00
2.327662398135421640e+00
2.293855663426342506e+00
2.247143174159930368e+00
2.188279366347416932e+00
2.118129459669209069e+00
2.037640163175883590e+00
1.947810380176885570e+00
1.849663454363814630e+00
1.744220893904217418e+00
1.632478870859290332e+00
1.515387765314912372e+00
1.393835162073655765e+00
1.268632568108889025e+00
1.140505959836749295e+00
1.010090174608659241e+00
8.779270507419161262e-01
7.444671310174151291e-01
6.100746517725706974e-01
4.750355740611179600e-01
3.395680720703589395e-01
2.038353364442922477e-01
6.796002522594529749e-02
-6.796002522575636529e-02
-2.038353364443033222e-01
-3.395680720703940780e-01
-4.750355740610753830e-01
-6.100746517725629259e-01
-7.444671310007747733e-01
-8.779270507379445254e-01
-1.010090174612385816e+00
-1.140505959758947307e+00
-1.268632568170839470e+00
-1.393835162104914094e+00
-1.515387765322290914e+00
-1.632478871190415237e+00
-1.744220893866108790e+00
-1.849663454491270009e+00
-1.947810379818155635e+00
-2.037640163188409570e+00
-2.118129459687771110e+00
-2.188279366384168867e+00
-2.247143174159381473e+00
-2.293855663404149592e+00
-2.327662398141801425e+00
-2.347948261736990450e+00
-2.354264107326975441e+00
-2.346350396568638086e+00
-2.324156699850145280e+00
-2.287855977005520014e+00
-2.237852656549603747e+00
-2.174783687118789555e+00
-2.099511941117586211e+00
-2.013111618823935522e+00
-1.916845606457796780e+00
-1.812135090775199631e+00
-1.700522100632288813e+00
-1.583626019908193294e+00
-1.463095475828046999e+00
-1.340557328463786835e+00
-1.217564748981564859e+00
-1.095546557496055451e+00
-9.757600724229471556e-01
-8.592496945119152407e-01
-7.468132973983290235e-01
-6.389782229765355037e-01
-5.359882970674285652e-01
-4.378027941416300362e-01
-3.441077242663765912e-01
-2.543392120605831863e-01
-1.677181254668769494e-01
-8.329452718503137232e-02
-1.985864522723981536e-15
-5.522183614010100921e-16
3.965842533955309113e-02
8.124200065927911218e-02
1.265947287146665101e-01
1.774018819961347970e-01
2.351193555962398929e-01
3.009129610585324910e-01
3.756101379242155480e-01
4.596659159642077497e-01
5.531442462100434332e-01
6.557150390736010692e-01
7.666665390125995128e-01
8.849319257191493593e-01
1.009128470089369234e+00
1.137607050707025058e+00
1.268509548158417211e+00
1.399831355179994352e+00
1.529486271877406933e+00
1.655371089170942556e+00
1.775427365887621400e+00
1.887698419886533419e+00
1.990379303556515600e+00
2.081859005563611920e+00
2.160753532068670602e+00
2.225929580815615871e+00
2.276518731668972784e+00
2.311922480807780289e+00
2.331808761245079964e+00
2.336100853249087450e+00
2.324959770925437930e+00
2.298761340435249156e+00
2.258069246428208832e+00
2.203605313951169542e+00
2.136218357421447056e+00
2.056852536531955433e+00
1.966516568074088811e+00
1.866254487248629523e+00
1.757118822369357680e+00
1.640146787105367654e+00
1.516339956488384599e+00
1.386647744618927813e+00
1.251954860889682664e+00
1.113072792279427459e+00
9.707352428132464128e-01
8.255973585112071911e-01
6.782384776015291106e-01
5.291680710712899360e-01
3.788344772011642547e-01
2.276359839756154357e-01
7.593377486412672406e-02
-7.593377486468190496e-02
-2.276359839767427562e-01
-3.788344772015642681e-01
-5.291680710713603242e-01
-6.782384776075595090e-01
-8.255973585234060996e-01
-9.707352428126270194e-01
-1.113072792295197289e+00
-1.251954860895243993e+00
-1.386647744623384026e+00
-1.516339956503699460e+00
-1.640146787111024462e+00
-1.757118822360572041e+00
-1.866254487249670246e+00
-1.966516568059163195e+00
-2.056852536542499443e+00
-2.136218357375226695e+00
-2.203605313949557054e+00
-2.258069246432149235e+00
-2.298761340437658784e+00
-2.324959770911188439e+00
-2.336100853231914076e+00
-2.331808761247068595e+00
-2.311922480834161853e+00
-2.276518731762063208e+00
-2.225929580807971764e+00
-2.160753532128683929e+00
-2.081859005575094290e+00
-1.990379303591326865e+00
-1.887698419928962812e+00
-1.775427365887214615e+00
-1.655371088880487118e+00
-1.529486271959488164e+00
-1.399831355173432268e+00
-1.268509548306844481e+00
-1.137607050780977236e+00
-1.009128468326856432e+00
-8.849319256424504898e-01
-7.666665388782883950e-01
-6.557150390074539814e-01
-5.531442461287536805e-01
-4.596659166271295782e-01
-3.756101376211364307e-01
-3.009129609447994680e-01
-2.351193556264914997e-01
-1.774018819729668017e-01
-1.265947287143225075e-01
-8.124200061583232435e-02
-3.965842533808829062e-02
-7.040189729053849075e-16
6.328482731201463695e-16
-8.425805073805855278e-03
-1.421541405779990982e-02
-1.483036639787803021e-02
-7.923544994830838614e-03
8.575252639109904110e-03
3.638526739583156089e-02
7.681514484179689795e-02
1.307198683790685156e-01
1.984755861655751463e-01
2.799727921988851009e-01
3.746274667918407797e-01
4.814089911991211168e-01
5.988829463063499725e-01
7.252663579475773226e-01
8.584925519630539625e-01
9.962825089905169573e-01
1.136219614363133124e+00
1.275824737012252408e+00
1.412628623934378158e+00
1.544239689330589638e+00
1.668404167743121169e+00
1.783057988092325630e+00
1.886368670965476779e+00
1.976766963827512713e+00
2.052967821595433229e+00
2.113981230777250531e+00
2.159113339627286354e+00
2.187959092964888441e+00
2.200387296184774133e+00
2.196519069529356383e+00
2.176702230139575089e+00
2.141481353071446048e+00
2.091566308538848507e+00
2.027799532736087151e+00
1.951124015901033237e+00
1.862551968148820070e+00
1.763136319845067135e+00
1.653944403338136526e+00
1.536035562834446866e+00
1.410442002976715070e+00
1.278154025499389945e+00
1.140108952255384667e+00
9.971841993858386877e-01
8.501942678028060474e-01
6.998911190219084810e-01
5.469679431462144414e-01
3.920658009388720555e-01
2.357826028084211434e-01
7.868404894745970046e-02
-7.868404894750519185e-02
-2.357826028087525172e-01
-3.920658009385493692e-01
-5.469679431460247043e-01
-6.998911190211387634e-01
-8.501942677962831540e-01
-9.971841993866604748e-01
-1.140108952257672836e+00
-1.278154025497259871e+00
-1.410442002979948262e+00
-1.536035562819851208e+00
-1.653944403344229652e+00
-1.763136319832311782e+00
-1.862551968518372014e+00
-1.951124015910482790e+00
-2.027799531890643436e+00
-2.091566308540338870e+00
-2.141481353055612047e+00
-2.176702230126892346e+00
-2.196519069532504531e+00
-2.200387296187915176e+00
-2.187959092950913398e+00
-2.159113339627270811e+00
-2.113981230797483679e+00
-2.052967821562223794e+00
-1.976766963834880819e+00
-1.886368670918427526e+00
-1.783057988182113585e+00
-1.668404167728890553e+00
-1.544239689349320210e+00
-1.412628623686777773e+00
-1.275824737041759471e+00
-1.136219614391219102e+00
-9.962825089862309413e-01
-8.584925519536376060e-01
-7.252663585747008979e-01
-5.988829461915362584e-01
-4.814089912028259866e-01
-3.746274667879265219e-01
-2.799727921917011253e-01
-1.984755861966407131e-01
-1.307198683852004717e-01
-7.681514486173819656e-02
-3.638526737904788227e-02
-8.575252628672770314e-03
7.923544994969392713e-03
1.483036639785935244e-02
1.421541405606255998e-02
8.425805074606664349e-03
6.670733415512209165e-16
1.662657782051227964e-15
-5.179114983899193309e-02
-1.004220117389905825e-01
-1.428406095743024462e-01
-1.762071423920653912e-01
-1.979891837545786071e-01
-2.060444498377193012e-01
-1.986880076957397989e-01
-1.747415777951636107e-01
-1.335634669327815660e-01
-7.505859221749719423e-02
3.310301390631317309e-04
9.165410584961228291e-02
1.974942242977476003e-01
3.160278040100061858e-01
4.450927247711816137e-01
5.822645959540688754e-01
7.249370202503203631e-01
8.704027991677274478e-01
1.015932955795725734e+00
1.158850900018575825e+00
1.296599487590091027e+00
1.426799220279375779e+00
1.547296359196132842e+00
1.656200242415012180e+00
1.751909589533611866e+00
1.833128023806640083e+00
1.898869414248881560e+00
1.948453959195200591e+00
1.981496164804834370e+00
1.997886017715384321e+00
1.997764749887149582e+00
1.981496620470915015e+00
1.949638071578079224e+00
1.902905607449901781e+00
1.842143524374855401e+00
1.768292604005232693e+00
1.682360610778564691e+00
1.585395371453723001e+00
1.478460954093025359e+00
1.362617383567655605e+00
1.238904135014978980e+00
1.108327484208211144e+00
9.718517953539420606e-01
8.303944568477915622e-01
6.848243758611738397e-01
5.359636641608428453e-01
3.845921245998772386e-01
2.314541114038165537e-01
7.726728150245129600e-02
-7.726728150272656193e-02
-2.314541114019165458e-01
-3.845921246011164141e-01
-5.359636641585174832e-01
-6.848243758649326107e-01
-8.303944568428697215e-01
-9.718517953347417526e-01
-1.108327484199635782e+00
-1.238904135011846375e+00
-1.362617383545308147e+00
-1.478460954092898350e+00
-1.585395371452687385e+00
-1.682360610757438479e+00
-1.768292604000913482e+00
-1.842143524381472997e+00
-1.902905607449779879e+00
-1.949638071599134159e+00
-1.981496620484323845e+00
-1.997764749884307189e+00
-1.997886017733121022e+00
-1.981496164539838123e+00
-1.948453959190945772e+00
-1.898869414140366585e+00
-1.833128023802960360e+00
-1.751909589532414824e+00
-1.656200242456517646e+00
-1.547296359226932649e+00
-1.426799220295748682e+00
-1.296599487567708930e+00
-1.158850900025585995e+00
-1.015932955826789552e+00
-8.704027992533440727e-01
-7.249370202257552354e-01
-5.822645959628763856e-01
-4.450927247701730316e-01
-3.160278039822267959e-01
-1.974942243129798047e-01
-9.165410584081000456e-02
-3.310301087958756900e-04
7.505859221984956253e-02
1.335634669296769106e-01
1.747415777814185500e-01
1.986880076883612567e-01
2.060444498465146546e-01
1.979891837641468422e-01
1.762071423971660333e-01
1.428406095592509029e-01
1.004220117430503489e-01
5.179114983887699725e-02
1.864576424751873141e-15
2.388979410001019334e-15
-8.423477588377797920e-02
-1.650238581971705809e-01
-2.390336384397043490e-01
-3.031501721790164083e-01
-3.545779800257977121e-01
-3.909262426858595707e-01
-4.102792179161725561e-01
-4.112484642148194758e-01
-3.930053864676016917e-01
-3.552934787999583177e-01
-2.984206422807034742e-01
-2.232327531027740453e-01
-1.310703920459246330e-01
-2.371139397026793619e-02
9.669792875424618184e-02
2.277194867993539429e-01
3.667047310980926511e-01
5.108772992614439845e-01
6.574138995893008541e-01
8.035206755494661568e-01
9.465028508985376954e-01
1.083825727704341713e+00
1.213165815753283194e+00
1.332451313351661337e+00
1.439891677533407854e+00
1.533996389344850053e+00
1.613583532688212419e+00
1.677779001620539612e+00
1.726007457244901566e+00
1.757976271726537254e+00
1.773653854016062681e+00
1.773243701289676233e+00
1.757155535170499938e+00
1.725974835771135751e+00
1.680431923010734518e+00
1.621371627409904814e+00
1.549724468318024684e+00
1.466480038880182413e+00
1.372663198815206931e+00
1.269313476979328614e+00
1.157467960809940077e+00
1.038147786060233724e+00
9.123482528645152634e-01
7.810324563857474756e-01
6.451281937230037844e-01
5.055279239571204286e-01
3.630913725617364030e-01
2.186503906038803902e-01
7.301560684552745040e-02
-7.301560684545367608e-02
-2.186503906037600975e-01
-3.630913725617612164e-01
-5.055279239574800298e-01
-6.451281937231327923e-01
-7.810324563856736457e-01
-9.123482528656610135e-01
-1.038147786050219734e+00
-1.157467960828530540e+00
-1.269313476940488350e+00
-1.372663198815361696e+00
-1.466480038968179134e+00
-1.549724467707186193e+00
-1.621371627418937367e+00
-1.680431922877172246e+00
-1.725974835508257366e+00
-1.757155535046698303e+00
-1.773243701301921105e+00
-1.773653854015444065e+00
-1.757976271717879957e+00
-1.726007457346324436e+00
-1.677779001611053644e+00
-1.613583532114287067e+00
-1.533996389305509300e+00
-1.439891677538494674e+00
-1.332451313387080782e+00
-1.213165815809686299e+00
-1.083825727699185171e+00
-9.465028507653402423e-01
-8.035206769125116111e-01
-6.574138981010123617e-01
-5.108772992783474631e-01
-3.667047310929518189e-01
-2.277194867959339564e-01
-9.669792867125119595e-02
2.371139390715780101e-02
1.310703920155392443e-01
2.232327530827645234e-01
2.984206422755666388e-01
3.552934788014129319e-01
3.930053876264676394e-01
4.112484642603309037e-01
4.102792176190094287e-01
3.909262427203156198e-01
3.545779800299000972e-01
3.031501721693121154e-01
2.390336384320915220e-01
1.650238581930363602e-01
8.423477588250574688e-02
2.716288232997970941e-15
2.758155931685347857e-15
-1.032169804337902397e-01
-2.029421100862212057e-01
-2.957930502399901962e-01
-3.786021595871521539e-01
-4.485132513379300190e-01
-5.030662355991339929e-01
-5.402665942541303723e-01
-5.586373488656127817e-01
-5.572520559369762427e-01
-5.357482334803639334e-01
-4.943214968796246223e-01
-4.337015137711972557e-01
-3.551116023265420973e-01
-2.602143849684823151e-01
-1.510463419754149439e-01
-2.994439016633282727e-02
1.005323300742426568e-01
2.376822692350901156e-01
3.787399809075727153e-01
5.209506352724468936e-01
6.616383684549299593e-01
7.982666655981057735e-01
9.284894821932689890e-01
1.050192353496859798e+00
1.161523147453879190e+00
1.260912532304608424e+00
1.347084726612205019e+00
1.419059182158465937e+00
1.476144227211748428e+00
1.517924088070907951e+00
1.544239897283968821e+00
1.555166828776735288e+00
1.550988005139428250e+00
1.532166638910802181e+00
1.499317482689721315e+00
1.453178579927072889e+00
1.394584173542902317e+00
1.324439478984388074e+00
1.243697882610300676e+00
1.153340974468747948e+00
1.054361690367087823e+00
9.477507030406558952e-01
8.344860866144553357e-01
7.155261721573846767e-01
5.918054190363233324e-01
4.642330493016743054e-01
3.336941249016212585e-01
2.010526934093488927e-01
6.715658547826809655e-02
-6.715658547939150347e-02
-2.010526934117627396e-01
-3.336941249077293170e-01
-4.642330493059655394e-01
-5.918054190386657920e-01
-7.155261721563447308e-01
-8.344860866379678610e-01
-9.477507030416210121e-01
-1.054361690373297966e+00
-1.153340974515134176e+00
-1.243697882617474937e+00
-1.324439478979444251e+00
-1.394584173549466843e+00
-1.453178579948958493e+00
-1.499317482688487857e+00
-1.532166638909677969e+00
-1.550988005120529145e+00
-1.555166828767949649e+00
-1.544239897284926055e+00
-1.517924088023822282e+00
-1.476144227187905056e+00
-1.419059182163096011e+00
-1.347084726644641517e+00
-1.260912532314910850e+00
-1.161523147480957530e+00
-1.050192353475379203e+00
-9.284894821703923995e-01
-7.982666656254621129e-01
-6.616383684105344720e-01
-5.209506353063938500e-01
-3.787399809341515655e-01
-2.376822692482244981e-01
-1.005323300741323284e-01
2.994439012906405240e-02
1.510463418824054271e-01
2.602143849712876822e-01
3.551116023850960368e-01
4.337015137699880563e-01
4.943214969190503072e-01
5.357482334621332942e-01
5.572520559311885391e-01
5.586373488617242256e-01
5.402665942532659527e-01
5.030662356026677218e-01
4.485132513444405888e-01
3.786021596100429543e-01
2.957930502502066350e-01
2.029421100831896863e-01
1.032169804320992590e-01
3.158750042429678074e-15
2.795831401400286146e-15
-1.093369798514656627e-01
-2.153373231030520085e-01
-3.147663141601559911e-01
-4.045891097612954734e-01
-4.820609670239387468e-01
-5.448063599913253174e-01
-5.908841630710508497e-01
-6.188367643506147431e-01
-6.277217156345971105e-01
-6.171253517820169954e-01
-5.871586149703852398e-01
-5.384360380685186964e-01
-4.720395458658084298e-01
-3.894692286134879278e-01
-2.925836951007139697e-01
-1.835328046473981844e-01
-6.468574475527728851e-02
6.144270139068493120e-02
1.922649557283498678e-01
3.251900979463496766e-01
4.576878781418761144e-01
5.873456740530015319e-01
7.119171285262129167e-01
8.293617237973744949e-01
9.378749497822516101e-01
1.035909091674989124e+00
1.122185054144520633e+00
1.195695765793989285e+00
1.255702439738724641e+00
1.301723874746290033e+00
1.333520993091208195e+00
1.351076992260186405e+00
1.354574574368667461e+00
1.344371303864345668e+00
1.320974112527514510e+00
1.285013864674036554e+00
1.237220773395650175e+00
1.178401327172084345e+00
1.109417252010225896e+00
1.031166901500585764e+00
9.445693403777551955e-01
8.505512680479949683e-01
7.500368204558106600e-01
6.439401911288907820e-01
5.331609271974271369e-01
4.185816829942822226e-01
3.010681515724952795e-01
1.814708440423243585e-01
6.062834649629945949e-02
-6.062834649653107283e-02
-1.814708440428227654e-01
-3.010681515724670243e-01
-4.185816829926968796e-01
-5.331609271985255916e-01
-6.439401911290549840e-01
-7.500368204551718376e-01
-8.505512680474868192e-01
-9.445693403751961315e-01
-1.031166901498490551e+00
-1.109417252008003008e+00
-1.178401327172294399e+00
-1.237220773392496032e+00
-1.285013864671257444e+00
-1.320974112523068733e+00
-1.344371303867327949e+00
-1.354574574368029971e+00
-1.351076992265172638e+00
-1.333520993097447649e+00
-1.301723874757796828e+00
-1.255702439737997667e+00
-1.195695765796082055e+00
-1.122185054144285932e+00
-1.035909091674956262e+00
-9.378749497625170628e-01
-8.293617237973823775e-01
-7.119171285258976134e-01
-5.873456740528338882e-01
-4.576878781420073428e-01
-3.251900979597125430e-01
-1.922649557393715791e-01
-6.144270140127364860e-02
6.468574475550313563e-02
1.835328046474789809e-01
2.925836950988789376e-01
3.894692285942307208e-01
4.720395458631965191e-01
5.384360380687445158e-01
5.871586149710524838e-01
6.171253517804027311e-01
6.277217156507235440e-01
6.188367643497639792e-01
5.908841627960440546e-01
5.448063599918284705e-01
4.820609670217264608e-01
4.045891097629524813e-01
3.147663141565465450e-01
2.153373231035670132e-01
1.093369798517021957e-01
3.219942933843362951e-15
2.576573444429260464e-15
-1.051876680660701335e-01
-2.073372672677205319e-01
-3.035017528723695235e-01
-3.909126354573068673e-01
-4.670607015310760390e-01
-5.297669435268326232e-01
-5.772412012075277543e-01
-6.081266077966164252e-01
-6.215286047223873567e-01
-6.170279914923020304e-01
-5.946781810964582027e-01
-5.549874854867449248e-01
-4.988878423858105760e-01
-4.276918706974558448e-01
-3.430405030194489946e-01
-2.468436714233566143e-01
-1.412166171064040132e-01
-2.841436570191120323e-02
8.923323414472630888e-02
2.093837457930299295e-01
3.297398017084550159e-01
4.481006872101691574e-01
5.624067401127358368e-01
6.707758450857193022e-01
7.715316736940159847e-01
8.632236540093815025e-01
9.446389929597508450e-01
1.014807257352809300e+00
1.072998284714611561e+00
1.118714293225634426e+00
1.151677174857684616e+00
1.171811956710813396e+00
1.179227473516019753e+00
1.174195196405785735e+00
1.157127127602181949e+00
1.128553574900253986e+00
1.089101511766083386e+00
1.039474118636632083e+00
9.804319869988838976e-01
9.127763425259114438e-01
8.373345436926541430e-01
7.549479938280527769e-01
6.664625279555226323e-01
5.727212177690824690e-01
4.745595020631661054e-01
3.728024313245112964e-01
2.682638235652162750e-01
1.617470214342197898e-01
5.404694070054142513e-02
-5.404694070054148064e-02
-1.617470214342958124e-01
-2.682638235633516555e-01
-3.728024313238849641e-01
-4.745595020593212920e-01
-5.727212177696670015e-01
-6.664625279598521690e-01
-7.549479938263001788e-01
-8.373345436902783767e-01
-9.127763425326480551e-01
-9.804319869996960257e-01
-1.039474118628284982e+00
-1.089101511785312448e+00
-1.128553574898126577e+00
-1.157127127595022342e+00
-1.174195196402983310e+00
-1.179227473545991778e+00
-1.171811956710843150e+00
-1.151677174857588026e+00
-1.118714293224479128e+00
-1.072998284715324768e+00
-1.014807257350409886e+00
-9.446389929553796749e-01
-8.632236540079220033e-01
-7.715316736959747512e-01
-6.707758450430065800e-01
-5.624067401117968101e-01
-4.481006872065068092e-01
-3.297398017397025760e-01
-2.093837457929647594e-01
-8.923323411867908894e-02
2.841436567717132988e-02
1.412166171100090184e-01
2.468436714246229347e-01
3.430405030535562116e-01
4.276918707067872694e-01
4.988878423993241551e-01
5.549874854842408167e-01
5.946781810639473198e-01
6.170279915029233120e-01
6.215286047183428142e-01
6.081266077927222069e-01
5.772412011532965792e-01
5.297669435207374988e-01
4.670607015235371251e-01
3.909126354563930983e-01
3.035017528693025879e-01
2.073372672698971242e-01
1.051876680680681325e-01
2.984478540747330730e-15
2.192765451865097885e-15
-9.415459474160245423e-02
-1.856517043065642192e-01
-2.719123513237635681e-01
-3.505116006951864982e-01
-4.192482943847194998e-01
-4.762064452418294791e-01
-5.198061531940912916e-01
-5.488424068081591001e-01
-5.625106980015408542e-01
-5.604189726929743598e-01
-5.425860341305237533e-01
-5.094270745604245754e-01
-4.617275063863213180e-01
-4.006066768975643511e-01
-3.274733589423628466e-01
-2.439751123707768476e-01
-1.519436985588262512e-01
-5.333871402101268699e-02
4.980850239436517002e-02
1.554488307420645588e-01
2.615655921381362381e-01
3.662197287385891564e-01
4.675889566007512821e-01
5.640002357383632203e-01
6.539552279926799105e-01
7.361486769603670099e-01
8.094799260579319533e-01
8.730581752025924347e-01
9.262015242528468528e-01
9.684314723597872154e-01
9.994627514274661007e-01
1.019189903962284705e+00
1.027671281288644822e+00
1.025111314181606170e+00
1.011841832947266706e+00
9.883031414098963907e-01
9.550254617231428433e-01
9.126112723124754078e-01
8.617189651524226335e-01
8.030481452190255665e-01
7.373268039995203305e-01
6.653005040070888443e-01
5.877236301419141995e-01
5.053526858296865099e-01
4.189415459825369670e-01
3.292385186163623301e-01
2.369850185275240717e-01
1.429156139462616215e-01
4.775917478465684096e-02
-4.775917478545612521e-02
-1.429156139487683108e-01
-2.369850185287458444e-01
-3.292385186141500997e-01
-4.189415459795887142e-01
-5.053526858306420788e-01
-5.877236301287576126e-01
-6.653005040306941842e-01
-7.373268039960452214e-01
-8.030481452214535132e-01
-8.617189651201252465e-01
-9.126112723299600882e-01
-9.550254617016110670e-01
-9.883031414086480559e-01
-1.011841832948861430e+00
-1.025111314206291313e+00
-1.027671281287823923e+00
-1.019189903974011102e+00
-9.994627514271646751e-01
-9.684314723598496100e-01
-9.262015242647877455e-01
-8.730581751563319948e-01
-8.094799261640198695e-01
-7.361486768783085388e-01
-6.539552280302393106e-01
-5.640002357461704197e-01
-4.675889566209327497e-01
-3.662197286770700333e-01
-2.615655921240332971e-01
-1.554488307399063407e-01
-4.980850241132735862e-02
5.333871406153595923e-02
1.519436985370055948e-01
2.439751123664599675e-01
3.274733588985616617e-01
4.006066768952434853e-01
4.617275064313128285e-01
5.094270745579082549e-01
5.425860341217432214e-01
5.604189726599673183e-01
5.625106980454146477e-01
5.488424068082595753e-01
5.198061531933360069e-01
4.762064452410801896e-01
4.192482943629399772e-01
3.505116006950431684e-01
2.719123513221765043e-01
1.856517043064260519e-01
9.415459474147579166e-02
2.557845405281213509e-15
1.731361820281043789e-15
-7.950307519251870181e-02
-1.567581065424204778e-01
-2.295828056923278904e-01
-2.959239361395810120e-01
-3.539158118103291062e-01
-4.019318908759831888e-01
-4.386276905930553416e-01
-4.629736553151096445e-01
-4.742770763499355446e-01
-4.721926439784105423e-01
-4.567217098344519832e-01
-4.282007903636640966e-01
-3.872802590786841304e-01
-3.348945143998116603e-01
-2.722251720204256209e-01
-2.006590056957076040e-01
-1.217424304124767459e-01
-3.713433834563067970e-02
5.144102156054448927e-02
1.422395495900177498e-01
2.335398385218824535e-01
3.236816440714492815e-01
4.110994350523287100e-01
4.943504457784041461e-01
5.721369156533836486e-01
6.433224440955011003e-01
7.069426106440862556e-01
7.622101883091665364e-01
8.085154302982346941e-01
8.454220210621880005e-01
8.726593522247165780e-01
8.901118249811865724e-01
8.978058984273098453e-01
8.958955607988604575e-01
8.846468878432270921e-01
8.644222772192441395e-01
8.356648909623427546e-01
7.988837470129789287e-01
7.546398352139822574e-01
7.035335379844795956e-01
6.461935641202749547e-01
5.832675244511795754e-01
5.154142006023171296e-01
4.432975088669477426e-01
3.675820845711951224e-01
2.889303737352910129e-01
2.080010709235605437e-01
1.254487069117738163e-01
4.192415955157671736e-02
-4.192415955157481611e-02
-1.254487069108572439e-01
-2.080010709244553002e-01
-2.889303737351300860e-01
-3.675820845693897887e-01
-4.432975088652959528e-01
-5.154142005422777117e-01
-5.832675244556528860e-01
-6.461935641217243509e-01
-7.035335379866138883e-01
-7.546398352162320133e-01
-7.988837470132144070e-01
-8.356648909167642136e-01
-8.644222772750991268e-01
-8.846468877262407826e-01
-8.958955607955124689e-01
-8.978058983279871841e-01
-8.901118249802101312e-01
-8.726593521189613956e-01
-8.454220210675034153e-01
-8.085154302981946151e-01
-7.622101883074074991e-01
-7.069426106448719604e-01
-6.433224441069862465e-01
-5.721369155431594855e-01
-4.943504459389101435e-01
-4.110994350374599926e-01
-3.236816440722841137e-01
-2.335398386521472247e-01
-1.422395496028478756e-01
-5.144102156490915068e-02
3.713433839375421958e-02
1.217424304119727047e-01
2.006590056985340931e-01
2.722251720175190570e-01
3.348945145023052294e-01
3.872802591194078325e-01
4.282007903717054975e-01
4.567217097343225229e-01
4.721926439804758346e-01
4.742770763413953206e-01
4.629736553166437507e-01
4.386276905926251302e-01
4.019318908767769982e-01
3.539158118145103171e-01
2.959239361386406530e-01
2.295828056925038885e-01
1.567581065428062248e-01
7.950307519231633591e-02
2.039633767511649981e-15
1.261026092440048164e-15
-6.386040227480935250e-02
-1.258715674985548816e-01
-1.842380008456517282e-01
-2.372697069060134833e-01
-2.834300724741408151e-01
-3.213781709104924778e-01
-3.500040477787621507e-01
-3.684558748037590759e-01
-3.761582264562341460e-01
-3.728211284341705900e-01
-3.584399158083240722e-01
-3.332863123757392465e-01
-2.978914745755510407e-01
-2.530220221281434534e-01
-1.996502925629343450e-01
-1.389201995381203203e-01
-7.211014825110238780e-02
-5.944599137065391219e-04
7.419530373268662382e-02
1.508078400159138244e-01
2.278073167947239630e-01
3.038053713372526055e-01
3.774891841277118743e-01
4.476451289588312399e-01
5.131777167285885843e-01
5.731237445310571887e-01
6.266617436089957360e-01
6.731169710292498332e-01
7.119623148831969450e-01
7.428155763832681169e-01
7.654336575374118823e-01
7.797042193811841715e-01
7.856353870742008860e-01
7.833440679366145964e-01
7.730434194345189303e-01
7.550299602701506796e-01
7.296707646464232200e-01
6.973911172807254477e-01
6.586629460066854014e-01
6.139942556770809912e-01
5.639197976916661137e-01
5.089930176881035662e-01
4.497793937082196769e-01
3.868511439218335068e-01
3.207832599960330766e-01
2.521507754893123066e-01
1.815271408675758480e-01
1.094835457837057130e-01
3.658900390018765547e-02
-3.658900390018928611e-02
-1.094835457837180920e-01
-1.815271408676604470e-01
-2.521507754893386188e-01
-3.207832599962591735e-01
-3.868511439219829429e-01
-4.497793937084706983e-01
-5.089930176741113144e-01
-5.639197976897288855e-01
-6.139942556701346588e-01
-6.586629460170013717e-01
-6.973911172996226648e-01
-7.296707646458437946e-01
-7.550299602948680189e-01
-7.730434194321345043e-01
-7.833440679360872405e-01
-7.856353870615038204e-01
-7.797042193813582545e-01
-7.654336575374053320e-01
-7.428155763833871328e-01
-7.119623148840882321e-01
-6.731169710307405296e-01
-6.266617436104994221e-01
-5.731237445520743767e-01
-5.131777167043541921e-01
-4.476451289587070059e-01
-3.774891841277833171e-01
-3.038053713783520071e-01
-2.278073167617879202e-01
-1.508078400468636782e-01
-7.419530373694248337e-02
5.944597760004270920e-04
7.211014829362584477e-02
1.389201994819480035e-01
1.996502924851756844e-01
2.530220221504561606e-01
2.978914745609558268e-01
3.332863123560939611e-01
3.584399158272238983e-01
3.728211284560019045e-01
3.761582264853482460e-01
3.684558748028866626e-01
3.500040477883204493e-01
3.213781708871732978e-01
2.834300724690118067e-01
2.372697069082564947e-01
1.842380008473416542e-01
1.258715674949325569e-01
6.386040228106938665e-02
1.508671920515821521e-15
8.281492850107236642e-16
-4.904116120912407895e-02
-9.659617057157468545e-02
-1.412219192511228183e-01
-1.815598138165566700e-01
-2.163741825039662559e-01
-2.445862633071479442e-01
-2.653026296065260081e-01
-2.778371626331058719e-01
-2.817259701399938976e-01
-2.767349582324135637e-01
-2.628600705203603116e-01
-2.403205033627325571e-01
-2.095454684305570747e-01
-1.711552975618566008e-01
-1.259378571002811587e-01
-7.482135760566439864e-02
-1.884470544567557262e-02
4.087344976753880949e-02
1.031658617149872476e-01
1.668470063622228550e-01
2.307416697975294140e-01
2.937110560474794352e-01
3.546758213000272275e-01
4.126356177996837182e-01
4.666848952630917591e-01
5.160248666173932186e-01
5.599716913654858574e-01
5.979610498392872175e-01
6.295493894042089034e-01
6.544121970409410016e-01
6.723397140248287274e-01
6.832305364673382231e-01
6.870835638205899931e-01
6.839887475757255864e-01
6.741170769496079851e-01
6.577102021521019637e-01
6.350700582496946467e-01
6.065488010641435501e-01
5.725393180905971047e-01
5.334665213277062223e-01
4.897795770711526608e-01
4.419451747048823154e-01
3.904418884824331082e-01
3.357556402307150245e-01
2.783762299698811504e-01
2.187948652952207418e-01
1.575025884463008286e-01
9.498947362575957398e-02
3.174444568008856493e-02
-3.174444568060018346e-02
-9.498947362066965938e-02
-1.575025884457312841e-01
-2.187948652981637765e-01
-2.783762299670987650e-01
-3.357556402308114474e-01
-3.904418884792038025e-01
-4.419451747149545917e-01
-4.897795770755820621e-01
-5.334665213273857010e-01
-5.725393180760346423e-01
-6.065488010393151885e-01
-6.350700582372278413e-01
-6.577102021243712571e-01
-6.741170769248515660e-01
-6.839887475976691444e-01
-6.870835637938431661e-01
-6.832305364966160255e-01
-6.723397139753664042e-01
-6.544121970230316609e-01
-6.295493893250347917e-01
-5.979610497929707114e-01
-5.599716913795140805e-01
-5.160248666394010586e-01
-4.666848951364440667e-01
-4.126356177965216920e-01
-3.546758212674679944e-01
-2.937110560697299144e-01
-2.307416698127077448e-01
-1.668470063060124020e-01
-1.031658617116782556e-01
-4.087344971367502106e-02
1.884470543216711438e-02
7.482135760958694148e-02
1.259378571738180019e-01
1.711552975805046006e-01
2.095454684617315544e-01
2.403205033744412189e-01
2.628600704940637911e-01
2.767349581699362626e-01
2.817259701605259181e-01
2.778371626158326890e-01
2.653026296032661158e-01
2.445862632854321206e-01
2.163741824842909944e-01
1.815598138241871218e-01
1.412219192326714945e-01
9.659617057543638807e-02
4.904116121506918446e-02
1.018369920752987884e-15
4.586383383067736658e-16
-3.609848183269918215e-02
-7.102540088127445861e-02
-1.036431017520427350e-01
-1.328805218074771144e-01
-1.577634886243039769e-01
-1.774415764691096298e-01
-1.912106257611144167e-01
-1.985302204022733608e-01
-1.990356598890637985e-01
-1.925441672631155454e-01
-1.790553453805358852e-01
-1.587461019791764627e-01
-1.319604761057415476e-01
-9.919497329273713193e-02
-6.108015297411104050e-02
-1.835930749634873127e-02
2.813487481366294674e-02
7.750476267035320832e-02
1.288124784810598944e-01
1.811040308302965529e-01
2.334321653605418712e-01
2.848773304412324792e-01
3.345662763842725540e-01
3.816879444749952111e-01
4.255064160228439474e-01
4.653708573887505584e-01
5.007224482717690384e-01
5.310984403455702996e-01
5.561335415752329814e-01
5.755588984008473963e-01
5.891989944697660908e-01
5.969668085559111104e-01
5.988576004904139216e-01
5.949416806290801496e-01
5.853564938820282615e-01
5.702983928322895579e-01
5.500143220670475896e-01
5.247937234043669186e-01
4.949608558504741129e-01
4.608677075099969489e-01
4.228876296365892684e-01
3.814097824574764761e-01
3.368344412543479161e-01
2.895691749920807356e-01
2.400258759840071532e-01
1.886185876075701651e-01
1.357620527144040856e-01
8.187088122414819258e-02
2.735921853614860233e-02
-2.735921853661502784e-02
-8.187088122398678003e-02
-1.357620527100383556e-01
-1.886185876100832381e-01
-2.400258759879817516e-01
-2.895691749975073392e-01
-3.368344412426870771e-01
-3.814097824788354463e-01
-4.228876296152024317e-01
-4.608677074729367051e-01
-4.949608558469077990e-01
-5.247937233921473599e-01
-5.500143220759793339e-01
-5.702983928168301464e-01
-5.853564938604343126e-01
-5.949416806015543902e-01
-5.988576004026221478e-01
-5.969668085021457848e-01
-5.891989944293913872e-01
-5.755588984528037244e-01
-5.561335415234728297e-01
-5.310984403647645014e-01
-5.007224482890921813e-01
-4.653708573178256258e-01
-4.255064159929792811e-01
-3.816879444810740152e-01
-3.345662763273111739e-01
-2.848773303971361415e-01
-2.334321654063844786e-01
-1.811040308447307845e-01
-1.288124784728360284e-01
-7.750476269312346622e-02
-2.813487482335103387e-02
1.835930745022657656e-02
6.108015295957332919e-02
9.919497331373117177e-02
1.319604761519135860e-01
1.587461019596107525e-01
1.790553453606507084e-01
1.925441672584668196e-01
1.990356598999144522e-01
1.985302204104812396e-01
1.912106257710906865e-01
1.774415764441767129e-01
1.577634886353780630e-01
1.328805218082798889e-01
1.036431017716055170e-01
7.102540086322424451e-02
3.609848183225678603e-02
5.987071856764258758e-16
1.624497151675330864e-16
-2.548532552481898653e-02
-5.006149574145451336e-02
-7.284571164358200068e-02
-9.300694802095181568e-02
-1.097895367270879663e-01
-1.225341040602060255e-01
-1.306951702723830044e-01
-1.338548680730375917e-01
-1.317324060010210129e-01
-1.241890828903774308e-01
-1.112288418320174083e-01
-9.299452639818234223e-02
-6.976016038373801520e-02
-4.191970798659555575e-02
-9.972878785292372053e-03
2.549138203718823853e-02
6.381303462577155028e-02
1.042800214349363791e-01
1.461476049161627988e-01
1.886573354000414260e-01
2.310550854008639465e-01
2.726076715304774356e-01
3.126176788484484881e-01
3.504362032883180378e-01
3.854733281394614464e-01
4.172062487698808830e-01
4.451850484883750347e-01
4.690362019463156229e-01
4.884639687682573173e-01
5.032498594789190927e-01
5.132504293541588769e-01
5.183936609356215586e-01
5.186742162475685980e-01
5.141478404392211266e-01
5.049251905488322256e-01
4.911653468796678967e-01
4.730692410620863098e-01
4.508732083529751744e-01
4.248428387939064410e-01
3.952672710130793465e-01
3.624540370468030681e-01
3.267245345071564389e-01
2.884101698155848159e-01
2.478491865005386097e-01
2.053841647446407181e-01
1.613601535989342695e-01
1.161233757518740917e-01
7.002042588132854906e-02
2.339786875441730168e-02
-2.339786875386141649e-02
-7.002042588129939182e-02
-1.161233757485631291e-01
-1.613601536002053360e-01
-2.053841647447195440e-01
-2.478491865003307759e-01
-2.884101698153394011e-01
-3.267245345044963445e-01
-3.624540370468814499e-01
-3.952672710130728517e-01
-4.248428387938478212e-01
-4.508732083531727941e-01
-4.730692410619455890e-01
-4.911653468543851209e-01
-5.049251905678601160e-01
-5.141478404405271929e-01
-5.186742162474986539e-01
-5.183936609348462898e-01
-5.132504293540377516e-01
-5.032498594789708291e-01
-4.884639687682790221e-01
-4.690362019466029486e-01
-4.451850484881165748e-01
-4.172062487885372373e-01
-3.854733281462152106e-01
-3.504362033669782828e-01
-3.126176788352322267e-01
-2.726076715276883333e-01
-2.310550853948139249e-01
-1.886573353750812254e-01
-1.461476049437345492e-01
-1.042800214256617009e-01
-6.381303465743388970e-02
-2.549138205183448455e-02
9.972878785723724923e-03
4.191970798962066369e-02
6.976016032264592548e-02
9.299452639812684496e-02
1.112288418207083435e-01
1.241890828903452759e-01
1.317324060008919218e-01
1.338548680718789907e-01
1.306951702724519493e-01
1.225341040689915811e-01
1.097895367322524740e-01
9.300694801483178065e-02
7.284571163709510633e-02
5.006149574255388396e-02
2.548532552400951598e-02
2.613906152935535145e-16
-6.129984757615656572e-17
-1.724192498654524008e-02
-3.378710611176439366e-02
-4.895907023135301350e-02
-6.212117216074312942e-02
-7.269475737235958634e-02
-8.017531169183009232e-02
-8.414606931880232177e-02
-8.428866186571709607e-02
-8.039051809312690311e-02
-7.234885990784133136e-02
-6.017127795481489599e-02
-4.397300129355845993e-02
-2.397109825176343967e-02
-4.759473648410477288e-04
2.611959719159386017e-02
5.535286308185782128e-02
8.670532084874095491e-02
1.196173190156860910e-01
1.535030738679346307e-01
1.877654282378696526e-01
2.218099405078821640e-01
2.550579276139974816e-01
2.869581571315373836e-01
3.169969576771541897e-01
3.447065940551637397e-01
3.696718362929188872e-01
3.915346924097239389e-01
4.099973858710090902e-01
4.248236615643639635e-01
4.358385773093342852e-01
4.429269599909948507e-01
4.460307290691207793e-01
4.451453025599657054e-01
4.403153036670849896e-01
4.316297822502728199e-01
4.192171534684241974e-01
4.032400399138075242e-01
3.838901824337249136e-01
3.613835616220003599e-01
3.359558460716118855e-01
3.078582576382388192e-01
2.773539174505897931e-01
2.447147112909326405e-01
2.102186884178932902e-01
1.741479861100768967e-01
1.367872515388036392e-01
9.842251523010606129e-02
5.934045484757954209e-02
1.982797567630534274e-02
-1.982797567657328813e-02
-5.934045484675375820e-02
-9.842251523010378533e-02
-1.367872515368638853e-01
-1.741479861079068270e-01
-2.102186884208658846e-01
-2.447147112908218680e-01
-2.773539174505659233e-01
-3.078582576336930110e-01
-3.359558460715919015e-01
-3.613835616171188203e-01
-3.838901824277332064e-01
-4.032400399070992236e-01
-4.192171534755812501e-01
-4.316297822512631388e-01
-4.403153036669013032e-01
-4.451453025587078227e-01
-4.460307290782592471e-01
-4.429269599815897074e-01
-4.358385772997002139e-01
-4.248236615645229475e-01
-4.099973858610949096e-01
-3.915346924003683671e-01
-3.696718362929000135e-01
-3.447065940662428773e-01
-3.169969576742089901e-01
-2.869581571277857734e-01
-2.550579276116455296e-01
-2.218099404894395277e-01
-1.877654282380082085e-01
-1.535030738431076014e-01
-1.196173190053625296e-01
-8.670532084874059409e-02
-5.535286308153385820e-02
-2.611959719132215391e-02
4.759473662350002278e-04
2.397109825168900268e-02
4.397300130982028515e-02
6.017127793634837601e-02
7.234885992044907954e-02
8.039051808943721567e-02
8.428866187812873723e-02
8.414606931886824126e-02
8.017531168393980667e-02
7.269475737246915148e-02
6.212117215423306610e-02
4.895907022640216127e-02
3.378710611505156974e-02
1.724192498819789379e-02
5.690790870338441619e-18
-2.198532925807942826e-16
-1.116212436062451879e-02
-2.179533573700835961e-02
-3.138618364108092945e-02
-3.945160476498773411e-02
-4.555279602337729272e-02
-4.930756862593681233e-02
-5.040078242533626435e-02
-4.859254253970986953e-02
-4.372393496256902351e-02
-3.572017916857587322e-02
-2.459117875444917153e-02
-1.042955023220468180e-02
6.593697957433894245e-03
2.623558592356096605e-02
4.818936700331957756e-02
7.209415541854698184e-02
9.754558607966028194e-02
1.241071056580067417e-01
1.513215001015406902e-01
1.787222876602466703e-01
2.058446333460715594e-01
2.322355073033695316e-01
2.574628200309043158e-01
2.811233813037383178e-01
3.028495353534162993e-01
3.223144109565059257e-01
3.392357699405210703e-01
3.533784853957107064e-01
3.645557237763651370e-01
3.726289385298791057e-01
3.775068089938289351e-01
3.791432784910396814e-01
3.775348536559958168e-01
3.727173347097088585e-01
3.647621412299978938e-01
3.537723921344210765e-01
3.398788866840766754e-01
3.232361171399932842e-01
3.040184269990825472e-01
2.824164084441142530e-01
2.586336094815378517e-01
2.328836239239703287e-01
2.053875460052436708e-01
1.763718730920995070e-01
1.460667992521417768e-01
1.147049010083535103e-01
8.252017697526739526e-02
4.974739401611289608e-02
1.662168281727044797e-02
-1.662168281688459343e-02
-4.974739401680892265e-02
-8.252017697629319970e-02
-1.147049010160352128e-01
-1.460667992518043246e-01
-1.763718730941832291e-01
-2.053875460073588954e-01
-2.328836239248092410e-01
-2.586336094931490082e-01
-2.824164084558934418e-01
-3.040184270114987264e-01
-3.232361171552758927e-01
-3.398788866961827138e-01
-3.537723921432072705e-01
-3.647621412231271676e-01
-3.727173347084870580e-01
-3.775348536412053146e-01
-3.791432784906687559e-01
-3.775068090371927476e-01
-3.726289384962328533e-01
-3.645557237642571558e-01
-3.533784853544846838e-01
-3.392357698951927181e-01
-3.223144109674835334e-01
-3.028495353328941042e-01
-2.811233813234896295e-01
-2.574628200326573024e-01
-2.322355072925597341e-01
-2.058446333490323021e-01
-1.787222876700752805e-01
-1.513215004311833367e-01
-1.241071056620728502e-01
-9.754558607532341774e-02
-7.209415542404247479e-02
-4.818936700356788588e-02
-2.623558592258818170e-02
-6.593697969048680635e-03
1.042955023190960187e-02
2.459117876504907443e-02
3.572017918502619349e-02
4.372393496564598581e-02
4.859254252810903119e-02
5.040078242698348837e-02
4.930756862748880698e-02
4.555279602352318297e-02
3.945160476023586160e-02
3.138618364036204617e-02
2.179533573695069740e-02
1.116212435978528386e-02
-1.764343325758092109e-16
-3.234313660025901088e-16
-6.919849559510329179e-03
-1.344078615748814202e-02
-1.917561871478767194e-02
-2.376019707230540498e-02
-2.686394288757952206e-02
-2.819924147312792562e-02
-2.752939275726509413e-02
-2.467488040387662979e-02
-1.951778861770068693e-02
-1.200427089428730311e-02
-2.145051728328207889e-03
9.985983296448173660e-03
2.425498558764125137e-02
4.047294583189404299e-02
5.840186826781739587e-02
7.776204803721473158e-02
9.824015965747419366e-02
1.194978551680962037e-01
1.411805736834039482e-01
1.629262787940190527e-01
1.843738648982929662e-01
2.051710062672956747e-01
2.249812634843533499e-01
2.434902866157089563e-01
2.604110504088302802e-01
2.754880103022515070e-01
2.885001999946950058e-01
2.992632735129093224e-01
3.076305434005354167e-01
3.134930894165601223e-01
3.167790517138264206e-01
3.174521995237157834e-01
3.155099176288180263e-01
3.109807312642623445e-01
3.039214987533754853e-01
2.944143941056648339e-01
2.825637948593939242e-01
2.684931780922939493e-01
2.523421148274420100e-01
2.342634380740531153e-01
2.144206440668702807e-01
1.929855707259509057e-01
1.701363807548710028e-01
1.460558625582658865e-01
1.209300474652582336e-01
9.494712850818297356e-02
6.829665505754749233e-02
4.116896690450096846e-02
1.375482337970351104e-02
-1.375482338013016628e-02
-4.116896690227536681e-02
-6.829665505995392849e-02
-9.494712850581964181e-02
-1.209300474664704583e-01
-1.460558625697314927e-01
-1.701363807416775842e-01
-1.929855707217982275e-01
-2.144206440657338009e-01
-2.342634380704587682e-01
-2.523421148479101372e-01
-2.684931780991132166e-01
-2.825637948729761151e-01
-2.944143940912129498e-01
-3.039214987696611803e-01
-3.109807313005434337e-01
-3.155099176323437615e-01
-3.174521995383522976e-01
-3.167790517215771651e-01
-3.134930894275471669e-01
-3.076305434351299661e-01
-2.992632735108156083e-01
-2.885002000120716059e-01
-2.754880103019637927e-01
-2.604110504210694899e-01
-2.434902866285345024e-01
-2.249812635288486462e-01
-2.051710062734189710e-01
-1.843738648988395845e-01
-1.629262787910173427e-01
-1.411805736795810062e-01
-1.194978551661954325e-01
-9.824015966610696871e-02
-7.776204803625007267e-02
-5.840186825845801455e-02
-4.047294582575287902e-02
-2.425498558086796458e-02
-9.985983303561266761e-03
2.145051734694783992e-03
1.200427089065436714e-02
1.951778861595144382e-02
2.467488040342491820e-02
2.752939275460944413e-02
2.819924147243130230e-02
2.686394288146942005e-02
2.376019707175667031e-02
1.917561871540321081e-02
1.344078615560173086e-02
6.919849559919578202e-03
-2.964682517142472388e-16
-3.829660007815125369e-16
-4.154381132226867002e-03
-8.008891797092944353e-03
-1.127250818645021344e-02
-1.367159942948684669e-02
-1.495788602761105764e-02
-1.491554809018480823e-02
-1.336725706393305201e-02
-1.017894946558282714e-02
-5.263212820683323134e-03
1.418790666765812553e-03
9.856880408605000685e-03
1.999285624350542398e-02
3.172285113523370947e-02
4.490090411778343421e-02
5.934358272762896291e-02
7.483545612120601209e-02
9.113520179647739694e-02
1.079821204319463268e-01
1.251028344468957387e-01
1.422179556795969413e-01
1.590485248931771400e-01
1.753220492737958824e-01
1.907779920754331116e-01
2.051725995213687925e-01
2.182829825025237314e-01
2.299104021050556446e-01
2.398827421998841747e-01
2.480561726140369794e-01
2.543160425019432291e-01
2.585770580319004530e-01
2.607828129000644979e-01
2.609047620772103615e-01
2.589407294194246978e-01
2.549130434474017881e-01
2.488664059916655402e-01
2.408655829152686056e-01
2.309930090363759847e-01
2.193463799336043130e-01
2.060363248690796900e-01
1.911841873142723358e-01
1.749199873274920047e-01
1.573805905209820499e-01
1.387081087149483749e-01
1.190485438954318326e-01
9.855067542830339700e-02
7.736518046412957372e-02
5.564396800992321701e-02
3.353969911537386939e-02
1.120545893105751208e-02
-1.120545893106393229e-02
-3.353969911538065563e-02
-5.564396800985638158e-02
-7.736518046414021799e-02
-9.855067542834812511e-02
-1.190485438968140047e-01
-1.387081087167202353e-01
-1.573805905209012812e-01
-1.749199873312068942e-01
-1.911841873148638904e-01
-2.060363248688099613e-01
-2.193463799336323461e-01
-2.309930090365942545e-01
-2.408655828834225521e-01
-2.488664059911788740e-01
-2.549130434477464013e-01
-2.589407294203467935e-01
-2.609047620784054056e-01
-2.607828129002567330e-01
-2.585770580320012058e-01
-2.543160425091545163e-01
-2.480561726048928495e-01
-2.398827421996131415e-01
-2.299104021034592549e-01
-2.182829824784470740e-01
-2.051725995249985279e-01
-1.907779920733215784e-01
-1.753220492734501312e-01
-1.590485248932484441e-01
-1.422179556795574173e-01
-1.251028344467538245e-01
-1.079821204316966932e-01
-9.113520179657598475e-02
-7.483545612163719496e-02
-5.934358272794776346e-02
-4.490090411772844348e-02
-3.172285113511117555e-02
-1.999285624379345747e-02
-9.856880408651706379e-03
-1.418790666936948445e-03
5.263212820812553094e-03
1.017894946564633363e-02
1.336725706373874042e-02
1.491554809033519835e-02
1.495788602376160389e-02
1.367159942687605663e-02
1.127250818479455692e-02
8.008891796375908548e-03
4.154381133027663063e-03
-3.667394316004372806e-16
-4.087550405214092663e-16
-2.521357765025905150e-03
-4.817249187910738195e-03
-6.668864922976002960e-03
-7.870486408095780581e-03
-8.235482646908457924e-03
-7.601674745366054572e-03
-5.835898670015925507e-03
-2.837630562863352121e-03
1.458424380444183367e-03
7.080836644476838290e-03
1.402106692763043297e-02
2.223416525242984804e-02
3.164049162691956463e-02
4.212835643344357839e-02
5.355748558696607486e-02
6.576308956936753602e-02
7.856047426288678692e-02
9.174995202989892629e-02
1.051219142521809535e-01
1.184618985610360192e-01
1.315555011609124414e-01
1.441930013209576089e-01
1.561735852111004463e-01
1.673090792375710179e-01
1.774271268748047747e-01
1.863737671668299622e-01
1.940153963455344410e-01
2.002401157450068303e-01
2.049584885033539916e-01
2.081037441922403697e-01
2.096314839050603951e-01
2.095189486304459558e-01
2.077639206677279193e-01
2.043833316646455067e-01
1.994116518019652950e-01
1.928991329349393491e-01
1.849099745688107532e-01
1.755204756835100910e-01
1.648172282354486151e-01
1.528953995738999427e-01
1.398571421280564719e-01
1.258101591025937993e-01
1.108664454545988526e-01
9.514121410763397291e-02
7.875200850727075153e-02
6.181799443454939064e-02
4.445941662370680308e-02
2.679719925705261255e-02
8.952664126481803264e-03
-8.952664126270036896e-03
-2.679719925704321729e-02
-4.445941662369485431e-02
-6.181799443633505947e-02
-7.875200850728975022e-02
-9.514121410754558528e-02
-1.108664454544857070e-01
-1.258101590988072171e-01
-1.398571421281774307e-01
-1.528953995740397753e-01
-1.648172282355026830e-01
-1.755204756849297332e-01
-1.849099745689214702e-01
-1.928991329348698491e-01
-1.994116518020210838e-01
-2.043833316646548326e-01
-2.077639206677370232e-01
-2.095189486306288096e-01
-2.096314839049485679e-01
-2.081037441922290454e-01
-2.049584885033989556e-01
-2.002401157436751178e-01
-1.940153963455183705e-01
-1.863737671665398332e-01
-1.774271268747723840e-01
-1.673090792372852187e-01
-1.561735852116696299e-01
-1.441930013208073125e-01
-1.315555011593881329e-01
-1.184618985607849700e-01
-1.051219142519847355e-01
-9.174995202990121612e-02
-7.856047426209554485e-02
-6.576308957286058909e-02
-5.355748558488657163e-02
-4.212835643331865748e-02
-3.164049163682045029e-02
-2.223416525243639141e-02
-1.402106692774965704e-02
-7.080836644618473258e-03
-1.458424385840679767e-03
2.837630560519306157e-03
5.835898672591180621e-03
7.601674741832072438e-03
8.235482650936163176e-03
7.870486398621458213e-03
6.668864921040566773e-03
4.817249188363453317e-03
2.521357764270820354e-03
-3.988787594191285453e-16
-4.097867586207516889e-16
-1.718780910420570360e-03
-3.267317091825042413e-03
-4.480364928868160908e-03
-5.202517609722377007e-03
-5.292716792280188765e-03
-4.628295049417653281e-03
-3.108423068274203480e-03
-6.568595377161789636e-04
2.776070645559595637e-03
7.212314246542007347e-03
1.264575760523173505e-02
1.904270785462020693e-02
2.634313938154551893e-02
3.446265730194836979e-02
4.329503273987085621e-02
5.271527435855455357e-02
6.258306381070082025e-02
7.274645168088214597e-02
8.304568497248146497e-02
9.331704433528152653e-02
1.033965783724886817e-01
1.131236328869946184e-01
1.223440893429603576e-01
1.309132417256805014e-01
1.386982597805877238e-01
1.455802042961978626e-01
1.514555773883903556e-01
1.562374076287759983e-01
1.598558843898928716e-01
1.622585688678226667e-01
1.634102195214470477e-01
1.632922784640470082e-01
1.619020704762560436e-01
1.592517701147816434e-01
1.553671933022876817e-01
1.502864693920022143e-01
1.440586460713910444e-01
1.367422765745134050e-01
1.284040323196951050e-01
1.191173782413539051e-01
1.089613412585032359e-01
9.801939481977928192e-02
8.637847534056261600e-02
7.412813906151408117e-02
6.135986076533746225e-02
4.816646980148694968e-02
3.464171239467281338e-02
2.087992476508756384e-02
6.975796833224657059e-03
-6.975796833132400995e-03
-2.087992476562997024e-02
-3.464171239602800018e-02
-4.816646980077452650e-02
-6.135986077179823167e-02
-7.412813905705256667e-02
-8.637847534081692646e-02
-9.801939481679972088e-02
-1.089613412563943118e-01
-1.191173782376320628e-01
-1.284040323137564110e-01
-1.367422765787117134e-01
-1.440586460737990071e-01
-1.502864693910288540e-01
-1.553671933012774065e-01
-1.592517700918203438e-01
-1.619020704658049870e-01
-1.632922784559261986e-01
-1.634102195216064202e-01
-1.622585688612304677e-01
-1.598558843856433265e-01
-1.562374076370285914e-01
-1.514555773977844244e-01
-1.455802043168949456e-01
-1.386982597865780986e-01
-1.309132417241079815e-01
-1.223440893370407873e-01
-1.131236328802795454e-01
-1.033965783681743966e-01
-9.331704435647134033e-02
-8.304568499557758721e-02
-7.274645167413416880e-02
-6.258306383186684752e-02
-5.271527435489493235e-02
-4.329503274291784248e-02
-3.446265730025065144e-02
-2.634313937133234487e-02
-1.904270785288986190e-02
-1.264575759141094678e-02
-7.212314238275040375e-03
-2.776070644845354905e-03
6.568595303279862584e-04
3.108423060336696058e-03
4.628295048746656169e-03
5.292716783584788462e-03
5.202517603921906660e-03
4.480364925641452944e-03
3.267317091740065248e-03
1.718780910702919374e-03
-4.030435072499401622e-16
-3.935035173654044953e-16
-1.496595175406046979e-03
-2.863498354637322024e-03
-3.974772878954594552e-03
-4.711871823727039124e-03
-4.967027453202460530e-03
-4.646301731525558261e-03
-3.672187998752050615e-03
-1.985699058607537284e-03
4.521212275481181959e-04
3.659289878267006895e-03
7.632601417639503852e-03
1.234794937279710958e-02
1.776122713077105814e-02
2.380975579060750497e-02
3.041417318232084860e-02
3.748070479699162905e-02
4.490372913080837441e-02
5.256855002286260625e-02
6.035426921202683564e-02
6.813668904631527135e-02
7.579113400343641394e-02
8.319514669047578526e-02
9.023095042307058278e-02
9.678766916411991883e-02
1.027632276608242551e-01
1.080659181163571014e-01
1.126156278602092331e-01
1.163447043125390851e-01
1.191984839874779822e-01
1.211354996560581182e-01
1.221273862936158028e-01
1.221585257909988398e-01
1.212254788558960045e-01
1.193362136459416023e-01
1.165092141954638671e-01
1.127724839446535982e-01
1.081624897765343513e-01
1.027230916378627096e-01
9.650448492046923010e-02
8.956218649950077604e-02
8.195608836540585473e-02
7.374959770102804124e-02
6.500887432660396037e-02
5.580217543514161965e-02
4.619930717855123825e-02
3.627118088012600688e-02
2.608946514339463910e-02
1.572632334304184532e-02
5.254220114496645222e-03
-5.254220120126612201e-03
-1.572632334877244187e-02
-2.608946515160525184e-02
-3.627118089899971504e-02
-4.619930714793510362e-02
-5.580217535121281131e-02
-6.500887433768640089e-02
-7.374959765451699623e-02
-8.195608837766805987e-02
-8.956218621033262828e-02
-9.650448497802831260e-02
-1.027230915866501615e-01
-1.081624896175730627e-01
-1.127724839736630180e-01
-1.165092142276795556e-01
-1.193362136344818109e-01
-1.212254791607791232e-01
-1.221585260963043568e-01
-1.221273861101606767e-01
-1.211355002822946669e-01
-1.191984838404386016e-01
-1.163447046092247195e-01
-1.126156282243974682e-01
-1.080659182607852514e-01
-1.027632277138725292e-01
-9.678766909424714460e-02
-9.023095035510955708e-02
-8.319514639064791439e-02
-7.579113431270223522e-02
-6.813668914699452794e-02
-6.035426909653557326e-02
-5.256855004473856563e-02
-4.490372914379148206e-02
-3.748070490118989018e-02
-3.041417287753143614e-02
-2.380975575762151256e-02
-1.776122693828236995e-02
-1.234794926533447357e-02
-7.632601396872135992e-03
-3.659290035567123837e-03
-4.521212283407301572e-04
1.985699069125893002e-03
3.672188135676626893e-03
4.646301704997406190e-03
4.967027478260758848e-03
4.711871961628087344e-03
3.974772946054799284e-03
2.863498372357485468e-03
1.496595180372783419e-03
-3.876439678261279660e-16
-3.658250603250841777e-16
-1.656537498490924781e-03
-3.212887713019185569e-03
-4.571685376312380374e-03
-5.641118565761963841e-03
-6.337483840187305671e-03
-6.587482581018280769e-03
-6.330192010374408908e-03
-5.518652911544240022e-03
-4.121029190576860728e-03
-2.121319105264177999e-03
4.803997095761744626e-04
3.668176240348759980e-03
7.410828313971075214e-03
1.166298083318974450e-02
1.636645223820954245e-02
2.145193577160238799e-02
2.684090467628909640e-02
3.244767964164108065e-02
3.818158514448986851e-02
4.394913017288943485e-02
4.965613867862831571e-02
5.520979586989448878e-02
6.052052661324460597e-02
6.550368829198160991e-02
7.008104523049860091e-02
7.418197639983106773e-02
7.774444665601398796e-02
8.071569954536544911e-02
8.305268843817469049e-02
8.472227544271002109e-02
8.570119278768587034e-02
8.597580947966244891e-02
8.554172071687139722e-02
8.440319609707780391e-02
8.257251895468728509e-02
8.006924705287056521e-02
7.691942276671716316e-02
7.315476882403293413e-02
6.881188907051768999e-02
6.393149934123520950e-02
5.855770787878303296e-02
5.273735802280251489e-02
4.651944386611796961e-02
3.995460690630333461e-02
3.309471190465167190e-02
2.599250230983904397e-02
1.870132897145806300e-02
1.127494327251128171e-02
3.767342845884555022e-03
-3.767342851811893503e-03
-1.127494327656188705e-02
-1.870132897484681755e-02
-2.599250232103208699e-02
-3.309471190651943479e-02
-3.995460691655881164e-02
-4.651944368304192223e-02
-5.273735801032616161e-02
-5.855770789376073260e-02
-6.393149933787756201e-02
-6.881188906649246539e-02
-7.315476884618372921e-02
-7.691942273163658583e-02
-8.006924705256457386e-02
-8.257251877064103462e-02
-8.440319622141349842e-02
-8.554172063398933490e-02
-8.597580968860905892e-02
-8.570119280514604254e-02
-8.472227557121143893e-02
-8.305268842238781868e-02
-8.071569947148005131e-02
-7.774444682734521495e-02
-7.418197631656027469e-02
-7.008104522406476133e-02
-6.550368826995439653e-02
-6.052052657142158176e-02
-5.520979601937463233e-02
-4.965613869084579968e-02
-4.394913011700710831e-02
-3.818158538873336894e-02
-3.244767976675726195e-02
-2.684090406912648802e-02
-2.145193577700413648e-02
-1.636645210964558783e-02
-1.166298079717316243e-02
-7.410828441628133749e-03
-3.668175915678841426e-03
-4.803996850461935515e-04
2.121319018594318342e-03
4.121029363552386991e-03
5.518652981038108148e-03
6.330192103582679870e-03
6.587482599240267189e-03
6.337483832575891568e-03
5.641118734997001283e-03
4.571685321882131871e-03
3.212887716178232378e-03
1.656537527963064570e-03
-3.593673613027171010e-16
-3.313060669090911878e-16
-2.046930569356955869e-03
-4.014968958802453067e-03
-5.827347114359553160e-03
-7.411479406214407060e-03
-8.700888795359478303e-03
-9.636944105554007961e-03
-1.017035518967647836e-02
-1.026238443674132653e-02
-9.885742326748034325e-03
-9.025147168455059654e-03
-7.677540684044865948e-03
-5.851964650527377056e-03
-3.569111045057483597e-03
-8.605752042216653283e-04
2.232155885295693948e-03
5.658939033408984763e-03
9.362383713056794329e-03
1.327938828437585581e-02
1.734274843382625081e-02
2.148279175832383189e-02
2.562898330158200691e-02
2.971146713630109376e-02
3.366249737669875508e-02
3.741773128045731978e-02
4.091735877561182566e-02
4.410704608520583242e-02
4.693868985571257590e-02
4.937097041992360991e-02
5.136971638433147913e-02
5.290807681910358884e-02
5.396652828507263883e-02
5.453272234530379819e-02
5.460120501088255862e-02
5.417302053953724356e-02
5.325523339959582075e-02
5.186038405935855522e-02
5.000590833154062304e-02
4.771353778550403713e-02
4.500870332764995291e-02
4.191996037394649099e-02
3.847844528967965527e-02
3.471738143416856076e-02
3.067163762845426939e-02
2.637734411674220666e-02
2.187157311742911336e-02
1.719207356429697242e-02
1.237706496371806034e-02
7.465078019354625533e-03
2.494835744840539441e-03
-2.494835744347158497e-03
-7.465078020804715581e-03
-1.237706496411146266e-02
-1.719207355678933555e-02
-2.187157313790064408e-02
-2.637734413977436965e-02
-3.067163762628942122e-02
-3.471738149644248983e-02
-3.847844532806121015e-02
-4.191996043303856945e-02
-4.500870323800113676e-02
-4.771353774297346778e-02
-5.000590838441038022e-02
-5.186038408997371146e-02
-5.325523341085906803e-02
-5.417302070696920768e-02
-5.460120499761310364e-02
-5.453272252759901878e-02
-5.396652827345823494e-02
-5.290807679756499848e-02
-5.136971646812150960e-02
-4.937097043804895141e-02
-4.693868984442284287e-02
-4.410704620235170181e-02
-4.091735900474450377e-02
-3.741773126814754158e-02
-3.366249745425495959e-02
-2.971146705433700894e-02
-2.562898317782204283e-02
-2.148279170875678351e-02
-1.734274845551034283e-02
-1.327938787284350421e-02
-9.362383593265808171e-03
-5.658939086427717396e-03
-2.232155798060815773e-03
8.605751758783081531e-04
3.569111000414736199e-03
5.851964652658888169e-03
7.677540791536819655e-03
9.025147079571435235e-03
9.885742342771402721e-03
1.026238449752618111e-02
1.017035516901954040e-02
9.636944082699050451e-03
8.700888758078754656e-03
7.411479405960509463e-03
5.827347123473368765e-03
4.014968899431437151e-03
2.046930573142487220e-03
-3.233555541582135333e-16
-2.933477018283246717e-16
-2.555412695990710772e-03
-5.047204122171312576e-03
-7.413356967512243351e-03
-9.595012475307094016e-03
-1.153792918926253505e-02
-1.319380027956663405e-02
-1.452139385905429000e-02
-1.548748253148885673e-02
-1.606753924819605620e-02
-1.624618322017360936e-02
-1.601737119168847659e-02
-1.538433469740542979e-02
-1.435927286343784311e-02
-1.296282295459750926e-02
-1.122332848245061361e-02
-9.175939693036613484e-03
-6.861577910252463462e-03
-4.325799024595137522e-03
-1.617602086275759209e-03
1.211791750898111742e-03
4.110141449843470948e-03
7.025347212633328842e-03
9.906536048770644282e-03
1.270504199046254903e-02
1.537527556535031592e-02
1.787545300659842615e-02
2.016818685830396030e-02
2.222092628044837481e-02
2.400625997957051699e-02
2.550207148132989030e-02
2.669156930225267260e-02
2.756320120884440256e-02
2.811046370672698816e-02
2.833162865195859581e-02
2.822940090812501093e-02
2.781052823705227814e-02
2.708537795231427334e-02
2.606749888253240277e-02
2.477318360587423343e-02
2.322104259160183426e-02
2.143160482998048358e-02
1.942694813494090858e-02
1.723037296857734754e-02
1.486611688490605161e-02
1.235911492132577179e-02
9.734803890349977978e-03
7.018967852423390642e-03
4.237620262536395503e-03
1.416915703321939462e-03
-1.416915708904604001e-03
-4.237620261624964850e-03
-7.018967849169333029e-03
-9.734803853500931595e-03
-1.235911493652172739e-02
-1.486611693767775529e-02
-1.723037298693050334e-02
-1.942694804135167153e-02
-2.143160468968159302e-02
-2.322104268632849480e-02
-2.477318361213868420e-02
-2.606749881775810226e-02
-2.708537795110507393e-02
-2.781052829621884215e-02
-2.822940094046536008e-02
-2.833162860749913539e-02
-2.811046367761767945e-02
-2.756320129272804217e-02
-2.669156908802407940e-02
-2.550207139392203851e-02
-2.400626000361436724e-02
-2.222092616726648734e-02
-2.016818654333855584e-02
-1.787545298089736334e-02
-1.537527556243981942e-02
-1.270504196918760369e-02
-9.906536011821972729e-03
-7.025347394491387835e-03
-4.110141680442253205e-03
-1.211791663145828438e-03
1.617601891422100393e-03
4.325798968234610166e-03
6.861577832271693184e-03
9.175940251506056050e-03
1.122332842691152813e-02
1.296282286093649455e-02
1.435927288909601487e-02
1.538433464091927202e-02
1.601737134138600180e-02
1.624618300515853764e-02
1.606753915288933882e-02
1.548748252344117615e-02
1.452139377650868424e-02
1.319380021456658704e-02
1.153792921451552399e-02
9.595012484725651963e-03
7.413356936162861059e-03
5.047204146119172764e-03
2.555412697109015006e-03
-2.834447496409222103e-16
-2.544159878434913701e-16
-3.101360368830676558e-03
-6.150005489136016468e-03
-9.094436180128692357e-03
-1.188554924717864433e-02
-1.447774619230004708e-02
-1.682993866011233200e-02
-1.890642263690813646e-02
-2.067759676740923980e-02
-2.212050774262973654e-02
-2.321921227224223519e-02
-2.396494645116952274e-02
-2.435610778751197414e-02
-2.439805590631963922e-02
-2.410274031012643939e-02
-2.348818402923994256e-02
-2.257783078701943585e-02
-2.139979049608132372e-02
-1.998601064874777275e-02
-1.837139215025825403e-02
-1.659288499259320773e-02
-1.468859349703082080e-02
-1.269690550535371339e-02
-1.065567322935417026e-02
-8.601469614850539014e-03
-6.568923254366504372e-03
-4.590156183381860662e-03
-2.694322892482629763e-03
-9.072533382323069717e-04
7.487884347434286625e-04
2.255251509683570740e-03
3.597341466279417414e-03
4.763978896073131804e-03
5.747681225349211658e-03
6.544377913850196564e-03
7.153174226031509472e-03
7.576076988023255389e-03
7.817694409805540229e-03
7.884921521855081314e-03
7.786626232477529899e-03
7.533341206307438837e-03
7.136974618877372015e-03
6.610542704858701421e-03
5.967932389657792588e-03
5.223694068512333040e-03
4.392869061650179520e-03
3.490847921888175220e-03
2.533260376901062729e-03
1.535891675053848706e-03
5.146213391403370611e-04
-5.146213378089902445e-04
-1.535891659072095025e-03
-2.533260358081753771e-03
-3.490847922195414697e-03
-4.392869051684735252e-03
-5.223694109966390241e-03
-5.967932372720251809e-03
-6.610542819215471134e-03
-7.136974619669821454e-03
-7.533341208985999335e-03
-7.786626132416551299e-03
-7.884921591524582385e-03
-7.817694292074834836e-03
-7.576077116656487059e-03
-7.153174341957758108e-03
-6.544378005056333825e-03
-5.747681325476210364e-03
-4.763978917857989576e-03
-3.597341208833571956e-03
-2.255251683832569347e-03
-7.487885731644605691e-04
9.072533631732799782e-04
2.694322940319713883e-03
4.590156606661092639e-03
6.568923461540585214e-03
8.601468968388188349e-03
1.065567334282727964e-02
1.269690549039099829e-02
1.468859382844480733e-02
1.659288512104054383e-02
1.837139201841005501e-02
1.998601062837233877e-02
2.139979074733307923e-02
2.257783097232657007e-02
2.348818410838582338e-02
2.410273994939248626e-02
2.439805565917954611e-02
2.435610765296425742e-02
2.396494643105795061e-02
2.321921233063752033e-02
2.212050771575085895e-02
2.067759671263990837e-02
1.890642269641136519e-02
1.682993865515947096e-02
1.447774615734503945e-02
1.188554920888737834e-02
9.094436154205355963e-03
6.150005493217217123e-03
3.101360361009204789e-03
-2.424131847832791496e-16
-2.162424581377250320e-16
-3.628915465397253640e-03
-7.212901752820253913e-03
-1.070795671001311712e-02
-1.407190602435520396e-02
-1.726525116290257567e-02
-2.025194165592439019e-02
-2.300005047769221669e-02
-2.548233484764765577e-02
-2.767666822247879035e-02
-2.956633793544620817e-02
-3.114019860199863238e-02
-3.239268570657492796e-02
-3.332369524606781930e-02
-3.393833308011883626e-02
-3.424655180223745710e-02
-3.426268872416089045e-02
-3.400492354825438573e-02
-3.349467278922242663e-02
-3.275594692138836944e-02
-3.181468504557653787e-02
-3.069808845401173283e-02
-2.943397406721917631e-02
-2.805016056157630042e-02
-2.657390452231532529e-02
-2.503139256039290869e-02
-2.344731676796956571e-02
-2.184449936484607682e-02
-2.024362060102678079e-02
-1.866301114614994303e-02
-1.711852632169096750e-02
-1.562348842531830796e-02
-1.418869663431739439e-02
-1.282249508895947840e-02
-1.153089340189019339e-02
-1.031770365040939400e-02
-9.184755332759773905e-03
-8.132082987086106107e-03
-7.158148789301497887e-03
-6.260059932429752443e-03
-5.433787025496593370e-03
-4.674366250176011962e-03
-3.976086934893953255e-03
-3.332658315563121268e-03
-2.737353674305500854e-03
-2.183130560989251720e-03
-1.662727331110189742e-03
-1.168737385023022567e-03
-6.936637891465014709e-04
-2.299573649579511017e-04
2.299573681815307623e-04
6.936637936063079100e-04
1.168737384939847130e-03
1.662727344557718857e-03
2.183130567441121141e-03
2.737353698230449682e-03
3.332658313922410697e-03
3.976086930777843892e-03
4.674366234035480343e-03
5.433786987915959453e-03
6.260059936020421871e-03
7.158148759900093833e-03
8.132083017687584056e-03
9.184754927223235527e-03
1.031770359080349739e-02
1.153089351804511935e-02
1.282249511918938205e-02
1.418869665444242971e-02
1.562348836327577539e-02
1.711852630050723217e-02
1.866301140147904117e-02
2.024362071271107108e-02
2.184449935271675844e-02
2.344731676087922004e-02
2.503139259873320144e-02
2.657390458335540800e-02
2.805016058927466832e-02
2.943397408170607757e-02
3.069808845812686815e-02
3.181468510660641347e-02
3.275594689998985454e-02
3.349467268411987497e-02
3.400492338069450310e-02
3.426268874854374036e-02
3.424655183657641239e-02
3.393833304156604336e-02
3.332369517814989801e-02
3.239268569538443499e-02
3.114019844231372819e-02
2.956633797382081374e-02
2.767666822277327354e-02
2.548233472701134233e-02
2.300005063217630194e-02
2.025194168353974464e-02
1.726525118311431767e-02
1.407190602584373201e-02
1.070795670608922986e-02
7.212901734372331036e-03
3.628915464415813450e-03
-2.022087650403939053e-16
-1.799964349452988979e-16
-4.101012888389374451e-03
-8.162687672029426966e-03
-1.214639815167072034e-02
-1.601492027407522625e-02
-1.973309567114658533e-02
-2.326840812797008329e-02
-2.659154263206799790e-02
-2.967679116186035942e-02
-3.250242959362581452e-02
-3.505095143756958159e-02
-3.730921181021558397e-02
-3.926846481335519168e-02
-4.092429906469769590e-02
-4.227647785743365860e-02
-4.332868836783714678e-02
-4.408823592022705073e-02
-4.456563584657437238e-02
-4.477419593294234418e-02
-4.472955068076464591e-02
-4.444916192267640148e-02
-4.395185182187448525e-02
-4.325730897762530835e-02
-4.238563520968351150e-02
-4.135692053753761005e-02
-4.019086060620223610e-02
-3.890642167485383607e-02
-3.752155942536156141e-02
-3.605299334918055792e-02
-3.451603722879825059e-02
-3.292448463974154138e-02
-3.129055057373233972e-02
-2.962485355725579320e-02
-2.793644764566091676e-02
-2.623288883129200680e-02
-2.452033014979798295e-02
-2.280364056690507152e-02
-2.108654034507622538e-02
-1.937174436562213650e-02
-1.766110887975732083e-02
-1.595577524650706319e-02
-1.425630710427499594e-02
-1.256281307786245686e-02
-1.087506586185340261e-02
-9.192584994045790298e-03
-7.514722106069536556e-03
-5.840719652528107361e-03
-4.169756584239285579e-03
-2.500977808960067918e-03
-8.335131262298678401e-04
8.335131177116914414e-04
2.500977798128092844e-03
4.169756553018223386e-03
5.840719667287172859e-03
7.514722092790040997e-03
9.192585006661887700e-03
1.087506587572441286e-02
1.256281308969935291e-02
1.425630706175214264e-02
1.595577523378194362e-02
1.766110892101071389e-02
1.937174442746335268e-02
2.108654034039645492e-02
2.280364053716792475e-02
2.452033010360530133e-02
2.623288880733242248e-02
2.793644769215676907e-02
2.962485343205556454e-02
3.129055060948376238e-02
3.292448469993944360e-02
3.451603718537055859e-02
3.605299340207724496e-02
3.752155938048795658e-02
3.890642170514389819e-02
4.019086049945831685e-02
4.135692055321046889e-02
4.238563520107015842e-02
4.325730896163647310e-02
4.395185184576653331e-02
4.444916194182070568e-02
4.472955067196887624e-02
4.477419586584325401e-02
4.456563585109321601e-02
4.408823598321861409e-02
4.332868837746337715e-02
4.227647789088546937e-02
4.092429906805426787e-02
3.926846473652107622e-02
3.730921179374972751e-02
3.505095140217996674e-02
3.250242960295604555e-02
2.967679099056864944e-02
2.659154263384790745e-02
2.326840814319285772e-02
1.973309568873248335e-02
1.601492027837728496e-02
1.214639814684009833e-02
8.162687676528702918e-03
4.101012881072372412e-03
-1.641444522396708751e-16
-1.464266601988436618e-16
-4.494492862195488721e-03
-8.953725309908731542e-03
-1.334298822636920123e-02
-1.762866070231273313e-02
-2.177871867081236298e-02
-2.576320339190931591e-02
-2.955463607995268902e-02
-3.312837216662647272e-02
-3.646288415576369457e-02
-3.953997241562800385e-02
-4.234489459980467913e-02
-4.486642232221266235e-02
-4.709681156310616124e-02
-4.903171812886077813e-02
-5.067003191862776146e-02
-5.201366005135140552e-02
-5.306726243963632433e-02
-5.383794580512407668e-02
-5.433493265935350480e-02
-5.456921301998224338e-02
-5.455318779679813740e-02
-5.430031866409575081e-02
-5.382478967004368509e-02
-5.314118985362679959e-02
-5.226422362345981010e-02
-5.120845399198856174e-02
-4.998808287746936418e-02
-4.861677077276763820e-02
-4.710749559691138066e-02
-4.547245136108472863e-02
-4.372298458210507194e-02
-4.186956485780975873e-02
-3.992178747287602331e-02
-3.788840258460973720e-02
-3.577736592198344640e-02
-3.359590774119658452e-02
-3.135061279759433078e-02
-2.904750831476374945e-02
-2.669215488587252036e-02
-2.428973579018018844e-02
-2.184514136975061055e-02
-1.936304603345910882e-02
-1.684797578626370460e-02
-1.430436378737295205e-02
-1.173659464331721670e-02
-9.149036238007102889e-03
-6.546060660397326481e-03
-3.932054590468436230e-03
-1.311421699171651896e-03
1.311421699126650567e-03
3.932054594853942944e-03
6.546060636831086375e-03
9.149036236425083651e-03
1.173659464243616279e-02
1.430436379609434545e-02
1.684797580545893333e-02
1.936304604432710630e-02
2.184514130727623418e-02
2.428973584056650509e-02
2.669215483934344810e-02
2.904750826192157784e-02
3.135061277706514132e-02
3.359590770434889295e-02
3.577736590659094662e-02
3.788840255136227686e-02
3.992178743172947880e-02
4.186956480696162747e-02
4.372298455221916569e-02
4.547245112843347620e-02
4.710749565608554623e-02
4.861677070238951126e-02
4.998808293638075384e-02
5.120845388624231664e-02
5.226422374568525514e-02
5.314118988205659283e-02
5.382478965653990366e-02
5.430031863688340732e-02
5.455318778697146320e-02
5.456921297597449455e-02
5.433493266044998882e-02
5.383794577266384079e-02
5.306726237658613426e-02
5.201366004105521107e-02
5.067003185722674524e-02
4.903171816870398325e-02
4.709681157897393361e-02
4.486642233365800703e-02
4.234489461782502823e-02
3.953997238938673081e-02
3.646288413330355666e-02
3.312837206894946041e-02
2.955463607313440350e-02
2.576320340764471847e-02
2.177871862909015396e-02
1.762866068070617284e-02
1.334298820236848836e-02
8.953725298390557974e-03
4.494492859269735331e-03
-1.290588070359342694e-16
-1.159737591824585306e-16
-4.796247481123777114e-03
-9.560296846258977202e-03
-1.426038120107938137e-02
-1.886558581909054261e-02
-2.334624814304918708e-02
-2.767432831154661987e-02
-3.182374090690284069e-02
-3.577064149772320178e-02
-3.949366125296228242e-02
-4.297408760420223101e-02
-4.619598665727839282e-02
-4.914626758592715444e-02
-5.181469075298791860e-02
-5.419382137520133841e-02
-5.627893330224539165e-02
-5.806787070997068007e-02
-5.956086722940947403e-02
-6.076033975797319464e-02
-6.167065576711257269e-02
-6.229788756273418188e-02
-6.264955743087545492e-02
-6.273438313159307445e-02
-6.256203134709754921e-02
-6.214287978123150813e-02
-6.148780229852984086e-02
-6.060797067858612192e-02
-5.951468404979488175e-02
-5.821922408530667836e-02
-5.673273681093168180e-02
-5.506614320904789500e-02
-5.323007510212070942e-02
-5.123483615131424473e-02
-4.909038421491767473e-02
-4.680633301521308631e-02
-4.439197731512752737e-02
-4.185631187002983311e-02
-3.920808176272466000e-02
-3.645581884268769834e-02
-3.360790063626013097e-02
-3.067259119515048163e-02
-2.765808783052179157e-02
-2.457256075362728928e-02
-2.142418692717064713e-02
-1.822117570754082719e-02
-1.497178644616454363e-02
-1.168433795727017062e-02
-8.367209808387253422e-03
-5.028836974773902291e-03
-1.677698478216887133e-03
1.677698477354828445e-03
5.028836983561584678e-03
8.367209817914068523e-03
1.168433795957644905e-02
1.497178643233718770e-02
1.822117564529545861e-02
2.142418693134137339e-02
2.457256076412446880e-02
2.765808780626229438e-02
3.067259125473118658e-02
3.360790056417929661e-02
3.645581885795347310e-02
3.920808001499845319e-02
4.185631186550273219e-02
4.439197730520465235e-02
4.680633514102242737e-02
4.909038423891613767e-02
5.123483612325342718e-02
5.323007511708472556e-02
5.506614328369426048e-02
5.673273667152753386e-02
5.821922412739182623e-02
5.951468412856983359e-02
6.060797071359634580e-02
6.148780225941100075e-02
6.214287982017987350e-02
6.256203127010968867e-02
6.273438321863215872e-02
6.264955754039717994e-02
6.229788754576439519e-02
6.167065590601441410e-02
6.076033983631577012e-02
5.956086728913720374e-02
5.806787088664253776e-02
5.627893333583098429e-02
5.419382140913777540e-02
5.181469077041397919e-02
4.914626768189189754e-02
4.619598661062271350e-02
4.297408761281970579e-02
3.949366126492665635e-02
3.577064157689861801e-02
3.182374108683619363e-02
2.767432835296332327e-02
2.334624809119295943e-02
1.886558581584582214e-02
1.426038119681070915e-02
9.560296837864478564e-03
4.796247481692393448e-03
-9.744336278120412301e-17
-8.885769983589775081e-17
-5.000246615010717557e-03
-9.970703187777280735e-03
-1.488192097373916729e-02
-1.970512612747344142e-02
-2.441253878754335097e-02
-2.897766886032485112e-02
-3.337558586198443450e-02
-3.758315370990114590e-02
-4.157922884955259080e-02
-4.534481674901179316e-02
-4.886318788974871458e-02
-5.211994873512312831e-02
-5.510306799419865953e-02
-5.780287085290274768e-02
-6.021198668548445598e-02
-6.232526413967143936e-02
-6.413966114705466071e-02
-6.565410572134942890e-02
-6.686933978037078175e-02
-6.778774872203396917e-02
-6.841318226074830089e-02
-6.875077685370561964e-02
-6.880677003156945859e-02
-6.858833183393375776e-02
-6.810340189972249880e-02
-6.736053785214417278e-02
-6.636878443981804321e-02
-6.513755428174614059e-02
-6.367653316807696251e-02
-6.199559633329468356e-02
-6.010474830686608066e-02
-5.801407734896288360e-02
-5.573372607919207383e-02
-5.327387382635647567e-02
-5.064473207174747388e-02
-4.785654807505750064e-02
-4.491961461424866242e-02
-4.184428662618389777e-02
-3.864099494183211719e-02
-3.532026540807737397e-02
-3.189273313141418459e-02
-2.836915457423255793e-02
-2.476041538482356627e-02
-2.107753297976322146e-02
-1.733165380618075305e-02
-1.353404505019265881e-02
-9.696080990470151359e-03
-5.829224721480611403e-03
-1.945005645073336845e-03
1.945005645248110452e-03
5.829224720738599916e-03
9.696081012084613315e-03
1.353404505705329414e-02
1.733165380029992944e-02
2.107753294281698719e-02
2.476041538346886520e-02
2.836915458182966837e-02
3.189273311487210438e-02
3.532026544448779726e-02
3.864099496096664449e-02
4.184428663411837723e-02
4.491961462945438799e-02
4.785654808045066572e-02
5.064473209611187327e-02
5.327387380826675151e-02
5.573372617562633025e-02
5.801407735469223115e-02
6.010474820795914247e-02
6.199559628522870874e-02
6.367653310785452436e-02
6.513755434408423362e-02
6.636878434132414961e-02
6.736053784782490561e-02
6.810340189349539664e-02
6.858833176542458721e-02
6.880677002265990494e-02
6.875077680305749506e-02
6.841318223932960074e-02
6.778774890530905872e-02
6.686933980506069852e-02
6.565410562214626933e-02
6.413966117838930392e-02
6.232526418965925186e-02
6.021198668997735509e-02
5.780287102655095460e-02
5.510306801760891937e-02
5.211994859920344308e-02
4.886318786977852241e-02
4.534481678058249754e-02
4.157922881445245966e-02
3.758315362793229059e-02
3.337558592026657750e-02
2.897766886622196031e-02
2.441253884270863650e-02
1.970512616063322536e-02
1.488192097306990751e-02
9.970703185484085587e-03
5.000246617396765514e-03
-6.954159251919638894e-17
-6.514409925584874637e-17
-5.105308083320088917e-03
-1.018283972309572301e-02
-1.520509212574540185e-02
-2.014510418747643070e-02
-2.497671137177273973e-02
-2.967479233003092465e-02
-3.421548088844395680e-02
-3.857637208845270116e-02
-4.273668292528932239e-02
-4.667739640011939889e-02
-5.038136386975946429e-02
-5.383338550350532520e-02
-5.702025089442966377e-02
-5.993075422966076538e-02
-6.255567464307336401e-02
-6.488773824040565408e-02
-6.692155037116602478e-02
-6.865351085984690294e-02
-7.008171251826482429e-02
-7.120582759317108101e-02
-7.202698585005452847e-02
-7.254764703766948541e-02
-7.277147560305231855e-02
-7.270321227779411033e-02
-7.234855538441933853e-02
-7.171404626016779360e-02
-7.080696817517789787e-02
-6.963524658965160319e-02
-6.820737465650936193e-02
-6.653233685145559795e-02
-6.461954990021621936e-02
-6.247882153939961214e-02
-6.012030183284802071e-02
-5.755446041167794347e-02
-5.479206339662232028e-02
-5.184416041524146646e-02
-4.872206604684847092e-02
-4.543736224928963952e-02
-4.200188602497851448e-02
-3.842772427908017208e-02
-3.472720805209413703e-02
-3.091290292063039735e-02
-2.699759811786025046e-02
-2.299429154215335350e-02
-1.891617187538513489e-02
-1.477659661768114183e-02
-1.058906695398960894e-02
-6.367199371925856034e-03
-2.124694716864940127e-03
2.124694716670716584e-03
6.367199369828737548e-03
1.058906695650339153e-02
1.477659661470397470e-02
1.891617189115376782e-02
2.299429152458119449e-02
2.699759811398530496e-02
3.091290291397471440e-02
3.472720807729951648e-02
3.842772427111919992e-02
4.200188600802772648e-02
4.543736225963632830e-02
4.872206605974352400e-02
5.184416041044735690e-02
5.479206351041455980e-02
5.755446030377087130e-02
6.012030186167827139e-02
6.247882160819435982e-02
6.461954993518495560e-02
6.653233682604098309e-02
6.820737468220761102e-02
6.963524672797513637e-02
7.080696817476636595e-02
7.171404624856858590e-02
7.234855534066524096e-02
7.270321220936312723e-02
7.277147564413762038e-02
7.254764703602269160e-02
7.202698585031512557e-02
7.120582763074324861e-02
7.008171251478360897e-02
6.865351088297885762e-02
6.692155040241888619e-02
6.488773817896598128e-02
6.255567466094580364e-02
5.993075418544627220e-02
5.702025089631208160e-02
5.383338550273502471e-02
5.038136385423645086e-02
4.667739642149413420e-02
4.273668290288878263e-02
3.857637208164401560e-02
3.421548087012522138e-02
2.967479233828947474e-02
2.497671138186088186e-02
2.014510413310386522e-02
1.520509212619412798e-02
1.018283972226754867e-02
5.105308071515346838e-03
-4.542384373920828264e-17
-4.479379749084702882e-17
-5.113449604166236083e-03
-1.020092722026907060e-02
-1.523668277205053427e-02
-2.019540601538529975e-02
-2.505243654302356099e-02
-2.978396209871965461e-02
-3.436720223145350167e-02
-3.878057393231252453e-02
-4.300383634499619495e-02
-4.701821816660280151e-02
-5.080651063617269009e-02
-5.435315068537153321e-02
-5.764427234709090103e-02
-6.066773465886998729e-02
-6.341312826632301836e-02
-6.587176550540445319e-02
-6.803664894605744584e-02
-6.990242160411988537e-02
-7.146530619028594600e-02
-7.272303472639274347e-02
-7.367476690699771569e-02
-7.432100484979468902e-02
-7.466350383122878631e-02
-7.470518294773567658e-02
-7.445003649422896053e-02
-7.390304861518200152e-02
-7.307011243614182361e-02
-7.195795466544593899e-02
-7.057406673716297429e-02
-6.892664273634534211e-02
-6.702452339178013863e-02
-6.487714752953042951e-02
-6.249450918944941119e-02
-5.988712125933495084e-02
-5.706598205355089409e-02
-5.404254768321643809e-02
-5.082870651536718076e-02
-4.743675579655946828e-02
-4.387937931598265284e-02
-4.016962562170858092e-02
-3.632088547688302332e-02
-3.234686826548247018e-02
-2.826157668645428236e-02
-2.407927984092936638e-02
-1.981448345701053090e-02
-1.548189850928135582e-02
-1.109640725719999131e-02
-6.673027478432370756e-03
-2.226875000702086081e-03
2.226875000366119149e-03
6.673027477489233694e-03
1.109640725424299382e-02
1.548189850661137353e-02
1.981448345308400860e-02
2.407927983963096749e-02
2.826157673501122555e-02
3.234686827086803718e-02
3.632088549090854712e-02
4.016962563022084126e-02
4.387937931176566497e-02
4.743675579103089068e-02
5.082870652332348305e-02
5.404254769330229385e-02
5.706598203721274104e-02
5.988712125321177249e-02
6.249450918128104243e-02
6.487714754969542419e-02
6.702452330292832383e-02
6.892664272664529579e-02
7.057406673681572429e-02
7.195795456429239512e-02
7.307011242663111195e-02
7.390304854458433492e-02
7.445003636604222153e-02
7.470518293926585451e-02
7.466350380763120409e-02
7.432100482295739274e-02
7.367476687024210324e-02
7.272303467117539888e-02
7.146530618505618493e-02
6.990242155571728400e-02
6.803664892959050692e-02
6.587176550684600840e-02
6.341312825579868695e-02
6.066773467566625305e-02
5.764427233655799315e-02
5.435315070541502785e-02
5.080651065499156710e-02
4.701821819627588495e-02
4.300383635937505417e-02
3.878057389399025556e-02
3.436720224912860611e-02
2.978396209889827562e-02
2.505243652106371732e-02
2.019540602698114209e-02
1.523668275293506118e-02
1.020092722091539214e-02
5.113449605449947935e-03
-2.504328950643763921e-17
-2.769908988150077174e-17
-5.028703755339557213e-03
-1.003316107208470503e-02
-1.498930778171515300e-02
-1.987344130308901433e-02
-2.466239421287408362e-02
-2.933369962515675750e-02
-3.386574540633782715e-02
-3.823791562052768905e-02
-4.243071728071252241e-02
-4.642589062219933116e-02
-5.020650262627630867e-02
-5.375702216952106538e-02
-5.706337906247359315e-02
-6.011300239242784588e-02
-6.289484483353485755e-02
-6.539938937413940223e-02
-6.761864236293389785e-02
-6.954611247608245839e-02
-7.117677841587077836e-02
-7.250704736137522644e-02
-7.353470499148984096e-02
-7.425885983164826065e-02
-7.467988279753218217e-02
-7.479934449860925483e-02
-7.461995132347377935e-02
-7.414548155675260155e-02
-7.338072273221786512e-02
-7.233141110144113151e-02
-7.100417396592247077e-02
-6.940647508210559535e-02
-6.754656358572608266e-02
-6.543342628891934964e-02
-6.307674343036691333e-02
-6.048684729434861129e-02
-5.767468375033552030e-02
-5.465177579025178728e-02
-5.143018889023880102e-02
-4.802249751898451241e-02
-4.444175228222395357e-02
-4.070144721820025818e-02
-3.681548682570218861e-02
-3.279815235905496340e-02
-2.866406723082944030e-02
-2.442816112193816822e-02
-2.010563285615070417e-02
-1.571191187030952785e-02
-1.126261838584317020e-02
-6.773522364951829744e-03
-2.260501515170305117e-03
2.260501514764857740e-03
6.773522367081088319e-03
1.126261838621176077e-02
1.571191187104198361e-02
2.010563285256850366e-02
2.442816112189673955e-02
2.866406722533105036e-02
3.279815236339367335e-02
3.681548682751848572e-02
4.070144722047357860e-02
4.444175228198778138e-02
4.802249752020901902e-02
5.143018888514173936e-02
5.465177577767901113e-02
5.767468376556557363e-02
6.048684728867888272e-02
6.307674342104538368e-02
6.543342628986489884e-02
6.754656359033148205e-02
6.940647507173176856e-02
7.100417396617829391e-02
7.233141110216560754e-02
7.338072272202375568e-02
7.414548156751746277e-02
7.461995134404249275e-02
7.479934449366670846e-02
7.467988279834918142e-02
7.425885984079161339e-02
7.353470497407028905e-02
7.250704738370496172e-02
7.117677839521063810e-02
6.954611244787135826e-02
6.761864239625607620e-02
6.539938937027760246e-02
6.289484485674248782e-02
6.011300241234028563e-02
5.706337906414047506e-02
5.375702215005111889e-02
5.020650264627993936e-02
4.642589061244670884e-02
4.243071727519067554e-02
3.823791564123793507e-02
3.386574540732968652e-02
2.933369962101219780e-02
2.466239422181682600e-02
1.987344129657843059e-02
1.498930778528711864e-02
1.003316107334228761e-02
5.028703758314336490e-03
-8.276747262913541006e-18
-1.370972013189476365e-17
-4.856284379804285886e-03
-9.690059529807506025e-03
-1.447896740618346244e-02
-1.920095023157980182e-02
-2.383439542314045451e-02
-2.835827442913919569e-02
-3.275227374428634625e-02
-3.699691643808938196e-02
-4.107367285092203280e-02
-4.496505936276130877e-02
-4.865472466062714663e-02
-5.212752255594134410e-02
-5.536957118495469676e-02
-5.836829948110824201e-02
-6.111247979970985122e-02
-6.359224842736271865e-02
-6.579911418186006056e-02
-6.772595635734275643e-02
-6.936701336003568696e-02
-7.071785934754999670e-02
-7.177538065873345641e-02
-7.253773879838187888e-02
-7.300433222147238721e-02
-7.317575300692952256e-02
-7.305374347519369427e-02
-7.264114555335174361e-02
-7.194185495424067212e-02
-7.096077183019501577e-02
-6.970375309438670008e-02
-6.817756476667324872e-02
-6.638983578875543023e-02
-6.434901299868445168e-02
-6.206431722029573383e-02
-5.954570081668492804e-02
-5.680380602882242197e-02
-5.384992469724744074e-02
-5.069595834208860674e-02
-4.735437882054086001e-02
-4.383818915757423801e-02
-4.016088442516165674e-02
-3.633641238691054376e-02
-3.237913324422764250e-02
-2.830377967824379906e-02
-2.412541530321793762e-02
-1.985939275429672579e-02
-1.552131089090180889e-02
-1.112697124557075583e-02
-6.692333776582130161e-03
-2.233472044894645094e-03
2.233472044904481844e-03
6.692333777678072942e-03
1.112697124593288456e-02
1.552131089385174779e-02
1.985939275531443601e-02
2.412541530293882061e-02
2.830377968281813650e-02
3.237913324613943267e-02
3.633641240925922222e-02
4.016088442931924074e-02
4.383818916681596345e-02
4.735437881923719450e-02
5.069595834284087998e-02
5.384992469679377586e-02
5.680380602937446649e-02
5.954570083284576459e-02
6.206431721819734293e-02
6.434901301688580877e-02
6.638983576770188244e-02
6.817756476447701941e-02
6.970375308686842242e-02
7.096077184510811431e-02
7.194185496334112861e-02
7.264114564588891598e-02
7.305374348655303829e-02
7.317575299834809532e-02
7.300433223594397780e-02
7.253773880562010279e-02
7.177538066099917180e-02
7.071785934440909249e-02
6.936701336069175938e-02
6.772595639125812694e-02
6.579911418003563106e-02
6.359224841592954480e-02
6.111247978362806255e-02
5.836829948246946564e-02
5.536957119446126591e-02
5.212752258539996714e-02
4.865472466845630062e-02
4.496505936885082655e-02
4.107367284707434674e-02
3.699691644376013749e-02
3.275227374892865362e-02
2.835827442908002080e-02
2.383439541741908668e-02
1.920095023500726847e-02
1.447896741092146236e-02
9.690059530015622535e-03
4.856284378294222978e-03
5.046101937009892986e-18
-2.651024461257227461e-18
-4.602020701735058152e-03
-9.183342357361765768e-03
-1.372339214099435774e-02
-1.820184823088008205e-02
-2.259876155649523030e-02
-2.689467305688116386e-02
-3.107072537137121546e-02
-3.510876754323037641e-02
-3.899145182177857910e-02
-4.270232172615159166e-02
-4.622589058575200804e-02
-4.954771035744580387e-02
-5.265443017196238390e-02
-5.553384452073353850e-02
-5.817493154217114742e-02
-6.056788126881982454e-02
-6.270411447340522304e-02
-6.457629255088728759e-02
-6.617831920865040185e-02
-6.750533477044763642e-02
-6.855370330824432645e-02
-6.932099419208348490e-02
-6.980595847228754369e-02
-7.000850075847520060e-02
-6.992964775447123305e-02
-6.957151335148079041e-02
-6.893726222726670461e-02
-6.803107115576301211e-02
-6.685808921596024523e-02
-6.542439726399713884e-02
-6.373696665636442715e-02
-6.180361793463609588e-02
-5.963297909281319725e-02
-5.723444398225429469e-02
-5.461813063333851442e-02
-5.179483956901240194e-02
-4.877601209642366126e-02
-4.557368849652024961e-02
-4.220046601647602091e-02
-3.866945665536158233e-02
-3.499424458487515599e-02
-3.118884321244021901e-02
-2.726765177795648781e-02
-2.324541149708876653e-02
-1.913716120608532564e-02
-1.495819254205099300e-02
-1.072400465758431912e-02
-6.450258568538300152e-03
-2.152731140457168207e-03
2.152731140455362794e-03
6.450258568110829593e-03
1.072400465782885268e-02
1.495819254066689183e-02
1.913716120784873798e-02
2.324541149668532536e-02
2.726765177876370322e-02
3.118884321214410865e-02
3.499424458587185177e-02
3.866945665523947862e-02
4.220046601567748606e-02
4.557368849722105708e-02
4.877601209978076752e-02
5.179483956950569484e-02
5.461813063660093254e-02
5.723444398215862816e-02
5.963297909112644235e-02
6.180361793282479477e-02
6.373696666255526666e-02
6.542439726065153727e-02
6.685808921871318200e-02
6.803107113807906059e-02
6.893726222723216279e-02
6.957151334981315216e-02
6.992964775144487610e-02
7.000850075637105041e-02
6.980595848120720037e-02
6.932099419001289120e-02
6.855370330246807198e-02
6.750533477608229582e-02
6.617831920971235793e-02
6.457629255089195053e-02
6.270411446851459347e-02
6.056788126605114342e-02
5.817493154577148273e-02
5.553384452206359956e-02
5.265443017247544572e-02
4.954771036180785626e-02
4.622589058623759878e-02
4.270232172902848483e-02
3.899145182959248140e-02
3.510876754289566498e-02
3.107072537571746798e-02
2.689467305392592711e-02
2.259876155678444340e-02
1.820184820751089352e-02
1.372339214043031587e-02
9.183342356874207857e-03
4.602020702301299650e-03
1.512237822069997029e-17
5.663889149716671997e-18
-4.271993068914914544e-03
-8.525210124608766094e-03
-1.274098079017597397e-02
-1.690084485340926854e-02
-2.098665466750351122e-02
-2.498067427336001303e-02
-2.886567449972038749e-02
-3.262502294056636443e-02
-3.624276815211204678e-02
-3.970371740571867342e-02
-4.299350749480664036e-02
-4.609866770178821377e-02
-4.900667596222890027e-02
-5.170600628174300967e-02
-5.418616855189568177e-02
-5.643774117941164487e-02
-5.845239489760307300e-02
-6.022291037169893307e-02
-6.174318832134527424e-02
-6.300825357946769623e-02
-6.401425231720241082e-02
-6.475844452342664759e-02
-6.523919128087400654e-02
-6.545593689820305983e-02
-6.540918854184911424e-02
-6.510049089020558677e-02
-6.453239863472724769e-02
-6.370844610354199633e-02
-6.263311509045212111e-02
-6.131180020235404288e-02
-5.975077327452326531e-02
-5.795714624292265527e-02
-5.593883295270825340e-02
-5.370451009636062478e-02
-5.126357737863001390e-02
-4.862611700129614717e-02
-4.580285255545333417e-02
-4.280510746899650332e-02
-3.964476275938848965e-02
-3.633421455411783851e-02
-3.288633100551662664e-02
-2.931440886619429004e-02
-2.563212962608501372e-02
-2.185351526768171751e-02
-1.799288369183631164e-02
-1.406480376051616119e-02
-1.008405011675330039e-02
-6.065557708284227342e-03
-2.024376138457273464e-03
2.024376138622542304e-03
6.065557708520670152e-03
1.008405011691339628e-02
1.406480376056304209e-02
1.799288369099524484e-02
2.185351526782336462e-02
2.563212962659389485e-02
2.931440886627236300e-02
3.288633100468731779e-02
3.633421455490008084e-02
3.964476276094716645e-02
4.280510746779936371e-02
4.580285255544507689e-02
4.862611699938094306e-02
5.126357737868213194e-02
5.370451009615768295e-02
5.593883295515086201e-02
5.795714624270592585e-02
5.975077327401292354e-02
6.131180020150740761e-02
6.263311509098212770e-02
6.370844610263358410e-02
6.453239863074881899e-02
6.510049088938034412e-02
6.540918854670804694e-02
6.545593690263568076e-02
6.523919128172421533e-02
6.475844452210452462e-02
6.401425231797357174e-02
6.300825357833235441e-02
6.174318832282017777e-02
6.022291037048712464e-02
5.845239489836175084e-02
5.643774117968061027e-02
5.418616855334506405e-02
5.170600627994441367e-02
4.900667596187231051e-02
4.609866770234731514e-02
4.299350749588080889e-02
3.970371740616696066e-02
3.624276817055901989e-02
3.262502294153021842e-02
2.886567450032976462e-02
2.498067427173412958e-02
2.098665466614574662e-02
1.690084485383231208e-02
1.274098079012374492e-02
8.525210125285762747e-03
4.271993069065812935e-03
2.216241288630641720e-17
1.142651753077700757e-17
-3.872322120284812149e-03
-7.727928203026390198e-03
-1.155019017664414213e-02
-1.532265511471703374e-02
-1.902913084530417909e-02
-2.265376927475060490e-02
-2.618114666862983095e-02
-2.959634030746963532e-02
-3.288500086274542128e-02
-3.603342002494335644e-02
-3.902859294355743441e-02
-4.185827503539878147e-02
-4.451103320706150529e-02
-4.697629067672763614e-02
-4.924436606605413908e-02
-5.130650618006349362e-02
-5.315491277473617659e-02
-5.478276337320741457e-02
-5.618422629165919363e-02
-5.735447016261896458e-02
-5.828966821238064366e-02
-5.898699750516473578e-02
-5.944463368452958946e-02
-5.966174129055305808e-02
-5.963846022200041536e-02
-5.937588868537425207e-02
-5.887606258916268376e-02
-5.814193238950614989e-02
-5.717733704451020277e-02
-5.598697574098147195e-02
-5.457637753023703714e-02
-5.295186911368352650e-02
-5.112054107957833549e-02
-4.909021261300116484e-02
-4.686939505608400669e-02
-4.446725438137837799e-02
-4.189357259919458676e-02
-3.915870845784931442e-02
-3.627355727473154101e-02
-3.324951020012545388e-02
-3.009841287342914298e-02
-2.683252354950430019e-02
-2.346447082066981105e-02
-2.000721092168683546e-02
-1.647398470616616775e-02
-1.287827433392445785e-02
-9.233759724879643527e-03
-5.554274811297078666e-03
-1.853763637979050473e-03
1.853763637550088052e-03
5.554274811400749211e-03
9.233759725246157637e-03
1.287827433417854626e-02
1.647398470576106819e-02
2.000721092208455204e-02
2.346447082016277566e-02
2.683252354948258145e-02
3.009841287379040609e-02
3.324951019949549946e-02
3.627355727455188611e-02
3.915870845306785447e-02
4.189357259999181710e-02
4.446725437538994602e-02
4.686939505563653824e-02
4.909021261144329989e-02
5.112054108318529744e-02
5.295186911595793633e-02
5.457637753396647057e-02
5.598697575190398484e-02
5.717733704435754016e-02
5.814193239189695966e-02
5.887606258693767886e-02
5.937588868841027490e-02
5.963846022221866439e-02
5.966174129040972829e-02
5.944463367951103444e-02
5.898699750286828108e-02
5.828966820523709402e-02
5.735447016696614692e-02
5.618422628393580226e-02
5.478276337370169974e-02
5.315491277690384542e-02
5.130650618034234001e-02
4.924436606570851277e-02
4.697629067869203701e-02
4.451103320176010014e-02
4.185827503556806273e-02
3.902859294418532798e-02
3.603342002610510075e-02
3.288500086275340101e-02
2.959634030804752375e-02
2.618114666891947773e-02
2.265376927388141476e-02
1.902913084495608254e-02
1.532265511428432432e-02
1.155019017731326487e-02
7.727928203218082347e-03
3.872322120232576156e-03
2.638130784185257916e-17
1.482881359201951022e-17
-3.409074298394881505e-03
-6.803641425064958087e-03
-1.016926646715217777e-02
-1.349165846099779735e-02
-1.675674096661757678e-02
-1.995072098314939341e-02
-2.306015569626889902e-02
-2.607201656434296466e-02
-2.897375032449177670e-02
-3.175333650991329221e-02
-3.439934110763948755e-02
-3.690096614385730833e-02
-3.924809482615453093e-02
-4.143133223019680039e-02
-4.344204109156347277e-02
-4.527237330662735315e-02
-4.691529603395624276e-02
-4.836461350574747936e-02
-4.961498397955722839e-02
-5.066193208391139846e-02
-5.150185684746960008e-02
-5.213203523611340678e-02
-5.255062189709532039e-02
-5.275664476404994668e-02
-5.274999717226200313e-02
-5.253142655117550019e-02
-5.210251978329496353e-02
-5.146568589893626977e-02
-5.062413581944647661e-02
-4.958185973926077655e-02
-4.834360216788596148e-02
-4.691483505147288346e-02
-4.530172889038997647e-02
-4.351112227062148979e-02
-4.155049002798913427e-02
-3.942790974840935936e-02
-3.715202744631023596e-02
-3.473202203489948736e-02
-3.217756884487205787e-02
-2.949880244820096004e-02
-2.670627870973881976e-02
-2.381093624101559073e-02
-2.082405740924488449e-02
-1.775722875152182384e-02
-1.462230118746412309e-02
-1.143134979297817481e-02
-8.196633397605132890e-03
-4.930553937118152888e-03
-1.645615677812376550e-03
1.645615677834331211e-03
4.930553938344274523e-03
8.196633395898525812e-03
1.143134979451385612e-02
1.462230118600966328e-02
1.775722875281761370e-02
2.082405740983286901e-02
2.381093624417974369e-02
2.670627870861844860e-02
2.949880244334267612e-02
3.217756884599612399e-02
3.473202203390268056e-02
3.715202743713305611e-02
3.942790974914811564e-02
4.155049002641596212e-02
4.351112228635851953e-02
4.530172887826537653e-02
4.691483505191471753e-02
4.834360217718425973e-02
4.958185973526824109e-02
5.062413582143368562e-02
5.146568589573618374e-02
5.210251978122197591e-02
5.253142653999999523e-02
5.274999717987138154e-02
5.275664477602007296e-02
5.255062189802925388e-02
5.213203522905509452e-02
5.150185684086854010e-02
5.066193209624376276e-02
4.961498397979285241e-02
4.836461350953913385e-02
4.691529603182674479e-02
4.527237330611315336e-02
4.344204108953142462e-02
4.143133224557984939e-02
3.924809482306802072e-02
3.690096614243669471e-02
3.439934110864596023e-02
3.175333650942314262e-02
2.897375032530083785e-02
2.607201656663447192e-02
2.306015569527488859e-02
1.995072098105979755e-02
1.675674096511511890e-02
1.349165846045346367e-02
1.016926646713499360e-02
6.803641425585023848e-03
3.409074298580283113e-03
2.799441972297093859e-17
1.606177213776714931e-17
-2.888259240780331229e-03
-5.764371399455605650e-03
-8.616247191192746152e-03
-1.143191253994264162e-02
-1.419956516985137335e-02
-1.690763006745567634e-02
-1.954481336397788718e-02
-2.210015434336203011e-02
-2.456307525229960501e-02
-2.692342853113140200e-02
-2.917154143619635903e-02
-3.129825740676083629e-02
-3.329497440373212214e-02
-3.515367981272699005e-02
-3.686698184961736263e-02
-3.842813728124903905e-02
-3.983107564676953427e-02
-4.107041960975293254e-02
-4.214150173396011279e-02
-4.304037753443358538e-02
-4.376383510295837193e-02
-4.430940065832953551e-02
-4.467534166400285306e-02
-4.486066565269795220e-02
-4.486511657378570300e-02
-4.468916768550248303e-02
-4.433401189976396428e-02
-4.380154929716266465e-02
-4.309437207060703989e-02
-4.221574728930854725e-02
-4.116959728764910814e-02
-3.996047808422745901e-02
-3.859355606853306919e-02
-3.707458279267006329e-02
-3.540986829829269322e-02
-3.360625319433148406e-02
-3.167107925278005859e-02
-2.961215892106933839e-02
-2.743774398108954002e-02
-2.515649313386486910e-02
-2.277743899848373027e-02
-2.030995416896260938e-02
-1.776371701490736185e-02
-1.514867663078454593e-02
-1.247501764745248196e-02
-9.753124529133194026e-03
-6.993545596675262467e-03
-4.206956871613870032e-03
-1.404125704678763900e-03
1.404125705043247950e-03
4.206956872421445393e-03
6.993545596404942243e-03
9.753124525925025920e-03
1.247501764900692256e-02
1.514867662775031508e-02
1.776371701421540841e-02
2.030995417072306228e-02
2.277743898831132568e-02
2.515649313506049256e-02
2.743774397977886970e-02
2.961215892669819341e-02
3.167107924943413783e-02
3.360625321786438885e-02
3.540986829843988104e-02
3.707458277874703390e-02
3.859355607442323255e-02
3.996047809100361503e-02
4.116959728346519104e-02
4.221574728905131552e-02
4.309437209008425834e-02
4.380154929431780836e-02
4.433401190268852071e-02
4.468916769263051036e-02
4.486511657735720721e-02
4.486066566349721646e-02
4.467534164717656270e-02
4.430940065733821043e-02
4.376383510174743779e-02
4.304037754428278323e-02
4.214150172535137406e-02
4.107041960836452232e-02
3.983107564068136958e-02
3.842813728096823589e-02
3.686698183189953543e-02
3.515367980695176947e-02
3.329497440418698051e-02
3.129825741008943757e-02
2.917154144305324562e-02
2.692342853241481634e-02
2.456307524751347518e-02
2.210015434367787815e-02
1.954481336535975750e-02
1.690763006612453975e-02
1.419956517288041738e-02
1.143191253911225551e-02
8.616247193936266840e-03
5.764371398602030627e-03
2.888259240721583951e-03
2.721593407586186177e-17
1.531623673506680026e-17
-2.315902790924333297e-03
-4.622163900888446621e-03
-6.909185763389876465e-03
-9.167458783447549747e-03
-1.138760463926810108e-02
-1.356041878826239576e-02
-1.567691193338836136e-02
-1.772835015665450223e-02
-1.970629357479357358e-02
-2.160263321415447496e-02
-2.340962597156301048e-02
-2.511992747662793873e-02
-2.672662261910751721e-02
-2.822325376625759233e-02
-2.960384642344435213e-02
-3.086293222832588515e-02
-3.199556937890253583e-02
-3.299736023894207088e-02
-3.386446627593903136e-02
-3.459362008450450610e-02
-3.518213480882785571e-02
-3.562791095109419520e-02
-3.592944012826640443e-02
-3.608580658369826832e-02
-3.609668593668857728e-02
-3.596234162335955331e-02
-3.568361885024624175e-02
-3.526193644183333448e-02
-3.469927627603070636e-02
-3.399817091869887509e-02
-3.316168934394246592e-02
-3.219342063473654841e-02
-3.109745628832796469e-02
-2.987837061336259814e-02
-2.854120012300195158e-02
-2.709142122285529072e-02
-2.553492687379102857e-02
-2.387800213700977739e-02
-2.212729869519135598e-02
-2.028980844120880506e-02
-1.837283641434297315e-02
-1.638397287399761745e-02
-1.433106483126787324e-02
-1.222218703992633722e-02
-1.006561252677300178e-02
-7.869782692946785535e-03
-5.643277146908130988e-03
-3.394783246406362070e-03
-1.133065453068867953e-03
1.133065453068509950e-03
3.394783246206729225e-03
5.643277147506627067e-03
7.869782692716639771e-03
1.006561252845571998e-02
1.222218704267732242e-02
1.433106483030443037e-02
1.638397287323698284e-02
1.837283641543351054e-02
2.028980844311845458e-02
2.212729869695161458e-02
2.387800213121072171e-02
2.553492686853255783e-02
2.709142121692696345e-02
2.854120011679412566e-02
2.987837061977276915e-02
3.109745629731441169e-02
3.219342063464750853e-02
3.316168934099597565e-02
3.399817093025454123e-02
3.469927627830310390e-02
3.526193644572163388e-02
3.568361884997846983e-02
3.596234161113615047e-02
3.609668593807167924e-02
3.608580658009809955e-02
3.592944013640730905e-02
3.562791094735297259e-02
3.518213481087423267e-02
3.459362008547221118e-02
3.386446626029809837e-02
3.299736023338276786e-02
3.199556938322452304e-02
3.086293223174754047e-02
2.960384641843948061e-02
2.822325376961372020e-02
2.672662262037274125e-02
2.511992747710125803e-02
2.340962596882242147e-02
2.160263321264327754e-02
1.970629357235298071e-02
1.772835015457535288e-02
1.567691193187037771e-02
1.356041879003566306e-02
1.138760464004905451e-02
9.167458784976335526e-03
6.909185763803637505e-03
4.622163898951849904e-03
2.315902791243198457e-03
2.425995308944538063e-17
1.278562358549841744e-17
-1.698186547059973676e-03
-3.389368488021266869e-03
-5.066572152654401362e-03
-6.722885580621749090e-03
-8.351488941420773596e-03
-9.945684463496798008e-03
-1.149892568356738511e-02
-1.300484588562006091e-02
-1.445728554703879648e-02
-1.585031870198761600e-02
-1.717827805178012007e-02
-1.843577863395048227e-02
-1.961774019369106822e-02
-2.071940781813762927e-02
-2.173637097021092340e-02
-2.266458081793135820e-02
-2.350036572181884997e-02
-2.424044491801225290e-02
-2.488194032197593372e-02
-2.542238642843173968e-02
-2.585973830034123816e-02
-2.619237767270810729e-02
-2.641911702464306427e-02
-2.653920211166962972e-02
-2.655231224609245350e-02
-2.645855905186650023e-02
-2.625848332597409060e-02
-2.595305027399546008e-02
-2.554364307980144105e-02
-2.503205488439583931e-02
-2.442047922718368694e-02
-2.371149926108281208e-02
-2.290807525578715878e-02
-2.201353112257283320e-02
-2.103153967096911894e-02
-1.996610664123413259e-02
-1.882155388631271895e-02
-1.760250138996125729e-02
-1.631384861454866775e-02
-1.496075487624198494e-02
-1.354861910242827726e-02
-1.208305885460353273e-02
-1.056988888827852836e-02
-9.015099059814931162e-03
-7.424831873336872230e-03
-5.805359659032579764e-03
-4.163061348984920841e-03
-2.504399097301586528e-03
-8.358946072506075490e-04
8.358946072946979314e-04
2.504399096449147748e-03
4.163061349752497815e-03
5.805359654075334212e-03
7.424831873567818569e-03
9.015099061170716438e-03
1.056988889101315859e-02
1.208305885233269469e-02
1.354861909833559447e-02
1.496075487712713974e-02
1.631384861308731241e-02
1.760250139357689980e-02
1.882155387616365680e-02
1.996610663980073752e-02
2.103153967411757960e-02
2.201353112617764757e-02
2.290807526174860886e-02
2.371149926479381928e-02
2.442047922202190968e-02
2.503205484867322000e-02
2.554364308399627304e-02
2.595305026783649785e-02
2.625848333186995426e-02
2.645855905702832953e-02
2.655231224504157536e-02
2.653920211425024600e-02
2.641911703081787841e-02
2.619237767385969654e-02
2.585973829317445016e-02
2.542238641817881617e-02
2.488194033902208641e-02
2.424044492545775198e-02
2.350036572660573961e-02
2.266458082268811222e-02
2.173637096549197942e-02
2.071940781430565634e-02
1.961774019599617919e-02
1.843577863340761444e-02
1.717827805411446807e-02
1.585031869924819620e-02
1.445728554623730740e-02
1.300484588649973051e-02
1.149892568573577557e-02
9.945684464039232162e-03
8.351488940321871376e-03
6.722885578599758008e-03
5.066572152127815643e-03
3.389368486817357067e-03
1.698186547098368311e-03
1.934375765546208374e-17
8.670425806484576912e-18
-1.041651150733742537e-03
-2.079044837517418209e-03
-3.107941761602026152e-03
-4.124138864944903310e-03
-5.123487225978596432e-03
-6.101909689319822555e-03
-7.055418144101987220e-03
-7.980130363643476651e-03
-8.872286317838391084e-03
-9.728263919171390925e-03
-1.054459406576919653e-02
-1.131797500283335429e-02
-1.204528579350465541e-02
-1.272359904663016537e-02
-1.335019265067282149e-02
-1.392256059026528506e-02
-1.443842274362864241e-02
-1.489573368793648857e-02
-1.529269038416055347e-02
-1.562773884385005793e-02
-1.589957964756979689e-02
-1.610717238100882118e-02
-1.624973894091105014e-02
-1.632676575336926630e-02
-1.633800483229657166e-02
-1.628347382278754266e-02
-1.616345487529765451e-02
-1.597849252666306077e-02
-1.572939052578188959e-02
-1.541720763365301075e-02
-1.504325251477347733e-02
-1.460907755708187004e-02
-1.411647195737084949e-02
-1.356745383753430421e-02
-1.296426155206546402e-02
-1.230934427630278258e-02
-1.160535171819469802e-02
-1.085512340129091667e-02
-1.006167707145758441e-02
-9.228196574939513674e-03
-8.358019289684312514e-03
-7.454622939866185037e-03
-6.521612026274924492e-03
-5.562703863668549444e-03
-4.581714211594231471e-03
-3.582542667129943494e-03
-2.569157767269542036e-03
-1.545581876721029840e-03
-5.158759361439991826e-04
5.158759362216294676e-04
1.545581877407305529e-03
2.569157766500475802e-03
3.582542667919393162e-03
4.581714211598371389e-03
5.562703865651341846e-03
6.521612030320698625e-03
7.454622939812693971e-03
8.358019289057263754e-03
9.228196572771771994e-03
1.006167707205474389e-02
1.085512340153159394e-02
1.160535171659853385e-02
1.230934426889846584e-02
1.296426154998574568e-02
1.356745383713148408e-02
1.411647195747546893e-02
1.460907755700515363e-02
1.504325251310266280e-02
1.541720763780400280e-02
1.572939052471529139e-02
1.597849252571251211e-02
1.616345487484325757e-02
1.628347382644042968e-02
1.633800483454351041e-02
1.632676575473088545e-02
1.624973894384801332e-02
1.610717238230855233e-02
1.589957964872573334e-02
1.562773884539144301e-02
1.529269038420873889e-02
1.489573368725634339e-02
1.443842274222901720e-02
1.392256058608380871e-02
1.335019264823925425e-02
1.272359904752590545e-02
1.204528579442425487e-02
1.131797500094383624e-02
1.054459407111965445e-02
9.728263916947718290e-03
8.872286318408389993e-03
7.980130363563708862e-03
7.055418144917320264e-03
6.101909691173887200e-03
5.123487226462720458e-03
4.124138864333586757e-03
3.107941761406727080e-03
2.079044837260341297e-03
1.041651150497990581e-03
1.269309636254845839e-17
3.184507351830313529e-18
-3.534659877372231941e-04
-7.055011884152405290e-04
-1.054680697306444471e-03
-1.399591347749509686e-03
-1.738837517045795089e-03
-2.071046855368529910e-03
-2.394875914353430512e-03
-2.709015647241539825e-03
-3.012196765229789228e-03
-3.303194913454400410e-03
-3.580835664694706922e-03
-3.843999288281033447e-03
-4.091625281375466106e-03
-4.322716670366095852e-03
-4.536343998778206814e-03
-4.731649075977345173e-03
-4.907848377511216109e-03
-5.064236171979080020e-03
-5.200187304329813298e-03
-5.315159615325712114e-03
-5.408696063014744627e-03
-5.480426463454805830e-03
-5.530068868257858802e-03
-5.557430598967502688e-03
-5.562408900950919360e-03
-5.544991241509321205e-03
-5.505255237875581777e-03
-5.443368219033699676e-03
-5.359586470209972038e-03
-5.254253983948687680e-03
-5.127801108839935736e-03
-4.980742624706597892e-03
-4.813675600580431639e-03
-4.627276917468442843e-03
-4.422300473281953227e-03
-4.199574090061853129e-03
-3.959996146832458867e-03
-3.704531934065440069e-03
-3.434209752250659466e-03
-3.150116779370518757e-03
-2.853394745164666499e-03
-2.545235312595036520e-03
-2.226875365522438394e-03
-1.899592091096408706e-03
-1.564697903128687380e-03
-1.223535253180744586e-03
-8.774713147284196515e-04
-5.278925927270362558e-04
-1.761994429246211183e-04
1.761994429593865489e-04
5.278925927726204519e-04
8.774713155754545503e-04
1.223535252178183054e-03
1.564697903375857719e-03
1.899592090648952831e-03
2.226875365474746075e-03
2.545235312518959788e-03
2.853394745918982379e-03
3.150116785111200558e-03
3.434209748836819509e-03
3.704531932524281375e-03
3.959996147297396851e-03
4.199574090513951558e-03
4.422300473433272289e-03
4.627276916758762265e-03
4.813675601596768827e-03
4.980742624770139945e-03
5.127801109036784349e-03
5.254253985688365526e-03
5.359586471444880915e-03
5.443368219931760815e-03
5.505255238762865946e-03
5.544991241829692538e-03
5.562408901850263328e-03
5.557430598579910820e-03
5.530068868089287916e-03
5.480426462983338347e-03
5.408696063737964722e-03
5.315159613647912722e-03
5.200187304561294799e-03
5.064236172999841620e-03
4.907848377078405204e-03
4.731649076989744539e-03
4.536344002891615212e-03
4.322716670456337035e-03
4.091625282511150534e-03
3.843999287864761829e-03
3.580835665091888342e-03
3.303194913467030064e-03
3.012196765270528775e-03
2.709015647303996376e-03
2.394875914266539080e-03
2.071046855005847370e-03
1.738837517027128814e-03
1.399591347358571537e-03
1.054680697416258972e-03
7.055011886643730579e-04
3.534659877609119816e-04
4.549520835092723152e-18
-3.436657631160573475e-18
3.582269787659038375e-04
7.150196574610952292e-04
1.068949379705787456e-03
1.418598756837052529e-03
1.762567250630860940e-03
2.099476692259557263e-03
2.427976725221156658e-03
2.746750136151891904e-03
3.054518073142652515e-03
3.350045119289590204e-03
3.632144204141416789e-03
3.899681338586240102e-03
4.151580143330669583e-03
4.386826179895341599e-03
4.604471028009052280e-03
4.803636130098149284e-03
4.983516361745566128e-03
5.143383314261884380e-03
5.282588310116046078e-03
5.400565097403118089e-03
5.496832194867682861e-03
5.570994962545404612e-03
5.622747290873223065e-03
5.651872955130284384e-03
5.658246614567422582e-03
5.641834443451058945e-03
5.602694400970244064e-03
5.540976128172996062e-03
5.456920474149246428e-03
5.350858665847786633e-03
5.223211017480127762e-03
5.074485459446074175e-03
4.905275516811738110e-03
4.716258015555732999e-03
4.508190446943117526e-03
4.281907960576165212e-03
4.038320043299553803e-03
3.778406897810775589e-03
3.503215494306980392e-03
3.213855352308039350e-03
2.911494036634887112e-03
2.597352466601887590e-03
2.272699859126408890e-03
1.938848637494124940e-03
1.597149005643143035e-03
1.248983439246556613e-03
8.957610092215931253e-04
5.389115927095537370e-04
1.798799953282901687e-04
-1.798799953428001819e-04
-5.389115928906937792e-04
-8.957610097789179280e-04
-1.248983440107839663e-03
-1.597149006053726278e-03
-1.938848637109834685e-03
-2.272699858929932374e-03
-2.597352461017411133e-03
-2.911494042051043785e-03
-3.213855352085574074e-03
-3.503215494847649464e-03
-3.778406898193318111e-03
-4.038320044176359376e-03
-4.281907960835030190e-03
-4.508190448973796102e-03
-4.716258015068875049e-03
-4.905275516077816506e-03
-5.074485460322350656e-03
-5.223211018519680754e-03
-5.350858668532577390e-03
-5.456920474171465633e-03
-5.540976129319864253e-03
-5.602694401364636916e-03
-5.641834439723531110e-03
-5.658246613100460613e-03
-5.651872954857717693e-03
-5.622747291177130138e-03
-5.570994959554664144e-03
-5.496832193605531887e-03
-5.400565097203004726e-03
-5.282588312862980702e-03
-5.143383312696572264e-03
-4.983516362438470196e-03
-4.803636134214618603e-03
-4.604471027355061530e-03
-4.386826180120403755e-03
-4.151580142544688060e-03
-3.899681336924287409e-03
-3.632144204658177035e-03
-3.350045119226591119e-03
-3.054518073454659879e-03
-2.746750136481985495e-03
-2.427976724905983857e-03
-2.099476693076600745e-03
-1.762567250810177788e-03
-1.418598756467680678e-03
-1.068949379402370442e-03
-7.150196572525258478e-04
-3.582269788097002926e-04
-4.820046912952654939e-18
-1.092551372310071209e-17
1.083882243266613005e-03
2.163480827769399210e-03
3.234528037264080245e-03
4.292787994967315300e-03
5.334072471306884611e-03
6.354256592376920053e-03
7.349294306224574483e-03
8.315233717388932980e-03
9.248232094341177559e-03
1.014457059396222001e-02
1.100066862754570454e-02
1.181309782204665280e-02
1.257859550930588363e-02
1.329407775723181161e-02
1.395665178143161780e-02
1.456362783776395803e-02
1.511253035901127112e-02
1.560110846925419695e-02
1.602734571521429591e-02
1.638946894827585099e-02
1.668595641619095848e-02
1.691554492475721289e-02
1.707723600029869074e-02
1.717030116696872249e-02
1.719428607494891820e-02
1.714901364978923051e-02
1.703458605934503323e-02
1.685138562976359888e-02
1.660007457271366407e-02
1.628159344672884534e-02
1.589715863205108312e-02
1.544825839363739121e-02
1.493664789852511970e-02
1.436434294187133136e-02
1.373361258023021551e-02
1.304697053422928556e-02
1.230716546348684451e-02
1.151717019936781064e-02
1.068016981460290053e-02
9.799548779944192503e-03
8.878877072316776128e-03
7.921895370541403095e-03
6.932499567290461955e-03
5.914724310134572213e-03
4.872725964076811932e-03
3.810764951170927516e-03
2.733187541740469094e-03
1.644407243437770666e-03
5.488858381768980466e-04
-5.488858380915150655e-04
-1.644407243940794938e-03
-2.733187540125366945e-03
-3.810764952728665830e-03
-4.872725966275640724e-03
-5.914724312150882943e-03
-6.932499564297223485e-03
-7.921895371567025390e-03
-8.878877071848546507e-03
-9.799548807957712826e-03
-1.068016981627530407e-02
-1.151717019368549318e-02
-1.230716546485308149e-02
-1.304697051984562116e-02
-1.373361258297061370e-02
-1.436434294245106207e-02
-1.493664789815965163e-02
-1.544825839540009578e-02
-1.589715863304666521e-02
-1.628159345211770137e-02
-1.660007456813531249e-02
-1.685138563336067638e-02
-1.703458605956518698e-02
-1.714901364753350019e-02
-1.719428608039890935e-02
-1.717030117153079197e-02
-1.707723600654796961e-02
-1.691554492120251468e-02
-1.668595642123684927e-02
-1.638946894035133231e-02
-1.602734571163092619e-02
-1.560110846693040995e-02
-1.511253035189307446e-02
-1.456362784134119202e-02
-1.395665178774913896e-02
-1.329407775388293488e-02
-1.257859551171888746e-02
-1.181309781700571465e-02
-1.100066863047759365e-02
-1.014457059168790559e-02
-9.248232084307202172e-03
-8.315233717005765524e-03
-7.349294306493279680e-03
-6.354256592876232450e-03
-5.334072473639352163e-03
-4.292787992716306025e-03
-3.234528036833624661e-03
-2.163480828286491655e-03
-1.083882243654702305e-03
-1.511117865560804500e-17
-1.896929229864124275e-17
1.812014256420353296e-03
3.616981656894285076e-03
5.407879656314802837e-03
7.177734264597697769e-03
8.919644281529937394e-03
1.062680540736471099e-02
1.229253423551531811e-02
1.391029200208473808e-02
1.547370830652939830e-02
1.697660434565160734e-02
1.841301595095182556e-02
1.977721625062531935e-02
2.106373775331257109e-02
2.226739409711750439e-02
2.338330118089260862e-02
2.440689676160804136e-02
2.533396116559185132e-02
2.616063497428260456e-02
2.688343718607429447e-02
2.749928135879530638e-02
2.800549118671613255e-02
2.839981435566183224e-02
2.868043517045626781e-02
2.884598549927400862e-02
2.889555409810844536e-02
2.882869454296893563e-02
2.864543024583060191e-02
2.834625918467874317e-02
2.793215522984768620e-02
2.740456801754620822e-02
2.676542055716456953e-02
2.601710469837156467e-02
2.516247442660779834e-02
2.420483679813221350e-02
2.314794075853928573e-02
2.199596368815016564e-02
2.075349601755581072e-02
1.942552308806761580e-02
1.801740562208151847e-02
1.653485776812914712e-02
1.498392340762077536e-02
1.337095056571877515e-02
1.170256427476394460e-02
9.985637675553393072e-03
8.227261972213807326e-03
6.434715026445094084e-03
4.615428840410588755e-03
2.776956255688472260e-03
9.269369917833745597e-04
-9.269369952708940777e-04
-2.776956254176923128e-03
-4.615428823627007286e-03
-6.434715027436965600e-03
-8.227261972009044036e-03
-9.985637671452416569e-03
-1.170256427299992338e-02
-1.337095056781719554e-02
-1.498392340273659376e-02
-1.653485776383832595e-02
-1.801740562762746758e-02
-1.942552309200860569e-02
-2.075349601900372890e-02
-2.199596369258125308e-02
-2.314794076203814666e-02
-2.420483680808772214e-02
-2.516247444063207314e-02
-2.601710471805944100e-02
-2.676542055391816638e-02
-2.740456801965090311e-02
-2.793215523971860972e-02
-2.834625921636579546e-02
-2.864543022991038884e-02
-2.882869453915757121e-02
-2.889555410030722471e-02
-2.884598549329616193e-02
-2.868043518961935559e-02
-2.839981434603375612e-02
-2.800549118488241188e-02
-2.749928135705589222e-02
-2.688343717744389599e-02
-2.616063497570799215e-02
-2.533396114892267487e-02
-2.440689675355582969e-02
-2.338330117865506513e-02
-2.226739409674826503e-02
-2.106373775018224523e-02
-1.977721624748861318e-02
-1.841301595968499599e-02
-1.697660434190739753e-02
-1.547370831147715578e-02
-1.391029200304345903e-02
-1.229253423468156664e-02
-1.062680540853063772e-02
-8.919644285103315098e-03
-7.177734269049265356e-03
-5.407879656541276191e-03
-3.616981660277483746e-03
-1.812014256222817732e-03
-2.596673545738317885e-17
-2.719362430598760546e-17
2.528530605851020581e-03
5.047428340188447361e-03
7.547090052156630799e-03
1.001797207627110574e-02
1.245062007214289661e-02
1.483569894883814827e-02
1.716402285051280008e-02
1.942658539812778043e-02
2.161458985557394505e-02
2.371947959081284127e-02
2.573296829875118194e-02
2.764707057145301267e-02
2.945413212010589837e-02
3.114685979137464186e-02
3.271835159605615551e-02
3.416212588073453543e-02
3.547215024066140143e-02
3.664286954701529569e-02
3.766923285414049138e-02
3.854671972038293398e-02
3.927136457508786233e-02
3.983977988969157613e-02
4.024917751630707752e-02
4.049738818429915455e-02
4.058287853649205495e-02
4.050476553299228039e-02
4.026282961399084426e-02
3.985752344923995660e-02
3.928997843019724212e-02
3.856200832344590379e-02
3.767610913168711884e-02
3.663545603489468117e-02
3.544389657023402224e-02
3.410594098916105293e-02
3.262674769244423151e-02
3.101210640746636729e-02
2.926841732999410639e-02
2.740266687236280613e-02
2.542239983030534708e-02
2.333568847142235281e-02
2.115109819617283157e-02
1.887765062868080809e-02
1.652478338650471140e-02
1.410230781343297692e-02
1.162036371903301703e-02
9.089372885739469693e-03
6.519990058843657191e-03
3.923052782004356025e-03
1.309530030651673413e-03
-1.309530030651646091e-03
-3.923052783242639806e-03
-6.519990056496265812e-03
-9.089372887421075936e-03
-1.162036371746944137e-02
-1.410230781408410364e-02
-1.652478338482597092e-02
-1.887765062677982178e-02
-2.115109820861725901e-02
-2.333568846269002545e-02
-2.542239982266933720e-02
-2.740266686033773075e-02
-2.926841731922231321e-02
-3.101210638699760519e-02
-3.262674769464964097e-02
-3.410594101579159793e-02
-3.544389656842288766e-02
-3.663545607707782009e-02
-3.767610912031996162e-02
-3.856200828435339678e-02
-3.928997839922467733e-02
-3.985752340158794926e-02
-4.026282962701359380e-02
-4.050476553924560463e-02
-4.058287854971340258e-02
-4.049738826053324303e-02
-4.024917758302612447e-02
-3.983977988878581455e-02
-3.927136455368359508e-02
-3.854671973861051315e-02
-3.766923284960323887e-02
-3.664286953520647094e-02
-3.547215022864316780e-02
-3.416212587943733697e-02
-3.271835160265330888e-02
-3.114685980125658088e-02
-2.945413210533211548e-02
-2.764707056664570881e-02
-2.573296830468048760e-02
-2.371947958739183474e-02
-2.161458988283251198e-02
-1.942658540053672500e-02
-1.716402286317857823e-02
-1.483569894470900853e-02
-1.245062007106234603e-02
-1.001797207644545239e-02
-7.547090050019716889e-03
-5.047428340076666985e-03
-2.528530606746943674e-03
-3.695790430060401521e-17
-3.514212835754452367e-17
3.215903066930392643e-03
6.419881474764019443e-03
9.600041435522637182e-03
1.274455109009553500e-02
1.584167190841592396e-02
1.887979059491847952e-02
2.184745163935501028e-02
2.473339060704005457e-02
2.752656821938911577e-02
3.021620553813786358e-02
3.279181984346414558e-02
3.524326140401829593e-02
3.756075096422405862e-02
3.973491843510775640e-02
4.175684122665423992e-02
4.361808391671528895e-02
4.531073701545509230e-02
4.682745708410687019e-02
4.816150409576172575e-02
4.930678038561189108e-02
5.025786698617686066e-02
5.101005909547179362e-02
5.155939901155209143e-02
5.190270835158884710e-02
5.203761556134575694e-02
5.196258196142056196e-02
5.167692372811485968e-02
5.118083096968858992e-02
5.047538048921808296e-02
4.956254789632775354e-02
4.844521246814911808e-02
4.712715729102038426e-02
4.561306563663845848e-02
4.390851139791621810e-02
4.201994449020364508e-02
3.995467104369562067e-02
3.772082810198779806e-02
3.532735349535805897e-02
3.278395031865399128e-02
3.010104633407003835e-02
2.728974889982621957e-02
2.436179517287911586e-02
2.132949806113252494e-02
1.820568828959878011e-02
1.500365297643669119e-02
1.173707086090240020e-02
8.419944969339803256e-03
5.066532976879064079e-03
1.691275680851487932e-03
-1.691275678961722245e-03
-5.066532978476612561e-03
-8.419944971578963502e-03
-1.173707085705619040e-02
-1.500365296779939892e-02
-1.820568828029458380e-02
-2.132949808822651172e-02
-2.436179515855664210e-02
-2.728974890446657364e-02
-3.010104632966406277e-02
-3.278395031151532663e-02
-3.532735349285274357e-02
-3.772082803414213148e-02
-3.995467101974596591e-02
-4.201994450902420131e-02
-4.390851138543563903e-02
-4.561306557829393482e-02
-4.712715729111333074e-02
-4.844521244432460627e-02
-4.956254787034670289e-02
-5.047538043426849641e-02
-5.118083099222181520e-02
-5.167692372190425820e-02
-5.196258195650755446e-02
-5.203761555092480118e-02
-5.190270836131583715e-02
-5.155939903040201999e-02
-5.101005910914788860e-02
-5.025786701414603624e-02
-4.930678042005486733e-02
-4.816150409653799369e-02
-4.682745707617987779e-02
-4.531073696752766639e-02
-4.361808391283046593e-02
-4.175684122062846976e-02
-3.973491842836786997e-02
-3.756075096863840251e-02
-3.524326142039369697e-02
-3.279181988459385633e-02
-3.021620557341867658e-02
-2.752656823263641486e-02
-2.473339054746852284e-02
-2.184745162953664194e-02
-1.887979059497312331e-02
-1.584167192481089614e-02
-1.274455108236997175e-02
-9.600041438968290666e-03
-6.419881473972344557e-03
-3.215903067616523916e-03
-4.756058357951481014e-17
-4.225100152505402476e-17
3.852136569999900940e-03
7.690500957637836504e-03
1.150134698320641642e-02
1.527098080191168113e-02
1.898578815352576152e-02
2.263226281934279868e-02
2.619703712585746275e-02
2.966691314110500924e-02
3.302889778156152534e-02
3.627023723867035809e-02
3.937845804412840045e-02
4.234140865240317020e-02
4.514730088301293492e-02
4.778475783964982598e-02
5.024286158128325047e-02
5.251120317711304580e-02
5.457993425235785345e-02
5.643981975254747097e-02
5.808229084287999666e-02
5.949949832032649932e-02
6.068436518310841438e-02
6.163063918789682405e-02
6.233293909187329757e-02
6.278681003037238362e-02
6.298875965281512668e-02
6.293630338067213170e-02
6.262800094911531723e-02
6.206348790478313088e-02
6.124350234169596147e-02
6.016990596551044512e-02
5.884569881597667695e-02
5.727502744192708439e-02
5.546318582203075415e-02
5.341660944224090740e-02
5.114286187556797009e-02
4.865061430771571577e-02
4.594961690990050779e-02
4.305066286114466595e-02
3.996554615030068619e-02
3.670701041129921516e-02
3.328869263283117802e-02
2.972505926565833026e-02
2.603133665323182494e-02
2.222343586244178437e-02
1.831787210186535883e-02
1.433167979517661721e-02
1.028232382112955617e-02
6.187607110545458554e-03
2.065576079746443347e-03
-2.065576079093545906e-03
-6.187607112673190572e-03
-1.028232380874065724e-02
-1.433167980684800329e-02
-1.831787206789021669e-02
-2.222343587094207512e-02
-2.603133666636608945e-02
-2.972505928235166447e-02
-3.328869262843540955e-02
-3.670701043877856729e-02
-3.996554613796549082e-02
-4.305066291871129103e-02
-4.594961689189727000e-02
-4.865061434198929974e-02
-5.114286191417428962e-02
-5.341660939157454741e-02
-5.546318582409233422e-02
-5.727502751785810281e-02
-5.884569883962711967e-02
-6.016990586918574691e-02
-6.124350230995413702e-02
-6.206348792942962406e-02
-6.262800096894206858e-02
-6.293630336715054507e-02
-6.298875960220794157e-02
-6.278681005896177836e-02
-6.233293907662413452e-02
-6.163063916212159488e-02
-6.068436519945807212e-02
-5.949949829180365551e-02
-5.808229087783310651e-02
-5.643981978309574321e-02
-5.457993427235942330e-02
-5.251120316267327004e-02
-5.024286158999845264e-02
-4.778475783712349961e-02
-4.514730083811502315e-02
-4.234140863387839820e-02
-3.937845804169681774e-02
-3.627023715941463805e-02
-3.302889777109805497e-02
-2.966691314750019570e-02
-2.619703712966970147e-02
-2.263226285729587686e-02
-1.898578815597792499e-02
-1.527098081531148843e-02
-1.150134697220122140e-02
-7.690500963128773203e-03
-3.852136570227304106e-03
-5.712599045675306302e-17
-4.781738108719736060e-17
4.409485959415450178e-03
8.803988197152359113e-03
1.316853570323769582e-02
1.748818368936460796e-02
2.174802882678902524e-02
2.593322681064082202e-02
3.002901301522100871e-02
3.402072713342862292e-02
3.789384158842792893e-02
4.163399509168868445e-02
4.522703079134737791e-02
4.865903979975055860e-02
5.191640929666498788e-02
5.498587638371154468e-02
5.785458581640297304e-02
6.051015192327046516e-02
6.294072591731038335e-02
6.513506384684515649e-02
6.708259890390910751e-02
6.877351437465477335e-02
7.019881716277051598e-02
7.135041247413044518e-02
7.222117410541467608e-02
7.280501698471121552e-02
7.309696177466375178e-02
7.309319972206558547e-02
7.279114836370766117e-02
7.218950369991512794e-02
7.128828510265776408e-02
7.008887168377872512e-02
6.859403218441997852e-02
6.680794309123459784e-02
6.473620005786337450e-02
6.238581876364448359e-02
5.976522375959501809e-02
5.688423106254128503e-02
5.375401635949402651e-02
5.038707548937465530e-02
4.679717404467040320e-02
4.299928685239193943e-02
3.900952799932210641e-02
3.484507255818634214e-02
3.052406951475686997e-02
2.606554639299160647e-02
2.148930693128948272e-02
1.681582305768696342e-02
1.206612122012303695e-02
7.261663497154797163e-03
2.424225954176317723e-03
-2.424225954330147797e-03
-7.261663493249395120e-03
-1.206612123738995575e-02
-1.681582306476856956e-02
-2.148930692333124795e-02
-2.606554638130043067e-02
-3.052406948030124412e-02
-3.484507253426036288e-02
-3.900952798987400438e-02
-4.299928685938998046e-02
-4.679717402131525206e-02
-5.038707568819696808e-02
-5.375401638892518541e-02
-5.688423106186318162e-02
-5.976522375347987498e-02
-6.238581872521157395e-02
-6.473620010241665224e-02
-6.680794305771371733e-02
-6.859403215342758930e-02
-7.008887161066135185e-02
-7.128828511054642603e-02
-7.218950360495336727e-02
-7.279114833049504796e-02
-7.309319978376151161e-02
-7.309696180219803219e-02
-7.280501690111521040e-02
-7.222117401693856076e-02
-7.135041233300044861e-02
-7.019881719121974506e-02
-6.877351424646706290e-02
-6.708259889949254318e-02
-6.513506395807286409e-02
-6.294072593399133164e-02
-6.051015191937293702e-02
-5.785458570004792939e-02
-5.498587642647860541e-02
-5.191640927930581129e-02
-4.865903975500465717e-02
-4.522703080296091444e-02
-4.163399507097767516e-02
-3.789384164729214105e-02
-3.402072715351467380e-02
-3.002901304510202998e-02
-2.593322682751787733e-02
-2.174802881583361852e-02
-1.748818368768733159e-02
-1.316853569356977310e-02
-8.803988200757022556e-03
-4.409485957360748283e-03
-6.484406480701672135e-17
-5.095996424784889739e-17
4.852858846913670962e-03
9.690402601434640675e-03
1.449730425398037745e-02
1.925821443851359269e-02
2.395775398824649335e-02
2.858051002758548245e-02
3.311103879001884437e-02
3.753387350776601905e-02
4.183354096765342506e-02
4.599458552062224426e-02
5.000160173640371547e-02
5.383927647448525505e-02
5.749244041364518637e-02
6.094612750273346174e-02
6.418564352517833194e-02
6.719664316330004050e-02
6.996521414085724033e-02
7.247796605552878080e-02
7.472212698352187488e-02
7.668564173696026942e-02
7.835727365952926959e-02
7.972670827112945946e-02
8.078465694091511995e-02
8.152295376169560459e-02
8.193465538003980031e-02
8.201413498328773144e-02
8.175716290607319692e-02
8.116099213434625759e-02
8.022442423188340388e-02
7.894787063039013231e-02
7.733339747860204505e-02
7.538476880747069231e-02
7.310746692306439865e-02
7.050870513536817985e-02
6.759742380973408904e-02
6.438427428660306595e-02
6.088159568945825106e-02
5.710335939789427939e-02
5.306511918096874086e-02
4.878393887418390473e-02
4.427830856860157788e-02
3.956804875890285872e-02
3.467420352609284356e-02
2.961892239834463050e-02
2.442533352773103988e-02
1.911740781204046905e-02
1.371981592222654665e-02
8.257779277356989620e-03
2.756916051307695386e-03
-2.756916051156973069e-03
-8.257779275357394685e-03
-1.371981593509917496e-02
-1.911740779120477476e-02
-2.442533350099668904e-02
-2.961892239228062357e-02
-3.467420352331090916e-02
-3.956804878687947280e-02
-4.427830853830375807e-02
-4.878393883757031757e-02
-5.306511920169978275e-02
-5.710335933733240443e-02
-6.088159572233663858e-02
-6.438427426816509258e-02
-6.759742393740113264e-02
-7.050870515920126813e-02
-7.310746691206936043e-02
-7.538476888257431008e-02
-7.733339758096902106e-02
-7.894787065694121309e-02
-8.022442424481668333e-02
-8.116099221604278213e-02
-8.175716284248561727e-02
-8.201413508743594927e-02
-8.193465533830340819e-02
-8.152295377166310364e-02
-8.078465699491101104e-02
-7.972670819549498855e-02
-7.835727370757319954e-02
-7.668564183477823148e-02
-7.472212697916763569e-02
-7.247796597117257822e-02
-6.996521393718467541e-02
-6.719664311335793450e-02
-6.418564350033681420e-02
-6.094612746802455933e-02
-5.749244042520725712e-02
-5.383927642588634543e-02
-5.000160172684241927e-02
-4.599458551318616473e-02
-4.183354096439426129e-02
-3.753387352468125215e-02
-3.311103874463891539e-02
-2.858051004330459943e-02
-2.395775397236477380e-02
-1.925821441381326757e-02
-1.449730424117393231e-02
-9.690402592902470913e-03
-4.852858855551954627e-03
-6.969791830720143691e-17
-5.057006508637900149e-17
5.137830718751092846e-03
1.026120526432166245e-02
1.535561582600315604e-02
2.040645360161673014e-02
2.539896411440280624e-02
3.031820943022958334e-02
3.514903908877241995e-02
3.987607175732044151e-02
4.448368882753410414e-02
4.895604180409678791e-02
5.327707298103897399e-02
5.743055236827049326e-02
6.140012814432399546e-02
6.516939248256721495e-02
6.872196208747329005e-02
7.204157170334379856e-02
7.511217898301371376e-02
7.791808399639633953e-02
8.044405214555236383e-02
8.267544975268453777e-02
8.459838073889476562e-02
8.619982999933768764e-02
8.746780631488558500e-02
8.839148284145555146e-02
8.896133743199717558e-02
8.916928407213059460e-02
8.900879704562537909e-02
8.847502845844409936e-02
8.756491261609103405e-02
8.627725456712345697e-02
8.461280956626512917e-02
8.257434260566820505e-02
8.016667395702826993e-02
7.739670573597294545e-02
7.427343063340140217e-02
7.080792442446483259e-02
6.701331258904692778e-02
6.290473203074957442e-02
5.849926155056171112e-02
5.381584038935061792e-02
4.887517089768228518e-02
4.369960191136414845e-02
3.831299979772306158e-02
3.274060385596009454e-02
2.700887005748289077e-02
2.114530348348637664e-02
1.517828083402993078e-02
9.136865152712548427e-03
3.050614475592590587e-03
-3.050614474751326029e-03
-9.136865130332674431e-03
-1.517828079904164074e-02
-2.114530352297511184e-02
-2.700887007564640313e-02
-3.274060384327124457e-02
-3.831299981267078519e-02
-4.369960201577518383e-02
-4.887517092697314658e-02
-5.381584042243716531e-02
-5.849926146340262562e-02
-6.290473217032226116e-02
-6.701331263394876003e-02
-7.080792441145392080e-02
-7.427343062345127811e-02
-7.739670590790725946e-02
-8.016667396050924932e-02
-8.257434261099641515e-02
-8.461280960109544835e-02
-8.627725459254349805e-02
-8.756491255915478666e-02
-8.847502848301826150e-02
-8.900879700686160911e-02
-8.916928408468273448e-02
-8.896133740337303086e-02
-8.839148282466537110e-02
-8.746780631275712092e-02
-8.619983001084914609e-02
-8.459838069313621589e-02
-8.267544975455848322e-02
-8.044405217944623765e-02
-7.791808403103453462e-02
-7.511217893531595136e-02
-7.204157169833327878e-02
-6.872196194837024152e-02
-6.516939247337608099e-02
-6.140012810160732498e-02
-5.743055232490642398e-02
-5.327707295112223129e-02
-4.895604182709606400e-02
-4.448368886120547538e-02
-3.987607175425271488e-02
-3.514903908590177178e-02
-3.031820941372024431e-02
-2.539896411866452916e-02
-2.040645361245769021e-02
-1.535561583254086218e-02
-1.026120528276847250e-02
-5.137830716511701881e-03
-7.040722205707992060e-17
-4.525089628302574268e-17
5.208181958890713455e-03
1.040434967249660725e-02
1.557637749707469453e-02
2.071192050015939132e-02
2.579831399653200255e-02
3.082248336167089930e-02
3.577086786641509725e-02
4.062936022369107586e-02
4.538326579679387990e-02
5.001728196395514164e-02
5.451549942347108657e-02
5.886142689640663089e-02
6.303803860722533015e-02
6.702784501165227893e-02
7.081298672164146324e-02
7.437534719243105163e-02
7.769668772383112043e-02
8.075879789819354060e-02
8.354366211939519282e-02
8.603363619773438109e-02
8.821163668004733394e-02
9.006133336580450510e-02
9.156734844830398401e-02
9.271544786554888895e-02
9.349273477976351165e-02
9.388785437251889743e-02
9.389113223659885377e-02
9.349477826527849422e-02
9.269301686415586106e-02
9.148222623864492309e-02
8.986105167678580530e-02
8.783049991437942572e-02
8.539401236901757175e-02
8.255751313594456020e-02
7.932943385632362787e-02
7.572071726318933826e-02
7.174479277962786394e-02
6.741752919201754457e-02
6.275716415062840281e-02
5.778420970357702607e-02
5.252133676404966561e-02
4.699323804201298999e-02
4.122647048486473981e-02
3.524928131176848639e-02
2.909141820267570691e-02
2.278392101564604560e-02
1.635890608319849615e-02
9.849337503740288741e-03
3.288790499141957136e-03
-3.288790495453554688e-03
-9.849337510433526718e-03
-1.635890610471724127e-02
-2.278392096706000070e-02
-2.909141822283228471e-02
-3.524928059212176223e-02
-4.122647060077400116e-02
-4.699323796654562152e-02
-5.252133680450040559e-02
-5.778420969411074415e-02
-6.275716417676978354e-02
-6.741752913978289741e-02
-7.174479275444485549e-02
-7.572071722817662331e-02
-7.932943396899330701e-02
-8.255751322354069888e-02
-8.539401231843546380e-02
-8.783049998606795583e-02
-8.986105156624209223e-02
-9.148222655342441723e-02
-9.269301688822337293e-02
-9.349477825516190610e-02
-9.389113228526052568e-02
-9.388785428068360805e-02
-9.349273468527442843e-02
-9.271544787320516734e-02
-9.156734852355602472e-02
-9.006133342441728640e-02
-8.821163663824645174e-02
-8.603363595077173631e-02
-8.354366198352632111e-02
-8.075879789444476153e-02
-7.769668780434993427e-02
-7.437534719138907957e-02
-7.081298682827733004e-02
-6.702784505197587062e-02
-6.303803861275043829e-02
-5.886142689045088111e-02
-5.451549944254534957e-02
-5.001728196690635730e-02
-4.538326584482109405e-02
-4.062936020986806368e-02
-3.577086788510540349e-02
-3.082248341741515574e-02
-2.579831399768202360e-02
-2.071192046727568514e-02
-1.557637748812239729e-02
-1.040434967807019051e-02
-5.208181954953984907e-03
-6.535797371946797536e-17
-3.324248716189104291e-17
4.992852807619039233e-03
9.978211845961584489e-03
1.494838587354222793e-02
1.989529463948870591e-02
2.481028753741638948e-02
2.968397800126459929e-02
3.450609879265888191e-02
3.926538124476244146e-02
4.394946248300446445e-02
4.854482384362990288e-02
5.303676191469983148e-02
5.740939416654027710e-02
6.164569844175316754e-02
6.572758922392681058e-02
6.963602061374701835e-02
7.335112956995720745e-02
7.685241586298142968e-02
8.011891405110414810e-02
8.312942835397235664e-02
8.586276459878214307e-02
8.829798254858682582e-02
9.041465663269096509e-02
9.219314562769409527e-02
9.361485830385339602e-02
9.466252103399327988e-02
9.532043524383279620e-02
9.557472338445534288e-02
9.541356185221408492e-02
9.482738661376409472e-02
9.380908398662494985e-02
9.235417116865922427e-02
9.046091529612208804e-02
8.813044341157925954e-02
8.536683913487008724e-02
8.217717467536808651e-02
7.857153422038100354e-02
7.456299888709053136e-02
7.016759173757802781e-02
6.540422393453837469e-02
6.029455849291195241e-02
5.486289157669862332e-02
4.913598642052405957e-02
4.314288650619494542e-02
3.691470047759360523e-02
3.048437566739043911e-02
2.388644482378918590e-02
1.715675960565902353e-02
1.033221222553283927e-02
3.450445310695015189e-03
-3.450445310368108285e-03
-1.033221222460172818e-02
-1.715675958614472016e-02
-2.388644482067900365e-02
-3.048437567458730721e-02
-3.691470048986066066e-02
-4.314288659230618855e-02
-4.913598641721050181e-02
-5.486289155721119082e-02
-6.029455846849370720e-02
-6.540422400655342139e-02
-7.016759173551731510e-02
-7.456299869257423940e-02
-7.857153425801027824e-02
-8.217717462287815744e-02
-8.536683908060459236e-02
-8.813044347195241046e-02
-9.046091518100328466e-02
-9.235417100764546638e-02
-9.380908415645054788e-02
-9.482738653948213914e-02
-9.541356188837488150e-02
-9.557472339309257270e-02
-9.532043526685833601e-02
-9.466252107162169416e-02
-9.361485848204911808e-02
-9.219314590289262590e-02
-9.041465684117044876e-02
-8.829798239626113210e-02
-8.586276467029475834e-02
-8.312942825565221294e-02
-8.011891407459553749e-02
-7.685241621606300755e-02
-7.335112958997561106e-02
-6.963602079090053243e-02
-6.572758861300370681e-02
-6.164569842043803732e-02
-5.740939404485720376e-02
-5.303676194379025599e-02
-4.854482373585564114e-02
-4.394946248908856296e-02
-3.926538130172257252e-02
-3.450609882563716868e-02
-2.968397798856760306e-02
-2.481028757217437417e-02
-1.989529469495325206e-02
-1.494838589449212600e-02
-9.978211816369533457e-03
-4.992852832659828988e-03
-5.251564993386446694e-17
-1.232924589951426746e-17
4.402194039236940852e-03
8.804116205532419928e-03
1.320517763582287375e-02
1.760416342500851009e-02
2.199893888057735322e-02
2.638617905746565642e-02
3.076112720611817383e-02
3.511738917137625926e-02
3.944676818421325587e-02
4.373914462452210133e-02
4.798240443060299704e-02
5.216240881717753436e-02
5.626302992376719381e-02
6.026622982789026084e-02
6.415217556251458231e-02
6.789941636335225517e-02
7.148509872763232631e-02
7.488521734545250386e-02
7.807490055031539311e-02
8.102872427848499537e-02
8.372104718358537589e-02
8.612636122196432042e-02
8.821965316113776490e-02
8.997676696770023907e-02
9.137476446912320971e-02
9.239227657878942845e-02
9.300984022026939635e-02
9.321021421625826087e-02
9.297867480223452608e-02
9.230327093354982748e-02
9.117506479753897941e-02
8.958831741248246550e-02
8.754067744554158703e-02
8.503324956375807320e-02
8.207071814297116352e-02
7.866136212773529313e-02
7.481706693074642589e-02
7.055326589914606705e-02
6.588886680151584407e-02
6.084612920939114905e-02
5.545050047448338293e-02
4.973043216951723161e-02
4.371714813542292716e-02
3.744439444088357855e-02
3.094815594364629108e-02
2.426635398975224636e-02
1.743852154842379099e-02
1.050546235056133877e-02
3.508897542372745645e-03
-3.508897542370465784e-03
-1.050546235141318341e-02
-1.743852151591771676e-02
-2.426635400733548331e-02
-3.094815594975970641e-02
-3.744439438351191557e-02
-4.371714816648480245e-02
-4.973043218822165851e-02
-5.545050046558358536e-02
-6.084612926623834961e-02
-6.588886677384735158e-02
-7.055326584747899366e-02
-7.481706700124311771e-02
-7.866136215874224014e-02
-8.207071822569794728e-02
-8.503324957951519103e-02
-8.754067740007491494e-02
-8.958831734668813718e-02
-9.117506466201301396e-02
-9.230327087489384463e-02
-9.297867471781165460e-02
-9.321021405549555217e-02
-9.300984012967675185e-02
-9.239227663114339684e-02
-9.137476420855904224e-02
-8.997676703494851547e-02
-8.821965319637817271e-02
-8.612636162077187685e-02
-8.372104733583225766e-02
-8.102872436481113605e-02
-7.807490052044077644e-02
-7.488521730204979188e-02
-7.148509867868203804e-02
-6.789941628460423317e-02
-6.415217562256958495e-02
-6.026622994399502553e-02
-5.626302996326934536e-02
-5.216240856894507200e-02
-4.798240447320197000e-02
-4.373914452530200392e-02
-3.944676824143452526e-02
-3.511738914903457520e-02
-3.076112718025303741e-02
-2.638617906989759732e-02
-2.199893892331368506e-02
-1.760416341744158383e-02
-1.320517763912107054e-02
-8.804116208443513170e-03
-4.402194040470053422e-03
-2.931828349992172731e-17
2.027307562985332358e-17
3.323382179383578463e-03
6.657196205485397568e-03
1.001139399322740521e-02
1.339497807914366567e-02
1.681555578788120064e-02
2.027892402743982497e-02
2.378869660322087756e-02
2.734598145042522674e-02
3.094911749837481532e-02
3.459347092174160088e-02
3.827130341853929307e-02
4.197170569767654652e-02
4.568059869645137855e-02
4.938084062438539978e-02
5.305232076266836599e-02
5.667222044097634109e-02
6.021527230808520342e-02
6.365406330236030030e-02
6.695943406027404787e-02
7.010088198565184170e-02
7.304700431746183331e-02
7.576596766325455201e-02
7.822598880418912826e-02
8.039582147954658919e-02
8.224523631935330703e-02
8.374550098787396368e-02
8.486983942686916749e-02
8.559383050253356606e-02
8.589583638059759829e-02
8.575735515795220032e-02
8.516332584904624803e-02
8.410240532372142974e-02
8.256721764075124204e-02
8.055447956052444458e-02
7.806514927602746512e-02
7.510449134042311570e-02
7.168208455083451003e-02
6.781178779131162571e-02
6.351164881561348341e-02
5.880376865147077248e-02
5.371411900942565237e-02
4.827229915175478697e-02
4.251129289595259597e-02
3.646714304706202836e-02
3.017861974941317069e-02
2.368684944998048977e-02
1.703492199423516443e-02
1.026747595718086915e-02
3.430268379134255013e-03
-3.430268379071180901e-03
-1.026747596212499065e-02
-1.703492197440184194e-02
-2.368684950163018818e-02
-3.017861975083074161e-02
-3.646714282790369799e-02
-4.251129281735224058e-02
-4.827229925577486425e-02
-5.371411869090313151e-02
-5.880376863092812156e-02
-6.351164886305835089e-02
-6.781178776603230540e-02
-7.168208464606218300e-02
-7.510449118767545396e-02
-7.806514909948591985e-02
-8.055447918619072778e-02
-8.256721771419665845e-02
-8.410240525856599314e-02
-8.516332585379270126e-02
-8.575735532469573597e-02
-8.589583669336545158e-02
-8.559383039197659970e-02
-8.486983959423012591e-02
-8.374550093205265777e-02
-8.224523647645434754e-02
-8.039582143735524156e-02
-7.822598908462272127e-02
-7.576596784325236034e-02
-7.304700427950266972e-02
-7.010088188791391284e-02
-6.695943377335013269e-02
-6.365406335077809785e-02
-6.021527221029516347e-02
-5.667222065649230728e-02
-5.305232079680383128e-02
-4.938084084926872702e-02
-4.568059867818552444e-02
-4.197170567456913470e-02
-3.827130349170564799e-02
-3.459347097284294625e-02
-3.094911747633174656e-02
-2.734598154039360671e-02
-2.378869639398455832e-02
-2.027892393419306397e-02
-1.681555586552134149e-02
-1.339497807075997263e-02
-1.001139388399848069e-02
-6.657196208338751406e-03
-3.323382191713054445e-03
7.454283796873557547e-18
6.805453912631941435e-17
1.614857053393510674e-03
3.255304095394986712e-03
4.946232640895451352e-03
6.711153059934315407e-03
8.571542157707104023e-03
1.054623616167175114e-02
1.265088224632010365e-02
1.489745756717771388e-02
1.729387384410129014e-02
1.984366194740700903e-02
2.254575721818020614e-02
2.539437945096513841e-02
2.837901009701890298e-02
3.148447180761022868e-02
3.469109960528524855e-02
3.797499575158690827e-02
4.130838686226172285e-02
4.466005159784700723e-02
4.799577362913322320e-02
5.127891225686543458e-02
5.447098522585641645e-02
5.753227913767833268e-02
6.042247086044050947e-02
6.310133081990149106e-02
6.552929186730857558e-02
6.766812399062763217e-02
6.948153012243074578e-02
7.093571620690912460e-02
7.199992539124941415e-02
7.264691885001701988e-02
7.285340535291290331e-02
7.260040893060959455e-02
7.187357699560788238e-02
7.066341811884102597e-02
6.896547675707653813e-02
6.678043631617494591e-02
6.411415751621317438e-02
6.097764896008330687e-02
5.738697108424636179e-02
5.336308323422889882e-02
4.893162469152586430e-02
4.412264729069530211e-02
3.897029257085415921e-02
3.351242358822591888e-02
2.779021604567495640e-02
2.184771084914735942e-02
1.573133709875967901e-02
9.489408194848310621e-03
3.171597884930044565e-03
-3.171597881718137696e-03
-9.489408197046059548e-03
-1.573133707410324933e-02
-2.184771087979346660e-02
-2.779021603128958157e-02
-3.351242371187643232e-02
-3.897029256047131879e-02
-4.412264736855706082e-02
-4.893162467843156088e-02
-5.336308302732714615e-02
-5.738697110424000741e-02
-6.097764892575781998e-02
-6.411415748092952338e-02
-6.678043632461673484e-02
-6.896547664239727204e-02
-7.066341825293064038e-02
-7.187357701439558988e-02
-7.260040898545276622e-02
-7.285340523065771123e-02
-7.264691892626477798e-02
-7.199992533592869393e-02
-7.093571618210237073e-02
-6.948153021437764032e-02
-6.766812440174475862e-02
-6.552929173384289263e-02
-6.310133094074639459e-02
-6.042247097907702674e-02
-5.753227893697480250e-02
-5.447098513043285850e-02
-5.127891216628734788e-02
-4.799577380657124581e-02
-4.466005180911862549e-02
-4.130838683362583058e-02
-3.797499555510578523e-02
-3.469109960539274590e-02
-3.148447179103763816e-02
-2.837901072409242109e-02
-2.539437931774334370e-02
-2.254575761522370492e-02
-1.984366184941152578e-02
-1.729387368413841386e-02
-1.489745759557481973e-02
-1.265088191831577509e-02
-1.054623623091299582e-02
-8.571542070299141211e-03
-6.711152881270701989e-03
-4.946232639134103340e-03
-3.255304072763279006e-03
-1.614857052345996385e-03
6.183904846045726617e-17
1.353755389499136310e-16
-9.003501148061240911e-04
-1.754291647381147658e-03
-2.516402843588036713e-03
-3.143213779341330789e-03
-3.594130027312942340e-03
-3.832294491613687671e-03
-3.825367802749108162e-03
-3.546217149282454399e-03
-2.973491294933436162e-03
-2.092077010154100129e-03
-8.934287510649171126e-04
6.242368091967836000e-04
2.455881245100152883e-03
4.589712874533694725e-03
7.007406417783965287e-03
9.684405754297603641e-03
1.259037839127237837e-02
1.568975318379796022e-02
1.894236041833718270e-02
2.230411038650492381e-02
2.572779890333056624e-02
2.916389202883895235e-02
3.256137168801347820e-02
3.586858402705930815e-02
3.903408781167435476e-02
4.200748732418051190e-02
4.474022181519293068e-02
4.718635652369743139e-02
4.930322507586352987e-02
5.105212583651169006e-02
5.239887012165458241e-02
5.331427508326464643e-02
5.377457826109682815e-02
5.376176519329000508e-02
5.326380978332203447e-02
5.227482828684914401e-02
5.079514824990894600e-02
4.883128628487468786e-02
4.639586482137084827e-02
4.350741167228944911e-02
4.019012418491443861e-02
3.647354388253349483e-02
3.239217208800786174e-02
2.798502637066135890e-02
2.329514634831346062e-02
1.836905208033997455e-02
1.325616535382048190e-02
8.008198063532357552e-03
2.678515937094659051e-03
-2.678515937441437213e-03
-8.008198071367456441e-03
-1.325616529600269836e-02
-1.836905209045803372e-02
-2.329514634997187361e-02
-2.798502637358358386e-02
-3.239217193113671373e-02
-3.647354387618390731e-02
-4.019012411387264117e-02
-4.350741171421606407e-02
-4.639586482016947594e-02
-4.883128631050669827e-02
-5.079514825066144129e-02
-5.227482825054416415e-02
-5.326380981232167050e-02
-5.376176523216604636e-02
-5.377457825700275584e-02
-5.331427541599988856e-02
-5.239887035383435782e-02
-5.105212596078504556e-02
-4.930322505317285414e-02
-4.718635659158875589e-02
-4.474022194003895309e-02
-4.200748678861999236e-02
-3.903408789877339108e-02
-3.586858406397019222e-02
-3.256137180467658793e-02
-2.916389223554981258e-02
-2.572779885985596732e-02
-2.230411002113962676e-02
-1.894236045503545907e-02
-1.568975308659209880e-02
-1.259037822103958523e-02
-9.684405598529557610e-03
-7.007406521037109169e-03
-4.589712219435409211e-03
-2.455881154043862771e-03
-6.242364454470060138e-04
8.934287880277058452e-04
2.092076955878611512e-03
2.973491332541867722e-03
3.546217191545466066e-03
3.825367817915094251e-03
3.832294429602536249e-03
3.594130072173184597e-03
3.143213843195594680e-03
2.516402883498295405e-03
1.754291618072040650e-03
9.003500664276651915e-04
1.388801384970722860e-16
2.276610690148748306e-16
-4.442494206793891863e-03
-8.810615091585833475e-03
-1.303135184958086577e-02
-1.703439034081651385e-02
-2.075338986488656223e-02
-2.412717729699789468e-02
-2.710083261750348416e-02
-2.962664603679926803e-02
-3.166492824624686508e-02
-3.318465544713646714e-02
-3.416394448602926015e-02
-3.459034696451560725e-02
-3.446096554319740685e-02
-3.378237962976822495e-02
-3.257041140891342446e-02
-3.084971459113219558e-02
-2.865321724609700207e-02
-2.602142395623456908e-02
-2.300160068519571666e-02
-1.964685630013241271e-02
-1.601514577807956058e-02
-1.216821367474923803e-02
-8.170500483651522289e-03
-4.088029097698575760e-03
1.270105561271535973e-05
4.065802967255888536e-03
8.007047033598873459e-03
1.177485403320246114e-02
1.531121507370134666e-02
1.856253830879176295e-02
2.148039249989857138e-02
2.402215942283048369e-02
2.615159937853644284e-02
2.783925643795124097e-02
2.906281151477868238e-02
2.980729125581154174e-02
3.006517806069559234e-02
2.983640951004368214e-02
2.912827535234626189e-02
2.795521502178863887e-02
2.633852487483705554e-02
2.430597520844057779e-02
2.189134877744465177e-02
1.913390734841446950e-02
1.607779413261870710e-02
1.277137818955471037e-02
9.266552567329377002e-03
5.617992396242090826e-03
1.882381563062278471e-03
-1.882381554262108243e-03
-5.617992393305778175e-03
-9.266552556434014265e-03
-1.277137818603082085e-02
-1.607779414592583334e-02
-1.913390743460585339e-02
-2.189134873759536470e-02
-2.430597522761181184e-02
-2.633852483441042475e-02
-2.795521488231889756e-02
-2.912827523749348183e-02
-2.983640934679482326e-02
-3.006517809288392420e-02
-2.980729120525767509e-02
-2.906281145969727767e-02
-2.783925659567293778e-02
-2.615159936121592282e-02
-2.402215939484089388e-02
-2.148039244018799809e-02
-1.856253849900647498e-02
-1.531121509766505961e-02
-1.177485378214659234e-02
-8.007047164943024292e-03
-4.065803316473378531e-03
-1.270088942078322593e-05
4.088029310072765175e-03
8.170500569016251463e-03
1.216821370230448951e-02
1.601514559263647955e-02
1.964685607933945588e-02
2.300160059497552770e-02
2.602142388190288591e-02
2.865321717507019611e-02
3.084971455968571474e-02
3.257041137653463037e-02
3.378237970439069981e-02
3.446096554290226793e-02
3.459034757714652547e-02
3.416394445665065643e-02
3.318465562468025237e-02
3.166492824977151094e-02
2.962664621283633143e-02
2.710083258319591348e-02
2.412717729974084638e-02
2.075338998585525910e-02
1.703439038617309345e-02
1.303135184071250487e-02
8.810615052582905851e-03
4.442494209997023200e-03
2.448535116029723447e-16
3.516257082121392914e-16
-9.284238556821960281e-03
-1.845717587517030356e-02
-2.740935853596572838e-02
-3.603499049028113105e-02
-4.423366638981847399e-02
-5.191199415130253597e-02
-5.898507433552194895e-02
-6.537780624116612538e-02
-7.102599693167045702e-02
-7.587725571869474717e-02
-7.989165794161257050e-02
-8.304216400133207499e-02
-8.531481631205178884e-02
-8.670866371708665921e-02
-8.723548491118983395e-02
-8.691927715220799933e-02
-8.579554844982410777e-02
-8.391042336068081642e-02
-8.131959245738844266e-02
-7.808712948928475672e-02
-7.428419755231119304e-02
-6.998768528312525328e-02
-6.527878367388263714e-02
-6.024154534326553456e-02
-5.496144142494625850e-02
-4.952397473731201538e-02
-4.401327796282018118e-02
-3.851086539955164700e-02
-3.309438729404211993e-02
-2.783659748828810898e-02
-2.280432797569342807e-02
-1.805765115990569381e-02
-1.364916240425878384e-02
-9.623390290592078941e-03
-6.016393179661257314e-03
-2.855412350589362543e-03
-1.587397739563188191e-04
2.064311179925551118e-03
3.813295967355851204e-03
5.096407283945542273e-03
5.930168509579000942e-03
6.338896367369915852e-03
6.354227300401454198e-03
6.014432999605556426e-03
5.363711286874167823e-03
4.451388473775776122e-03
3.331069201794838522e-03
2.059735736716394525e-03
6.968102953620353580e-04
-6.968102951882595422e-04
-2.059735737878003528e-03
-3.331069227667031365e-03
-4.451388464565862908e-03
-5.363711327826782387e-03
-6.014432969210605114e-03
-6.354227132955372025e-03
-6.338896375941569655e-03
-5.930168295815799358e-03
-5.096407319654179709e-03
-3.813296119957791403e-03
-2.064311211714943417e-03
1.587400189405820279e-04
2.855412713058278536e-03
6.016393149679795556e-03
9.623390114737437329e-03
1.364916199336273749e-02
1.805765104432626236e-02
2.280432776811823492e-02
2.783659737816048668e-02
3.309438797464275828e-02
3.851086517484400562e-02
4.401327834177851117e-02
4.952397436496083077e-02
5.496144140373408066e-02
6.024154532468977558e-02
6.527878373916880250e-02
6.998768539936268962e-02
7.428419762200848264e-02
7.808712935142249345e-02
8.131959265206423204e-02
8.391042353126432207e-02
8.579554852805135190e-02
8.691927708544594511e-02
8.723548474697913335e-02
8.670866376786463825e-02
8.531481634768332822e-02
8.304216405141251478e-02
7.989165805161053957e-02
7.587725582488770437e-02
7.102599702899858869e-02
6.537780614526936263e-02
5.898507434052682047e-02
5.191199408743393112e-02
4.423366618674779566e-02
3.603499049564737322e-02
2.740935852168421491e-02
1.845717589065520164e-02
9.284238562656229113e-03
3.875271773546024565e-16
5.155263958025258255e-16
-1.576090267831541797e-02
-3.136241281638946915e-02
-4.664760559262544348e-02
-6.146444112989658121e-02
-7.566808113381773282e-02
-8.912306022153958229e-02
-1.017052656922277781e-01
-1.133036930215207405e-01
-1.238219382650076195e-01
-1.331794087480747957e-01
-1.413122283596207895e-01
-1.481738311440407851e-01
-1.537352320083772428e-01
-1.579849883847379843e-01
-1.609288536220296884e-01
-1.625891439964773921e-01
-1.630038396366046693e-01
-1.622254467068101613e-01
-1.603196525484579527e-01
-1.573638044079962439e-01
-1.534452512134360791e-01
-1.486595807615601339e-01
-1.431087925911858627e-01
-1.368994404007743693e-01
-1.301407776118441717e-01
-1.229429403186230174e-01
-1.154151932073232967e-01
-1.076642615612482534e-01
-9.979279830042873944e-02
-9.189795703532935289e-02
-8.407013448685386747e-02
-7.639186566563435643e-02
-6.893689047460971331e-02
-6.176939657391241484e-02
-5.494344150948079347e-02
-4.850254992259019765e-02
-4.247948870727458193e-02
-3.689620954739018799e-02
-3.176395575512856034e-02
-2.708352487893187291e-02
-2.284567440767577493e-02
-1.903166438029638141e-02
-1.561392099699066525e-02
-1.255681263548852518e-02
-9.817523689065459080e-03
-7.347014519140506426e-03
-5.091053598184133201e-03
-2.991309498594123609e-03
-9.864895034932125162e-04
9.864895016727132527e-04
2.991309506791378550e-03
5.091053534853518144e-03
7.347014461905549201e-03
9.817523700289721919e-03
1.255681263287381291e-02
1.561392108395657889e-02
1.903166442301892219e-02
2.284567434676099823e-02
2.708352517571068277e-02
3.176395575768225371e-02
3.689620955628259563e-02
4.247948880633722890e-02
4.850254993588744290e-02
5.494344148772482145e-02
6.176939676588619893e-02
6.893689045417282502e-02
7.639186564036067051e-02
8.407013440501856505e-02
9.189795668559151698e-02
9.979279780594439708e-02
1.076642619146714330e-01
1.154151934839295068e-01
1.229429399591686067e-01
1.301407775341763551e-01
1.368994404132615750e-01
1.431087924154771651e-01
1.486595803786910364e-01
1.534452510247645562e-01
1.573638047008558138e-01
1.603196525999895372e-01
1.622254467010617041e-01
1.630038395064458134e-01
1.625891438166224556e-01
1.609288536022825122e-01
1.579849883731481164e-01
1.537352319045816040e-01
1.481738311803390273e-01
1.413122288364588586e-01
1.331794086255175258e-01
1.238219383378851429e-01
1.133036930919898849e-01
1.017052657110634889e-01
8.912306002815528760e-02
7.566808107372678671e-02
6.146444096046198985e-02
4.664760556962471022e-02
3.136241278127755577e-02
1.576090267357692712e-02
5.764535554739975077e-16
7.294348447729363651e-16
-2.428150480315803550e-02
-4.834172847847430232e-02
-7.196264220700915315e-02
-9.493265516923636571e-02
-1.170496707888294130e-01
-1.381239501455578667e-01
-1.579807292967417842e-01
-1.764625403003022008e-01
-1.934311917473819642e-01
-2.087693811316416181e-01
-2.223819096011837027e-01
-2.341964874516302142e-01
-2.441641265997584465e-01
-2.522591219252756645e-01
-2.584786369489818214e-01
-2.628419175678301523e-01
-2.653891770153494201e-01
-2.661800736027410408e-01
-2.652921177844001499e-01
-2.628186508909791108e-01
-2.588667491311766877e-01
-2.535549670218734120e-01
-2.470110032666098243e-01
-2.393693202589712299e-01
-2.307687729021010714e-01
-2.213502791347710108e-01
-2.112545781789280930e-01
-2.006201003191707688e-01
-1.895809864711470449e-01
-1.782652740202086694e-01
-1.667932767072975164e-01
-1.552761651680540644e-01
-1.438147662010995087e-01
-1.324985813103579102e-01
-1.214050317637552362e-01
-1.105989281123636175e-01
-1.001321564993128271e-01
-9.004357919783717579e-02
-8.035914034572937126e-02
-7.109216356099400114e-02
-6.224382985492599857e-02
-5.380382331683185304e-02
-4.575112833168131637e-02
-3.805496477849271836e-02
-3.067584351002517959e-02
-2.356672816171108756e-02
-1.667428577806739226e-02
-9.940210601183833289e-03
-3.302604068914431670e-03
3.302604075152158584e-03
9.940210609396234534e-03
1.667428579319309503e-02
2.356672813968831853e-02
3.067584346007851820e-02
3.805496477579396047e-02
4.575112837789332282e-02
5.380382347832294437e-02
6.224382970957859085e-02
7.109216355843793467e-02
8.035914024480275697e-02
9.004357953129472902e-02
1.001321564235565093e-01
1.105989281531396806e-01
1.214050315614103315e-01
1.324985810359920191e-01
1.438147659959340130e-01
1.552761651420937195e-01
1.667932770319762170e-01
1.782652740173333583e-01
1.895809866041347491e-01
2.006201008375124162e-01
2.112545789841545618e-01
2.213502791518943413e-01
2.307687728782963077e-01
2.393693201769960532e-01
2.470110032437375924e-01
2.535549669377170079e-01
2.588667488923526716e-01
2.628186510525588049e-01
2.652921179393062934e-01
2.661800740539800869e-01
2.653891768824373498e-01
2.628419171583165626e-01
2.584786370246061060e-01
2.522591216738219733e-01
2.441641267692943318e-01
2.341964875915455713e-01
2.223819096873643208e-01
2.087693809597667982e-01
1.934311917719841734e-01
1.764625402545458022e-01
1.579807291964983873e-01
1.381239500144240406e-01
1.170496709371517119e-01
9.493265520702276472e-02
7.196264227181423112e-02
4.834172851946958588e-02
2.428150479091739644e-02
8.232845359245531759e-16
1.005511388252317111e-15
-3.533986097387246950e-02
-7.037964929616147280e-02
-1.048235274557443863e-01
-1.383840429649392800e-01
-1.707861095518781180e-01
-2.017707406730430975e-01
-2.310984642790258337e-01
-2.585523563113620860e-01
-2.839406324646810420e-01
-3.070987669300305756e-01
-3.278910969797897423e-01
-3.462119003680683704e-01
-3.619859374018492004e-01
-3.751684697512293609e-01
-3.857447628237000159e-01
-3.937291092497259837e-01
-3.991634115112726033e-01
-4.021153592268110755e-01
-4.026762631839992390e-01
-4.009585990810040634e-01
-3.970933170440102411e-01
-3.912269826772823977e-01
-3.835188055690553766e-01
-3.741376216259534315e-01
-3.632588717098148012e-01
-3.510616459494094177e-01
-3.377258280244008204e-01
-3.234293926121851737e-01
-3.083458783738240450e-01
-2.926420802993890957e-01
-2.764759937399867140e-01
-2.599949888579354274e-01
-2.433342776071601987e-01
-2.266156647637547483e-01
-2.099465584879777469e-01
-1.934192815971817470e-01
-1.771106442979498430e-01
-1.610817918381527714e-01
-1.453783000015921589e-01
-1.300305120134935544e-01
-1.150541025156907038e-01
-1.004508431720508993e-01
-8.620956027993785520e-02
-7.230725989894616623e-02
-5.871040139749304776e-02
-4.537630350969294735e-02
-3.225465449694245312e-02
-1.928911866710913275e-02
-6.419005827216097033e-03
6.419005814843064747e-03
1.928911864644834023e-02
3.225465447658167756e-02
4.537630351764110337e-02
5.871040177060692783e-02
7.230726003975779248e-02
8.620956032435322935e-02
1.004508429912441547e-01
1.150541024761199405e-01
1.300305121910445005e-01
1.453782996114611481e-01
1.610817921815922427e-01
1.771106432352888560e-01
1.934192817137649345e-01
2.099465584396985052e-01
2.266156646560546495e-01
2.433342779304941972e-01
2.599949887909314694e-01
2.764759955783683276e-01
2.926420809984863758e-01
3.083458788227493308e-01
3.234293925794851643e-01
3.377258277511273055e-01
3.510616463587314939e-01
3.632588717904218223e-01
3.741376218773619922e-01
3.835188063188312291e-01
3.912269820677806154e-01
3.970933166149970828e-01
4.009585989480433099e-01
4.026762636641386672e-01
4.021153590517025922e-01
3.991634115241728398e-01
3.937291095238795169e-01
3.857447624470410341e-01
3.751684698456816958e-01
3.619859373996115459e-01
3.462119002064213968e-01
3.278910970585143247e-01
3.070987669889107541e-01
2.839406323574750202e-01
2.585523560076153915e-01
2.310984642270110523e-01
2.017707403105921948e-01
1.707861093584829570e-01
1.383840430289635937e-01
1.048235275319534809e-01
7.037964929181668439e-02
3.533986096747741834e-02
1.142088183727116247e-15
1.358247794053259564e-15
-4.952442428150566345e-02
-9.864948963872131882e-02
-1.469812914032270768e-01
-1.941367241867253957e-01
-2.397486112953076121e-01
-2.834705185668982552e-01
-3.249811594518706714e-01
-3.639883110127034027e-01
-4.002321728318376515e-01
-4.334881107137130707e-01
-4.635687532291671298e-01
-4.903254089523892967e-01
-5.136488053154740774e-01
-5.334691508308027075e-01
-5.497555507245317497e-01
-5.625148007120717164e-01
-5.717896248680958138e-01
-5.776563832885450722e-01
-5.802223758441400481e-01
-5.796227301830569889e-01
-5.760170253736706103e-01
-5.695856884778541795e-01
-5.605262362475915694e-01
-5.490494841161506212e-01
-5.353757224950914662e-01
-5.197309882664767899e-01
-5.023434602597017795e-01
-4.834400395287887786e-01
-4.632431617327094076e-01
-4.419678796943734000e-01
-4.198192379904848726e-01
-3.969900060097800165e-01
-3.736586846866793987e-01
-3.499879223136238560e-01
-3.261232616062146872e-01
-3.021922283375529927e-01
-2.783037720355832634e-01
-2.545480324366783953e-01
-2.309964205868756948e-01
-2.077020009191961059e-01
-1.847001470689023372e-01
-1.620094529437885178e-01
-1.396328771838761251e-01
-1.175590945171198359e-01
-9.576403057277081687e-02
-7.421255696264124346e-02
-5.286031754477164141e-02
-3.165566790802535474e-02
-1.054169563143043942e-02
1.054169562915613888e-02
3.165566788700525935e-02
5.286031758436304101e-02
7.421255698669204648e-02
9.576403046622201931e-02
1.175590943497074187e-01
1.396328772211001545e-01
1.620094529370100234e-01
1.847001470150379521e-01
2.077020011602192240e-01
2.309964204762138540e-01
2.545480324350570256e-01
2.783037722821111726e-01
3.021922283804876486e-01
3.261232613978377048e-01
3.499879221213803571e-01
3.736586841196342101e-01
3.969900062427816900e-01
4.198192379710448119e-01
4.419678795965262252e-01
4.632431620838997066e-01
4.834400393418341602e-01
5.023434601653750109e-01
5.197309883481687764e-01
5.353757225679558474e-01
5.490494837905358638e-01
5.605262361628118306e-01
5.695856888451131805e-01
5.760170254221322894e-01
5.796227299464893346e-01
5.802223753458083388e-01
5.776563838067064749e-01
5.717896246497209400e-01
5.625148008563638502e-01
5.497555508555509451e-01
5.334691510834286277e-01
5.136488052089575040e-01
4.903254091276880167e-01
4.635687532845488845e-01
4.334881108740172850e-01
4.002321727066229795e-01
3.639883110165081925e-01
3.249811593966105416e-01
2.834705185449079567e-01
2.397486113375745520e-01
1.941367242795511983e-01
1.469812913907786178e-01
9.864948964692242528e-02
4.952442427341775116e-02
1.549629534252176806e-15
1.804625661368264540e-15
-6.752470000882587753e-02
-1.345262124292567196e-01
-2.004882985505585524e-01
-2.649084799860688677e-01
-3.273045765314472888e-01
-3.872208452990956173e-01
-4.442336028355677868e-01
-4.979562292184177008e-01
-5.480434660373043609e-01
-5.941949397592637405e-01
-6.361578610949368828e-01
-6.737288735917236204e-01
-7.067550361742332976e-01
-7.351339550729472094e-01
-7.588131014383302508e-01
-7.777883312234797897e-01
-7.921017148662837792e-01
-8.018387042324837122e-01
-8.071247443979888692e-01
-8.081214223704183963e-01
-8.050222347861792915e-01
-7.980480830050745711e-01
-7.874425811287831811e-01
-7.734673010455457298e-01
-7.563969786018731600e-01
-7.365148501159772820e-01
-7.141081290560762351e-01
-6.894637148856499476e-01
-6.628641960554155776e-01
-6.345841780249174002e-01
-6.048869930755454982e-01
-5.740218098776836975e-01
-5.422211635262652596e-01
-5.096989173467062484e-01
-4.766486707464481776e-01
-4.432425827842036981e-01
-4.096306367118986436e-01
-3.759403027731984537e-01
-3.422765922250353698e-01
-3.087224814269253215e-01
-2.753396747194758465e-01
-2.421696790390219511e-01
-2.092351698288006379e-01
-1.765416065404275814e-01
-1.440790776395818595e-01
-1.118243376507210424e-01
-7.974300845144113858e-02
-4.779191581409170803e-02
-1.592152844319208449e-02
1.592152842131621879e-02
4.779191573889933486e-02
7.974300848873697167e-02
1.118243376690256641e-01
1.440790776999518741e-01
1.765416065423178194e-01
2.092351695785908405e-01
2.421696791853020780e-01
2.753396746710926046e-01
3.087224815367023978e-01
3.422765923537062216e-01
3.759403026443838836e-01
4.096306368365205675e-01
4.432425829749344071e-01
4.766486710156958573e-01
5.096989176110893194e-01
5.422211625367210353e-01
5.740218095026157208e-01
6.048869930373799164e-01
6.345841779775871494e-01
6.628641964800674469e-01
6.894637154696878767e-01
7.141081293293694010e-01
7.365148504588768796e-01
7.563969788848032838e-01
7.734673003579918271e-01
7.874425803311446703e-01
7.980480834473410168e-01
8.050222342056465585e-01
8.081214217038342751e-01
8.071247451851208954e-01
8.018387041881779309e-01
7.921017147315574380e-01
7.777883313870619375e-01
7.588131004448676054e-01
7.351339552256924703e-01
7.067550369328122750e-01
6.737288735660321715e-01
6.361578611011090567e-01
5.941949397957025925e-01
5.480434660744397668e-01
4.979562290880599207e-01
4.442336027981507174e-01
3.872208452663420397e-01
3.273045765246357930e-01
2.649084799642312249e-01
2.004882985566291964e-01
1.345262123797977549e-01
6.752470004502889034e-02
2.065553727338458175e-15
2.364105155081978974e-15
-9.013078245156157242e-02
-1.795856049395529452e-01
-2.676972665506454074e-01
-3.538159110688973152e-01
-4.373172725629943525e-01
-5.176104197675311935e-01
-5.941448576600512066e-01
-6.664168523987809012e-01
-7.339748716842222631e-01
-7.964240647128126849e-01
-8.534297018994581041e-01
-9.047195518659747471e-01
-9.500851784749749784e-01
-9.893821777241871285e-01
-1.022529377857026800e+00
-1.049507067583608011e+00
-1.070354315655089206e+00
-1.085165539032709514e+00
-1.094086272657551762e+00
-1.097308439430169091e+00
-1.095065101952694908e+00
-1.087624882066992482e+00
-1.075286145327849052e+00
-1.058371079123535008e+00
-1.037219762504114184e+00
-1.012184354076695936e+00
-9.836234616434912370e-01
-9.518968070487656696e-01
-9.173602322132297093e-01
-8.803611313624267742e-01
-8.412343314342852763e-01
-8.002984686322597296e-01
-7.578528972180296197e-01
-7.141751105946586575e-01
-6.695187281796369794e-01
-6.241119950665361404e-01
-5.781567977899116917e-01
-5.318282099985497391e-01
-4.852744925177853164e-01
-4.386175501911060426e-01
-3.919538151346780852e-01
-3.453555123036830543e-01
-2.988722666202799916e-01
-2.525330377975018581e-01
-2.063483155472849162e-01
-1.603125662862985301e-01
-1.144068727312656936e-01
-6.860174044122933912e-02
-2.286002820729664958e-02
2.286002819238741254e-02
6.860174015955472493e-02
1.144068727041301220e-01
1.603125662449495781e-01
2.063483156605171731e-01
2.525330380957813148e-01
2.988722666160013586e-01
3.453555122841016067e-01
3.919538150798377862e-01
4.386175502512040247e-01
4.852744925306112789e-01
5.318282101422964203e-01
5.781567981660760136e-01
6.241119934646418566e-01
6.695187264557953544e-01
7.141751094844966952e-01
7.578528977396579158e-01
8.002984670944367496e-01
8.412343313190994154e-01
8.803611311639015780e-01
9.173602322244448493e-01
9.518968067857693782e-01
9.836234626140470949e-01
1.012184354065738034e+00
1.037219762381574872e+00
1.058371080030165112e+00
1.075286143547094175e+00
1.087624882343935173e+00
1.095065101768322391e+00
1.097308439681550674e+00
1.094086272791223058e+00
1.085165538849547584e+00
1.070354315481032659e+00
1.049507067831269458e+00
1.022529377852394283e+00
9.893821776597379047e-01
9.500851789257653834e-01
9.047195515539852018e-01
8.534297011322010684e-01
7.964240650857744575e-01
7.339748721410015442e-01
6.664168522868703093e-01
5.941448578022756610e-01
5.176104196128037405e-01
4.373172718108433998e-01
3.538159109918266321e-01
2.676972666121152367e-01
1.795856050314746100e-01
9.013078243460297123e-02
2.712372887384232895e-15
3.058320187627662081e-15
-1.182209912350615372e-01
-2.355797658898226010e-01
-3.512250250393217366e-01
-4.643270918718442331e-01
-5.740881939273270174e-01
-6.797521293769824835e-01
-7.806131342128642681e-01
-8.760237933618888473e-01
-9.654018595225418720e-01
-1.048235876793981003e+00
-1.124089527926900534e+00
-1.192604663009722676e+00
-1.253502989696489989e+00
-1.306586453075747611e+00
-1.351736327871630339e+00
-1.388911116579855998e+00
-1.418143322407122708e+00
-1.439535239193372895e+00
-1.453253848441405260e+00
-1.459524996831444321e+00
-1.458626987955876864e+00
-1.450883716362179721e+00
-1.436657534827159521e+00
-1.416341965812331294e+00
-1.390354404898103136e+00
-1.359128945303089919e+00
-1.323109454180185773e+00
-1.282742959039547825e+00
-1.238473478911675585e+00
-1.190736379145082235e+00
-1.139953233280979639e+00
-1.086527337663053094e+00
-1.030839844731841870e+00
-9.732465401744690991e-01
-9.140753043046880855e-01
-8.536241651550281473e-01
-7.921600837367637205e-01
-7.299182633319588609e-01
-6.671020910502939438e-01
-6.038836351905562116e-01
-5.404046240017463809e-01
-4.767779260467262525e-01
-4.130894437171496736e-01
-3.494003924140129946e-01
-2.857499164608278686e-01
-2.221579965210704055e-01
-1.586286018339657655e-01
-9.515304238142179016e-02
-3.171347576357243236e-02
3.171347576243460642e-02
9.515304238389457603e-02
1.586286018397808639e-01
2.221579965262311107e-01
2.857499164726622909e-01
3.494003923991813032e-01
4.130894437146068743e-01
4.767779260383072093e-01
5.404046239972857268e-01
6.038836352038677857e-01
6.671020910690720340e-01
7.299182633582328439e-01
7.921600837710207621e-01
8.536241651292639787e-01
9.140753044439640096e-01
9.732465401573830999e-01
1.030839844070160938e+00
1.086527337606435273e+00
1.139953233380169406e+00
1.190736379919633547e+00
1.238473478758344681e+00
1.282742959122080917e+00
1.323109455512915034e+00
1.359128945649005882e+00
1.390354404393099763e+00
1.416341965749554843e+00
1.436657535117407125e+00
1.450883716785852817e+00
1.458626989125822782e+00
1.459524997518316658e+00
1.453253848464273190e+00
1.439535239186507942e+00
1.418143322798912642e+00
1.388911116068200169e+00
1.351736327490743239e+00
1.306586453331765485e+00
1.253502989534501566e+00
1.192604662955192074e+00
1.124089528309454300e+00
1.048235876722753090e+00
9.654018596090012672e-01
8.760237934394934367e-01
7.806131342957866037e-01
6.797521290767034596e-01
5.740881938665219897e-01
4.643270918145689374e-01
3.512250252444656384e-01
2.355797659466087046e-01
1.182209912439786265e-01
3.515113455085321034e-15
3.910305257369825227e-15
-1.527305254169982751e-01
-3.043747858081447544e-01
-4.538599642624523423e-01
-6.001398798479710139e-01
-7.422076619349943227e-01
-8.791076713836905032e-01
-1.009946448879819103e+00
-1.133902496196707688e+00
-1.250234726211102876e+00
-1.358289451253690494e+00
-1.457505815578826969e+00
-1.547419615314884256e+00
-1.627665486905464975e+00
-1.697977481868729432e+00
-1.758188080130098419e+00
-1.808225726225243468e+00
-1.848111000871875520e+00
-1.877951562689554876e+00
-1.897936014170799046e+00
-1.908326865373237258e+00
-1.909452770319256532e+00
-1.901700201522565470e+00
-1.885504790096854677e+00
-1.861342440719060631e+00
-1.829720450396565834e+00
-1.791168751898836176e+00
-1.746231435495842366e+00
-1.695458670113813460e+00
-1.639399151069834470e+00
-1.578593120508894110e+00
-1.513566089898632949e+00
-1.444823277878946488e+00
-1.372844812561043071e+00
-1.298081749153223496e+00
-1.220952836033844413e+00
-1.141842123520086405e+00
-1.061097281811930859e+00
-9.790287575286226174e-01
-8.959095543966058006e-01
-8.119757270027484486e-01
-7.274274906644019323e-01
-6.424309135633921031e-01
-5.571201045730473922e-01
-4.715998956374168327e-01
-3.859489193177109700e-01
-3.002230440786278765e-01
-2.144591086667874125e-01
-1.286788998159369701e-01
-4.289331887569138718e-02
4.289331888039312618e-02
1.286788998160071362e-01
2.144591086667456403e-01
3.002230440786893273e-01
3.859489193176262600e-01
4.715998956374107820e-01
5.571201045743641167e-01
6.424309135634089785e-01
7.274274906645283867e-01
8.119757270017412543e-01
8.959095543965185371e-01
9.790287575153140409e-01
1.061097281812129367e+00
1.141842123515800278e+00
1.220952836028408317e+00
1.298081749153064512e+00
1.372844812559887329e+00
1.444823277735935774e+00
1.513566089898484401e+00
1.578593120510081826e+00
1.639399151069182548e+00
1.695458670114358135e+00
1.746231435495673834e+00
1.791168751896490274e+00
1.829720450396588705e+00
1.861342440714262025e+00
1.885504790111459883e+00
1.901700201522688261e+00
1.909452770319332027e+00
1.908326865389040838e+00
1.897936014178879027e+00
1.877951562688725318e+00
1.848111000869858467e+00
1.808225726224917285e+00
1.758188080130049791e+00
1.697977481869026972e+00
1.627665486905474523e+00
1.547419615314957753e+00
1.457505815579049013e+00
1.358289451251838642e+00
1.250234726211106429e+00
1.133902496195447140e+00
1.009946448879674108e+00
8.791076713838498202e-01
7.422076619349323723e-01
6.001398798480364061e-01
4.538599642624478459e-01
3.043747858081884416e-01
1.527305254170123749e-01
4.500421812248326489e-15
4.943023729002310773e-15
-1.945918030971801327e-01
-3.878320170286513879e-01
-5.783854042302716270e-01
-7.649491177795756380e-01
-9.462681236437324728e-01
-1.121149718166976061e+00
-1.288476876586172715e+00
-1.447220198769431754e+00
-1.596448254050888194e+00
-1.735336168713416782e+00
-1.863172335209884567e+00
-1.979363189332387307e+00
-2.083436009753983686e+00
-2.175039775579197698e+00
-2.253944136144667709e+00
-2.320036591463244591e+00
-2.373318035380460600e+00
-2.413896742633607317e+00
-2.441981175800536974e+00
-2.457871526721016497e+00
-2.461950481137851199e+00
-2.454673258947762893e+00
-2.436557201656986749e+00
-2.408171102993159174e+00
-2.370124504205158633e+00
-2.323057145500625253e+00
-2.267628696779194541e+00
-2.204508984258235049e+00
-2.134368806399551843e+00
-2.057871460393878138e+00
-1.975665068676888181e+00
-1.888375775681907509e+00
-1.796601836460245627e+00
-1.700908713097898595e+00
-1.601825025585191353e+00
-1.499839538025986796e+00
-1.395399027007478088e+00
-1.288907069779837711e+00
-1.180723677547144579e+00
-1.071165747558139536e+00
-9.605082577984770387e-01
-8.489861660572364244e-01
-7.367969337192971091e-01
-6.241036151901269147e-01
-5.110384457385643842e-01
-3.977068594207597285e-01
-2.841918700436765199e-01
-1.705587480967126479e-01
-5.685992704524957947e-02
5.685992704525228564e-02
1.705587480968781822e-01
2.841918700437283118e-01
3.977068594207767704e-01
5.110384457384036239e-01
6.241036151894659989e-01
7.367969337178336131e-01
8.489861660580684255e-01
9.605082577992518633e-01
1.071165747557009995e+00
1.180723677551672735e+00
1.288907069792073701e+00
1.395399027014811333e+00
1.499839538021585428e+00
1.601825025577137795e+00
1.700908713100538927e+00
1.796601836457622614e+00
1.888375776578849141e+00
1.975665068677044944e+00
2.057871460393873253e+00
2.134368806399156160e+00
2.204508984258011672e+00
2.267628696779485864e+00
2.323057145501104426e+00
2.370124504131593479e+00
2.408171102993099222e+00
2.436557201656130101e+00
2.454673258923625756e+00
2.461950481174506766e+00
2.457871526583641497e+00
2.441981175805018722e+00
2.413896743757447449e+00
2.373318035232145906e+00
2.320036591486505984e+00
2.253944136145382249e+00
2.175039775576370182e+00
2.083436009754528584e+00
1.979363189331010187e+00
1.863172335209448693e+00
1.735336168716801408e+00
1.596448254046239468e+00
1.447220198768992772e+00
1.288476876587452802e+00
1.121149718166648546e+00
9.462681236348202685e-01
7.649491177767577810e-01
5.783854042302071230e-01
3.878320170287326007e-01
1.945918030969465973e-01
5.694861943872194804e-15
6.176917436471953573e-15
-2.446351363405049051e-01
-4.876102866226612598e-01
-7.272850608323053745e-01
-9.620578920688163116e-01
-1.190384535246170605e+00
-1.410795497226810413e+00
-1.621912085882994070e+00
-1.822460801314291778e+00
-2.011285832825291386e+00
-2.187359475936800024e+00
-2.349790330205025590e+00
-2.497829193902901146e+00
-2.630872624643837643e+00
-2.748464183985611875e+00
-2.850293437251041340e+00
-2.936192821643734963e+00
-3.006132535602628941e+00
-3.060213639866095292e+00
-3.098659583279867569e+00
-3.121806387601472998e+00
-3.130091757967441435e+00
-3.124043329883193110e+00
-3.104266378975524709e+00
-3.071431175023370042e+00
-3.026260269014877657e+00
-2.969515912672695990e+00
-2.901987823887472562e+00
-2.824481480524007715e+00
-2.737807101741555726e+00
-2.642769446396919353e+00
-2.540158563346187393e+00
-2.430741511936219901e+00
-2.315255203076693746e+00
-2.194400284021859715e+00
-2.068836362101622584e+00
-1.939177935013895127e+00
-1.805991846784535060e+00
-1.669795598546703230e+00
-1.531056727339054069e+00
-1.390193150361702656e+00
-1.247574412053991555e+00
-1.103523763404058000e+00
-9.583209988819282321e-01
-8.122059728953421320e-01
-6.653827164806844774e-01
-5.180240735671065577e-01
-3.702767758234696838e-01
-2.222668757221698821e-01
-7.410545695235934427e-02
7.410545695180026371e-02
2.222668757148336394e-01
3.702767758264536857e-01
5.180240735568230059e-01
6.653827164768162383e-01
8.122059728982363724e-01
9.583209988848614413e-01
1.103523763387432854e+00
1.247574412022042223e+00
1.390193150364351871e+00
1.531056727314377808e+00
1.669795598537728187e+00
1.805991846774346099e+00
1.939177934952511784e+00
2.068836362071941881e+00
2.194400284071886809e+00
2.315255203076507229e+00
2.430741511947111189e+00
2.540158563360696231e+00
2.642769446388557597e+00
2.737807101726720038e+00
2.824481480551935153e+00
2.901987823899196073e+00
2.969515912704754346e+00
3.026260269014186211e+00
3.071431175032048433e+00
3.104266378999987364e+00
3.124043329887232545e+00
3.130091757879757797e+00
3.121806387655748249e+00
3.098659583329520739e+00
3.060213639903683891e+00
3.006132535537405115e+00
2.936192821597274794e+00
2.850293437250198014e+00
2.748464184001109256e+00
2.630872624650854696e+00
2.497829193909584244e+00
2.349790330174186259e+00
2.187359475907526551e+00
2.011285832814503127e+00
1.822460801276302833e+00
1.621912085895569344e+00
1.410795497237860907e+00
1.190384535235018193e+00
9.620578920766753583e-01
7.272850608342320555e-01
4.876102866249277801e-01
2.446351363412601065e-01
7.122081167580356667e-15
7.626176129852309766e-15
-3.034375179514732235e-01
-6.048646474682011220e-01
-9.022941008111636796e-01
-1.193784364523540198e+00
-1.477461529752834402e+00
-1.751539885081164538e+00
-2.014340909123474965e+00
-2.264310340620920403e+00
-2.500033052133785905e+00
-2.720245506860645257e+00
-2.923845636386298352e+00
-3.109900037788795757e+00
-3.277648448978963902e+00
-3.426505520956092177e+00
-3.556059962331303836e+00
-3.666071183492153107e+00
-3.756463614516297955e+00
-3.827318909546662429e+00
-3.878866285565151895e+00
-3.911471264035408346e+00
-3.925623104322269796e+00
-3.921921223960010749e+00
-3.901060903502526767e+00
-3.863818567240241642e+00
-3.811036920328143118e+00
-3.743610204855734036e+00
-3.662469816445302673e+00
-3.568570498341252950e+00
-3.462877301894453641e+00
-3.346353475993812499e+00
-3.219949415798100123e+00
-3.084592768258842099e+00
-2.941179800520131948e+00
-2.790568004621666542e+00
-2.633570060312985905e+00
-2.470949084149785424e+00
-2.303415174183848002e+00
-2.131623211243668159e+00
-1.956171863999745852e+00
-1.777603736368521092e+00
-1.596406583189811101e+00
-1.413015513949300361e+00
-1.227816098014816948e+00
-1.041148280295254303e+00
-8.533110146545903607e-01
-6.645675190244584307e-01
-4.751510570438660652e-01
-2.852711496082586673e-01
-9.512012039812262065e-02
9.512012039816489239e-02
2.852711496083526477e-01
4.751510570438979841e-01
6.645675190243529595e-01
8.533110146541785790e-01
1.041148280295171258e+00
1.227816097993983613e+00
1.413015513940995005e+00
1.596406583178039629e+00
1.777603736368077447e+00
1.956171864006762240e+00
2.131623211263760087e+00
2.303415174221081330e+00
2.470949084126056849e+00
2.633570060343191521e+00
2.790568004589210727e+00
2.941179800567741420e+00
3.084592768258496154e+00
3.219949415819972849e+00
3.346353475994492843e+00
3.462877301858278134e+00
3.568570498314785677e+00
3.662469816460617533e+00
3.743610204883640602e+00
3.811036920309496701e+00
3.863818567240209667e+00
3.901060903506618160e+00
3.921921223963654946e+00
3.925623104322696566e+00
3.911471263982632784e+00
3.878866285559209093e+00
3.827318909549362047e+00
3.756463614515549221e+00
3.666071183492590979e+00
3.556059962270053276e+00
3.426505520956632189e+00
3.277648448965553740e+00
3.109900037832925790e+00
2.923845636386263713e+00
2.720245506872970509e+00
2.500033052152101032e+00
2.264310340604739569e+00
2.014340909119769041e+00
1.751539885084679282e+00
1.477461529743547830e+00
1.193784364517270991e+00
9.022941008134413021e-01
6.048646474681140806e-01
3.034375179491263785e-01
8.798495261445777482e-15
9.293468703561685846e-15
-3.711090543562129973e-01
-7.398207313360277704e-01
-1.103764373185579961e+00
-1.460622278234167348e+00
-1.808154983356662138e+00
-2.144225145650607622e+00
-2.466819611790172839e+00
-2.774069308549074186e+00
-3.064266641439140848e+00
-3.335880148296039849e+00
-3.587566219969216874e+00
-3.818177767057306493e+00
-4.026769780633716600e+00
-4.212601801335917884e+00
-4.375137375152461594e+00
-4.514040633766516208e+00
-4.629170189371108357e+00
-4.720570580360428536e+00
-4.788461541244617869e+00
-4.833225399189895022e+00
-4.855392919700311616e+00
-4.855627935080793378e+00
-4.834711092390707954e+00
-4.793523052750524371e+00
-4.733027462019770759e+00
-4.654253994381364556e+00
-4.558281749919852466e+00
-4.446223254659144253e+00
-4.319209288439438410e+00
-4.178374730032360596e+00
-4.024845576695826210e+00
-3.859727255930762269e+00
-3.684094372372508808e+00
-3.498981826094738956e+00
-3.305377507621532818e+00
-3.104216448763301273e+00
-2.896376466692349716e+00
-2.682675256782875994e+00
-2.463868881418015633e+00
-2.240651586143062701e+00
-2.013656863006140885e+00
-1.783459670691601495e+00
-1.550579713385658032e+00
-1.315485674825194184e+00
-1.078600299565952714e+00
-8.403062111475106954e-01
-6.009523546384801795e-01
-3.608609506036847825e-01
-1.203348467028227953e-01
1.203348467026661567e-01
3.608609506036630776e-01
6.009523546384796244e-01
8.403062111438127646e-01
1.078600299570861676e+00
1.315485674825119133e+00
1.550579713391794678e+00
1.783459670691663446e+00
2.013656863000049757e+00
2.240651586139621898e+00
2.463868881418264323e+00
2.682675256782800055e+00
2.896376466692240470e+00
3.104216448772427306e+00
3.305377507626527933e+00
3.498981826099190506e+00
3.684094372372477277e+00
3.859727255930301304e+00
4.024845576695970095e+00
4.178374730032303752e+00
4.319209288438668359e+00
4.446223254658774771e+00
4.558281749920217507e+00
4.654253994374236925e+00
4.733027462019929743e+00
4.793523052757136860e+00
4.834711092391514420e+00
4.855627935080566893e+00
4.855392919706473798e+00
4.833225399184937210e+00
4.788461541238579144e+00
4.720570580360608837e+00
4.629170189376762501e+00
4.514040633771252864e+00
4.375137375157197361e+00
4.212601801335738472e+00
4.026769780644010588e+00
3.818177767057606253e+00
3.587566219969001047e+00
3.335880148299645853e+00
3.064266641435517968e+00
2.774069308549007573e+00
2.466819611787642863e+00
2.144225145650587194e+00
1.808154983356629497e+00
1.460622278234292581e+00
1.103764373185581293e+00
7.398207313377527239e-01
3.711090543570254030e-01
1.072719453719980159e-14
1.116304589028860375e-14
-4.470133658722185710e-01
-8.912172552486017363e-01
-1.329832418412920436e+00
-1.760139527302861273e+00
-2.179507820140282437e+00
-2.585422202857009744e+00
-2.975508352873725393e+00
-3.347555418388800330e+00
-3.699535965200435150e+00
-4.029622886696994755e+00
-4.336203063574800787e+00
-4.617887632962039746e+00
-4.873518800864154343e+00
-5.102173204255939787e+00
-5.303161901699168901e+00
-5.476027131478007348e+00
-5.620536040954660528e+00
-5.736671637438989002e+00
-5.824621255302464107e+00
-5.884762866518650881e+00
-5.917649573518190209e+00
-5.923992728113172568e+00
-5.904643850200980815e+00
-5.860575977584765894e+00
-5.792864605863008443e+00
-5.702668636136829505e+00
-5.591211632384029961e+00
-5.459763675338712652e+00
-5.309624069757886922e+00
-5.142105123319095306e+00
-4.958517186374600705e+00
-4.760155076539858143e+00
-4.548286147386599865e+00
-4.324139721863054397e+00
-4.088898423327803400e+00
-3.843691059728525428e+00
-3.589587197438877109e+00
-3.327593372734138022e+00
-3.058650886287230364e+00
-2.783635089553538222e+00
-2.503356208808379613e+00
-2.218561275222070250e+00
-1.929937505288171540e+00
-1.638116671902632993e+00
-1.343680483573507001e+00
-1.047166822879882275e+00
-7.490767150082757730e-01
-4.498818954238423817e-01
-1.500328444253390681e-01
1.500328444253521964e-01
4.498818954237260859e-01
7.490767150084842729e-01
1.047166822879812775e+00
1.343680483573315598e+00
1.638116671902874355e+00
1.929937505288051636e+00
2.218561275245948483e+00
2.503356208868211752e+00
2.783635089558885056e+00
3.058650886318311279e+00
3.327593372733396837e+00
3.589587197436398647e+00
3.843691059723818526e+00
4.088898423301391638e+00
4.324139721863201835e+00
4.548286147386642497e+00
4.760155076539871466e+00
4.958517186409497235e+00
5.142105123311848658e+00
5.309624069769196986e+00
5.459763675378558112e+00
5.591211632398297660e+00
5.702668636137355307e+00
5.792864605862682481e+00
5.860575977546197635e+00
5.904643850190683274e+00
5.923992728131650232e+00
5.917649573541338803e+00
5.884762866566396688e+00
5.824621255278724874e+00
5.736671637411108193e+00
5.620536040919001053e+00
5.476027131468963027e+00
5.303161901702434733e+00
5.102173204265803896e+00
4.873518800852533417e+00
4.617887632968442624e+00
4.336203063560013504e+00
4.029622886681405447e+00
3.699535965185988928e+00
3.347555418369312363e+00
2.975508352856166994e+00
2.585422202888240317e+00
2.179507820135864637e+00
1.760139527297023054e+00
1.329832418409998107e+00
8.912172552528465630e-01
4.470133658677701294e-01
1.288996640651747783e-14
1.319248742482552408e-14
-5.294329845739068618e-01
-1.055638507621760036e+00
-1.575422415099252405e+00
-2.085656601594896298e+00
-2.583310631818590775e+00
-3.065481717205226442e+00
-3.529422560064991554e+00
-3.972566629004934402e+00
-4.392550488920831775e+00
-4.787232876351531274e+00
-5.154710283616672051e+00
-5.493328892562469257e+00
-5.801692776651200312e+00
-6.078668365891878089e+00
-6.323385244612572009e+00
-6.535233421377904861e+00
-6.713857273961454375e+00
-6.859146423564693507e+00
-6.971223845343233805e+00
-7.050431557720340692e+00
-7.097314254493489294e+00
-7.112601272350593362e+00
-7.097187271166541578e+00
-7.052112107340628988e+00
-6.978540071953969637e+00
-6.877739148593686735e+00
-6.751060422410795958e+00
-6.599918042158532394e+00
-6.425770010625375228e+00
-6.230100051566127561e+00
-6.014400768138122189e+00
-5.780158270684513155e+00
-5.528838386984336495e+00
-5.261874666228039565e+00
-4.980658108998114564e+00
-4.686528566068714596e+00
-4.380768225865308452e+00
-4.064596723501226805e+00
-3.739168037320149462e+00
-3.405569066448374205e+00
-3.064819803349067229e+00
-2.717874997996854614e+00
-2.365627200358135784e+00
-2.008911056252908001e+00
-1.648508722152572714e+00
-1.285156261158037605e+00
-9.195508740420293980e-01
-5.523588183506416005e-01
-1.842238643110170049e-01
1.842238643154031352e-01
5.523588183490166781e-01
9.195508740422523308e-01
1.285156261175070425e+00
1.648508722177225438e+00
2.008911056225481051e+00
2.365627200390228335e+00
2.717874997938372061e+00
3.064819803344423832e+00
3.405569066454396499e+00
3.739168037315941717e+00
4.064596723586781479e+00
4.380768225870687260e+00
4.686528565954177772e+00
4.980658109025463354e+00
5.261874666197944528e+00
5.528838387006326016e+00
5.780158270762040473e+00
6.014400768035224054e+00
6.230100051565171881e+00
6.425770010716570724e+00
6.599918042167891130e+00
6.751060422365254610e+00
6.877739148591038187e+00
6.978540071866050631e+00
7.052112107316899525e+00
7.097187271325010371e+00
7.112601272451482437e+00
7.097314254472576245e+00
7.050431557765739043e+00
6.971223845429603827e+00
6.859146423511779389e+00
6.713857273996213237e+00
6.535233421339253113e+00
6.323385244526416926e+00
6.078668365853892475e+00
5.801692776623114334e+00
5.493328892584269596e+00
5.154710283578691765e+00
4.787232876423368921e+00
4.392550489003967940e+00
3.972566628978055459e+00
3.529422560048681490e+00
3.065481717223939473e+00
2.583310631789937251e+00
2.085656601587028369e+00
1.575422415123177267e+00
1.055638507624810263e+00
5.294329845787505429e-01
1.523775016334744716e-14
1.530399219887382140e-14
-6.152161110474704264e-01
-1.226809106734523480e+00
-1.831191435923753108e+00
-2.424846096215637292e+00
-3.004360472159334883e+00
-3.566458487782168341e+00
-4.108030571528240138e+00
-4.626160982548364053e+00
-5.118152106256296463e+00
-5.581545393289209400e+00
-6.014138689205010380e+00
-6.413999780900200953e+00
-6.779476058991054543e+00
-7.109200279249892951e+00
-7.402092476413574929e+00
-7.657358157371922935e+00
-7.874482965645533739e+00
-8.053224065154383382e+00
-8.193598544105350712e+00
-8.295869176804856693e+00
-8.360527912991459587e+00
-8.388277488233278234e+00
-8.380011557172274195e+00
-8.336793757153875717e+00
-8.259836099443292667e+00
-8.150477078908600959e+00
-8.010159850221253208e+00
-7.840410900625839119e+00
-7.642819308875587581e+00
-7.419017161356982193e+00
-7.170661142108104791e+00
-6.899415589233389490e+00
-6.606937164002369300e+00
-6.294861193104672736e+00
-5.964790189201362836e+00
-5.618283547517639143e+00
-5.256849864591680799e+00
-4.881940791855724271e+00
-4.494946826411039709e+00
-4.097194901272546375e+00
-3.689947697787908876e+00
-3.274404578323254267e+00
-2.851704022749700140e+00
-2.422927440762579820e+00
-1.989104218369639021e+00
-1.551217849571447926e+00
-1.110212997363323462e+00
-6.670033203468116456e-01
-2.224799002528435876e-01
2.224799002519092239e-01
6.670033203460133953e-01
1.110212997353423159e+00
1.551217849576138175e+00
1.989104218346419595e+00
2.422927440762742357e+00
2.851704022782772352e+00
3.274404578325290860e+00
3.689947697816858607e+00
4.097194901211127060e+00
4.494946826427020703e+00
4.881940791873391028e+00
5.256849864548073015e+00
5.618283547559942193e+00
5.964790189221071515e+00
6.294861193071228378e+00
6.606937163990490802e+00
6.899415589207421817e+00
7.170661142100602348e+00
7.419017161403497873e+00
7.642819308837020209e+00
7.840410900633104418e+00
8.010159850180249563e+00
8.150477078923918484e+00
8.259836099369859852e+00
8.336793757120233295e+00
8.380011557269970268e+00
8.388277488197704912e+00
8.360527912971255304e+00
8.295869176733193129e+00
8.193598544080154866e+00
8.053224065106828533e+00
7.874482965556609315e+00
7.657358157468495463e+00
7.402092476472149407e+00
7.109200279320022631e+00
6.779476058987782494e+00
6.413999780860062394e+00
6.014138689292273021e+00
5.581545393234809360e+00
5.118152106331349316e+00
4.626160982522035781e+00
4.108030571525175034e+00
3.566458487816393852e+00
3.004360472149230077e+00
2.424846096191335842e+00
1.831191435933093192e+00
1.226809106735925470e+00
6.152161110488858498e-01
1.768056310560204181e-14
1.737702059819219349e-14
-6.994779797422627787e-01
-1.394996879503862752e+00
-2.082634163299430075e+00
-2.758539818421925638e+00
-3.418971218700950665e+00
-4.060326343322051557e+00
-4.679174860708184447e+00
-5.272286631634744758e+00
-5.836657241754223513e+00
-6.369530237044664922e+00
-6.868415802529941772e+00
-7.331105698570163476e+00
-7.755684342540417830e+00
-8.140535997762956555e+00
-8.484348103673486463e+00
-8.786110852203805166e+00
-9.045113175625262514e+00
-9.260935371710813158e+00
-9.433438641836872307e+00
-9.562751856559499331e+00
-9.649255901610372277e+00
-9.693565976464139311e+00
-9.696512236270217855e+00
-9.659119173888592869e+00
-9.582584135871174524e+00
-9.468255358380325504e+00
-9.317609891044865478e+00
-9.132231781093524958e+00
-8.913790767759055100e+00
-8.664021879922268354e+00
-8.384706114467164184e+00
-8.077652450384126936e+00
-7.744681375324378614e+00
-7.387610083721694032e+00
-7.008239408037146845e+00
-6.608342740521329084e+00
-6.189656591528318152e+00
-5.753873304949622458e+00
-5.302635532454767819e+00
-4.837532573355555421e+00
-4.360098461512554202e+00
-3.871811862349612721e+00
-3.374097268002753669e+00
-2.868327916163800229e+00
-2.355829868242194980e+00
-1.837887267539455083e+00
-1.315748586530554487e+00
-7.906336932630995129e-01
-2.637415607788773930e-01
2.637415607800590034e-01
7.906336932661111039e-01
1.315748586529172037e+00
1.837887267556994830e+00
2.355829868240249869e+00
2.868327916169862934e+00
3.374097267973717784e+00
3.871811862351306033e+00
4.360098461504288814e+00
4.837532573353659160e+00
5.302635532457752099e+00
5.753873304950012368e+00
6.189656591525667828e+00
6.608342740524023817e+00
7.008239408040757290e+00
7.387610083777610193e+00
7.744681375341209595e+00
8.077652450403393303e+00
8.384706114467345373e+00
8.664021879914736601e+00
8.913790767787817870e+00
9.132231781076059818e+00
9.317609891045011139e+00
9.468255358376891806e+00
9.582584135807078241e+00
9.659119173877138920e+00
9.696512236374998039e+00
9.693565976473887957e+00
9.649255901599527618e+00
9.562751856490322666e+00
9.433438641840858452e+00
9.260935371743906686e+00
9.045113175634387659e+00
8.786110852203680821e+00
8.484348103673683639e+00
8.140535997762263776e+00
7.755684342583545998e+00
7.331105698614800659e+00
6.868415802547525040e+00
6.369530237043738552e+00
5.836657241746331160e+00
5.272286631637149945e+00
4.679174860724421237e+00
4.060326343328283905e+00
3.418971218686150948e+00
2.758539818423291656e+00
2.082634163288852758e+00
1.394996879512250931e+00
6.994779797398753551e-01
2.007899029306093025e-14
1.924519894747468724e-14
-7.754746888211057065e-01
-1.546758746403955609e+00
-2.309697337819911489e+00
-3.060206705755102341e+00
-3.794308432110157447e+00
-4.508162197082904221e+00
-5.198096582752185668e+00
-5.860637509097443854e+00
-6.492533937801126420e+00
-7.090780532894028987e+00
-7.652637028762945270e+00
-8.175644117048671333e+00
-8.657635731283761515e+00
-9.096747673030717962e+00
-9.491422588199917243e+00
-9.840411365501521956e+00
-1.014277108554321316e+01
-1.039785970505520929e+01
-1.060532770708569572e+01
-1.076510695567189480e+01
-1.087739725455033479e+01
-1.094265045793615698e+01
-1.096155313067223602e+01
-1.093500762121515457e+01
-1.086411212823380268e+01
-1.075014006687704793e+01
-1.059451908954251032e+01
-1.039881010705534692e+01
-1.016468660722306261e+01
-9.893914572331745205e+00
-9.588333247743580756e+00
-9.249836995886163038e+00
-8.880358434715477145e+00
-8.481853015208747237e+00
-8.056285181666671846e+00
-7.605616203677565856e+00
-7.131793740623774802e+00
-6.636743187876901651e+00
-6.122360784331656092e+00
-5.590508477218035566e+00
-5.043010488190638796e+00
-4.481651497110527238e+00
-3.908176370860497961e+00
-3.324291295725577911e+00
-2.731666208823237074e+00
-2.131938369400029565e+00
-1.526716918714362548e+00
-9.175882616700360428e-01
-3.061220954081204648e-01
3.061220954082180534e-01
9.175882616701005468e-01
1.526716918711877868e+00
2.131938369395987909e+00
2.731666208826404763e+00
3.324291295724410844e+00
3.908176370861847548e+00
4.481651497098645187e+00
5.043010488206615349e+00
5.590508477231899143e+00
6.122360784330012962e+00
6.636743187875418393e+00
7.131793740638269874e+00
7.605616203599820935e+00
8.056285181643660920e+00
8.481853015166318954e+00
8.880358434709036075e+00
9.249836995860340139e+00
9.588333246982790214e+00
9.893914572564566967e+00
1.016468660719692529e+01
1.039881010705494191e+01
1.059451908954259558e+01
1.075014006690377499e+01
1.086411212824419970e+01
1.093500762026232209e+01
1.096155313025378142e+01
1.094265045791037494e+01
1.087739725452028949e+01
1.076510695594023126e+01
1.060532770707779804e+01
1.039785970506289203e+01
1.014277108555011075e+01
9.840411365508748176e+00
9.491422588206505750e+00
9.096747673030758818e+00
8.657635731287019354e+00
8.175644117054570614e+00
7.652637028763151328e+00
7.090780532885923471e+00
6.492533937805159638e+00
5.860637509097298192e+00
5.198096582752321559e+00
4.508162197082892675e+00
3.794308432110116147e+00
3.060206705764032531e+00
2.309697337821572827e+00
1.546758746404963691e+00
7.754746888206281996e-01
2.224060322658457815e-14
2.070137396268380405e-14
-8.348070217050439501e-01
-1.665343848988093844e+00
-2.487373252350602026e+00
-3.296723502222213220e+00
-4.089320052184147514e+00
-4.861215964954113566e+00
-5.608620699387863340e+00
-6.327926905268744129e+00
-7.015734925979626446e+00
-7.668874703394474857e+00
-8.284424905141158035e+00
-8.859729066307343359e+00
-9.392408635787420579e+00
-9.880372854891572132e+00
-1.032182545521199302e+01
-1.071526817759940187e+01
-1.105950129882787358e+01
-1.135362109606113101e+01
-1.159701465264781639e+01
-1.178935203462731707e+01
-1.193057614342731299e+01
-1.202089052634220856e+01
-1.206074535861131558e+01
-1.205082196773062186e+01
-1.199201614335233579e+01
-1.188542057267057572e+01
-1.173230669601403520e+01
-1.153410619797917214e+01
-1.129239267300020266e+01
-1.100886324023948859e+01
-1.068532091391425531e+01
-1.032365755278247121e+01
-9.925837734183325267e+00
-9.493883695419265578e+00
-9.029861483487016116e+00
-8.535868409516151445e+00
-8.014021920824696110e+00
-7.466449906924613522e+00
-6.895282475353594620e+00
-6.302645292311215286e+00
-5.690654200341768387e+00
-5.061411425317222879e+00
-4.417003030106335437e+00
-3.759497637694904082e+00
-3.090946299275703524e+00
-2.413383385967290629e+00
-1.728828369358585526e+00
-1.039288344727884228e+00
-3.467611415378973327e-01
3.467611415379252549e-01
1.039288344728954039e+00
1.728828369355903227e+00
2.413383385964290806e+00
3.090946299285916243e+00
3.759497637706798567e+00
4.417003030117378160e+00
5.061411425324000568e+00
5.690654200344583913e+00
6.302645292332460514e+00
6.895282475350973606e+00
7.466449906916465373e+00
8.014021920840130875e+00
8.535868409482315400e+00
9.029861483487366058e+00
9.493883695419016888e+00
9.925837734210874785e+00
1.032365755283724518e+01
1.068532091396825834e+01
1.100886324028035723e+01
1.129239267299974436e+01
1.153410619801679893e+01
1.173230669601144882e+01
1.188542057265003216e+01
1.199201614332954691e+01
1.205082196767387437e+01
1.206074535875160869e+01
1.202089052634469013e+01
1.193057614342217576e+01
1.178935203461296943e+01
1.159701465264556752e+01
1.135362109600664837e+01
1.105950129881757249e+01
1.071526817753426108e+01
1.032182545518596939e+01
9.880372854935282945e+00
9.392408635806727801e+00
8.859729066350961801e+00
8.284424905146963169e+00
7.668874703415683669e+00
7.015734925986324200e+00
6.327926905264518176e+00
5.608620699387751429e+00
4.861215964953948365e+00
4.089320052184363341e+00
3.296723502222410396e+00
2.487373252350585595e+00
1.665343848988101172e+00
8.348070217051194453e-01
2.392580380263117938e-14
2.151497300460789952e-14
-8.681227535912431348e-01
-1.732090451278253562e+00
-2.587775940550472775e+00
-3.431107562519728038e+00
-4.258096121292234137e+00
-5.064860934715810892e+00
-5.847654685237328565e+00
-6.602886808217562908e+00
-7.327145180580422412e+00
-8.017215899150627934e+00
-8.670100970643309424e+00
-9.283033766699709588e+00
-9.853492133132467856e+00
-1.037920907878131516e+01
-1.085818100548471321e+01
-1.128867347512059105e+01
-1.166922454678902099e+01
-1.199864574849300070e+01
-1.227602077355302335e+01
-1.250070204208225633e+01
-1.267230524692809546e+01
-1.279070209574868144e+01
-1.285601136737370709e+01
-1.286858858454653287e+01
-1.282901440169445273e+01
-1.273808203693501895e+01
-1.259678383667888113e+01
-1.240629733725873329e+01
-1.216797091863747937e+01
-1.188330930795693519e+01
-1.155395910778165813e+01
-1.118169457205553030e+01
-1.076840371712265210e+01
-1.031607497210024249e+01
-9.826784491750297335e+00
-9.302684211032705264e+00
-8.745990765489185748e+00
-8.158975298038587454e+00
-7.543954247185781448e+00
-6.903281120251929082e+00
-6.239339221922762135e+00
-5.554535379124262207e+00
-4.851294616641210311e+00
-4.132055695976285747e+00
-3.399267477852213393e+00
-2.655386047492158674e+00
-1.902872470643967251e+00
-1.144191104134488324e+00
-3.818083393050478169e-01
3.818083393050212826e-01
1.144191104134741233e+00
1.902872470644376701e+00
2.655386047491492540e+00
3.399267477864223785e+00
4.132055695975858534e+00
4.851294616642812585e+00
5.554535379124265759e+00
6.239339221922986845e+00
6.903281120259921799e+00
7.543954247186799300e+00
8.158975298038491530e+00
8.745990765509763065e+00
9.302684211030422645e+00
9.826784491748934869e+00
1.031607497210659297e+01
1.076840371712659561e+01
1.118169457205461725e+01
1.155395910778853974e+01
1.188330930795538087e+01
1.216797091871791459e+01
1.240629733725456774e+01
1.259678383667863066e+01
1.273808203689089957e+01
1.282901440169297302e+01
1.286858858454319687e+01
1.285601136738588224e+01
1.279070209575453632e+01
1.267230524693499305e+01
1.250070204204241087e+01
1.227602077355825472e+01
1.199864574849094012e+01
1.166922454677991361e+01
1.128867347512253083e+01
1.085818100552422294e+01
1.037920907881945709e+01
9.853492133129210018e+00
9.283033766698720157e+00
8.670100970636873683e+00
8.017215899144730429e+00
7.327145180582141037e+00
6.602886808255658657e+00
5.847654685252246409e+00
5.064860934701580497e+00
4.258096121290102509e+00
3.431107562518632026e+00
2.587775940550253395e+00
1.732090451275754006e+00
8.681227535912020565e-01
2.486789987643268113e-14
2.146456433297169057e-14
-8.664350144522668939e-01
-1.729052165738006464e+00
-2.584054384149525596e+00
-3.427686011287074397e+00
-4.256253069046580073e+00
-5.066143011181323708e+00
-5.853843795779436476e+00
-6.615962126027413071e+00
-7.349240717600230788e+00
-8.050574463731519970e+00
-8.717025383276189032e+00
-9.345836252583440640e+00
-9.934442838556142519e+00
-1.048048466750749519e+01
-1.098181428214969380e+01
-1.143650495688723723e+01
-1.184285685932868226e+01
-1.219940166322229658e+01
-1.250490563469023897e+01
-1.275837122935565304e+01
-1.295903725259079309e+01
-1.310637764839530206e+01
-1.320009899425674860e+01
-1.324013678953208384e+01
-1.322665063342677882e+01
-1.316001839536628992e+01
-1.304082948547279308e+01
-1.286987733600680173e+01
-1.264815120592982112e+01
-1.237682742036995265e+01
-1.205726013063305224e+01
-1.169097184582938631e+01
-1.127964347211206508e+01
-1.082510445403263155e+01
-1.032932269295568162e+01
-9.794394556356005310e+00
-9.222534924476986973e+00
-8.616067400312378055e+00
-7.977414709754975242e+00
-7.309089331151523261e+00
-6.613684389347382009e+00
-5.893864823809098041e+00
-5.152358853565458752e+00
-4.391949719207740799e+00
-3.615467706153183691e+00
-2.825782424146619398e+00
-2.025795318007138857e+00
-1.218432376660210537e+00
-4.066370023949723023e-01
4.066370023950137691e-01
1.218432376660246286e+00
2.025795318007464818e+00
2.825782424147244676e+00
3.615467706154055438e+00
4.391949719208437131e+00
5.152358853564649621e+00
5.893864823813975917e+00
6.613684389347201709e+00
7.309089331150697255e+00
7.977414709755411337e+00
8.616067400327967363e+00
9.222534924408931190e+00
9.794394556349544700e+00
1.032932269295731054e+01
1.082510445398678733e+01
1.127964347208754958e+01
1.169097184585990945e+01
1.205726013063272006e+01
1.237682742036964534e+01
1.264815120593015685e+01
1.286987733600708061e+01
1.304082948547238985e+01
1.316001839536629348e+01
1.322665063342716785e+01
1.324013678953173923e+01
1.320009899425686051e+01
1.310637764839542818e+01
1.295903725259030637e+01
1.275837122935567614e+01
1.250490563469041305e+01
1.219940166322209407e+01
1.184285685932887056e+01
1.143650495688732072e+01
1.098181428214939004e+01
1.048048466750748808e+01
9.934442838556435618e+00
9.345836252583463732e+00
8.717025383276086004e+00
8.050574463731782870e+00
7.349240717600324047e+00
6.615962126027280732e+00
5.853843795779314796e+00
5.066143011181549305e+00
4.256253069046687543e+00
3.427686011287177870e+00
2.584054384149563788e+00
1.729052165738047764e+00
8.664350144523091934e-01
2.481076009835512015e-14
2.038492240419575659e-14
-8.230291232903393928e-01
-1.642800102047190514e+00
-2.456067016552835103e+00
-3.259608361711767266e+00
-4.050239166783485167e+00
-4.824823009529601414e+00
-5.580283889897830640e+00
-6.313617926651033052e+00
-7.021904841485231863e+00
-7.702319193996333802e+00
-8.352141330767810956e+00
-8.968768010560610904e+00
-9.549722669864781466e+00
-1.009266528960025688e+01
-1.059540182499704386e+01
-1.105589316186761728e+01
-1.147226356064828323e+01
-1.184280855045689407e+01
-1.216600223629488475e+01
-1.244050398343897257e+01
-1.266516444330415503e+01
-1.283903088498541578e+01
-1.296135180401901721e+01
-1.303158077211215904e+01
-1.304937950328367613e+01
-1.301462010802242730e+01
-1.292738651381483628e+01
-1.278797502907057471e+01
-1.259689403620977544e+01
-1.235486280004900905e+01
-1.206280938137654957e+01
-1.172186765190096125e+01
-1.133337341129307951e+01
-1.089885960542578403e+01
-1.042005067218498837e+01
-9.898855997138552354e+00
-9.337362536450457995e+00
-8.737826590988753139e+00
-8.102664817531001873e+00
-7.434444437643628056e+00
-6.735872811510284386e+00
-6.009786160015810452e+00
-5.259137849316891433e+00
-4.486985999447287377e+00
-3.696480597622942454e+00
-2.890850155992535253e+00
-2.073387978094702433e+00
-1.247438101336172167e+00
-4.163809849773735805e-01
4.163809849805492069e-01
1.247438101330010207e+00
2.073387978088066408e+00
2.890850155993747173e+00
3.696480597610514618e+00
4.486985999467864694e+00
5.259137849299176715e+00
6.009786160017959844e+00
6.735872811480259514e+00
7.434444437644892822e+00
8.102664817543837827e+00
8.737826590976586871e+00
9.337362536463917451e+00
9.898855997176362109e+00
1.042005067214291181e+01
1.089885960546175170e+01
1.133337341126122055e+01
1.172186765193428570e+01
1.206280938136374026e+01
1.235486280005932969e+01
1.259689403615431935e+01
1.278797502906529182e+01
1.292738651382197723e+01
1.301462010806728564e+01
1.304937950329477836e+01
1.303158077205742593e+01
1.296135180402900922e+01
1.283903088498175293e+01
1.266516444331674407e+01
1.244050398350128539e+01
1.216600223631639643e+01
1.184280855040521629e+01
1.147226356065139186e+01
1.105589316187147908e+01
1.059540182500909111e+01
1.009266528960045584e+01
9.549722669885925441e+00
8.968768010507968569e+00
8.352141330799435437e+00
7.702319194001139735e+00
7.021904841488596283e+00
6.313617926638333877e+00
5.580283889895574667e+00
4.824823009533111495e+00
4.050239166791871348e+00
3.259608361711833879e+00
2.456067016554964066e+00
1.642800102047672128e+00
8.230291232913228283e-01
2.356324546725543031e-14
1.822185592989128134e-14
-7.356855301720385265e-01
-1.468859510434968652e+00
-2.197013578605833128e+00
-2.917645834963692231e+00
-3.628264289457399094e+00
-4.326390563968753433e+00
-5.009563926597362382e+00
-5.675345731319928255e+00
-6.321324324692536578e+00
-6.945120477037044715e+00
-7.544393382091601374e+00
-8.116847258416745703e+00
-8.660238575056256494e+00
-9.172383908143356024e+00
-9.651168423048996914e+00
-1.009455496051219825e+01
-1.050059369106754836e+01
-1.086743228631740799e+01
-1.119332654033954988e+01
-1.147665135924560964e+01
-1.171591202280002619e+01
-1.190975560924393406e+01
-1.205698245870094709e+01
-1.215655754312792958e+01
-1.220762159903977206e+01
-1.220950187187051306e+01
-1.216172231430137352e+01
-1.206401307851950833e+01
-1.191631914270637616e+01
-1.171880790922227611e+01
-1.147187562349884793e+01
-1.117615246238336013e+01
-1.083250615656288396e+01
-1.044204402248323227e+01
-1.000611329356415524e+01
-9.526299661012087583e+00
-9.004423953924735713e+00
-8.442536907739361496e+00
-7.842912001313370851e+00
-7.208036358498620899e+00
-6.540599745328824710e+00
-5.843481713884242090e+00
-5.119736972950313714e+00
-4.372579091596790590e+00
-3.605362665421167012e+00
-2.821564099228973888e+00
-2.024761179326243887e+00
-1.218611630158433989e+00
-4.068308627507142283e-01
4.068308627516046272e-01
1.218611630160876258e+00
2.024761179331960648e+00
2.821564099229955325e+00
3.605362665413940793e+00
4.372579091559991582e+00
5.119736972938383701e+00
5.843481713903247332e+00
6.540599745374552576e+00
7.208036358486427986e+00
7.842912001312759784e+00
8.442536907746765351e+00
9.004423953942296777e+00
9.526299661076729208e+00
1.000611329344318001e+01
1.044204402245635244e+01
1.083250615639790482e+01
1.117615246231597226e+01
1.147187562349952294e+01
1.171880790916315007e+01
1.191631914270607950e+01
1.206401307854796912e+01
1.216172231438197571e+01
1.220950187196774017e+01
1.220762159888813692e+01
1.215655754305538494e+01
1.205698245876197205e+01
1.190975560923758536e+01
1.171591202279363664e+01
1.147665135924571622e+01
1.119332654045355291e+01
1.086743228635651626e+01
1.050059369108428697e+01
1.009455496057960389e+01
9.651168423027449705e+00
9.172383908157840438e+00
8.660238575028227359e+00
8.116847258405291754e+00
7.544393382071784337e+00
6.945120477090128475e+00
6.321324324716536935e+00
5.675345731315722730e+00
5.009563926619886587e+00
4.326390563970522685e+00
3.628264289482601157e+00
2.917645834972438124e+00
2.197013578616175078e+00
1.468859510435166271e+00
7.356855301760591992e-01
2.106262208751099267e-14
1.508073265219501447e-14
-6.086498078539991363e-01
-1.215647095037088787e+00
-1.819334280994966635e+00
-2.418043835033757194e+00
-3.010093725423073074e+00
-3.593783368003952816e+00
-4.167390234807069938e+00
-4.729167285970306445e+00
-5.277341340135518699e+00
-5.810112545561651132e+00
-6.325655050035426719e+00
-6.822118976411625013e+00
-7.297633804411430170e+00
-7.750313187318178976e+00
-8.178261298259581480e+00
-8.579580689309528552e+00
-8.952381680823691568e+00
-9.294793229447417815e+00
-9.604975264866741469e+00
-9.881132347238530400e+00
-1.012152857789697791e+01
-1.032450360119031174e+01
-1.048848952889689734e+01
-1.061202857693008461e+01
-1.069379125575079925e+01
-1.073259468271738903e+01
-1.072742102843272249e+01
-1.067743553803544820e+01
-1.058200401305647809e+01
-1.044070934453361055e+01
-1.025336683982786212e+01
-1.002003796457851692e+01
-9.741042456417229545e+00
-9.416968046274170945e+00
-9.048677737539030375e+00
-8.637315150273931152e+00
-8.184306237921768812e+00
-7.691358486879141587e+00
-7.160456929720531605e+00
-6.593856997055987712e+00
-5.994074220588695212e+00
-5.363870787047446242e+00
-4.706239049622768178e+00
-4.024382136370415530e+00
-3.321691852632488118e+00
-2.601724122880353818e+00
-1.868172265356921047e+00
-1.124838432660730136e+00
-3.756035876840620458e-01
3.756035876841568033e-01
1.124838432662412790e+00
1.868172265356698114e+00
2.601724122882703050e+00
3.321691852634415465e+00
4.024382136371871255e+00
4.706239049623174076e+00
5.363870787047479993e+00
5.994074220588812452e+00
6.593856997062318648e+00
7.160456929716228380e+00
7.691358486878777434e+00
8.184306237925170535e+00
8.637315150273726871e+00
9.048677740459268648e+00
9.416968046271476211e+00
9.741042456426521667e+00
1.002003796460954099e+01
1.025336683981483610e+01
1.044070934453376509e+01
1.058200401305009208e+01
1.067743553809980384e+01
1.072742102843223222e+01
1.073259468268836514e+01
1.069379125588166346e+01
1.061202857697592883e+01
1.048848952888806529e+01
1.032450360118998312e+01
1.012152857789673988e+01
9.881132347269492300e+00
9.604975264875751151e+00
9.294793229450176497e+00
8.952381680822492527e+00
8.579580689296571805e+00
8.178261298260249390e+00
7.750313187305434504e+00
7.297633804423470316e+00
6.822118976440098237e+00
6.325655050040176697e+00
5.810112545561046282e+00
5.277341340132546854e+00
4.729167285969675838e+00
4.167390234807939464e+00
3.593783368005482703e+00
3.010093725415776689e+00
2.418043835035256883e+00
1.819334280994781672e+00
1.215647095034891434e+00
6.086498078546113133e-01
1.743069021659773758e-14
1.124910824540977045e-14
-4.535562881536867597e-01
-9.063259918704580365e-01
-1.357511274394053391e+00
-1.806291993649612015e+00
-2.251815047431514838e+00
-2.693184313352840142e+00
-3.129451394549951804e+00
-3.559607262298461805e+00
-3.982575225282751763e+00
-4.397205083259948744e+00
-4.802268869521765460e+00
-5.196458247745915138e+00
-5.578383722588073468e+00
-5.946575790189012167e+00
-6.299488136481319778e+00
-6.635502966109355860e+00
-6.952938519850297538e+00
-7.250058806108271803e+00
-7.525085501806116461e+00
-7.776212206354627732e+00
-8.001620403875318033e+00
-8.199497784677104661e+00
-8.368057988392409996e+00
-8.505562341763411638e+00
-8.610342585864845688e+00
-8.680824551966376035e+00
-8.715553025976168655e+00
-8.713216387499102211e+00
-8.672671426985386844e+00
-8.592967587716977107e+00
-8.473370237011621953e+00
-8.313382515957052021e+00
-8.112765296139063054e+00
-7.871554808249392465e+00
-7.590077507018442304e+00
-7.268961779135310053e+00
-6.909146136222705792e+00
-6.511883586461332918e+00
-6.078741949012542278e+00
-5.611599929796157404e+00
-5.112638867284430511e+00
-4.584330129644448526e+00
-4.029418236075598792e+00
-3.450899856235416951e+00
-2.851998932618790228e+00
-2.236138248293439545e+00
-1.606907842132590858e+00
-9.680307426078464950e-01
-3.233265505613289736e-01
3.233265505613525104e-01
9.680307426078711419e-01
1.606907842132632158e+00
2.236138248297218301e+00
2.851998932620676275e+00
3.450899856232912732e+00
4.029418236079368221e+00
4.584330129773946716e+00
5.112638867280731247e+00
5.611599929802619791e+00
6.078741949013831025e+00
6.511883586457748230e+00
6.909146136114827641e+00
7.268961779293400483e+00
7.590077507018421876e+00
7.871554808108062851e+00
8.112765296139428983e+00
8.313382515963555264e+00
8.473370237033234886e+00
8.592967587682080577e+00
8.672671427016171108e+00
8.713216387498924576e+00
8.715553025857481373e+00
8.680824551996737526e+00
8.610342586002204257e+00
8.505562341764145273e+00
8.368057988392905600e+00
8.199497784718253968e+00
8.001620403934857961e+00
7.776212206337390853e+00
7.525085501811358490e+00
7.250058806108568454e+00
6.952938519845340615e+00
6.635502966131857860e+00
6.299488136470616340e+00
5.946575790191688249e+00
5.578383722547386014e+00
5.196458247745951553e+00
4.802268869521954642e+00
4.397205083244992707e+00
3.982575225282932507e+00
3.559607262298591035e+00
3.129451394539470410e+00
2.693184313348258030e+00
2.251815047431559691e+00
1.806291993649710381e+00
1.357511274389575417e+00
9.063259918700556916e-01
4.535562881540541880e-01
1.299997266570188664e-14
7.174419082117169058e-15
-2.885331975342384503e-01
-5.770352982956398202e-01
-8.654607555342649361e-01
-1.153735296284843281e+00
-1.441741992734164368e+00
-1.729307864591274946e+00
-2.016191171108570934e+00
-2.302069611886539580e+00
-2.586529609544502062e+00
-2.869056718666383343e+00
-3.149027731007224773e+00
-3.425704279477547409e+00
-3.698228123376491983e+00
-3.965618661623279362e+00
-4.226772487752871399e+00
-4.480465267561358544e+00
-4.725356018678028569e+00
-4.959994084133387382e+00
-5.182828489276199768e+00
-5.392220137654550882e+00
-5.586456592639430063e+00
-5.763769284009488736e+00
-5.922353524806781344e+00
-6.060390714417641433e+00
-6.176072263213850277e+00
-6.267625855828452330e+00
-6.333342907035611979e+00
-6.371606993442913591e+00
-6.380923300610702675e+00
-6.359947386663192148e+00
-6.307514560224447564e+00
-6.222667340280541026e+00
-6.104681724710447455e+00
-5.953091293389798366e+00
-5.767708389562571369e+00
-5.548642188778017292e+00
-5.296312678606994950e+00
-5.011460571202545289e+00
-4.695152381395686803e+00
-4.348780642985425438e+00
-3.974058884339557451e+00
-3.573011350589582857e+00
-3.147957482382729655e+00
-2.701491273462200748e+00
-2.236455769253262282e+00
-1.755913098172259268e+00
-1.263110483735660372e+00
-7.614428245994850908e-01
-2.544125556708176084e-01
2.544125556697333090e-01
7.614428246010034318e-01
1.263110483738200340e+00
1.755913098179707754e+00
2.236455769228683721e+00
2.701491273471170018e+00
3.147957482387963690e+00
3.573011350645290740e+00
3.974058884495817345e+00
4.348780643317375905e+00
4.695152381455867108e+00
5.011460570535665404e+00
5.296312678633436022e+00
5.548642188786567786e+00
5.767708389447994577e+00
5.953091293526107108e+00
6.104681724651132235e+00
6.222667340263822844e+00
6.307514560217168054e+00
6.359947383869244852e+00
6.380923300625992667e+00
6.371606993463700519e+00
6.333342907404206024e+00
6.267625855826818082e+00
6.176072263208664204e+00
6.060390714460600847e+00
5.922353524656470469e+00
5.763769284055916486e+00
5.586456592647712327e+00
5.392220137670456381e+00
5.182828489273793693e+00
4.959994084104571321e+00
4.725356018756403209e+00
4.480465266762504228e+00
4.226772487682679547e+00
3.965618661607052786e+00
3.698228123360817854e+00
3.425704279449520495e+00
3.149027730986428075e+00
2.869056718682077012e+00
2.586529609507389971e+00
2.302069611903779123e+00
2.016191171121519687e+00
1.729307864572930065e+00
1.441741992735858346e+00
1.153735296207178074e+00
8.654607555498807780e-01
5.770352982971531652e-01
2.885331975352934397e-01
8.287941683406154685e-15
3.387825466329771091e-15
-1.351256540384561666e-01
-2.707636083394387994e-01
-4.074118250100640104e-01
-5.455396942473115240e-01
-6.855740128094079955e-01
-8.278852881114313611e-01
-9.727744903116787301e-01
-1.120460385708710538e+00
-1.271067596500427888e+00
-1.424615546342050010e+00
-1.581008464444589201e+00
-1.740026624895171903e+00
-1.901319035287099668e+00
-2.064397751104964485e+00
-2.228634040129399807e+00
-2.393256592895091295e+00
-2.557351976771006896e+00
-2.719867514321886670e+00
-2.879616745531028865e+00
-3.035287603245547139e+00
-3.185453391584649463e+00
-3.328586610182264760e+00
-3.463075625446534467e+00
-3.587244088126784192e+00
-3.699372996200864794e+00
-3.797725163725507613e+00
-3.880571820753052403e+00
-3.946220985246333246e+00
-3.993047167409916831e+00
-4.019521868064940051e+00
-4.024244472112116888e+00
-4.005972601670863220e+00
-3.963651636494196495e+00
-3.896442433935892513e+00
-3.803746768511588439e+00
-3.685229677915223601e+00
-3.540838183185224697e+00
-3.370815647848939722e+00
-3.175711460554107912e+00
-2.956385474339391806e+00
-2.714006928086977855e+00
-2.450047673706637230e+00
-2.166269648641361734e+00
-1.864706679851233728e+00
-1.547640858722324486e+00
-1.217573851562176790e+00
-8.771936735929588558e-01
-5.293375527897241639e-01
-1.769516349550989687e-01
1.769516349551344403e-01
5.293375527897475896e-01
8.771936735876109115e-01
1.217573851560140641e+00
1.547640858705101374e+00
1.864706679845707260e+00
2.166269648617516808e+00
2.450047673704276008e+00
2.714006928087271842e+00
2.956385474308592443e+00
3.175711460548512388e+00
3.370815647863524500e+00
3.540838183191625355e+00
3.685229677914471313e+00
3.803746768510503085e+00
3.896442432807093681e+00
3.963651636598543249e+00
4.005972601778176490e+00
4.024244472163562847e+00
4.019521868120855324e+00
3.993047167419583321e+00
3.946220985246743584e+00
3.880571820878853551e+00
3.797725163720827357e+00
3.699372996172765049e+00
3.587244088126012809e+00
3.463075625468557739e+00
3.328586610193752016e+00
3.185453391581611893e+00
3.035287603256374034e+00
2.879616745555379609e+00
2.719867514321695712e+00
2.557351976816551797e+00
2.393256592926611859e+00
2.228634040111613146e+00
2.064397751114539048e+00
1.901319035281986647e+00
1.740026624894190244e+00
1.581008464444458861e+00
1.424615546351857498e+00
1.271067596499211749e+00
1.120460385709587836e+00
9.727744903273582988e-01
8.278852881086342652e-01
6.855740128106336817e-01
5.455396942439062480e-01
4.074118250103762606e-01
2.707636083389536319e-01
1.351256540385931959e-01
3.908969696551268296e-15
3.845484862840343519e-16
-1.345111088674419073e-02
-2.768785461135653964e-02
-4.348449462707720814e-02
-6.159256952658449802e-02
-8.272956990879613837e-02
-1.075676760351524097e-01
-1.367225971336132884e-01
-1.707425727530017534e-01
-2.100976141429814759e-01
-2.551690900020282537e-01
-3.062397818651393933e-01
-3.634845621463602683e-01
-4.269618691239996933e-01
-4.966061772963918930e-01
-5.722216772081978320e-01
-6.534773952527662688e-01
-7.399039907269414629e-01
-8.308924655233290713e-01
-9.256950200889435543e-01
-1.023428263941718042e+00
-1.123078968800085065e+00
-1.223512513275899716e+00
-1.323484118326616388e+00
-1.421652916655560928e+00
-1.516598835213441188e+00
-1.606842188606241617e+00
-1.690865808632042722e+00
-1.767139445055899927e+00
-1.834146088759243121e+00
-1.890409782843771147e+00
-1.934524414425341510e+00
-1.965182894983515061e+00
-1.981206097174457614e+00
-1.981570853177543778e+00
-1.965436305341160095e+00
-1.932167892198185744e+00
-1.881358260737710397e+00
-1.812844455221782614e+00
-1.726720765912268973e+00
-1.623346751281100397e+00
-1.503350007212336692e+00
-1.367623414172894902e+00
-1.217316746010091322e+00
-1.053822629801487887e+00
-8.787570548474118448e-01
-6.939347596389864314e-01
-5.013399824081102851e-01
-3.030932062309402153e-01
-1.014146488396463069e-01
1.014146488467115581e-01
3.030932062189557463e-01
5.013399824043763831e-01
6.939347596532968732e-01
8.787570548601735254e-01
1.053822629834519242e+00
1.217316746046176457e+00
1.367623414180811681e+00
1.503350007358533080e+00
1.623346751328128779e+00
1.726720765788123169e+00
1.812844454323876420e+00
1.881358260744875333e+00
1.932167892087070182e+00
1.965436305440550369e+00
1.981570853139051236e+00
1.981206097268705557e+00
1.965182894796839941e+00
1.934524414338140375e+00
1.890409782986842036e+00
1.834146088666826602e+00
1.767139445126822084e+00
1.690865808612462828e+00
1.606842188614028499e+00
1.516598835310482674e+00
1.421652916660109289e+00
1.323484118182266966e+00
1.223512513396496137e+00
1.123078968889249296e+00
1.023428263963723328e+00
9.256950202035392206e-01
8.308924654298666113e-01
7.399039905280112572e-01
6.534773953191781448e-01
5.722216772540256180e-01
4.966061772874132418e-01
4.269618689797127220e-01
3.634845620285939716e-01
3.062397817474895034e-01
2.551690899953759639e-01
2.100976141648755735e-01
1.707425727595689446e-01
1.367225971269140639e-01
1.075676759503254032e-01
8.272956991115458514e-02
6.159256954003246298e-02
4.348449471420187673e-02
2.768785461826337585e-02
1.345111088838490086e-02
4.359520998108172813e-16
-1.507028280145351832e-15
6.311081698362251691e-02
1.254287283751923388e-01
1.861675001322813106e-01
2.445543129759880363e-01
2.998366433523118602e-01
3.512893372073478404e-01
3.982219154855992649e-01
4.399861292840747118e-01
4.759837578974964178e-01
5.056746138928859269e-01
5.285846892103146510e-01
5.443143428273520268e-01
5.525463988556352790e-01
5.530539897591985055e-01
5.457079519278109636e-01
5.304835524577601324e-01
5.074663056383543758e-01
4.768566223121088465e-01
4.389730291943130247e-01
3.942536936133333447e-01
3.432560082103741084e-01
2.866540041504024305e-01
2.252334026946635204e-01
1.598841570811140311e-01
9.159039442239705342e-02
2.141773359848211933e-02
-4.950196747048016266e-02
-1.199883026315253370e-01
-1.888322226670896831e-01
-2.548178447159109572e-01
-3.167457714688240999e-01
-3.734574364643363231e-01
-4.238599278624047839e-01
-4.669506805158724072e-01
-5.018413766592889624e-01
-5.277803821567172982e-01
-5.441730341982281560e-01
-5.505991224391929562e-01
-5.468269507355998371e-01
-5.328234378665309690e-01
-5.087598091984565363e-01
-4.750125493069246030e-01
-4.321594131180173104e-01
-3.809704455994818995e-01
-3.223941093337225894e-01
-2.575387769776916747e-01
-1.876499975489688554e-01
-1.140840866885376309e-01
-3.827871642652139195e-02
3.827871642652400097e-02
1.140840866885411142e-01
1.876499975489905603e-01
2.575387769777086056e-01
3.223941093336973873e-01
3.809704455995079342e-01
4.321594131180337417e-01
4.750125493068655391e-01
5.087598091985103821e-01
5.328234378665483995e-01
5.468269507355998371e-01
5.505991224393996797e-01
5.441730341981969588e-01
5.277803821567120801e-01
5.018413766334355319e-01
4.669506805158880614e-01
4.238599278624291533e-01
3.734574363189547830e-01
3.167457714688032833e-01
2.548178447159248350e-01
1.888322226671487469e-01
1.199883026314732259e-01
4.950196747048711543e-02
-2.141773359854814290e-02
-9.159039436100603615e-02
-1.598841570809611257e-01
-2.252334026946357093e-01
-2.866540041504198055e-01
-3.432560082102421029e-01
-3.942536936133367864e-01
-4.389730291942887108e-01
-4.768566224386296404e-01
-5.074663056383856841e-01
-5.304835524578296324e-01
-5.457079519278543733e-01
-5.530539897591602028e-01
-5.525463988555553430e-01
-5.443143428273572448e-01
-5.285846892102764594e-01
-5.056746138928684964e-01
-4.759837578975624761e-01
-4.399861292841303340e-01
-3.982219154738495526e-01
-3.512893372073547238e-01
-2.998366433523257935e-01
-2.445543129759845391e-01
-1.861675001323095380e-01
-1.254287283751962523e-01
-6.311081698362078218e-02
-1.751095772933776634e-15
-2.221674976414144363e-15
9.184214800974786763e-02
1.830834809405974539e-01
2.731249213908889528e-01
3.613709964106356920e-01
4.472319574562580446e-01
5.301262665453631007e-01
6.094835461982700542e-01
6.847480702723608426e-01
7.553828480949770219e-01
8.208743254707800974e-01
8.807376953329971725e-01
9.345227754149217914e-01
9.818203762560858694e-01
1.022269046385113622e+00
1.055562047373534318e+00
1.081454377012584178e+00
1.099769631810250337e+00
1.110406472892255580e+00
1.113344442511104537e+00
1.108648867857095821e+00
1.096474583486614307e+00
1.077068217622348723e+00
1.050768796581819320e+00
1.018006461185876566e+00
9.792991190941410240e-01
9.352469192698975586e-01
8.865244830509119156e-01
8.338709091248672767e-01
7.780776355685142809e-01
7.199743297871662451e-01
6.604130543742786630e-01
6.002510393604029160e-01
5.403324672202913792e-01
4.814697378972175312e-01
4.244247389004807691e-01
3.698906792125950527e-01
3.184750662795101106e-01
2.706843992879494065e-01
2.269111294043187899e-01
1.874233881166602333e-01
1.523579129438129010e-01
1.217165109085196206e-01
9.536628817242481793e-02
7.304375496952908442e-02
5.436277836896786370e-02
3.882622381018309421e-02
2.584098950032408248e-02
1.473601345846160815e-02
4.782720079086273841e-03
-4.782720082774452076e-03
-1.473601345917175190e-02
-2.584098949608668386e-02
-3.882622383277820749e-02
-5.436277839195214484e-02
-7.304375495022885634e-02
-9.536628815556644212e-02
-1.217165109056868866e-01
-1.523579129665860732e-01
-1.874233881192714779e-01
-2.269111294342237850e-01
-2.706843993440311014e-01
-3.184750663518169378e-01
-3.698906792542793198e-01
-4.244247389057171360e-01
-4.814697379443865777e-01
-5.403324671050997452e-01
-6.002510393308697623e-01
-6.604130543749267002e-01
-7.199743298629217580e-01
-7.780776355968263003e-01
-8.338709091108780225e-01
-8.865244831383249924e-01
-9.352469192042327517e-01
-9.792991191489093250e-01
-1.018006461082236580e+00
-1.050768796602556288e+00
-1.077068217563734054e+00
-1.096474583425087967e+00
-1.108648867661011561e+00
-1.113344442621210906e+00
-1.110406472868797900e+00
-1.099769631801726932e+00
-1.081454377019385626e+00
-1.055562047349592136e+00
-1.022269046377695112e+00
-9.818203763003952034e-01
-9.345227754578170343e-01
-8.807376953201894176e-01
-8.208743254160604241e-01
-7.553828480055903016e-01
-6.847480702979137357e-01
-6.094835461971755963e-01
-5.301262665711862221e-01
-4.472319574538535236e-01
-3.613709964146689657e-01
-2.731249213895359795e-01
-1.830834809464328139e-01
-9.184214800871066953e-02
-2.576497949283732375e-15
-1.978036556941099859e-15
8.156191736613152554e-02
1.628038628918619390e-01
2.434038678604381889e-01
3.230361150656901881e-01
4.013693737595130373e-01
4.780658535712505319e-01
5.527805976951046807e-01
6.251615192680743949e-01
6.948501638414552595e-01
7.614832588985813722e-01
8.246950833228969824e-01
8.841206612079594018e-01
9.393997541122622863e-01
9.901815930710798908e-01
1.036130258501834822e+00
1.076930587639737036e+00
1.112294453362346669e+00
1.141967237712327110e+00
1.165734294150121420e+00
1.183427179214309621e+00
1.194929418570618074e+00
1.200181571472417996e+00
1.199185358041988447e+00
1.192006633022938855e+00
1.178777003800010936e+00
1.159693927890136589e+00
1.135019167291470010e+00
1.105075523354523304e+00
1.070241831093176499e+00
1.030946264745616237e+00
9.876580578997986581e-01
9.408778105022393978e-01
8.911266423538143355e-01
8.389344676908044862e-01
7.848277645399696079e-01
7.293172194958575938e-01
6.728856697726807168e-01
6.159767729713692130e-01
5.589848231885534702e-01
5.022461219609326566e-01
4.460322359804947401e-01
3.905454642599973103e-01
3.359167014293629183e-01
2.822058479460788361e-01
2.294047854506646444e-01
1.774428503415872993e-01
1.261946299158705487e-01
7.548981625798190098e-02
2.512475189236140077e-02
-2.512475189235184592e-02
-7.548981626398315603e-02
-1.261946299188557441e-01
-1.774428503533200530e-01
-2.294047854431345290e-01
-2.822058479572647771e-01
-3.359167018674976135e-01
-3.905454642816377220e-01
-4.460322360009155718e-01
-5.022461214766937854e-01
-5.589848232263652239e-01
-6.159767729833499628e-01
-6.728856697355743988e-01
-7.293172195194872476e-01
-7.848277651255783915e-01
-8.389344676446205407e-01
-8.911266428868613865e-01
-9.408778110675524164e-01
-9.876580579262429493e-01
-1.030946264709187599e+00
-1.070241831120414489e+00
-1.105075523296167539e+00
-1.135019167315202360e+00
-1.159693927846400463e+00
-1.178777003865679296e+00
-1.192006633293451356e+00
-1.199185357834411603e+00
-1.200181571432485050e+00
-1.194929418593935200e+00
-1.183427179199039836e+00
-1.165734294305843743e+00
-1.141967237714973216e+00
-1.112294453372040914e+00
-1.076930587672705109e+00
-1.036130258518711544e+00
-9.901815930556452372e-01
-9.393997540612205599e-01
-8.841206612336338644e-01
-8.246950833010897597e-01
-7.614832589117436212e-01
-6.948501638370266908e-01
-6.251615192675201715e-01
-5.527805977115505254e-01
-4.780658535431019929e-01
-4.013693737556587315e-01
-3.230361150565183026e-01
-2.434038678584558579e-01
-1.628038628948225985e-01
-8.156191736671798698e-02
-2.293005046560823093e-15
-1.207722802034582832e-15
4.979514334339727594e-02
9.951836546825111596e-02
1.490941931961697886e-01
1.984401682660993649e-01
2.474636494057489977e-01
2.960589607838320370e-01
3.441049904788116010e-01
3.914633324959226890e-01
4.379770529801301215e-01
4.834701469469095403e-01
5.277477329261864858e-01
5.705970159725907154e-01
6.117890256624787249e-01
6.510811148516720825e-01
6.882201804372845011e-01
7.229465432471016140e-01
7.549984014906508945e-01
7.841167473589747416e-01
8.100506178730659812e-01
8.325625311373954229e-01
8.514339453412507197e-01
8.664705679145947581e-01
8.775073373294371981e-01
8.844129010771545341e-01
8.870934222362107935e-01
8.854955597914545562e-01
8.796084911989482391e-01
8.694648722185012168e-01
8.551406644032137905e-01
8.367537975748501333e-01
8.144616802089327257e-01
7.884576128974533082e-01
7.589662069683001944e-01
7.262379530539145867e-01
6.905431246729567540e-01
6.521652346637731856e-01
6.113942883168915765e-01
5.685200930294448396e-01
5.238258884076788524e-01
4.775825532160835607e-01
4.300436268244073879e-01
3.814413498403212421e-01
3.319838876209701417e-01
2.818538474536823601e-01
2.312081430771569801e-01
1.801791971814390436e-01
1.288774096485363063e-01
7.739475857702589334e-02
2.580934600673323240e-02
-2.580934600653305572e-02
-7.739475857101184297e-02
-1.288774096453339235e-01
-1.801791971851213481e-01
-2.312081430812019389e-01
-2.818538474633246471e-01
-3.319838876186482213e-01
-3.814413498054873841e-01
-4.300436267912639554e-01
-4.775825532129345796e-01
-5.238258884026942841e-01
-5.685200930120791751e-01
-6.113942883042071674e-01
-6.521652346923524357e-01
-6.905431246851112537e-01
-7.262379530434782682e-01
-7.589662069728276839e-01
-7.884576129257914179e-01
-8.144616801989430499e-01
-8.367537975679615325e-01
-8.551406644080992159e-01
-8.694648722500654126e-01
-8.796084911871568934e-01
-8.854955597974605297e-01
-8.870934222468225272e-01
-8.844129010968526661e-01
-8.775073373196281556e-01
-8.664705679048934073e-01
-8.514339453335107999e-01
-8.325625311179596366e-01
-8.100506178913255972e-01
-7.841167473475204597e-01
-7.549984015004895799e-01
-7.229465432632156130e-01
-6.882201804278401669e-01
-6.510811148701836082e-01
-6.117890256495216450e-01
-5.705970159592886892e-01
-5.277477329325808153e-01
-4.834701470187637296e-01
-4.379770530607935419e-01
-3.914633325088155424e-01
-3.441049904756799949e-01
-2.960589607772327048e-01
-2.474636494056391411e-01
-1.984401682663838595e-01
-1.490941932005796500e-01
-9.951836546703214659e-02
-4.979514334280418786e-02
-1.399937526352821192e-15
-4.125406394929788100e-16
1.701956775817619824e-02
3.408701397086547069e-02
5.124753607628667468e-02
6.854103117583500160e-02
8.599959923899405667e-02
1.036452281063548614e-01
1.214877168277195552e-01
1.395228905235117167e-01
1.577311550889970715e-01
1.760764345213010895e-01
1.945055264949692719e-01
2.129479035815098897e-01
2.313159781625665212e-01
2.495058384464871326e-01
2.673984514634218934e-01
2.848613164984535318e-01
3.017505400075497501e-01
3.179132897386734991e-01
3.331905737614503371e-01
3.474202780226863796e-01
3.604403860518360925e-01
3.720922956791652414e-01
3.822241412258901572e-01
3.906940267606767159e-01
3.973730748712558936e-01
4.021481991191999672e-01
4.049245145755476227e-01
4.056273110710145735e-01
4.042035275654082271e-01
4.006226820975603009e-01
3.948772316668214821e-01
3.869823566738475051e-01
3.769751868213286894e-01
3.649135072472154961e-01
3.508740048241161813e-01
3.349501328943304546e-01
3.172496888180697527e-01
2.978922104152202932e-01
2.770063034268459012e-01
2.547270142405793636e-01
2.311933572124752478e-01
2.065460958718950968e-01
1.809258622755339774e-01
1.544716783204233834e-01
1.273199196865174576e-01
9.960373686519057024e-02
7.145292124387005173e-02
4.299417776887932280e-02
1.435174187769626929e-02
-1.435174187766787533e-02
-4.299417776983084638e-02
-7.145292124660333755e-02
-9.960373686293680362e-02
-1.273199196802497490e-01
-1.544716783221429246e-01
-1.809258622778707470e-01
-2.065460958698346061e-01
-2.311933572061047881e-01
-2.547270142472325416e-01
-2.770063034288182124e-01
-2.978922104172143093e-01
-3.172496888141980720e-01
-3.349501328937601885e-01
-3.508740048329567207e-01
-3.649135072511636158e-01
-3.769751868106057668e-01
-3.869823566789223346e-01
-3.948772316641138147e-01
-4.006226821049049813e-01
-4.042035275647809511e-01
-4.056273110776391633e-01
-4.049245145655900324e-01
-4.021481991122045074e-01
-3.973730748647564259e-01
-3.906940267591443861e-01
-3.822241412333225452e-01
-3.720922956839541884e-01
-3.604403860618579647e-01
-3.474202780076209307e-01
-3.331905737630774245e-01
-3.179132897378829092e-01
-3.017505399970631386e-01
-2.848613165025519200e-01
-2.673984514601452367e-01
-2.495058384451815103e-01
-2.313159781570938434e-01
-2.129479035819207555e-01
-1.945055264921730087e-01
-1.760764345197639580e-01
-1.577311550833450371e-01
-1.395228905220784188e-01
-1.214877168298308802e-01
-1.036452281066489040e-01
-8.599959923966467301e-02
-6.854103117583869309e-02
-5.124753607614389306e-02
-3.408701397030702157e-02
-1.701956775793948481e-02
-4.781912452011893682e-16
-5.584235562814205781e-31
-5.680591418028754542e-18
4.234419373183079959e-17
9.984778774786777734e-17
7.131992748017031123e-17
6.487016219793786471e-17
1.389001753121080267e-16
1.904385334761553055e-16
2.907015440400107968e-16
3.826250270787112250e-16
1.064456012500563664e-16
2.799568829497997482e-16
3.945865358244190581e-16
6.461577845823643523e-16
2.222917962506739644e-16
1.540844145424866580e-16
3.503736744901477986e-16
-4.799969516540934356e-17
5.528626249642579895e-16
1.266605318038466141e-15
8.636864593757474310e-16
8.709147965765590394e-16
1.204439125996488566e-15
1.321859382478523320e-15
1.447218314574084318e-15
4.619616106395380384e-16
1.473263944864830145e-15
8.031361007091716388e-16
2.314653309931404253e-15
3.513897032729722909e-16
2.045653419585543717e-15
1.125006399980890407e-15
1.569855989963338050e-15
1.412375180086501523e-15
1.607573874542272829e-15
3.138914719060427019e-16
1.697931923098130521e-15
2.024843626681403891e-15
1.661765668480485053e-15
1.187178399888425473e-15
-1.239254173222437150e-16
5.803909719910414122e-16
4.507599131929684211e-16
9.507251917870614809e-16
2.296333068819371859e-16
6.484679628518361408e-16
4.717944591088958251e-16
2.236504460599214149e-16
2.433450836883906020e-16
6.584833975733682379e-17
-6.571939883083737077e-17
-2.421888586623436551e-16
-2.204621984920502597e-16
-4.656141312198235385e-16
-7.870302999671436835e-16
-5.046859532079283731e-16
-1.532574442521622936e-16
3.768300691380187284e-16
-1.404770227463134070e-15
-6.961237140943656725e-16
-1.140996030426039051e-15
-1.050526291851772494e-15
-5.263256200562284424e-16
-1.148271735062749845e-15
-1.500222053181278003e-15
-9.056467426116033361e-16
-2.418505308661107785e-15
-1.255416842427602460e-15
-7.934076021310745507e-16
-5.850829899939490301e-16
-1.328383536852145670e-15
-2.222831792202686159e-15
-1.900631772512090436e-15
-1.829007457460501910e-15
-7.189960418590857873e-16
-1.364390937402886192e-15
-8.410988091996137557e-16
-4.447273768570259123e-16
-1.384883847297044460e-15
-1.090585887026190210e-15
-9.905230059694345407e-16
-8.262462467191613672e-16
-2.156844611123803768e-16
-3.097649730239602009e-16
-8.287849755068385177e-16
7.322789237372276375e-17
-8.277131937740085976e-16
-3.733561294960507288e-16
-4.879214640059791328e-16
-3.059636013898103491e-16
-2.704472932984015675e-16
-1.861192472945643672e-16
-1.501440190858643110e-16
-1.344614810477759007e-16
-6.187149804460503699e-17
-6.944681619362950915e-17
-1.780287490920849060e-16
-2.248819462623559344e-17
-3.253341574388849676e-17
-6.492538412075799387e-31
