1.459985558391444225e-17
6.362219082599766123e-03
1.268654372419620972e-02
1.893470657641101521e-02
2.506763765782462489e-02
3.104491556304949176e-02
3.682402512985339521e-02
4.235935111667062797e-02
4.760077495811407960e-02
5.249176713804445255e-02
5.696678739054519131e-02
6.094777434006917738e-02
6.433946053602850046e-02
6.702311576737469967e-02
6.884835500553414256e-02
6.962241426570622838e-02
6.909631698421664359e-02
6.694724655672423808e-02
6.275637187450185117e-02
5.598154326206354614e-02
4.592435549805334166e-02
3.169164505845025598e-02
1.215212859181714899e-02
-1.410958074543946540e-02
-4.883791637803531344e-02
-9.414356228328898957e-02
-1.525235512601073873e-01
-2.268505406242807554e-01
-3.203142653831766995e-01
-4.362944813567499747e-01
-5.781436055764832549e-01
-7.488588814201478927e-01
-9.506316562337353560e-01
-1.184274802070210519e+00
-1.448551954932079333e+00
-1.739461572259104472e+00
-2.049563252871787533e+00
-2.367466864570181073e+00
-2.677630438357523790e+00
-2.960614500307446662e+00
-3.193918492351879745e+00
-3.353460955927995091e+00
-3.415669602477275912e+00
-3.360025723395645425e+00
-3.171782515142651970e+00
-2.844477399113796601e+00
-2.381815091598279643e+00
-1.798532630485743633e+00
-1.119979892588324866e+00
-3.803416765262880861e-01
3.803416765791050591e-01
1.119979889547516594e+00
1.798532630997440096e+00
2.381815091628276093e+00
2.844477398985582273e+00
3.171782500402468230e+00
3.360025722586069463e+00
3.415669595922824708e+00
3.353460955948993849e+00
3.193918491702514295e+00
2.960614501069747106e+00
2.677630438418633574e+00
2.367466865061537362e+00
2.049563202674799633e+00
1.739461572751248575e+00
1.448551955840995831e+00
1.184274800830243946e+00
9.506316564458323626e-01
7.488588807672750258e-01
5.781436060235186636e-01
4.362944901029374156e-01
3.203142657440536945e-01
2.268505421451007531e-01
1.525235504668489561e-01
9.414356293321007874e-02
4.883790956246428228e-02
1.410958107635432342e-02
-1.215213141622815615e-02
-3.169164498513923206e-02
-4.592436144248201318e-02
-5.598154493269751064e-02
-6.275637215131091295e-02
-6.694724657496621545e-02
-6.909631889626820234e-02
-6.962241421422099563e-02
-6.884835493361490810e-02
-6.702311577550369714e-02
-6.433946057633181670e-02
-6.094777637509400658e-02
-5.696678742151788793e-02
-5.249176725888991812e-02
-4.760077500578028392e-02
-4.235935115863088962e-02
-3.682402512484055090e-02
-3.104491472437783534e-02
-2.506763760365445654e-02
-1.893470657212421165e-02
-1.268654369912585941e-02
-6.362219088981805118e-03
-9.977484676919359130e-18
1.500518299258037329e-17
6.691204891222856874e-03
1.334217096878759050e-02
1.991221197725438763e-02
2.635968179565735189e-02
3.264133269555052203e-02
3.871146283548932560e-02
4.452076226354921562e-02
5.001473828163089524e-02
5.513157749204847941e-02
5.979925630519135338e-02
6.393166442529703286e-02
6.742344251667745092e-02
7.014316151977907643e-02
7.192438551072488639e-02
7.255407173552259892e-02
7.175767515516834338e-02
6.918026502335218597e-02
6.436295001758900181e-02
5.671400591966250376e-02
4.547434745792184457e-02
2.967750082359785560e-02
8.105088245682925269e-03
-2.075977307040584308e-02
-5.877685501060049555e-02
-1.081840153717287256e-01
-1.716129171518548380e-01
-2.520712535867812298e-01
-3.528736314873875402e-01
-4.775002539324778028e-01
-6.293615452947336486e-01
-8.114494173225560436e-01
-1.025863923951493728e+00
-1.273218921108208779e+00
-1.551953510619639820e+00
-1.857605965269520487e+00
-2.182141402494005789e+00
-2.513457209019083649e+00
-2.835212834845820762e+00
-3.127132766009240950e+00
-3.365903484146729685e+00
-3.526721314173145050e+00
-3.585449447978672488e+00
-3.521220315280173985e+00
-3.319196108525661604e+00
-2.973101950021709516e+00
-2.487107185296430600e+00
-1.876667378655583418e+00
-1.168064093149890459e+00
-3.965736293043767846e-01
3.965736293440814131e-01
1.168064093364287181e+00
1.876667378837423961e+00
2.487107184913188274e+00
2.973101952012544569e+00
3.319196108167865589e+00
3.521220316016568930e+00
3.585449426273660922e+00
3.526721313453275108e+00
3.365903483860203327e+00
3.127132765513400692e+00
2.835212833976912261e+00
2.513457208790625064e+00
2.182141397701311547e+00
1.857605964537175858e+00
1.551953511525119511e+00
1.273218920118946995e+00
1.025863923962535562e+00
8.114494185453545727e-01
6.293615420922490378e-01
4.775002533691876105e-01
3.528736320120038350e-01
2.520712533396613497e-01
1.716129166022711816e-01
1.081840138325388667e-01
5.877685704117239368e-02
2.075977359195134778e-02
-8.105086282307653878e-03
-2.967749859419603967e-02
-4.547434741417130666e-02
-5.671400496287568038e-02
-6.436294987416857349e-02
-6.918026506906528594e-02
-7.175767531631710439e-02
-7.255407177637979155e-02
-7.192438583244435690e-02
-7.014316144033481970e-02
-6.742344253538209986e-02
-6.393166428650610966e-02
-5.979925631994984642e-02
-5.513157748236433703e-02
-5.001473823880230041e-02
-4.452076224508089847e-02
-3.871146286109463514e-02
-3.264133260623056781e-02
-2.635968181190154191e-02
-1.991221204741598985e-02
-1.334217110413298858e-02
-6.691204894753564718e-03
-1.084327417998717310e-17
1.539598280249951514e-17
7.042605954138256644e-03
1.404240323712125857e-02
2.095604856110578826e-02
2.773905934096549883e-02
3.434506405606734675e-02
4.072482172580471627e-02
4.682490814685971725e-02
5.258594220696471977e-02
5.794019425051743361e-02
6.280837481298896796e-02
6.709535257614199222e-02
7.068447972203384388e-02
7.343013600273906594e-02
7.514800764072625261e-02
7.560253763868768351e-02
7.449089975007826270e-02
7.142280224490549223e-02
6.589543412974643855e-02
5.726300802298284892e-02
4.470061684635588672e-02
2.716274778432687179e-02
3.337700375815874816e-03
-2.839936283944772405e-02
-7.002996043741507859e-02
-1.239248910867386255e-01
-1.928550217809059941e-01
-2.799655748558291801e-01
-3.886955474003963018e-01
-5.226211305715623423e-01
-6.852014613560105660e-01
-8.794081591001805531e-01
-1.107229069627116314e+00
-1.369052359093488214e+00
-1.662960975724636858e+00
-1.983998087697846691e+00
-2.323498460322694914e+00
-2.668612762330099475e+00
-3.002172864639908401e+00
-3.303045703812640177e+00
-3.547093305746684688e+00
-3.708789326489837279e+00
-3.763442762177469536e+00
-3.689856974331513939e+00
-3.473129334087196707e+00
-3.107202339176036610e+00
-2.596739732028933823e+00
-1.957942768692215729e+00
-1.218047727999392427e+00
-4.134411141160463377e-01
4.134411141474104712e-01
1.218047725011533355e+00
1.957942768938101930e+00
2.596739732560138680e+00
3.107202339802872970e+00
3.473129333808501862e+00
3.689856972286603032e+00
3.763442761381748713e+00
3.708789328052748413e+00
3.547093309341825318e+00
3.303045704861662824e+00
3.002172862712015888e+00
2.668612774747196603e+00
2.323498460521849829e+00
1.983998088102126856e+00
1.662960975837010302e+00
1.369052358546693382e+00
1.107229070376778646e+00
8.794081589460954751e-01
6.852014600965937730e-01
5.226211315806925661e-01
3.886955452479211037e-01
2.799655747392303939e-01
1.928550218891588730e-01
1.239248906269564271e-01
7.002996112158009490e-02
2.839936324023101255e-02
-3.337698725630585620e-03
-2.716274734027405297e-02
-4.470061743714443675e-02
-5.726300771639981219e-02
-6.589543450445189965e-02
-7.142280195459745074e-02
-7.449089992177893027e-02
-7.560253762942874267e-02
-7.514800752451705756e-02
-7.343013589643500316e-02
-7.068447965928553733e-02
-6.709535248062231672e-02
-6.280837491270377382e-02
-5.794019424785782496e-02
-5.258594222323566963e-02
-4.682490815290037828e-02
-4.072482173257989391e-02
-3.434506406023973141e-02
-2.773905936129300587e-02
-2.095604855337155487e-02
-1.404240325040486716e-02
-7.042605945516809338e-03
-1.181023994559849825e-17
1.576715080164059990e-17
7.418583160056091072e-03
1.479152781466589600e-02
2.207256078798498777e-02
2.921406244202084251e-02
3.616619443554940083e-02
4.287577308069732279e-02
4.928477607959646373e-02
5.532834416241574904e-02
6.093210694794291143e-02
6.600861615857174514e-02
7.045261245765671587e-02
7.413479684908680367e-02
7.689367725946974486e-02
7.852500410587472113e-02
7.876820177858337435e-02
7.728914355812627202e-02
7.365856829087256974e-02
6.732551182076731977e-02
5.758520508718291409e-02
4.354134881561889936e-02
2.406322271125976159e-02
-2.260815063103638421e-03
-3.717034734251383615e-02
-8.277521461732388619e-02
-1.415849656400265666e-01
-2.165139840029233209e-01
-3.108469661355959812e-01
-4.281458984454765138e-01
-5.720772120507331415e-01
-7.461376910585966193e-01
-9.532616468750109151e-01
-1.195301454835955512e+00
-1.472390406123481155e+00
-1.782221255463616760e+00
-2.119304985607548542e+00
-2.474308437008529094e+00
-2.833600570965348453e+00
-3.179156350410149212e+00
-3.488964618523609396e+00
-3.738053132162298287e+00
-3.900174772791798805e+00
-3.950097589234034867e+00
-3.866318427730385476e+00
-3.633898945116158075e+00
-3.247030860183450329e+00
-2.710903529563053915e+00
-2.042491640364051619e+00
-1.270008949861411995e+00
-4.309699123595409076e-01
4.309699123326846681e-01
1.270008949412439136e+00
2.042491640428544475e+00
2.710903529578072568e+00
3.247030861292406367e+00
3.633898945394008706e+00
3.866318427021841142e+00
3.950097587968277146e+00
3.900174771583976518e+00
3.738053133055882160e+00
3.488964624422683514e+00
3.179156349837617412e+00
2.833600571818728042e+00
2.474308439319511166e+00
2.119304985637515681e+00
1.782221254447754033e+00
1.472390405860402707e+00
1.195301456245645877e+00
9.532616471943897718e-01
7.461376911658678113e-01
5.720772125619728588e-01
4.281458998956559903e-01
3.108469661069729884e-01
2.165139840074584987e-01
1.415849661654947911e-01
8.277521459999036268e-02
3.717034873795235783e-02
2.260813290930694004e-03
-2.406322265809607286e-02
-4.354134875246211400e-02
-5.758520521108870249e-02
-6.732551175010989541e-02
-7.365856820406573024e-02
-7.728914211439490145e-02
-7.876820172518164687e-02
-7.852500395299281954e-02
-7.689367718802551932e-02
-7.413479331003448858e-02
-7.045261226365223672e-02
-6.600861739347012314e-02
-6.093210700733094759e-02
-5.532834418312764652e-02
-4.928477603562469306e-02
-4.287577218966215353e-02
-3.616619443446979221e-02
-2.921406240438562812e-02
-2.207256079295165027e-02
-1.479152781894711548e-02
-7.418583166771086819e-03
-1.289184710034933137e-17
1.611278711533699684e-17
7.821545264666943803e-03
1.559432125007319432e-02
2.326880876980424312e-02
3.079390334340960031e-02
3.811590302263934138e-02
4.517721520670714419e-02
5.191466095554128635e-02
5.825722356774955951e-02
6.412306103796376611e-02
6.941553769265013107e-02
7.401801055560541798e-02
7.778697355226700527e-02
8.054316022272858810e-02
8.206006491051005824e-02
8.204928346383696947e-02
8.014201532905025627e-02
7.586604258223525465e-02
6.861756242859030908e-02
5.762745721282413330e-02
4.192198312760541529e-02
2.027858639571187768e-02
-8.821335393426586041e-03
-4.723924500308259583e-02
-9.722002993041607699e-02
-1.614177466068066613e-01
-2.428942740824795998e-01
-3.450750507522088451e-01
-4.716425614277708345e-01
-6.263461811960130410e-01
-8.127073497337707897e-01
-1.033603696394999716e+00
-1.290726262858518769e+00
-1.583921561831160618e+00
-1.910455497199368136e+00
-2.264267531220547358e+00
-2.635317282328683675e+00
-3.009156143409418060e+00
-3.366872986325367023e+00
-3.685559003224581076e+00
-3.939399822130444484e+00
-4.101432238006825770e+00
-4.145899708071218548e+00
-4.051018431412507503e+00
-3.801846365119225357e+00
-3.392858707219291947e+00
-2.829803153357948631e+00
-2.130456139076087219e+00
-1.324031289638538889e+00
-4.491875518875724782e-01
4.491875521794626014e-01
1.324031289565577252e+00
2.130456140482687388e+00
2.829803153003048521e+00
3.392858706159225246e+00
3.801846365771253566e+00
4.051018437358138158e+00
4.145899708318530053e+00
4.101432238724805224e+00
3.939399821652574740e+00
3.685559002635427461e+00
3.366872984435608895e+00
3.009156143523899818e+00
2.635317283743424444e+00
2.264267516499382626e+00
1.910455496755147031e+00
1.583921562656254389e+00
1.290726263840331400e+00
1.033603696628292656e+00
8.127073478701448694e-01
6.263461800104381805e-01
4.716425600026347142e-01
3.450750503740959707e-01
2.428942748463548129e-01
1.614177458279281718e-01
9.722002866928494691e-02
4.723924584792718595e-02
8.821339097234174795e-03
-2.027858682904441767e-02
-4.192198394853766802e-02
-5.762745694550060888e-02
-6.861756242751790302e-02
-7.586604256535355029e-02
-8.014201544885836415e-02
-8.204928319890690547e-02
-8.206006510590005409e-02
-8.054316039219075463e-02
-7.778697347412887042e-02
-7.401801056949409985e-02
-6.941553741924097465e-02
-6.412305995063422026e-02
-5.825722348452364724e-02
-5.191466091528082472e-02
-4.517721531944885599e-02
-3.811590285658634364e-02
-3.079390335806699019e-02
-2.326880874418724501e-02
-1.559432124504827807e-02
-7.821545265751137302e-03
-1.410331723867743856e-17
1.642611110235881162e-17
8.254171333845773326e-03
1.645609209155253147e-02
2.455262867881166308e-02
3.248878704882524060e-02
4.020654051033354520e-02
4.764334554416595202e-02
5.473022043981751183e-02
6.138920477073218224e-02
6.753002323616785763e-02
7.304568352525142583e-02
7.780670601438786915e-02
8.165361079698910118e-02
8.438719682103940078e-02
8.575607825900434522e-02
8.544086488622802678e-02
8.303431536741810726e-02
7.801681801373555603e-02
6.972657384719482820e-02
5.732423457067427341e-02
3.975205280331924745e-02
1.568851928441331381e-02
-1.649939436667150622e-02
-5.880241378109587330e-02
-1.136073724915135502e-01
-1.837184610128206053e-01
-2.723485817365393635e-01
-3.830643225802319307e-01
-5.196648864202539908e-01
-6.859735374884069481e-01
-8.855211236734346070e-01
-1.121106617248263992e+00
-1.394230957487540890e+00
-1.704419018258484408e+00
-2.048470378752659027e+00
-2.419711217043546636e+00
-2.807353061431122399e+00
-3.196092961678891786e+00
-3.566104785150274292e+00
-3.893563871529514220e+00
-4.151808233057781017e+00
-4.313166308720496112e+00
-4.351376862511807886e+00
-4.244404945801602658e+00
-3.977340045241366973e+00
-3.544977641310604444e+00
-2.953658099727457298e+00
-2.221988440869791859e+00
-1.380204008957592654e+00
-4.681234289541157390e-01
4.681234290226767847e-01
1.380204008991235964e+00
2.221988441011484294e+00
2.953658099383172697e+00
3.544977640398706775e+00
3.977340044588429269e+00
4.244404946010475577e+00
4.351376872480854807e+00
4.313166307078062367e+00
4.151808233232317846e+00
3.893563871989669245e+00
3.566104787508407536e+00
3.196092951791746017e+00
2.807353062511758868e+00
2.419711211734931311e+00
2.048470379465661129e+00
1.704419015867814302e+00
1.394230958505466633e+00
1.121106613613959579e+00
8.855211239656740618e-01
6.859735375963962323e-01
5.196648902512003287e-01
3.830643230489933493e-01
2.723485823309673703e-01
1.837184504563956211e-01
1.136073724812809299e-01
5.880241394222505968e-02
1.649939411311590609e-02
-1.568851680007098820e-02
-3.975205466713546687e-02
-5.732423436388343896e-02
-6.972657364726932150e-02
-7.801681935026623382e-02
-8.303431411395197081e-02
-8.544086485381177654e-02
-8.575607816317541710e-02
-8.438719664328721282e-02
-8.165361099825516056e-02
-7.780670591570422456e-02
-7.304568339813133360e-02
-6.753002337408041400e-02
-6.138920473128361976e-02
-5.473022051394996895e-02
-4.764334619520978198e-02
-4.020654049426225507e-02
-3.248878717881967942e-02
-2.455262865176999904e-02
-1.645609208665909859e-02
-8.254171396288921200e-03
-1.546180183026674728e-17
1.669938190324850744e-17
8.719431018497975430e-03
1.738271937687964688e-02
2.593268459045006830e-02
3.430997031508082468e-02
4.245168461088338202e-02
5.028970400193389506e-02
5.774848533225129810e-02
6.474221712702639409e-02
7.117108080829223637e-02
7.691636706540597168e-02
8.183410378269860563e-02
8.574681187696066298e-02
8.843289584457030006e-02
8.961312119860001535e-02
8.893355525290518038e-02
8.594430495385906033e-02
8.007341217997823724e-02
7.059540567748566475e-02
5.659426296145393664e-02
3.692111360250669577e-02
1.014784894781733254e-02
-2.548084707499213494e-02
-7.209269787085327563e-02
-1.322234085611415089e-01
-2.088327122848203654e-01
-3.052874638901297288e-01
-4.252947790064369737e-01
-5.727652467222158483e-01
-7.515849058525655435e-01
-9.652762254102944528e-01
-1.216534581036353035e+00
-1.506638847784796287e+00
-1.834754149812625634e+00
-2.197171258468311184e+00
-2.586558842110761258e+00
-2.991337663775518685e+00
-3.395313077358308895e+00
-3.777715521316357794e+00
-4.113787949073428152e+00
-4.376017983250506838e+00
-4.536037036425637936e+00
-4.567103056013738005e+00
-4.446963322238798533e+00
-4.160777703724129140e+00
-3.703701507887771083e+00
-3.082703749779916791e+00
-2.317251285272372119e+00
-1.438622396736357167e+00
-4.878088898357302305e-01
4.878088896900060756e-01
1.438622398016135229e+00
2.317251286428650303e+00
3.082703740207509480e+00
3.703701507580816621e+00
4.160777703697284835e+00
4.446963316767157615e+00
4.567103058596350351e+00
4.536037036723149285e+00
4.376017997000279713e+00
4.113787948232810798e+00
3.777715523164669964e+00
3.395313077593659301e+00
2.991337658851592529e+00
2.586558840942272397e+00
2.197171255694636116e+00
1.834754148889160108e+00
1.506638848829571886e+00
1.216534581393485803e+00
9.652762257739598839e-01
7.515849071638376344e-01
5.727652484413823242e-01
4.252947792217304790e-01
3.052874655565054329e-01
2.088327120912622792e-01
1.322234081386620685e-01
7.209269842403145945e-02
2.548084697166580828e-02
-1.014784835031471398e-02
-3.692111324402451433e-02
-5.659426343621426492e-02
-7.059540582777699969e-02
-8.007341215248096888e-02
-8.594430499625851927e-02
-8.893355562874824538e-02
-8.961312133380906764e-02
-8.843289568171903980e-02
-8.574681188852606439e-02
-8.183410380360495173e-02
-7.691636708405225065e-02
-7.117108122143350757e-02
-6.474221713738419204e-02
-5.774848539800049585e-02
-5.028970368590816170e-02
-4.245168468291547759e-02
-3.430997029460454428e-02
-2.593268454669677911e-02
-1.738271907161074645e-02
-8.719431016782810961e-03
-1.698654064253317019e-17
1.692383028969083878e-17
9.220599492211781212e-03
1.838067846652516671e-02
2.741850211495417550e-02
3.626979206694384839e-02
4.486615761590226348e-02
5.313315310206580960e-02
6.098779642069941664e-02
6.833535880572363941e-02
7.506519091751698292e-02
8.104529457367529166e-02
8.611529590577451931e-02
9.007739048808550975e-02
9.268479495123148337e-02
9.362704572336409681e-02
9.251165563656175983e-02
8.884135242847221448e-02
8.198634572689549038e-02
7.115119567025587899e-02
5.533615576421949123e-02
3.329350974274145752e-02
3.480379702269535084e-03
-3.598916560024117278e-02
-8.738779639663006582e-02
-1.534070262675178986e-01
-2.371671901142420602e-01
-3.421912452694193529e-01
-4.723249251920473846e-01
-6.315830477908417340e-01
-8.239009020608590861e-01
-1.052771888753158525e+00
-1.320759517582801301e+00
-1.628885075351991896e+00
-1.975912290135702021e+00
-2.357577415211369321e+00
-2.765844782697787441e+00
-3.188300043283698759e+00
-3.607819045449053519e+00
-4.002661106448880624e+00
-4.347122392279610281e+00
-4.612840645411993457e+00
-4.770765517419799373e+00
-4.793702580829436677e+00
-4.659219171984341656e+00
-4.352588270106166668e+00
-3.869367388007046937e+00
-3.217191903002349029e+00
-2.416418257444289175e+00
-1.499387841675770217e+00
-5.082772500140783078e-01
5.082772502487339361e-01
1.499387841297100232e+00
2.416418256414123444e+00
3.217191905224550119e+00
3.869367389256927137e+00
4.352588265530345168e+00
4.659219177255914168e+00
4.793702576439368812e+00
4.770765516175146992e+00
4.612840639931728326e+00
4.347122390404081216e+00
4.002661106539601832e+00
3.607819041973765462e+00
3.188300045165096019e+00
2.765844780778226486e+00
2.357577412325318367e+00
1.975912282949723986e+00
1.628885076414407607e+00
1.320759517971029195e+00
1.052771887672786733e+00
8.239009031175648090e-01
6.315830474128861782e-01
4.723249249745737344e-01
3.421912446721573353e-01
2.371671906911366756e-01
1.534070267183169911e-01
8.738779630269483123e-02
3.598916630360008556e-02
-3.480379399420903928e-03
-3.329350937750157058e-02
-5.533615415851006469e-02
-7.115119557138099848e-02
-8.198634635328214126e-02
-8.884135218063932138e-02
-9.251165513561182552e-02
-9.362704453563912288e-02
-9.268479495023791703e-02
-9.007739469862850734e-02
-8.611529597700660899e-02
-8.104529473855770494e-02
-7.506519098990414862e-02
-6.833535874633719920e-02
-6.098779684172892651e-02
-5.313315258693442761e-02
-4.486615760852909890e-02
-3.626979208050094827e-02
-2.741850221730004686e-02
-1.838067848753512437e-02
-9.220599481097007180e-03
-1.869898977271643501e-17
1.708961572987213848e-17
9.761262923368469943e-03
1.945705119926026752e-02
2.902047044753449170e-02
3.838165909903500095e-02
4.746597825373635726e-02
5.619178673985492090e-02
6.446762677138061226e-02
7.218860955542512337e-02
7.923175151967716545e-02
8.544994218600600322e-02
9.066419695290088565e-02
9.465372570564388466e-02
9.714332224630119195e-02
9.778748388212529785e-02
9.615063266160328581e-02
9.168280941400609729e-02
8.369025214779453326e-02
7.130061757585426374e-02
5.342270624835195741e-02
2.870160744783871107e-02
-4.529078881863871607e-03
-4.829462867794593467e-02
-1.050208145335630866e-01
-1.775617816813874483e-01
-2.692030021038855359e-01
-3.836247070378229762e-01
-5.248077316325501229e-01
-6.968617975090608541e-01
-9.037551277222281021e-01
-1.148927997425098102e+00
-1.434780052081150004e+00
-1.762035514112094914e+00
-2.129011206283809354e+00
-2.530839709502377577e+00
-2.958731504921279232e+00
-3.399391229644878720e+00
-3.834727089535129085e+00
-4.242000860953359265e+00
-4.594550072339052882e+00
-4.863166935415642378e+00
-5.018139334304676957e+00
-5.031853873464662286e+00
-4.881740810223115012e+00
-4.553233040521191377e+00
-4.042336019647581935e+00
-3.357390885358511490e+00
-2.519673550675449292e+00
-1.562607642030247934e+00
-5.295637062161402397e-01
5.295637070839603888e-01
1.562607642392852103e+00
2.519673551011476942e+00
3.357390884817566867e+00
4.042336019140691405e+00
4.553233039964390549e+00
4.881740813328984352e+00
5.031853873288262058e+00
5.018139336061393507e+00
4.863166917600028505e+00
4.594550073388109723e+00
4.242000860730685829e+00
3.834727085191438789e+00
3.399391231039716299e+00
2.958731510827181221e+00
2.530839709364215206e+00
2.129011206322281247e+00
1.762035514630323263e+00
1.434780051431986170e+00
1.148927991341309296e+00
9.037551264081028490e-01
6.968617972396269344e-01
5.248077350014859199e-01
3.836247068723588338e-01
2.692030120656666581e-01
1.775617825853899323e-01
1.050208131697402125e-01
4.829462846799441322e-02
4.529079385293211489e-03
-2.870160814449229658e-02
-5.342270603444931876e-02
-7.130061724685696212e-02
-8.369025227960620594e-02
-9.168280394666425415e-02
-9.615063251765440522e-02
-9.778748397997080732e-02
-9.714332290543983839e-02
-9.465372565804054672e-02
-9.066419681533771646e-02
-8.544994226138701021e-02
-7.923175118133467254e-02
-7.218861013853898612e-02
-6.446762684023261969e-02
-5.619178660938699971e-02
-4.746597824355272555e-02
-3.838165911170750982e-02
-2.902047042078470529e-02
-1.945705118470290179e-02
-9.761262919362278731e-03
-2.062288759589695823e-17
1.718582866017124170e-17
1.034530732546618328e-02
2.061949595705155763e-02
3.074978925288944162e-02
4.065995386675638756e-02
5.026820985073495590e-02
5.948468653314763210e-02
6.820822668194824467e-02
7.632231944078987640e-02
8.368988354846325362e-02
9.014657634479110448e-02
9.549223884950409913e-02
9.948001239843860810e-02
1.018026011451415858e-01
1.020750820297841310e-01
9.981365182224964661e-02
9.440969070848902189e-02
8.509866499934494455e-02
7.092361464628325896e-02
5.069344886260192251e-02
2.293701402643783319e-02
-1.414491424393769445e-02
-6.272607436203882225e-02
-1.253936168168203746e-01
-2.051708937306548075e-01
-3.055123367151706404e-01
-4.302552565288305098e-01
-5.835102365197795127e-01
-7.694699006690387533e-01
-9.921158561839583667e-01
-1.254807368920504151e+00
-1.559743962669716266e+00
-1.907308947756831463e+00
-2.295322528705776577e+00
-2.718260798264994893e+00
-3.166528167587136622e+00
-3.625900896118164241e+00
-4.077281482086008602e+00
-4.496909414707092267e+00
-4.857155031504947651e+00
-5.127973738338207355e+00
-5.279017289348126418e+00
-5.282292367581604253e+00
-5.115140423552910320e+00
-4.763205963127568943e+00
-4.222991267337850907e+00
-3.503584526005232291e+00
-2.627211078722475168e+00
-1.628394320529629846e+00
-5.517051048104367750e-01
5.517051056058430714e-01
1.628394317549488379e+00
2.627211090701555118e+00
3.503584527190631626e+00
4.222991265949140427e+00
4.763205962944600635e+00
5.115140424363074700e+00
5.282292373428697729e+00
5.279017287773636546e+00
5.127973736793296489e+00
4.857155028475106384e+00
4.496909416583985575e+00
4.077281478075860832e+00
3.625900895703745519e+00
3.166528167102621083e+00
2.718260795799776197e+00
2.295322528279985619e+00
1.907308947238666397e+00
1.559743956396762110e+00
1.254807368316290805e+00
9.921158552846061074e-01
7.694698999563848174e-01
5.835102346187758249e-01
4.302552532846502520e-01
3.055123380299520908e-01
2.051708928066182935e-01
1.253936177029237042e-01
6.272607432798465998e-02
1.414491429512490690e-02
-2.293701480164385756e-02
-5.069344560589150034e-02
-7.092361489478529735e-02
-8.509866604263155443e-02
-9.440969097478442429e-02
-9.981365196060536238e-02
-1.020750816965043384e-01
-1.018026006452108223e-01
-9.948001261678141027e-02
-9.549223881397990443e-02
-9.014657644957869975e-02
-8.368988334614334279e-02
-7.632231936596446664e-02
-6.820822668694012658e-02
-5.948468653342291190e-02
-5.026820997952984732e-02
-4.065995383128977181e-02
-3.074978930960334950e-02
-2.061949589321871931e-02
-1.034530732336709676e-02
-2.278421317377144566e-17
1.720056806344094068e-17
1.097688067407053512e-02
2.187616718852830253e-02
3.261833118415431026e-02
4.311981981796845359e-02
5.329064578128906576e-02
6.303147364139309594e-02
7.222999550113784473e-02
8.075635030200049858e-02
8.845729024467935409e-02
9.514875409270498463e-02
1.006064303494054873e-01
1.045538302346416398e-01
1.066473342083902875e-01
1.064576120682282218e-01
1.034468085660038977e-01
9.694093877161616413e-02
8.609704832780198935e-02
6.986508737561651639e-02
4.694483277169606006e-02
1.573915913955072077e-02
-2.569388680567773198e-02
-7.968593819064331840e-02
-1.489937915723184847e-01
-2.368161202816720379e-01
-3.467791397666933340e-01
-4.828754547727185376e-01
-6.493375860052392756e-01
-8.504260022122386298e-01
-1.090112297848465861e+00
-1.371642436455911662e+00
-1.696974794331149061e+00
-2.066103052635370307e+00
-2.476296532276132556e+00
-2.921318189136639099e+00
-3.390711410204996668e+00
-3.869275503037961972e+00
-4.336869723836312751e+00
-4.768688843412625111e+00
-5.136131437233676600e+00
-5.408330398118113891e+00
-5.554332987721843473e+00
-5.545811799509674067e+00
-5.360073836864511776e+00
-4.983031945211341629e+00
-4.411737906470794002e+00
-3.656069880101792346e+00
-2.739232449927701651e+00
-1.696864274750963464e+00
-5.747394522786901661e-01
5.747394515444781415e-01
1.696864275072179629e+00
2.739232448553658550e+00
3.656069883547733212e+00
4.411737893863150184e+00
4.983031935478888563e+00
5.360073845109747381e+00
5.545811798835515560e+00
5.554332986142439310e+00
5.408330395902578580e+00
5.136131438170861152e+00
4.768688839293014681e+00
4.336869723318147685e+00
3.869275504565577783e+00
3.390711409720887026e+00
2.921318185150218572e+00
2.476296531042195159e+00
2.066103053173991899e+00
1.696974794536459052e+00
1.371642437969155415e+00
1.090112294836476092e+00
8.504260025234861020e-01
6.493375812987757234e-01
4.828754523959369327e-01
3.467791382180142601e-01
2.368161202001717314e-01
1.489937919887028284e-01
7.968593888803934822e-02
2.569388746161724302e-02
-1.573915308831590545e-02
-4.694483262635210097e-02
-6.986508820195438951e-02
-8.609704663843303907e-02
-9.694093537591635945e-02
-1.034468082286229967e-01
-1.064576118317857173e-01
-1.066473334378231497e-01
-1.045538294836467624e-01
-1.006064304054140879e-01
-9.514875404693884375e-02
-8.845729030797247483e-02
-8.075635033950132047e-02
-7.222999559374958245e-02
-6.303147348284784957e-02
-5.329064561208042561e-02
-4.311981991818716192e-02
-3.261833125185922833e-02
-2.187616723070849589e-02
-1.097688071911159281e-02
-2.521096530908478947e-17
1.712114099794205965e-17
1.166031211436989456e-02
2.323554568905360912e-02
3.463836688922298374e-02
4.577675858504740014e-02
5.655124070780583045e-02
6.685153450682607135e-02
7.655244952194879826e-02
8.550872167775389054e-02
9.354849474080978444e-02
1.004650703280503127e-01
1.060065065333024859e-01
1.098625524733727321e-01
1.116483907525512437e-01
1.108845696013936455e-01
1.069725688013612452e-01
9.916546503928072576e-02
8.653339540277085740e-02
6.792383296979091767e-02
4.191734381753717958e-02
6.780346897037424839e-03
-3.958220754319230483e-02
-9.966955107474037567e-02
-1.764162143986702513e-01
-2.732016090169827605e-01
-3.938251893883746857e-01
-5.424309623846220729e-01
-7.233626878045439357e-01
-9.409298964387164954e-01
-1.199066265603075498e+00
-1.500867124863158208e+00
-1.848003257798258803e+00
-2.240024656398363234e+00
-2.673590559503036701e+00
-3.141690146179337173e+00
-3.632948236298424671e+00
-4.131137719739077063e+00
-4.615038194477556033e+00
-5.058780386781247529e+00
-5.432791605497699017e+00
-5.705402925551972260e+00
-5.845096117696642501e+00
-5.823262945807199387e+00
-5.617237313868102433e+00
-5.213262785294570101e+00
-4.608997022057426562e+00
-3.815152890681794418e+00
-2.855943413823672561e+00
-1.768135518376201532e+00
-5.987051361650568282e-01
5.987051363688796757e-01
1.768135518810389772e+00
2.855943414179475059e+00
3.815152889439699102e+00
4.608997023559160411e+00
5.213262784558112095e+00
5.617237320235338949e+00
5.823262950524993542e+00
5.845096118527203011e+00
5.705402925474063025e+00
5.432791605215645525e+00
5.058780386433205045e+00
4.615038193090074792e+00
4.131137721011269193e+00
3.632948237592682705e+00
3.141690145128686495e+00
2.673590559427626356e+00
2.240024656968355732e+00
1.848003258126405868e+00
1.500867123477173548e+00
1.199066265085865446e+00
9.409298962072729644e-01
7.233626846724829917e-01
5.424309636694213399e-01
3.938251891986137565e-01
2.732016103307386423e-01
1.764162140426022429e-01
9.966955052120723968e-02
3.958220425942163972e-02
-6.780347168740284702e-03
-4.191734390249204911e-02
-6.792383309156010962e-02
-8.653339507093348038e-02
-9.916546509634235895e-02
-1.069725686233468087e-01
-1.108845716088216055e-01
-1.116483904962107393e-01
-1.098625530690972574e-01
-1.060065061073561105e-01
-1.004650705250435677e-01
-9.354849428337976003e-02
-8.550872175268910136e-02
-7.655245042349100026e-02
-6.685153447061670251e-02
-5.655124061466292734e-02
-4.577675868630082245e-02
-3.463836673874192557e-02
-2.323554572271122748e-02
-1.166031212725459135e-02
-2.793265724432851123e-17
1.693445529780382396e-17
1.239996437916576766e-02
2.470613283119900416e-02
3.682208007559439888e-02
4.864593297120168441e-02
6.006716085080049394e-02
7.096275895094183994e-02
8.119257638993301884e-02
9.059350040481088662e-02
9.897216729309253613e-02
1.060958058595088266e-01
1.116807686939133154e-01
1.153782390785737105e-01
1.167565657526224709e-01
1.152796299309919448e-01
1.102807262226717100e-01
1.009314749029553149e-01
8.620560350370294611e-02
6.483778067975921877e-02
3.527840904034855452e-02
-4.353729200656033214e-03
-5.631765147447181930e-02
-1.232899623598830291e-01
-2.083905797898997492e-01
-3.151840241338370596e-01
-4.476426378795636540e-01
-6.100552725251690012e-01
-8.068626544522594646e-01
-1.042400111807095797e+00
-1.320530291629680608e+00
-1.644154703875241319e+00
-2.014604059156714921e+00
-2.430924648943913802e+00
-2.889101205371131353e+00
-3.381284418986806983e+00
-3.895120568187619980e+00
-4.413306344430344197e+00
-4.913507163297459179e+00
-5.368774683043165297e+00
-5.748571509026900728e+00
-6.020455339105410530e+00
-6.152390149834515043e+00
-6.115548604218097317e+00
-5.887360645930512781e+00
-5.454469082938253166e+00
-4.815197992746073297e+00
-3.981141104398777664e+00
-2.977548189497193132e+00
-1.842323973191190456e+00
-6.236396581642502657e-01
6.236396581167734654e-01
1.842323974693345079e+00
2.977548189588798078e+00
3.981141103808546688e+00
4.815197992588732490e+00
5.454469083315768074e+00
5.887360655314968660e+00
6.115548611945470725e+00
6.152390156942102450e+00
6.020455338441104587e+00
5.748571508569738420e+00
5.368774673779602047e+00
4.913507166876507348e+00
4.413306338928323136e+00
3.895120567827513813e+00
3.381284419268141939e+00
2.889101207137090732e+00
2.430924650213475147e+00
2.014604059344055731e+00
1.644154704125905919e+00
1.320530290891189562e+00
1.042400111839986376e+00
8.068626443518354119e-01
6.100552717944773828e-01
4.476426443306356084e-01
3.151840139343038416e-01
2.083905797615973610e-01
1.232899633675185319e-01
5.631765349596237064e-02
4.353730011579581144e-03
-3.527841020734012040e-02
-6.483778100847573111e-02
-8.620560217793550584e-02
-1.009314741067063870e-01
-1.102807255303222406e-01
-1.152796309944224412e-01
-1.167565657902290416e-01
-1.153782405882531337e-01
-1.116807686745697609e-01
-1.060958061139238989e-01
-9.897216745765438639e-02
-9.059350019006624788e-02
-8.119257634764975862e-02
-7.096275869400404945e-02
-6.006716074384819276e-02
-4.864593316571568654e-02
-3.682208016502049736e-02
-2.470613283024049658e-02
-1.239996437496092806e-02
-3.097936099453281102e-17
1.662771159112420079e-17
1.319998367967393539e-02
2.629593667925670536e-02
3.918076275804567576e-02
5.174102698764872915e-02
6.385325129026205027e-02
7.537954245807887421e-02
8.616228445866044861e-02
9.601758502425138120e-02
1.047271234117265193e-01
1.120279875061985508e-01
1.176000425734806121e-01
1.210503018120622359e-01
1.218937583250484652e-01
1.195301166678426896e-01
1.132159255788953017e-01
1.020317560297783338e-01
8.484436019404439921e-02
6.026423989651061297e-02
2.659978694748050404e-02
-1.818971509176352599e-02
-7.653845177320463267e-02
-1.513099985952950643e-01
-2.458165978564981480e-01
-3.638107250229991041e-01
-5.094348733154416831e-01
-6.871127885945147451e-01
-9.013635204978591720e-01
-1.156519588382666219e+00
-1.456333345684254432e+00
-1.803462628034381510e+00
-2.198838744431931058e+00
-2.640937849478935284e+00
-3.125000192791398401e+00
-3.642269212833750824e+00
-4.179350705372022468e+00
-4.717815740052549778e+00
-5.234184087906163185e+00
-5.700418735138664594e+00
-6.085032037047036546e+00
-6.354845994440313284e+00
-6.477364412696921647e+00
-6.423612569591583998e+00
-6.171194214323499239e+00
-5.707226821284794305e+00
-5.030765528868530012e+00
-4.154332456760296388e+00
-3.104240659894294208e+00
-1.919537948817319650e+00
-6.495777375109015317e-01
6.495777375104634377e-01
1.919537949250933684e+00
3.104240659131375146e+00
4.154332457219053865e+00
5.030765528676588438e+00
5.707226821603931022e+00
6.171194212192879114e+00
6.423612569608137868e+00
6.477364413936999910e+00
6.354845994869604553e+00
6.085032037098583757e+00
5.700418737054335772e+00
5.234184088467747742e+00
4.717815739937758934e+00
4.179350704997783161e+00
3.642269215906805524e+00
3.125000192069955496e+00
2.640937850332729653e+00
2.198838744388799338e+00
1.803462629680285811e+00
1.456333345840097104e+00
1.156519588498732487e+00
9.013635219252986719e-01
6.871127881184706521e-01
5.094348726870676636e-01
3.638107250872479881e-01
2.458165967980636413e-01
1.513099988626944448e-01
7.653845182070946607e-02
1.818971540255550495e-02
-2.659978670164889550e-02
-6.026423990435539335e-02
-8.484436049225045628e-02
-1.020317562705675002e-01
-1.132159262564919194e-01
-1.195301166702122803e-01
-1.218937580355181211e-01
-1.210503016155668049e-01
-1.176000427977465512e-01
-1.120279875755310350e-01
-1.047271229087779199e-01
-9.601758496767689999e-02
-8.616228433521468111e-02
-7.537954240598308819e-02
-6.385325128322848209e-02
-5.174102710428023222e-02
-3.918076262543596783e-02
-2.629593649583004955e-02
-1.319998366083317831e-02
-3.438005878134093748e-17
1.618955868493478050e-17
1.406389154621561811e-02
2.801163692150130530e-02
4.172351615775844041e-02
5.507243092637040260e-02
6.791962807667231705e-02
8.010968954524522179e-02
9.146450002151368386e-02
1.017758589883983877e-01
1.107963651513948072e-01
1.182281418864919581e-01
1.237089297561815709e-01
1.267950235763263822e-01
1.269405035340189780e-01
1.234722719052165629e-01
1.155604040572948965e-01
1.021836241595958927e-01
8.208997957414189417e-02
5.375337311847912247e-02
1.532746678870321698e-02
-3.540038580160748821e-02
-1.010508509769310198e-01
-1.846836421622931601e-01
-2.898090233412713990e-01
-4.203681458470187038e-01
-5.806677586169194383e-01
-7.752523066581723521e-01
-1.008695140399135104e+00
-1.285290963946874587e+00
-1.608635380285711625e+00
-1.981085062546098952e+00
-2.403104995712671776e+00
-2.872527755036892394e+00
-3.383773402408458697e+00
-3.927105581616565200e+00
-4.488026204906733874e+00
-5.046932860614520955e+00
-5.579172616163148746e+00
-6.055617467675711296e+00
-6.443853496463582964e+00
-6.710015911220931883e+00
-6.821217797122796966e+00
-6.748419992054232708e+00
-6.469487777703177400e+00
-5.972095997005618884e+00
-5.256099830500427394e+00
-4.334998165175016460e+00
-3.236191380509052529e+00
-1.999869987816420780e+00
-6.765485362229873845e-01
6.765485362413214965e-01
1.999869987877989974e+00
3.236191381046609639e+00
4.334998165177022855e+00
5.256099831957512514e+00
5.972095995555394055e+00
6.469487784803529706e+00
6.748419994724701887e+00
6.821217798930743648e+00
6.710015915410401988e+00
6.443853497781604212e+00
6.055617469448962176e+00
5.579172616321685929e+00
5.046932861636884482e+00
4.488026203988051854e+00
3.927105582245991489e+00
3.383773401648497714e+00
2.872527754513533260e+00
2.403104996398954807e+00
1.981085062480357539e+00
1.608635379902125573e+00
1.285290964437294514e+00
1.008695139924435935e+00
7.752523070462223886e-01
5.806677587941179164e-01
4.203681479929385345e-01
2.898090239964916104e-01
1.846836420623330921e-01
1.010508515246557049e-01
3.540038567476963549e-02
-1.532746672716929839e-02
-5.375337133282405422e-02
-8.208997948667176581e-02
-1.021836245864541776e-01
-1.155604042465431663e-01
-1.234722722585168547e-01
-1.269405035570583817e-01
-1.267950215026687477e-01
-1.237089299693250322e-01
-1.182281426062581353e-01
-1.107963658307620780e-01
-1.017758588675489323e-01
-9.146449920851865145e-02
-8.010968964349961252e-02
-6.791962797588904643e-02
-5.507243103241501320e-02
-4.172351609044346044e-02
-2.801163695724169511e-02
-1.406389158253614630e-02
-3.815992424723159660e-17
1.561195773213860833e-17
1.499393657317336578e-02
2.985726560613944508e-02
4.445521140789965298e-02
5.864440632996350405e-02
7.226795120708197351e-02
8.514967108862216139e-02
9.708725616814889436e-02
1.078439330990437067e-01
1.171382728822327746e-01
1.246316897415034874e-01
1.299131468346477469e-01
1.324805529920860536e-01
1.317183218777858156e-01
1.268706382434875712e-01
1.170100585565824886e-01
1.010013573169737111e-01
7.746090453522362640e-02
4.471250900489789210e-02
7.415745349498316635e-04
-5.684927276589360479e-02
-1.308783164780528974e-01
-2.246096309136882130e-01
-3.417553410457730978e-01
-4.864430822313851599e-01
-6.631338346110012827e-01
-8.764731755343709851e-01
-1.131058146206485260e+00
-1.431103009296726514e+00
-1.779991787827157834e+00
-2.179713798571040861e+00
-2.630192365509767871e+00
-3.128535598568185083e+00
-3.668261923248137713e+00
-4.238579243782160333e+00
-4.823821921761773268e+00
-5.403169034748104060e+00
-5.950774256924331596e+00
-6.436425778564164091e+00
-6.826819277799937247e+00
-7.087465513179021848e+00
-7.185170177999130381e+00
-7.090925732391371028e+00
-6.782957549268728847e+00
-6.249588592510320950e+00
-5.491547357624824599e+00
-4.523358125435745336e+00
-3.373528857324839425e+00
-2.083385184412598790e+00
-7.045716917847133498e-01
7.045716917560947978e-01
2.083385184023108128e+00
3.373528858409008624e+00
4.523358121845016733e+00
5.491547358370100440e+00
6.249588591716364050e+00
6.782957548606982634e+00
7.090925736456880735e+00
7.185170178453967438e+00
7.087465514360745900e+00
6.826819279291063580e+00
6.436425776279710576e+00
5.950774256576755405e+00
5.403169034824579775e+00
4.823821921781432209e+00
4.238579244439710791e+00
3.668261925014955516e+00
3.128535598224781555e+00
2.630192365452357350e+00
2.179713799040471578e+00
1.779991787931072489e+00
1.431103011771608147e+00
1.131058144205490334e+00
8.764731756482003755e-01
6.631338331559281096e-01
4.864430817080695468e-01
3.417553401346306585e-01
2.246096308884479031e-01
1.308783157507612260e-01
5.684927324027459761e-02
-7.415760826886345610e-04
-4.471250876562315318e-02
-7.746090492983651044e-02
-1.010013565925621248e-01
-1.170100583927213972e-01
-1.268706375417434362e-01
-1.317183219949634720e-01
-1.324805528896062790e-01
-1.299131473089819022e-01
-1.246316898746958890e-01
-1.171382723083543020e-01
-1.078439330576632799e-01
-9.708725612366396474e-02
-8.514967113768293072e-02
-7.226795139740749274e-02
-5.864440632363444872e-02
-4.445521143189654772e-02
-2.985726568380897908e-02
-1.499393649960706343e-02
-4.233597127219023132e-17
1.489312941222663331e-17
1.599008009634672253e-02
3.183214628418900433e-02
4.737331966154745277e-02
6.245071304162948256e-02
7.688571900084147093e-02
9.047742285462417877e-02
1.029948002950190344e-01
1.141673298424278199e-01
1.236735996116311992e-01
1.311274605551124850e-01
1.360612306519327075e-01
1.379054541488996533e-01
1.359647177081963199e-01
1.293891305970700789e-01
1.171412219586582260e-01
9.795830375975789206e-02
7.031083203616642074e-02
3.235800040122686905e-02
-1.809717285332984593e-02
-8.364967873735583426e-02
-1.673258662757573234e-01
-2.726007973081757130e-01
-4.033895996966759268e-01
-5.640002041592933058e-01
-7.590324600211223460e-01
-9.932067683779627343e-01
-1.271105212499276327e+00
-1.596809925102320005e+00
-1.973428742366235777e+00
-2.402507652974185337e+00
-2.883343793711491632e+00
-3.412232165564385689e+00
-3.981702607424606910e+00
-4.579828859064766888e+00
-5.189715091571481587e+00
-5.789281902696524540e+00
-6.351477681019495947e+00
-6.845026174651562378e+00
-7.235783365624134156e+00
-7.488714131809080854e+00
-7.570416379150898933e+00
-7.452025091690387626e+00
-7.112236674154069682e+00
-6.540121464696995623e+00
-5.737358549186409640e+00
-4.719545508487561492e+00
-3.516312988115798177e+00
-2.170104715270197104e+00
-7.336517332939022085e-01
7.336517332912834144e-01
2.170104715189994149e+00
3.516312988788297567e+00
4.719545508814454671e+00
5.737358548016744386e+00
6.540121465126517819e+00
7.112236672456168307e+00
7.452025092847023302e+00
7.570416379309219401e+00
7.488714133445138366e+00
7.235783368418370998e+00
6.845026167654967963e+00
6.351477673176997740e+00
5.789281902757533516e+00
5.189715089541615534e+00
4.579828862655662469e+00
3.981702607147334039e+00
3.412232166510858367e+00
2.883343794487650769e+00
2.402507653510467467e+00
1.973428742112127710e+00
1.596809922390699965e+00
1.271105212439408882e+00
9.932067700571582947e-01
7.590324585906692567e-01
5.640002030835895575e-01
4.033895974548772356e-01
2.726007967223262884e-01
1.673258662418237452e-01
8.364967956050414766e-02
1.809717234395089719e-02
-3.235800098742862979e-02
-7.031083114403365031e-02
-9.795830364492152942e-02
-1.171412220711629676e-01
-1.293891308851678468e-01
-1.359647174019427973e-01
-1.379054539142275659e-01
-1.360612314611454321e-01
-1.311274604198036930e-01
-1.236735990597509077e-01
-1.141673297476278326e-01
-1.029948002880537311e-01
-9.047742280968927575e-02
-7.688571911089835120e-02
-6.245071303358773473e-02
-4.737331967088792561e-02
-3.183214623959001316e-02
-1.599008008678825046e-02
-4.691021369446991693e-17
1.404215122855004327e-17
1.704842653699303878e-02
3.392771236293224552e-02
5.046303658378519658e-02
6.646791282351166563e-02
8.173758388136782849e-02
9.604146332487153992e-02
1.091142617626860434e-01
1.206454050717591792e-01
1.302663132622456366e-01
1.375350807416841903e-01
1.419180682135212090e-01
1.427679389355669126e-01
1.392976918252282759e-01
1.305503798347870670e-01
1.153644056857333206e-01
9.233464452236608833e-02
5.977017171755789893e-02
1.565021876805694490e-02
-4.241907109703963591e-02
-1.172427170004446545e-01
-2.120642400961236240e-01
-3.305737860634714864e-01
-4.768867545632703986e-01
-6.554798593127687534e-01
-8.710695275764592793e-01
-1.128416246746565488e+00
-1.432038746132765494e+00
-1.785824549307407638e+00
-2.192529563089377298e+00
-2.653169498620279398e+00
-3.166320950769263565e+00
-3.727369360124425324e+00
-4.327764169780707881e+00
-4.954365421681917070e+00
-5.588987767300132248e+00
-6.208260972484628937e+00
-6.783928334403091398e+00
-7.283684269665078759e+00
-7.672614053795517641e+00
-7.915234757495773543e+00
-7.978055132355169832e+00
-7.832480690420454472e+00
-7.457803327344582733e+00
-6.843948930831519561e+00
-5.993628068459750935e+00
-4.923557536749164854e+00
-3.664498253391438531e+00
-2.259983103123897941e+00
-7.637703978515490988e-01
7.637703978761517520e-01
2.259983103305795549e+00
3.664498253566411456e+00
4.923557537497687875e+00
5.993628067877542875e+00
6.843948929456986185e+00
7.457803326447152159e+00
7.832480686771365441e+00
7.978055134295377826e+00
7.915234759182058433e+00
7.672614053821693147e+00
7.283684269229834918e+00
6.783928333970561830e+00
6.208260971085516111e+00
5.588987767153067665e+00
4.954365454451150619e+00
4.327764174187111124e+00
3.727369354886755914e+00
3.166320947003350650e+00
2.653169498840618257e+00
2.192529563708798257e+00
1.785824548646755439e+00
1.432038746431902876e+00
1.128416247488366553e+00
8.710695276015927302e-01
6.554798634430085702e-01
4.768867536369666982e-01
3.305737854176166168e-01
2.120642405155020727e-01
1.172427181878475666e-01
4.241907093297383330e-02
-1.565021936748525397e-02
-5.977017357234630512e-02
-9.233464437610679199e-02
-1.153644051744453503e-01
-1.305503798920571168e-01
-1.392976973678596575e-01
-1.427679393571473221e-01
-1.419180683771645579e-01
-1.375350804502517010e-01
-1.302663132952796288e-01
-1.206454052296407897e-01
-1.091142619368637851e-01
-9.604146306548158596e-02
-8.173758397702472756e-02
-6.646791277516982122e-02
-5.046303660697400856e-02
-3.392771241882113625e-02
-1.704842649189254947e-02
-5.185903664751560829e-17
1.308607028549063904e-17
1.815880924231335486e-02
3.612262604494213131e-02
5.368982283021300761e-02
7.064517049953517036e-02
8.675219618961647894e-02
1.017445101034317456e-01
1.153157151410948850e-01
1.271074893827953967e-01
1.366953964836261914e-01
1.435719709950215028e-01
1.471266009826673049e-01
1.466217764883196994e-01
1.411653400605207553e-01
1.296785220558450136e-01
1.108598463683718449e-01
8.314532621081260899e-02
4.466612758886010642e-02
-6.794405902198393139e-03
-7.384116481481065031e-02
-1.595005348537125167e-01
-2.672398932488337930e-01
-4.009647933692480626e-01
-5.649827836313118246e-01
-7.639207083708832169e-01
-1.002580441563007074e+00
-1.285717346038241837e+00
-1.617726596995630706e+00
-2.002226047156966615e+00
-2.441531147599686591e+00
-2.936028410139874811e+00
-3.483469295374777452e+00
-4.078225854825277885e+00
-4.710571766253764281e+00
-5.366074958523579852e+00
-6.025207161659741573e+00
-6.663286668699851312e+00
-7.250868010736145841e+00
-7.754671423876025038e+00
-8.139103027182388317e+00
-8.368353494458689923e+00
-8.408983351419621499e+00
-8.232815932449314644e+00
-7.819877921047433844e+00
-7.161067981200837984e+00
-6.260211720347067299e+00
-5.135187149789810945e+00
-3.817883025855543622e+00
-2.352877027480665628e+00
-7.948761007594803418e-01
7.948761007572426873e-01
2.352877027491459661e+00
3.817883025711024114e+00
5.135187149755105374e+00
6.260211720382002021e+00
7.161067980936875799e+00
7.819877920885319966e+00
8.232815932251256186e+00
8.408983351668831929e+00
8.368353494814265048e+00
8.139103027237307941e+00
7.754671423114574580e+00
7.250868010799663921e+00
6.663286668898977361e+00
6.025207160259606454e+00
5.366074958590684396e+00
4.710571766109806546e+00
4.078225856994992071e+00
3.483469295821817635e+00
2.936028409971288777e+00
2.441531147154935244e+00
2.002226046790203995e+00
1.617726596452614407e+00
1.285717346373822512e+00
1.002580442004419314e+00
7.639207087616486369e-01
5.649827834989626929e-01
4.009647920254950648e-01
2.672398928207713742e-01
1.595005343937288544e-01
7.384116526001807679e-02
6.794403355804434601e-03
-4.466612805737599917e-02
-8.314532528671558786e-02
-1.108598461571904531e-01
-1.296785237782228650e-01
-1.411653381853877620e-01
-1.466217765041529786e-01
-1.471266008292823613e-01
-1.435719709167043168e-01
-1.366953968258356744e-01
-1.271074895232970625e-01
-1.153157153005233831e-01
-1.017445099260074343e-01
-8.675219607793677179e-02
-7.064516981649272831e-02
-5.368982253014783351e-02
-3.612262596484751287e-02
-1.815880924141506300e-02
-5.711680134136930978e-17
1.208084208238198385e-17
1.930109394116165389e-02
3.837531352140409469e-02
5.698803261645801060e-02
7.488876406908390182e-02
9.180231784819550822e-02
1.074188522016563119e-01
1.213824081011826289e-01
1.332775008622966717e-01
1.426133303836640831e-01
1.488051519445423299e-01
1.511523749002706141e-01
1.488130034611631070e-01
1.407741580120462077e-01
1.258186100069828006e-01
1.024875710358976316e-01
6.904051355187550143e-02
2.341342671859201335e-02
-3.682207027287490858e-02
-1.144951536078515908e-01
-2.128625026206364401e-01
-3.356182923226777581e-01
-4.868782716758372486e-01
-6.711266146058592064e-01
-8.931122752361375650e-01
-1.157680177505976848e+00
-1.469522441285679992e+00
-1.832836389186902615e+00
-2.250880499950008051e+00
-2.725427014769853606e+00
-3.256121530632446692e+00
-3.839775645658047853e+00
-4.469637851588395883e+00
-5.134709246629303614e+00
-5.819191514249031805e+00
-6.502170624464957527e+00
-7.157648764643536943e+00
-7.755029608027103727e+00
-8.260139822098864215e+00
-8.636825578007469417e+00
-8.849100325354994467e+00
-8.863743029533658557e+00
-8.653163848175591255e+00
-8.198279377346461061e+00
-7.491087171552347712e+00
-6.536612607240119388e+00
-5.353930418631396293e+00
-3.976041182077812319e+00
-2.448503394922368681e+00
-8.268698110074202967e-01
8.268698110124602652e-01
2.448503394968204461e+00
3.976041181872173702e+00
5.353930419164312227e+00
6.536612607221176319e+00
7.491087171864037941e+00
8.198279376431905519e+00
8.653163847857342716e+00
8.863743029131880391e+00
8.849100323355878928e+00
8.636825580325144358e+00
8.260139822406612709e+00
7.755029610009363417e+00
7.157648764995930613e+00
6.502170626279863974e+00
5.819191514956793654e+00
5.134709270641577561e+00
4.469637852100420083e+00
3.839775643607987288e+00
3.256121530111392381e+00
2.725427015126454577e+00
2.250880502003854478e+00
1.832836387720359728e+00
1.469522439955276205e+00
1.157680176816540785e+00
8.931122753891141963e-01
6.711266146941463617e-01
4.868782712264271284e-01
3.356182954718425204e-01
2.128625029164689930e-01
1.144951558367342526e-01
3.682207047603568151e-02
-2.341342766068571155e-02
-6.904051206949576858e-02
-1.024875718976666628e-01
-1.258186098948504972e-01
-1.407741583685448994e-01
-1.488130033042353584e-01
-1.511523743905226480e-01
-1.488051515602507036e-01
-1.426133304428686133e-01
-1.332775005438490701e-01
-1.213824075097966332e-01
-1.074188523708328180e-01
-9.180231783024198067e-02
-7.488876428862857593e-02
-5.698803298212103130e-02
-3.837531344272716166e-02
-1.930109400425208954e-02
-6.255068710806194131e-17
1.112808930071184894e-17
2.043953595813610691e-02
4.061258988163679584e-02
6.024362671695122212e-02
7.903861945686276036e-02
9.667482916534901605e-02
1.127893987694062738e-01
1.269663442523493724e-01
1.387215063992326414e-01
1.474850209894625064e-01
1.525808930862799229e-01
1.532032646132033271e-01
1.483890974521379358e-01
1.369871151038812296e-01
1.176230952393135520e-01
8.866205580070152248e-02
4.816832025069413270e-02
-6.134652408917491868e-03
-7.690187317368733788e-02
-1.671976896345282737e-01
-2.805141697909762644e-01
-4.207694457914457065e-01
-5.922764241626096160e-01
-7.996703505750694108e-01
-1.047782085924960027e+00
-1.341443047692295387e+00
-1.685208245331933918e+00
-2.082986206525275552e+00
-2.537569699538692269e+00
-3.050069461289672823e+00
-3.619265377786430093e+00
-4.240905156557706945e+00
-4.906999395536763231e+00
-5.605181870090395257e+00
-6.318222605228401179e+00
-7.023795066525849506e+00
-7.694603342504169774e+00
-8.298966275860175656e+00
-8.801929535694076989e+00
-9.166932143240646980e+00
-9.357992278974489153e+00
-9.342303501160634127e+00
-9.093055673691482710e+00
-8.592226991935056901e+00
-7.833047981524714487e+00
-6.821827407266540355e+00
-5.578862248701782711e+00
-4.138230799400226978e+00
-2.546383545520339187e+00
-8.595862848542610291e-01
8.595862849078655943e-01
2.546383545547197258e+00
4.138230799281216399e+00
5.578862248450048966e+00
6.821827406977299724e+00
7.833047981271582749e+00
8.592226993429131099e+00
9.093055675353150846e+00
9.342303501375019081e+00
9.357992279073673814e+00
9.166932145179156777e+00
8.801929535619292366e+00
8.298966276062685665e+00
7.694603342512673194e+00
7.023795067581374063e+00
6.318222605352128873e+00
5.605181869950359719e+00
4.906999395560795563e+00
4.240905156770963025e+00
3.619265377368983128e+00
3.050069462030596146e+00
2.537569697550854375e+00
2.082986206857943223e+00
1.685208243418293339e+00
1.341443047403500177e+00
1.047782085821913567e+00
7.996703498249383424e-01
5.922764236527497950e-01
4.207694457051651682e-01
2.805141704816220827e-01
1.671976898761864394e-01
7.690187473594330136e-02
6.134651640991160837e-03
-4.816832057231521663e-02
-8.866205548143978044e-02
-1.176230948585742370e-01
-1.369871152186681595e-01
-1.483890983718799683e-01
-1.532032644817925837e-01
-1.525808928953620025e-01
-1.474850208530993079e-01
-1.387215059469191214e-01
-1.269663446074693891e-01
-1.127893985167069540e-01
-9.667482900234788956e-02
-7.903861898228087268e-02
-6.024362671178123962e-02
-4.061258974464907606e-02
-2.043953597896416841e-02
-6.792221268917090180e-17
1.040070511951723688e-17
2.151418288143139984e-02
4.271235235911438610e-02
6.326793200605772272e-02
8.283281070139431046e-02
1.010255377582278818e-01
1.174182792795772923e-01
1.315220865618363932e-01
1.427700607964119128e-01
1.504979876880638834e-01
1.539220449814662495e-01
1.521132832119915790e-01
1.439686850676272778e-01
1.281787696192550896e-01
1.031921426324734908e-01
6.717767235715721430e-02
1.798577512324555164e-02
-4.688900624676179546e-02
-1.303408087275667315e-01
-2.356759194557039305e-01
-3.666207082317798904e-01
-5.273059745747444849e-01
-7.222178693160610230e-01
-9.561038292318553289e-01
-1.233820763602391235e+00
-1.560112430248980608e+00
-1.939303989615902557e+00
-2.374904983498856037e+00
-2.869117639381793872e+00
-3.422256691818352348e+00
-4.032099005240917577e+00
-4.693197171906173359e+00
-5.396209019199678991e+00
-6.127313354811267487e+00
-6.867798754001158912e+00
-7.593922706620731766e+00
-8.277139999251112101e+00
-8.884786990759838687e+00
-9.381280623457456613e+00
-9.729845955665156865e+00
-9.894726035553922827e+00
-9.843758331422170826e+00
-9.551131061516326071e+00
-9.000072207600904761e+00
-8.185185487359529333e+00
-7.114142206433225368e+00
-5.808472433249162847e+00
-4.303274324815829388e+00
-2.645770276354869388e+00
-8.927695612245585277e-01
8.927695612717211349e-01
2.645770276714955127e+00
4.303274325071747342e+00
5.808472433373785826e+00
7.114142205864338209e+00
8.185185488214454352e+00
9.000072208827763376e+00
9.551131061595588889e+00
9.843758332050356330e+00
9.894726037974656663e+00
9.729845957611862772e+00
9.381280623033585897e+00
8.884786989078655495e+00
8.277140000202846792e+00
7.593922709238142055e+00
6.867798753747924145e+00
6.127313357355620660e+00
5.396209017262883378e+00
4.693197171652468747e+00
4.032099006926069151e+00
3.422256691581831323e+00
2.869117640325610452e+00
2.374904978561779956e+00
1.939303990164354508e+00
1.560112430761467772e+00
1.233820765497800842e+00
9.561038288389761552e-01
7.222178694796094200e-01
5.273059741138500511e-01
3.666207075126720061e-01
2.356759203588054130e-01
1.303408091384012646e-01
4.688900739829374165e-02
-1.798577911859097073e-02
-6.717767077899652883e-02
-1.031921425166645867e-01
-1.281787713338941870e-01
-1.439686863651545856e-01
-1.521132858822230594e-01
-1.539220430272009998e-01
-1.504979866422191115e-01
-1.427700611405215148e-01
-1.315220865590618626e-01
-1.174182780588066410e-01
-1.010255376463826960e-01
-8.283281095431030416e-02
-6.326793173556279071e-02
-4.271235238077783491e-02
-2.151418268892212049e-02
-7.282852851938251540e-17
1.018185909232194452e-17
2.242780807915530777e-02
4.447731381327185013e-02
6.575791371229812443e-02
8.585397495179827865e-02
1.043112475207353951e-01
1.206219685609373760e-01
1.342082668421708258e-01
1.444034123009579895e-01
1.504305374792071492e-01
1.513785291226293905e-01
1.461748244134052355e-01
1.335551104842239156e-01
1.120300564856279574e-01
7.984974848475535902e-02
3.496680901396631569e-02
-2.499993188134660288e-02
-1.027985807800824158e-01
-2.015703075159203106e-01
-3.248632967578232722e-01
-4.766278063291314870e-01
-6.611840122588632518e-01
-8.831525989875845806e-01
-1.147336851628595333e+00
-1.458544121447223452e+00
-1.821334919847024780e+00
-2.239689681122147391e+00
-2.716587061963200433e+00
-3.253494345080232719e+00
-3.849779793504355840e+00
-4.502069530271847420e+00
-5.203586545226497329e+00
-5.943526267852875300e+00
-6.706539617396086506e+00
-7.472408125942904711e+00
-8.216003206863616626e+00
-8.907619976638715187e+00
-9.513760822335626699e+00
-9.998414864452056960e+00
-1.032483418738737413e+01
-1.045775051670117151e+01
-1.036591101973062479e+01
-1.002474767526041255e+01
-9.418941730455411943e+00
-8.544613285764091515e+00
-7.410866020376364105e+00
-6.040453164821228960e+00
-4.469404073109442876e+00
-2.745554077351854527e+00
-9.260415336972747102e-01
9.260415337092702259e-01
2.745554077435671481e+00
4.469404073860974158e+00
6.040453164144469866e+00
7.410866020823920763e+00
8.544613285831879068e+00
9.418941728629365073e+00
1.002474767536421574e+01
1.036591101751122146e+01
1.045775052081283718e+01
1.032483418707549738e+01
9.998414865291763931e+00
9.513760822998658995e+00
8.907619974390218687e+00
8.216003213209246425e+00
7.472408124168236299e+00
6.706539620444107896e+00
5.943526264876990872e+00
5.203586545538358088e+00
4.502069531169849093e+00
3.849779794980864089e+00
3.253494345208216121e+00
2.716587061268406877e+00
2.239689680000420235e+00
1.821334922750866836e+00
1.458544119189872479e+00
1.147336855264901700e+00
8.831526013628272498e-01
6.611840122436253298e-01
4.766278061046833603e-01
3.248632986608963602e-01
2.015703075079731954e-01
1.027985821110476011e-01
2.499993159027877679e-02
-3.496680825970033962e-02
-7.984974501900785060e-02
-1.120300549130150286e-01
-1.335551071203249229e-01
-1.461748266324641443e-01
-1.513785286495712701e-01
-1.504305359318146851e-01
-1.444034109253784781e-01
-1.342082685117084728e-01
-1.206219692412477396e-01
-1.043112475668121764e-01
-8.585397581082075680e-02
-6.575791367810433774e-02
-4.447731342764059403e-02
-2.242780833444923960e-02
-7.661307015767722527e-17
1.092422027394497350e-17
2.302610953583499390e-02
4.559524887650519276e-02
6.723617502321055373e-02
8.744866124731726087e-02
1.056879072596944719e-01
1.213476414253121943e-01
1.337415003812650882e-01
1.420823081721440950e-01
1.454589128619928340e-01
1.428103678355556183e-01
1.328973386330269957e-01
1.142708705639904065e-01
8.523896001596338590e-02
4.383176507540924999e-02
-1.223308552211156176e-02
-8.558288912931587278e-02
-1.792168408040887839e-01
-2.965233159573902877e-01
-4.412818044313471799e-01
-6.176424952053815032e-01
-8.300749496723707210e-01
-1.083275998252414052e+00
-1.382026069306775629e+00
-1.730982965225268400e+00
-2.134402941006035004e+00
-2.595781578812288881e+00
-3.117411505165587737e+00
-3.699861044390711839e+00
-4.341387762927968019e+00
-5.037313253210649933e+00
-5.779399752212297514e+00
-6.555284712640038869e+00
-7.348043454131732766e+00
-8.135960985013571900e+00
-8.892598348470873049e+00
-9.587233780071086287e+00
-1.018574189116970352e+01
-1.065194330887495688e+01
-1.094941356574215519e+01
-1.104368557831856990e+01
-1.090472070565503060e+01
-1.050946634830479276e+01
-9.844272780277783852e+00
-8.906917598845728534e+00
-7.707990654673785080e+00
-6.271429777998899446e+00
-4.634067552427749703e+00
-2.844145432601984158e+00
-9.588625722956152231e-01
9.588625722816203067e-01
2.844145432531507200e+00
4.634067552204806262e+00
6.271429777841439623e+00
7.707990653847505591e+00
8.906917599267597296e+00
9.844272780325862726e+00
1.050946634796112278e+01
1.090472070563100537e+01
1.104368557925949013e+01
1.094941356633089136e+01
1.065194330852729543e+01
1.018574189152418974e+01
9.587233780411715145e+00
8.892598346558823863e+00
8.135960985516394572e+00
7.348043453971789596e+00
6.555284712230900368e+00
5.779399753326277533e+00
5.037313253183425488e+00
4.341387762883536894e+00
3.699861042196540328e+00
3.117411505076245870e+00
2.595781578802746292e+00
2.134402939423678980e+00
1.730982965652212657e+00
1.382026068408215957e+00
1.083275996440707711e+00
8.300749497687005540e-01
6.176424957962469708e-01
4.412818040296454525e-01
2.965233154939921900e-01
1.792168402313872033e-01
8.558288782021371277e-02
1.223308881142367438e-02
-4.383176433062488386e-02
-8.523896054648705256e-02
-1.142708703035065498e-01
-1.328973382771193867e-01
-1.428103691129449238e-01
-1.454589133398708489e-01
-1.420823080892921197e-01
-1.337415006141092488e-01
-1.213476416077850090e-01
-1.056879073359353882e-01
-8.744866134343634578e-02
-6.723617485549991668e-02
-4.559524883738015621e-02
-2.302610972076235551e-02
-7.823001380554681591e-17
1.333945125605567233e-17
2.306783543826110630e-02
4.557910917109972426e-02
6.696079325085987910e-02
8.660649232139533416e-02
1.038586768655593157e-01
1.179896415438306395e-01
1.281808113087526402e-01
1.335000611042471697e-01
1.328768264484821437e-01
1.250748539807981508e-01
1.086627143089357039e-01
8.198234211251616277e-02
4.311640553605314979e-02
-1.014441261651059974e-02
-8.033233199693132209e-02
-1.703290035332340746e-01
-2.833840594244289579e-01
-4.231209880211277974e-01
-5.935243774981654452e-01
-7.989012583559796932e-01
-1.043808107662304696e+00
-1.332933970139098756e+00
-1.670929849757925911e+00
-2.062174777353409372e+00
-2.510470593766316316e+00
-3.018660683405008260e+00
-3.588173105165019638e+00
-4.218496066978058678e+00
-4.906603412555838872e+00
-5.646360113053404461e+00
-6.427950241035704337e+00
-7.237384324874797770e+00
-8.056153952175776567e+00
-8.861109589158147060e+00
-9.624638684668303412e+00
-1.031521314198794315e+01
-1.089835623441070034e+01
-1.133804803945449535e+01
-1.159854641178185553e+01
-1.164655029338094394e+01
-1.145357852558465694e+01
-1.099838899967532235e+01
-1.026922346452907320e+01
-9.265648365233831285e+00
-7.999768503918769369e+00
-6.496629368537442772e+00
-4.793689379104397297e+00
-2.939331500071001191e+00
-9.904836811758394033e-01
9.904836812349328001e-01
2.939331500130723196e+00
4.793689379320168698e+00
6.496629368467845111e+00
7.999768503996945057e+00
9.265648365245745310e+00
1.026922346406010611e+01
1.099838899894644761e+01
1.145357852605966720e+01
1.164655029141655973e+01
1.159854641511106443e+01
1.133804803982782694e+01
1.089835623401756592e+01
1.031521314207459916e+01
9.624638684148319356e+00
8.861109589398200370e+00
8.056153951819721826e+00
7.237384324179265249e+00
6.427950240539182403e+00
5.646360113887786802e+00
4.906603412202273695e+00
4.218496067077171396e+00
3.588173105519246509e+00
3.018660683408852741e+00
2.510470593805069761e+00
2.062174776761503736e+00
1.670929849669096523e+00
1.332933970105912191e+00
1.043808108383455613e+00
7.989012593832198750e-01
5.935243774858141030e-01
4.231209915888207163e-01
2.833840602683206922e-01
1.703290039016834845e-01
8.033233108324773497e-02
1.014441250793529301e-02
-4.311640497359370966e-02
-8.198234108423418931e-02
-1.086627111065012474e-01
-1.250748534262225986e-01
-1.328768263782206527e-01
-1.335000610836175050e-01
-1.281808124681490246e-01
-1.179896417009339976e-01
-1.038586771268540793e-01
-8.660649244521344270e-02
-6.696079326238693619e-02
-4.557910910312606978e-02
-2.306783546132301285e-02
-7.603958466905602516e-17
1.853243871601989128e-17
2.218003950128243085e-02
4.367745273626616465e-02
6.379078233435248046e-02
8.178050786362435487e-02
9.684898737166192095e-02
1.081192395059802913e-01
1.146122323443464347e-01
1.152224366704012737e-01
1.086915171082214610e-01
9.358022954206834942e-02
6.823876543201351508e-02
3.077616458299621896e-02
-2.097024847911548029e-02
-8.946378573793764555e-02
-1.774935438136758803e-01
-2.881927284861736660e-01
-4.250461615044682784e-01
-5.918819904637478979e-01
-7.928414030360049214e-01
-1.032319168512157326e+00
-1.314866768912084760e+00
-1.645049493533290219e+00
-2.027248791188104970e+00
-2.465402231062383986e+00
-2.962675600338278148e+00
-3.521065504293158455e+00
-4.140936497898461077e+00
-4.820504376682814396e+00
-5.555286950716620709e+00
-6.337554622532161730e+00
-7.155824990373169214e+00
-7.994456911152500567e+00
-8.833408466931576442e+00
-9.648228001697141565e+00
-1.041034538820534117e+01
-1.108772043297948251e+01
-1.164588486711722304e+01
-1.204938394115794686e+01
-1.226358417507126930e+01
-1.225676828297216403e+01
-1.200239185972184330e+01
-1.148133471269800410e+01
-1.068395011341923606e+01
-9.611704041595757531e+00
-8.278208294223500019e+00
-6.709488871890845196e+00
-4.943391913172957786e+00
-3.028108834476951561e+00
-1.019890807726802961e+00
1.019890807450767989e+00
3.028108834506059832e+00
4.943391912684570677e+00
6.709488871948588340e+00
8.278208295192580835e+00
9.611704041333346993e+00
1.068395011260598437e+01
1.148133470957481883e+01
1.200239186063107155e+01
1.225676828333824275e+01
1.226358417486961727e+01
1.204938394049011485e+01
1.164588486507079956e+01
1.108772043323111411e+01
1.041034538901097051e+01
9.648228002165344819e+00
8.833408468483700204e+00
7.994456909043885062e+00
7.155824990361886684e+00
6.337554620634366032e+00
5.555286950434576987e+00
4.820504376215478892e+00
4.140936501497898270e+00
3.521065503381820339e+00
2.962675598998566251e+00
2.465402231195258143e+00
2.027248792226280294e+00
1.645049493117303863e+00
1.314866768556555376e+00
1.032319169624166033e+00
7.928414034860794546e-01
5.918819884945641929e-01
4.250461680276729770e-01
2.881927282736283513e-01
1.774935458544677214e-01
8.946378451514765129e-02
2.097024780693413845e-02
-3.077616503109903423e-02
-6.823876733095485259e-02
-9.358023037873978989e-02
-1.086915170393255720e-01
-1.152224362377621408e-01
-1.146122333749652888e-01
-1.081192401439168144e-01
-9.684898812234209176e-02
-8.178050881223397628e-02
-6.379078386040219761e-02
-4.367745260317903999e-02
-2.218003948306601983e-02
-6.750120407558556797e-17
2.820037288368746297e-17
1.979180791457424773e-02
3.874199111280608732e-02
5.598768210473455131e-02
7.062317019303107624e-02
8.167761335727280469e-02
8.809176644262073363e-02
8.869350289381178198e-02
8.217202586621727423e-02
6.705078390922866727e-02
4.165935410696582075e-02
4.104781397136990015e-03
-4.775672728519097382e-02
-1.163464516875265531e-01
-2.043862135416552595e-01
-3.149153192386087152e-01
-4.512979935083779037e-01
-6.172169757307195415e-01
-8.166482816297324643e-01
-1.053810694402746329e+00
-1.333083427291811729e+00
-1.658884117891805898e+00
-2.035499839944915124e+00
-2.466864113283195437e+00
-2.956274516225357196e+00
-3.506048227491228797e+00
-4.117117328770430795e+00
-4.788571336405570200e+00
-5.517162067915553081e+00
-6.296795095364283945e+00
-7.118041656607602796e+00
-7.967715238280563383e+00
-8.828565633143885094e+00
-9.679149523564781532e+00
-1.049393842196963611e+01
-1.124371982311633822e+01
-1.189633564172468638e+01
-1.241778071662021610e+01
-1.277365532266752624e+01
-1.293092928306959344e+01
-1.285993580110106826e+01
-1.253647324622707693e+01
-1.194385988177339541e+01
-1.107476392608295690e+01
-9.932626054928503478e+00
-8.532505686531195011e+00
-6.901218407589366777e+00
-5.076687241703718989e+00
-3.106500306953066559e+00
-1.045744121885090028e+00
1.045744122265312992e+00
3.106500306972113989e+00
5.076687243401360128e+00
6.901218407609174932e+00
8.532505689041984809e+00
9.932626055448313451e+00
1.107476392478011284e+01
1.194385988083657679e+01
1.253647324568946608e+01
1.285993579885562887e+01
1.293092928404728426e+01
1.277365532845402640e+01
1.241778071804202277e+01
1.189633563735045030e+01
1.124371982893291744e+01
1.049393842237053320e+01
9.679149524110441050e+00
8.828565633093397480e+00
7.967715237449696453e+00
7.118041655830390724e+00
6.296795101788751126e+00
5.517162068768410421e+00
4.788571334335353313e+00
4.117117328678715715e+00
3.506048228293827673e+00
2.956274517897295340e+00
2.466864113882054177e+00
2.035499830902462559e+00
1.658884111668668337e+00
1.333083426781979774e+00
1.053810699184329680e+00
8.166482784571172937e-01
6.172169766095210175e-01
4.512979892243874636e-01
3.149153193135045825e-01
2.043862093598733387e-01
1.163464494793522985e-01
4.775672633507109521e-02
-4.104776915609701857e-03
-4.165935370624391371e-02
-6.705078449068047064e-02
-8.217202537058557188e-02
-8.869350191723217314e-02
-8.809176545793813429e-02
-8.167761371009819860e-02
-7.062317028552107800e-02
-5.598768181763336821e-02
-3.874199108779274175e-02
-1.979180784024867079e-02
-4.871858523926658020e-17
4.492289087678095250e-17
1.503778226194464607e-02
2.903511867673741476e-02
4.092807580871039158e-02
4.960548799757467930e-02
5.388470921315464263e-02
5.248670511246410209e-02
4.401038991017364177e-02
2.690626205245970695e-02
-5.504571109915606334e-04
-4.028663327823682472e-02
-9.445729870748152679e-02
-1.654697452742472930e-01
-2.560040266384867591e-01
-3.690275927578781090e-01
-5.078013226610654796e-01
-6.758731001854133558e-01
-8.770547910252284307e-01
-1.115377391139066532e+00
-1.395018441217481087e+00
-1.720195609868214959e+00
-2.095019880116098854e+00
-2.523302480137518788e+00
-3.008310602036201153e+00
-3.552469257656097668e+00
-4.157009609336485667e+00
-4.821568967232821912e+00
-5.543753065074335851e+00
-6.318678836082312067e+00
-7.138523576721977015e+00
-7.992114957160585398e+00
-8.864604215598735237e+00
-9.737271083443989284e+00
-1.058751249982167231e+01
-1.138906570444779298e+01
-1.211250994758461985e+01
-1.272607723921449008e+01
-1.319678223712586806e+01
-1.349185433066170603e+01
-1.358042339743228588e+01
-1.343537666612861692e+01
-1.303527232295778937e+01
-1.236616936546687029e+01
-1.142321800260000408e+01
-1.021185393867262015e+01
-8.748456013024398459e+00
-7.060360103966506706e+00
-5.185171175957516532e+00
-3.169375369881934024e+00
-1.066318773581586665e+00
1.066318773399826947e+00
3.169375370022274208e+00
5.185171175267715427e+00
7.060360104658031766e+00
8.748456012876445698e+00
1.021185393839469668e+01
1.142321800082860150e+01
1.236616936870153971e+01
1.303527232274112002e+01
1.343537666653924667e+01
1.358042339783989227e+01
1.349185433211508567e+01
1.319678223365822589e+01
1.272607724094183190e+01
1.211250994736156983e+01
1.138906570406201268e+01
1.058751249971161634e+01
9.737271081027829567e+00
8.864604209613526464e+00
7.992114961036199006e+00
7.138523578136636516e+00
6.318678834419416468e+00
5.543753067168376347e+00
4.821568966963648784e+00
4.157009609720100585e+00
3.552469255904181278e+00
3.008310602337595174e+00
2.523302480201977005e+00
2.095019881686812191e+00
1.720195607704557705e+00
1.395018441553301347e+00
1.115377390564879390e+00
8.770547896557023826e-01
6.758730959514042125e-01
5.078013217906477417e-01
3.690275940453754400e-01
2.560040215150549692e-01
1.654697449301271994e-01
9.445729838902493236e-02
4.028663200704069025e-02
5.504565142862272685e-04
-2.690626232583215316e-02
-4.401039260413350945e-02
-5.248670607144563516e-02
-5.388470906933519322e-02
-4.960548743479464145e-02
-4.092807750802165967e-02
-2.903511863589582076e-02
-1.503778248522733701e-02
-1.377696955474606881e-17
7.257359292178763894e-17
6.621490220448522993e-03
1.195782719778547450e-02
1.469867312540377481e-02
1.348320423964110421e-02
6.874604958739989613e-03
-6.665642779162272297e-03
-2.880359251546560362e-02
-6.135851298550590999e-02
-1.063279755432000456e-01
-1.659116059159751189e-01
-2.425324074137709951e-01
-3.388542896803400928e-01
-4.577937602827756303e-01
-6.025233770995166438e-01
-7.764638822899709858e-01
-9.832614033284783339e-01
-1.226745333293098872e+00
-1.510862201946713279e+00
-1.839580402566026951e+00
-2.216760454416778270e+00
-2.645985950014882793e+00
-3.130351169723800897e+00
-3.672202922007883785e+00
-4.272836673605206137e+00
-4.932150485942277562e+00
-5.648264833237861993e+00
-6.417121896145831172e+00
-7.232084124198892461e+00
-8.083558763691813809e+00
-8.958681703778960781e+00
-9.841099112284776851e+00
-1.071088986468844517e+01
-1.154467159156229883e+01
-1.231593051712982856e+01
-1.299560630376164561e+01
-1.355294990359907992e+01
-1.395665262465598033e+01
-1.417622127456859005e+01
-1.418354700135799007e+01
-1.395458853161805024e+01
-1.347106528140329651e+01
-1.272203759787048583e+01
-1.170524175043687087e+01
-1.042805037776617993e+01
-8.907945531819922991e+00
-7.172421718035009164e+00
-5.258278216890110102e+00
-3.210309996109943054e+00
-1.079459389966450855e+00
1.079459389966166860e+00
3.210309996052881587e+00
5.258278217195803350e+00
7.172421717796599872e+00
8.907945532017958357e+00
1.042805037759450748e+01
1.170524175064799977e+01
1.272203759827286795e+01
1.347106528110715473e+01
1.395458853146208789e+01
1.418354700020021042e+01
1.417622127224826833e+01
1.395665262792057071e+01
1.355294990406680000e+01
1.299560630490911706e+01
1.231593051616371604e+01
1.154467158952237504e+01
1.071088986405276167e+01
9.841099111366714780e+00
8.958681702319836404e+00
8.083558762617268911e+00
7.232084118403959039e+00
6.417121896163552108e+00
5.648264832984345674e+00
4.932150487291989904e+00
4.272836673510357564e+00
3.672202924458462636e+00
3.130351170039405329e+00
2.645985947639633018e+00
2.216760461895405765e+00
1.839580409099528469e+00
1.510862202432656121e+00
1.226745332623223383e+00
9.832614140075867093e-01
7.764638831887581416e-01
6.025233775196826569e-01
4.577937645642186082e-01
3.388542894882659584e-01
2.425324068951602852e-01
1.659116018108808543e-01
1.063279750972205145e-01
6.135851395218482052e-02
2.880359284372659492e-02
6.665645491629745151e-03
-6.874604166259562846e-03
-1.348320436663755402e-02
-1.469867336884548084e-02
-1.195782735069925509e-02
-6.621490239694898319e-03
4.619663120703062338e-17
1.168794933356401160e-16
-7.370223269440252627e-03
-1.631873882698749861e-02
-2.844959488937792713e-02
-4.541825873402777214e-02
-6.895711430203980974e-02
-1.009005178982908951e-01
-1.432091602695756694e-01
-1.979932152176269444e-01
-2.675335254610727853e-01
-3.542999311229719228e-01
-4.609652917442535469e-01
-5.904136679478124705e-01
-7.457404079239606798e-01
-9.302416502286295907e-01
-1.147390179904502538e+00
-1.400794155188131329e+00
-1.694134851780156881e+00
-2.031079331664115806e+00
-2.415163971850734725e+00
-2.849645021217046104e+00
-3.337313142217793516e+00
-3.880270155550450184e+00
-4.479668148979145670e+00
-5.135413753713245377e+00
-5.845843864643455845e+00
-6.607383317072025974e+00
-7.414199769494915770e+00
-8.257876380903372393e+00
-9.127127853048849104e+00
-1.000759016362556153e+01
-1.088171759864164656e+01
-1.172882194884159368e+01
-1.252528733885575640e+01
-1.324498899360558291e+01
-1.385993538454854068e+01
-1.434113974357498122e+01
-1.465971007535099879e+01
-1.478812660893223452e+01
-1.470165432190631982e+01
-1.437981713279675056e+01
-1.380784269878695625e+01
-1.297797437208410187e+01
-1.189054269554987719e+01
-1.055469418319014530e+01
-8.988691080056344873e+00
-7.219721996434959266e+00
-5.283197860929903733e+00
-3.221547472641459464e+00
-1.082568878922903988e+00
1.082568878943888757e+00
3.221547472825016634e+00
5.283197861411253804e+00
7.219721997323123475e+00
8.988691079046997601e+00
1.055469418277943916e+01
1.189054269602475777e+01
1.297797437248826746e+01
1.380784269856462387e+01
1.437981713257026506e+01
1.470165431956266211e+01
1.478812660905985688e+01
1.465971008197939440e+01
1.434113974594134078e+01
1.385993538174273354e+01
1.324498900268028478e+01
1.252528733666692595e+01
1.172882194884605944e+01
1.088171759708942865e+01
1.000759016289087633e+01
9.127127852973069722e+00
8.257876382071325239e+00
7.414199769376978111e+00
6.607383312890730664e+00
5.845843863128834528e+00
5.135413759779341447e+00
4.479668149627499929e+00
3.880270155890836126e+00
3.337313141874287847e+00
2.849645021739143580e+00
2.415163974263763613e+00
2.031079330480607847e+00
1.694134851892811655e+00
1.400794156791513867e+00
1.147390188567412928e+00
9.302416499536989569e-01
7.457404114966421638e-01
5.904136694744702707e-01
4.609652893813215857e-01
3.542999286270801518e-01
2.675335243815799013e-01
1.979932125184221681e-01
1.432091604270696039e-01
1.009005172813371154e-01
6.895711486554025049e-02
4.541825929170409393e-02
2.844959278669210306e-02
1.631873867115502322e-02
7.370223228321630231e-03
1.443107453873225063e-16
1.861295547419037534e-16
-2.970185037847527035e-02
-6.131743868288503513e-02
-9.678487671218970190e-02
-1.380906864952752000e-01
-1.872931646102545533e-01
-2.465445841069846822e-01
-3.181117256783757008e-01
-4.043939109601260573e-01
-5.079376463847534717e-01
-6.314467123565306039e-01
-7.777860609106459489e-01
-9.499779112132292758e-01
-1.151187743875849101e+00
-1.384697827999751940e+00
-1.653865464262804563e+00
-1.962063012555449015e+00
-2.312596498164884551e+00
-2.708600004360261604e+00
-3.152902865269898047e+00
-3.647867830173288972e+00
-4.195199113733282026e+00
-4.795720843461849903e+00
-5.449128601004861849e+00
-6.153718998716279032e+00
-6.906105954622090870e+00
-7.700935309096961667e+00
-8.530613628973743090e+00
-9.385070661321618601e+00
-1.025157852422531590e+01
-1.111465322686278512e+01
-1.195606527061391766e+01
-1.275498561940711717e+01
-1.348829024477487870e+01
-1.413104024139095749e+01
-1.465714621386200278e+01
-1.504021331189450095e+01
-1.525454955868194418e+01
-1.527630402416894917e+01
-1.508468570895957228e+01
-1.466319904498319282e+01
-1.400082037657467460e+01
-1.309303281339735747e+01
-1.194263640720461694e+01
-1.056025724678160849e+01
-8.964493598745431058e+00
-7.181658205728481903e+00
-5.245104463630229752e+00
-3.194152147427954613e+00
-1.072662343536889384e+00
1.072662343472219337e+00
3.194152147355107552e+00
5.245104464847906378e+00
7.181658207418085027e+00
8.964493596080341575e+00
1.056025724739609828e+01
1.194263641357995986e+01
1.309303280931704627e+01
1.400082038082519986e+01
1.466319904501654925e+01
1.508468570791852592e+01
1.527630402654887654e+01
1.525454956651642391e+01
1.504021332046834480e+01
1.465714621427536990e+01
1.413104025247183948e+01
1.348829024243179298e+01
1.275498562144045245e+01
1.195606526094586108e+01
1.111465322665262789e+01
1.025157852405978787e+01
9.385070660989731195e+00
8.530613629723637459e+00
7.700935308105904653e+00
6.906105945244028987e+00
6.153718998732800927e+00
5.449128595682682707e+00
4.795720845089276985e+00
4.195199114427096809e+00
3.647867828246275756e+00
3.152902872901396591e+00
2.708600005183497750e+00
2.312596498083095753e+00
1.962063014124523219e+00
1.653865462993250990e+00
1.384697827928106140e+00
1.151187744377344169e+00
9.499779105626059428e-01
7.777860654330566170e-01
6.314467190683206166e-01
5.079376478263453176e-01
4.043939064687891438e-01
3.181117258707396034e-01
2.465445848622640490e-01
1.872931640988545754e-01
1.380906857143692767e-01
9.678487664196329388e-02
6.131743915113077592e-02
2.970184958763722252e-02
2.995268702469952873e-16
2.919617782175103992e-16
-6.424929804887954954e-02
-1.307662621448689722e-01
-2.018385663079927395e-01
-2.797933102010387030e-01
-3.670152126785880542e-01
-4.659629033126583830e-01
-5.791824667800745674e-01
-7.093173053577345177e-01
-8.591132336148021853e-01
-1.031417389370557602e+00
-1.229169588420303327e+00
-1.455384219931683987e+00
-1.713120833646178287e+00
-2.005441413445696597e+00
-2.335351920535144732e+00
-2.705726196702185948e+00
-3.119210073528721150e+00
-3.578103997059243202e+00
-4.084223183223152809e+00
-4.638735091305636438e+00
-5.241975139381393589e+00
-5.893243349291463318e+00
-6.590586339403182059e+00
-7.330571503919953713e+00
-8.108062568138977966e+00
-8.916008663535690104e+00
-9.745261366656544411e+00
-1.058443663273137858e+01
-1.141984049695390624e+01
-1.223547801179332417e+01
-1.301316457513954816e+01
-1.373275692115422331e+01
-1.437251693917921358e+01
-1.490961596315670157e+01
-1.532077901045669677e+01
-1.558305910346008893e+01
-1.567472091336009754e+01
-1.557620168823746276e+01
-1.527110650690185523e+01
-1.474718563996129284e+01
-1.399723513559044186e+01
-1.301985899654440360e+01
-1.182003301574587617e+01
-1.040941733960229953e+01
-8.806376890654489031e+00
-7.035685177183077954e+00
-5.127907366227123731e+00
-3.118480070091082634e+00
-1.046527411855701528e+00
1.046527411840316724e+00
3.118480069688348788e+00
5.127907366996567795e+00
7.035685177242938515e+00
8.806376889338810798e+00
1.040941734055333256e+01
1.182003301315424793e+01
1.301985899719591266e+01
1.399723513816744180e+01
1.474718563958783335e+01
1.527110650490080879e+01
1.557620168633789959e+01
1.567472091140735380e+01
1.558305910387039006e+01
1.532077901350223570e+01
1.490961596368541286e+01
1.437251693917797724e+01
1.373275693109884621e+01
1.301316457864249188e+01
1.223547800935459762e+01
1.141984049301402848e+01
1.058443662880806890e+01
9.745261366009213333e+00
8.916008662275478613e+00
8.108062557440076645e+00
7.330571494032199986e+00
6.590586338154396095e+00
5.893243350465845687e+00
5.241975140720193771e+00
4.638735092479666200e+00
4.084223182877242841e+00
3.578103995872247811e+00
3.119210076000000331e+00
2.705726197836868518e+00
2.335351912956484810e+00
2.005441410478102426e+00
1.713120834201302234e+00
1.455384215430495676e+00
1.229169589590989320e+00
1.031417389210065760e+00
8.591132296129606605e-01
7.093173050099599308e-01
5.791824644945094969e-01
4.659629027511690835e-01
3.670152114667789567e-01
2.797933078802520290e-01
2.018385674106661087e-01
1.307662623015330983e-01
6.424929791598110729e-02
5.384560645845607967e-16
4.499996303022064824e-16
-1.162090125381268352e-01
-2.350021133589565991e-01
-3.589750674549249121e-01
-4.907461731101411262e-01
-6.329654518275309449e-01
-7.883212782473911773e-01
-9.595434814197091322e-01
-1.149401840590216661e+00
-1.360698875498980609e+00
-1.596255560710102106e+00
-1.858888722948441874e+00
-2.151378606298510299e+00
-2.476425148778777618e+00
-2.836591554024126882e+00
-3.234233830456390013e+00
-3.671415070462221042e+00
-4.149803948349820359e+00
-4.670557013268894941e+00
-5.234185344709798571e+00
-5.840407067725680079e+00
-6.487988266696344652e+00
-7.174576284696464690e+00
-7.896530914666432643e+00
-8.648760652215003120e+00
-9.424572972114267699e+00
-1.021554909759723628e+01
-1.101145517816894071e+01
-1.180020302164815682e+01
-1.256787342637728067e+01
-1.329881506127253310e+01
-1.397583070629449153e+01
-1.458045904417198457e+01
-1.509335764105926891e+01
-1.549478687546213429e+01
-1.576518858479549934e+01
-1.588584649686028527e+01
-1.583960793271555190e+01
-1.561163912174288981e+01
-1.519018005885833666e+01
-1.456725970443798523e+01
-1.373932963524404016e+01
-1.270777387890929155e+01
-1.147925566790521934e+01
-1.006586785661512451e+01
-8.485062923082844932e+00
-6.759350501750557960e+00
-4.915763709933537839e+00
-2.985110274620971005e+00
-1.001038598452026251e+00
1.001038598687372438e+00
2.985110274271834729e+00
4.915763707346751943e+00
6.759350501854151538e+00
8.485062923459397055e+00
1.006586785532437567e+01
1.147925566757731453e+01
1.270777387963216043e+01
1.373932963754376324e+01
1.456725969978928248e+01
1.519018006120147035e+01
1.561163912270896681e+01
1.583960792535296846e+01
1.588584649240813640e+01
1.576518859642454373e+01
1.549478687900604257e+01
1.509335764323512841e+01
1.458045905494094896e+01
1.397583070571898212e+01
1.329881506101915534e+01
1.256787341669690505e+01
1.180020303301974138e+01
1.101145517987766986e+01
1.021554908978018084e+01
9.424572984779093332e+00
8.648760647391902978e+00
7.896530921579457463e+00
7.174576283395753151e+00
6.487988263624646201e+00
5.840407064963600625e+00
5.234185344029661735e+00
4.670557012900427907e+00
4.149803947682624283e+00
3.671415061682095082e+00
3.234233830933182841e+00
2.836591554665339743e+00
2.476425147639541802e+00
2.151378607216559491e+00
1.858888723590919057e+00
1.596255559968310367e+00
1.360698875132674956e+00
1.149401841239154232e+00
9.595434773628999103e-01
7.883212810543492877e-01
6.329654538371221051e-01
4.907461727040447474e-01
3.589750681622658202e-01
2.350021152813033254e-01
1.162090125367753191e-01
8.968117461411635761e-16
6.798104734070146281e-16
-1.920809927312355225e-01
-3.869163484432174838e-01
-5.872594552191979789e-01
-7.958608335619163920e-01
-1.015464384644773954e+00
-1.248800890169108335e+00
-1.498577700374318589e+00
-1.767463726420903880e+00
-2.058068693135477023e+00
-2.372915643232485827e+00
-2.714405766268245035e+00
-3.084774603495775480e+00
-3.486038855924495916e+00
-3.919933231002220353e+00
-4.387836828227270836e+00
-4.890689201678654285e+00
-5.428896484742751660e+00
-6.002228504563231759e+00
-6.609708738087714863e+00
-7.249499394775299699e+00
-7.918785150730017541e+00
-8.613659785616764708e+00
-9.329021069336549843e+00
-1.005848015225802250e+01
-1.079429263584338194e+01
-1.152731912499922906e+01
-1.224702339508083959e+01
-1.294151642100799648e+01
-1.359765383719922838e+01
-1.420119348441679463e+01
-1.473701778530499418e+01
-1.518942318785943257e+01
-1.554247618492558303e+01
-1.578043126956906939e+01
-1.588820234382186669e+01
-1.585187477339096240e+01
-1.565924094915493825e+01
-1.530033825790854074e+01
-1.476796566003370081e+01
-1.405815254123845826e+01
-1.317055331440956856e+01
-1.210874231636117671e+01
-1.088038612073308720e+01
-9.497275383627297174e+00
-7.975204455071795984e+00
-6.333694338712652083e+00
-4.595563352507192612e+00
-2.786358037341302385e+00
-9.336653988528361703e-01
9.336653992048398187e-01
2.786358037219172079e+00
4.595563351429341026e+00
6.333694343458910581e+00
7.975204454820172373e+00
9.497275385058038921e+00
1.088038611597634997e+01
1.210874231602353746e+01
1.317055331519910943e+01
1.405815253752388294e+01
1.476796567190772613e+01
1.530033825265153880e+01
1.565924094019228896e+01
1.585187477173644055e+01
1.588820233321204256e+01
1.578043126650548977e+01
1.554247618882768656e+01
1.518942320118877198e+01
1.473701779219746300e+01
1.420119348336420373e+01
1.359765382631173836e+01
1.294151642468409236e+01
1.224702339583181399e+01
1.152731913659642160e+01
1.079429263604704836e+01
1.005848015426653852e+01
9.329021068440283670e+00
8.613659785479468312e+00
7.918785152243187575e+00
7.249499395905417032e+00
6.609708735362366916e+00
6.002228515516352836e+00
5.428896484005920620e+00
4.890689201856121215e+00
4.387836827805775108e+00
3.919933235103600477e+00
3.486038854633218609e+00
3.084774595047685697e+00
2.714405770442288812e+00
2.372915642985931495e+00
2.058068694638545804e+00
1.767463726585714712e+00
1.498577701203722246e+00
1.248800895309184922e+00
1.015464385530278291e+00
7.958608311259949275e-01
5.872594566854167919e-01
3.869163487783622846e-01
1.920809927233628478e-01
1.419315840068490202e-15
1.003194721646107152e-15
-2.990971454850949174e-01
-6.007875584775512756e-01
-9.076480803192356062e-01
-1.222221885984703382e+00
-1.546999717127147012e+00
-1.884398850658752789e+00
-2.236738990857253029e+00
-2.606214505903951206e+00
-2.994862338372485500e+00
-3.404525092415565446e+00
-3.836808862105780982e+00
-4.293035567172230671e+00
-4.774189707195912291e+00
-5.280859739594099267e+00
-5.813174503507394064e+00
-6.370735535539844285e+00
-6.952546373987783745e+00
-7.556940608052451047e+00
-8.181510673599582617e+00
-8.823039987051068067e+00
-9.477441479974007876e+00
-1.013970618945343638e+01
-1.080386569712441514e+01
-1.146297279369909106e+01
-1.210910475578350542e+01
-1.273339365666471856e+01
-1.332608787642303483e+01
-1.387664843771806744e+01
-1.437388303278837220e+01
-1.480611936006340379e+01
-1.516141805857942693e+01
-1.542782372961435300e+01
-1.559365046766401974e+01
-1.564779629360845448e+01
-1.558007867457267359e+01
-1.538158107566427368e+01
-1.504499876465350106e+01
-1.456497029812930677e+01
-1.393838047248924639e+01
-1.316462005519389322e+01
-1.224578789409309998e+01
-1.118682265194344971e+01
-9.995553524321943328e+00
-8.682661769329673263e+00
-7.261549441153543505e+00
-5.748114844977416205e+00
-4.160439348512746882e+00
-2.518394315053367194e+00
-8.431808775398343947e-01
8.431808767643119706e-01
2.518394313655154981e+00
4.160439349175458545e+00
5.748114842389657753e+00
7.261549441578986297e+00
8.682661772006499135e+00
9.995553525364199388e+00
1.118682265482980398e+01
1.224578788353438341e+01
1.316462005516765998e+01
1.393838047953972215e+01
1.456497029571136359e+01
1.504499877746960124e+01
1.538158107780828665e+01
1.558007866505626637e+01
1.564779629681718731e+01
1.559365048557075006e+01
1.542782373951109243e+01
1.516141805488363836e+01
1.480611935889104203e+01
1.437388303640830500e+01
1.387664843110522739e+01
1.332608787490734947e+01
1.273339365094387254e+01
1.210910475031505662e+01
1.146297279663162350e+01
1.080386570054467477e+01
1.013970619019102948e+01
9.477441477759498412e+00
8.823039985742171964e+00
8.181510673493059826e+00
7.556940604145798268e+00
6.952546369537826010e+00
6.370735534701227998e+00
5.813174510940361195e+00
5.280859739234905703e+00
4.774189715065708661e+00
4.293035566813913739e+00
3.836808864090503590e+00
3.404525092532092678e+00
2.994862341487159796e+00
2.606214507449956308e+00
2.236738994151178606e+00
1.884398851030427480e+00
1.546999716625655052e+00
1.222221882952498007e+00
9.076480795013147640e-01
6.007875585227724358e-01
2.990971456725643463e-01
2.155797385527504703e-15
1.439277113054707974e-15
-4.435894697589030655e-01
-8.890008688906170242e-01
-1.338026735574595172e+00
-1.792400480685577779e+00
-2.253765941599453093e+00
-2.723645934907685362e+00
-3.203409648531917675e+00
-3.694238433216609607e+00
-4.197090227224951953e+00
-4.712662347217975167e+00
-5.241352891983789064e+00
-5.783221044860838767e+00
-6.337946621357571253e+00
-6.904789548585490877e+00
-7.482550090802308596e+00
-8.069530601389617530e+00
-8.663500522838161189e+00
-9.261665260993868998e+00
-9.860641283443161598e+00
-1.045643864466087614e+01
-1.104445303089373986e+01
-1.161946923660232045e+01
-1.217567808393457973e+01
-1.270670815122847763e+01
-1.320567471919912350e+01
-1.366524653211357609e+01
-1.407773215102314168e+01
-1.443518550433298664e+01
-1.472953126454891759e+01
-1.495270842681134305e+01
-1.509683089969107428e+01
-1.515436247633454769e+01
-1.511830224114095955e+01
-1.498237680341194356e+01
-1.474123329675573046e+01
-1.439062845507394250e+01
-1.392760573386243905e+01
-1.335065703166948126e+01
-1.265985768435233716e+01
-1.185697306076350266e+01
-1.094552824588385143e+01
-9.930836978703458939e+00
-8.819986131681368136e+00
-7.621773447156795278e+00
-6.346598545639825062e+00
-5.006307848755329637e+00
-3.613997138758339389e+00
-2.183776500989952574e+00
-7.305039793456831188e-01
7.305039791717004016e-01
2.183776500906827511e+00
3.613997138404379861e+00
5.006307847820838930e+00
6.346598545678558523e+00
7.621773448007998830e+00
8.819986130069544572e+00
9.930836979191209224e+00
1.094552826575243110e+01
1.185697308667970695e+01
1.265985768454157068e+01
1.335065703217666488e+01
1.392760574051361999e+01
1.439062845501845622e+01
1.474123329339584210e+01
1.498237678932800598e+01
1.511830224104945763e+01
1.515436247460272057e+01
1.509683089943272094e+01
1.495270842949040535e+01
1.472953129696052521e+01
1.443518550063458150e+01
1.407773215035523862e+01
1.366524653600800576e+01
1.320567471365258605e+01
1.270670815079910199e+01
1.217567808366461612e+01
1.161946923548765120e+01
1.104445304466275068e+01
1.045643864482983787e+01
9.860641285194132521e+00
9.261665257334048107e+00
8.663500524830528349e+00
8.069530595491166025e+00
7.482550073150953551e+00
6.904789528991106096e+00
6.337946602571028265e+00
5.783221055965599433e+00
5.241352896043911969e+00
4.712662349141226059e+00
4.197090230168925906e+00
3.694238430402919882e+00
3.203409648632664641e+00
2.723645934107902011e+00
2.253765941908086656e+00
1.792400479889641129e+00
1.338026736361865421e+00
8.890008692750812624e-01
4.435894698482747422e-01
3.149997574296046907e-15
1.994667342849164641e-15
-6.277271079691167932e-01
-1.255534742567920414e+00
-1.883475127341245337e+00
-2.511543940964550803e+00
-3.139652587299865072e+00
-3.767600798711988830e+00
-4.395050032893531800e+00
-5.021497800975912362e+00
-5.646253210426112723e+00
-6.268414029211519356e+00
-6.886845545632969134e+00
-7.500162135200887370e+00
-8.106710405028884736e+00
-8.704556880896195281e+00
-9.291478898607754999e+00
-9.864958498747091298e+00
-1.042218316006879419e+01
-1.096005015982682629e+01
-1.147517736996435822e+01
-1.196392019799269590e+01
-1.242239519278651194e+01
-1.284651063786217939e+01
-1.323200434252192537e+01
-1.357448869999388741e+01
-1.386950292003541918e+01
-1.411257215231718298e+01
-1.429927301348470792e+01
-1.442530480410281690e+01
-1.448656547466976541e+01
-1.447923116467064553e+01
-1.439983775197997495e+01
-1.424536393123017852e+01
-1.401331051191930754e+01
-1.370178062831345756e+01
-1.330955019685282004e+01
-1.283613495068292565e+01
-1.228184585079852731e+01
-1.164783397661230246e+01
-1.093612286370663611e+01
-1.014962496225665944e+01
-9.292143556033897411e+00
-8.368357352406185612e+00
-7.383787992626436925e+00
-6.344750493442125716e+00
-5.258286948222242074e+00
-4.132084657063383126e+00
-2.974379968695604060e+00
-1.793849872367069498e+00
-5.994935353498210828e-01
5.994935346996899117e-01
1.793849872147910363e+00
2.974379969280017022e+00
4.132084658273778466e+00
5.258286950049185116e+00
6.344750493961593740e+00
7.383787997410364845e+00
8.368357353188889292e+00
9.292143557743537841e+00
1.014962495831159117e+01
1.093612286576990300e+01
1.164783397620941763e+01
1.228184585081550750e+01
1.283613495070300736e+01
1.330955019681539753e+01
1.370178062832703780e+01
1.401331051572802622e+01
1.424536393120203748e+01
1.439983774779501680e+01
1.447923116463568505e+01
1.448656547474345224e+01
1.442530480404348481e+01
1.429927301349532698e+01
1.411257215234241436e+01
1.386950292002599738e+01
1.357448869999124597e+01
1.323200434249778112e+01
1.284651063791663184e+01
1.242239519278763993e+01
1.196392019802151729e+01
1.147517736994972282e+01
1.096005015979875452e+01
1.042218316007400247e+01
9.864958498754528904e+00
9.291478898624916383e+00
8.704556881933154244e+00
8.106710405051476442e+00
7.500162135249234474e+00
6.886845548671009176e+00
6.268414029280153343e+00
5.646253210426256608e+00
5.021497800988122151e+00
4.395050032918236482e+00
3.767600798718219401e+00
3.139652587284912588e+00
2.511543940966759703e+00
1.883475127347668199e+00
1.255534742811003968e+00
6.277271079072561655e-01
4.417130149131391591e-15
2.648016279675560702e-15
-8.444051657346295370e-01
-1.685818097202037791e+00
-2.521252308428532096e+00
-3.347732879093603398e+00
-4.162302408097493966e+00
-4.962027168725812842e+00
-5.744003524796664983e+00
-6.505364663549437765e+00
-7.243287692530567590e+00
-7.955001140201431120e+00
-8.637792891306808940e+00
-9.289018576419833195e+00
-9.906110424309520823e+00
-1.048658657575830588e+01
-1.102806084031991496e+01
-1.152825286948891303e+01
-1.198499870290015856e+01
-1.239626163167634409e+01
-1.276014331062420304e+01
-1.307489503585206414e+01
-1.333892909624957568e+01
-1.355083008908982123e+01
-1.370936608609615526e+01
-1.381349952407666848e+01
-1.386239768553894258e+01
-1.385544263213768801e+01
-1.379224044571081187e+01
-1.367262963431283929e+01
-1.349668855723752614e+01
-1.326474172746526214e+01
-1.297736485654298555e+01
-1.263538851096100402e+01
-1.223990026439391521e+01
-1.179224523734691665e+01
-1.129402493559445553e+01
-1.074709431170720997e+01
-1.015355699696997149e+01
-9.515758667594653275e+00
-8.836278534602636014e+00
-8.117918966915167900e+00
-7.363693284668136663e+00
-6.576811777953213145e+00
-5.760666036806491697e+00
-4.918811695274548867e+00
-4.054949718644104806e+00
-3.172906381693081368e+00
-2.276612104844755180e+00
-1.370079332266133321e+00
-4.573796496387820265e-01
4.573796496388787824e-01
1.370079332269672268e+00
2.276612104832008487e+00
3.172906381688701316e+00
4.054949718656476243e+00
4.918811695258355599e+00
5.760666036802439827e+00
6.576811777958747385e+00
7.363693284634440062e+00
8.117918966954988491e+00
8.836278534600184642e+00
9.515758667632741918e+00
1.015355699694058877e+01
1.074709431172426477e+01
1.129402493556737497e+01
1.179224523742831465e+01
1.223990026441690659e+01
1.263538851096119942e+01
1.297736485648306548e+01
1.326474172748461022e+01
1.349668855719635197e+01
1.367262963437282153e+01
1.379224044569626173e+01
1.385544263209215998e+01
1.386239768564705876e+01
1.381349952411814641e+01
1.370936608606355378e+01
1.355083008900617436e+01
1.333892909621524048e+01
1.307489503587068924e+01
1.276014331051776018e+01
1.239626163170725270e+01
1.198499870289131231e+01
1.152825286947291694e+01
1.102806084032557088e+01
1.048658657573764685e+01
9.906110424315880181e+00
9.289018576388667014e+00
8.637792891325057454e+00
7.955001140224463363e+00
7.243287692486219065e+00
6.505364663577399398e+00
5.744003524817461681e+00
4.962027168717309422e+00
4.162302408103762730e+00
3.347732879070722589e+00
2.521252308431009226e+00
1.685818097198213072e+00
8.444051657311881787e-01
5.908661685346109314e-15
3.331958542164821360e-15
-1.071283966034662916e+00
-2.134990820002162781e+00
-3.183640013089299003e+00
-4.209942126350409097e+00
-5.206889418368852773e+00
-6.167840631456799727e+00
-7.086598251454049979e+00
-7.957476879302253003e+00
-8.775361464866410444e+00
-9.535754493637426776e+00
-1.023481151700948644e+01
-1.086936475197813756e+01
-1.143693466719951246e+01
-1.193572994270164322e+01
-1.236463624658500926e+01
-1.272319476095265500e+01
-1.301157125730121678e+01
-1.323051704178989851e+01
-1.338132298698880440e+01
-1.346576790922279976e+01
-1.348606280600215968e+01
-1.344479216246198305e+01
-1.334485383737284359e+01
-1.318939858217810190e+01
-1.298177049889966916e+01
-1.272544936180051067e+01
-1.242399576644606185e+01
-1.208099984027267126e+01
-1.170003411964594520e+01
-1.128461105630726991e+01
-1.083814544589919038e+01
-1.036392210094519051e+01
-9.865068682588198357e+00
-9.344533787519564427e+00
-8.805070112610257738e+00
-8.249222562326426811e+00
-7.679320909567533882e+00
-7.097477026890211427e+00
-6.505585938294356829e+00
-5.905330684635131000e+00
-5.298190478738353804e+00
-4.685451874234884961e+00
-4.068222488824576821e+00
-3.447447084773023196e+00
-2.823925541422927399e+00
-2.198332506939731701e+00
-1.571238394471731192e+00
-9.431314601683321586e-01
-3.144406936760348881e-01
3.144406937238167221e-01
9.431314593493138609e-01
1.571238394533685634e+00
2.198332506153900301e+00
2.823925543438594143e+00
3.447447084337789569e+00
4.068222489771337713e+00
4.685451873947060975e+00
5.298190481611541713e+00
5.905330691039504920e+00
6.505585946000120856e+00
7.097477027341964728e+00
7.679320908041871618e+00
8.249222549728145282e+00
8.805070115346603998e+00
9.344533790198852330e+00
9.865068686414119270e+00
1.036392210327351826e+01
1.083814544932701018e+01
1.128461105724147195e+01
1.170003412411142740e+01
1.208099983376888176e+01
1.242399576599603606e+01
1.272544936123094317e+01
1.298177050216189343e+01
1.318939858690788292e+01
1.334485383811902892e+01
1.344479216239411201e+01
1.348606280442245264e+01
1.346576790857316475e+01
1.338132298189053060e+01
1.323051703979032467e+01
1.301157125831775652e+01
1.272319476243886704e+01
1.236463624547119622e+01
1.193572994107079310e+01
1.143693466562007544e+01
1.086936475240222499e+01
1.023481152048402443e+01
9.535754492823137696e+00
8.775361467668489013e+00
7.957476878609812232e+00
7.086598254930710716e+00
6.167840629551490039e+00
5.206889418153536120e+00
4.209942124281226938e+00
3.183640014805534602e+00
2.134990822828704449e+00
1.071283966529672282e+00
7.471133099314080524e-15
3.922276658310760982e-15
-1.267240276040224156e+00
-2.521081618959843063e+00
-3.748387401356789717e+00
-4.936537607797931493e+00
-6.073667452209035922e+00
-7.148883289558828125e+00
-8.152449871897928801e+00
-9.075943978316997729e+00
-9.912371054815528382e+00
-1.065624271888020402e+01
-1.130361470633235577e+01
-1.185208598276337710e+01
-1.230076131152250696e+01
-1.265018054905927869e+01
-1.290221885816955272e+01
-1.305996275110924110e+01
-1.312756734877092768e+01
-1.311010027341328055e+01
-1.301337763257646607e+01
-1.284379734659656513e+01
-1.260817446713816814e+01
-1.231358269931886085e+01
-1.196720559459096300e+01
-1.157620031065795985e+01
-1.114757586506787668e+01
-1.068808733591654203e+01
-1.020414666951269034e+01
-9.701750198926832880e+00
-9.186422460106109966e+00
-8.663175499946612845e+00
-8.136482496037617196e+00
-7.610264293996673146e+00
-7.087887372330159863e+00
-6.572171577629717376e+00
-6.065406034915319822e+00
-5.569371687793707615e+00
-5.085368986592681217e+00
-4.614249427180698859e+00
-4.156449691222555032e+00
-3.712027445122221714e+00
-3.280697900576045267e+00
-2.861870476043184564e+00
-2.454685012966454583e+00
-2.058047219265551675e+00
-1.670663076974597594e+00
-1.291072111407013834e+00
-9.176795217089998014e-01
-5.487872647291121009e-01
-1.826242331482732240e-01
1.826242330965234528e-01
5.487872646046313418e-01
9.176795219380301516e-01
1.291072110844524889e+00
1.670663076432650440e+00
2.058047218951647217e+00
2.454685011932796534e+00
2.861870475860836205e+00
3.280697903814228766e+00
3.712027444901688344e+00
4.156449690640535266e+00
4.614249428587769764e+00
5.085368988757042352e+00
5.569371688003619703e+00
6.065406036841045179e+00
6.572171577755109517e+00
7.087887373897044263e+00
7.610264292598837521e+00
8.136482495005267879e+00
8.663175500572474874e+00
9.186422459813682551e+00
9.701750198033687766e+00
1.020414666911720047e+01
1.068808733597920302e+01
1.114757586172371617e+01
1.157620030880611850e+01
1.196720559392329619e+01
1.231358269539970784e+01
1.260817446568066735e+01
1.284379734507399107e+01
1.301337762685626842e+01
1.311010027529053623e+01
1.312756735000003339e+01
1.305996275123559514e+01
1.290221885975167027e+01
1.265018054967777772e+01
1.230076131067969492e+01
1.185208598047279338e+01
1.130361470757478060e+01
1.065624272053255517e+01
9.912371054834625994e+00
9.075943980020682034e+00
8.152449868545785350e+00
7.148883290674499236e+00
6.073667452987167259e+00
4.936537609252999559e+00
3.748387400075256615e+00
2.521081617577694445e+00
1.267240275789752291e+00
8.821449943351207154e-15
4.251168236144063213e-15
-1.376810079165728951e+00
-2.734142508389824311e+00
-4.053016953747643036e+00
-5.315428325033493273e+00
-6.504786979694294757e+00
-7.606304893811747903e+00
-8.607314398036603365e+00
-9.497509594140574052e+00
-1.026910437195095227e+01
-1.091690518173000868e+01
-1.143830043906765148e+01
-1.183317211671148961e+01
-1.210373821138219164e+01
-1.225433686927216392e+01
-1.229116486316305057e+01
-1.222198370005144419e+01
-1.205580685749667502e+01
-1.180258090765083168e+01
-1.147287231583783473e+01
-1.107756980255938295e+01
-1.062761062389594358e+01
-1.013373696421881753e+01
-9.606286375476654982e+00
-9.055018775484191096e+00
-8.488980295064587622e+00
-7.916403034246359383e+00
-7.344638569501886316e+00
-6.780121992730849811e+00
-6.228362791964005218e+00
-5.693958572733057721e+00
-5.180627337197933002e+00
-4.691253721966496038e+00
-4.227947168265745681e+00
-3.792105285989677999e+00
-3.384482502297328832e+00
-3.005259495646916079e+00
-2.654111747939698063e+00
-2.330275538657308410e+00
-2.032610091170882871e+00
-1.759654512965173945e+00
-1.509680413635895002e+00
-1.280737595761573866e+00
-1.070695152117977722e+00
-8.772767726598942328e-01
-6.980910830107185383e-01
-5.306574404134501988e-01
-3.724277570516316693e-01
-2.208050065123686734e-01
-7.315910447636377045e-02
7.315910459930360932e-02
2.208050063394978169e-01
3.724277570681451821e-01
5.306574401807676589e-01
6.980910827830646426e-01
8.772767710509324912e-01
1.070695151792603550e+00
1.280737594178594119e+00
1.509680412388625159e+00
1.759654513276768251e+00
2.032610091630774551e+00
2.330275538337723606e+00
2.654111747704779756e+00
3.005259496072724801e+00
3.384482502995605824e+00
3.792105284204783544e+00
4.227947168996086802e+00
4.691253718445242527e+00
5.180627338038048535e+00
5.693958566196252846e+00
6.228362794234412192e+00
6.780121992863636038e+00
7.344638573822960481e+00
7.916403037476106519e+00
8.488980293999794924e+00
9.055018775476229465e+00
9.606286376371407698e+00
1.013373696477517605e+01
1.062761062763938291e+01
1.107756980003179414e+01
1.147287232148797465e+01
1.180258091175125834e+01
1.205580685485776016e+01
1.222198370119370203e+01
1.229116486080975257e+01
1.225433687149994810e+01
1.210373821145151219e+01
1.183317211855734641e+01
1.143830043846741340e+01
1.091690518173070856e+01
1.026910437139691723e+01
9.497509592744892259e+00
8.607314401592063291e+00
7.606304892602191003e+00
6.504786981080399322e+00
5.315428326391224978e+00
4.053016953065013972e+00
2.734142508533675464e+00
1.376810079192388958e+00
9.577132592016108193e-15
4.159692733262520301e-15
-1.347580076085693301e+00
-2.671002125040077502e+00
-3.946862756763338087e+00
-5.153232432879320868e+00
-6.270306098657529859e+00
-7.280956563722480901e+00
-8.171168045879666053e+00
-8.930334721519212593e+00
-9.551417102823561933e+00
-1.003095721514174876e+01
-1.036896080412640586e+01
-1.056866153901319727e+01
-1.063618683670936527e+01
-1.058014857112007689e+01
-1.041118338495978080e+01
-1.014146724281587097e+01
-9.784227519237932214e+00
-9.353273394869807689e+00
-8.862561220302406895e+00
-8.325808334521305198e+00
-7.756163989251204427e+00
-7.165942437948302768e+00
-6.566419354727413449e+00
-5.967689676908489282e+00
-5.378582649163321960e+00
-4.806627687914490465e+00
-4.258063850667480388e+00
-3.737884954572340934e+00
-3.249912325473208075e+00
-2.796887595078556110e+00
-2.380578504660346706e+00
-2.001891615988805384e+00
-1.660986696099879145e+00
-1.357388637450200219e+00
-1.090093669742925098e+00
-8.576674908522531338e-01
-6.583338069735074072e-01
-4.900524345135071069e-01
-3.505866092490261265e-01
-2.375596402488912295e-01
-1.485014271211873293e-01
-8.088545191209317586e-02
-3.215715289458556669e-02
2.453576285259057217e-04
1.887731724364802299e-02
2.627902271455339472e-02
2.497228532126984785e-02
1.746069281328125125e-02
6.232776576763976624e-03
-6.232776366834805355e-03
-1.746069273369601355e-02
-2.497228529292913959e-02
-2.627902224925511912e-02
-1.887731760627502434e-02
-2.453576512103247892e-04
3.215715185588726571e-02
8.088545039489715427e-02
1.485014303382276024e-01
2.375596431742012793e-01
3.505866113360874836e-01
4.900524279543085338e-01
6.583338060722216944e-01
8.576674892752483848e-01
1.090093670572506612e+00
1.357388635711657132e+00
1.660986694196137092e+00
2.001891616775475224e+00
2.380578508135128057e+00
2.796887594810407496e+00
3.249912324751333070e+00
3.737884949765146736e+00
4.258063852376048786e+00
4.806627684427293268e+00
5.378582651105446644e+00
5.967689678798278052e+00
6.566419353755089006e+00
7.165942435635644259e+00
7.756163985638416136e+00
8.325808328872048136e+00
8.862561222716232479e+00
9.353273395951481106e+00
9.784227519757573432e+00
1.014146724813510403e+01
1.041118339590378028e+01
1.058014858076685627e+01
1.063618683685517752e+01
1.056866154158862869e+01
1.036896080962770128e+01
1.003095721805997620e+01
9.551417107467516487e+00
8.930334721373167639e+00
8.171168046185540490e+00
7.280956563895788491e+00
6.270306096111965211e+00
5.153232433561504955e+00
3.946862758660268256e+00
2.671002125220996337e+00
1.347580076630100487e+00
9.375896915212496770e-15
3.582653695293158928e-15
-1.158247100943703645e+00
-2.290831359813988222e+00
-3.373038269530987510e+00
-4.381998149289380251e+00
-5.297482802543441061e+00
-6.102561826738017281e+00
-6.784088212055842781e+00
-7.332994947844493794e+00
-7.744397106158684707e+00
-8.017506309324598845e+00
-8.155375581943566488e+00
-8.164501386033068187e+00
-8.054315809163872686e+00
-7.836605360514527163e+00
-7.524892864582923835e+00
-7.133817203728226808e+00
-6.678541135371596660e+00
-6.174211940967746060e+00
-5.635493146526472152e+00
-5.076178892818918875e+00
-4.508896211183899716e+00
-3.944894856086452073e+00
-3.393919735525840142e+00
-2.864157542515326504e+00
-2.362246917424473569e+00
-1.893340060416377257e+00
-1.461203933709482428e+00
-1.068348999570269964e+00
-7.161750892785216926e-01
-4.051250510522967918e-01
-1.348386193708829561e-01
9.569954765921820372e-02
2.880220197402173499e-01
4.440539477616273212e-01
5.660032825150821401e-01
6.562667114503444310e-01
7.173510784028422904e-01
7.518096604869030086e-01
7.621922832599435926e-01
7.510078459207540913e-01
7.206978390684846136e-01
6.736193755455572862e-01
6.120362489948556473e-01
5.381167472097121429e-01
4.539369195174035587e-01
3.614883033012322167e-01
2.626890449665282290e-01
1.593977215024265093e-01
5.342905392618200328e-02
-5.342905392211219628e-02
-1.593977215681863235e-01
-2.626890436563996678e-01
-3.614883024054351135e-01
-4.539369210609488503e-01
-5.381167462539622193e-01
-6.120362497224849374e-01
-6.736193766295787144e-01
-7.206978379281331337e-01
-7.510078450407867701e-01
-7.621922816172846948e-01
-7.518096622846307531e-01
-7.173510822924965558e-01
-6.562667186398428720e-01
-5.660032756143791310e-01
-4.440539424106679234e-01
-2.880220227003219002e-01
-9.569955113764835875e-02
1.348386180963971059e-01
4.051250496885259178e-01
7.161750886086398760e-01
1.068349000454902331e+00
1.461203933027561463e+00
1.893340057629025130e+00
2.362246903425476940e+00
2.864157539354941662e+00
3.393919737316950069e+00
3.944894856045385367e+00
4.508896214194886731e+00
5.076178892438234058e+00
5.635493145992887420e+00
6.174211941379704527e+00
6.678541139589258435e+00
7.133817201970068744e+00
7.524892862929591253e+00
7.836605361578111939e+00
8.054315813189059980e+00
8.164501387207863559e+00
8.155375583025156416e+00
8.017506309899124162e+00
7.744397103955165562e+00
7.332994950159998915e+00
6.784088212489735703e+00
6.102561823852409084e+00
5.297482801366739658e+00
4.381998150074069898e+00
3.373038268993256761e+00
2.290831359727230065e+00
1.158247100670511509e+00
8.069179201272188141e-15
2.620402098343445897e-15
-8.422608896755158225e-01
-1.661438273081392802e+00
-2.435439426192718582e+00
-3.144091435387680100e+00
-3.769951946121431696e+00
-4.298955018485180801e+00
-4.720858943953950337e+00
-5.029478568007167638e+00
-5.222700881127454231e+00
-5.302297984762892824e+00
-5.273564346949330073e+00
-5.144815201271089045e+00
-4.926788434365844793e+00
-4.631994484618508601e+00
-4.274056580373306602e+00
-3.867079393488167316e+00
-3.425076517399463505e+00
-2.961479628052706037e+00
-2.488743043895736307e+00
-2.018049388098949404e+00
-1.559115186794912455e+00
-1.120088984130748200e+00
-7.075307344544651267e-01
-3.264585727987099895e-01
1.955219657785007420e-02
3.282324665950149267e-01
5.984594613249163420e-01
8.300852000389911112e-01
1.023763763998541076e+00
1.180785154180170160e+00
1.302921319727831762e+00
1.392288435103274269e+00
1.451227193092457846e+00
1.482202016350350426e+00
1.487718750026582271e+00
1.470259850950648595e+00
1.432235314450959640e+00
1.375947508068906311e+00
1.303568077447509355e+00
1.217124751030405516e+00
1.118496395669277499e+00
1.009414546942995594e+00
8.914701018399701082e-01
7.661238499257690959e-01
6.347199074491586268e-01
4.985011873631470802e-01
3.586263802929542388e-01
2.161878763935044800e-01
7.223033872541013978e-02
-7.223033896695925382e-02
-2.161878758725011840e-01
-3.586263805509750657e-01
-4.985011872680741307e-01
-6.347199072395892649e-01
-7.661238494779225583e-01
-8.914701010631391753e-01
-1.009414542471237075e+00
-1.118496393175705039e+00
-1.217124748590896033e+00
-1.303568076820446064e+00
-1.375947506669492837e+00
-1.432235320691596092e+00
-1.470259850721844508e+00
-1.487718757145233717e+00
-1.482202011365084227e+00
-1.451227192421701950e+00
-1.392288436421413422e+00
-1.302921317924902844e+00
-1.180785154629051981e+00
-1.023763764197748394e+00
-8.300851985650592457e-01
-5.984594637416806862e-01
-3.282324614917264682e-01
-1.955219489511243053e-02
3.264585756042543419e-01
7.075307367792449398e-01
1.120088982747193374e+00
1.559115187565075500e+00
2.018049387277017104e+00
2.488743043330334359e+00
2.961479628226492355e+00
3.425076515472813998e+00
3.867079392151792749e+00
4.274056578489827452e+00
4.631994481043474998e+00
4.926788434783873072e+00
5.144815198704010939e+00
5.273564347809328368e+00
5.302297985365052924e+00
5.222700882446820181e+00
5.029478567568608227e+00
4.720858944302575466e+00
4.298955018580587151e+00
3.769951946333678805e+00
3.144091434941546304e+00
2.435439426090684201e+00
1.661438272501113644e+00
8.422608896810565016e-01
5.885823460281286527e-15
1.530313839481185816e-15
-4.848516344558866376e-01
-9.525285257722080345e-01
-1.386707180819160001e+00
-1.772706918076366822e+00
-2.098167683818433105e+00
-2.353570616903434942e+00
-2.532572160289459973e+00
-2.632138758972172976e+00
-2.652485744899904407e+00
-2.596838991096637184e+00
-2.471050162202888423e+00
-2.283104400902033593e+00
-2.042563519935194360e+00
-1.759987373247654752e+00
-1.446372371568122261e+00
-1.112639471694292448e+00
-7.691956960081428596e-01
-4.255843487436154482e-01
-9.023039060307563863e-02
2.297201816545900444e-01
5.284741850893940329e-01
8.015900133474661571e-01
1.045915495819109031e+00
1.259480168666693878e+00
1.441356692156300356e+00
1.591505157748955401e+00
1.710611646461780655e+00
1.799930510154171159e+00
1.861137064007943875e+00
1.896195423243869360e+00
1.907244150687536388e+00
1.896500717363799549e+00
1.866184528392669906e+00
1.818457411126289003e+00
1.755379911347623167e+00
1.678881153608619448e+00
1.590740270455482719e+00
1.492577288591576234e+00
1.385851354358917487e+00
1.271864768385464473e+00
1.151771096475379563e+00
1.026586305741753913e+00
8.972018118393481068e-01
7.643987175006768942e-01
6.288626897879563415e-01
4.911990053886408636e-01
3.519475872139845030e-01
2.115978784583891492e-01
7.060346856994001441e-02
-7.060346827363753186e-02
-2.115978784458205642e-01
-3.519475872028673402e-01
-4.911990040849911199e-01
-6.288626909644866592e-01
-7.643987150763771332e-01
-8.972018078691961218e-01
-1.026586306235003132e+00
-1.151771099114803576e+00
-1.271864766270028424e+00
-1.385851355726837264e+00
-1.492577284723024755e+00
-1.590740280045037425e+00
-1.678881151626047563e+00
-1.755379916132605356e+00
-1.818457411315718364e+00
-1.866184520731152263e+00
-1.896500712795339938e+00
-1.907244152964147066e+00
-1.896195421448963137e+00
-1.861137060520845710e+00
-1.799930511774376907e+00
-1.710611649204560658e+00
-1.591505157742861609e+00
-1.441356699550514930e+00
-1.259480167227029934e+00
-1.045915497897125013e+00
-8.015900114609945115e-01
-5.284741842157463232e-01
-2.297201832043346548e-01
9.023039055697687494e-02
4.255843478851656370e-01
7.691956952252122504e-01
1.112639471241716693e+00
1.446372372278044827e+00
1.759987374040900443e+00
2.042563520025788115e+00
2.283104401335638745e+00
2.471050161284754410e+00
2.596838989496090822e+00
2.652485742752961784e+00
2.632138759187965693e+00
2.532572163029245260e+00
2.353570617033587276e+00
2.098167683775159276e+00
1.772706918039254509e+00
1.386707179961378378e+00
9.525285259333572396e-01
4.848516346993115289e-01
3.412606426064876534e-15
6.115153677923519214e-16
-1.848145345623521396e-01
-3.594813890965394276e-01
-5.144406807679846594e-01
-6.412620084435580736e-01
-7.330987052999806686e-01
-7.850222773705131107e-01
-7.942165608108154862e-01
-7.600246409650596169e-01
-6.838546965217815465e-01
-5.689627907114827021e-01
-4.201395363814019457e-01
-2.433325658486976684e-01
-4.523914973636884718e-02
1.670991016923143724e-01
3.866715999760909628e-01
6.068228171242644464e-01
8.215110166052254081e-01
1.025494873816895636e+00
1.214447972042561608e+00
1.385006461676524525e+00
1.534759099910459001e+00
1.662191127813319236e+00
1.766594448472014189e+00
1.847956193699513250e+00
1.906836595358972319e+00
1.944245119913561970e+00
1.961522182590864416e+00
1.960231540325014343e+00
1.942066172404369961e+00
1.908769629766858378e+00
1.862072683551979191e+00
1.803645038963397118e+00
1.735060010382359907e+00
1.657771366102713806e+00
1.573099461537711852e+00
1.482225515346128564e+00
1.386191966132516828e+00
1.285907150116972097e+00
1.182153395175621124e+00
1.075596987837761587e+00
9.667994555806558310e-01
8.562292830495018547e-01
7.442737155426816242e-01
6.312502340332369899e-01
5.174175701188864496e-01
4.029860969695724937e-01
2.881276378366375845e-01
1.729846920533290588e-01
5.767917819851016425e-02
-5.767917813377641811e-02
-1.729846920959811074e-01
-2.881276384396487256e-01
-4.029860970208466453e-01
-5.174175701112481152e-01
-6.312502337905702143e-01
-7.442737152628146058e-01
-8.562292830120363796e-01
-9.667994555910083276e-01
-1.075596984205180462e+00
-1.182153394337837504e+00
-1.285907150921368647e+00
-1.386191968520189111e+00
-1.482225515794565185e+00
-1.573099457864526984e+00
-1.657771365657942919e+00
-1.735060010229923622e+00
-1.803645038026454372e+00
-1.862072683227546044e+00
-1.908769623857852871e+00
-1.942066171786383633e+00
-1.960231541743074901e+00
-1.961522184062020946e+00
-1.944245120101521174e+00
-1.906836596283035590e+00
-1.847956194384813511e+00
-1.766594447693220937e+00
-1.662191127776116328e+00
-1.534759099480219380e+00
-1.385006462414147821e+00
-1.214447971724153641e+00
-1.025494872646395050e+00
-8.215110170575520288e-01
-6.068228175790948420e-01
-3.866715999541985860e-01
-1.670991011938349202e-01
4.523914921230384051e-02
2.433325650446719057e-01
4.201395367402378511e-01
5.689627889308965791e-01
6.838546963400440326e-01
7.600246410406947817e-01
7.942165618098055990e-01
7.850222775564970057e-01
7.330987049887383034e-01
6.412620085256715008e-01
5.144406806819593614e-01
3.594813892844682113e-01
1.848145345961240416e-01
1.331353678877027271e-15
5.020905903353853425e-17
-3.407103538545892211e-03
-2.432648406958852396e-03
6.991722256600889536e-03
2.833561528063565510e-02
6.423649133715600423e-02
1.163370692813925772e-01
1.852045023925620315e-01
2.703336084224045033e-01
3.702284048706501740e-01
4.825490225912472675e-01
6.043061937184395216e-01
7.320829218947023653e-01
8.622628463222870021e-01
9.912467219749002689e-01
1.115642107443714837e+00
1.232415828641330924e+00
1.339003490025077348e+00
1.433375506917210940e+00
1.514061494238531314e+00
1.580139384074797260e+00
1.631196052290329268e+00
1.667267708927819392e+00
1.688767693516059376e+00
1.696408801624418983e+00
1.691126146313987721e+00
1.674004575785349225e+00
1.646214372187097208e+00
1.608956357520499036e+00
1.563417552685760104e+00
1.510737068134099470e+00
1.451981446359509764e+00
1.388128430272828950e+00
1.320057772077253944e+00
1.248547768826126614e+00
1.174276123359223600e+00
1.097824135097045906e+00
1.019682990847231574e+00
9.402614469773449279e-01
8.598942294785063556e-01
7.788506322797904557e-01
6.973429228387855172e-01
6.155343341916420519e-01
5.335465689556377900e-01
4.514665781232943265e-01
3.693527511976281708e-01
2.872404729105440535e-01
2.051471208429693216e-01
1.230765841139001143e-01
4.102339859607995187e-02
-4.102339859647215203e-02
-1.230765840664209410e-01
-2.051471208536153057e-01
-2.872404729351340502e-01
-3.693527512465907270e-01
-4.514665779407261992e-01
-5.335465690380566395e-01
-6.155343342812423790e-01
-6.973429233830448215e-01
-7.788506310619927042e-01
-8.598942323954925637e-01
-9.402614431018807561e-01
-1.019682994967213263e+00
-1.097824136734092404e+00
-1.174276123746458067e+00
-1.248547774115298159e+00
-1.320057774880079915e+00
-1.388128432564387893e+00
-1.451981448029286970e+00
-1.510737068367459912e+00
-1.563417553575210173e+00
-1.608956360424417253e+00
-1.646214371784992636e+00
-1.674004576821201296e+00
-1.691126146237072581e+00
-1.696408800976442199e+00
-1.688767693533484326e+00
-1.667267713145115016e+00
-1.631196049610662779e+00
-1.580139381576142199e+00
-1.514061493676331693e+00
-1.433375506701191071e+00
-1.339003490175814770e+00
-1.232415840284401432e+00
-1.115642109609288779e+00
-9.912467219501015503e-01
-8.622628436931780715e-01
-7.320829217406752409e-01
-6.043061938255349652e-01
-4.825490214616628415e-01
-3.702284050094739598e-01
-2.703336079201196229e-01
-1.852045024437778409e-01
-1.163370689401259095e-01
-6.423649139423498466e-02
-2.833561524827356987e-02
-6.991721970282156924e-03
2.432648498971303006e-03
3.407103530972674984e-03
6.621700254798245620e-17
-1.551672204124739918e-16
6.025673068189590226e-02
1.215784220059832194e-01
1.849114151689317254e-01
2.509769833943566453e-01
3.201877011328178035e-01
3.925944578935905427e-01
4.678682111299834467e-01
5.453166791337060726e-01
6.239322556728270630e-01
7.024645520658003850e-01
7.795088009910551285e-01
8.536008205139680172e-01
9.233094115607508590e-01
9.873185814923268744e-01
1.044493812868239946e+00
1.093929163575054320e+00
1.134974033936677840e+00
1.167240615100893386e+00
1.190594425822088853e+00
1.205131593872050821e+00
1.211146604248841241e+00
1.209094566834598039e+00
1.199551523109827489e+00
1.183175687010186161e+00
1.160671885820855787e+00
1.132760501075966264e+00
1.100151890652777631e+00
1.063526371521354541e+00
1.023519624961585661e+00
9.807129916039605266e-01
9.356279605285018341e-01
8.887240824309525777e-01
8.403996122256419676e-01
7.909940960075724226e-01
7.407923275467485080e-01
6.900291115927481567e-01
6.388945184930462373e-01
5.875391310384192600e-01
5.360792621600788399e-01
4.846018224715362699e-01
4.331688013566457052e-01
3.818213626176442110e-01
3.305834229814269554e-01
2.794648265162364975e-01
2.284641004010373178e-01
1.775708404562211240e-01
1.267677777037684583e-01
7.603257944821241454e-02
2.533944557748579046e-02
-2.533944557935094433e-02
-7.603257946555803948e-02
-1.267677777689374397e-01
-1.775708405445766414e-01
-2.284641007396254198e-01
-2.794648281248152677e-01
-3.305834240733467322e-01
-3.818213642543095143e-01
-4.331688009716402332e-01
-4.846018213963652066e-01
-5.360792621641697897e-01
-5.875391320804291828e-01
-6.388945190099940552e-01
-6.900291118010948299e-01
-7.407923240148024391e-01
-7.909940977811192875e-01
-8.403996122435892779e-01
-8.887240846164606856e-01
-9.356279613130339401e-01
-9.807129926097812866e-01
-1.023519621841720406e+00
-1.063526372778302420e+00
-1.100151889159852958e+00
-1.132760502023636873e+00
-1.160671885432004391e+00
-1.183175687887015215e+00
-1.199551514792116524e+00
-1.209094563074912809e+00
-1.211146604709948837e+00
-1.205131595194989691e+00
-1.190594425057758921e+00
-1.167240612400021194e+00
-1.134974032636577368e+00
-1.093929161298811570e+00
-1.044493813241350155e+00
-9.873185781285624962e-01
-9.233094132838809420e-01
-8.536008241134469543e-01
-7.795088008438080251e-01
-7.024645514451004491e-01
-6.239322551784435289e-01
-5.453166790418687571e-01
-4.678682115992858770e-01
-3.925944578544420249e-01
-3.201877012814796086e-01
-2.509769832732563488e-01
-1.849114147960770060e-01
-1.215784223158641458e-01
-6.025673074153264225e-02
-3.870088140104183361e-16
-1.377280548536023568e-16
5.050725949164203837e-02
1.009139063754933147e-01
1.510939702351947189e-01
2.008742087282715805e-01
2.500185896872058611e-01
2.982212140499592157e-01
3.451085801698018374e-01
3.902508463468796207e-01
4.331806316209778629e-01
4.734170678739628713e-01
5.104922864299408225e-01
5.439775842641676462e-01
5.735065770344279779e-01
5.987934852796267249e-01
6.196452256040415607e-01
6.359668829179822014e-01
6.477607823994209202e-01
6.551200345041616746e-01
6.582176482883802526e-01
6.572927691345792356e-01
6.526352833967892231e-01
6.445701418387038695e-01
6.334424291029302490e-01
6.196039465073381880e-01
6.034018404045755624e-01
5.851694278154710993e-01
5.652193394116892255e-01
5.438388136615549540e-01
5.212868441850221357e-01
4.977930210344387874e-01
4.735575695214658265e-01
4.487523842638015958e-01
4.235228008155988988e-01
3.979897459353247680e-01
3.722521441719557900e-01
3.463894473982727651e-01
3.204640875544891854e-01
2.945238103034506505e-01
2.686038749324873298e-01
2.427290257247751160e-01
2.169152496721434287e-01
1.911713379687884073e-01
1.655002151301054603e-01
1.399001014414670008e-01
1.143654852696859847e-01
8.888795836907482928e-02
6.345691418139427775e-02
3.806014577250144831e-02
1.268436093147432865e-02
-1.268436093174184036e-02
-3.806014577501980189e-02
-6.345691410983082814e-02
-8.888795835049222160e-02
-1.143654850706719989e-01
-1.399001014346190619e-01
-1.655002150472366651e-01
-1.911713383395208243e-01
-2.169152496581038259e-01
-2.427290258575182935e-01
-2.686038743755134739e-01
-2.945238102830512461e-01
-3.204640875896558327e-01
-3.463894473965260512e-01
-3.722521440102082302e-01
-3.979897439031514494e-01
-4.235228008900136509e-01
-4.487523843465717754e-01
-4.735575647132266863e-01
-4.977930211911209546e-01
-5.212868448705988422e-01
-5.438388099178876889e-01
-5.652193394027272833e-01
-5.851694270158431799e-01
-6.034018404281789039e-01
-6.196039475249739414e-01
-6.334424308457219377e-01
-6.445701418429841123e-01
-6.526352837059524736e-01
-6.572927720022242459e-01
-6.582176524275982210e-01
-6.551200350627216507e-01
-6.477607829569466125e-01
-6.359668808243744698e-01
-6.196452257125192320e-01
-5.987934852881351411e-01
-5.735065770566403209e-01
-5.439775844738655719e-01
-5.104922872455429639e-01
-4.734170657493327883e-01
-4.331806351892230067e-01
-3.902508463510123149e-01
-3.451085801538459896e-01
-2.982212141668234562e-01
-2.500185902849931252e-01
-2.008742087416614808e-01
-1.510939698751082028e-01
-1.009139061278724742e-01
-5.050725946621107548e-02
-3.327065251711063671e-16
-4.484415044506245166e-17
1.631555083440792975e-02
3.250216514498616149e-02
4.843044050448121890e-02
6.397040384433580473e-02
7.899206314529755302e-02
9.336679157551060204e-02
1.069695698901599462e-01
1.196819591475929423e-01
1.313955452582471206e-01
1.420155105605416246e-01
1.514639566958062566e-01
1.596826301419089766e-01
1.666347730185049059e-01
1.723059309410645834e-01
1.767036650200800030e-01
1.798562292989052680e-01
1.818103701312377141e-01
1.826284630525012720e-01
1.823852387139757447e-01
1.811643456293151322e-01
1.790549763097602776e-01
1.761487372741752933e-01
1.725368976751702477e-01
1.683080955901298803e-01
1.635465348149481857e-01
1.583306671754462491e-01
1.527323218083773415e-01
1.468162287848036873e-01
1.406398703032861464e-01
1.342535912473069581e-01
1.277009050550562130e-01
1.210189348851568314e-01
1.142389408295980541e-01
1.073868919810175432e-01
1.004840515445100113e-01
9.354755132327244316e-02
8.659093894198896524e-02
7.962468694669191938e-02
7.265665747222180282e-02
6.569251964307316893e-02
5.873611935318213267e-02
5.178980269515506135e-02
4.485469689585788039e-02
3.793094989343569201e-02
3.101793533179438012e-02
2.411442557562719705e-02
1.721873798566168901e-02
1.032885909544951041e-02
3.442551518977045658e-03
-3.442551518977218696e-03
-1.032885909544941153e-02
-1.721873798566131777e-02
-2.411442557562702704e-02
-3.101793533179354051e-02
-3.793094989343543527e-02
-4.485469689585934450e-02
-5.178980269515476298e-02
-5.873611930192830510e-02
-6.569251963516435644e-02
-7.265665747222355142e-02
-7.962468694669176672e-02
-8.659093894198897912e-02
-9.354755132327337297e-02
-1.004840515445125787e-01
-1.073868919810173073e-01
-1.142389408295992476e-01
-1.210189348851577334e-01
-1.277009050550558800e-01
-1.342535912473052651e-01
-1.406398703032866460e-01
-1.468162291268438058e-01
-1.527323218083770640e-01
-1.583306671754468042e-01
-1.635465348149467979e-01
-1.683080955901329612e-01
-1.725368977497943601e-01
-1.761487372741739332e-01
-1.790549763097614155e-01
-1.811643456293136889e-01
-1.823852386455618035e-01
-1.826284630524985797e-01
-1.818103701312349940e-01
-1.798562292989024924e-01
-1.767036649636051504e-01
-1.723059309410646112e-01
-1.666347729691974311e-01
-1.596826301419082272e-01
-1.514639566958064787e-01
-1.420155105605408752e-01
-1.313955452582455663e-01
-1.196819591780502734e-01
-1.069695698901602099e-01
-9.336679157551026897e-02
-7.899206314529738648e-02
-6.397040384433604066e-02
-4.843044050448143401e-02
-3.250216515264234274e-02
-1.631555083440801648e-02
-1.078918243809814203e-16
3.674540412333472299e-17
-1.343995309951729299e-02
-2.674515668591575732e-02
-3.978308191731914911e-02
-5.242565655186878087e-02
-6.455152633742973489e-02
-7.604829900643056417e-02
-8.681472766954878573e-02
-9.676271783918941050e-02
-1.058190567978082863e-01
-1.139267458581324083e-01
-1.210458276056044502e-01
-1.271536285312556691e-01
-1.322444125047925190e-01
-1.363284367776818051e-01
-1.394304991138214933e-01
-1.415880539775323521e-01
-1.428490568744598677e-01
-1.432696471018139461e-01
-1.429118074098001401e-01
-1.418411296740881844e-01
-1.401247673938513794e-01
-1.378296467823255655e-01
-1.350209764276004976e-01
-1.317610667692962478e-01
-1.281084471876474951e-01
-1.241172713537593980e-01
-1.198369606459319808e-01
-1.153120598349505616e-01
-1.105822530021098316e-01
-1.056825152360953562e-01
-1.006433513358376275e-01
-9.549110135699734325e-02
-9.024827994947860754e-02
-8.493393903731927264e-02
-7.956402946834853496e-02
-7.415175692990846890e-02
-6.870791930276518023e-02
-6.324122550254633601e-02
-5.775858798385192366e-02
-5.226538981374384552e-02
-4.676572495833722365e-02
-4.126261267469823885e-02
-3.575818649396243776e-02
-3.025385960544926464e-02
-2.475046840214033261e-02
-1.924839639617515613e-02
-1.374768098232489154e-02
-8.248105769843673551e-03
-2.749281502525604583e-03
2.749281502525677875e-03
8.248105769843581611e-03
1.374768098232443878e-02
1.924839639617582573e-02
2.475046837119733445e-02
3.025385960544951097e-02
3.575818644634738003e-02
4.126261267469654576e-02
4.676572495833670323e-02
5.226538973462217103e-02
5.775858799937338972e-02
6.324122550254587805e-02
6.870791930276444470e-02
7.415175692990710887e-02
7.956402946835022805e-02
8.493393903731852324e-02
9.024827994947712262e-02
9.549110135699502566e-02
1.006433513358358928e-01
1.056825152360965775e-01
1.105822530021093875e-01
1.153120598349497289e-01
1.198369606459341596e-01
1.241172713537609107e-01
1.281084471876501318e-01
1.317610667692944992e-01
1.350209764276011359e-01
1.378296469314916339e-01
1.401247673938506022e-01
1.418411296725474169e-01
1.429118082837665116e-01
1.432696471018140294e-01
1.428490577795689109e-01
1.415880539775307978e-01
1.394304991138212990e-01
1.363284376950052168e-01
1.322444125047922137e-01
1.271536285312548920e-01
1.210458276056054078e-01
1.139267458581319226e-01
1.058190567978090774e-01
9.676271783919054847e-02
8.681472766954859144e-02
7.604829900642946783e-02
6.455152633742954060e-02
5.242565655186903761e-02
3.978308191731970422e-02
2.674515687026255556e-02
1.343995309951743523e-02
8.869969376686633681e-17
8.292693885344624684e-17
-3.062248847151403941e-02
-6.092363379260552769e-02
-9.058913950193256404e-02
-1.193185854422284808e-01
-1.468318182154066120e-01
-1.728746914506850973e-01
-1.972239566231831498e-01
-2.196911246210158652e-01
-2.401251483776411511e-01
-2.584138685566178539e-01
-2.744841412912055190e-01
-2.883007478789552658e-01
-2.998641758801572910e-01
-3.092074225770243823e-01
-3.163920833706139191e-01
-3.215039045532589457e-01
-3.246481142810626608e-01
-3.259447093492823799e-01
-3.255239275124995335e-01
-3.235220743939527521e-01
-3.200777935123769735e-01
-3.153288727110514778e-01
-3.094096244831286979e-01
-3.024488054545280136e-01
-2.945680676333091719e-01
-2.858808772463055092e-01
-2.764918581330478853e-01
-2.664964647139913545e-01
-2.559809442349466058e-01
-2.450225167448946695e-01
-2.336897254723063755e-01
-2.220428955898954837e-01
-2.101346906590708385e-01
-1.980107015892861866e-01
-1.857100704377026290e-01
-1.732661171237107334e-01
-1.607069556599197147e-01
-1.480560898155301730e-01
-1.353329811295015117e-01
-1.225535812047569562e-01
-1.097308271545246738e-01
-9.687509529227773808e-02
-8.399461361034864237e-02
-7.109583415812444074e-02
-5.818376212069163028e-02
-4.526225212540709031e-02
-3.233426635527381077e-02
-1.940210600476464237e-02
-6.467617639050822834e-03
6.467617640129878949e-03
1.940210600944455854e-02
3.233426636089035966e-02
4.526225212469665166e-02
5.818376212175691009e-02
7.109583402916094808e-02
8.399461361035195917e-02
9.687509524515945658e-02
1.097308271561374116e-01
1.225535812369827060e-01
1.353329811186864684e-01
1.480560897854142077e-01
1.607069556458386450e-01
1.732661170872806800e-01
1.857100704468019892e-01
1.980107019216506004e-01
2.101346906726601627e-01
2.220428956516078134e-01
2.336897249083398631e-01
2.450225167551802752e-01
2.559809439311266366e-01
2.664964644998850662e-01
2.764918581292413746e-01
2.858808771628856271e-01
2.945680676629029993e-01
3.024488054276900928e-01
3.094096240692734701e-01
3.153288728115141160e-01
3.200777934647271450e-01
3.235220749487975334e-01
3.255239273970298997e-01
3.259447089492786831e-01
3.246481142597898439e-01
3.215039050300888546e-01
3.163920844398053211e-01
3.092074236407999499e-01
2.998641753435267177e-01
2.883007478646766875e-01
2.744841413970966482e-01
2.584138685470578900e-01
2.401251487717645794e-01
2.196911243214565157e-01
1.972239577315139381e-01
1.728746922275860298e-01
1.468318177392899937e-01
1.193185858972709845e-01
9.058913988857308919e-02
6.092363365805594788e-02
3.062248849019904781e-02
2.013125440385234818e-16
1.005071965550055548e-16
-3.737098358533499920e-02
-7.435986586016235522e-02
-1.105932464443713098e-01
-1.457147792265634234e-01
-1.793928578486199688e-01
-2.113273318927844369e-01
-2.412550167833355796e-01
-2.689538285237803028e-01
-2.942454242234672224e-01
-3.169963428296319052e-01
-3.371176858267084242e-01
-3.545634658336000444e-01
-3.693278131158968525e-01
-3.814412582734030832e-01
-3.909663305840558323e-01
-3.979927556765648911e-01
-4.026324593218552628e-01
-4.050146213772898851e-01
-4.052809433063622180e-01
-4.035812777106880245e-01
-4.000697078118031769e-01
-3.949011513537642459e-01
-3.882284848212418371e-01
-3.802002065165112077e-01
-3.709585994718099800e-01
-3.606383434509639052e-01
-3.493655436638783973e-01
-3.372571092707417062e-01
-3.244204242043893793e-01
-3.109532732642570907e-01
-2.969439579404563045e-01
-2.824715745545843260e-01
-2.676064127341264420e-01
-2.524104429435420904e-01
-2.369378678470940025e-01
-2.212357173891536521e-01
-2.053444659465639421e-01
-1.892986595378446657e-01
-1.731275378857916603e-01
-1.568556439650580503e-01
-1.405034079359409049e-01
-1.240877038896761597e-01
-1.076223703878840532e-01
-9.111869361502832054e-02
-7.458585106781448482e-02
-5.803131595168465467e-02
-4.146122500338139671e-02
-2.488071315527686650e-02
-8.294220612888463656e-03
8.294220612888864377e-03
2.488071315495455141e-02
4.146122500583771658e-02
5.803131595847013657e-02
7.458585107179263596e-02
9.111869361649209409e-02
1.076223703667923276e-01
1.240877038636271079e-01
1.405034079472126662e-01
1.568556439356922905e-01
1.731275378678644450e-01
1.892986595090633828e-01
2.053444659338959088e-01
2.212357173632893415e-01
2.369378678542291838e-01
2.524104429810026251e-01
2.676064127600411013e-01
2.824715745207316830e-01
2.969439581743190670e-01
3.109532735237148793e-01
3.244204243376214158e-01
3.372571089104561270e-01
3.493655437695409871e-01
3.606383433613764566e-01
3.709585994675279608e-01
3.802002062291234830e-01
3.882284846777405152e-01
3.949011512500820720e-01
4.000697079789726773e-01
4.035812771421406486e-01
4.052809432336508255e-01
4.050146214405812017e-01
4.026324594302576054e-01
3.979927552245708933e-01
3.909663306251587311e-01
3.814412582347031511e-01
3.693278132967439120e-01
3.545634657989326088e-01
3.371176857811767902e-01
3.169963427186686666e-01
2.942454245587641237e-01
2.689538283871919511e-01
2.412550164716976420e-01
2.113273318996279626e-01
1.793928578381735472e-01
1.457147789567685148e-01
1.105932464136226284e-01
7.435986598573006423e-02
3.737098359412955456e-02
2.449758229745536266e-16
1.020790227197343481e-16
-3.780906931410872585e-02
-7.525028574765116329e-02
-1.119638117944616040e-01
-1.476055138784135301e-01
-1.818540265168400727e-01
-2.144169208352371958e-01
-2.450357598566718642e-01
-2.734899124626162248e-01
-2.995990217672661049e-01
-3.232241456325212203e-01
-3.442676153250396331e-01
-3.626717368050348389e-01
-3.784164960014733681e-01
-3.915164641243221166e-01
-4.020170950967911216e-01
-4.099906535371755090e-01
-4.155319292223305649e-01
-4.187539468264046549e-01
-4.197837953167927738e-01
-4.187587039690701118e-01
-4.158224437272952101e-01
-4.111221048784682863e-01
-4.048052924764389271e-01
-3.970177309856728343e-01
-3.879012819562537850e-01
-3.775923407045950753e-01
-3.662205935667125489e-01
-3.539080918537491627e-01
-3.407686092880009565e-01
-3.269072496963452701e-01
-3.124202642578699507e-01
-2.973950487165321066e-01
-2.819102903136703753e-01
-2.660362424908170875e-01
-2.498350907336299997e-01
-2.333614032883127021e-01
-2.166626370394697798e-01
-1.997796854202924799e-01
-1.827474530824510779e-01
-1.655954427671374185e-01
-1.483483428368438106e-01
-1.310266053053333046e-01
-1.136470063890460402e-01
-9.622318170324804798e-02
-7.876613327616160953e-02
-6.128470516923360811e-02
-4.378602778328273548e-02
-2.627593332646328828e-02
-8.759346134550616628e-03
8.759346134826604194e-03
2.627593333347201868e-02
4.378602775936300817e-02
6.128470519249696463e-02
7.876613329038674449e-02
9.622318167280936863e-02
1.136470063895109878e-01
1.310266053069705783e-01
1.483483428320696573e-01
1.655954427474836954e-01
1.827474530795424323e-01
1.997796854198356786e-01
2.166626369479516534e-01
2.333614032852403264e-01
2.498350906513842062e-01
2.660362424909194501e-01
2.819102901088983426e-01
2.973950487105531115e-01
3.124202641819719961e-01
3.269072497392147558e-01
3.407686092059685756e-01
3.539080916678669642e-01
3.662205936354293034e-01
3.775923406938582194e-01
3.879012818738736823e-01
3.970177310323017017e-01
4.048052926679005514e-01
4.111221050264825538e-01
4.158224436312297767e-01
4.187587041924976661e-01
4.197837951306677695e-01
4.187539466698139146e-01
4.155319293161763849e-01
4.099906535534036944e-01
4.020170951896600009e-01
3.915164633768528080e-01
3.784164959796725292e-01
3.626717366125751241e-01
3.442676150750831887e-01
3.232241462652734598e-01
2.995990221161892730e-01
2.734899123444075042e-01
2.450357596155155471e-01
2.144169206240977843e-01
1.818540266261173266e-01
1.476055137851388643e-01
1.119638117356280133e-01
7.525028580647141752e-02
3.780906928051631227e-02
2.482290515852910945e-16
9.682684171910454544e-17
-3.501091595198821405e-02
-6.969761414832972846e-02
-1.037424507384875766e-01
-1.368406784936344878e-01
-1.687062802626848601e-01
-1.990771089908980052e-01
-2.277191657304323824e-01
-2.544299006940942687e-01
-2.790404740301820063e-01
-3.014169652075671113e-01
-3.214605706385793571e-01
-3.391068735952719737e-01
-3.543242982791006135e-01
-3.671118879902043886e-01
-3.774965586337996060e-01
-3.855299768075991507e-01
-3.912852139977228139e-01
-3.948533031428062001e-01
-3.963398183644126771e-01
-3.958615714771975824e-01
-3.935434979160413183e-01
-3.895157904033675900e-01
-3.839113100794049882e-01
-3.768632985393096102e-01
-3.685033985466376061e-01
-3.589599702716149698e-01
-3.483567049493974666e-01
-3.368115033295157046e-01
-3.244356119790337556e-01
-3.113329844495497101e-01
-2.975998511373629807e-01
-2.833244700117378279e-01
-2.685870405202910871e-01
-2.534597560054085430e-01
-2.380069769102643451e-01
-2.222855051022522010e-01
-2.063449423413714900e-01
-1.902281159151394396e-01
-1.739715564845630003e-01
-1.576060131173069867e-01
-1.411569928181904410e-01
-1.246453130235542356e-01
-1.080876563257147510e-01
-9.149711766715626360e-02
-7.488374009202870829e-02
-5.825503208581581105e-02
-4.161646547811991004e-02
-2.497195296582728138e-02
-8.324308263471172711e-03
8.324308261840208251e-03
2.497195296904713285e-02
4.161646548392095024e-02
5.825503208578640402e-02
7.488374009755473237e-02
9.149711768374503562e-02
1.080876563428551235e-01
1.246453130690221844e-01
1.411569927933684354e-01
1.576060131092878458e-01
1.739715565880021741e-01
1.902281159684557077e-01
2.063449423062726495e-01
2.222855050756848971e-01
2.380069769316730810e-01
2.534597560614431089e-01
2.685870405468360755e-01
2.833244700401961191e-01
2.975998510682253961e-01
3.113329844813326197e-01
3.244356119883639589e-01
3.368115032316116864e-01
3.483567048731223692e-01
3.589599704089288523e-01
3.685033986303743458e-01
3.768632987693205094e-01
3.839113100040910664e-01
3.895157903686637946e-01
3.935434979571785785e-01
3.958615714649105777e-01
3.963398185599201207e-01
3.948533031212450584e-01
3.912852139997762269e-01
3.855299768028165874e-01
3.774965587155371116e-01
3.671118880378516081e-01
3.543242982957882092e-01
3.391068738498709267e-01
3.214605706087357850e-01
3.014169650940629053e-01
2.790404739831712777e-01
2.544299006080653625e-01
2.277191657480437392e-01
1.990771090565358059e-01
1.687062803021258939e-01
1.368406784443990110e-01
1.037424507874113305e-01
6.969761414807745803e-02
3.501091596669682338e-02
2.321500114928935598e-16
8.994458691658721911e-17
-3.080102946427829697e-02
-6.132774050321227605e-02
-9.131098020148198380e-02
-1.204917434321737535e-01
-1.486258025182173870e-01
-1.754878289610618813e-01
-2.008748875042481452e-01
-2.246092094705774422e-01
-2.465401935827230828e-01
-2.665456183802175638e-01
-2.845320844595732312e-01
-3.004347344212132120e-01
-3.142163278234521018e-01
-3.258657587327660199e-01
-3.353961224407890351e-01
-3.428424359125945009e-01
-3.482591180273440501e-01
-3.517173299789594920e-01
-3.533022635784087706e-01
-3.531104551474196773e-01
-3.512471895635814745e-01
-3.478240419146875206e-01
-3.429565983189677425e-01
-3.367623767124142686e-01
-3.293589677092073620e-01
-3.208623984786879157e-01
-3.113857192124662165e-01
-3.010378160183413421e-01
-2.899224280619270844e-01
-2.781373638782953517e-01
-2.657739076267557343e-01
-2.529163930098015656e-01
-2.396419350892074474e-01
-2.260203034694665547e-01
-2.121139230729493508e-01
-1.979779886931085364e-01
-1.836606726636297870e-01
-1.692034228699799137e-01
-1.546413268356036652e-01
-1.400035349634786708e-01
-1.253137271971313804e-01
-1.105906133444072847e-01
-9.584845482448038634e-02
-8.109759858885522144e-02
-6.634501746688330204e-02
-5.159484693604150102e-02
-3.684891814272164140e-02
-2.210728163708976582e-02
-7.368723883973453230e-03
7.368723883870859949e-03
2.210728163815903896e-02
3.684891815716612867e-02
5.159484694961521262e-02
6.634501745180773624e-02
8.109759859961217232e-02
9.584845481834654290e-02
1.105906133025426757e-01
1.253137272033323368e-01
1.400035349759980452e-01
1.546413267920284662e-01
1.692034228938373297e-01
1.836606726799431544e-01
1.979779886497160246e-01
2.121139231254988433e-01
2.260203036070478344e-01
2.396419350134262050e-01
2.529163929884068462e-01
2.657739076359346697e-01
2.781373637979239200e-01
2.899224280549992927e-01
3.010378162033020555e-01
3.113857192075371039e-01
3.208623985184864136e-01
3.293589676032383506e-01
3.367623766135849350e-01
3.429565983843426702e-01
3.478240419140848916e-01
3.512471894731277189e-01
3.531104552555528464e-01
3.533022635103211795e-01
3.517173299066235215e-01
3.482591180819353260e-01
3.428424358491665158e-01
3.353961222568071499e-01
3.258657586110140780e-01
3.142163276513451065e-01
3.004347344979695356e-01
2.845320843089488294e-01
2.665456183563685300e-01
2.465401934148995222e-01
2.246092093426278469e-01
2.008748874900199710e-01
1.754878288913201412e-01
1.486258024656516019e-01
1.204917433724856518e-01
9.131098016278971219e-02
6.132774057620663660e-02
3.080102943544708871e-02
2.089887259611550814e-16
8.402327395050133469e-17
-2.619643876788315881e-02
-5.216560427983206460e-02
-7.768423261358335663e-02
-1.025369486763135496e-01
-1.265198928596889261e-01
-1.494439851753623649e-01
-1.711377363236718518e-01
-1.914495360030962767e-01
-2.102493746314864353e-01
-2.274299812669207110e-01
-2.429073816544741193e-01
-2.566209022167074139e-01
-2.685326696257990253e-01
-2.786266603055706503e-01
-2.869073713596854147e-01
-2.933981867058247373e-01
-2.981395119092937196e-01
-3.011867520728675474e-01
-3.026082008684369828e-01
-3.024828962216831174e-01
-3.008985043158906580e-01
-2.979492666819531510e-01
-2.937340509438642333e-01
-2.883545294287559457e-01
-2.819135048044579261e-01
-2.745133972897425001e-01
-2.662548984177928735e-01
-2.572357941374634471e-01
-2.475499573312082147e-01
-2.372865040385952473e-01
-2.265291093344453388e-01
-2.153554740387195465e-01
-2.038369345585409886e-01
-1.920382059579878731e-01
-1.800172493989598277e-01
-1.678252539495122264e-01
-1.555067173676989989e-01
-1.430996273932562124e-01
-1.306357170421141023e-01
-1.181407913575618085e-01
-1.056351195596484938e-01
-9.313386731226974691e-02
-8.064757505950423400e-02
-6.818266257978765343e-02
-5.574195498282379091e-02
-4.332522509468838406e-02
-3.092974244740253134e-02
-1.855082840551244838e-02
-6.182412129493510509e-03
6.182412130396457497e-03
1.855082840840439201e-02
3.092974253308489879e-02
4.332522508035632075e-02
5.574195498174660396e-02
6.818266252118411475e-02
8.064757506561179290e-02
9.313386731177981936e-02
1.056351195573320689e-01
1.181407914502641404e-01
1.306357170520519584e-01
1.430996273788160966e-01
1.555067173582784235e-01
1.678252539503586882e-01
1.800172493736576784e-01
1.920382060057617690e-01
2.038369345805042254e-01
2.153554741278777551e-01
2.265291093460579663e-01
2.372865040562093797e-01
2.475499573142807830e-01
2.572357941153802230e-01
2.662548983795848256e-01
2.745133973280682316e-01
2.819135046877318529e-01
2.883545294129712944e-01
2.937340509331383132e-01
2.979492666718706606e-01
3.008985043595153730e-01
3.024828961530431348e-01
3.026082010384226195e-01
3.011867523139057923e-01
2.981395119284401818e-01
2.933981864863485778e-01
2.869073713353708088e-01
2.786266603624062976e-01
2.685326694937196779e-01
2.566209022718878296e-01
2.429073816223675242e-01
2.274299813892787792e-01
2.102493746903906224e-01
1.914495360149856273e-01
1.711377363869729662e-01
1.494439851869963087e-01
1.265198928478599716e-01
1.025369486598526197e-01
7.768423264058053890e-02
5.216560428488838802e-02
2.619643876788437312e-02
1.852670126493857727e-16
8.015286501843269172e-17
-2.174983106003285441e-02
-4.331362181887923185e-02
-6.450844365622136756e-02
-8.515749871497335644e-02
-1.050929575142112160e-01
-1.241585361440969842e-01
-1.422117452712280683e-01
-1.591257592376185970e-01
-1.747908688239406261e-01
-1.891154996437512392e-01
-2.020267950987896521e-01
-2.134707768741882505e-01
-2.234121092931647123e-01
-2.318335079816900290e-01
-2.387348359381195051e-01
-2.441319378428423448e-01
-2.480552684969200283e-01
-2.505483632262542337e-01
-2.516662060248022192e-01
-2.514735379369836821e-01
-2.500431497817953153e-01
-2.474541964824359119e-01
-2.437905599623416131e-01
-2.391392899354876644e-01
-2.335891390294867753e-01
-2.272292080771467493e-01
-2.201477124383490191e-01
-2.124308741771486209e-01
-2.041619462821080422e-01
-1.954203677000557471e-01
-1.862810498726344688e-01
-1.768137920473540070e-01
-1.670828209355144089e-01
-1.571464514161096115e-01
-1.470568616911958337e-01
-1.368599772127531422e-01
-1.265954560073298818e-01
-1.162967686706515708e-01
-1.059913639549031755e-01
-9.570091269722734439e-02
-8.544162051280412840e-02
-7.522460066068391293e-02
-6.505629859834684281e-02
-5.493895935949719145e-02
-4.487113006031163975e-02
-3.484819007959381876e-02
-2.486290258931639699e-02
-1.490598175047479386e-02
-4.966671070052793187e-03
4.966671070428792766e-03
1.490598175339175047e-02
2.486290259152269810e-02
3.484819007548362046e-02
4.487113005690217260e-02
5.493895935832907723e-02
6.505629859141782989e-02
7.522460065725226908e-02
8.544162050993313329e-02
9.570091269378716570e-02
1.059913639663671719e-01
1.162967686302227438e-01
1.265954560183356337e-01
1.368599771927725417e-01
1.470568616656828809e-01
1.571464514069408902e-01
1.670828209114466056e-01
1.768137920717454681e-01
1.862810499317479884e-01
1.954203676564323089e-01
2.041619462852273525e-01
2.124308742111496451e-01
2.201477123608814590e-01
2.272292080789882207e-01
2.335891390555808467e-01
2.391392899035060249e-01
2.437905599294986347e-01
2.474541966157878525e-01
2.500431496960751621e-01
2.514735378113014397e-01
2.516662059920773964e-01
2.505483632585768783e-01
2.480552684918809481e-01
2.441319378735898882e-01
2.387348359130566366e-01
2.318335079518222264e-01
2.234121091933759518e-01
2.134707768510108739e-01
2.020267952399160127e-01
1.891154995146468454e-01
1.747908688455050985e-01
1.591257593032648077e-01
1.422117453112825836e-01
1.241585361602825788e-01
1.050929575100921082e-01
8.515749871309168106e-02
6.450844366710456468e-02
4.331362181045630283e-02
2.174983106555075305e-02
1.642096617099424634e-16
7.856761989274770125e-17
-1.774081076600333637e-02
-3.533045422712507988e-02
-5.262018859975048368e-02
-6.946605593654538169e-02
-8.573110934690569840e-02
-1.012874502217465944e-01
-1.160180264845951242e-01
-1.298181502012828170e-01
-1.425967089804559551e-01
-1.542770498926892830e-01
-1.647975362362221752e-01
-1.741117801115129871e-01
-1.821885655534588311e-01
-1.890114907195416527e-01
-1.945783546098781014e-01
-1.989003270158347658e-01
-2.020009351204833659e-01
-2.039149092780544736e-01
-2.046869221651639870e-01
-2.043702575252508424e-01
-2.030254421293218314e-01
-2.007188713498383181e-01
-1.975214506799002900e-01
-1.935072788743029959e-01
-1.887523886272560181e-01
-1.833335601370922885e-01
-1.773272185574279458e-01
-1.708084258841872372e-01
-1.638499696091882951e-01
-1.565215567369858674e-01
-1.488891127002801018e-01
-1.410141862739786589e-01
-1.329534625217569099e-01
-1.247583795725095424e-01
-1.164748490967989075e-01
-1.081430763480604462e-01
-9.979747684640330463e-02
-9.146668371449320767e-02
-8.317364180341560442e-02
-7.493578154120285328e-02
-6.676526671194932261e-02
-5.866930859291270145e-02
-5.065053951282993266e-02
-4.270743847070934684e-02
-3.483480113795168337e-02
-2.702424750274541598e-02
-1.926476000655373555e-02
-1.154324569142706550e-02
-3.845116700930079155e-03
3.845116700778727567e-03
1.154324569151266716e-02
1.926476000714989062e-02
2.702424750236439091e-02
3.483480113085547780e-02
4.270743846996732929e-02
5.065053952733498954e-02
5.866930857824555201e-02
6.676526671618711328e-02
7.493578153966877486e-02
8.317364180337877277e-02
9.146668370665018977e-02
9.979747685000864288e-02
1.081430763613278750e-01
1.164748490784926621e-01
1.247583795913837085e-01
1.329534625316040608e-01
1.410141862256706347e-01
1.488891127293883732e-01
1.565215567865081148e-01
1.638499695912620513e-01
1.708084259002288496e-01
1.773272185358276409e-01
1.833335601128844028e-01
1.887523886679543517e-01
1.935072789853239938e-01
1.975214506637026635e-01
2.007188712831095290e-01
2.030254420896682455e-01
2.043702574719643283e-01
2.046869221450266230e-01
2.039149093891640396e-01
2.020009351084658122e-01
1.989003268685989589e-01
1.945783546884372051e-01
1.890114906713394050e-01
1.821885654997105197e-01
1.741117801072465388e-01
1.647975363571241580e-01
1.542770498786187050e-01
1.425967090138660076e-01
1.298181503198668485e-01
1.160180264962129559e-01
1.012874502754782802e-01
8.573110931736084572e-02
6.946605592438080679e-02
5.262018858779154984e-02
3.533045421368222194e-02
1.774081076901078136e-02
1.471303258245658120e-16
7.903164275550647531e-17
-1.428364090350562297e-02
-2.844500214348342354e-02
-4.236370567224534422e-02
-5.592312743332945868e-02
-6.901215334109732369e-02
-8.152679530369620620e-02
-9.337163045157001462e-02
-1.044610318092073498e-01
-1.147201688529870395e-01
-1.240857630158327535e-01
-1.325065915699467911e-01
-1.399437425001825164e-01
-1.463706295077124575e-01
-1.517727816143733810e-01
-1.561474281106246809e-01
-1.595029025736520722e-01
-1.618578930719247189e-01
-1.632405646322304393e-01
-1.636875834359432513e-01
-1.632430683764951596e-01
-1.619574962956342179e-01
-1.598865839461970084e-01
-1.570901679891845149e-01
-1.536311016278532338e-01
-1.495741842573063141e-01
-1.449851364923719077e-01
-1.399296342235936408e-01
-1.344724078146532498e-01
-1.286764169235941890e-01
-1.226021042483868423e-01
-1.163067338741266277e-01
-1.098438165983297854e-01
-1.032626247652563556e-01
-9.660779726507391640e-02
-8.991903493252868806e-02
-8.323088569555602001e-02
-7.657261787649706497e-02
-6.996817919406803088e-02
-6.343623850125586217e-02
-5.699030603644033438e-02
-5.063892777356759911e-02
-4.438594851006213288e-02
-3.823083768359356732e-02
-3.216907187256877465e-02
-2.619256724830407515e-02
-2.029015514442057688e-02
-1.444809406789665171e-02
-8.650611172989030109e-03
-2.880466516897819181e-03
2.880466516496083679e-03
8.650611171928038537e-03
1.444809406702114024e-02
2.029015514606071630e-02
2.619256724748951493e-02
3.216907187645190458e-02
3.823083767709232333e-02
4.438594850094734062e-02
5.063892777507076476e-02
5.699030603179471022e-02
6.343623850248723828e-02
6.996817920122379297e-02
7.657261787300091715e-02
8.323088570068370995e-02
8.991903492765815353e-02
9.660779728052221182e-02
1.032626247406722014e-01
1.098438165761270874e-01
1.163067338345453311e-01
1.226021042361318258e-01
1.286764169007880987e-01
1.344724077983739385e-01
1.399296342080004196e-01
1.449851365450594842e-01
1.495741842053120718e-01
1.536311016554484377e-01
1.570901678769542065e-01
1.598865838718565024e-01
1.619574962705844501e-01
1.632430683377507630e-01
1.636875834222038251e-01
1.632405646241962827e-01
1.618578930683953476e-01
1.595029025759140406e-01
1.561474281098030881e-01
1.517727816607244151e-01
1.463706295094083787e-01
1.399437424640241345e-01
1.325065914349549123e-01
1.240857630806036505e-01
1.147201689251459988e-01
1.044610318340386812e-01
9.337163041426350951e-02
8.152679532854494038e-02
6.901215331966847888e-02
5.592312741964647338e-02
4.236370565391549270e-02
2.844500214811023289e-02
1.428364090931923992e-02
1.342338246386069588e-16
8.108633106756541112e-17
-1.139421771885807018e-02
-2.268976577303876904e-02
-3.378947471861187823e-02
-4.459913886476708778e-02
-5.502890795430178533e-02
-6.499457471754263582e-02
-7.441872907312001295e-02
-8.323175653697251208e-02
-9.137266138029126461e-02
-9.878970339343030871e-02
-1.054408417453682884e-01
-1.112939849987888419e-01
-1.163270536659300747e-01
-1.205278624738412852e-01
-1.238938393365130730e-01
-1.264315938375668025e-01
-1.281563570666166274e-01
-1.290913107793169590e-01
-1.292668275885675289e-01
-1.287196425664350330e-01
-1.274919749455267759e-01
-1.256306197521776524e-01
-1.231860262985703114e-01
-1.202113777053320093e-01
-1.167616873935572869e-01
-1.128929230725902871e-01
-1.086611692283343394e-01
-1.041218371113707825e-01
-9.932892993832696804e-02
-9.433436924696796122e-02
-8.918738813653005748e-02
-8.393399499874233671e-02
-7.861651178896929271e-02
-7.327318869272500534e-02
-6.793789710516785763e-02
-6.263990186135878768e-02
-5.740371277357391583e-02
-5.224901327439661347e-02
-4.719066881895860738e-02
-4.223880683495526839e-02
-3.739896945850959553e-02
-3.267233339147516957e-02
-2.805599242751260006e-02
-2.354329764027347782e-02
-1.912424908630387319e-02
-1.478593308869205133e-02
-1.051299836435563503e-02
-6.288164258766407340e-03
-2.092754010596881500e-03
2.092754010811988946e-03
6.288164259959929184e-03
1.051299836323766300e-02
1.478593308583543361e-02
1.912424909997427827e-02
2.354329764105745834e-02
2.805599243843969609e-02
3.267233338414543553e-02
3.739896946484414647e-02
4.223880684284716386e-02
4.719066882104079597e-02
5.224901327179386906e-02
5.740371276929029376e-02
6.263990186445833608e-02
6.793789710448397412e-02
7.327318869390068989e-02
7.861651178393853912e-02
8.393399499838330446e-02
8.918738814054576192e-02
9.433436924542835944e-02
9.932892994560281463e-02
1.041218371229145206e-01
1.086611692017130509e-01
1.128929230290830615e-01
1.167616874034561464e-01
1.202113776802413297e-01
1.231860262515084431e-01
1.256306197626768928e-01
1.274919749110668965e-01
1.287196425409255496e-01
1.292668276067955591e-01
1.290913107499885581e-01
1.281563570988672740e-01
1.264315938965421271e-01
1.238938393540887639e-01
1.205278624264483345e-01
1.163270535675516165e-01
1.112939850766185013e-01
1.054408417257629571e-01
9.878970343782408903e-02
9.137266137401345301e-02
8.323175650644887291e-02
7.441872904924420884e-02
6.499457471750720583e-02
5.502890798534399580e-02
4.459913886232368813e-02
3.378947472537642549e-02
2.268976578149670131e-02
1.139421772126119649e-02
1.251224416072369715e-16
8.420982361530193768e-17
-9.034024224803231459e-03
-1.798850043859002990e-02
-2.678507150629539160e-02
-3.534773443747914190e-02
-4.360394939368877204e-02
-5.148566972238617645e-02
-5.893027128622001232e-02
-6.588136258147957169e-02
-7.228946091823762465e-02
-7.811252536001128677e-02
-8.331633957667497481e-02
-8.787474385210919392e-02
-9.176971834581877652e-02
-9.499132398205369088e-02
-9.753750940143025849e-02
-9.941379657711163498e-02
-1.006328574757410360e-01
-1.012139970973220116e-01
-1.011825577031648382e-01
-1.005692605887921337e-01
-9.940949952543003121e-02
-9.774260133797865735e-02
-9.561106760997595266e-02
-9.305980917182256340e-02
-9.013538654035353759e-02
-8.688526570437232754e-02
-8.335709936040422430e-02
-7.959804136683230891e-02
-7.565410236022039603e-02
-7.156955228233538580e-02
-6.738637558132667960e-02
-6.314378429367627221e-02
-5.887779181845285287e-02
-5.462085182553814283e-02
-5.040156414083422909e-02
-4.624444959558875190e-02
-4.216979493206304830e-02
-3.819356809835387778e-02
-3.432740340598387785e-02
-3.057865530477283170e-02
-2.695051885605266248e-02
-2.344221299801316216e-02
-2.004922565655797156e-02
-1.676361257315002115e-02
-1.357434782528828959e-02
-1.046771885895681105e-02
-7.427760725765410708e-03
-4.436722443598971506e-03
-1.475558896598816536e-03
1.475558895673800179e-03
4.436722443088797138e-03
7.427760727443043567e-03
1.046771886158541498e-02
1.357434783797221468e-02
1.676361258906689661e-02
2.004922564798547815e-02
2.344221299205561174e-02
2.695051886098629584e-02
3.057865531060810146e-02
3.432740339918084055e-02
3.819356809673993269e-02
4.216979493015797498e-02
4.624444959583588755e-02
5.040156413744068670e-02
5.462085183471349775e-02
5.887779182087624769e-02
6.314378429526097680e-02
6.738637558113198811e-02
7.156955226876800247e-02
7.565410236080437334e-02
7.959804136955160592e-02
8.335709936020817279e-02
8.688526571482065031e-02
9.013538654332485522e-02
9.305980917104610117e-02
9.561106760382849512e-02
9.774260135776204061e-02
9.940949952981602278e-02
1.005692606220985885e-01
1.011825577058807352e-01
1.012139970773339448e-01
1.006328574740405213e-01
9.941379658324721313e-02
9.753750937605282223e-02
9.499132399070392418e-02
9.176971831609588570e-02
8.787474384546581363e-02
8.331633956337447522e-02
7.811252533501203410e-02
7.228946089209871417e-02
6.588136254199213060e-02
5.893027129899088695e-02
5.148566972958220495e-02
4.360394939203442871e-02
3.534773443362326795e-02
2.678507150852762683e-02
1.798850043591938841e-02
9.034024223522854613e-03
1.191251597101460113e-16
8.791232119626385155e-17
-7.138741663185151423e-03
-1.421332635976351420e-02
-2.116054815390964669e-02
-2.791908201349700344e-02
-3.443037231754719762e-02
-4.063946080855480175e-02
-4.649573718495413066e-02
-5.195359782719734948e-02
-5.697300114406447097e-02
-6.151991108737263347e-02
-6.556662367956780924e-02
-6.909197455950018274e-02
-7.208142850972990012e-02
-7.452705478486740254e-02
-7.642739434737215454e-02
-7.778722714206065536e-02
-7.861724912177205093e-02
-7.893366981042787556e-02
-7.875774192309790978e-02
-7.811523490245700363e-02
-7.703586423542947703e-02
-7.555268811718129918e-02
-7.370148259460290729e-02
-7.152010598462599233e-02
-6.904786155628819810e-02
-6.632486862566630559e-02
-6.339144949113839633e-02
-6.028754001548215780e-02
-5.705213057735192966e-02
-5.372274346038779375e-02
-5.033495205163780739e-02
-4.692194662989038201e-02
-4.351415098345467330e-02
-4.013889323737297732e-02
-3.682013404661280825e-02
-3.357825433242277169e-02
-3.042990422184345747e-02
-2.738791423375390444e-02
-2.446126876546916157e-02
-2.165514152498820497e-02
-1.897099151128761943e-02
-1.640671730510102899e-02
-1.395686705938502942e-02
-1.161290027309415558e-02
-9.363497230579539976e-03
-7.194910996434160551e-03
-5.091356451225061662e-03
-3.035430313215577592e-03
-1.008555680571846230e-03
1.008555680585199697e-03
3.035430313281533947e-03
5.091356451345418511e-03
7.194910996541271919e-03
9.363497230473249999e-03
1.161290027285476895e-02
1.395686705958648112e-02
1.640671730533258335e-02
1.897099151107125084e-02
2.165514152543135395e-02
2.446126876473810399e-02
2.738791423414916812e-02
3.042990422210547358e-02
3.357825433041924934e-02
3.682013404846350840e-02
4.013889323701768513e-02
4.351415098251309316e-02
4.692194663046340974e-02
5.033495205177825754e-02
5.372274346046933963e-02
5.705213057561790008e-02
6.028754001369312360e-02
6.339144949073355351e-02
6.632486862498268576e-02
6.904786155613713838e-02
7.152010598388154616e-02
7.370148259486380971e-02
7.555268811824328301e-02
7.703586423635369607e-02
7.811523490308464046e-02
7.875774192162370013e-02
7.893366980957108869e-02
7.861724912128584264e-02
7.778722714083932677e-02
7.642739434781913033e-02
7.452705478286653085e-02
7.208142850742976782e-02
6.909197455869085791e-02
6.556662367830187743e-02
6.151991108566563088e-02
5.697300114416549432e-02
5.195359782773311536e-02
4.649573718307241366e-02
4.063946080774159114e-02
3.443037231678233029e-02
2.791908201378536999e-02
2.116054815366826339e-02
1.421332635985650059e-02
7.138741663304530756e-03
1.155034710322818296e-16
9.178452508052298502e-17
-5.635995208511686630e-03
-1.122017174939477641e-02
-1.670147476655591337e-02
-2.203036071754957068e-02
-2.715951279025801204e-02
-3.204450948167869573e-02
-3.664443305670722628e-02
-4.092240648617750942e-02
-4.484604955294969886e-02
-4.838784720978136361e-02
-5.152542562260834652e-02
-5.424173380710575754e-02
-5.652513104652129999e-02
-5.836938205323511514e-02
-5.977356495652053764e-02
-6.074189666599449922e-02
-6.128348358611545449e-02
-6.141200540886731368e-02
-6.114534068948859064e-02
-6.050514340368744193e-02
-5.951637972692522954e-02
-5.820683423637969256e-02
-5.660659454676170849e-02
-5.474752297298488002e-02
-5.266272341741280033e-02
-5.038601118244689925e-02
-4.795139281481044374e-02
-4.539256261559623806e-02
-4.274242194504569020e-02
-4.003262681500056180e-02
-3.729316888737549407e-02
-3.455199443450430313e-02
-3.183466531779018810e-02
-2.916406557407062033e-02
-2.656015662855080658e-02
-2.403978365599590550e-02
-2.161653495848827114e-02
-1.930065566449703021e-02
-1.709901633743256613e-02
-1.501513641480499775e-02
-1.304926165666665284e-02
-1.119849403963667916e-02
-9.456971805559693384e-03
-7.816096631587032481e-03
-6.264804203190471078e-03
-4.789873823803171560e-03
-3.376272105878056796e-03
-2.007525274920545985e-03
-6.661141860504287381e-04
6.661141860334623835e-04
2.007525274925339026e-03
3.376272105865539032e-03
4.789873823638435280e-03
6.264804202873710572e-03
7.816096631675636952e-03
9.456971805535620626e-03
1.119849403916362528e-02
1.304926165685522249e-02
1.501513641543425655e-02
1.709901633729644238e-02
1.930065566404230715e-02
2.161653495848491618e-02
2.403978365581314544e-02
2.656015662872288768e-02
2.916406557534879582e-02
3.183466531858712700e-02
3.455199443545602794e-02
3.729316888686897563e-02
4.003262681525124322e-02
4.274242194583359467e-02
4.539256261711226148e-02
4.795139281462138664e-02
5.038601118378831928e-02
5.266272341732741030e-02
5.474752297319517014e-02
5.660659454722936218e-02
5.820683423626386854e-02
5.951637972673267524e-02
6.050514340328918411e-02
6.114534068916419735e-02
6.141200540941156583e-02
6.128348358620614583e-02
6.074189666547148703e-02
5.977356495821305876e-02
5.836938205509953348e-02
5.652513096794744424e-02
5.424173380699318092e-02
5.152542562203400733e-02
4.838784720870946410e-02
4.484604955326745857e-02
4.092240648713800499e-02
3.664443305764456676e-02
3.204450948176534170e-02
2.715951279068151356e-02
2.203036071747001279e-02
1.670147476656769214e-02
1.122017174943810112e-02
5.635995208484292744e-03
1.135683304635885761e-16
9.551416390800414328e-17
-4.455519986373333505e-03
-8.869088881328932375e-03
-1.319937236449906029e-02
-1.740625691379005940e-02
-2.145142876532542611e-02
-2.529891602185916841e-02
-2.891558401344828874e-02
-3.227157387663971699e-02
-3.534067749399116831e-02
-3.810064355236171540e-02
-4.053340887951843025e-02
-4.262525604955685887e-02
-4.436689325771204367e-02
-4.575346147571984073e-02
-4.678446962682558663e-02
-4.746366093707465178e-02
-4.779881952519281912e-02
-4.780151896345064683e-02
-4.748682216221658536e-02
-4.687293873483794338e-02
-4.598084730149615967e-02
-4.483388984590021970e-02
-4.345734696513737366e-02
-4.187799618512329930e-02
-4.012366935886473723e-02
-3.822280459872894054e-02
-3.620400669179286296e-02
-3.409562026911395344e-02
-3.192531913286276307e-02
-2.971971668026395993e-02
-2.750400542300328668e-02
-2.530162610684087016e-02
-2.313397212784494908e-02
-2.102013237578653770e-02
-1.897667479846871716e-02
-1.701747418247399543e-02
-1.515358508630210502e-02
-1.339316203875016986e-02
-1.174142741447947898e-02
-1.020068727935951290e-02
-8.770394675611572696e-03
-7.447259188081897623e-03
-6.225400890080413745e-03
-5.096546238202807715e-03
-4.050262624506808032e-03
-3.074227798842589423e-03
-2.154529971032953344e-03
-1.275993497628568566e-03
-4.225250977233687691e-04
4.225250977369040032e-04
1.275993497545769781e-03
2.154529971033747413e-03
3.074227798787414374e-03
4.050262624663271416e-03
5.096546238447366428e-03
6.225400890168095343e-03
7.447259188289131158e-03
8.770394675529659054e-03
1.020068727958787884e-02
1.174142741424595397e-02
1.339316203849760453e-02
1.515358508650990928e-02
1.701747418225560415e-02
1.897667479928003345e-02
2.102013237589064193e-02
2.313397212823821783e-02
2.530162608630949495e-02
2.750400542345415519e-02
2.971971668019559448e-02
3.192531912091407104e-02
3.409562026887134889e-02
3.620400669160977331e-02
3.822280459901305355e-02
4.012366935882158425e-02
4.187799618531438950e-02
4.345734696499941457e-02
4.483388984530534138e-02
4.598084730368954404e-02
4.687293873602497996e-02
4.748682216162330993e-02
4.780151896308017928e-02
4.779881952528700073e-02
4.746366093932811309e-02
4.678446961712238311e-02
4.575346160103594545e-02
4.436689325924925847e-02
4.262525605152386876e-02
4.053340887956506655e-02
3.810064348909071585e-02
3.534067749343361431e-02
3.227157382856208484e-02
2.891558401352416555e-02
2.529891602198748937e-02
2.145142876571849364e-02
1.740625691361140370e-02
1.319937236443421633e-02
8.869088881396576182e-03
4.455519986443972312e-03
1.127359251610026679e-16
9.888307422408253221e-17
-3.534286917369710342e-03
-7.034506233100678782e-03
-1.046709092137298840e-02
-1.379946504905575459e-02
-1.700051446518554069e-02
-2.004102848324293418e-02
-2.289410419321688192e-02
-2.553550610103457602e-02
-2.794397501630387429e-02
-3.010148144049640956e-02
-3.199342012431442145e-02
-3.360874388890771475e-02
-3.494003617028990788e-02
-3.598352307674089479e-02
-3.673902691342984667e-02
-3.720986419208890256e-02
-3.740269201681611227e-02
-3.732730743644465526e-02
-3.699640498997334992e-02
-3.642529791123896854e-02
-3.563160884309456850e-02
-3.463493596296697563e-02
-3.345650040271065662e-02
-3.211878085818922757e-02
-3.064514098958179278e-02
-2.905945515865428208e-02
-2.738573770706374463e-02
-2.564778077118635632e-02
-2.386880532320527840e-02
-2.207112985532729693e-02
-2.027586082015388896e-02
-1.850260860734008819e-02
-1.676923252444627657e-02
-1.509161789164612487e-02
-1.348348796124042986e-02
-1.195625298223546538e-02
-1.051889825530762622e-02
-9.177912551012430004e-03
-7.937257728456501363e-03
-6.798379832437596512e-03
-5.760261395449751964e-03
-4.819513950411327859e-03
-3.970509357811302827e-03
-3.205547717954134075e-03
-2.515059211234180799e-03
-1.887836580945870778e-03
-1.311294486243916617e-03
-7.717514967405193684e-04
-2.547301126556150838e-04
2.547301126402245629e-04
7.717514967709179037e-04
1.311294486274079338e-03
1.887836580964947965e-03
2.515059211242453695e-03
3.205547717873486347e-03
3.970509357844482015e-03
4.819513950664567128e-03
5.760261395328253667e-03
6.798379832602258199e-03
7.937257728126933393e-03
9.177912551044156361e-03
1.051889825554729735e-02
1.195625298286351855e-02
1.348348796135409068e-02
1.509161789150872610e-02
1.676923252444642576e-02
1.850260860790635745e-02
2.027586082026771111e-02
2.207112985600449828e-02
2.386880532260354446e-02
2.564778077176617030e-02
2.738573770767945698e-02
2.905945515844777019e-02
3.064514098933078176e-02
3.211878085893925955e-02
3.345650040287292265e-02
3.463493596264320684e-02
3.563160884296471403e-02
3.642529791053483040e-02
3.699640499009542588e-02
3.732730743659122552e-02
3.740269201671855143e-02
3.720986419226689212e-02
3.673902691354802297e-02
3.598352307620292234e-02
3.494003617054491223e-02
3.360874388868465013e-02
3.199342012419147119e-02
3.010148144001804221e-02
2.794397501635216899e-02
2.553550610124754108e-02
2.289410419292756127e-02
2.004102848347812452e-02
1.700051446509048478e-02
1.379946504890030255e-02
1.046709092171719396e-02
7.034506233194949727e-03
3.534286917363943254e-03
1.125445362548272591e-16
1.017542697506382547e-16
-2.818479597423983150e-03
-5.609190501486756644e-03
-8.344772241687961611e-03
-1.099867277620416965e-02
-1.354553289898303287e-02
-1.596154748991481312e-02
-1.822479690992948043e-02
-2.031554263019239373e-02
-2.221648213839032618e-02
-2.391295919925403440e-02
-2.539312663524744343e-02
-2.664805992117463829e-02
-2.767182095237987957e-02
-2.846147240576207132e-02
-2.901704404647412541e-02
-2.934145320452500802e-02
-2.944038235056003344e-02
-2.932211734087954158e-02
-2.899735034968243044e-02
-2.847895188709224229e-02
-2.778171653948868780e-02
-2.692208720815062253e-02
-2.591786268058419995e-02
-2.478789335366634108e-02
-2.355176983967960380e-02
-2.222950906456331796e-02
-2.084124242061144786e-02
-1.940690994268290046e-02
-1.794596500821978372e-02
-1.647709306254106082e-02
-1.501794813501145659e-02
-1.358491045130786126e-02
-1.219286823485796201e-02
-1.085502646348313407e-02
-9.582745032744227620e-03
-8.385408416865349976e-03
-7.270328514932011474e-03
-6.242681962861268939e-03
-5.305482706447057356e-03
-4.459590173204589815e-03
-3.703752833024234921e-03
-3.034686431030844678e-03
-2.447185642820853130e-03
-1.934267345515984461e-03
-1.487343212738119133e-03
-1.096418824226403320e-03
-7.503160529350458904e-04
-4.369150763174660867e-04
-1.434120212034340977e-04
1.434120212265846330e-04
4.369150763317059438e-04
7.503160528648376197e-04
1.096418824138439829e-03
1.487343212741430937e-03
1.934267345572645083e-03
2.447185642875660851e-03
3.034686430984133345e-03
3.703752832736181052e-03
4.459590173640081735e-03
5.305482706625244682e-03
6.242681962971678884e-03
7.270328515473243464e-03
8.385408416772890949e-03
9.582745032877827349e-03
1.085502646320912756e-02
1.219286823477323117e-02
1.358491045160729015e-02
1.501794813523684921e-02
1.647709306267666415e-02
1.794596500819555657e-02
1.940690994330327226e-02
2.084124242037245500e-02
2.222950906467741419e-02
2.355176984093855508e-02
2.478789335256232143e-02
2.591786268022674630e-02
2.692208720810122802e-02
2.778171654006140676e-02
2.847895188761965721e-02
2.899735034978433851e-02
2.932211734062230291e-02
2.944038234987238559e-02
2.934145320387899353e-02
2.901704404664692816e-02
2.846147240554141797e-02
2.767182095228043828e-02
2.664805992111784344e-02
2.539312663515447266e-02
2.391295919884132287e-02
2.221648213915479453e-02
2.031554263014189940e-02
1.822479690984231751e-02
1.596154748972615500e-02
1.354553289903290617e-02
1.099867277626603509e-02
8.344772241550594064e-03
5.609190501377706722e-03
2.818479597402325561e-03
1.126492318637424930e-16
1.040553552552964977e-16
-2.263653122591751873e-03
-4.504575587795981405e-03
-6.700371151603544059e-03
-8.829305959129268161e-03
-1.087062381517109842e-02
-1.280484283562969769e-02
-1.461402804362188328e-02
-1.628203512030673705e-02
-1.779472124022340312e-02
-1.914011974178147016e-02
-2.030857624093580088e-02
-2.129284466879098614e-02
-2.208814259951521336e-02
-2.269216603020151116e-02
-2.310506458442171743e-02
-2.332937877634014279e-02
-2.336994158971908778e-02
-2.323374715581402045e-02
-2.292978968925572444e-02
-2.246887620923111381e-02
-2.186341677488539206e-02
-2.112719612810656442e-02
-2.027513070968442466e-02
-1.932301504630926786e-02
-1.828726145360026409e-02
-1.718463696028454252e-02
-1.603200121488279270e-02
-1.484604904068319124e-02
-1.364306112563583653e-02
-1.243866617223149049e-02
-1.124761765580896584e-02
-1.008358810511122278e-02
-8.958983498650026009e-03
-7.884780517379759782e-03
-6.870388382107231115e-03
-5.923537438941080084e-03
-5.050195874690902552e-03
-4.254515710719895642e-03
-3.538808811764069650e-03
-2.903553224692640052e-03
-2.347429702163436605e-03
-1.867387839954184631e-03
-1.458740755654474143e-03
-1.115286805131570193e-03
-8.294563779125451244e-04
-5.924813831055094010e-04
-3.945846630162379558e-04
-2.251862100589427016e-04
-7.312277629038709740e-05
7.312277627883218565e-05
2.251862101111522946e-04
3.945846630026954033e-04
5.924813832644295871e-04
8.294563778097292566e-04
1.115286805484422055e-03
1.458740755892895188e-03
1.867387840572046947e-03
2.347429702256235203e-03
2.903553224276856758e-03
3.538808812586264393e-03
4.254515711088635403e-03
5.050195874957660522e-03
5.923537439428542585e-03
6.870388381858892439e-03
7.884780517236067432e-03
8.958983498436372261e-03
1.008358810513986133e-02
1.124761765583545334e-02
1.243866617243582010e-02
1.364306112478634765e-02
1.484604904097797107e-02
1.603200121492890165e-02
1.718463695992284226e-02
1.828726145324974586e-02
1.932301504581646762e-02
2.027513071008267206e-02
2.112719612773227354e-02
2.186341677466000638e-02
2.246887620882905348e-02
2.292978968953997970e-02
2.323374715597777487e-02
2.336994159000503959e-02
2.332937877577480335e-02
2.310506458486253148e-02
2.269216603063824167e-02
2.208814259920509337e-02
2.129284466905992379e-02
2.030857624063383063e-02
1.914011974210633182e-02
1.779472124006521716e-02
1.628203511980836141e-02
1.461402804360599668e-02
1.280484283530505633e-02
1.087062381513535271e-02
8.829305958787236203e-03
6.700371151620736036e-03
4.504575587712647891e-03
2.263653122609740088e-03
1.128058865270014604e-16
1.057620774226419577e-16
-1.833954058932276863e-03
-3.649214434710338923e-03
-5.427362563894375450e-03
-7.150524898163589625e-03
-8.801632534822530218e-03
-1.036466573402883458e-02
-1.182487894393989721e-02
-1.316900238518655189e-02
-1.438541685711151007e-02
-1.546429907783408893e-02
-1.639773551755081132e-02
-1.717980340456149585e-02
-1.780661833820009268e-02
-1.827634845081075807e-02
-1.858919589700785621e-02
-1.874734684058320180e-02
-1.875489173286275582e-02
-1.861771804304482650e-02
-1.834337797435600659e-02
-1.794093402108460494e-02
-1.742078536284399556e-02
-1.679447831929793342e-02
-1.607450412137488918e-02
-1.527408731898758330e-02
-1.440696810514167925e-02
-1.348718197044216846e-02
-1.252883957708494055e-02
-1.154591053269392147e-02
-1.055201300143125166e-02
-9.560213686434405542e-03
-8.582838997821969768e-03
-7.631301249656999124e-03
-6.715941688120102143e-03
-5.845892559885995307e-03
-5.028960071920113815e-03
-4.271529848196817074e-03
-3.578496188413244662e-03
-2.953216101291884863e-03
-2.397488771489153514e-03
-1.911560717204067485e-03
-1.494156549791348905e-03
-1.142534835957573734e-03
-8.525681649854593763e-04
-6.188461512431197437e-04
-4.347997032239248744e-04
-2.928445380978132186e-04
-1.845415985012881146e-04
-1.007717184058281543e-04
-3.192165012388705197e-05
3.192165012427749350e-05
1.007717184066798629e-04
1.845415984439962697e-04
2.928445383415123225e-04
4.347997031081841240e-04
6.188461514356264530e-04
8.525681649643295770e-04
1.142534836691899746e-03
1.494156550460174577e-03
1.911560717388375999e-03
2.397488771645263882e-03
2.953216101600379846e-03
3.578496187919287357e-03
4.271529848078615618e-03
5.028960071474490243e-03
5.845892560287730376e-03
6.715941688903830260e-03
7.631301249374184553e-03
8.582838997727623362e-03
9.560213686182246137e-03
1.055201300133173405e-02
1.154591053307003901e-02
1.252883958530356424e-02
1.348718197089969484e-02
1.440696810569427194e-02
1.527408731118554130e-02
1.607450412679816559e-02
1.679447831956484838e-02
1.742078536620152163e-02
1.794093401959872061e-02
1.834337797435553127e-02
1.861771804215482662e-02
1.875489173168099974e-02
1.874734684085667749e-02
1.858919589682432247e-02
1.827634845077118556e-02
1.780661833958872495e-02
1.717980340482127416e-02
1.639773551681014338e-02
1.546429907951988106e-02
1.438541685809263844e-02
1.316900238539931052e-02
1.182487894468679107e-02
1.036466573417199437e-02
8.801632534457896548e-03
7.150524898246845076e-03
5.427362563578134493e-03
3.649214434967118330e-03
1.833954058657451995e-03
1.128517140764166272e-16
1.068839347562647880e-16
-1.500945558152845614e-03
-2.986440444767777223e-03
-4.441261225042340832e-03
-5.850634700269944852e-03
-7.200452495830798709e-03
-8.477473388959469794e-03
-9.669509642725870532e-03
-1.076559426913377415e-02
-1.175612628733398689e-02
-1.263299193341987578e-02
-1.338965987456160189e-02
-1.402124953602900369e-02
-1.452457181210882638e-02
-1.489814212453846598e-02
-1.514216639296719555e-02
-1.525850085377960901e-02
-1.525058704854089127e-02
-1.512336369242102234e-02
-1.488315767827095085e-02
-1.453755613862021609e-02
-1.409526255297301016e-02
-1.356593888707527396e-02
-1.296003721071522889e-02
-1.228862285774170657e-02
-1.156319248356439330e-02
-1.079548935492113428e-02
-9.997318827389346102e-03
-9.180366564277819483e-03
-8.356022042197852259e-03
-7.535209846866108667e-03
-6.728230927906508549e-03
-5.944616110354013043e-03
-5.192993819395587754e-03
-4.480973794137352306e-03
-3.815048343327267361e-03
-3.200512607824592282e-03
-2.641405012124699997e-03
-2.140468295833438013e-03
-1.699132386710532202e-03
-1.317518665273369324e-03
-9.944659670303708596e-04
-7.275776888592040302e-04
-5.132893445255011164e-04
-3.469553521428668150e-04
-2.229538513860985756e-04
-1.348076191619097840e-04
-7.531931378321486724e-05
-3.671859826101074863e-05
-1.081890181852128473e-05
1.081890181862732648e-05
3.671859803765259889e-05
7.531931150282325277e-05
1.348076185845138242e-04
2.229538524310454737e-04
3.469553561766576403e-04
5.132893490057045425e-04
7.275776945186851604e-04
9.944659600661664729e-04
1.317518670919307902e-03
1.699132382719321845e-03
2.140468302194496394e-03
2.641404998732328150e-03
3.200512620897946747e-03
3.815048324758856663e-03
4.480973790854343025e-03
5.192993814942832749e-03
5.944616090142013434e-03
6.728230920016188207e-03
7.535209858150168291e-03
8.356022047512916620e-03
9.180366575212350541e-03
9.997318821575220879e-03
1.079548935948507205e-02
1.156319248466737906e-02
1.228862286406450822e-02
1.296003720687136096e-02
1.356593888649195757e-02
1.409526254746909686e-02
1.453755614477632817e-02
1.488315767941023916e-02
1.512336368801522370e-02
1.525058704943531990e-02
1.525850085281525714e-02
1.514216639451488114e-02
1.489814212452170682e-02
1.452457181816235211e-02
1.402124953603617330e-02
1.338965987410558126e-02
1.263299193409761143e-02
1.175612628785260329e-02
1.076559426890034803e-02
9.669509642093428517e-03
8.477473390732062283e-03
7.200452494894113084e-03
5.850634700356836283e-03
4.441261224732049109e-03
2.986440444869226021e-03
1.500945558009536638e-03
1.126863362124586341e-16
1.074525376863383380e-16
-1.242350021459733434e-03
-2.471862688460924572e-03
-3.675889041302208074e-03
-4.842153428883277932e-03
-5.958931545770798123e-03
-7.015218371670509621e-03
-8.000883033761478288e-03
-8.906807931095640785e-03
-9.725009833088167632e-03
-1.044874107137469359e-02
-1.107256939625253858e-02
-1.159243551628189386e-02
-1.200568780404236841e-02
-1.231109409565267661e-02
-1.250883094093097579e-02
-1.260045101115276484e-02
-1.258882981009214544e-02
-1.247809305062501720e-02
-1.227352634572268647e-02
-1.198146916118035012e-02
-1.160919497710802099e-02
-1.116477989087984700e-02
-1.065696199524941191e-02
-1.009499362077060682e-02
-9.488489074145688845e-03
-8.847269940243386241e-03
-8.181210348299664675e-03
-7.500084500955146033e-03
-6.813418563430630182e-03
-6.130348791256811682e-03
-5.459488403690108439e-03
-4.808804361707486735e-03
-4.185506322633758547e-03
-3.595948781440644251e-03
-3.045548368785082685e-03
-2.538716750047036522e-03
-2.078810681394796869e-03
-1.668099532381503176e-03
-1.307750805835974006e-03
-9.978340324312735560e-04
-7.373426264065730852e-04
-5.242335459379235917e-04
-3.554841289808763675e-04
-2.271650403140674981e-04
-1.345282277738239687e-04
-7.210845753873759115e-05
-3.383672717220064077e-05
-1.316368547691861411e-05
-3.191074324426934531e-06
3.191074779059940628e-06
1.316368529236327069e-05
3.383672536682938572e-05
7.210845849242608109e-05
1.345282276321009367e-04
2.271650384624655913e-04
3.554841328293899434e-04
5.242335480366264221e-04
7.373426281798823407e-04
9.978340357528064919e-04
1.307750799833922719e-03
1.668099516757107518e-03
2.078810682510813870e-03
2.538716754936002490e-03
3.045548369636767727e-03
3.595948786470742117e-03
4.185506313366390424e-03
4.808804375646156398e-03
5.459488414502511495e-03
6.130348794099240231e-03
6.813418556099947246e-03
7.500084502107836823e-03
8.181210339714282270e-03
8.847269932220857419e-03
9.488489078869694754e-03
1.009499361987062534e-02
1.065696199165318443e-02
1.116477989179863461e-02
1.160919497280922877e-02
1.198146916159887297e-02
1.227352634744650547e-02
1.247809304972939508e-02
1.258882981161757973e-02
1.260045101030793889e-02
1.250883094012687768e-02
1.231109409768803287e-02
1.200568780300115788e-02
1.159243551665150793e-02
1.107256939625203031e-02
1.044874107150218188e-02
9.725009832983922894e-03
8.906807931204194576e-03
8.000883033793041582e-03
7.015218371819354967e-03
5.958931545814748210e-03
4.842153429038134962e-03
3.675889041495467111e-03
2.471862688515388817e-03
1.242350021388681112e-03
1.122552839041767848e-16
1.075127321975533388e-16
-1.040871640796005087e-03
-2.071019424094649921e-03
-3.079876228290724920e-03
-4.057185533340457347e-03
-4.993149619666837485e-03
-5.878569436598413828e-03
-6.704973681147636914e-03
-7.464734877164534363e-03
-8.151170558410339786e-03
-8.758627970543147317e-03
-9.282551109381692936e-03
-9.719529227202206023e-03
-1.006732638765904346e-02
-1.032489193173345005e-02
-1.049235216437271155e-02
-1.057098379242142096e-02
-1.056317004773408424e-02
-1.047234054733051437e-02
-1.030289639671973234e-02
-1.006012189650731456e-02
-9.750084719727727944e-03
-9.379526279447667272e-03
-8.955744153860677528e-03
-8.486468624305193095e-03
-7.979735133473690387e-03
-7.443754788952637071e-03
-6.886784671859508961e-03
-6.317000067267758770e-03
-5.742370131875224396e-03
-5.170539201813083643e-03
-4.608714856514494612e-03
-4.063564909683520764e-03
-3.541124103686028608e-03
-3.046712382426699280e-03
-2.584865451108383713e-03
-2.159278865420818060e-03
-1.772766206955654058e-03
-1.427232080673486838e-03
-1.123660188190806104e-03
-8.621166962752876538e-04
-6.417687109950863996e-04
-4.609176109419191032e-04
-3.170466838219693998e-04
-2.068821758990702683e-04
-1.264668896986663753e-04
-7.124505203415695798e-05
-3.615702748810953256e-05
-1.574237788477925005e-05
-4.249566652125396968e-06
4.249566652585820361e-06
1.574237621864376554e-05
3.615702518986934824e-05
7.124505386357711826e-05
1.264668871589700574e-04
2.068821752547438521e-04
3.170466809443787644e-04
4.609176129598977693e-04
6.417687184068521537e-04
8.621166906926639893e-04
1.123660189174241660e-03
1.427232078180276338e-03
1.772766212240899173e-03
2.159278858836591406e-03
2.584865451060403430e-03
3.046712376718008815e-03
3.541124102326670235e-03
4.063564911221093784e-03
4.608714857713537214e-03
5.170539196360068868e-03
5.742370138571768756e-03
6.317000062176855377e-03
6.886784676694125175e-03
7.443754790060418472e-03
7.979735132860765745e-03
8.486468625780414082e-03
8.955744154012942881e-03
9.379526279246548637e-03
9.750084721480613975e-03
1.006012189460388055e-02
1.030289639887147814e-02
1.047234054971286216e-02
1.056317004638271384e-02
1.057098379350326564e-02
1.049235216481694474e-02
1.032489193196647198e-02
1.006732638720207393e-02
9.719529228937784718e-03
9.282551109463852909e-03
8.758627971423982653e-03
8.151170558255331836e-03
7.464734877660404201e-03
6.704973681460162961e-03
5.878569436583295713e-03
4.993149619469543048e-03
4.057185533147172722e-03
3.079876228240812589e-03
2.071019424330880661e-03
1.040871640824163552e-03
1.115365715531562976e-16
1.071161400630098536e-16
-8.831697800641200155e-04
-1.757331855756828027e-03
-2.613609316695515543e-03
-3.443384560449320921e-03
-4.238422977817076810e-03
-4.990989735169908820e-03
-5.693957823876674706e-03
-6.340905117006695978e-03
-6.926199108638815896e-03
-7.445067862099744548e-03
-7.893656480243642359e-03
-8.269068420466948663e-03
-8.569389790648210270e-03
-8.793699335363112587e-03
-8.942061527785849159e-03
-9.015504919057726330e-03
-9.015986599393241777e-03
-8.946340098433014018e-03
-8.810215627919852979e-03
-8.612006485451352902e-03
-8.356761540207957237e-03
-8.050100568270313756e-03
-7.698109066466078156e-03
-7.307240047566149373e-03
-6.884204294166543225e-03
-6.435863115188498497e-03
-5.969119503288307892e-03
-5.490811092108991397e-03
-5.007606116996633251e-03
-4.525903897469486271e-03
-4.051741288168032168e-03
-3.590706769374397023e-03
-3.147861130097279365e-03
-2.727670698385554430e-03
-2.333949437492403942e-03
-1.969811584995228172e-03
-1.637636560666130966e-03
-1.339048420749854029e-03
-1.074902068924223509e-03
-8.452924956944452180e-04
-6.495652240338696407e-04
-4.863441066802161924e-04
-3.535760471051325972e-04
-2.485770704882396911e-04
-1.680944934467956111e-04
-1.083797152586140966e-04
-6.526528685033527977e-05
-3.425073626521648413e-05
-1.059392422670731731e-05
1.059392413753257462e-05
3.425073701899087350e-05
6.526528749246113151e-05
1.083797159406515173e-04
1.680944932724242973e-04
2.485770707736419268e-04
3.535760475353576801e-04
4.863441098865834930e-04
6.495652238807401785e-04
8.452927162157342729e-04
1.074902064031847291e-03
1.339047802366193779e-03
1.637636417882858998e-03
1.969811593253443464e-03
2.333949638447397040e-03
2.727670698986460907e-03
3.147861133982002204e-03
3.590706781518051595e-03
4.051741332875686413e-03
4.525903894575120968e-03
5.007606115881369120e-03
5.490811097613654962e-03
5.969119501720688593e-03
6.435863109798008359e-03
6.884204294508306302e-03
7.307240048470504956e-03
7.698109062567653170e-03
8.050100439901626548e-03
8.356761682697595381e-03
8.612006440497357515e-03
8.810215663855300305e-03
8.946339990764528780e-03
9.015986603103900293e-03
9.015505262219794536e-03
8.942061529830565986e-03
8.793699275164879037e-03
8.569389913154512248e-03
8.269068420262716199e-03
7.893656485852927965e-03
7.445067729111373364e-03
6.926199108832487364e-03
6.340905117064500433e-03
5.693957825214661719e-03
4.990989713751277194e-03
4.238422968053099857e-03
3.443384575848673721e-03
2.613609332714449986e-03
1.757331853931196151e-03
8.831697815779183253e-04
1.105302707888704767e-16
1.063166651691170771e-16
-7.590023370851448938e-04
-1.510396549019257578e-03
-2.246684020273024673e-03
-2.960583176827331128e-03
-3.645133115600002714e-03
-4.293791489763360003e-03
-4.900524948576481105e-03
-5.459890602870847223e-03
-5.967107180242620448e-03
-6.418114770560582293e-03
-6.809622310639287281e-03
-7.139142183166763238e-03
-7.405011624439203008e-03
-7.606400783390759521e-03
-7.743307658709360983e-03
-7.816540220384481791e-03
-7.827686353226361721e-03
-7.779072367716817656e-03
-7.673711035233041905e-03
-7.515240161642392468e-03
-7.307852982254690877e-03
-7.056221556117626449e-03
-6.765414542253810407e-03
-6.440810700265318760e-03
-6.088009581021186153e-03
-5.712740700366984031e-03
-5.320772625503565265e-03
-4.917823449091148803e-03
-4.509473691648718287e-03
-4.101083169313750679e-03
-3.697712808680732322e-03
-3.304052593926119254e-03
-2.924356631391789030e-03
-2.562386217070255264e-03
-2.221361636773385578e-03
-1.903923560533978465e-03
-1.612104122942094493e-03
-1.347308567784370054e-03
-1.110307217996794492e-03
-9.012381498211580362e-04
-7.196202623624393079e-04
-5.643766026326028961e-04
-4.338674442456682450e-04
-3.259326605210267859e-04
-2.379425267364126452e-04
-1.668562377898413687e-04
-1.092871293563242488e-04
-6.157350845328556630e-05
-1.985398175818652098e-05
1.985398175838067787e-05
6.157350839621171382e-05
1.092871326766483805e-04
1.668562380846421735e-04
2.379425248881234098e-04
3.259326594258867482e-04
4.338674429849369253e-04
5.643765989910206346e-04
7.196202699705765184e-04
9.012381545884890974e-04
1.110307229868639795e-03
1.347308566883889409e-03
1.612104125247674482e-03
1.903923553074310382e-03
2.221361638741050325e-03
2.562386207678300169e-03
2.924356643359702669e-03
3.304052592502740478e-03
3.697712807882229131e-03
4.101083165693159872e-03
4.509473686320969628e-03
4.917823446099311990e-03
5.320772626235045245e-03
5.712740698608845258e-03
6.088009590798296698e-03
6.440810707147280774e-03
6.765414539949519968e-03
7.056221555086776565e-03
7.307852987078665430e-03
7.515240161616495648e-03
7.673711037776173409e-03
7.779072368569657156e-03
7.827686355221338821e-03
7.816540221243232361e-03
7.743307660019557725e-03
7.606400783979123947e-03
7.405011623809985843e-03
7.139142184646991504e-03
6.809622309293396000e-03
6.418114771167400708e-03
5.967107179690361689e-03
5.459890603857382729e-03
4.900524948766625880e-03
4.293791489636334009e-03
3.645133115698852028e-03
2.960583176981121736e-03
2.246684020277018873e-03
1.510396549169401147e-03
7.590023370137680700e-04
1.092507071604497956e-16
1.051675126615448050e-16
-6.605315958248767503e-04
-1.314601757878878022e-03
-1.955840967700773602e-03
-2.578061902874834773e-03
-3.175346435077108787e-03
-3.742127847993404269e-03
-4.273266848853986624e-03
-4.764120022038744254e-03
-5.210599714044061512e-03
-5.609224545224600171e-03
-5.957159103978448313e-03
-6.252243662476699576e-03
-6.493012087600493094e-03
-6.678699040309611298e-03
-6.809235969854066269e-03
-6.885236446133587845e-03
-6.907970988804012016e-03
-6.879332883661432377e-03
-6.801794383654500425e-03
-6.678355751283148942e-03
-6.512486741607841599e-03
-6.308062977572213847e-03
-6.069296567938654505e-03
-5.800664063786770651e-03
-5.506831650128293440e-03
-5.192579194014696788e-03
-4.862724177203402685e-03
-4.522046848537825126e-03
-4.175217616489667639e-03
-3.826727157748485968e-03
-3.480822171520786892e-03
-3.141444470220868500e-03
-2.812177268425467089e-03
-2.496198059207961270e-03
-2.196238456952411336e-03
-1.914552294347692625e-03
-1.652891791612258465e-03
-1.412492415282729863e-03
-1.194066495383795971e-03
-9.978054416786988692e-04
-8.233908177507019135e-04
-6.700136399326808581e-04
-5.364018491628402396e-04
-4.208552915272601043e-04
-3.212876851949763484e-04
-2.352748317576907147e-04
-1.601083074042486550e-04
-9.285373737809686913e-05
-3.041270406917182280e-05
3.041270395865176005e-05
9.285373777328435971e-05
1.601083074899336406e-04
2.352748327523214705e-04
3.212876862109066353e-04
4.208552906782978735e-04
5.364018516160760962e-04
6.700136388625204048e-04
8.233908166010710673e-04
9.978054463413920609e-04
1.194066490517278192e-03
1.412492415993481200e-03
1.652891779482102861e-03
1.914552291573706723e-03
2.196238464724623463e-03
2.496198057878500857e-03
2.812177266890517405e-03
3.141444462896900679e-03
3.480822171751739302e-03
3.826727155174946497e-03
4.175217616030673685e-03
4.522046850746184489e-03
4.862724168721995269e-03
5.192579189741224586e-03
5.506831649606294329e-03
5.800664058303002697e-03
6.069296570304733192e-03
6.308062976434560508e-03
6.512486744116033170e-03
6.678355750583247000e-03
6.801794383860460674e-03
6.879332885147264667e-03
6.907970987146427357e-03
6.885236446259027435e-03
6.809235970628172742e-03
6.678699039907125962e-03
6.493012091279386222e-03
6.252243663800529511e-03
5.957159103302466473e-03
5.609224543397509609e-03
5.210599714304960453e-03
4.764120021597146974e-03
4.273266849449041879e-03
3.742127848116568768e-03
3.175346435105220848e-03
2.578061903140299940e-03
1.955840967635350241e-03
1.314601758109831950e-03
6.605315958589270953e-04
1.077207975198197925e-16
1.037193175708455388e-16
-5.817725974176812288e-04
-1.158027790618400450e-03
-1.723325517804303719e-03
-2.272379020411292600e-03
-2.800128075774486330e-03
-3.301808210850935496e-03
-3.773014697993697011e-03
-4.209760293137174147e-03
-4.608525712910776888e-03
-4.966302134764309650e-03
-5.280625072656819526e-03
-5.549599225100628787e-03
-5.771913998569881341e-03
-5.946849675964018846e-03
-6.074274303643079596e-03
-6.154631566355104125e-03
-6.188920010371984186e-03
-6.178664274133566052e-03
-6.125878795297389975e-03
-6.033024989049004701e-03
-5.902962480321904959e-03
-5.738895556563961518e-03
-5.544315547712408594e-03
-5.322940276489814514e-03
-5.078651616443818732e-03
-4.815431882099508246e-03
-4.537300429930733563e-03
-4.248251091097845177e-03
-3.952191600105878916e-03
-3.652885736076362001e-03
-3.353899118655470461e-03
-3.058549324362979868e-03
-2.769861114733233962e-03
-2.490527242006417702e-03
-2.222875477968422244e-03
-1.968842212073532508e-03
-1.729952934187163702e-03
-1.507309816829098363e-03
-1.301586585310180290e-03
-1.113030518367732948e-03
-9.414716047449330980e-04
-7.863385890809445385e-04
-6.466815599111432446e-04
-5.212007409054182725e-04
-4.082808995331289881e-04
-3.060308581154094548e-04
-2.123274079056589319e-04
-1.248629441671208682e-04
-4.119601145074013293e-05
4.119601153347276823e-05
1.248629441643772132e-04
2.123274072095267338e-04
3.060308569779011272e-04
4.082808985291582642e-04
5.212007403066931015e-04
6.466815625915378878e-04
7.863385850762985314e-04
9.414716043482556154e-04
1.113030518332105414e-03
1.301586584683442696e-03
1.507309818081550064e-03
1.729952941462275639e-03
1.968842216094025214e-03
2.222875483305979030e-03
2.490527241725368646e-03
2.769861116842208416e-03
3.058549327740759695e-03
3.353899116565420974e-03
3.652885741183928715e-03
3.952191603764939817e-03
4.248251092878955158e-03
4.537300427917113389e-03
4.815431884116824247e-03
5.078651619566506605e-03
5.322940282977322961e-03
5.544315545706010075e-03
5.738895560186772771e-03
5.902962480201040703e-03
6.033024985848116362e-03
6.125878795571863995e-03
6.178664269852185247e-03
6.188920012583253548e-03
6.154631562868725404e-03
6.074274302673006616e-03
5.946849674900351462e-03
5.771913996771363409e-03
5.549599225233229315e-03
5.280625047552969971e-03
4.966302134785836701e-03
4.608525713261950839e-03
4.209760293427194759e-03
3.773014698419348712e-03
3.301808210558324942e-03
2.800128075758468327e-03
2.272379020838800889e-03
1.723325517718795295e-03
1.158027790591699586e-03
5.817725974456577649e-04
1.059680474004141434e-16
1.020190699258956012e-16
-5.181613014540655416e-04
-1.031586248520770721e-03
-1.535603705327781825e-03
-2.025671811642415325e-03
-2.497439750364953501e-03
-2.946806137043474390e-03
-3.369973034732466535e-03
-3.763494690853950476e-03
-4.124320192550541379e-03
-4.449829414379511371e-03
-4.737861703280075998e-03
-4.986736978117214253e-03
-5.195268991684193378e-03
-5.362770719655927942e-03
-5.489051942515876109e-03
-5.574409227050447675e-03
-5.619608683143694286e-03
-5.625861924880881312e-03
-5.594795789114656061e-03
-5.528416489877500950e-03
-5.429068885769239641e-03
-5.299391626244847296e-03
-5.142269037046890388e-03
-4.960780466025939764e-03
-4.758148112586320713e-03
-4.537683957827122992e-03
-4.302736871782075929e-03
-4.056640489062450505e-03
-3.802662787949306553e-03
-3.543958059166876957e-03
-3.283521874927186005e-03
-3.024149835416083381e-03
-2.768400504841804499e-03
-2.518563118320887948e-03
-2.276630439133697694e-03
-2.044277100050605547e-03
-1.822843615293109421e-03
-1.613326379149159764e-03
-1.416373446969397109e-03
-1.232286417435961420e-03
-1.061027919447817122e-03
-9.022348624666473842e-04
-7.552369352974291905e-04
-6.190801047988234163e-04
-4.925546413401546766e-04
-3.742272714385202950e-04
-2.624768215827970059e-04
-1.555328353596131352e-04
-5.151653524118112858e-05
5.151653509395772893e-05
1.555328354310411062e-04
2.624768212985985056e-04
3.742272722600374114e-04
4.925546406767827585e-04
6.190801058207818673e-04
7.552369343956161695e-04
9.022348649472890529e-04
1.061027916058184580e-03
1.232286418870833389e-03
1.416373449523265250e-03
1.613326377077114538e-03
1.822843616552474863e-03
2.044277099092437974e-03
2.276630444202087412e-03
2.518563116910683963e-03
2.768400500400672575e-03
3.024149836696619388e-03
3.283521881503316271e-03
3.543958060422155391e-03
3.802662788326202550e-03
4.056640482508468322e-03
4.302736872440191852e-03
4.537683960643189816e-03
4.758148115064296003e-03
4.960780467951504506e-03
5.142269032299071931e-03
5.299391629464396923e-03
5.429068884436135008e-03
5.528416483790578317e-03
5.594795786588171831e-03
5.625861922916744126e-03
5.619608685040234503e-03
5.574409228212643883e-03
5.489051942886751315e-03
5.362770721223579333e-03
5.195268991113640225e-03
4.986736976790631312e-03
4.737861703353871135e-03
4.449829414726672039e-03
4.124320194076748491e-03
3.763494690827854598e-03
3.369973035024898412e-03
2.946806137342035913e-03
2.497439750595933667e-03
2.025671811572904522e-03
1.535603705087425263e-03
1.031586248474418693e-03
5.181613013684163889e-04
1.040218077347686609e-16
1.001095880075164135e-16
-4.662195604755865991e-04
-9.283522425275091616e-04
-1.382366255982617805e-03
-1.824339074453098109e-03
-2.250509521062862926e-03
-2.657327227261672281e-03
-3.041498245647544958e-03
-3.400026278393690916e-03
-3.730248785908476996e-03
-4.029867396232225327e-03
-4.296972385450553884e-03
-4.530060413785779762e-03
-4.728046007394481366e-03
-4.890266237659736392e-03
-5.016478834149881542e-03
-5.106854052475260329e-03
-5.161960093130394181e-03
-5.182743375842320012e-03
-5.170502801167758435e-03
-5.126860459824381273e-03
-5.053726809943695150e-03
-4.953263779025887485e-03
-4.827844312671738733e-03
-4.680010159039774478e-03
-4.512428271804535228e-03
-4.327846692255170498e-03
-4.129050440336235785e-03
-3.918818173819298492e-03
-3.699880571722120176e-03
-3.474880239902342852e-03
-3.246334482570235099e-03
-3.016601482395995810e-03
-2.787849856652743763e-03
-2.562031744035524802e-03
-2.340860890328103940e-03
-2.125794879644909291e-03
-1.918022188796957798e-03
-1.718454068532115648e-03
-1.527721256505467154e-03
-1.346175540102661832e-03
-1.173895990785085372e-03
-1.010699753819184693e-03
-8.561570757583376141e-04
-7.096103286130255212e-04
-5.701967374040262148e-04
-4.368740886916791825e-04
-3.084496486805881135e-04
-1.836109243007029641e-04
-6.095873502368505246e-05
6.095873511187458572e-05
1.836109250000080798e-04
3.084496482295657018e-04
4.368740889822833660e-04
5.701967378262041324e-04
7.096103309108874003e-04
8.561570786901365150e-04
1.010699754110985782e-03
1.173895989348915829e-03
1.346175512929490134e-03
1.527721262679131164e-03
1.718454069748965186e-03
1.918022159160091920e-03
2.125794875062750420e-03
2.340860888873582974e-03
2.562031740257309648e-03
2.787849852426292109e-03
3.016601482159337894e-03
3.246334481535153790e-03
3.474880239869261676e-03
3.699880573069074842e-03
3.918818171200335286e-03
4.129050439897116558e-03
4.327846698247482179e-03
4.512428276844372699e-03
4.680010157283451093e-03
4.827844317776874665e-03
4.953263778064488122e-03
5.053726805551197500e-03
5.126860460659457205e-03
5.170502800857791105e-03
5.182743376589151428e-03
5.161960092263031576e-03
5.106854052044832067e-03
5.016478833141243925e-03
4.890266235288806551e-03
4.728046007876271321e-03
4.530060413528477770e-03
4.296972384686028289e-03
4.029867400150067940e-03
3.730248785732175748e-03
3.400026276862918879e-03
3.041498245544426923e-03
2.657327228123759592e-03
2.250509521255144012e-03
1.824339074420173708e-03
1.382366255998593741e-03
9.283522426520922311e-04
4.662195604758790626e-04
1.019114537150739826e-16
9.802935392148245333e-17
-4.232972616136293563e-04
-8.430504643494163676e-04
-1.255762183730072500e-03
-1.658027398202773341e-03
-2.046577688318784293e-03
-2.418323084547071167e-03
-2.770390520421661673e-03
-3.100159057440583441e-03
-3.405290204173024027e-03
-3.683753901422721303e-03
-3.933849210788493977e-03
-4.154219475542645854e-03
-4.343862161900116994e-03
-4.502132940871410999e-03
-4.628744336855777387e-03
-4.723758788503800224e-03
-4.787576923581240984e-03
-4.820920726539244805e-03
-4.824812506749971350e-03
-4.800549818946670336e-03
-4.749677084764798371e-03
-4.673954336164658739e-03
-4.575323472932180460e-03
-4.455873351019414008e-03
-4.317803271292832215e-03
-4.163386496751330865e-03
-3.994933357837547779e-03
-3.814755654582945542e-03
-3.625131710544187043e-03
-3.428274087598264398e-03
-3.226298228404255852e-03
-3.021195021680139845e-03
-2.814805695053078979e-03
-2.608800085161054085e-03
-2.404658453460326636e-03
-2.203657420388575004e-03
-2.006859393276795838e-03
-1.815106013995696887e-03
-1.629015696776432709e-03
-1.448984885132086281e-03
-1.275193234427016414e-03
-1.107612279957749047e-03
-9.460175630802567437e-04
-7.900038802666556337e-04
-6.390033558696952241e-04
-4.923061073443042073e-04
-3.490829922213078453e-04
-2.084102330780783410e-04
-6.929542442482143931e-05
6.929542428895656852e-05
2.084102325908733923e-04
3.490829938785301105e-04
4.923061080263907560e-04
6.390033566857758257e-04
7.900038774406713954e-04
9.460175619528570293e-04
1.107612280141050554e-03
1.275193231370032277e-03
1.448984884761025460e-03
1.629015701978617095e-03
1.815106015817144827e-03
2.006859392662399717e-03
2.203657419461744343e-03
2.404658458149657157e-03
2.608800079029571610e-03
2.814805693644764541e-03
3.021195028469126319e-03
3.226298180510051190e-03
3.428274081046623657e-03
3.625131712396335686e-03
3.814755658275231602e-03
3.994933358588639676e-03
4.163386497571740577e-03
4.317803270353369298e-03
4.455873300078372692e-03
4.575323477389569779e-03
4.673954337203510036e-03
4.749677091603423523e-03
4.800549820742345923e-03
4.824812507825434853e-03
4.820920772797103460e-03
4.787576923471001909e-03
4.723758790599336642e-03
4.628744334431366021e-03
4.502132941298172923e-03
4.343862147504489075e-03
4.154219473119878138e-03
3.933849197746666811e-03
3.683753901197446209e-03
3.405290205559565950e-03
3.100159057528519609e-03
2.770390520251703442e-03
2.418323083844816073e-03
2.046577688367711301e-03
1.658027398252105624e-03
1.255762183704544309e-03
8.430504643121587358e-04
4.232972616176121188e-04
9.966522409484975340e-17
9.581258298085576205e-17
-3.873747800933530954e-04
-7.716614895516614534e-04
-1.149811568971032764e-03
-1.518854768440901660e-03
-1.875936610334505298e-03
-2.218353792033010956e-03
-2.543586937260429882e-03
-2.849330289266454284e-03
-3.133517578366106036e-03
-3.394344066654837559e-03
-3.630284063658857814e-03
-3.840104023355397477e-03
-4.022870859707285834e-03
-4.177955347645724397e-03
-4.305031989267769227e-03
-4.404071860863732583e-03
-4.475334200720693621e-03
-4.519351877805248205e-03
-4.536913731332830289e-03
-4.529044003031904020e-03
-4.496978431363127943e-03
-4.442138196671831588e-03
-4.366102159371844892e-03
-4.270577389864979936e-03
-4.157369189966451592e-03
-4.028350522058535277e-03
-3.885431943966092747e-03
-3.730531733204594299e-03
-3.565547639260529568e-03
-3.392329632339922962e-03
-3.212655074682719235e-03
-3.028205641726475737e-03
-2.840547176359741171e-03
-2.651111984299542312e-03
-2.461184365146164548e-03
-2.271889033474690060e-03
-2.084182814381487121e-03
-1.898849169446337149e-03
-1.716497793179541567e-03
-1.537562670348421867e-03
-1.362309299475040602e-03
-1.190840072950711962e-03
-1.023104367258247842e-03
-8.589104093429523849e-04
-6.979395723870287930e-04
-5.397626729639633638e-04
-3.838576918239085798e-04
-2.296290075872164656e-04
-7.642764986677645915e-05
7.642764988437583868e-05
2.296290067093727152e-04
3.838576921971844800e-04
5.397626746064537609e-04
6.979395744134589234e-04
8.589104091709563954e-04
1.023104368442981143e-03
1.190840076867904053e-03
1.362309298151309763e-03
1.537562631478020612e-03
1.716497788520530976e-03
1.898849171030285183e-03
2.084182818997682568e-03
2.271889037530898121e-03
2.461184347810227609e-03
2.651111983026910573e-03
2.840547159514403546e-03
3.028205656461159696e-03
3.212655076571320056e-03
3.392329633023253091e-03
3.565547622259662274e-03
3.730531733747675938e-03
3.885431948744640096e-03
4.028350521290663400e-03
4.157369193231124846e-03
4.270577393596370133e-03
4.366102158701602384e-03
4.442138197387645281e-03
4.496978434927008036e-03
4.529044002422653523e-03
4.536913732753445651e-03
4.519351878118675440e-03
4.475334201451462365e-03
4.404071848120696790e-03
4.305031989960655080e-03
4.177955490595033905e-03
4.022870870636038529e-03
3.840104021817474476e-03
3.630284062514504972e-03
3.394344069606548917e-03
3.133517576750743678e-03
2.849330287527777374e-03
2.543586937833411214e-03
2.218353791590282637e-03
1.875936610121744933e-03
1.518854768521755386e-03
1.149811568694095870e-03
7.716614895009450779e-04
3.873747800845307255e-04
9.730952724649595763e-17
9.348943435565989889e-17
-3.569121208629851753e-04
-7.111211426428660489e-04
-1.059957516837956156e-03
-1.400818080962002582e-03
-1.731197888574099574e-03
-2.048720323357621029e-03
-2.351164713223831328e-03
-2.636491697484835001e-03
-2.902865147082081022e-03
-3.148671023291964733e-03
-3.372531952278514950e-03
-3.573318937040549561e-03
-3.750157876979129997e-03
-3.902433458459706253e-03
-4.029787741881652417e-03
-4.132116115349773050e-03
-4.209558834539417135e-03
-4.262489778295554255e-03
-4.291501415094566008e-03
-4.297387773961816246e-03
-4.281124550853071357e-03
-4.243847593363342212e-03
-4.186829618216048217e-03
-4.111455982417642867e-03
-4.019199754472503779e-03
-3.911596591769639190e-03
-3.790219788337594042e-03
-3.656655951322623516e-03
-3.512481630869567981e-03
-3.359241355535302811e-03
-3.198427074765457494e-03
-3.031459666852707839e-03
-2.859672891081833056e-03
-2.684298458059958779e-03
-2.506455362539860860e-03
-2.327140066626679112e-03
-2.147220081930081674e-03
-1.967430108707983634e-03
-1.788370520234220567e-03
-1.610508164842654796e-03
-1.434179855043213802e-03
-1.259597840544610797e-03
-1.086857232485563020e-03
-9.159454931490490894e-04
-7.467533902280585906e-04
-5.790874450494776790e-04
-4.126836000920282126e-04
-2.472218641498935120e-04
-8.234175127021856457e-05
8.234175138383652834e-05
2.472218649299932924e-04
4.126836003016171777e-04
5.790874442248567086e-04
7.467533886391278892e-04
9.159454928638261807e-04
1.086857231668230273e-03
1.259597830687406118e-03
1.434179860001147389e-03
1.610508155971538281e-03
1.788370521447390973e-03
1.967430107456471285e-03
2.147220082093378567e-03
2.327140066713489445e-03
2.506455354426396099e-03
2.684298486791415663e-03
2.859672888905493652e-03
3.031459705275896081e-03
3.198427071317907090e-03
3.359241362156662521e-03
3.512481635924440734e-03
3.656655952643851799e-03
3.790219785942695093e-03
3.911596592035262651e-03
4.019199753184441240e-03
4.111455981532194034e-03
4.186829616738364790e-03
4.243847592086885841e-03
4.281124551429900740e-03
4.297387772756373382e-03
4.291501411389606925e-03
4.262489779380015768e-03
4.209558835003125200e-03
4.132116057563968263e-03
4.029787691419717439e-03
3.902433409386334151e-03
3.750157877812011504e-03
3.573318936584080931e-03
3.372531952824028671e-03
3.148671023134921084e-03
2.902865148188546636e-03
2.636491697514844416e-03
2.351164712983583403e-03
2.048720323650724678e-03
1.731197888804189176e-03
1.400818081056127377e-03
1.059957516599100130e-03
7.111211424779353713e-04
3.569121208412764663e-04
9.486856901745209812e-17
9.108630218587265856e-17
-3.307340259278165428e-04
-6.590916083623386910e-04
-9.827247576234556491e-04
-1.299341890006728119e-03
-1.606734799151779761e-03
-1.902804171302913605e-03
-2.185583223206132887e-03
-2.453259069709306638e-03
-2.704191484709543222e-03
-2.936928771969919954e-03
-3.150220552521803500e-03
-3.343027258945507115e-03
-3.514526331318485689e-03
-3.664115031820473680e-03
-3.791409957944174864e-03
-3.896243339876421900e-03
-3.978656317331123737e-03
-4.038889365648825822e-03
-4.077370174285221104e-03
-4.094699248436890239e-03
-4.091633567283721636e-03
-4.069068634014084626e-03
-4.028019310385285053e-03
-3.969599773804830846e-03
-3.895003011111116548e-03
-3.805480124383163899e-03
-3.702319945995639818e-03
-3.586829138577284776e-03
-3.460313186696682437e-03
-3.324058547837918653e-03
-3.179316161177255743e-03
-3.027286558064722598e-03
-2.869106880938615198e-03
-2.705839482508942771e-03
-2.538462931648992338e-03
-2.367864702218142048e-03
-2.194836223111823210e-03
-2.020069663480590551e-03
-1.844157063761488191e-03
-1.667591019010175330e-03
-1.490767243426079471e-03
-1.313988970654718369e-03
-1.137472670905548830e-03
-9.613550626195692525e-04
-7.857014885706207867e-04
-6.105152058264264915e-04
-4.357474893646864694e-04
-2.613085767104286251e-04
-8.707893760124003749e-05
8.707893753734281285e-05
2.613085767101030934e-04
4.357474893237836414e-04
6.105152053757350325e-04
7.857014898507722273e-04
9.613550626298698236e-04
1.137472672462653753e-03
1.313988970212963013e-03
1.490767245361929172e-03
1.667591016901287613e-03
1.844157066658546869e-03
2.020069663210480228e-03
2.194836213818034815e-03
2.367864703759868430e-03
2.538462947162545887e-03
2.705839485402134099e-03
2.869106877387622798e-03
3.027286592018721498e-03
3.179316158535140484e-03
3.324058546394337722e-03
3.460313184109695822e-03
3.586829138244858415e-03
3.702319944101786688e-03
3.805480123401609651e-03
3.895003006044952479e-03
3.969599775200800991e-03
4.028019305676161337e-03
4.069068631203295698e-03
4.091633567078637422e-03
4.094699248112505623e-03
4.077370171802776298e-03
4.038889364396667722e-03
3.978656317428685453e-03
3.896243340951646445e-03
3.791409958126676447e-03
3.664115031345915787e-03
3.514526330515915873e-03
3.343027260662197273e-03
3.150220552496421026e-03
2.936928773790028688e-03
2.704191484150247557e-03
2.453259068993188935e-03
2.185583222778378267e-03
1.902804171015408125e-03
1.606734798829434312e-03
1.299341890075443335e-03
9.827247575252848286e-04
6.590916085085139721e-04
3.307340259113368867e-04
9.236419986745490699e-17
8.862613940478540567e-17
-3.079425935929944332e-04
-6.137872418090933348e-04
-9.154601754964938496e-04
-1.210935546659030982e-03
-1.498258303431066222e-03
-1.775565929124204223e-03
-2.041108512000608822e-03
-2.293266845118263966e-03
-2.530568560845041816e-03
-2.751701344948437929e-03
-2.955524210234437670e-03
-3.141075304858339644e-03
-3.307577506960289633e-03
-3.454440689789940473e-03
-3.581261629957261348e-03
-3.687820846332040981e-03
-3.774077201707967417e-03
-3.840160019403687872e-03
-3.886359095956861201e-03
-3.913112373155679807e-03
-3.920993135571220270e-03
-3.910694632566575658e-03
-3.883014648897177915e-03
-3.838839195272183979e-03
-3.779124885586415857e-03
-3.704882825219570682e-03
-3.617161843115953603e-03
-3.517032074608895248e-03
-3.405570219137882444e-03
-3.283844343978587540e-03
-3.152901500346682109e-03
-3.013755991399811110e-03
-2.867377943106267941e-03
-2.714685590076930995e-03
-2.556538134393244489e-03
-2.393730161613131895e-03
-2.226986970810470451e-03
-2.056963922458276625e-03
-1.884243481750619504e-03
-1.709338325648016499e-03
-1.532691967085885419e-03
-1.354681806233061806e-03
-1.175624190025149809e-03
-9.957790931434283219e-04
-8.153564226381553124e-04
-6.345220461384413688e-04
-4.534062214938221463e-04
-2.721100569862444402e-04
-9.071397578343049428e-05
9.071397602125784378e-05
2.721100332817018796e-04
4.534062222343626419e-04
6.345220459123852158e-04
8.153564185685151797e-04
9.957790970892984282e-04
1.175624187352147364e-03
1.354682019503019707e-03
1.532691969093947322e-03
1.709338640224776105e-03
1.884243502835877826e-03
2.056963996952953112e-03
2.226986974000189773e-03
2.393730201240876123e-03
2.556538136477504337e-03
2.714685599703562085e-03
2.867377896820060001e-03
3.013755974483747508e-03
3.152901610450205196e-03
3.283844389946974623e-03
3.405570170127100900e-03
3.517032067981070223e-03
3.617161841491791426e-03
3.704882830955216581e-03
3.779124874880303211e-03
3.838839215862469532e-03
3.883014645517621297e-03
3.910694638959439327e-03
3.920993109284345683e-03
3.913112368992576785e-03
3.886359092882710024e-03
3.840160021348758713e-03
3.774077200668760502e-03
3.687820839224436546e-03
3.581261630097498996e-03
3.454440715496183596e-03
3.307577512869070910e-03
3.141075307333088783e-03
2.955524188712269074e-03
2.751701345727746838e-03
2.530568565050477729e-03
2.293266846204314920e-03
2.041108509462315895e-03
1.775565930587577699e-03
1.498258303847814455e-03
1.210935547933084328e-03
9.154601754584096220e-04
6.137872418705672727e-04
3.079425936064590858e-04
8.981590092641295100e-17
8.612879187967835380e-17
-2.878508719780913257e-04
-5.738423788173229682e-04
-8.561356895062179105e-04
-1.132932682968894452e-03
-1.402495430013695355e-03
-1.663164598241066890e-03
-1.913376547660407961e-03
-2.151678741625580576e-03
-2.376743434197634182e-03
-2.587379173300987604e-03
-2.782539618939043786e-03
-2.961331358810919551e-03
-3.123017965664117313e-03
-3.267022300737593751e-03
-3.392926336049152149e-03
-3.500469084284768811e-03
-3.589541663254461248e-03
-3.660181083475377416e-03
-3.712561687776341161e-03
-3.746986037725952897e-03
-3.763873186490049143e-03
-3.763746694630900648e-03
-3.747221483970670629e-03
-3.714991187118358521e-03
-3.667813506323095666e-03
-3.606497267779274190e-03
-3.531888745025357334e-03
-3.444858204586804824e-03
-3.346288451318159274e-03
-3.237063440678386670e-03
-3.118057644529575578e-03
-2.990126306229362249e-03
-2.854098408925993553e-03
-2.710769841746433866e-03
-2.560897275052240445e-03
-2.405194871284664030e-03
-2.244330939450485830e-03
-2.078926958931176690e-03
-1.909556200040422565e-03
-1.736745339580389675e-03
-1.560975196372782004e-03
-1.382683351713524843e-03
-1.202267190864537202e-03
-1.020087427378786908e-03
-8.364722598352631114e-04
-6.517218191307667594e-04
-4.661128627411731244e-04
-2.799040220944451246e-04
-9.334045583698912408e-05
9.334045579490912357e-05
2.799040005276052308e-04
4.661129066454567618e-04
6.517218170170642087e-04
8.364722668902034022e-04
1.020087429123258446e-03
1.202267190375835241e-03
1.382683347906728168e-03
1.560975196427226734e-03
1.736745339192434815e-03
1.909556202963139538e-03
2.078926939723393322e-03
2.244330892451993058e-03
2.405194866503832050e-03
2.560897264101952026e-03
2.710769838398862947e-03
2.854098414935302922e-03
2.990126301241390842e-03
3.118057639999646628e-03
3.237063605525991421e-03
3.346288450749072829e-03
3.444858166316148215e-03
3.531888735827238071e-03
3.606497270812544006e-03
3.667813555474888979e-03
3.714991186951477689e-03
3.747221492032576807e-03
3.763746690166174750e-03
3.763873185751841904e-03
3.746986039421144193e-03
3.712561689228958701e-03
3.660181023560675744e-03
3.589541662915752152e-03
3.500469086052854922e-03
3.392926335413330458e-03
3.267022297666937608e-03
3.123017955588829053e-03
2.961331356347922297e-03
2.782539625594881126e-03
2.587379157754841202e-03
2.376743439203594238e-03
2.151678743524009039e-03
1.913376547988429859e-03
1.663164598197908054e-03
1.402495429711921558e-03
1.132932683143620788e-03
8.561356866609971068e-04
5.738423788992219740e-04
2.878508702250847317e-04
8.724086170637706802e-17
8.361133033824128214e-17
-2.699323139578399945e-04
-5.382105775094615970e-04
-8.031981674653306414e-04
-1.063293108375230108e-03
-1.316944482099065544e-03
-1.562668265461246648e-03
-1.799061674987145840e-03
-2.024816332143449492e-03
-2.238730030437135424e-03
-2.439716144735294256e-03
-2.626811950837437595e-03
-2.799184413913270546e-03
-2.956134256024266476e-03
-3.097097804477216658e-03
-3.221647082527223996e-03
-3.329487651360592097e-03
-3.420455737778098793e-03
-3.494512114961594029e-03
-3.551735681698791475e-03
-3.592315229905771509e-03
-3.616541393894501678e-03
-3.624794675383785983e-03
-3.617537385796817766e-03
-3.595301036626249308e-03
-3.558675909165488413e-03
-3.508299980062632058e-03
-3.444848363189931175e-03
-3.369023294829109547e-03
-3.281543738500624415e-03
-3.183136976390640686e-03
-3.074531055585819073e-03
-2.956446912035158060e-03
-2.829592781300787653e-03
-2.694659764245121471e-03
-2.552316683343539092e-03
-2.403208129440366405e-03
-2.247952306940019952e-03
-2.087139823257854257e-03
-1.921333581029150903e-03
-1.751069290934627798e-03
-1.576856392643801981e-03
-1.399179809255240905e-03
-1.218501881720833587e-03
-1.035264584025485024e-03
-8.498921751896000099e-04
-6.627936114139337592e-04
-4.743654194272784201e-04
-2.849944325569167742e-04
-9.506053554259105557e-05
9.506053549030140781e-05
2.849944325743592019e-04
4.743654192553055241e-04
6.627936086319092569e-04
8.498921755931994728e-04
1.035264584384581023e-03
1.218501882619468920e-03
1.399179806425561922e-03
1.576856389552671331e-03
1.751069292033390155e-03
1.921333581605436450e-03
2.087139834247276303e-03
2.247952301268605659e-03
2.403208130632948896e-03
2.552316663346278301e-03
2.694659737926103325e-03
2.829592779402268551e-03
2.956446911601987200e-03
3.074531057619222466e-03
3.183136981253407993e-03
3.281543713555214528e-03
3.369023293918605236e-03
3.444848359989300009e-03
3.508299976307385510e-03
3.558675904181803507e-03
3.595301018021448882e-03
3.617537481602550904e-03
3.624794687427622831e-03
3.616541270266076472e-03
3.592315202959298244e-03
3.551735681157812755e-03
3.494512101143589997e-03
3.420455726394722781e-03
3.329487652650027236e-03
3.221647082780225175e-03
3.097097805810246265e-03
2.956134244266661604e-03
2.799184412945511687e-03
2.626811941963324779e-03
2.439716145675976684e-03
2.238730026973298134e-03
2.024816331946169366e-03
1.799061681720432728e-03
1.562668265695382709e-03
1.316944501897765766e-03
1.063293105587962079e-03
8.031981880353365180e-04
5.382105797926847951e-04
2.699323141361311871e-04
8.465411658970553559e-17
8.108835778422285152e-17
-2.537824641068495536e-04
-5.060883575947837778e-04
-7.554559185860363745e-04
-1.000452763766143628e-03
-1.239689971904089309e-03
-1.471835340602592251e-03
-1.695625761703454300e-03
-1.909878278935699895e-03
-2.113500188251243514e-03
-2.305497008289002833e-03
-2.484979583216768723e-03
-2.651169073049872670e-03
-2.803400382336463433e-03
-2.941123680289382900e-03
-3.063905356590759972e-03
-3.171425515278400963e-03
-3.263475968638063912e-03
-3.339954204041554065e-03
-3.400860900450530019e-03
-3.446290483384137262e-03
-3.476425514986643608e-03
-3.491528319962860279e-03
-3.491932075486308719e-03
-3.478032742573234064e-03
-3.450279252721177425e-03
-3.409166205279210229e-03
-3.355224716220445765e-03
-3.289014094545165794e-03
-3.211115375407971699e-03
-3.122123067149921560e-03
-3.022640810329216970e-03
-2.913275247031649803e-03
-2.794631467108730279e-03
-2.667310963256198323e-03
-2.531906818742849126e-03
-2.389002974205475718e-03
-2.239172859688504623e-03
-2.082978879211562582e-03
-1.920972420708553889e-03
-1.753693687194511543e-03
-1.581673143347837526e-03
-1.405432088060702689e-03
-1.225483899087439999e-03
-1.042335155478377922e-03
-8.564867684273393903e-04
-6.684351609711276961e-04
-4.786732414628439578e-04
-2.876914302359694304e-04
-9.597835790561007807e-05
9.597835794245881665e-05
2.876914303366658997e-04
4.786732414523862857e-04
6.684351604666501599e-04
8.564867300510102576e-04
1.042335151292260323e-03
1.225483903664979952e-03
1.405432091404524219e-03
1.581673142393480056e-03
1.753693685679085087e-03
1.920972440532421480e-03
2.082978874458467963e-03
2.239172864012281203e-03
2.389003051604345583e-03
2.531906822582270528e-03
2.667310962126268840e-03
2.794631466226494155e-03
2.913275253477677108e-03
3.022640793180463633e-03
3.122123051512690033e-03
3.211115374885451304e-03
3.289014060787863718e-03
3.355224720171850940e-03
3.409166030959223399e-03
3.450279259633905193e-03
3.478032573676719235e-03
3.491932085075535701e-03
3.491528272500369744e-03
3.476425506725999703e-03
3.446290397277995080e-03
3.400860834534672611e-03
3.339954204635164729e-03
3.263475533342789694e-03
3.171425498833590172e-03
3.063905356364572848e-03
2.941123688948159721e-03
2.803400312346358142e-03
2.651169042490953559e-03
2.484979576925635744e-03
2.305496999562926981e-03
2.113500163943505834e-03
1.909878286462853274e-03
1.695625747099394585e-03
1.471835342235870182e-03
1.239689971789556359e-03
1.000452763276075355e-03
7.554559180833959105e-04
5.060883575301544863e-04
2.537824644304234579e-04
8.206870420597219820e-17
7.857229803305809449e-17
-2.390898212992731658e-04
-4.768571469982695325e-04
-7.119920310870106201e-04
-9.432094781652630017e-04
-1.169261349791005621e-03
-1.388947720019437703e-03
-1.601127320441846167e-03
-1.804726903340025598e-03
-1.998749732876123689e-03
-2.182282865471229204e-03
-2.354502467013648310e-03
-2.514678610387584886e-03
-2.662178028177505321e-03
-2.796465913038521673e-03
-2.917105818330744879e-03
-3.023758848033057060e-03
-3.116181031409454450e-03
-3.194219843992384972e-03
-3.257811007418237245e-03
-3.306970818419528117e-03
-3.341792618754838712e-03
-3.362439226735229169e-03
-3.369136580914886946e-03
-3.362166529501885680e-03
-3.341859628761590945e-03
-3.308589941135548634e-03
-3.262766790036758947e-03
-3.204829491950850033e-03
-3.135241561987080119e-03
-3.054485803458335900e-03
-2.963060070958032852e-03
-2.861473358289785655e-03
-2.750243686821870516e-03
-2.629893959877433515e-03
-2.500951560333258480e-03
-2.363948324901613256e-03
-2.219417400644581317e-03
-2.067895004992872585e-03
-1.909919141675163945e-03
-1.746031450493325688e-03
-1.576776422892905592e-03
-1.402702372097485882e-03
-1.224361634373835779e-03
-1.042311223390342224e-03
-8.571120953658773476e-04
-6.693299260369682188e-04
-4.795341882998090609e-04
-2.882975946023018246e-04
-9.619543446786478459e-05
9.619543435750158218e-05
2.882975947048062012e-04
4.795341885640921225e-04
6.693299264504054069e-04
8.571121500245238800e-04
1.042311224224590042e-03
1.224361637011437938e-03
1.402702373678248529e-03
1.576776423339508199e-03
1.746031360389204042e-03
1.909919130179226062e-03
2.067895015771912138e-03
2.219417311421550010e-03
2.363948346685052458e-03
2.500951569416112741e-03
2.629893832155141570e-03
2.750243707318433296e-03
2.861473819719657398e-03
2.963060096694352177e-03
3.054485874188194935e-03
3.135241903242163772e-03
3.204829573673216754e-03
3.262767050236941094e-03
3.308589946535778377e-03
3.341859629332182263e-03
3.362166489022950372e-03
3.369136539095569840e-03
3.362439228446523036e-03
3.341792572772828845e-03
3.306970829556188721e-03
3.257811007930140699e-03
3.194219843548768041e-03
3.116181023002666164e-03
3.023758872843495486e-03
2.917105834601138332e-03
2.796465921379716595e-03
2.662178027662648935e-03
2.514678608656990919e-03
2.354502464639764668e-03
2.182282870271147479e-03
1.998749725792048609e-03
1.804726906849020342e-03
1.601127325934268222e-03
1.388947720716513564e-03
1.169261349929258094e-03
9.432094811445443198e-04
7.119920115545403608e-04
4.768571546018155805e-04
2.390898260976319248e-04
7.949584338187704186e-17
7.607365817791161620e-17
-2.256136256366212279e-04
-4.500390341054034027e-04
-6.720986732060387544e-04
-8.906361003742840681e-04
-1.104526375982151651e-03
-1.312684962312850008e-03
-1.514077433550366572e-03
-1.707727027891106772e-03
-1.892721682322711990e-03
-2.068220807947977139e-03
-2.233459116320416545e-03
-2.387751444959849371e-03
-2.530494121105201707e-03
-2.661167606476614895e-03
-2.779336433605213239e-03
-2.884647475080328108e-03
-2.976829605619608996e-03
-3.055689991179756215e-03
-3.121110516685058310e-03
-3.173044181247672551e-03
-3.211510597955641051e-03
-3.236589166167230802e-03
-3.248416427378654232e-03
-3.247179448611569545e-03
-3.233110136837076369e-03
-3.206480044684530215e-03
-3.167596641397845379e-03
-3.116797789023819515e-03
-3.054448144876992319e-03
-2.980935430939347236e-03
-2.896667858846780057e-03
-2.802071187460246707e-03
-2.697587790791771464e-03
-2.583674195202234364e-03
-2.460801167070814956e-03
-2.329453057502509691e-03
-2.190127216876087447e-03
-2.043335008058874604e-03
-1.889601130510370607e-03
-1.729464410973825285e-03
-1.563477858513759831e-03
-1.392208715782808272e-03
-1.216238240867026973e-03
-1.036161209412289662e-03
-8.525851083511397973e-04
-6.661289175886860123e-04
-4.774216116005128643e-04
-2.871002991461980326e-04
-9.580811263699635699e-05
9.580811262337984835e-05
2.871002990509131957e-04
4.774216116021162367e-04
6.661289174653666888e-04
8.525851084769677478e-04
1.036161209465038266e-03
1.216238238624745742e-03
1.392208714279215016e-03
1.563477859358334675e-03
1.729464411118060603e-03
1.889601130991247447e-03
2.043335008912009008e-03
2.190127217672059676e-03
2.329453064636518352e-03
2.460801204927376591e-03
2.583674182919333106e-03
2.697587792772334313e-03
2.802071278801371475e-03
2.896667863523422811e-03
2.980935442309599632e-03
3.054448201313218238e-03
3.116797852635054718e-03
3.167596795635494074e-03
3.206480055602386678e-03
3.233110022425226149e-03
3.247179793877036803e-03
3.248416400221635844e-03
3.236589167354459503e-03
3.211510587008645570e-03
3.173044160681682234e-03
3.121110522451070110e-03
3.055689997950105687e-03
2.976829898704137431e-03
2.884647507169500573e-03
2.779336325334040396e-03
2.661167753615372670e-03
2.530494047282109537e-03
2.387751339146033328e-03
2.233459115036376830e-03
2.068220937447099068e-03
1.892721682242210195e-03
1.707727028966536231e-03
1.514077433240688074e-03
1.312684949131587070e-03
1.104526307282085182e-03
8.906361003128142502e-04
6.720986736672604185e-04
4.500390312057317432e-04
2.256136268468205406e-04
7.694510969406397939e-17
7.360126151019482173e-17
-2.131670966172161271e-04
-4.252634906563186319e-04
-6.352274802057909656e-04
-8.420154631692837368e-04
-1.044609888863182873e-03
-1.242028327377411694e-03
-1.433330109769111356e-03
-1.617623479739999136e-03
-1.794072217728120760e-03
-1.961899387036826221e-03
-2.120393173576372390e-03
-2.268908655032219907e-03
-2.406870934984267716e-03
-2.533776253582926095e-03
-2.649192116689976124e-03
-2.752756503882686744e-03
-2.844177480780030187e-03
-2.923229624651427650e-03
-2.989752484098238093e-03
-3.043646645356858343e-03
-3.084870366024077340e-03
-3.113436006470194414e-03
-3.129405266791956616e-03
-3.132885506739070593e-03
-3.124026075424691466e-03
-3.103013263625049693e-03
-3.070068994374199316e-03
-3.025445060159246812e-03
-2.969423388779206859e-03
-2.902310932683016282e-03
-2.824439593102788873e-03
-2.736164240370392992e-03
-2.637862291440339242e-03
-2.529933287458937131e-03
-2.412797586141122563e-03
-2.286898454045815151e-03
-2.152700358204218470e-03
-2.010691188838160601e-03
-1.861381336211633030e-03
-1.705304154028321716e-03
-1.543016324952399109e-03
-1.375096837081805695e-03
-1.202147327850841508e-03
-1.024790313588361474e-03
-8.436672117312845080e-04
-6.594374883964814827e-04
-4.727751016618056412e-04
-2.843662096696535817e-04
-9.490577383994419094e-05
9.490577497878091009e-05
2.843662026222574407e-04
4.727751087583847707e-04
6.594374849948601586e-04
8.436672006866198677e-04
1.024790308699908984e-03
1.202147438208815786e-03
1.375096858036218596e-03
1.543016291086225138e-03
1.705304153652892427e-03
1.861381338380883269e-03
2.010691302741272803e-03
2.152700367689722432e-03
2.286898456582148707e-03
2.412797462151265553e-03
2.529933237056877868e-03
2.637862341255683800e-03
2.736164244363690004e-03
2.824439586285805697e-03
2.902310976628227034e-03
2.969423400126830221e-03
3.025445190949007344e-03
3.070068991132884981e-03
3.103013394707177051e-03
3.124026140303181633e-03
3.132885416388419154e-03
3.129405124593236370e-03
3.113436145100055476e-03
3.084870366431157959e-03
3.043646681502884619e-03
2.989752461965770793e-03
2.923229775493219832e-03
2.844177482131597483e-03
2.752756755991399122e-03
2.649192279702993705e-03
2.533776280990146252e-03
2.406870941165737549e-03
2.268908548516245481e-03
2.120393321704646360e-03
1.961899407080305250e-03
1.794072217631874615e-03
1.617623470925554519e-03
1.433330105486135039e-03
1.242028322241708850e-03
1.044609889159182859e-03
8.420154179695133780e-04
6.352274846460485890e-04
4.252634898639301789e-04
2.131671030235995532e-04
7.442460371340588279e-17
7.116246834871043227e-17
-2.016044636659017916e-04
-4.022414438388831402e-04
-6.009510824301333163e-04
-7.967887022568803483e-04
-9.888319824412903410e-04
-1.176187841623499387e-03
-1.357998871934088751e-03
-1.533448972226641180e-03
-1.701768619841940132e-03
-1.862239119062528408e-03
-2.014196230121122894e-03
-2.157032760901480845e-03
-2.290200735531668606e-03
-2.413212616168782312e-03
-2.525641253793943237e-03
-2.627119619825257334e-03
-2.717340238692848419e-03
-2.796052814396353132e-03
-2.863062778018372802e-03
-2.918228701763693738e-03
-2.961459137128673921e-03
-2.992710465634008769e-03
-3.011982425227161496e-03
-3.019317056253296386e-03
-3.014793694328203426e-03
-2.998529073393978173e-03
-2.970672353040514947e-03
-2.931403851941500379e-03
-2.880934401332603360e-03
-2.819503085587952203e-03
-2.747377466838971192e-03
-2.664851592105200572e-03
-2.572247428036092843e-03
-2.469913893366980882e-03
-2.358228810144340042e-03
-2.237597813139956867e-03
-2.108456251879050475e-03
-1.971269102649954395e-03
-1.826531576257265374e-03
-1.674769085423114326e-03
-1.516537982332700736e-03
-1.352423690792558739e-03
-1.183040640282114224e-03
-1.009029569816454917e-03
-8.310568415041844157e-04
-6.498103831194693234e-04
-4.659971607504826449e-04
-2.803393236824323659e-04
-9.357017418084588080e-05
9.357017456529662569e-05
2.803393212336424971e-04
4.659971626799128391e-04
6.498104040447304133e-04
8.310568409342019864e-04
1.009029639899457252e-03
1.183040562268970102e-03
1.352423722611746865e-03
1.516537923677018646e-03
1.674769057330417971e-03
1.826531591416965909e-03
1.971269142101421661e-03
2.108456232968765678e-03
2.237597789422664414e-03
2.358228747441050432e-03
2.469913914846595410e-03
2.572247431872788995e-03
2.664851389616509393e-03
2.747377371719623030e-03
2.819503020075344712e-03
2.880934437557377843e-03
2.931403963367944839e-03
2.970672038302968592e-03
2.998529095642401762e-03
3.014793744580256379e-03
3.019316729352418058e-03
3.011982423581614950e-03
2.992710365016280211e-03
2.961459166161730262e-03
2.918228621443360021e-03
2.863062639007128013e-03
2.796052813512714050e-03
2.717340211835112332e-03
2.627119510907317997e-03
2.525641306022142867e-03
2.413212547297160365e-03
2.290200763245333303e-03
2.157032755995323334e-03
2.014196215453502043e-03
1.862239152826361066e-03
1.701768672366283080e-03
1.533448993780680983e-03
1.357998861160642379e-03
1.176187886585459540e-03
9.888319752816034352e-04
7.967887004073901693e-04
6.009510867960096833e-04
4.022414419881938877e-04
2.016044636011744883e-04
7.194112155919057981e-17
6.876335415711885600e-17
-1.908113675779232721e-04
-3.807462408356947063e-04
-5.689345655475913947e-04
-7.545191231622071486e-04
-9.366613659554291369e-04
-1.114547729038301103e-03
-1.287394521372528999e-03
-1.454452913671384819e-03
-1.615013504780815666e-03
-1.768409908987956603e-03
-1.914020975073159152e-03
-2.051274818354735172e-03
-2.179649080692274560e-03
-2.298672414588220827e-03
-2.407925044680942969e-03
-2.507038051136717318e-03
-2.595693644789177391e-03
-2.673622484497871574e-03
-2.740603570810424845e-03
-2.796461309170938936e-03
-2.841064399907868021e-03
-2.874322995383906711e-03
-2.896186646194281056e-03
-2.906642903353663654e-03
-2.905714202468216018e-03
-2.893457361763631958e-03
-2.869961870973817240e-03
-2.835347930670219490e-03
-2.789766884558789444e-03
-2.733401003566724493e-03
-2.666461340737254996e-03
-2.589191539066316126e-03
-2.501865099430820600e-03
-2.404788201698699994e-03
-2.298299560859529567e-03
-2.182772478267876182e-03
-2.058614464859542630e-03
-1.926269336281334361e-03
-1.786216525321392481e-03
-1.638971905406451553e-03
-1.485087522343715325e-03
-1.325150352177882108e-03
-1.159781146001618917e-03
-9.896324325885728738e-04
-8.153859047513541992e-04
-6.377490228087921362e-04
-4.574512768951125735e-04
-2.752399192213358069e-04
-9.187509581369998862e-05
9.187509537081642514e-05
2.752399193323543688e-04
4.574512857503489961e-04
6.377490130473313992e-04
8.153859168254538404e-04
9.896324284916471672e-04
1.159781167029581275e-03
1.325150368148558929e-03
1.485087489775151594e-03
1.638971905385078242e-03
1.786216496667877808e-03
1.926269426043208076e-03
2.058614491542684437e-03
2.182772496489910306e-03
2.298299603883118599e-03
2.404788212072782663e-03
2.501865145714727862e-03
2.589191533577514873e-03
2.666461342723581898e-03
2.733400959750765819e-03
2.789766891902008359e-03
2.835347794100473960e-03
2.869961931529283698e-03
2.893457448229891024e-03
2.905714181166384625e-03
2.906642880518165405e-03
2.896186709985509866e-03
2.874322981954717526e-03
2.841064472157043413e-03
2.796461405285034785e-03
2.740603464928725603e-03
2.673622529917481054e-03
2.595693644373800457e-03
2.507038050214965060e-03
2.407924868306955072e-03
2.298672378718163035e-03
2.179649059777236195e-03
2.051274873827012117e-03
1.914021013762030269e-03
1.768409857950291406e-03
1.615013504758050673e-03
1.454452950028648156e-03
1.287394526830653403e-03
1.114547728676671540e-03
9.366613658389188199e-04
7.545190996095477599e-04
5.689345655879880087e-04
3.807462378107263012e-04
1.908113665189680212e-04
6.950029609308303409e-17
6.640888639313270420e-17
-1.806972869310309181e-04
-3.605985614239583812e-04
-5.389132205903036411e-04
-7.148614450195867314e-04
-8.876792703986464495e-04
-1.056623440128885401e-03
-1.220976101161507909e-03
-1.380048684005397500e-03
-1.533185636056543866e-03
-1.679767861926105338e-03
-1.819214341271686028e-03
-1.950985277384750067e-03
-2.074582943219391209e-03
-2.189552816815508885e-03
-2.295483465584184125e-03
-2.392007351817397511e-03
-2.478799564446468144e-03
-2.555577486608337674e-03
-2.622099406799997898e-03
-2.678163474278019100e-03
-2.723605802149890384e-03
-2.758299790858672901e-03
-2.782153628549181770e-03
-2.795110087303106540e-03
-2.797144751133929467e-03
-2.788265088174802370e-03
-2.768510689051892001e-03
-2.737951348607573551e-03
-2.696688817881055019e-03
-2.644856177593413616e-03
-2.582618851921797496e-03
-2.510175406729522798e-03
-2.427758583360982263e-03
-2.335636620159999618e-03
-2.234114626080915995e-03
-2.123536194671520744e-03
-2.004283975218045140e-03
-1.876780707435862262e-03
-1.741490172378535759e-03
-1.598916693613360463e-03
-1.449605167297739108e-03
-1.294140059375288370e-03
-1.133143689318651939e-03
-9.672736570404874947e-04
-7.972201195380537861e-04
-6.237018794498624865e-04
-4.474624150954132078e-04
-2.692648124156743548e-04
-8.988646899479254572e-05
8.988646672603428504e-05
2.692648158954538077e-04
4.474624086623846730e-04
6.237018913211512692e-04
7.972201233769153064e-04
9.672736171993491852e-04
1.133143648036492824e-03
1.294140094605240789e-03
1.449605103143429205e-03
1.598916614770945011e-03
1.741490203637682940e-03
1.876780673432144018e-03
2.004284103031825966e-03
2.123536328707558655e-03
2.234114469688713855e-03
2.335636652276971460e-03
2.427758541226532688e-03
2.510175387659405784e-03
2.582618947950852430e-03
2.644856234637898203e-03
2.696688800206058570e-03
2.737951288658229017e-03
2.768510632827772457e-03
2.788265242827694425e-03
2.797144835692723895e-03
2.795110211624102312e-03
2.782153548452068800e-03
2.758299722498505115e-03
2.723605925320606198e-03
2.678163497300784651e-03
2.622099402900524706e-03
2.555577508459925921e-03
2.478799434145468553e-03
2.392007357370418228e-03
2.295483418594159841e-03
2.189552754948001240e-03
2.074582965663248745e-03
1.950985278965103537e-03
1.819214302148334118e-03
1.679767770386907675e-03
1.533185695119052006e-03
1.380048700600601877e-03
1.220976080610741742e-03
1.056623457784793821e-03
8.876792176130613018e-04
7.148614442094190433e-04
5.389132163284177665e-04
3.605985678010579132e-04
1.806972835647371021e-04
6.710674427156672927e-17
6.410306708270968829e-17
-1.711899362230280346e-04
-3.416552714009307083e-04
-5.106759681106118982e-04
-6.775409637733238646e-04
-8.415525354304396457e-04
-1.002030437853072701e-03
-1.158315419173142850e-03
-1.309773183094014096e-03
-1.455796871337762446e-03
-1.595809915707676468e-03
-1.729268570124328124e-03
-1.855663005681151964e-03
-1.974518863026626918e-03
-2.085398509275143350e-03
-2.187900333559724114e-03
-2.281659972095442454e-03
-2.366349393963474053e-03
-2.441676715238574793e-03
-2.507384550146653582e-03
-2.563250936433332777e-03
-2.609086536965707186e-03
-2.644734779124717581e-03
-2.670071215427549920e-03
-2.685001548876794503e-03
-2.689463032911911054e-03
-2.683422726252729373e-03
-2.666878445231631641e-03
-2.639858411757462029e-03
-2.602422556709043083e-03
-2.554663067364525836e-03
-2.496705899965039228e-03
-2.428711659782240625e-03
-2.350877587853353583e-03
-2.263439312577431289e-03
-2.166672097621084089e-03
-2.060892642318672575e-03
-1.946460275786949818e-03
-1.823778060858897857e-03
-1.693293501747388657e-03
-1.555498235258346434e-03
-1.410927848745183698e-03
-1.260160849754136817e-03
-1.103816556577433316e-03
-9.425524885184720239e-04
-7.770612847850285731e-04
-6.080667231223231854e-04
-4.363187382036069046e-04
-2.625885440598337115e-04
-8.766270928523203093e-05
8.766270958452342501e-05
2.625885392222356159e-04
4.363187395283710962e-04
6.080667250790673054e-04
7.770612839686424434e-04
9.425523811717355979e-04
1.103816482803664321e-03
1.260160845394634691e-03
1.410927877173931769e-03
1.555498195311100403e-03
1.693293468870517727e-03
1.823778081263643675e-03
1.946460297078979806e-03
2.060892591081824043e-03
2.166672113256828958e-03
2.263439260672406306e-03
2.350877567021787511e-03
2.428711659239481211e-03
2.496705999206151952e-03
2.554663125136075966e-03
2.602422606720370193e-03
2.639858448339900930e-03
2.666878395253234786e-03
2.683422847072438212e-03
2.689462850882988303e-03
2.685001572689338888e-03
2.670071241858774317e-03
2.644734816645132307e-03
2.609086574074194909e-03
2.563250883095226276e-03
2.507384483507274237e-03
2.441676505241752344e-03
2.366349448029526469e-03
2.281659972054784005e-03
2.187900381260069523e-03
2.085398377898162441e-03
1.974519035979786959e-03
1.855663077514654218e-03
1.729268583749354795e-03
1.595809912737264791e-03
1.455796795990185960e-03
1.309773209157662297e-03
1.158315476022416185e-03
1.002030454255809725e-03
8.415525579130715044e-04
6.775409813480052666e-04
5.106759497193096367e-04
3.416552724869526057e-04
1.711899357377622900e-04
6.476418821965441075e-17
6.184906235294971354e-17
-1.622309818591391288e-04
-3.238009130487094029e-04
-4.840526276317001992e-04
-6.423363556086962144e-04
-7.980135947711922357e-04
-9.504601427407495355e-04
-1.099069819245160253e-03
-1.243256745980833187e-03
-1.382458393356566758e-03
-1.516137374467758751e-03
-1.643783689183890735e-03
-1.764915782577381950e-03
-1.879081904579962695e-03
-1.985860853993996929e-03
-2.084862001418584694e-03
-2.175726361415865340e-03
-2.258124999250526316e-03
-2.331760305878339580e-03
-2.396364628353732113e-03
-2.451699932311866489e-03
-2.497557612584435077e-03
-2.533757962361320171e-03
-2.560148990027580253e-03
-2.576608101817963112e-03
-2.583040664045971845e-03
-2.579380580952557369e-03
-2.565591568392301420e-03
-2.541666994647195487e-03
-2.507632278604052679e-03
-2.463545130389010497e-03
-2.409497793122231113e-03
-2.345618686335169956e-03
-2.272074909058392593e-03
-2.189073021534969268e-03
-2.096861663016191639e-03
-1.995733805358414908e-03
-1.886027015141194694e-03
-1.768125284975696635e-03
-1.642459561326513892e-03
-1.509507964116690772e-03
-1.369794861555936102e-03
-1.223889931251366525e-03
-1.072405817001351571e-03
-9.159962465206268048e-04
-7.553510538734806807e-04
-5.911932803393943336e-04
-4.242734665426192838e-04
-2.553643669934304401e-04
-8.525517840631620554e-05
8.525517887503522259e-05
2.553643900104121526e-04
4.242734633815229534e-04
5.911932903544544040e-04
7.553510794148926566e-04
9.159962231825600825e-04
1.072405856675847464e-03
1.223889746243018691e-03
1.369794885900527115e-03
1.509507923439451418e-03
1.642459573177645731e-03
1.768125284203377143e-03
1.886026923090479337e-03
1.995733893255526806e-03
2.096861675124656477e-03
2.189072941818748230e-03
2.272074924115070286e-03
2.345618738298487719e-03
2.409497745533389391e-03
2.463545164726670816e-03
2.507632334042644764e-03
2.541667096482332164e-03
2.565591529260134729e-03
2.579380655357828810e-03
2.583040680598972134e-03
2.576608123358105611e-03
2.560149004853899679e-03
2.533757862578242970e-03
2.497557629819259755e-03
2.451700010924751788e-03
2.396364686665346765e-03
2.331760354100286849e-03
2.258124977912875919e-03
2.175726401332510416e-03
2.084862076988726418e-03
1.985860883636236546e-03
1.879081892834032512e-03
1.764915779855226116e-03
1.643783740530839130e-03
1.516137400052679869e-03
1.382458378937303882e-03
1.243256726878111829e-03
1.099069801754576836e-03
9.504601536478693609e-04
7.980135421876080474e-04
6.423363629853744757e-04
4.840526310301474129e-04
3.238009180257169243e-04
1.622309765900450214e-04
6.247556817767789116e-17
5.964931898440898738e-17
-1.537727129464994623e-04
-3.069411529378068154e-04
-4.589041897484213441e-04
-6.090669961190161696e-04
-7.568438701534454909e-04
-9.016613457038306868e-04
-1.042960610675063363e-03
-1.180199758347321836e-03
-1.312856433995991320e-03
-1.440429150751215345e-03
-1.562439077567142481e-03
-1.678431369415151874e-03
-1.787975585551495336e-03
-1.890667107393907741e-03
-1.986127277890321723e-03
-2.074003122486268568e-03
-2.153968303334509449e-03
-2.225721671522289547e-03
-2.288989067294743517e-03
-2.343521023206350355e-03
-2.389094210610901142e-03
-2.425510669071163569e-03
-2.452598017754805716e-03
-2.470209889889544118e-03
-2.478226568465849954e-03
-2.476554926596958618e-03
-2.465130452884018754e-03
-2.443918558406221221e-03
-2.412915023644216644e-03
-2.372149353731341139e-03
-2.321685112119380168e-03
-2.261623832174666782e-03
-2.192105389025692051e-03
-2.113311674438137812e-03
-2.025468072291394545e-03
-1.928845030490768759e-03
-1.823760432022310295e-03
-1.710579950877414400e-03
-1.589718101076429942e-03
-1.461638389126420018e-03
-1.326852546271526387e-03
-1.185919237908013724e-03
-1.039441936352894632e-03
-8.880660176256913434e-04
-7.324752621213744203e-04
-5.733870624564462283e-04
-4.115476614163308933e-04
-2.477261778898022060e-04
-8.270867263401828937e-05
8.270867257537104270e-05
2.477261751041128293e-04
4.115476616424741619e-04
5.733870624822711651e-04
7.324753075380945012e-04
8.880660424486942631e-04
1.039441887677392418e-03
1.185919236700034044e-03
1.326852547646995353e-03
1.461638388860466093e-03
1.589718100590444341e-03
1.710579838745323461e-03
1.823760413088425236e-03
1.928845039612809339e-03
2.025468070522272804e-03
2.113311720344170259e-03
2.192105329943803364e-03
2.261623821758222599e-03
2.321685102287630170e-03
2.372149214218063039e-03
2.412915073931647548e-03
2.443918495323871547e-03
2.465130549899307785e-03
2.476554927173978821e-03
2.478226568049814692e-03
2.470210017984088638e-03
2.452598079302212644e-03
2.425510671200150226e-03
2.389094087296562800e-03
2.343521022688153325e-03
2.288989068939117823e-03
2.225721809948719154e-03
2.153968266556164756e-03
2.074003218850936549e-03
1.986127316809738457e-03
1.890667157584599838e-03
1.787975600309597412e-03
1.678431369460494076e-03
1.562439124850569438e-03
1.440429152641745396e-03
1.312856417738893656e-03
1.180199752216072248e-03
1.042960608103958575e-03
9.016613617157710498e-04
7.568439172032242774e-04
6.090669912146127888e-04
4.589042115680670437e-04
3.069411338582333365e-04
1.537727111889082381e-04
6.024314616442486868e-17
5.750566039661133412e-17
-1.457756250416052037e-04
-2.909977879625530949e-04
-4.351156302876504380e-04
-5.775834541339061557e-04
-7.178631917903820865e-04
-8.554267483127292243e-04
-9.897581735664406043e-04
-1.120355646937097171e-03
-1.246733226362524514e-03
-1.368422408408571716e-03
-1.484973370642599187e-03
-1.595956071899912610e-03
-1.700960924114587212e-03
-1.799599698123475729e-03
-1.891505549982095162e-03
-1.976333606511690953e-03
-2.053760941117353713e-03
-2.123486660699096945e-03
-2.185232042138080845e-03
-2.238740553512192158e-03
-2.283778019058491093e-03
-2.320132912955546155e-03
-2.347616790175954468e-03
-2.366064943791153057e-03
-2.375337281284731553e-03
-2.375319467878399520e-03
-2.365924300623975518e-03
-2.347093429980437289e-03
-2.318799004515868442e-03
-2.281046331244788658e-03
-2.233875493362742770e-03
-2.177364144286163955e-03
-2.111629827515181662e-03
-2.036832307734135188e-03
-1.953175846206700768e-03
-1.860911179872790523e-03
-1.760337185616347219e-03
-1.651802095653276273e-03
-1.535704186985810881e-03
-1.412491825523263340e-03
-1.282662846210549717e-03
-1.146763151724613855e-03
-1.005384529392539146e-03
-8.591616604950793072e-04
-7.087683355701608796e-04
-5.549129115941752160e-04
-3.983330812701919746e-04
-2.397900187359848024e-04
-8.006205181269808696e-05
8.006205184665104351e-05
2.397900186693636959e-04
3.983330811351265132e-04
5.549129127218562808e-04
7.087683358751639727e-04
8.591616605231946211e-04
1.005384529206333711e-03
1.146763151537276730e-03
1.282662845432489592e-03
1.412491824537404593e-03
1.535704186708270304e-03
1.651802095743128878e-03
1.760337184622253522e-03
1.860911179138590929e-03
1.953175847224076622e-03
2.036832307925350721e-03
2.111629828321175389e-03
2.177364144722098230e-03
2.233875495381231011e-03
2.281046329552634862e-03
2.318799003797601416e-03
2.347093431346991294e-03
2.365924302146334580e-03
2.375319467143071055e-03
2.375337281867262538e-03
2.366064943497357253e-03
2.347616791206032401e-03
2.320132913185351045e-03
2.283778015310808374e-03
2.238740552984013962e-03
2.185232042521741830e-03
2.123486661731070931e-03
2.053760941730611422e-03
1.976333605466559524e-03
1.891505549945669872e-03
1.799599698184537345e-03
1.700960923830510847e-03
1.595956073664411964e-03
1.484973370427192935e-03
1.368422407677999213e-03
1.246733225920663990e-03
1.120355644482125832e-03
9.897581729070054242e-04
8.554267479601442925e-04
7.178631919479803048e-04
5.775834539995158270e-04
4.351156293871745093e-04
2.909977880853665839e-04
1.457756250153650446e-04
5.806859256945611571e-17
5.541938121995447891e-17
-1.382064114819396789e-04
-2.759049687624415704e-04
-4.125899504709795262e-04
-5.477598654928223605e-04
-6.809194755677303685e-04
-8.115817123992402063e-04
-9.392694648439248086e-04
-1.063517198951514486e-03
-1.183872407311261634e-03
-1.299896869505548329e-03
-1.411167726562512258e-03
-1.517278346800409296e-03
-1.617839038181923157e-03
-1.712477591345815424e-03
-1.800839684624706144e-03
-1.882589188681355963e-03
-1.957408401284536307e-03
-2.024998302060008158e-03
-2.085078722037955658e-03
-2.137388622250642554e-03
-2.181686607962060858e-03
-2.217751340838960365e-03
-2.245382305244061124e-03
-2.264400784815357413e-03
-2.274650921974297278e-03
-2.276001322526068505e-03
-2.268346586209547561e-03
-2.251609300385314615e-03
-2.225742197830436232e-03
-2.190730447111521092e-03
-2.146594245263038110e-03
-2.093391308738904236e-03
-2.031219495770094589e-03
-1.960219307244661160e-03
-1.880576232284878520e-03
-1.792522834282895758e-03
-1.696340461547544282e-03
-1.592360501673737404e-03
-1.480965087497736589e-03
-1.362587138683677996e-03
-1.237709710619649094e-03
-1.106864557402791396e-03
-9.706299117337114030e-04
-8.296274265204305097e-04
-6.845183320120973476e-04
-5.359988275167252691e-04
-3.847947713483058549e-04
-2.316557702284694278e-04
-7.734876228480800807e-05
7.734876223054814811e-05
2.316557702251809342e-04
3.847947714109233009e-04
5.359988270226093447e-04
6.845183311867282776e-04
8.296274274024781998e-04
9.706299114390176631e-04
1.106864557736483672e-03
1.237709709087972182e-03
1.362587138310627881e-03
1.480965088456934588e-03
1.592360503275709431e-03
1.696340459651282705e-03
1.792522833469843658e-03
1.880576232109324505e-03
1.960219307026853184e-03
2.031219495389859249e-03
2.093391309548847928e-03
2.146594246476809815e-03
2.190730445642727689e-03
2.225742196909021378e-03
2.251609298597653450e-03
2.268346587091944581e-03
2.276001325802070371e-03
2.274650922175557293e-03
2.264400784614917488e-03
2.245382306135481308e-03
2.217751342644749390e-03
2.181686607022548501e-03
2.137388622315424935e-03
2.085078720863228676e-03
2.024998300706609428e-03
1.957408400534512132e-03
1.882589189622444099e-03
1.800839684303933222e-03
1.712477590589487481e-03
1.617839038346081991e-03
1.517278346261327930e-03
1.411167726913092934e-03
1.299896871187397650e-03
1.183872407360312025e-03
1.063517199082779710e-03
9.392694651381426922e-04
8.115817132478399341e-04
6.809194756212816075e-04
5.477598656525303278e-04
4.125899507214805351e-04
2.759049686482910736e-04
1.382064115673533699e-04
5.595307296393908583e-17
5.339131608377812689e-17
-1.310366136847734733e-04
-2.616064103135071314e-04
-3.912443182848344796e-04
-5.194886894463718709e-04
-6.458829518185303176e-04
-7.699771696807640453e-04
-8.913294923003906153e-04
-1.009507442086365978e-03
-1.124089162898879056e-03
-1.234664381339947584e-03
-1.340835326676758201e-03
-1.442217449259631428e-03
-1.538440040251641073e-03
-1.629146705231322278e-03
-1.713995774363483333e-03
-1.792660640300810159e-03
-1.864830096364286822e-03
-1.930208541553538005e-03
-1.988516495287255288e-03
-2.039491109397894002e-03
-2.082886417689580778e-03
-2.118474589258687816e-03
-2.146046330557188804e-03
-2.165412606611710755e-03
-2.176405532523494231e-03
-2.178880412496928334e-03
-2.172717462780137353e-03
-2.157824025868170046e-03
-2.134136887835426290e-03
-2.101624824128079869e-03
-2.060291274295307073e-03
-2.010177039530372176e-03
-1.951362978482706857e-03
-1.883972707412588611e-03
-1.808174859393080636e-03
-1.724185396961427962e-03
-1.632269253877672568e-03
-1.532741680642023437e-03
-1.425968880629880113e-03
-1.312368123157031620e-03
-1.192407072533632458e-03
-1.066602257184292787e-03
-9.355169210356361655e-04
-7.997578650086441471e-04
-6.599716539146686977e-04
-5.168398658755799522e-04
-3.710738864356226884e-04
-2.234088852812015356e-04
-7.459740884384860507e-05
7.459740872377642641e-05
2.234088852891483309e-04
3.710738867336293707e-04
5.168398668877032800e-04
6.599716544506276702e-04
7.997578651532882095e-04
9.355169216247701588e-04
1.066602257950939733e-03
1.192407081255661850e-03
1.312368122922816412e-03
1.425968880969821946e-03
1.532741681249279652e-03
1.632269255621924880e-03
1.724185396618448194e-03
1.808174859450971395e-03
1.883972704086572282e-03
1.951362980830340229e-03
2.010177038432672553e-03
2.060291273351130478e-03
2.101624823483695583e-03
2.134136887138891447e-03
2.157824025822209849e-03
2.172717462350609412e-03
2.178880410782348901e-03
2.176405548181700299e-03
2.165412607019964047e-03
2.146046333340631117e-03
2.118474589066190322e-03
2.082886419248279261e-03
2.039491108591586725e-03
1.988516494468773720e-03
1.930208539978480213e-03
1.864830095380987009e-03
1.792660642220636003e-03
1.713995773492669929e-03
1.629146704666587387e-03
1.538440039541633065e-03
1.442217450241671398e-03
1.340835330936293417e-03
1.234664381618925163e-03
1.124089163587338328e-03
1.009507442572437014e-03
8.913294920831094526e-04
7.699771690526693553e-04
6.458829521321026194e-04
5.194886892636855396e-04
0.000000000000000000e+00
2.616064102200498257e-04
1.310366135824087962e-04
5.389731176381866042e-17
5.142191049095856714e-17
-1.242414860422221272e-04
-2.480531845508758071e-04
-3.710066945699531525e-04
-4.926763785846758129e-04
-6.126406548348596387e-04
-7.304832675953126407e-04
-8.457944485289895301e-04
-9.581719613497800131e-04
-1.067222059131077254e-03
-1.172560322622323613e-03
-1.273812376192655837e-03
-1.370614495125055572e-03
-1.462614133302408493e-03
-1.549470365837322949e-03
-1.630854263182866717e-03
-1.706449278196936698e-03
-1.775951576931042442e-03
-1.839070489983981715e-03
-1.895528979013494462e-03
-1.945064228021911937e-03
-1.987428392832760096e-03
-2.022389516956435863e-03
-2.049732663150569904e-03
-2.069261258544608656e-03
-2.080798690687437821e-03
-2.084190149873748048e-03
-2.079304707282461032e-03
-2.066037631730371308e-03
-2.044312890859057048e-03
-2.014085823737150633e-03
-1.975345903406156185e-03
-1.928119640179777518e-03
-1.872473306539387339e-03
-1.808515424182084979e-03
-1.736399692165142708e-03
-1.656326797808038449e-03
-1.568546309929813674e-03
-1.473357974437962403e-03
-1.371112410522878780e-03
-1.262211172039695052e-03
-1.147106055568400743e-03
-1.026297653025456209e-03
-9.003331032996376299e-04
-7.698029673542826010e-04
-6.353374313981314430e-04
-4.976016137773963885e-04
-3.572902779244537040e-04
-2.151219030826472672e-04
-7.183227570251021895e-05
7.183228138733481895e-05
2.151219033257699008e-04
3.572902780854476435e-04
4.976016138142695623e-04
0.000000000000000000e+00
7.698029669276685617e-04
9.003331036477430719e-04
1.026297653354712363e-03
1.147106056070002541e-03
1.262211172254600619e-03
1.371112410489017412e-03
1.473357973424565788e-03
1.568546308377630379e-03
1.656326797885404947e-03
1.736399695295675651e-03
1.808515429242867501e-03
1.872473307445053073e-03
1.928119639412811384e-03
1.975345905189697816e-03
2.014085823330319814e-03
2.044312890987420080e-03
2.066037630230309948e-03
2.079304712779605005e-03
2.084190148778225938e-03
2.080798692390133098e-03
2.069261258886329665e-03
2.049732663948088639e-03
2.022389517846421864e-03
1.987428392286386819e-03
1.945064228032705820e-03
1.895528978879705215e-03
1.839070490501489409e-03
1.775951575517912846e-03
1.706449277290813214e-03
1.630854257426394595e-03
1.549470365159647586e-03
1.462614134617934306e-03
1.370614493346185769e-03
1.273812376088449697e-03
1.172560322639460513e-03
1.067222059299573547e-03
9.581719607806941106e-04
8.457944491105668511e-04
7.304832680810231793e-04
6.126406549325247872e-04
4.926763785013737410e-04
3.710066969855282709e-04
2.480531845054066448e-04
1.242414860188791189e-04
5.190165862350142057e-17
4.951127797013544340e-17
-1.177991843439916790e-04
-2.352020561804435460e-04
-3.518134005724680188e-04
-4.672401749029356189e-04
-5.810925523792618641e-04
-6.929849031525007075e-04
-8.025367139555940419e-04
-9.093734264281451776e-04
-1.013127183560457801e-03
-1.113437506360299284e-03
-1.209951862285419191e-03
-1.302326192769475647e-03
-1.390225321411630308e-03
-1.473323388642831366e-03
-1.551304201027506801e-03
-1.623861631932066235e-03
-1.690700010786385732e-03
-1.751534636850269906e-03
-1.806092301595346164e-03
-1.854112042418217584e-03
-1.895345972388963072e-03
-1.929560362721365182e-03
-1.956536881039249408e-03
-1.976074106630979193e-03
-1.987989237528364067e-03
-1.992120099219390952e-03
-1.988327347413740374e-03
-1.976496903881011166e-03
-1.956542549070944877e-03
-1.928408738761444976e-03
-1.892073267943059425e-03
-1.847550927891693706e-03
-1.794894872460746230e-03
-1.734200827144535351e-03
-1.665608775324405001e-03
-1.589305463681668640e-03
-1.505526033536455383e-03
-1.414555398727467776e-03
-1.316728939951695336e-03
-1.212432529041397112e-03
-1.102101873728882509e-03
-9.862211170325063149e-04
-8.653204172264730319e-04
-7.399731147394655395e-04
-6.107917488151198967e-04
-4.784234910926000268e-04
-3.435448748879355789e-04
-2.068559301831840425e-04
-6.907382779375305338e-05
6.907382784473787738e-05
2.068559302136040992e-04
3.435448745913501230e-04
4.784234905893492654e-04
6.107917491019182596e-04
7.399731143498288659e-04
8.653204161109988909e-04
9.862211164964832660e-04
1.102101872822301275e-03
1.212432529502006960e-03
1.316728940940939179e-03
1.414555398649721372e-03
1.505526033396692833e-03
1.589305463212983436e-03
1.665608772516244179e-03
1.734200809464569136e-03
1.794894873382156747e-03
1.847550928455089824e-03
1.892073414355916524e-03
1.928408737425682529e-03
1.956542549298486821e-03
1.976496899465895758e-03
1.988327348674945056e-03
1.992120097083417262e-03
1.987989235782957297e-03
1.976074090715275976e-03
1.956536882236160034e-03
1.929560364536708848e-03
1.895345972220528795e-03
1.854112042006099545e-03
1.806092301562255663e-03
1.751534637128877338e-03
1.690700016195954575e-03
0.000000000000000000e+00
1.551304202106814452e-03
1.473323388696420443e-03
1.390225321292769657e-03
1.302326191862250397e-03
1.209951864911416267e-03
1.113437506308133981e-03
1.013127183761781134e-03
9.093734260330186463e-04
8.025367143748253149e-04
6.929849031719821943e-04
5.810925524730035019e-04
4.672401750456909469e-04
3.518134011243173294e-04
2.352020563746554072e-04
1.177991843534901032e-04
4.996614246687544045e-17
