0.000000000000000000e+00
3.844911588662479177e-18
6.152196261378681647e-17
9.933143343348894267e-17
7.038337183579121549e-17
6.337083011946836750e-17
1.366808281760202034e-16
2.789988644404626410e-16
2.865085046544803714e-16
2.759228074379074686e-16
3.129337427533614205e-16
2.712737435256051970e-16
3.839713326481159438e-16
3.820519241313605701e-16
2.071860074472591503e-16
1.364543182298586112e-16
3.540117236209836655e-17
2.387760995913172653e-16
5.269149133019755402e-16
8.969806344969691543e-16
8.320282865406431253e-16
8.365178390249000074e-16
1.167462538062969381e-15
8.804341996295483784e-16
1.822564884157905268e-15
8.498150178543427914e-16
9.839834934362911485e-16
2.997186656593523391e-16
2.268742551163127872e-15
3.054905663705858269e-16
1.506442115458346028e-15
1.584983043568461229e-15
2.041140463533092426e-15
8.479982099942030565e-16
1.568852201571671288e-15
2.778401461538892477e-16
1.118521237996543225e-15
1.442372510226707529e-15
1.077055427504557474e-15
1.727230213799287857e-15
-1.435754274332551374e-16
8.497560653763594691e-16
1.504101043783147871e-16
9.406460026744362175e-16
5.120662726476067586e-16
3.526882088095484424e-16
4.687042951532259948e-16
2.220563222540951690e-16
3.158584064294664574e-16
6.578386928750384965e-17
-8.406766310710426393e-17
-1.696755358989271602e-16
-2.220563222540901400e-16
-6.144422763013939583e-16
-7.920635378058983192e-16
-8.018795579230615742e-16
-1.633366332585566139e-16
7.648026032585409849e-17
-1.421054202686991904e-15
-7.157737241942236617e-16
-1.164087215107659454e-15
-1.077055427504489435e-15
-5.562110805374610149e-16
-1.181355434631368617e-15
-1.536273378886617690e-15
-1.476090797212216782e-15
-2.982882278410182240e-15
-1.298360619898358769e-15
-8.378142597921522326e-16
-1.366654061562516457e-16
-8.917442992341600140e-16
-2.268742551163127872e-15
-1.030120953759093485e-15
-9.839834934363714151e-16
-1.193161164282333233e-15
-1.822564884281123369e-15
-8.804341996295483784e-16
-8.687777318106349677e-16
-1.419280804728235360e-15
-1.478584091984757186e-15
-1.019344875200846968e-15
-8.521939583565754696e-16
-2.387760995913226888e-16
-3.300693237515405769e-16
-8.464150717878612961e-16
5.812210357270123040e-17
-8.404736754462459499e-16
-3.839713326481475969e-16
-2.712737435256329551e-16
-3.129337427533614205e-16
-7.346939645621573375e-17
-2.865085046545250899e-16
-2.449286938887634501e-16
-1.366808281759978441e-16
-6.337083011946836750e-17
-1.111013195919123977e-16
-1.389382684112548558e-16
-2.271427136680178545e-17
-1.342641216215987314e-17
-2.997489217975234926e-32
0.000000000000000000e+00
1.701956775860977503e-02
3.408701397076643880e-02
5.124753607724787108e-02
6.854103117492463260e-02
8.599959924136270362e-02
1.036452281069879106e-01
1.214877168308559074e-01
1.395228905280384013e-01
1.577311550831808629e-01
1.760764345189990976e-01
1.945055264963040098e-01
2.129479035750061200e-01
2.313159781636688617e-01
2.495058384458113121e-01
2.673984514630926568e-01
2.848613164997182978e-01
3.017505400001026516e-01
3.179132897389088108e-01
3.331905737620132757e-01
3.474202780149229786e-01
3.604403860535916326e-01
3.720922956632041201e-01
3.822241412176473063e-01
3.906940267577405645e-01
3.973730748694229709e-01
4.021481991250617782e-01
4.049245145686233838e-01
4.056273110870737830e-01
4.042035275604827782e-01
4.006226820994991944e-01
3.948772316602047749e-01
3.869823566817116034e-01
3.769751867939749590e-01
3.649135072439874672e-01
3.508740048327533834e-01
3.349501329008807149e-01
3.172496888113175428e-01
2.978922104096750623e-01
2.770063034379688371e-01
2.547270142370134938e-01
2.311933572075072774e-01
2.065460958747208642e-01
1.809258622829511831e-01
1.544716783256089299e-01
1.273199196817147716e-01
9.960373686197475374e-02
7.145292124684569923e-02
4.299417776914860739e-02
1.435174187761526637e-02
-1.435174187761534791e-02
-4.299417776965988591e-02
-7.145292124482983953e-02
-9.960373686085567668e-02
-1.273199196836983793e-01
-1.544716783272203353e-01
-1.809258622786086845e-01
-2.065460958662239388e-01
-2.311933572007259519e-01
-2.547270142513839430e-01
-2.770063034340384811e-01
-2.978922104089714584e-01
-3.172496888226176703e-01
-3.349501328916979492e-01
-3.508740048327134708e-01
-3.649135072488251530e-01
-3.769751868017287566e-01
-3.869823566594379205e-01
-3.948772316656583570e-01
-4.006226821069254762e-01
-4.042035275896885271e-01
-4.056273110870737830e-01
-4.049245145612162533e-01
-4.021481991187925153e-01
-3.973730748702994919e-01
-3.906940267603674632e-01
-3.822241412176438091e-01
-3.720922956890758693e-01
-3.604403860712527274e-01
-3.474202780114152844e-01
-3.331905737610994511e-01
-3.179132897307737071e-01
-3.017505400008479444e-01
-2.848613164963965105e-01
-2.673984514529126333e-01
-2.495058384477658597e-01
-2.313159781544704419e-01
-2.129479035710262758e-01
-1.945055264916665527e-01
-1.760764345213076121e-01
-1.577311550841273002e-01
-1.395228905210950943e-01
-1.214877168316650935e-01
-1.036452281057878289e-01
-8.599959924136162115e-02
-6.854103117525450761e-02
-5.124753607794085147e-02
-3.408701396974846143e-02
-1.701956775861004911e-02
-6.565060570679680854e-17
0.000000000000000000e+00
4.979514334284990129e-02
9.951836547002256006e-02
1.490941931969303191e-01
1.984401682756491703e-01
2.474636494065295123e-01
2.960589607834915871e-01
3.441049904774686197e-01
3.914633324980916762e-01
4.379770530549960683e-01
4.834701469344961366e-01
5.277477329343998047e-01
5.705970159543763964e-01
6.117890256490072787e-01
6.510811148655744063e-01
6.882201804262280120e-01
7.229465432815705972e-01
7.549984015082797928e-01
7.841167473835790602e-01
8.100506178581196037e-01
8.325625311404757367e-01
8.514339453457052675e-01
8.664705679393137627e-01
8.775073373306637725e-01
8.844129010693381199e-01
8.870934222252812029e-01
8.854955598070664013e-01
8.796084912080258666e-01
8.694648722462589019e-01
8.551406644305786786e-01
8.367537975513906767e-01
8.144616801843423959e-01
7.884576128959767116e-01
7.589662069615593643e-01
7.262379530249615245e-01
6.905431246830664449e-01
6.521652346569539738e-01
6.113942883124838801e-01
5.685200930189789892e-01
5.238258883808454280e-01
4.775825532174534649e-01
4.300436267974602766e-01
3.814413498202175457e-01
3.319838876158771046e-01
2.818538474700938434e-01
2.312081430882751421e-01
1.801791971872865328e-01
1.288774096470445552e-01
7.739475857113550794e-02
2.580934600715801414e-02
-2.580934600813619695e-02
-7.739475857477938481e-02
-1.288774096427941496e-01
-1.801791971827963468e-01
-2.312081430836676887e-01
-2.818538474476763311e-01
-3.319838876263533356e-01
-3.814413498561589622e-01
-4.300436267996241013e-01
-4.775825532202557788e-01
-5.238258884110406077e-01
-5.685200930389324725e-01
-6.113942883193508315e-01
-6.521652346693403990e-01
-6.905431247018645191e-01
-7.262379530433148433e-01
-7.589662069748153161e-01
-7.884576129045764992e-01
-8.144616801978920018e-01
-8.367537975717802556e-01
-8.551406644070568275e-01
-8.694648722462623436e-01
-8.796084912014638935e-01
-8.854955597682210300e-01
-8.870934222690832760e-01
-8.844129010865535712e-01
-8.775073373146645705e-01
-8.664705679232468372e-01
-8.514339453414556669e-01
-8.325625311169954079e-01
-8.100506178624855558e-01
-7.841167473248444875e-01
-7.549984014874628890e-01
-7.229465432719753837e-01
-6.882201804488101704e-01
-6.510811148758308686e-01
-6.117890256604269217e-01
-5.705970159620736837e-01
-5.277477329372586290e-01
-4.834701469444155353e-01
-4.379770529808537094e-01
-3.914633325052817581e-01
-3.441049904785066227e-01
-2.960589607828248426e-01
-2.474636494065273473e-01
-1.984401682676582013e-01
-1.490941932034240969e-01
-9.951836546860770571e-02
-4.979514334284946414e-02
-1.922147243192598860e-16
0.000000000000000000e+00
8.156191736698902017e-02
1.628038628953195066e-01
2.434038678586157023e-01
3.230361150689629035e-01
4.013693737688608376e-01
4.780658535604720427e-01
5.527805977153318340e-01
6.251615192601442939e-01
6.948501638471293873e-01
7.614832588976763184e-01
8.246950833074276899e-01
8.841206611864300680e-01
9.393997540641984001e-01
9.901815930123957221e-01
1.036130258523414449e+00
1.076930587665145822e+00
1.112294453359898627e+00
1.141967237697069759e+00
1.165734294113176750e+00
1.183427179227695580e+00
1.194929418502592045e+00
1.200181571434837391e+00
1.199185358062013096e+00
1.192006632987250292e+00
1.178777003844111659e+00
1.159693927942264002e+00
1.135019167321366318e+00
1.105075523321937592e+00
1.070241830612861378e+00
1.030946264796986256e+00
9.876580579409964811e-01
9.408778105545023696e-01
8.911266423365955536e-01
8.389344676935199807e-01
7.848277645460832730e-01
7.293172195099978383e-01
6.728856697289985478e-01
6.159767730164239508e-01
5.589848231721095129e-01
5.022461219856576564e-01
4.460322359930236069e-01
3.905454642543613741e-01
3.359167014520093031e-01
2.822058479539351628e-01
2.294047854377583018e-01
1.774428503393608858e-01
1.261946299210248146e-01
7.548981626660025701e-02
2.512475185722299123e-02
-2.512475185722277266e-02
-7.548981626629926167e-02
-1.261946299103045011e-01
-1.774428503562748560e-01
-2.294047854683326504e-01
-2.822058479524618968e-01
-3.359167018829044005e-01
-3.905454642595360126e-01
-4.460322359910943169e-01
-5.022461214079564362e-01
-5.589848231353888863e-01
-6.159767729944082282e-01
-6.728856697479060900e-01
-7.293172195697766869e-01
-7.848277645577739214e-01
-8.389344676592368488e-01
-8.911266423455427299e-01
-9.408778110689284269e-01
-9.876580579812073157e-01
-1.030946264744361907e+00
-1.070241830591278420e+00
-1.105075523321942921e+00
-1.135019167330206136e+00
-1.159693927889083875e+00
-1.178777003821399383e+00
-1.192006633051883258e+00
-1.199185358062015094e+00
-1.200181571450892104e+00
-1.194929418555742862e+00
-1.183427179181313571e+00
-1.165734294153683015e+00
-1.141967237688203962e+00
-1.112294453357329127e+00
-1.076930587671890205e+00
-1.036130258547518501e+00
-9.901815929791202286e-01
-9.393997540992634621e-01
-8.841206611991371256e-01
-8.246950833060429087e-01
-7.614832588969935312e-01
-6.948501638399854352e-01
-6.251615192698265489e-01
-5.527805977040634033e-01
-4.780658535633386386e-01
-4.013693737688608376e-01
-3.230361150642190871e-01
-2.434038678652971355e-01
-1.628038628927642728e-01
-8.156191736700801886e-02
-3.149684896438735209e-16
0.000000000000000000e+00
9.184214801042696330e-02
1.830834809438867117e-01
2.731249213940413756e-01
3.613709964023728571e-01
4.472319574571649858e-01
5.301262665333710267e-01
6.094835462041293672e-01
6.847480702607310343e-01
7.553828480237717580e-01
8.208743254268581202e-01
8.807376953022686417e-01
9.345227754714552360e-01
9.818203762493779019e-01
1.022269046385342772e+00
1.055562047324448915e+00
1.081454377019036572e+00
1.099769631919043311e+00
1.110406472890083984e+00
1.113344442523123590e+00
1.108648867771854452e+00
1.096474583448962425e+00
1.077068217567636044e+00
1.050768796668252625e+00
1.018006461013239328e+00
9.792991191373384696e-01
9.352469192381596130e-01
8.865244830894011274e-01
8.338709091160450004e-01
7.780776358061352038e-01
7.199743299785598127e-01
6.604130543843466095e-01
6.002510393185448434e-01
5.403324672423643893e-01
4.814697379208489614e-01
4.244247389384157576e-01
3.698906792454813575e-01
3.184750663661847780e-01
2.706843992780430530e-01
2.269111294704006521e-01
1.874233881867953255e-01
1.523579129394469212e-01
1.217165108789021455e-01
9.536628814130278242e-02
7.304375495907457216e-02
5.436277837142795138e-02
3.882622380889832331e-02
2.584098948948649124e-02
1.473601346757292749e-02
4.782720080778019543e-03
-4.782720080778236384e-03
-1.473601346787131901e-02
-2.584098949014320551e-02
-3.882622381137578599e-02
-5.436277836964455851e-02
-7.304375498125185995e-02
-9.536628817657361035e-02
-1.217165108879884883e-01
-1.523579129526872744e-01
-1.874233880683653652e-01
-2.269111294876160756e-01
-2.706843992856179382e-01
-3.184750663496608847e-01
-3.698906792600716864e-01
-4.244247388834564427e-01
-4.814697380228210033e-01
-5.403324672849260102e-01
-6.002510392820483709e-01
-6.604130543223353245e-01
-7.199743298116176859e-01
-7.780776356333105603e-01
-8.338709091160693143e-01
-8.865244830454461766e-01
-9.352469192299732725e-01
-9.792991191633499959e-01
-1.018006460991897955e+00
-1.050768796668235083e+00
-1.077068217614217893e+00
-1.096474583499602806e+00
-1.108648867769721047e+00
-1.113344442530295408e+00
-1.110406472846893422e+00
-1.099769631813223070e+00
-1.081454376987948551e+00
-1.055562047361882083e+00
-1.022269046323922348e+00
-9.818203762671092738e-01
-9.345227754809255494e-01
-8.807376953150607424e-01
-8.208743254634989217e-01
-7.553828480474430451e-01
-6.847480702766799432e-01
-6.094835462025856021e-01
-5.301262665433424948e-01
-4.472319574571649858e-01
-3.613709964044889422e-01
-2.731249213776342777e-01
-1.830834809478643910e-01
-9.184214801043151521e-02
-3.548229728606290667e-16
0.000000000000000000e+00
6.311081697635866072e-02
1.254287283606567993e-01
1.861675001105127236e-01
2.445543129470628685e-01
2.998366433163669464e-01
3.512893371643779350e-01
3.982219154359718516e-01
4.399861292275847879e-01
4.759837578343941167e-01
5.056746138223667808e-01
5.285846891267619307e-01
5.443143427458789763e-01
5.525463987684150480e-01
5.530539896665211952e-01
5.457079518301302112e-01
5.304835523553710352e-01
5.074663055315454807e-01
4.768566223670612225e-01
4.389730290796791667e-01
3.942536934954436467e-01
3.432560080898610644e-01
2.866540040277281154e-01
2.252334025699599396e-01
1.598841569550344677e-01
9.159039426521893568e-02
2.141773347126287724e-02
-4.950196759752567566e-02
-1.199883027578168421e-01
-1.888322225956984846e-01
-2.548178448390265860e-01
-3.167457715946465080e-01
-3.734574363898665594e-01
-4.238599279787482743e-01
-4.669506806263418741e-01
-5.018413767652760704e-01
-5.277803822577181725e-01
-5.441730342937894926e-01
-5.505991225290175484e-01
-5.468269508190778394e-01
-5.328234378160801032e-01
-5.087598092681191453e-01
-4.750125493730950610e-01
-4.321594131726743671e-01
-3.809704456461566746e-01
-3.223941093722275109e-01
-2.575387770078446659e-01
-1.876499975708781354e-01
-1.140840867015484317e-01
-3.827871643086531300e-02
3.827871643087193965e-02
1.140840867015525673e-01
1.876499975708707801e-01
2.575387770078468308e-01
3.223941093722188511e-01
3.809704456461271427e-01
4.321594131726499977e-01
4.750125493730359971e-01
5.087598092680896134e-01
5.328234378161026408e-01
5.468269508190083394e-01
5.505991225290818303e-01
5.441730342938241316e-01
5.277803822577703530e-01
5.018413767447597040e-01
4.669506806263505894e-01
4.238599279786927077e-01
3.734574364367020394e-01
3.167457715947855079e-01
2.548178448391238415e-01
1.888322225956498013e-01
1.199883027578272643e-01
4.950196759749440206e-02
-2.141773347125592447e-02
-9.159039423424544801e-02
-1.598841569548989650e-01
-2.252334025697966258e-01
-2.866540040274709877e-01
-3.432560080898715005e-01
-3.942536934954193328e-01
-4.389730290796860501e-01
-4.768566223670820947e-01
-5.074663055314829752e-01
-5.304835523553710352e-01
-5.457079518301527488e-01
-5.530539896665159771e-01
-5.525463987683855160e-01
-5.443143427458129180e-01
-5.285846891267602654e-01
-5.056746138223147113e-01
-4.759837578344549569e-01
-4.399861292275952240e-01
-3.982219154239216019e-01
-3.512893371643744378e-01
-2.998366433163669464e-01
-2.445543129470828525e-01
-1.861675001105318472e-01
-1.254287283606528858e-01
-6.311081697635256837e-02
-2.440674927603066923e-16
0.000000000000000000e+00
-1.345111088858448080e-02
-2.768785463337572125e-02
-4.348449465077555004e-02
-6.159256950931088492e-02
-8.272956991151768358e-02
-1.075676760235773216e-01
-1.367225971275846663e-01
-1.707425727865413134e-01
-2.100976141829544452e-01
-2.551690899803061852e-01
-3.062397818515463777e-01
-3.634845620756952389e-01
-4.269618691804670796e-01
-4.966061774413738084e-01
-5.722216771872454810e-01
-6.534773953098172994e-01
-7.399039906536146738e-01
-8.308924655610018251e-01
-9.256950201770063336e-01
-1.023428263829321949e+00
-1.123078968797239119e+00
-1.223512513317112971e+00
-1.323484118338909887e+00
-1.421652916817276902e+00
-1.516598835295882131e+00
-1.606842188485537504e+00
-1.690865808654645752e+00
-1.767139445103339979e+00
-1.834146088731619439e+00
-1.890409782976132824e+00
-1.934524414210285093e+00
-1.965182894891935872e+00
-1.981206097119413201e+00
-1.981570853236594765e+00
-1.965436305536514716e+00
-1.932167892007058185e+00
-1.881358260741645472e+00
-1.812844454936356708e+00
-1.726720765809433678e+00
-1.623346751328681448e+00
-1.503350007377108666e+00
-1.367623414108397162e+00
-1.217316746067053090e+00
-1.053822629818042422e+00
-8.787570548204176601e-01
-6.939347596514466865e-01
-5.013399824146818062e-01
-3.030932062180618503e-01
-1.014146488470868274e-01
1.014146488477072894e-01
3.030932062341117339e-01
5.013399824237646518e-01
6.939347596584434230e-01
8.787570549134354758e-01
1.053822629790617249e+00
1.217316745960322466e+00
1.367623414137968618e+00
1.503350007256489818e+00
1.623346751356812501e+00
1.726720765684267800e+00
1.812844454984008591e+00
1.881358260770393587e+00
1.932167892017650823e+00
1.965436305680607232e+00
1.981570853255127274e+00
1.981206097271290600e+00
1.965182894900188160e+00
1.934524414303966822e+00
1.890409783069456395e+00
1.834146088815310938e+00
1.767139445103343309e+00
1.690865808613063903e+00
1.606842188516920844e+00
1.516598835233865517e+00
1.421652916740336670e+00
1.323484118338903226e+00
1.223512513261965973e+00
1.123078968791276555e+00
1.023428263888753298e+00
9.256950200249847160e-01
8.308924655936049675e-01
7.399039906560400670e-01
6.534773953018533366e-01
5.722216772364054904e-01
4.966061773796700551e-01
4.269618691330495652e-01
3.634845620597185745e-01
3.062397817586814952e-01
2.551690900618695523e-01
2.100976142440796612e-01
1.707425727322890718e-01
1.367225971376804239e-01
1.075676760048391162e-01
8.272956991151596273e-02
6.159256955261435684e-02
4.348449466847393446e-02
2.768785461748460991e-02
1.345111088858621726e-02
5.140361350801810402e-17
0.000000000000000000e+00
-1.351256540361070735e-01
-2.707636083390257964e-01
-4.074118250082081061e-01
-5.455396942480073008e-01
-6.855740128068628092e-01
-8.278852881000701158e-01
-9.727744903167326873e-01
-1.120460385683131443e+00
-1.271067596492788665e+00
-1.424615546345154860e+00
-1.581008464430063265e+00
-1.740026624877244243e+00
-1.901319035268916435e+00
-2.064397751097356348e+00
-2.228634040110467840e+00
-2.393256592910350644e+00
-2.557351976786832459e+00
-2.719867514311750778e+00
-2.879616745551758505e+00
-3.035287603235397480e+00
-3.185453391558227487e+00
-3.328586610211924590e+00
-3.463075625492755272e+00
-3.587244088095911554e+00
-3.699372996204770558e+00
-3.797725163761314970e+00
-3.880571821013821587e+00
-3.946220985343913412e+00
-3.993047167407258957e+00
-4.019521868073180570e+00
-4.024244472262361150e+00
-4.005972601789189014e+00
-3.963651636496282826e+00
-3.896442432792057264e+00
-3.803746768477545004e+00
-3.685229677891789901e+00
-3.540838183160326835e+00
-3.370815647874833232e+00
-3.175711460546052578e+00
-2.956385474355853304e+00
-2.714006928088906534e+00
-2.450047673735454623e+00
-2.166269648628763367e+00
-1.864706679839946979e+00
-1.547640858721929247e+00
-1.217573851556032594e+00
-8.771936735909234839e-01
-5.293375527828299010e-01
-1.769516349537887667e-01
1.769516349546371714e-01
5.293375527827510751e-01
8.771936735911720628e-01
1.217573851556227771e+00
1.547640858731098135e+00
1.864706679847118576e+00
2.166269648644548074e+00
2.450047673735320508e+00
2.714006928093489091e+00
2.956385474362797527e+00
3.175711460560199040e+00
3.370815647876403975e+00
3.540838183160516461e+00
3.685229677901564305e+00
3.803746768513722287e+00
3.896442433930541238e+00
3.963651636577467663e+00
4.005972601776870867e+00
4.024244472212104462e+00
4.019521868144601662e+00
3.993047167402682618e+00
3.946220985343909859e+00
3.880571820911971059e+00
3.797725163758872036e+00
3.699372996188568408e+00
3.587244088096186445e+00
3.463075625490378506e+00
3.328586610169974147e+00
3.185453391540239210e+00
3.035287603232982523e+00
2.879616745534134825e+00
2.719867514309957990e+00
2.557351976792963555e+00
2.393256592907155866e+00
2.228634040109451764e+00
2.064397751093575817e+00
1.901319035267346136e+00
1.740026624877332839e+00
1.581008463127250074e+00
1.424615546346937434e+00
1.271067596486954665e+00
1.120460385683018645e+00
9.727744903107300445e-01
8.278852880991752761e-01
6.855740128068541495e-01
5.455396942437065189e-01
4.074118249993641250e-01
2.707636083391056769e-01
1.351256540360870895e-01
5.211442302165860524e-16
0.000000000000000000e+00
-2.885331975293740636e-01
-5.770352983070199393e-01
-8.654607555407061170e-01
-1.153735296225576912e+00
-1.441741992760616320e+00
-1.729307864578821574e+00
-2.016191171082540645e+00
-2.302069611929252968e+00
-2.586529609505686000e+00
-2.869056718702114317e+00
-3.149027731054042434e+00
-3.425704279477501224e+00
-3.698228123394289746e+00
-3.965618661662277944e+00
-4.226772487704609560e+00
-4.480465268172220128e+00
-4.725356018778004596e+00
-4.959994084124939917e+00
-5.182828489292485408e+00
-5.392220137582125261e+00
-5.586456592581193981e+00
-5.763769284024033546e+00
-5.922353524746815978e+00
-6.060390714442082327e+00
-6.176072263207835533e+00
-6.267625855835922799e+00
-6.333342903133563517e+00
-6.371606993526815366e+00
-6.380923300596624159e+00
-6.359947383786808572e+00
-6.307514560252226232e+00
-6.222667340267409308e+00
-6.104681724671796594e+00
-5.953091293433311115e+00
-5.767708389429758498e+00
-5.548642188774306483e+00
-5.296312678498320992e+00
-5.011460571018421462e+00
-4.695152380590512209e+00
-4.348780643210497843e+00
-3.974058884424104043e+00
-3.573011350625316496e+00
-3.147957482402166551e+00
-2.701491273477821586e+00
-2.236455769232995827e+00
-1.755913098195865274e+00
-1.263110480251817158e+00
-7.614428245954091290e-01
-2.544125556652039877e-01
2.544125556661726573e-01
7.614428246008062562e-01
1.263110480266131042e+00
1.755913098177357412e+00
2.236455769252125858e+00
2.701491273470801424e+00
3.147957482422837128e+00
3.573011350529662788e+00
3.974058884411046044e+00
4.348780643104134036e+00
4.695152380867382291e+00
5.011460571130056607e+00
5.296312678581689859e+00
5.548642188784607576e+00
5.767708389483992448e+00
5.953091293383486082e+00
6.104681724723329594e+00
6.222667340291451410e+00
6.307514560267933668e+00
6.359947384697169248e+00
6.380923300695451772e+00
6.371606993526822471e+00
6.333342903864272344e+00
6.267625855835723847e+00
6.176072263181931810e+00
6.060390714360014641e+00
5.922353524766521105e+00
5.763769284058846587e+00
5.586456592647462749e+00
5.392220137584478046e+00
5.182828489254783122e+00
4.959994084150798344e+00
4.725356018735729080e+00
4.480465267725892708e+00
4.226772487681847323e+00
3.965618661719600091e+00
3.698228123384110333e+00
3.425704279452011836e+00
3.149027731059946156e+00
2.869056718688830276e+00
2.586529609507651095e+00
2.302069611898535761e+00
2.016191171137474480e+00
1.729307864602537270e+00
1.441741992760616320e+00
1.153735296235229857e+00
8.654607555510395178e-01
5.770352983001344471e-01
2.885331975293760065e-01
1.113522601276108853e-15
0.000000000000000000e+00
-4.535562881481290942e-01
-9.063259918571544560e-01
-1.357511274367520837e+00
-1.806291993644840721e+00
-2.251815047403832093e+00
-2.693184313328733204e+00
-3.129451377268161583e+00
-3.559607262297431518e+00
-3.982575225281279163e+00
-4.397205083268998393e+00
-4.802268869524817241e+00
-5.196458247738865666e+00
-5.578383722577746617e+00
-5.946575790156137131e+00
-6.299488136465432042e+00
-6.635502966189386953e+00
-6.952938519869620748e+00
-7.250058806152185120e+00
-7.525085501949716260e+00
-7.776212206506133207e+00
-8.001620404042368406e+00
-8.199497784739623540e+00
-8.368057988422947346e+00
-8.505562341896492740e+00
-8.610342585799909187e+00
-8.680824552014763995e+00
-8.715553025755303551e+00
-8.713216387736510526e+00
-8.672671427131234623e+00
-8.592967587691022757e+00
-8.473370237044800746e+00
-8.313382515879197854e+00
-8.112765296053549235e+00
-7.871554808170534656e+00
-7.590077506884306047e+00
-7.268961779067793394e+00
-6.909146136114172165e+00
-6.511883586337809504e+00
-6.078741948928242600e+00
-5.611599929619407234e+00
-5.112638867155256506e+00
-4.584330129530994391e+00
-4.029418235992441311e+00
-3.450899856135184240e+00
-2.851998932531399689e+00
-2.236138248256791083e+00
-1.606907842082792026e+00
-9.680307425887433315e-01
-3.233265505589031363e-01
3.233265505582637589e-01
9.680307425876423233e-01
1.606907842083283189e+00
2.236138248251688498e+00
2.851998932531465414e+00
3.450899856135352994e+00
4.029418235989020047e+00
4.584330129678057197e+00
5.112638867164665868e+00
5.611599929619411675e+00
6.078741948928168881e+00
6.511883586377719801e+00
6.909146135976443226e+00
7.268961779221056574e+00
7.590077506883995184e+00
7.871554808036171913e+00
8.112765296053870756e+00
8.313382515738192424e+00
8.473370237075945610e+00
8.592967587678339569e+00
8.672671427132376820e+00
8.713216387736494539e+00
8.715553025993910907e+00
8.680824552006267680e+00
8.610342585892079015e+00
8.505562341833492468e+00
8.368057988437312744e+00
8.199497784724700367e+00
8.001620404094662575e+00
7.776212206506065705e+00
7.525085501951412681e+00
7.250058806152590130e+00
6.952938519861437960e+00
6.635502966190164997e+00
6.299488136474109545e+00
5.946575790152173191e+00
5.578383722605789075e+00
5.196458247744060621e+00
4.802268869524712436e+00
4.397205083268890924e+00
3.982575225281277831e+00
3.559607262297561636e+00
3.129451377286430080e+00
2.693184313328830015e+00
2.251815047403824988e+00
1.806291993654820960e+00
1.357511274363398801e+00
9.063259918549618765e-01
4.535562881470309726e-01
1.750864420267541593e-15
0.000000000000000000e+00
-6.086498077074595781e-01
-1.215647095133159494e+00
-1.819334281130098763e+00
-2.418043835669942521e+00
-3.010093725599366721e+00
-3.593783367106738957e+00
-4.167390234792850201e+00
-4.729167285964404499e+00
-5.277341340110401013e+00
-5.810112545541798568e+00
-6.325655050003013535e+00
-6.822118976384527578e+00
-7.297633804418278025e+00
-7.750313187313742525e+00
-8.178261298263709733e+00
-8.579580689306537167e+00
-8.952381680837335765e+00
-9.294793229432904980e+00
-9.604975264870162732e+00
-9.881132347255137560e+00
-1.012152857791626559e+01
-1.032450360119052668e+01
-1.048848952887816210e+01
-1.061202857689238677e+01
-1.069379125564890565e+01
-1.073259468268413741e+01
-1.072742102842969025e+01
-1.067743553798305989e+01
-1.058200401305931848e+01
-1.044070934453499611e+01
-1.025336683985755215e+01
-1.002003796466441976e+01
-9.741042456452529308e+00
-9.416968046248722857e+00
-9.048677737514438491e+00
-8.637315150244120332e+00
-8.184306237895539127e+00
-7.691358486860503163e+00
-7.160456929715820706e+00
-6.593856997057160108e+00
-5.994074220590779767e+00
-5.363870787049306088e+00
-4.706239049617036763e+00
-4.024382136388923392e+00
-3.321691852633202213e+00
-2.601724122880589629e+00
-1.868172265356155881e+00
-1.124838432662806254e+00
-3.756035876858712097e-01
3.756035876858784262e-01
1.124838432662550458e+00
1.868172265358297279e+00
2.601724122880576306e+00
3.321691852636001308e+00
4.024382136389991871e+00
4.706239049631195215e+00
5.363870787056413292e+00
5.994074220590879243e+00
6.593856997063345382e+00
7.160456929715761198e+00
7.691358486859571464e+00
8.184306237894260150e+00
8.637315150244022632e+00
9.048677737539083665e+00
9.416968046246591229e+00
9.741042456451786791e+00
1.002003796469135111e+01
1.025336683983504393e+01
1.044070934453405641e+01
1.058200401305909644e+01
1.067743553798307055e+01
1.072742102832694933e+01
1.073259468265220029e+01
1.069379125583170698e+01
1.061202857683412404e+01
1.048848952892432962e+01
1.032450360119059063e+01
1.012152857791810057e+01
9.881132347250725090e+00
9.604975264861954187e+00
9.294793229438811366e+00
8.952381680836817068e+00
8.579580689275232430e+00
8.178261298263780787e+00
7.750313187314946894e+00
7.297633804441276517e+00
6.822118976386643219e+00
6.325655050003699209e+00
5.810112545541080031e+00
5.277341340126404212e+00
4.729167285962491363e+00
4.167390234792573978e+00
3.593783367106436977e+00
3.010093725599369829e+00
2.418043835668591157e+00
1.819334281130972508e+00
1.215647095133230549e+00
6.086498077074706803e-01
2.349957563825698573e-15
0.000000000000000000e+00
-7.356855301670900404e-01
-1.468859510431096638e+00
-2.197013578622577956e+00
-2.917645834969008423e+00
-3.628264289488713157e+00
-4.326390563926374888e+00
-5.009563926597810024e+00
-5.675345731342658517e+00
-6.321324324703788022e+00
-6.945120477041649032e+00
-7.544393382063167230e+00
-8.116847258416214572e+00
-8.660238575075673850e+00
-9.172383908122728968e+00
-9.651168423063101187e+00
-1.009455496055723600e+01
-1.050059369108335794e+01
-1.086743228627405600e+01
-1.119332654040408670e+01
-1.147665135926838431e+01
-1.171591202280031041e+01
-1.190975560931294019e+01
-1.205698245880255648e+01
-1.215655754315753256e+01
-1.220762159905856059e+01
-1.220950187197771619e+01
-1.216172231436136641e+01
-1.206401307856866545e+01
-1.191631914274787363e+01
-1.171880790922159932e+01
-1.147187562356073443e+01
-1.117615246238103843e+01
-1.083250615648357851e+01
-1.044204402254802844e+01
-1.000611329360684110e+01
-9.526299661085261050e+00
-9.004423953921151025e+00
-8.442536907760519682e+00
-7.842912001336946659e+00
-7.208036358496578089e+00
-6.540599745305536672e+00
-5.843481713924184362e+00
-5.119736972948714104e+00
-4.372579091566668907e+00
-3.605362665425312585e+00
-2.821564099220541522e+00
-2.024761179335826000e+00
-1.218611630150349345e+00
-4.068308627549714340e-01
4.068308627549487855e-01
1.218611630150140179e+00
2.024761179338019357e+00
2.821564099206046450e+00
3.605362665409549638e+00
4.372579091561948239e+00
5.119736972893923266e+00
5.843481713910087194e+00
6.540599745323774528e+00
7.208036358469144034e+00
7.842912001358782526e+00
8.442536907760295861e+00
9.004423953926279367e+00
9.526299661084923542e+00
1.000611329349373690e+01
1.044204402252468356e+01
1.083250615656262106e+01
1.117615246240943705e+01
1.147187562354181267e+01
1.171880790918697635e+01
1.191631914270846515e+01
1.206401307856866723e+01
1.216172231438440221e+01
1.220950187190340941e+01
1.220762159904306365e+01
1.215655754306946257e+01
1.205698245880254937e+01
1.190975560927996035e+01
1.171591202279049782e+01
1.147665135926783897e+01
1.119332654041831887e+01
1.086743228633071290e+01
1.050059369107300178e+01
1.009455496058301982e+01
9.651168423043237965e+00
9.172383908124952967e+00
8.660238575041676157e+00
8.116847258419591427e+00
7.544393382055099906e+00
6.945120477079045784e+00
6.321324324681033779e+00
5.675345731333765187e+00
5.009563926628446850e+00
4.326390563926869604e+00
3.628264289488712269e+00
2.917645834948610073e+00
2.197013578602496242e+00
1.468859510434294746e+00
7.356855301705651495e-01
2.840766157598905519e-15
0.000000000000000000e+00
-8.230291232916721045e-01
-1.642800102046064525e+00
-2.456067016554116744e+00
-3.259608361721037184e+00
-4.050239166788552225e+00
-4.824823009542885011e+00
-5.580283889903435046e+00
-6.313617926681487802e+00
-7.021904841465038238e+00
-7.702319193982722467e+00
-8.352141330759589977e+00
-8.968768010499179155e+00
-9.549722669890636340e+00
-1.009266528959525644e+01
-1.059540182496645144e+01
-1.105589316186697602e+01
-1.147226356064339647e+01
-1.184280855043362202e+01
-1.216600223631979993e+01
-1.244050398344856667e+01
-1.266516444329804614e+01
-1.283903088504544776e+01
-1.296135180400714404e+01
-1.303158077212470367e+01
-1.304937950331455987e+01
-1.301462010804388569e+01
-1.292738651382176407e+01
-1.278797502906303230e+01
-1.259689403621417725e+01
-1.235486280003798143e+01
-1.206280938133902048e+01
-1.172186765187569257e+01
-1.133337341124275355e+01
-1.089885960541634446e+01
-1.042005067210382840e+01
-9.898855997164488940e+00
-9.337362536428686965e+00
-8.737826591007323174e+00
-8.102664817505692341e+00
-7.434444437696844155e+00
-6.735872811453731401e+00
-6.009786160039095826e+00
-5.259137849299513334e+00
-4.486985999461749586e+00
-3.696480597609995922e+00
-2.890850155975251301e+00
-2.073387978091182582e+00
-1.247438101337120075e+00
-4.163809849772451277e-01
4.163809849796631379e-01
1.247438101337108085e+00
2.073387978094872519e+00
2.890850155979780567e+00
3.696480597621240705e+00
4.486985999455329832e+00
5.259137849287265354e+00
6.009786159998263599e+00
6.735872811520698278e+00
7.434444437652260262e+00
8.102664817541461062e+00
8.737826591008236221e+00
9.337362536456392803e+00
9.898855997150752373e+00
1.042005067215791847e+01
1.089885960545125876e+01
1.133337341125952058e+01
1.172186765189084134e+01
1.206280938134514891e+01
1.235486280000212567e+01
1.259689403617788983e+01
1.278797502906303762e+01
1.292738651382239823e+01
1.301462010810239533e+01
1.304937950331152230e+01
1.303158077205385901e+01
1.296135180408158405e+01
1.283903088500083278e+01
1.266516444323578661e+01
1.244050398348191067e+01
1.216600223628881672e+01
1.184280855043845726e+01
1.147226356065553432e+01
1.105589316184469340e+01
1.059540182502037098e+01
1.009266528959449616e+01
9.549722669865802871e+00
8.968768010521728229e+00
8.352141330748183989e+00
7.702319194021220561e+00
7.021904841461872770e+00
6.313617926694398363e+00
5.580283889907460271e+00
4.824823009539159990e+00
4.050239166788548673e+00
3.259608361721715752e+00
2.456067016554066562e+00
1.642800102043288080e+00
8.230291232916800981e-01
3.178323063055983036e-15
0.000000000000000000e+00
-8.664350144523277342e-01
-1.729052165737976265e+00
-2.584054384149577999e+00
-3.427686011287032208e+00
-4.256253069046739945e+00
-5.066143011181491573e+00
-5.853843795779502202e+00
-6.615962126027470802e+00
-7.349240717599989203e+00
-8.050574463731795305e+00
-8.717025383276231665e+00
-9.345836252583460180e+00
-9.934442838555858302e+00
-1.048048466750771190e+01
-1.098181428214987498e+01
-1.143650495688733315e+01
-1.184285685932860765e+01
-1.219940166322227171e+01
-1.250490563469042549e+01
-1.275837122935580581e+01
-1.295903725259081618e+01
-1.310637764839513508e+01
-1.320009899425674682e+01
-1.324013678953228457e+01
-1.322665063342679659e+01
-1.316001839536652263e+01
-1.304082948547289433e+01
-1.286987733600739858e+01
-1.264815120592955822e+01
-1.237682742036980166e+01
-1.205726013067512348e+01
-1.169097184585679372e+01
-1.127964347211839247e+01
-1.082510445401461574e+01
-1.032932269297829464e+01
-9.794394556351862846e+00
-9.222534924501566422e+00
-8.616067400317227509e+00
-7.977414709752932431e+00
-7.309089331149373869e+00
-6.613684389346652814e+00
-5.893864823809586539e+00
-5.152358853562579277e+00
-4.391949719207922875e+00
-3.615467706154239291e+00
-2.825782424146063398e+00
-2.025795318006963885e+00
-1.218432376659690286e+00
-4.066370023950109935e-01
4.066370023950123813e-01
1.218432376659729588e+00
2.025795318006329726e+00
2.825782424146928484e+00
3.615467706153597138e+00
4.391949719206913016e+00
5.152358853560689234e+00
5.893864823811998832e+00
6.613684389346169645e+00
7.309089331150108393e+00
7.977414709751905697e+00
8.616067400312934055e+00
9.222534924419163005e+00
9.794394556360906279e+00
1.032932269299659112e+01
1.082510445399777410e+01
1.127964347212553342e+01
1.169097184584967231e+01
1.205726013065914870e+01
1.237682742036967376e+01
1.264815120592964348e+01
1.286987733600738082e+01
1.304082948547299381e+01
1.316001839536650309e+01
1.322665063342717851e+01
1.324013678953220996e+01
1.320009899425674682e+01
1.310637764839572483e+01
1.295903725259060835e+01
1.275837122935592483e+01
1.250490563469058891e+01
1.219940166322258257e+01
1.184285685932864851e+01
1.143650495688728697e+01
1.098181428214984834e+01
1.048048466750793040e+01
9.934442838556423183e+00
9.345836252583158199e+00
8.717025383276348904e+00
8.050574463731921426e+00
7.349240717600151740e+00
6.615962126027524093e+00
5.853843795779440917e+00
5.066143011181481803e+00
4.256253069046734616e+00
3.427686011287029544e+00
2.584054384149615302e+00
1.729052165737977154e+00
8.664350144523085273e-01
3.346195765383463900e-15
0.000000000000000000e+00
-8.681227535868583089e-01
-1.732090451274688858e+00
-2.587775940552012877e+00
-3.431107562523488141e+00
-4.258096121290479097e+00
-5.064860934714539020e+00
-5.847654685255896823e+00
-6.602886808257220963e+00
-7.327145180580926898e+00
-8.017215899156697745e+00
-8.670100970676932306e+00
-9.283033766721830560e+00
-9.853492133132114361e+00
-1.037920907882604205e+01
-1.085818100552932286e+01
-1.128867347513620167e+01
-1.166922454682862309e+01
-1.199864574847252996e+01
-1.227602077355517451e+01
-1.250070204206713953e+01
-1.267230524692061522e+01
-1.279070209579181849e+01
-1.285601136734673489e+01
-1.286858858452120913e+01
-1.282901440170748231e+01
-1.273808203695976538e+01
-1.259678383665023205e+01
-1.240629733736927953e+01
-1.216797091881182880e+01
-1.188330930797398644e+01
-1.155395910767626155e+01
-1.118169457191994809e+01
-1.076840371719403500e+01
-1.031607497224423931e+01
-9.826784491816894729e+00
-9.302684210950159738e+00
-8.745990765652617682e+00
-8.158975298046753366e+00
-7.543954247217472542e+00
-6.903281120271010707e+00
-6.239339221915822797e+00
-5.554535379129745820e+00
-4.851294616641210311e+00
-4.132055695968192666e+00
-3.399267477856388719e+00
-2.655386047489559864e+00
-1.902872470630875057e+00
-1.144191103665206155e+00
-3.818083391493559686e-01
3.818083391493348744e-01
1.144191103665083586e+00
1.902872470637846147e+00
2.655386047489306289e+00
3.399267477855830499e+00
4.132055695968446685e+00
4.851294616640946522e+00
5.554535379134720507e+00
6.239339221915752631e+00
6.903281120235053692e+00
7.543954247218193743e+00
8.158975298048927627e+00
8.745990765652946308e+00
9.302684210985608715e+00
9.826784491702825974e+00
1.031607497221280845e+01
1.076840371718851053e+01
1.118169457191855010e+01
1.155395910781661861e+01
1.188330930797105189e+01
1.216797091877979575e+01
1.240629733736927065e+01
1.259678383668964763e+01
1.273808203691546836e+01
1.282901440167269591e+01
1.286858858448239218e+01
1.285601136738554295e+01
1.279070209575739803e+01
1.267230524691481186e+01
1.250070204208615188e+01
1.227602077353562215e+01
1.199864574847087617e+01
1.166922454682779708e+01
1.128867347510019314e+01
1.085818100547370157e+01
1.037920907879387578e+01
9.853492133134917452e+00
9.283033766695442779e+00
8.670100970678770835e+00
8.017215899136660440e+00
7.327145180587414153e+00
6.602886808265341578e+00
5.847654685238442340e+00
5.064860934729028763e+00
4.258096121290485314e+00
3.431107562524592591e+00
2.587775940548455278e+00
1.732090451276973253e+00
8.681227535868402123e-01
3.352926871829538444e-15
0.000000000000000000e+00
-8.348070217049857744e-01
-1.665343848986488240e+00
-2.487373252350578934e+00
-3.296723502213900314e+00
-4.089320052184031162e+00
-4.861215964953905733e+00
-5.608620699388076503e+00
-6.327926905281641368e+00
-7.015734925960551926e+00
-7.668874703410905269e+00
-8.284424905162644848e+00
-8.859729066328011271e+00
-9.392408635802274475e+00
-9.880372854905568047e+00
-1.032182545521273020e+01
-1.071526817753100147e+01
-1.105950129882267241e+01
-1.135362109602506031e+01
-1.159701465264237896e+01
-1.178935203460913606e+01
-1.193057614342659889e+01
-1.202089052643584743e+01
-1.206074535860084396e+01
-1.205082196769203406e+01
-1.199201614331738419e+01
-1.188542057268655050e+01
-1.173230669601016807e+01
-1.153410619803530501e+01
-1.129239267298635596e+01
-1.100886324022536655e+01
-1.068532091392334848e+01
-1.032365755284012643e+01
-9.925837734168599269e+00
-9.493883695428294800e+00
-9.029861483487415796e+00
-8.535868409473879481e+00
-8.014021920862015591e+00
-7.466449906905356038e+00
-6.895282475384627574e+00
-6.302645292328350024e+00
-5.690654200356761727e+00
-5.061411425329318980e+00
-4.417003030105346895e+00
-3.759497637694813488e+00
-3.090946299287050447e+00
-2.413383385967055261e+00
-1.728828369361971040e+00
-1.039288344729068836e+00
-3.467611415383632378e-01
3.467611415383484719e-01
1.039288344727922864e+00
1.728828369363102579e+00
2.413383385966991757e+00
3.090946299298556799e+00
3.759497637695114136e+00
4.417003030116750217e+00
5.061411425324238600e+00
5.690654200343612246e+00
6.302645292353419748e+00
6.895282475348199824e+00
7.466449906963894989e+00
8.014021920850991521e+00
8.535868409491394360e+00
9.029861483487310991e+00
9.493883695410767487e+00
9.925837734189434158e+00
1.032365755278519615e+01
1.068532091389462657e+01
1.100886324026093277e+01
1.129239267299381488e+01
1.153410619803529613e+01
1.173230669601160336e+01
1.188542057269746621e+01
1.199201614333411214e+01
1.205082196766480251e+01
1.206074535867960584e+01
1.202089052640613076e+01
1.193057614342638750e+01
1.178935203463387893e+01
1.159701465264707032e+01
1.135362109606755787e+01
1.105950129882462818e+01
1.071526817753121996e+01
1.032182545521248684e+01
9.880372854894067913e+00
9.392408635788857652e+00
8.859729066353596139e+00
8.284424905160401309e+00
7.668874703396323156e+00
7.015734925982314962e+00
6.327926905288038029e+00
5.608620699388043640e+00
4.861215964953945701e+00
4.089320052184032050e+00
3.296723502222357549e+00
2.487373252350582042e+00
1.665343848986544861e+00
8.348070217049656794e-01
3.224429839961921927e-15
0.000000000000000000e+00
-7.754746888207632027e-01
-1.546758746399108597e+00
-2.309697337842994358e+00
-3.060206705747571920e+00
-3.794308432110931051e+00
-4.508162197091326817e+00
-5.198096582736114080e+00
-5.860637509109231758e+00
-6.492533937780548214e+00
-7.090780532885881726e+00
-7.652637028770053362e+00
-8.175644117065509420e+00
-8.657635731294870851e+00
-9.096747673002299805e+00
-9.491422588259098347e+00
-9.840411365504115437e+00
-1.014277108551806528e+01
-1.039785970507263180e+01
-1.060532770708080896e+01
-1.076510698774366404e+01
-1.087739725464299134e+01
-1.094265045850454854e+01
-1.096155313058707748e+01
-1.093500762137768767e+01
-1.086411212827313477e+01
-1.075014006690888024e+01
-1.059451908964016198e+01
-1.039881010670147354e+01
-1.016468660696263981e+01
-9.893914571971093253e+00
-9.588333247853983110e+00
-9.249836996432920344e+00
-8.880358435001671324e+00
-8.481853015185699007e+00
-8.056285181686796193e+00
-7.605616203575450207e+00
-7.131793741077060211e+00
-6.636743188308042107e+00
-6.122360784242248499e+00
-5.590508477225194284e+00
-5.043010487497327610e+00
-4.481651497110083149e+00
-3.908176370614309114e+00
-3.324291295721727213e+00
-2.731666208828361420e+00
-2.131938369388711507e+00
-1.526716918715330662e+00
-9.175882616690673732e-01
-3.061220954077833456e-01
3.061220954078290313e-01
9.175882616690660409e-01
1.526716918717129889e+00
2.131938369387007981e+00
2.731666208834969023e+00
3.324291295719325579e+00
3.908176370598732241e+00
4.481651497110178184e+00
5.043010487497161520e+00
5.590508477186478586e+00
6.122360784250345134e+00
6.636743188307315577e+00
7.131793741075367343e+00
7.605616202996468012e+00
8.056285181611551494e+00
8.481853015210853997e+00
8.880358435001534545e+00
9.249836996433160152e+00
9.588333247740745691e+00
9.893914572323852852e+00
1.016468660704214777e+01
1.039881010670148065e+01
1.059451908965026767e+01
1.075014006692489588e+01
1.086411212827507811e+01
1.093500762142271654e+01
1.096155313058077674e+01
1.094265045850757723e+01
1.087739725463730522e+01
1.076510695566212661e+01
1.060532770707299122e+01
1.039785970507304746e+01
1.014277108551753948e+01
9.840411365496713358e+00
9.491422588212611089e+00
9.096747672995725509e+00
8.657635731309298421e+00
8.175644117065198557e+00
7.652637028769914807e+00
7.090780532953664839e+00
6.492533937784899400e+00
5.860637509109323240e+00
5.198096582736098092e+00
4.508162197088628531e+00
3.794308432110931939e+00
3.060206705745418976e+00
2.309697337840790343e+00
1.546758746400074935e+00
7.754746888202741495e-01
2.995404279108746664e-15
0.000000000000000000e+00
-6.994779797414722999e-01
-1.394996879509578847e+00
-2.082634163284926121e+00
-2.758539818428034973e+00
-3.418971218701297943e+00
-4.060326343336228661e+00
-4.679174860705130889e+00
-5.272286631629093279e+00
-5.836657241736669555e+00
-6.369530237054538802e+00
-6.868415802527915837e+00
-7.331105698576267038e+00
-7.755684342600168257e+00
-8.140535997763102216e+00
-8.484348103684856923e+00
-8.786110852247841052e+00
-9.045113175633670011e+00
-9.260935371747251565e+00
-9.433438641817614823e+00
-9.562751856528546313e+00
-9.649255901597177498e+00
-9.693565976478865309e+00
-9.696512236296387144e+00
-9.659119173946887571e+00
-9.582584135917343815e+00
-9.468255358384908504e+00
-9.317609891044501325e+00
-9.132231781098010259e+00
-8.913790767744998789e+00
-8.664021879933262227e+00
-8.384706114468322369e+00
-8.077652450431802578e+00
-7.744681375352056030e+00
-7.387610083739968303e+00
-7.008239408038040352e+00
-6.608342740521390368e+00
-6.189656591528932772e+00
-5.753873304949117085e+00
-5.302635532456668521e+00
-4.837532573354728527e+00
-4.360098461518388646e+00
-3.871811862371888679e+00
-3.374097267979055292e+00
-2.868327916163030178e+00
-2.355829868259961213e+00
-1.837887267550445181e+00
-1.315748586529775777e+00
-7.906336932660069650e-01
-2.637415607785038030e-01
2.637415607784993066e-01
7.906336932669770778e-01
1.315748586529779329e+00
1.837887267529420665e+00
2.355829868233866087e+00
2.868327916167069169e+00
3.374097267980756154e+00
3.871811862331129728e+00
4.360098461556450644e+00
4.837532573368364730e+00
5.302635532454444522e+00
5.753873304947787481e+00
6.189656591526830454e+00
6.608342740521360170e+00
7.008239408037260532e+00
7.387610083736253941e+00
7.744681375340078944e+00
8.077652450436470843e+00
8.384706114467711302e+00
8.664021879922497504e+00
8.913790767752864497e+00
9.132231781127780224e+00
9.317609891066444661e+00
9.468255358380503139e+00
9.582584135828410510e+00
9.659119173908797151e+00
9.696512236240433680e+00
9.693565976505906789e+00
9.649255901600918506e+00
9.562751856574685405e+00
9.433438641832758265e+00
9.260935371709619446e+00
9.045113175588026522e+00
8.786110852204398469e+00
8.484348103674077990e+00
8.140535997732740725e+00
7.755684342579350243e+00
7.331105698544440052e+00
6.868415802530888570e+00
6.369530237054862098e+00
5.836657241754524605e+00
5.272286631595437534e+00
4.679174860700362260e+00
4.060326343329385246e+00
3.418971218701297943e+00
2.758539818429365464e+00
2.082634163282274464e+00
1.394996879510691512e+00
6.994779797413939182e-01
2.701969694863633223e-15
0.000000000000000000e+00
-6.152161110463614246e-01
-1.226809106737585697e+00
-1.831191435929059974e+00
-2.424846096213759683e+00
-3.004360472174103958e+00
-3.566458487755427065e+00
-4.108030571489211802e+00
-4.626160982566456248e+00
-5.118152106279162616e+00
-5.581545393271133193e+00
-6.014138689246322222e+00
-6.413999780908571147e+00
-6.779476058980848485e+00
-7.109200279298587333e+00
-7.402092476468728144e+00
-7.657358157326470405e+00
-7.874482965547859870e+00
-8.053224065178945068e+00
-8.193598544136236228e+00
-8.295869176764433917e+00
-8.360527912914148985e+00
-8.388277488201529408e+00
-8.380011557241129339e+00
-8.336793757006059735e+00
-8.259836099325188030e+00
-8.150477079023664473e+00
-8.010159850200558651e+00
-7.840410900586912035e+00
-7.642819308865210104e+00
-7.419017161300365260e+00
-7.170661142118228248e+00
-6.899415589222541279e+00
-6.606937163974598626e+00
-6.294861193064201110e+00
-5.964790189154467903e+00
-5.618283547549620671e+00
-5.256849864598853728e+00
-4.881940791908046862e+00
-4.494946826409098151e+00
-4.097194901266136391e+00
-3.689947697785995739e+00
-3.274404578315229131e+00
-2.851704022785665149e+00
-2.422927440786561526e+00
-1.989104218350195907e+00
-1.551217849574256569e+00
-1.110212997355970455e+00
-6.670033203404668321e-01
-2.224799002510739754e-01
2.224799002525381375e-01
6.670033203469758476e-01
1.110212997352665543e+00
1.551217849582709585e+00
1.989104218329296847e+00
2.422927440792813414e+00
2.851704022792953541e+00
3.274404578255266873e+00
3.689947697742097521e+00
4.097194901193950578e+00
4.494946826430151532e+00
4.881940791868141005e+00
5.256849864540984463e+00
5.618283547548402090e+00
5.964790189195990244e+00
6.294861193080431683e+00
6.606937163958400028e+00
6.899415589251504777e+00
7.170661142129038268e+00
7.419017161350268452e+00
7.642819308822232038e+00
7.840410900586921805e+00
8.010159850262366987e+00
8.150477078991119839e+00
8.259836099448595093e+00
8.336793757094188351e+00
8.380011557306440650e+00
8.388277488209283206e+00
8.360527912988024113e+00
8.295869176813738477e+00
8.193598544073546819e+00
8.053224065103774976e+00
7.874482965572243032e+00
7.657358157407685439e+00
7.402092476420335743e+00
7.109200279197639638e+00
6.779476058971190433e+00
6.413999780882432056e+00
6.014138689255990933e+00
5.581545393225322726e+00
5.118152106276082414e+00
4.626160982553432888e+00
4.108030571469909020e+00
3.566458487781800635e+00
3.004360472174106178e+00
2.424846096200566681e+00
1.831191435920672017e+00
1.226809106738642852e+00
6.152161110463527649e-01
2.376570906728836514e-15
0.000000000000000000e+00
-5.294329845824113923e-01
-1.055638507627974843e+00
-1.575422415119055009e+00
-2.085656601581259650e+00
-2.583310631801543078e+00
-3.065481717204174839e+00
-3.529422560069426673e+00
-3.972566629016417217e+00
-4.392550488936415753e+00
-4.787232876373248125e+00
-5.154710283673288984e+00
-5.493328892597056701e+00
-5.801692776607593416e+00
-6.078668365856422895e+00
-6.323385244576539499e+00
-6.535233421338176640e+00
-6.713857273937617443e+00
-6.859146423479409727e+00
-6.971223845351580017e+00
-7.050431557644494696e+00
-7.097314254478821027e+00
-7.112601272496862137e+00
-7.097187271126490948e+00
-7.052112107344801650e+00
-6.978540071861021765e+00
-6.877739148585517270e+00
-6.751060422355570800e+00
-6.599918042109868210e+00
-6.425770010678346189e+00
-6.230100051556067164e+00
-6.014400768114614770e+00
-5.780158270764276018e+00
-5.528838386884340927e+00
-5.261874666180994531e+00
-4.980658109051670834e+00
-4.686528566102202475e+00
-4.380768225880278699e+00
-4.064596723533846934e+00
-3.739168037285970136e+00
-3.405569066443936421e+00
-3.064819803362275774e+00
-2.717874997956129857e+00
-2.365627200356844373e+00
-2.008911056245372251e+00
-1.648508722158346096e+00
-1.285156261183616699e+00
-9.195508740497633227e-01
-5.523588183446774824e-01
-1.842238643142811994e-01
1.842238643114060548e-01
5.523588183485153014e-01
9.195508740545994542e-01
1.285156261141569001e+00
1.648508722162252527e+00
2.008911056224187863e+00
2.365627200363567884e+00
2.717874997942117510e+00
3.064819803317405000e+00
3.405569066448505211e+00
3.739168037347648355e+00
4.064596723539552592e+00
4.380768225841496388e+00
4.686528566041604726e+00
4.980658109065439376e+00
5.261874666248710142e+00
5.528838387019312961e+00
5.780158270689956801e+00
6.014400768116565210e+00
6.230100051563169927e+00
6.425770010711177704e+00
6.599918042109862881e+00
6.751060422373428516e+00
6.877739148609745889e+00
6.978540071876039974e+00
7.052112107299512545e+00
7.097187271219093319e+00
7.112601272337033542e+00
7.097314254467089967e+00
7.050431557750555633e+00
6.971223845322420232e+00
6.859146423518444280e+00
6.713857273937617443e+00
6.535233421341423821e+00
6.323385244510938641e+00
6.078668365894783321e+00
5.801692776629717940e+00
5.493328892558333010e+00
5.154710283569245988e+00
4.787232876367700563e+00
4.392550488927190244e+00
3.972566628997242333e+00
3.529422560061501901e+00
3.065481717215154944e+00
2.583310631801543078e+00
2.085656601580099245e+00
1.575422415118940878e+00
1.055638507629966805e+00
5.294329845824211622e-01
2.045262738525731309e-15
0.000000000000000000e+00
-4.470133658675630728e-01
-8.912172552514157076e-01
-1.329832418419407469e+00
-1.760139527299909856e+00
-2.179507820138566920e+00
-2.585422202852691864e+00
-2.975508352859022487e+00
-3.347555418369092983e+00
-3.699535965189757025e+00
-4.029622886686385463e+00
-4.336203063579596062e+00
-4.617887632992325742e+00
-4.873518800857444155e+00
-5.102173204276836849e+00
-5.303161901684532609e+00
-5.476027131448812924e+00
-5.620536040921260579e+00
-5.736671637426072223e+00
-5.824621255281850374e+00
-5.884762866532908809e+00
-5.917649573520743722e+00
-5.923992728207112535e+00
-5.904643850200667288e+00
-5.860575977568268868e+00
-5.792864605835208458e+00
-5.702668636138725766e+00
-5.591211632399554432e+00
-5.459763675345453038e+00
-5.309624069784860900e+00
-5.142105123303286618e+00
-4.958517186360724693e+00
-4.760155076539650310e+00
-4.548286147386092715e+00
-4.324139721862694685e+00
-4.088898423321568387e+00
-3.843691059724342107e+00
-3.589587197430580634e+00
-3.327593372728306242e+00
-3.058650886298762472e+00
-2.783635089555339004e+00
-2.503356208843544373e+00
-2.218561275221067053e+00
-1.929937505286752231e+00
-1.638116671902013044e+00
-1.343680483572628592e+00
-1.047166822879289860e+00
-7.490767150077765058e-01
-4.498818954233664846e-01
-1.500328444252377325e-01
1.500328444252372884e-01
4.498818954234028444e-01
7.490767150079375991e-01
1.047166822879449732e+00
1.343680483572637918e+00
1.638116671901865384e+00
1.929937505286388078e+00
2.218561275242633357e+00
2.503356208826296392e+00
2.783635089554204356e+00
3.058650886264875357e+00
3.327593372727626342e+00
3.589587197430428755e+00
3.843691059722583070e+00
4.088898423323180431e+00
4.324139721861385510e+00
4.548286147385678824e+00
4.760155076539521524e+00
4.958517186415498657e+00
5.142105123297345592e+00
5.309624069764803167e+00
5.459763675345450373e+00
5.591211632380593599e+00
5.702668636138747971e+00
5.792864605864395777e+00
5.860575977568120543e+00
5.904643850200859134e+00
5.923992728191795898e+00
5.917649573520567863e+00
5.884762866523398195e+00
5.824621255297701694e+00
5.736671637450661443e+00
5.620536040947889056e+00
5.476027131479509258e+00
5.303161901680210732e+00
5.102173204256650330e+00
4.873518800863974043e+00
4.617887632960384181e+00
4.336203063561917759e+00
4.029622886686162531e+00
3.699535965209582500e+00
3.347555418367838875e+00
2.975508352857133332e+00
2.585422202855667262e+00
2.179507820138567364e+00
1.760139527303805851e+00
1.329832418409994998e+00
8.912172552586578034e-01
4.470133658689879330e-01
1.726920516217335608e-15
0.000000000000000000e+00
-3.711090543562168831e-01
-7.398207313376915506e-01
-1.103764373183034664e+00
-1.460622278230919946e+00
-1.808154983352635137e+00
-2.144225145643757546e+00
-2.466819611782002486e+00
-2.774069308548881008e+00
-3.064266641435343441e+00
-3.335880148299576131e+00
-3.587566219968876258e+00
-3.818177767057516103e+00
-4.026769780647724950e+00
-4.212601801335633667e+00
-4.375137375156851860e+00
-4.514040633754815346e+00
-4.629170189376582201e+00
-4.720570580365098579e+00
-4.788461541238669739e+00
-4.833225399184298610e+00
-4.855392919706315702e+00
-4.855627935080149449e+00
-4.834711092391120069e+00
-4.793523052756468950e+00
-4.733027462019233411e+00
-4.654253994382421489e+00
-4.558281749919876447e+00
-4.446223254650242040e+00
-4.319209288439236794e+00
-4.178374730032479611e+00
-4.024845576695730287e+00
-3.859727255929914502e+00
-3.684094372371874648e+00
-3.498981826094051506e+00
-3.305377507620749000e+00
-3.104216448775741544e+00
-2.896376466687577977e+00
-2.682675256785495232e+00
-2.463868881417821122e+00
-2.240651586139276841e+00
-2.013656863005563569e+00
-1.783459670692119747e+00
-1.550579713390782377e+00
-1.315485674824895979e+00
-1.078600299569028698e+00
-8.403062111477859197e-01
-6.009523546377837366e-01
-3.608609506037340764e-01
-1.203348467027378493e-01
1.203348467027336582e-01
3.608609506040257875e-01
6.009523546382767867e-01
8.403062111477074270e-01
1.078600299565852794e+00
1.315485674826510243e+00
1.550579713386173397e+00
1.783459670693518628e+00
2.013656863008506548e+00
2.240651586139323914e+00
2.463868881421040768e+00
2.682675256782252493e+00
2.896376466691109375e+00
3.104216448771828674e+00
3.305377507611113153e+00
3.498981826098896519e+00
3.684094372371917725e+00
3.859727255929923828e+00
4.024845576696023386e+00
4.178374730032913931e+00
4.319209288439159522e+00
4.446223254650242040e+00
4.558281749920182868e+00
4.654253994382200332e+00
4.733027461970372940e+00
4.793523052756896163e+00
4.834711092371859031e+00
4.855627935079930957e+00
4.855392919700319609e+00
4.833225399184209792e+00
4.788461541243649755e+00
4.720570580360299751e+00
4.629170189370929833e+00
4.514040633755029397e+00
4.375137375157154729e+00
4.212601801335600804e+00
4.026769780634325002e+00
3.818177767057528094e+00
3.587566219956825897e+00
3.335880148296042069e+00
3.064266641435521965e+00
2.774069308558434699e+00
2.466819611782028687e+00
2.144225145648376074e+00
1.808154983352634693e+00
1.460622278234196214e+00
1.103764373183113490e+00
7.398207313376702343e-01
3.711090543570221278e-01
1.433725833637940227e-15
0.000000000000000000e+00
-3.034375179512078802e-01
-6.048646474657772831e-01
-9.022941008135100249e-01
-1.193784364520359187e+00
-1.477461529747945423e+00
-1.751539885089346660e+00
-2.014340909125605261e+00
-2.264310340622588846e+00
-2.500033052138117995e+00
-2.720245506852897677e+00
-2.923845636386156688e+00
-3.109900037792561633e+00
-3.277648448961721250e+00
-3.426505520956686812e+00
-3.556059962270316177e+00
-3.666071183492249919e+00
-3.756463614496579506e+00
-3.827318909565130767e+00
-3.878866285600763852e+00
-3.911471263984878544e+00
-3.925623104322032653e+00
-3.921921223959797143e+00
-3.901060903502800326e+00
-3.863818567239949431e+00
-3.811036920328258581e+00
-3.743610204855160273e+00
-3.662469816435355963e+00
-3.568570498320030371e+00
-3.462877301942844266e+00
-3.346353476099656277e+00
-3.219949415807665360e+00
-3.084592768209478475e+00
-2.941179800512488285e+00
-2.790568004620252118e+00
-2.633570060331645646e+00
-2.470949084122970874e+00
-2.303415174201330906e+00
-2.131623211248000249e+00
-1.956171864007161476e+00
-1.777603736367149079e+00
-1.596406583177743421e+00
-1.413015513949770208e+00
-1.227816097995062083e+00
-1.041148280295575379e+00
-8.533110146546598607e-01
-6.645675190245082797e-01
-4.751510570439247405e-01
-2.852711496042242834e-01
-9.512012039817763220e-02
9.512012039819101039e-02
2.852711496084185949e-01
4.751510570438415848e-01
6.645675190246430608e-01
8.533110146541078578e-01
1.041148280287097494e+00
1.227816097993735811e+00
1.413015513949345880e+00
1.596406583176698923e+00
1.777603736368470244e+00
1.956171863998755311e+00
2.131623211247917649e+00
2.303415174209752170e+00
2.470949084154549169e+00
2.633570060341126506e+00
2.790568004619871090e+00
2.941179800564444946e+00
3.084592768259708073e+00
3.219949415806205195e+00
3.346353476123081094e+00
3.462877301854788481e+00
3.568570498320031259e+00
3.662469816466907169e+00
3.743610204869826763e+00
3.811036920323148891e+00
3.863818567240113744e+00
3.901060903511552880e+00
3.921921223945489920e+00
3.925623104321716017e+00
3.911471263990641933e+00
3.878866285558804972e+00
3.827318909602644759e+00
3.756463614516504901e+00
3.666071183492385366e+00
3.556059962269995545e+00
3.426505520952015882e+00
3.277648448988862206e+00
3.109900037789277594e+00
2.923845636386198876e+00
2.720245506880733188e+00
2.500033052133996847e+00
2.264310340605361738e+00
2.014340909122682710e+00
1.751539885092024518e+00
1.477461529747947200e+00
1.193784364515283025e+00
9.022941008045434197e-01
6.048646474654264527e-01
3.034375179512137088e-01
1.172319131579411792e-15
0.000000000000000000e+00
-2.446351363411908286e-01
-4.876102866208918973e-01
-7.272850608349716861e-01
-9.620578920769147224e-01
-1.190384535246435505e+00
-1.410795497225648898e+00
-1.621912085882012633e+00
-1.822460801284691456e+00
-2.011285832815091990e+00
-2.187359476001226266e+00
-2.349790330166114938e+00
-2.497829193907179501e+00
-2.630872624657548453e+00
-2.748464183962616048e+00
-2.850293437313137446e+00
-2.936192821610424719e+00
-3.006132535535608330e+00
-3.060213639919260320e+00
-3.098659583310479970e+00
-3.121806387004700145e+00
-3.130091757948181286e+00
-3.124043329857249862e+00
-3.104266379028649769e+00
-3.071431175022479643e+00
-3.026260269009638737e+00
-2.969515912682435310e+00
-2.901987823888011242e+00
-2.824481480536145117e+00
-2.737807101733723769e+00
-2.642769446409740208e+00
-2.540158563374622869e+00
-2.430741511954068290e+00
-2.315255203097955850e+00
-2.194400284040324056e+00
-2.068836362069705004e+00
-1.939177934977999840e+00
-1.805991846805511392e+00
-1.669795598534903336e+00
-1.531056727326841838e+00
-1.390193150367430519e+00
-1.247574412045882486e+00
-1.103523763381420331e+00
-9.583209988517549238e-01
-8.122059728883160856e-01
-6.653827164759776869e-01
-5.180240735641259420e-01
-3.702767758261569231e-01
-2.222668757143508589e-01
-7.410545695054959747e-02
7.410545695220659146e-02
2.222668757069805878e-01
3.702767758323448066e-01
5.180240735551308040e-01
6.653827164807307737e-01
8.122059728940971279e-01
9.583209988816261404e-01
1.103523763395902746e+00
1.247574412054703208e+00
1.390193150362089014e+00
1.531056727322258615e+00
1.669795598541887971e+00
1.805991846784897659e+00
1.939177934981424434e+00
2.068836362131283302e+00
2.194400284021404079e+00
2.315255203029034980e+00
2.430741511893033557e+00
2.540158563376411216e+00
2.642769446363122388e+00
2.737807101732316450e+00
2.824481480536144229e+00
2.901987823893044993e+00
2.969515912682882064e+00
3.026260269008545833e+00
3.071431175026228200e+00
3.104266379028080891e+00
3.124043329858773976e+00
3.130091757974669875e+00
3.121806387635404079e+00
3.098659583268339457e+00
3.060213639956663734e+00
3.006132535527006322e+00
2.936192821567768174e+00
2.850293437297993560e+00
2.748464183985988019e+00
2.630872624661062531e+00
2.497829193960889871e+00
2.349790330157988549e+00
2.187359475880589432e+00
2.011285832837304000e+00
1.822460801288070087e+00
1.621912085895669708e+00
1.410795497231629891e+00
1.190384535246437059e+00
9.620578920770076481e-01
7.272850608363944369e-01
4.876102866226141863e-01
2.446351363411860547e-01
9.451637310967737067e-16
0.000000000000000000e+00
-1.945918030969294721e-01
-3.878320170283766632e-01
-5.783854042292957409e-01
-7.649491177772499428e-01
-9.462681236417006536e-01
-1.121149718168389819e+00
-1.288476876587156372e+00
-1.447220198774328725e+00
-1.596448254050204296e+00
-1.735336168720705841e+00
-1.863172335209869246e+00
-1.979363189331856621e+00
-2.083436009756345797e+00
-2.175039775576072643e+00
-2.253944136142072008e+00
-2.320036591483939592e+00
-2.373318035814986349e+00
-2.413896743762983910e+00
-2.441981175799277537e+00
-2.457871526686767893e+00
-2.461950481129167034e+00
-2.454673258993715468e+00
-2.436557201655012328e+00
-2.408171102992690216e+00
-2.370124504210935346e+00
-2.323057145500127874e+00
-2.267628696779498743e+00
-2.204508984257969484e+00
-2.134368806399363105e+00
-2.057871460393944307e+00
-1.975665068677061376e+00
-1.888375776709839693e+00
-1.796601836460527402e+00
-1.700908713096345393e+00
-1.601825025575932981e+00
-1.499839538023941099e+00
-1.395399027014526006e+00
-1.288907069794451576e+00
-1.180723677546066996e+00
-1.071165747560424597e+00
-9.605082577993946380e-01
-8.489861660621681461e-01
-7.367969337202717739e-01
-6.241036151894576722e-01
-5.110384457390388935e-01
-3.977068594198143181e-01
-2.841918700437574552e-01
-1.705587480962569569e-01
-5.685992704539932080e-02
5.685992704544303583e-02
1.705587480967211966e-01
2.841918700433340716e-01
3.977068594212144759e-01
5.110384457384162804e-01
6.241036151880050564e-01
7.367969337194121282e-01
8.489861660577409097e-01
9.605082578003584226e-01
1.071165747553061598e+00
1.180723677551485773e+00
1.288907069824758445e+00
1.395399027007629300e+00
1.499839538025725449e+00
1.601825025576732786e+00
1.700908713093178815e+00
1.796601836458638912e+00
1.888375776559122254e+00
1.975665068676980107e+00
2.057871460393821739e+00
2.134368806399353335e+00
2.204508984257959714e+00
2.267628696779231845e+00
2.323057145500160736e+00
2.370124504162863577e+00
2.408171102993756918e+00
2.436557201656349481e+00
2.454673258979394479e+00
2.461950481159817627e+00
2.457871526754042524e+00
2.441981175798971559e+00
2.413896742633949266e+00
2.373318035190816744e+00
2.320036591464814002e+00
2.253944136145750399e+00
2.175039775575252854e+00
2.083436009756164609e+00
1.979363189333016804e+00
1.863172335209675401e+00
1.735336168697979797e+00
1.596448254047284854e+00
1.447220198772610766e+00
1.288476876586504893e+00
1.121149718165336040e+00
9.462681236417025410e-01
7.649491177783395157e-01
5.783854042287107644e-01
3.878320170287324897e-01
1.945918030967793699e-01
7.518382148684264136e-16
0.000000000000000000e+00
-1.527305254172592330e-01
-3.043747858090826153e-01
-4.538599642632468734e-01
-6.001398798484451902e-01
-7.422076619361557270e-01
-8.791076713844071522e-01
-1.009946448880472802e+00
-1.133902496197518595e+00
-1.250234726210348146e+00
-1.358289451252096658e+00
-1.457505815577890385e+00
-1.547419615316001362e+00
-1.627665486909313675e+00
-1.697977481868950589e+00
-1.758188080129510666e+00
-1.808225726225906271e+00
-1.848111000854472552e+00
-1.877951562680649777e+00
-1.897936014171647479e+00
-1.908326865361681168e+00
-1.909452770320603898e+00
-1.901700201521375977e+00
-1.885504790113399665e+00
-1.861342440717857150e+00
-1.829720450398597986e+00
-1.791168751900429568e+00
-1.746231435497125783e+00
-1.695458670115764788e+00
-1.639399151067091331e+00
-1.578593120506990299e+00
-1.513566089902799616e+00
-1.444823277807463002e+00
-1.372844812559202765e+00
-1.298081749148793262e+00
-1.220952836029729927e+00
-1.141842123515144580e+00
-1.061097281812743987e+00
-9.790287575266798381e-01
-8.959095543972199760e-01
-8.119757270022411877e-01
-7.274274906652535844e-01
-6.424309135627188638e-01
-5.571201045737462776e-01
-4.715998956369275574e-01
-3.859489193166650289e-01
-3.002230440777146070e-01
-2.144591086651711498e-01
-1.286788998155419528e-01
-4.289331887553409633e-02
4.289331887743906557e-02
1.286788998155206087e-01
2.144591086651160827e-01
3.002230440776838538e-01
3.859489193165908105e-01
4.715998956368265826e-01
5.571201045737775859e-01
6.424309135615901001e-01
7.274274906651975181e-01
8.119757269977848635e-01
8.959095543939599171e-01
9.790287575153131527e-01
1.061097281810561288e+00
1.141842123515233620e+00
1.220952836031898858e+00
1.298081749152840914e+00
1.372844812558823069e+00
1.444823277914965232e+00
1.513566089902531608e+00
1.578593120505237479e+00
1.639399151071019300e+00
1.695458670115763455e+00
1.746231435492903383e+00
1.791168751900554579e+00
1.829720450398283349e+00
1.861342440726015734e+00
1.885504790113396556e+00
1.901700201521227207e+00
1.909452770321286907e+00
1.908326865361758218e+00
1.897936014171466956e+00
1.877951562680423736e+00
1.848111000857878494e+00
1.808225726225065388e+00
1.758188080129226227e+00
1.697977481869515914e+00
1.627665486909370296e+00
1.547419615316065977e+00
1.457505815580050879e+00
1.358289451254082181e+00
1.250234726210382563e+00
1.133902496197349841e+00
1.009946448880388870e+00
8.791076713844202528e-01
7.422076619361550609e-01
6.001398798492462161e-01
4.538599642632508702e-01
3.043747858086749969e-01
1.527305254172491855e-01
5.901165548780352424e-16
0.000000000000000000e+00
-1.182209911730072310e-01
-2.355797659604157712e-01
-3.512250251555967817e-01
-4.643270918136633840e-01
-5.740881932377205343e-01
-6.797521296647018874e-01
-7.806131341350779351e-01
-8.760237930802853290e-01
-9.654018594328359626e-01
-1.048235877084878975e+00
-1.124089527585720782e+00
-1.192604662196958154e+00
-1.253502989557966130e+00
-1.306586453573897577e+00
-1.351736327312586416e+00
-1.388911116220080677e+00
-1.418143322713131926e+00
-1.439535239397200517e+00
-1.453253847055124837e+00
-1.459524996459475643e+00
-1.458626988373027622e+00
-1.450883716456935257e+00
-1.436657535074549630e+00
-1.416341965737044406e+00
-1.390354405183046538e+00
-1.359128945168417424e+00
-1.323109454690616804e+00
-1.282742958502275599e+00
-1.238473478892739177e+00
-1.190736379661034849e+00
-1.139953233234363594e+00
-1.086527337381105740e+00
-1.030839844247988468e+00
-9.732465402214552919e-01
-9.140753040154678821e-01
-8.536241651431220046e-01
-7.921600837368393266e-01
-7.299182633464349479e-01
-6.671020910674142490e-01
-6.038836351900753741e-01
-5.404046239998535617e-01
-4.767779260278420805e-01
-4.130894437348997528e-01
-3.494003924045158138e-01
-2.857499164625076915e-01
-2.221579965270639445e-01
-1.586286018382163931e-01
-9.515304238404528880e-02
-3.171347576401233742e-02
3.171347576384508926e-02
9.515304238404045933e-02
1.586286018411609822e-01
2.221579965233084486e-01
2.857499164661226887e-01
3.494003923971331638e-01
4.130894437351206316e-01
4.767779260581831990e-01
5.404046239922997152e-01
6.038836351884392384e-01
6.671020910384429792e-01
7.299182633570714396e-01
7.921600837300218911e-01
8.536241651450999779e-01
9.140753043907303699e-01
9.732465401569565522e-01
1.030839844368202307e+00
1.086527337708195429e+00
1.139953233263026000e+00
1.190736379801328626e+00
1.238473478718480791e+00
1.282742958502276487e+00
1.323109454958773856e+00
1.359128945623343965e+00
1.390354404552007761e+00
1.416341966079736947e+00
1.436657534416872162e+00
1.450883716222893804e+00
1.458626989020401332e+00
1.459524996936808927e+00
1.453253847717798308e+00
1.439535239673724432e+00
1.418143322379939120e+00
1.388911115637349258e+00
1.351736327560060680e+00
1.306586452608072824e+00
1.253502989737502293e+00
1.192604662047519470e+00
1.124089528163429996e+00
1.048235877098949276e+00
9.654018593543035598e-01
8.760237932093033475e-01
7.806131343728794914e-01
6.797521285763691301e-01
5.740881932377219776e-01
4.643270918969287231e-01
3.512250251158836600e-01
2.355797658966326258e-01
1.182209911730051910e-01
4.567932671559956829e-16
0.000000000000000000e+00
-9.013078236792904097e-02
-1.795856049578847258e-01
-2.676972666771847975e-01
-3.538159112135522144e-01
-4.373172723201884105e-01
-5.176104197371259596e-01
-5.941448577112782292e-01
-6.664168525991841507e-01
-7.339748729808155403e-01
-7.964240647814611052e-01
-8.534297008925691985e-01
-9.047195521069935076e-01
-9.500851789567406058e-01
-9.893821787266072754e-01
-1.022529376820764391e+00
-1.049507066715845038e+00
-1.070354314232054627e+00
-1.085165539089931297e+00
-1.094086273508418472e+00
-1.097308439280107351e+00
-1.095065101955624565e+00
-1.087624881837495838e+00
-1.075286144467773486e+00
-1.058371079191789521e+00
-1.037219762204863116e+00
-1.012184354040125633e+00
-9.836234617226475851e-01
-9.518968067574870018e-01
-9.173602329761104679e-01
-8.803611313586536813e-01
-8.412343312374916948e-01
-8.002984682964888741e-01
-7.578528980933846304e-01
-7.141751099403614855e-01
-6.695187286548427430e-01
-6.241119942956608879e-01
-5.781567976647524754e-01
-5.318282107578501394e-01
-4.852744925271083587e-01
-4.386175503901955097e-01
-3.919538155815083802e-01
-3.453555125300987183e-01
-2.988722674230150922e-01
-2.525330380985593148e-01
-2.063483156443002842e-01
-1.603125662335306845e-01
-1.144068727211330211e-01
-6.860174015876525921e-02
-2.286002820334212884e-02
2.286002820022533383e-02
6.860174041588773530e-02
1.144068728096840626e-01
1.603125664048322963e-01
2.063483156117658091e-01
2.525330377134779036e-01
2.988722670605262199e-01
3.453555121965740660e-01
3.919538152032397971e-01
4.386175502956545791e-01
4.852744925736837689e-01
5.318282109621708109e-01
5.781567970915266752e-01
6.241119939972804564e-01
6.695187263624593488e-01
7.141751096191334414e-01
7.578528985821827435e-01
8.002984682778088166e-01
8.412343312607443169e-01
8.803611310634027465e-01
9.173602322900623607e-01
9.518968067574925529e-01
9.836234621590231875e-01
1.012184354328504954e+00
1.037219762451607519e+00
1.058371078915144592e+00
1.075286144807057198e+00
1.087624881979670333e+00
1.095065101935350782e+00
1.097308439639993471e+00
1.094086273201264392e+00
1.085165540039922938e+00
1.070354315888620400e+00
1.049507067761535684e+00
1.022529377155682262e+00
9.893821787808820822e-01
9.500851787038149254e-01
9.047195516072293886e-01
8.534297011060708593e-01
7.964240646904633403e-01
7.339748727649125781e-01
6.664168524353037970e-01
5.941448575182673997e-01
5.176104195880706360e-01
4.373172723201885215e-01
3.538159110255179041e-01
2.676972666588448013e-01
1.795856050217093935e-01
9.013078236793579945e-02
3.482677323327713499e-16
0.000000000000000000e+00
-6.752470000232611846e-02
-1.345262123733380055e-01
-2.004882985931583095e-01
-2.649084799495862175e-01
-3.273045765596446222e-01
-3.872208451970347576e-01
-4.442336025195527949e-01
-4.979562290815722214e-01
-5.480434660622436338e-01
-5.941949395799239753e-01
-6.361578610919847998e-01
-6.737288739372475632e-01
-7.067550364080872338e-01
-7.351339554633163909e-01
-7.588131011069428888e-01
-7.777883311815037004e-01
-7.921017150609627189e-01
-8.018387047622554942e-01
-8.071247444018075923e-01
-8.081214219897601136e-01
-8.050222333650003392e-01
-7.980480829915422847e-01
-7.874425808594985865e-01
-7.734673006622166946e-01
-7.563969790678145566e-01
-7.365148508145499262e-01
-7.141081289013839761e-01
-6.894637152113611833e-01
-6.628641956595167084e-01
-6.345841779273604377e-01
-6.048869931578099157e-01
-5.740218094061740883e-01
-5.422211626257342765e-01
-5.096989180056886726e-01
-4.766486705134038715e-01
-4.432425830266766287e-01
-4.096306368518062291e-01
-3.759403028797623780e-01
-3.422765921355566676e-01
-3.087224815161301872e-01
-2.753396748198320143e-01
-2.421696790198550331e-01
-2.092351701505686390e-01
-1.765416063736280350e-01
-1.440790777461751770e-01
-1.118243376739081613e-01
-7.974300839468732860e-02
-4.779191576495780275e-02
-1.592152843256684075e-02
1.592152843255971797e-02
4.779191575632805999e-02
7.974300840839014526e-02
1.118243376258932220e-01
1.440790778591849453e-01
1.765416063418716319e-01
2.092351698295950302e-01
2.421696793086031696e-01
2.753396748483377676e-01
3.087224818405865934e-01
3.422765927503664263e-01
3.759403027282988141e-01
4.096306367671046500e-01
4.432425827447437072e-01
4.766486710629144197e-01
5.096989174787344146e-01
5.422211625656518930e-01
5.740218098609642938e-01
6.048869928140868657e-01
6.345841776119720556e-01
6.628641957678018670e-01
6.894637157766033697e-01
7.141081292236655109e-01
7.365148502733321889e-01
7.563969785662905121e-01
7.734673008631739455e-01
7.874425807133713651e-01
7.980480832250539391e-01
8.050222356229664866e-01
8.081214231644102686e-01
8.071247449875253999e-01
8.018387042269359277e-01
7.921017151792281163e-01
7.777883309392452649e-01
7.588131005207450208e-01
7.351339549332562839e-01
7.067550361091828881e-01
6.737288739143013627e-01
6.361578610742488760e-01
5.941949397127844756e-01
5.480434662297464232e-01
4.979562292474977170e-01
4.442336030022266402e-01
3.872208452711713988e-01
3.273045765596450662e-01
2.649084800165581455e-01
2.004882985412742846e-01
1.345262123871825144e-01
6.752470000233377900e-02
2.609280658573737560e-16
0.000000000000000000e+00
-4.952442426897070427e-02
-9.864948963065869880e-02
-1.469812914047844976e-01
-1.941367242383359171e-01
-2.397486112587514651e-01
-2.834705185404225447e-01
-3.249811594344341747e-01
-3.639883111407644090e-01
-4.002321727370380389e-01
-4.334881108631097879e-01
-4.635687532505840536e-01
-4.903254090189341774e-01
-5.136488053362562312e-01
-5.334691512086690013e-01
-5.497555508266797064e-01
-5.625148011202970588e-01
-5.717896247177725044e-01
-5.776563833252519320e-01
-5.802223754419989499e-01
-5.796227298958265273e-01
-5.760170253435535903e-01
-5.695856879138636586e-01
-5.605262367205905427e-01
-5.490494837830973696e-01
-5.353757224514391622e-01
-5.197309882107226109e-01
-5.023434603229335327e-01
-4.834400390161656125e-01
-4.632431620211231449e-01
-4.419678794398402277e-01
-4.198192380040683402e-01
-3.969900061598657937e-01
-3.736586839058423370e-01
-3.499879221177414901e-01
-3.261232611258636505e-01
-3.021922284721806906e-01
-2.783037723557770238e-01
-2.545480324723713994e-01
-2.309964205116770974e-01
-2.077020008455367772e-01
-1.847001470881320107e-01
-1.620094529166665187e-01
-1.396328773667763756e-01
-1.175590944011436489e-01
-9.576403075837210122e-02
-7.421255682088330474e-02
-5.286031756479612348e-02
-3.165566789466350145e-02
-1.054169563427228423e-02
1.054169563427608501e-02
3.165566785781456088e-02
5.286031758101462225e-02
7.421255685262524715e-02
9.576403056645120537e-02
1.175590943912650649e-01
1.396328771442554018e-01
1.620094529125817584e-01
1.847001470262803480e-01
2.077020008722394173e-01
2.309964204727374126e-01
2.545480326926848336e-01
2.783037724844434901e-01
3.021922282115381830e-01
3.261232614883901593e-01
3.499879219942588771e-01
3.736586839050361486e-01
3.969900064436411857e-01
4.198192379680361075e-01
4.419678793774785008e-01
4.632431617746872732e-01
4.834400390161599503e-01
5.023434602823902972e-01
5.197309882088132493e-01
5.353757222599153653e-01
5.490494841178744645e-01
5.605262367205969820e-01
5.695856883052453634e-01
5.760170253863988732e-01
5.796227299775197350e-01
5.802223755100032188e-01
5.776563831418649597e-01
5.717896247018808831e-01
5.625148007318114818e-01
5.497555507422153820e-01
5.334691508123976522e-01
5.136488052638203960e-01
4.903254090581149471e-01
4.635687533556697160e-01
4.334881108984974252e-01
4.002321727632874859e-01
3.639883110965924651e-01
3.249811593857079850e-01
2.834705185935161853e-01
2.397486112587512430e-01
1.941367241571047841e-01
1.469812913924669062e-01
9.864948963724766429e-02
4.952442427649237505e-02
1.913817402671423202e-16
0.000000000000000000e+00
-3.533986101950130354e-02
-7.037964931775457511e-02
-1.048235274823919733e-01
-1.383840430097553476e-01
-1.707861094224357168e-01
-2.017707403737913630e-01
-2.310984645623668787e-01
-2.585523559226704515e-01
-2.839406323808134625e-01
-3.070987668726026798e-01
-3.278910969916480345e-01
-3.462119003153971142e-01
-3.619859376824166031e-01
-3.751684697305396332e-01
-3.857447625082674469e-01
-3.937291095577148958e-01
-3.991634117017899830e-01
-4.021153591535600036e-01
-4.026762631567063488e-01
-4.009585992033717350e-01
-3.970933168244108469e-01
-3.912269821762894839e-01
-3.835188058756803797e-01
-3.741376217252030956e-01
-3.632588722137877202e-01
-3.510616466786711243e-01
-3.377258285414563299e-01
-3.234293924661947317e-01
-3.083458785551890791e-01
-2.926420808518822025e-01
-2.764759943411274623e-01
-2.599949886543114208e-01
-2.433342773286937266e-01
-2.266156646670855201e-01
-2.099465584859715461e-01
-1.934192816030461670e-01
-1.771106442713988038e-01
-1.610817911081666165e-01
-1.453782996604058020e-01
-1.300305121706143430e-01
-1.150541024763685888e-01
-1.004508431668303808e-01
-8.620956041516542045e-02
-7.230725993899557447e-02
-5.871040165167788760e-02
-4.537630335282569899e-02
-3.225465459577838562e-02
-1.928911867868385310e-02
-6.419005805592214661e-03
6.419005822348773475e-03
1.928911859860772682e-02
3.225465452240994929e-02
4.537630334209018235e-02
5.871040129217343362e-02
7.230726009530002996e-02
8.620956029656626218e-02
1.004508431887342346e-01
1.150541025701735803e-01
1.300305121134279207e-01
1.453782997737368687e-01
1.610817919518532371e-01
1.771106437400057632e-01
1.934192814495842572e-01
2.099465583709597960e-01
2.266156644797626407e-01
2.433342777999492335e-01
2.599949886485503625e-01
2.764759945583227796e-01
2.926420814390476854e-01
3.083458785255572265e-01
3.234293924661955644e-01
3.377258277912058015e-01
3.510616459905616660e-01
3.632588720253702164e-01
3.741376218220386352e-01
3.835188057755612445e-01
3.912269820909951568e-01
3.970933165396855480e-01
4.009585989153237051e-01
4.026762632748284165e-01
4.021153588828177972e-01
3.991634123423060676e-01
3.937291091999496340e-01
3.857447622696961731e-01
3.751684704386408220e-01
3.619859375276160418e-01
3.462119002073804075e-01
3.278910968799848002e-01
3.070987669006237653e-01
2.839406321984687676e-01
2.585523559157699158e-01
2.310984642165259395e-01
2.017707403369060903e-01
1.707861094224359388e-01
1.383840430013632827e-01
1.048235274734466843e-01
7.037964932594742429e-02
3.533986096466663201e-02
1.365767954702341213e-16
0.000000000000000000e+00
-2.428150479172347387e-02
-4.834172858806627671e-02
-7.196264219569242782e-02
-9.493265523217242485e-02
-1.170496709877647534e-01
-1.381239501411263282e-01
-1.579807292106152339e-01
-1.764625402605192461e-01
-1.934311917642720646e-01
-2.087693809255668498e-01
-2.223819097655221066e-01
-2.341964874353062720e-01
-2.441641275381311316e-01
-2.522591217160643495e-01
-2.584786370170299441e-01
-2.628419173986347723e-01
-2.653891769617130469e-01
-2.661800735506265614e-01
-2.652921177112880780e-01
-2.628186511679032611e-01
-2.588667488709923692e-01
-2.535549672146715783e-01
-2.470110032199489269e-01
-2.393693204642848016e-01
-2.307687729481508188e-01
-2.213502791598861708e-01
-2.112545781809308243e-01
-2.006201004776353991e-01
-1.895809864438072478e-01
-1.782652740236755629e-01
-1.667932768817748934e-01
-1.552761652912548196e-01
-1.438147661155475820e-01
-1.324985809685232940e-01
-1.214050316337527552e-01
-1.105989282472593371e-01
-1.001321566518556805e-01
-9.004357893639498844e-02
-8.035914039226690897e-02
-7.109216356351294452e-02
-6.224382978106579589e-02
-5.380382328677958681e-02
-4.575112838262825748e-02
-3.805496488750322731e-02
-3.067584346263828657e-02
-2.356672809573139363e-02
-1.667428577778512847e-02
-9.940210626457236451e-03
-3.302604067760912115e-03
3.302604067762893603e-03
9.940210606860138201e-03
1.667428579752354770e-02
2.356672811581777410e-02
3.067584349725750031e-02
3.805496481201902509e-02
4.575112847097841107e-02
5.380382323006290685e-02
6.224382986155312103e-02
7.109216377845190005e-02
8.035914021909516813e-02
9.004357900566185846e-02
1.001321564076119719e-01
1.105989282458898909e-01
1.214050315476739861e-01
1.324985811015813586e-01
1.438147661100310504e-01
1.552761655295172849e-01
1.667932766440136383e-01
1.782652738934346059e-01
1.895809870977877287e-01
2.006201004564188706e-01
2.112545783549929779e-01
2.213502791288040616e-01
2.307687728334939237e-01
2.393693204182732459e-01
2.470110034591647408e-01
2.535549671183063847e-01
2.588667492343097454e-01
2.628186509934910542e-01
2.652921177074889503e-01
2.661800735888091851e-01
2.653891771174222702e-01
2.628419172320623498e-01
2.584786371173410924e-01
2.522591220253957434e-01
2.441641267400123660e-01
2.341964874900002713e-01
2.223819095752168351e-01
2.087693811034383451e-01
1.934311916836728706e-01
1.764625402963264644e-01
1.579807292605692748e-01
1.381239502706730626e-01
1.170496709877649893e-01
9.493265524681124279e-02
7.196264229948626245e-02
4.834172848777178177e-02
2.428150483900674839e-02
9.384969135000089476e-17
0.000000000000000000e+00
-1.576090266180040639e-02
-3.136241280015544808e-02
-4.664760557010764336e-02
-6.146444099610059303e-02
-7.566808101517392970e-02
-8.912306001306052883e-02
-1.017052657278708361e-01
-1.133036930008388954e-01
-1.238219383814266189e-01
-1.331794088111356578e-01
-1.413122286588004151e-01
-1.481738311783532547e-01
-1.537352322420038053e-01
-1.579849884624242584e-01
-1.609288536481246756e-01
-1.625891438219474461e-01
-1.630038393638840177e-01
-1.622254467169641223e-01
-1.603196524939529133e-01
-1.573638044694467830e-01
-1.534452515703990938e-01
-1.486595805217866273e-01
-1.431087922918768129e-01
-1.368994403322445763e-01
-1.301407775427188829e-01
-1.229429400318632765e-01
-1.154151934470273172e-01
-1.076642617268881441e-01
-9.979279784596861713e-02
-9.189795652120295866e-02
-8.407013427689763452e-02
-7.639186573422712678e-02
-6.893689032248249970e-02
-6.176939653166308580e-02
-5.494344141415670457e-02
-4.850255030574639886e-02
-4.247948870969774082e-02
-3.689620952626160993e-02
-3.176395565870429594e-02
-2.708352481073064352e-02
-2.284567457862022796e-02
-1.903166435608227153e-02
-1.561392094205563304e-02
-1.255681263992962718e-02
-9.817523736507838966e-03
-7.347014508290533596e-03
-5.091053530922708473e-03
-2.991309497108091391e-03
-9.864895027638508496e-04
9.864895085688689912e-04
2.991309495378504432e-03
5.091053533867082384e-03
7.347014433995225843e-03
9.817523703645740507e-03
1.255681263768008461e-02
1.561392105289774283e-02
1.903166433170702665e-02
2.284567451214441006e-02
2.708352485844416416e-02
3.176395575842518720e-02
3.689620976248180612e-02
4.247948891981467856e-02
4.850255018547394714e-02
5.494344161397897441e-02
6.176939666645631100e-02
6.893689043291893748e-02
7.639186572526066032e-02
8.407013445805119889e-02
9.189795656172362881e-02
9.979279815751121441e-02
1.076642617268842445e-01
1.154151934168373694e-01
1.229429387983846517e-01
1.301407775003631528e-01
1.368994402633603447e-01
1.431087927316072594e-01
1.486595803484350997e-01
1.534452511874009883e-01
1.573638045062960011e-01
1.603196527050032849e-01
1.622254466244084925e-01
1.630038392451056972e-01
1.625891443762053357e-01
1.609288536064043817e-01
1.579849887814648302e-01
1.537352320207332756e-01
1.481738311339867442e-01
1.413122286286964679e-01
1.331794085643868697e-01
1.238219382872641772e-01
1.133036929857491465e-01
1.017052660362899041e-01
8.912306007846397538e-02
7.566808101517361052e-02
6.146444099242392295e-02
4.664760556465501889e-02
3.136241279409154870e-02
1.576090268298932506e-02
6.092715962900445237e-17
0.000000000000000000e+00
-9.284238550048139194e-03
-1.845717586856788356e-02
-2.740935858505180386e-02
-3.603499058310093844e-02
-4.423366633013124660e-02
-5.191199399251410218e-02
-5.898507438889618454e-02
-6.537780624804734320e-02
-7.102599694762216920e-02
-7.587725578938493698e-02
-7.989165793805272364e-02
-8.304216398012270739e-02
-8.531481650154680574e-02
-8.670866397320493857e-02
-8.723548453809505665e-02
-8.691927697790914620e-02
-8.579554845643168337e-02
-8.391042339498348823e-02
-8.131959273917890862e-02
-7.808712911377940769e-02
-7.428419763824316291e-02
-6.998768553478224019e-02
-6.527878368464118397e-02
-6.024154524545138195e-02
-5.496144162338646028e-02
-4.952397464717782360e-02
-4.401327774650438257e-02
-3.851086526494388457e-02
-3.309438744146110667e-02
-2.783659727504524464e-02
-2.280432782386721327e-02
-1.805765121522598382e-02
-1.364916231393826195e-02
-9.623390034399733825e-03
-6.016392987627535924e-03
-2.855412918613149404e-03
-1.587398310226444695e-04
2.064311289205564542e-03
3.813296106246402174e-03
5.096407485210893880e-03
5.930168022906229415e-03
6.338896351623870759e-03
6.354227178826209535e-03
6.014433028116676107e-03
5.363711287221746560e-03
4.451388496627042141e-03
3.331069208054567368e-03
2.059735683739195508e-03
6.968102925593356624e-04
-6.968102925594035334e-04
-2.059735736135223563e-03
-3.331069213371186475e-03
-4.451388592569414243e-03
-5.363711350198973292e-03
-6.014432962447207112e-03
-6.354227150570370894e-03
-6.338896285060752027e-03
-5.930168367681965154e-03
-5.096407295137989416e-03
-3.813296073254111417e-03
-2.064311337495011636e-03
1.587399274625501185e-04
2.855412601447174497e-03
6.016393055930612660e-03
9.623390295911414191e-03
1.364916242636657340e-02
1.805765116025620509e-02
2.280432818275523327e-02
2.783659742182966954e-02
3.309438734100488000e-02
3.851086526494909568e-02
4.401327830924228052e-02
4.952397441356973240e-02
5.496144127171843224e-02
6.024154523798382066e-02
6.527878361286512665e-02
6.998768521368246842e-02
7.428419759414617296e-02
7.808712944859946825e-02
8.131959259447149591e-02
8.391042349722875604e-02
8.579554843700548661e-02
8.691927710932929874e-02
8.723548461218134931e-02
8.670866371568743125e-02
8.531481638072947737e-02
8.304216400600099302e-02
7.989165819915289291e-02
7.587725629132273386e-02
7.102599692725825031e-02
6.537780608537288596e-02
5.898507432145505547e-02
5.191199403045186622e-02
4.423366633838995976e-02
3.603499038793738646e-02
2.740935855728405396e-02
1.845717589407610409e-02
9.284238550045939564e-03
3.590146915323793268e-17
0.000000000000000000e+00
-4.442494201392440875e-03
-8.810615043665410637e-03
-1.303135189629936810e-02
-1.703439038605940661e-02
-2.075338994994574068e-02
-2.412717732416485086e-02
-2.710083260885843073e-02
-2.962664636212014937e-02
-3.166492854181148647e-02
-3.318465524352222362e-02
-3.416394446610206137e-02
-3.459034721889350794e-02
-3.446096536762507934e-02
-3.378237971550170776e-02
-3.257041138679781650e-02
-3.084971454112993977e-02
-2.865321719705593573e-02
-2.602142388971705536e-02
-2.300160050808497045e-02
-1.964685616267496104e-02
-1.601514570731162046e-02
-1.216821365369732608e-02
-8.170500448966618035e-03
-4.088029088293861774e-03
1.270095682000245776e-05
4.065803468945017145e-03
8.007047040359338910e-03
1.177485366390597366e-02
1.531121511445916218e-02
1.856253796838133741e-02
2.148039249301996606e-02
2.402215957272606575e-02
2.615159920041672942e-02
2.783925653986814644e-02
2.906281140923940368e-02
2.980729112394206112e-02
3.006517828279264837e-02
2.983640982480560006e-02
2.912827544667832488e-02
2.795521495392967390e-02
2.633852465242011304e-02
2.430597518099043841e-02
2.189134875944602834e-02
1.913390735451778180e-02
1.607779416570709330e-02
1.277137814238987236e-02
9.266552621320537503e-03
5.617992400555851980e-03
1.882381563014229667e-03
-1.882381563016957953e-03
-5.617992396466642974e-03
-9.266552604169574561e-03
-1.277137817869018754e-02
-1.607779413812893132e-02
-1.913390742540440476e-02
-2.189134872568788970e-02
-2.430597521755059609e-02
-2.633852480154365641e-02
-2.795521504244248209e-02
-2.912827539022919479e-02
-2.983640971783452223e-02
-3.006517820615072292e-02
-2.980729129707123184e-02
-2.906281153169374548e-02
-2.783925658808136805e-02
-2.615159906143387988e-02
-2.402215944079469367e-02
-2.148039259446908947e-02
-1.856253840545361161e-02
-1.531121497242509191e-02
-1.177485366389989345e-02
-8.007047100026915346e-03
-4.065803439912583570e-03
-1.270094748304520467e-05
4.088028948372845160e-03
8.170500537242277386e-03
1.216821408607354077e-02
1.601514582587625080e-02
1.964685672638403352e-02
2.300160065628185577e-02
2.602142406757573107e-02
2.865321711922870149e-02
3.084971450106489474e-02
3.257041134043835162e-02
3.378237973584716919e-02
3.446096548826237116e-02
3.459034738674026527e-02
3.416394444479627784e-02
3.318465520365045801e-02
3.166492820644133815e-02
2.962664612685853710e-02
2.710083258289014072e-02
2.412717727062589287e-02
2.075338994994574068e-02
1.703439041136891458e-02
1.303135184253346492e-02
8.810615051399498313e-03
4.442494198708179208e-03
1.719244260933067604e-17
0.000000000000000000e+00
-9.003500562529791196e-04
-1.754291630296148877e-03
-2.516402855785161534e-03
-3.143213886204146261e-03
-3.594130219464260634e-03
-3.832294336075081805e-03
-3.825367854331377868e-03
-3.546217186848103341e-03
-2.973491166820540436e-03
-2.092077029277771526e-03
-8.934287855584961127e-04
6.242369795833318949e-04
2.455881064299272540e-03
4.589712241352088620e-03
7.007406429529107472e-03
9.684405907381440914e-03
1.259037840117071573e-02
1.568975341295777981e-02
1.894236044655045470e-02
2.230411006125939885e-02
2.572779873094802050e-02
2.916389192425434748e-02
3.256137172564275983e-02
3.586858405293410351e-02
3.903408779915065741e-02
4.200748680226297493e-02
4.474022168958419893e-02
4.718635654710953697e-02
4.930322522334940061e-02
5.105212645385995285e-02
5.239887042430086544e-02
5.331427522613959441e-02
5.377457832982641961e-02
5.376176527667046040e-02
5.326380993900798472e-02
5.227482831974415017e-02
5.079514809799651892e-02
4.883128630062637948e-02
4.639586489351498616e-02
4.350741169413489817e-02
4.019012413440617437e-02
3.647354392872259599e-02
3.239217204326293870e-02
2.798502649224789834e-02
2.329514632056971235e-02
1.836905211266338586e-02
1.325616532590815147e-02
8.008198066454745578e-03
2.678515937363690810e-03
-2.678515944108262724e-03
-8.008198072787605162e-03
-1.325616532897745149e-02
-1.836905215402922023e-02
-2.329514642767173752e-02
-2.798502645504600400e-02
-3.239217205063028154e-02
-3.647354386451705927e-02
-4.019012403050434973e-02
-4.350741164832790803e-02
-4.639586470198466678e-02
-4.883128628057213649e-02
-5.079514822146569131e-02
-5.227482854564252657e-02
-5.326380978904616398e-02
-5.376176546110913307e-02
-5.377457852889988565e-02
-5.331427544968929400e-02
-5.239887037703731820e-02
-5.105212610567749082e-02
-4.930322459448098493e-02
-4.718635654710909982e-02
-4.474022186465095863e-02
-4.200748762976443118e-02
-3.903408778421205150e-02
-3.586858427496231877e-02
-3.256137179962219352e-02
-2.916389215918281999e-02
-2.572779900627772051e-02
-2.230411025187804819e-02
-1.894236048994578370e-02
-1.568975305647425655e-02
-1.259037849520721480e-02
-9.684405967168024584e-03
-7.007406280423151591e-03
-4.589712290291521855e-03
-2.455881139540241811e-03
-6.242367163599261493e-04
8.934288373712901852e-04
2.092076976814556330e-03
2.973491214438935774e-03
3.546217219013849536e-03
3.825367776996575243e-03
3.832294428113408851e-03
3.594130219464912457e-03
3.143213805223296631e-03
2.516402858603307424e-03
1.754291692049249991e-03
9.003500571164152868e-04
3.504599627272370276e-18
0.000000000000000000e+00
1.614857060523611654e-03
3.255304057211030715e-03
4.946232605410279259e-03
6.711153066121781745e-03
8.571542012461866311e-03
1.054623620942229251e-02
1.265088221136601888e-02
1.489745763837836516e-02
1.729387371189302497e-02
1.984366173752201076e-02
2.254575769527973964e-02
2.539437936478884661e-02
2.837901028736652606e-02
3.148447193628233637e-02
3.469109973951079590e-02
3.797499556236769158e-02
4.130838681253851813e-02
4.466005184244340592e-02
4.799577211569571594e-02
5.127891207585628247e-02
5.447098525610043901e-02
5.753227891815277523e-02
6.042247095255679629e-02
6.310133096893057181e-02
6.552929162536097474e-02
6.766812434723343261e-02
6.948153013895294605e-02
7.093571621925431891e-02
7.199992526159265660e-02
7.264691903133997652e-02
7.285340537592020771e-02
7.260040887433788503e-02
7.187357716603938462e-02
7.066341823732401328e-02
6.896547675023961821e-02
6.678043626245062925e-02
6.411415755748306466e-02
6.097764891491805339e-02
5.738697122533922140e-02
5.336308315866174906e-02
4.893162467791925541e-02
4.412264730085956738e-02
3.897029260542352741e-02
3.351242366273123052e-02
2.779021605583954432e-02
2.184771084963153809e-02
1.573133708926831645e-02
9.489408178145310527e-03
3.171597882513463740e-03
-3.171597882512208234e-03
-9.489408193918122403e-03
-1.573133710408992567e-02
-2.184771085395384796e-02
-2.779021606013546558e-02
-3.351242369434840468e-02
-3.897029259288301017e-02
-4.412264741223352604e-02
-4.893162470060873070e-02
-5.336308316056001533e-02
-5.738697126159621187e-02
-6.097764898658355331e-02
-6.411415758533214881e-02
-6.678043614644944836e-02
-6.896547677530807940e-02
-7.066341819484926734e-02
-7.187357712009274924e-02
-7.260040894975476611e-02
-7.285340527631116447e-02
-7.264691907344010546e-02
-7.199992529010040831e-02
-7.093571621924735227e-02
-6.948153013943267342e-02
-6.766812415849089712e-02
-6.552929175732231937e-02
-6.310133089460735756e-02
-6.042247076245435555e-02
-5.753227867136079948e-02
-5.447098512083269756e-02
-5.127891210777945491e-02
-4.799577377382239357e-02
-4.466005200896804028e-02
-4.130838738075710836e-02
-3.797499571193709011e-02
-3.469109962586851281e-02
-3.148447186161012351e-02
-2.837901024790325660e-02
-2.539437949276036888e-02
-2.254575742511236158e-02
-1.984366178715573498e-02
-1.729387366065724893e-02
-1.489745748628036430e-02
-1.265088195695814738e-02
-1.054623620175232541e-02
-8.571542012461866311e-03
-6.711153091338233068e-03
-4.946232637222800627e-03
-3.255304088415587448e-03
-1.614857060522769880e-03
-6.215490695316339298e-18
0.000000000000000000e+00
3.323382183650647800e-03
6.657196205896796781e-03
1.001139387060301714e-02
1.339497803278235331e-02
1.681555585104899456e-02
2.027892402824128804e-02
2.378869630489136716e-02
2.734598144187909072e-02
3.094911752523099926e-02
3.459347106224462676e-02
3.827130336235576302e-02
4.197170568215896624e-02
4.568059858473799695e-02
4.938084086253449051e-02
5.305232079204001000e-02
5.667222061060626925e-02
6.021527225298425878e-02
6.365406334612135064e-02
6.695943395763721828e-02
7.010088153009133571e-02
7.304700433154805161e-02
7.576596797094069247e-02
7.822598881489879752e-02
8.039582147197847639e-02
8.224523656342981603e-02
8.374550111836484567e-02
8.486983943511421102e-02
8.559383060019157274e-02
8.589583653466237312e-02
8.575735531655950816e-02
8.516332553566488550e-02
8.410240543087556253e-02
8.256721763500235456e-02
8.055447947653808505e-02
7.806514934401391492e-02
7.510449138232931643e-02
7.168208463388878182e-02
6.781178763511250263e-02
6.351164877853623936e-02
5.880376867185815176e-02
5.371411889862915540e-02
4.827229912566901454e-02
4.251129290043387937e-02
3.646714285912682624e-02
3.017861978925284738e-02
2.368684944858642782e-02
1.703492199383356553e-02
1.026747595416759723e-02
3.430268382704388785e-03
-3.430268382701673942e-03
-1.026747597054025567e-02
-1.703492197930459029e-02
-2.368684950209091339e-02
-3.017861983045591265e-02
-3.646714309726321879e-02
-4.251129286040401106e-02
-4.827229925848697256e-02
-5.371411879930990813e-02
-5.880376865929851787e-02
-6.351164877252218899e-02
-6.781178778270566254e-02
-7.168208451564229977e-02
-7.510449147192688191e-02
-7.806514944459652661e-02
-8.055447918552272046e-02
-8.256721760310047065e-02
-8.410240529926191200e-02
-8.516332559942239866e-02
-8.575735527121421120e-02
-8.589583652396051705e-02
-8.559383060019090661e-02
-8.486983964362106170e-02
-8.374550101502786781e-02
-8.224523649469304976e-02
-8.039582159841808517e-02
-7.822598896277124791e-02
-7.576596804753223113e-02
-7.304700423845320034e-02
-7.010088172665866757e-02
-6.695943396605077980e-02
-6.365406313662226589e-02
-6.021527224926220140e-02
-5.667222047598373391e-02
-5.305232107126094110e-02
-4.938084030434822941e-02
-4.568059863258854686e-02
-4.197170585991166075e-02
-3.827130325954043039e-02
-3.459347096622668316e-02
-3.094911743958699349e-02
-2.734598144014097759e-02
-2.378869655142708261e-02
-2.027892386895152263e-02
-1.681555585104823475e-02
-1.339497804467462694e-02
-1.001139394651118404e-02
-6.657196197199971403e-03
-3.323382183648665878e-03
-1.281879183243295909e-17
0.000000000000000000e+00
4.402194047839026042e-03
8.804116222842975695e-03
1.320517766159690597e-02
1.760416342638427417e-02
2.199893889395446514e-02
2.638617906736128241e-02
3.076112720237190318e-02
3.511738913746175611e-02
3.944676821448398624e-02
4.373914452111346551e-02
4.798240245064826215e-02
5.216240895969263131e-02
5.626302979106834884e-02
6.026623005126448968e-02
6.415217546997481479e-02
6.789941649582632854e-02
7.148509879109883614e-02
7.488521732950383092e-02
7.807490049288878797e-02
8.102872430614840860e-02
8.372104713365066675e-02
8.612636116252954388e-02
8.821965317654871519e-02
8.997676703249496422e-02
9.137476449542518420e-02
9.239227656889889562e-02
9.300984002225441694e-02
9.321021399708277755e-02
9.297867195919248817e-02
9.230327083882035322e-02
9.117506465679010852e-02
8.958831781525879168e-02
8.754067736268429656e-02
8.503324955182986478e-02
8.207071807186706869e-02
7.866136205414263338e-02
7.481706691409892307e-02
7.055326594051651579e-02
6.588886678355108939e-02
6.084612923608705842e-02
5.545050049942403664e-02
4.973043216704475800e-02
4.371714811302706422e-02
3.744439439685215421e-02
3.094815597238576368e-02
2.426635398092102242e-02
1.743852150851315369e-02
1.050546235856677883e-02
3.508897553530032978e-03
-3.508897554743096916e-03
-1.050546235522498498e-02
-1.743852155272571786e-02
-2.426635398387174888e-02
-3.094815600963288227e-02
-3.744439432648510868e-02
-4.371714817146959281e-02
-4.973043213571011478e-02
-5.545050042633444670e-02
-6.084612929169955220e-02
-6.588886687423939348e-02
-7.055326590727621638e-02
-7.481706689435196900e-02
-7.866136213483868045e-02
-8.207071804047877395e-02
-8.503324959873680144e-02
-8.754067733498267778e-02
-8.958831739830178109e-02
-9.117506478866067854e-02
-9.230327056887252524e-02
-9.297867474366669494e-02
-9.321021399708298572e-02
-9.300983998532333374e-02
-9.239227653830697773e-02
-9.137476452593740195e-02
-8.997676730032277970e-02
-8.821965345583000773e-02
-8.612636097739855001e-02
-8.372104731880643247e-02
-8.102872416409501177e-02
-7.807490057426848262e-02
-7.488521734790541673e-02
-7.148509871595690179e-02
-6.789941626409480568e-02
-6.415217565543961109e-02
-6.026623060073185018e-02
-5.626302993559378213e-02
-5.216240881916246047e-02
-4.798240229764195314e-02
-4.373914449421265754e-02
-3.944676821448029475e-02
-3.511738919425825417e-02
-3.076112717800968607e-02
-2.638617905068423378e-02
-2.199893889395522842e-02
-1.760416339980334921e-02
-1.320517766573706640e-02
-8.804116211550574653e-03
-4.402194046614533313e-03
-1.698903762633029355e-17
0.000000000000000000e+00
4.992852827140495733e-03
9.978211848086202679e-03
1.494838587104109322e-02
1.989529466513770620e-02
2.481028749955587961e-02
2.968397806052845353e-02
3.450609876407848692e-02
3.926538121744444637e-02
4.394946249025920987e-02
4.854482383034330190e-02
5.303676198093829064e-02
5.740939416560503911e-02
6.164569853403190081e-02
6.572758905680192720e-02
6.963602063992498092e-02
7.335112957308659309e-02
7.685241591384084359e-02
8.011891421585236317e-02
8.312942812210205590e-02
8.586276464611757031e-02
8.829798259649167258e-02
9.041465706560684878e-02
9.219314587091864688e-02
9.361485838697042317e-02
9.466252114281920038e-02
9.532043533971544524e-02
9.557472335907307714e-02
9.541356007849319254e-02
9.482738667704491975e-02
9.380908402473633889e-02
9.235417108595307678e-02
9.046091452388012322e-02
8.813044348210115342e-02
8.536683906236522401e-02
8.217717467599830461e-02
7.857153434256715363e-02
7.456299859797962948e-02
7.016759181152423808e-02
6.540422394644770931e-02
6.029455849926414202e-02
5.486289165007030705e-02
4.913598641228977826e-02
4.314288662145306791e-02
3.691470042910208887e-02
3.048437565708930416e-02
2.388644479286293129e-02
1.715675959453587945e-02
1.033221222953854650e-02
3.450445313918818792e-03
-3.450445315642386261e-03
-1.033221222250083754e-02
-1.715675959249837734e-02
-2.388644484851016811e-02
-3.048437567218314007e-02
-3.691470044806917372e-02
-4.314288653395748074e-02
-4.913598647346461429e-02
-5.486289155627649405e-02
-6.029455843367730744e-02
-6.540422384641431108e-02
-7.016759168921397893e-02
-7.456299888084465255e-02
-7.857153433404739928e-02
-8.217717467327456671e-02
-8.536683897670775678e-02
-8.813044344377714279e-02
-9.046091510129732061e-02
-9.235417124186749704e-02
-9.380908406275303979e-02
-9.482738654206689100e-02
-9.541356007849277621e-02
-9.557472336459309215e-02
-9.532043533096874743e-02
-9.466252108589251479e-02
-9.361485841219784054e-02
-9.219314581977754164e-02
-9.041465686594658824e-02
-8.829798239905674306e-02
-8.586276457269409468e-02
-8.312942824198599201e-02
-8.011891425032116598e-02
-7.685241584932694936e-02
-7.335112971344000254e-02
-6.963602075000352443e-02
-6.572758906589608319e-02
-6.164569836956124149e-02
-5.740939411743807563e-02
-5.303676188047076745e-02
-4.854482386010890160e-02
-4.394946256608284196e-02
-3.926538126220902730e-02
-3.450609877123908542e-02
-2.968397795140740800e-02
-2.481028749955550144e-02
-1.989529465297358926e-02
-1.494838586893607740e-02
-9.978211808117767867e-03
-4.992852825845437055e-03
-1.927316277021182676e-17
0.000000000000000000e+00
5.208181961645174177e-03
1.040434968236568329e-02
1.557637745651322542e-02
2.071192050339271118e-02
2.579831401176227446e-02
3.082248343066033847e-02
3.577086787962743125e-02
4.062936022234354266e-02
4.538326584084451804e-02
5.001728196184632158e-02
5.451549943923602454e-02
5.886142679458754995e-02
6.303803856903239522e-02
6.702784516306282969e-02
7.081298686766676620e-02
7.437534718190204341e-02
7.769668778078733795e-02
8.075879785827637380e-02
8.354366221771013234e-02
8.603363610729268529e-02
8.821163652861484239e-02
9.006133353476686310e-02
9.156734848988747066e-02
9.271544797084493861e-02
9.349273478650094171e-02
9.388785422886104792e-02
9.389113238704756281e-02
9.349477820571147624e-02
9.269301687655924493e-02
9.148222619747231610e-02
8.986105154741180767e-02
8.783050008709272771e-02
8.539401236791478722e-02
8.255751313939820035e-02
7.932943381639245839e-02
7.572071725062438918e-02
7.174479277216844197e-02
6.741752921814317401e-02
6.275716409775930482e-02
5.778420967881130882e-02
5.252133684618867648e-02
4.699323797046237039e-02
4.122647049606593256e-02
3.524928059715035783e-02
2.909141820767585651e-02
2.278392093692440529e-02
1.635890608914791766e-02
9.849337525244864638e-03
3.288790497224050764e-03
-3.288790497224125791e-03
-9.849337524949907871e-03
-1.635890609703899087e-02
-2.278392094936139076e-02
-2.909141822146124254e-02
-3.524928058902775108e-02
-4.122647051250213912e-02
-4.699323793467011928e-02
-5.252133681200499976e-02
-5.778420973447179892e-02
-6.275716413298669527e-02
-6.741752923049051938e-02
-7.174479276852292753e-02
-7.572071726761654686e-02
-7.932943382827843670e-02
-8.255751284972014103e-02
-8.539401232593103741e-02
-8.783050010212645198e-02
-8.986105154490763025e-02
-9.148222621427880286e-02
-9.269301708139615625e-02
-9.349477820571104603e-02
-9.389113240918620096e-02
-9.388785431310800456e-02
-9.349273474711476684e-02
-9.271544779506631084e-02
-9.156734851670196573e-02
-9.006133346671721385e-02
-8.821163662891709500e-02
-8.603363589811131862e-02
-8.354366212450387019e-02
-8.075879778119166019e-02
-7.769668782968225385e-02
-7.437534719837365915e-02
-7.081298679090430870e-02
-6.702784518702079031e-02
-6.303803857077289186e-02
-5.886142687420577863e-02
-5.451549941425324480e-02
-5.001728194114145321e-02
-4.538326582045844326e-02
-4.062936023006639280e-02
-3.577086789993651900e-02
-3.082248342801049978e-02
-2.579831401176129607e-02
-2.071192051668507145e-02
-1.557637750428817261e-02
-1.040434968165016537e-02
-5.208181962161263084e-03
-2.010707744645343224e-17
0.000000000000000000e+00
5.137830719244609531e-03
1.026120527004164423e-02
1.535561584371099471e-02
2.040645360884199566e-02
2.539896412158425265e-02
3.031820942360408805e-02
3.514903911098418016e-02
3.987607177005370040e-02
4.448368886303621234e-02
4.895604176007308656e-02
5.327707297277255866e-02
5.743055231574287905e-02
6.140012805671374307e-02
6.516939237620691938e-02
6.872196187337066553e-02
7.204157175766315313e-02
7.511217901123490304e-02
7.791808403900235547e-02
8.044405218549841030e-02
8.267544973988309731e-02
8.459838071820661998e-02
8.619982998909490879e-02
8.746780632094677821e-02
8.839148277890485073e-02
8.896133742750506057e-02
8.916928410193440679e-02
8.900879705423352106e-02
8.847502843652761684e-02
8.756491260207624472e-02
8.627725465251553927e-02
8.461280951326584365e-02
8.257434259751111894e-02
8.016667400032184698e-02
7.739670577031006193e-02
7.427343063920036070e-02
7.080792446414049812e-02
6.701331256300056827e-02
6.290473207432277503e-02
5.849926143647695559e-02
5.381584035842860297e-02
4.887517083296705894e-02
4.369960199387212113e-02
3.831299980578485587e-02
3.274060385741039969e-02
2.700887008536953862e-02
2.114530348938319093e-02
1.517828080225815633e-02
9.136865145045063724e-03
3.050614475839036679e-03
-3.050614475838731368e-03
-9.136865141024467368e-03
-1.517828079188701315e-02
-2.114530351532514785e-02
-2.700887006004216995e-02
-3.274060386987154986e-02
-3.831299979493390379e-02
-4.369960199614740526e-02
-4.887517091543681219e-02
-5.381584041138435387e-02
-5.849926147656370895e-02
-6.290473205104933629e-02
-6.701331255474543558e-02
-7.080792437038882503e-02
-7.427343060141221309e-02
-7.739670575258267293e-02
-8.016667399887006384e-02
-8.257434264845435468e-02
-8.461280974157404933e-02
-8.627725459356919147e-02
-8.756491259074047906e-02
-8.847502843652610416e-02
-8.900879697343780372e-02
-8.916928409255010790e-02
-8.896133748607919223e-02
-8.839148270092819781e-02
-8.746780643354643003e-02
-8.619982999144859548e-02
-8.459838067295948061e-02
-8.267544975998206147e-02
-8.044405212983368747e-02
-7.791808406445020763e-02
-7.511217896342921307e-02
-7.204157174538074193e-02
-6.872196198289390323e-02
-6.516939256073908671e-02
-6.140012813366741568e-02
-5.743055229702825198e-02
-5.327707294033653951e-02
-4.895604182782650748e-02
-4.448368887578282860e-02
-3.987607173385642606e-02
-3.514903909309440716e-02
-3.031820942762681464e-02
-2.539896411836477935e-02
-2.040645361916115091e-02
-1.535561582419291832e-02
-1.026120527059127228e-02
-5.137830715942882584e-03
-1.983715697379240954e-17
0.000000000000000000e+00
4.852858849844533980e-03
9.690402600554223408e-03
1.449730424986543469e-02
1.925821439759010587e-02
2.395775396285837119e-02
2.858051006759829843e-02
3.311103876798136142e-02
3.753387351006953060e-02
4.183354098574706970e-02
4.599458546532258357e-02
5.000160170562621686e-02
5.383927644822184000e-02
5.749244043511048813e-02
6.094612751059236971e-02
6.418564354353864521e-02
6.719664309327567919e-02
6.996521411120065759e-02
7.247796605466433340e-02
7.472212702465973189e-02
7.668564186417800577e-02
7.835727363630175246e-02
7.972670827243399927e-02
8.078465698544494422e-02
8.152295374028264985e-02
8.193465537221020223e-02
8.201413509167714000e-02
8.175716289083077848e-02
8.116099225567750819e-02
8.022442433094573166e-02
7.894787066700002798e-02
7.733339764886316969e-02
7.538476886312685254e-02
7.310746690581011731e-02
7.050870514899920671e-02
6.759742392825028590e-02
6.438427428767065641e-02
6.088159574722082357e-02
5.710335950313397829e-02
5.306511917375700271e-02
4.878393887747314167e-02
4.427830849553452547e-02
3.956804880252361156e-02
3.467420354109557179e-02
2.961892238724789933e-02
2.442533351652311988e-02
1.911740781463178163e-02
1.371981593163313327e-02
8.257779272047660254e-03
2.756916051192663270e-03
-2.756916050324452819e-03
-8.257779285554923271e-03
-1.371981593103274548e-02
-1.911740779238568430e-02
-2.442533351573767178e-02
-2.961892237518769927e-02
-3.467420350225986631e-02
-3.956804877550031130e-02
-4.427830854121615062e-02
-4.878393883562839872e-02
-5.306511919935197330e-02
-5.710335933462767216e-02
-6.088159578520148385e-02
-6.438427422327748506e-02
-6.759742387398760821e-02
-7.050870520616575599e-02
-7.310746692358756349e-02
-7.538476883605163548e-02
-7.733339773791748917e-02
-7.894787062909308650e-02
-8.022442430872947505e-02
-8.116099225567750819e-02
-8.175716288959758438e-02
-8.201413506538603182e-02
-8.193465540012107029e-02
-8.152295377155810430e-02
-8.078465697654831079e-02
-7.972670819220759042e-02
-7.835727364861805322e-02
-7.668564182054052325e-02
-7.472212711383512118e-02
-7.247796593527403020e-02
-6.996521417133101661e-02
-6.719664323995813704e-02
-6.418564352193394107e-02
-6.094612751590845062e-02
-5.749244041268606470e-02
-5.383927640212243099e-02
-5.000160170833300999e-02
-4.599458552848147141e-02
-4.183354100182917756e-02
-3.753387351491110219e-02
-3.311103874495196359e-02
-2.858051005095306810e-02
-2.395775396285804507e-02
-1.925821444454008449e-02
-1.449730424505251206e-02
-9.690402598340240939e-03
-4.852858849846631260e-03
-1.873795400040255412e-17
0.000000000000000000e+00
4.409485958981323485e-03
8.803988199696397010e-03
1.316853569601601770e-02
1.748818369293399233e-02
2.174802882714157309e-02
2.593322679867720443e-02
3.002901302310613876e-02
3.402072715296464156e-02
3.789384157102331646e-02
4.163399515152663155e-02
4.522703077459606230e-02
4.865903977034611444e-02
5.191640932237691353e-02
5.498587644391661478e-02
5.785458582462574273e-02
6.051015189584735970e-02
6.294072605409613275e-02
6.513506387642964413e-02
6.708259886995029952e-02
6.877351423371903805e-02
7.019881721113944983e-02
7.135041246170448215e-02
7.222117406373161630e-02
7.280501702733264968e-02
7.309696179050273468e-02
7.309319976177447442e-02
7.279114829200523940e-02
7.218950369104540354e-02
7.128828478301900418e-02
7.008887168041837146e-02
6.859403219390579343e-02
6.680794309096030337e-02
6.473620019787572344e-02
6.238581869639381328e-02
5.976522372241072079e-02
5.688423106647269578e-02
5.375401638048231401e-02
5.038707549604629077e-02
4.679717408541383267e-02
4.299928682314797801e-02
3.900952795712792770e-02
3.484507253350597328e-02
3.052406951196668869e-02
2.606554639309650173e-02
2.148930696729360948e-02
1.681582306281733524e-02
1.206612123209655808e-02
7.261663493325593716e-03
2.424225955263505355e-03
-2.424225954476747543e-03
-7.261663495334975960e-03
-1.206612122388924652e-02
-1.681582306409504929e-02
-2.148930697061636821e-02
-2.606554639504835708e-02
-3.052406950859166621e-02
-3.484507256641134615e-02
-3.900952791398381442e-02
-4.299928683620346526e-02
-4.679717409521624155e-02
-5.038707552632473718e-02
-5.375401639826996036e-02
-5.688423104836679012e-02
-5.976522379456072898e-02
-6.238581871743160978e-02
-6.473620013788043692e-02
-6.680794307482433581e-02
-6.859403214471802845e-02
-7.008887162413016125e-02
-7.128828481584538468e-02
-7.218950369035610770e-02
-7.279114834236613540e-02
-7.309319973793433622e-02
-7.309696181654487535e-02
-7.280501697983414455e-02
-7.222117398832733626e-02
-7.135041239503212007e-02
-7.019881719840466439e-02
-6.877351423939138952e-02
-6.708259892284350323e-02
-6.513506389189108181e-02
-6.294072591024640895e-02
-6.051015191229235785e-02
-5.785458584465468651e-02
-5.498587638183238119e-02
-5.191640933133056385e-02
-4.865903975993873809e-02
-4.522703076888778123e-02
-4.163399511929351260e-02
-3.789384154735733756e-02
-3.402072712515975816e-02
-3.002901301882297119e-02
-2.593322680929469742e-02
-2.174802883371399279e-02
-1.748818368174352711e-02
-1.316853568709081164e-02
-8.803988198899331472e-03
-4.409485959137732225e-03
-1.702668372760076791e-17
0.000000000000000000e+00
3.852136567187516934e-03
7.690500956803133538e-03
1.150134697047688719e-02
1.527098077733970646e-02
1.898578815310475107e-02
2.263226279670432772e-02
2.619703712666114973e-02
2.966691312667592978e-02
3.302889778833154044e-02
3.627023716667611419e-02
3.937845802178162324e-02
4.234140863640374619e-02
4.514730088662223528e-02
4.778475783431518353e-02
5.024286158599200469e-02
5.251120310232432892e-02
5.457993428891181470e-02
5.643981977405826411e-02
5.808229087964646847e-02
5.949949830539635193e-02
6.068436519052960998e-02
6.163063921757109404e-02
6.233293912886475607e-02
6.278681002622032992e-02
6.298875959039927641e-02
6.293630336053775143e-02
6.262800100805819559e-02
6.206348793397681307e-02
6.124350231661741112e-02
6.016990586326148582e-02
5.884569877562507295e-02
5.727502747927849802e-02
5.546318584001733165e-02
5.341660939043397366e-02
5.114286193831119737e-02
4.865061432430702743e-02
4.594961684876128910e-02
4.305066292872537781e-02
3.996554616655560721e-02
3.670701040041986218e-02
3.328869266022296131e-02
2.972505926070460186e-02
2.603133665387524082e-02
2.222343586345327388e-02
1.831787208062646277e-02
1.433167980522534468e-02
1.028232382071986653e-02
6.187607108452534629e-03
2.065576078883872915e-03
-2.065576078224344494e-03
-6.187607109213507511e-03
-1.028232382347244074e-02
-1.433167980325212101e-02
-1.831787207468930923e-02
-2.222343586995403561e-02
-2.603133667683025718e-02
-2.972505926342496399e-02
-3.328869263319401972e-02
-3.670701041674129944e-02
-3.996554615433725588e-02
-4.305066288396623003e-02
-4.594961683654863460e-02
-4.865061434462795986e-02
-5.114286190394107950e-02
-5.341660936937489557e-02
-5.546318577067520933e-02
-5.727502748118382808e-02
-5.884569881971229988e-02
-6.016990589204558593e-02
-6.124350231780532894e-02
-6.206348787724785820e-02
-6.262800096062418054e-02
-6.293630334254032843e-02
-6.298875963863269367e-02
-6.278681004446956537e-02
-6.233293904633570998e-02
-6.163063933336986738e-02
-6.068436520428552305e-02
-5.949949832190216253e-02
-5.808229089733791400e-02
-5.643981977929800331e-02
-5.457993430026421289e-02
-5.251120312989510791e-02
-5.024286156463932118e-02
-4.778475784060666476e-02
-4.514730090424255021e-02
-4.234140864415851524e-02
-3.937845804225581503e-02
-3.627023714606739113e-02
-3.302889781502816452e-02
-2.966691311454607363e-02
-2.619703712897704026e-02
-2.263226299978453315e-02
-1.898578815310461576e-02
-1.527098078333302342e-02
-1.150134696805392084e-02
-7.690500963135777149e-03
-3.852136567187096263e-03
-1.487498892572665246e-17
0.000000000000000000e+00
3.215903067635105406e-03
6.419881474815529454e-03
9.600041438195334315e-03
1.274455108916331021e-02
1.584167191020422957e-02
1.887979060171917495e-02
2.184745162529595774e-02
2.473339060332765960e-02
2.752656817936680045e-02
3.021620558643968793e-02
3.279181983825828206e-02
3.524326139981114048e-02
3.756075099829008640e-02
3.973491844319571725e-02
4.175684121952589339e-02
4.361808388460302471e-02
4.531073703767911354e-02
4.682745707639688476e-02
4.816150412418310212e-02
4.930678039050682276e-02
5.025786700818529740e-02
5.101005912752113597e-02
5.155939905050131722e-02
5.190270833706274456e-02
5.203761557846712377e-02
5.196258189279249345e-02
5.167692368929734104e-02
5.118083096901156898e-02
5.047538045091579106e-02
4.956254788197572009e-02
4.844521245986971314e-02
4.712715723299172599e-02
4.561306566931742912e-02
4.390851138965680411e-02
4.201994450789046931e-02
3.995467107170643656e-02
3.772082808979854152e-02
3.532735349740221548e-02
3.278395031179617836e-02
3.010104635511733420e-02
2.728974889937331449e-02
2.436179516942900761e-02
2.132949806017709130e-02
1.820568829147332576e-02
1.500365297911631160e-02
1.173707086127252427e-02
8.419944979421081083e-03
5.066532976572299916e-03
1.691275680101709221e-03
-1.691275680752954338e-03
-5.066532975010530106e-03
-8.419944978488407006e-03
-1.173707085444105833e-02
-1.500365299719328208e-02
-1.820568830638845392e-02
-2.132949806115258529e-02
-2.436179517770875949e-02
-2.728974891668590683e-02
-3.010104634132168555e-02
-3.278395028271482298e-02
-3.532735352038084836e-02
-3.772082808382080932e-02
-3.995467104380084206e-02
-4.201994449482543414e-02
-4.390851144049254945e-02
-4.561306565732314161e-02
-4.712715720952179860e-02
-4.844521242077487466e-02
-4.956254794455487028e-02
-5.047538043750898762e-02
-5.118083100237141858e-02
-5.167692373832526859e-02
-5.196258195430589200e-02
-5.203761551593943935e-02
-5.190270835871566707e-02
-5.155939896022748714e-02
-5.101005910149106898e-02
-5.025786701144532159e-02
-4.930678041000945144e-02
-4.816150414307086847e-02
-4.682745705536348751e-02
-4.531073701037415663e-02
-4.361808391533084778e-02
-4.175684121684353212e-02
-3.973491843586861305e-02
-3.756075101242137976e-02
-3.524326141451890326e-02
-3.279181986375005048e-02
-3.021620550253981824e-02
-2.752656817643501716e-02
-2.473339054669225143e-02
-2.184745162323016923e-02
-1.887979060402233261e-02
-1.584167191020436488e-02
-1.274455109221491259e-02
-9.600041441026184452e-03
-6.419881475829830077e-03
-3.215903068117071002e-03
-1.241845521726611014e-17
0.000000000000000000e+00
2.528530605265180177e-03
5.047428335916424522e-03
7.547090047550941705e-03
1.001797207876481410e-02
1.245062007805702864e-02
1.483569895300067797e-02
1.716402284251374033e-02
1.942658540221253380e-02
2.161458989139469419e-02
2.371947959377787574e-02
2.573296829865258720e-02
2.764707057052032818e-02
2.945413210405027626e-02
3.114685979580564257e-02
3.271835159914630864e-02
3.416212588905535863e-02
3.547215026713352454e-02
3.664286954250844941e-02
3.766923284797984994e-02
3.854671971388892726e-02
3.927136458379965056e-02
3.983977988607369930e-02
4.024917752628337508e-02
4.049738824996944320e-02
4.058287855680434847e-02
4.050476555078785096e-02
4.026282961388432530e-02
3.985752347424086767e-02
3.928997839950036652e-02
3.856200828805541464e-02
3.767610911644452693e-02
3.663545602421588998e-02
3.544389656487543366e-02
3.410594102750959949e-02
3.262674769604700931e-02
3.101210639065065874e-02
2.926841733205215804e-02
2.740266686079612102e-02
2.542239984149043466e-02
2.333568846229203478e-02
2.115109820638516602e-02
1.887765062750104000e-02
1.652478338366039634e-02
1.410230781105223548e-02
1.162036371821273048e-02
9.089372886330005993e-03
6.519990055692835573e-03
3.923052780648068547e-03
1.309530030532181323e-03
-1.309530030591955340e-03
-3.923052782485575256e-03
-6.519990057288320602e-03
-9.089372883750352489e-03
-1.162036371579326481e-02
-1.410230781140334351e-02
-1.652478338569391206e-02
-1.887765061912464667e-02
-2.115109820302969387e-02
-2.333568847154231587e-02
-2.542239983651029683e-02
-2.740266687546951546e-02
-2.926841732365798726e-02
-3.101210638792133503e-02
-3.262674769940976383e-02
-3.410594101801948247e-02
-3.544389656948598172e-02
-3.663545601991084061e-02
-3.767610911830197168e-02
-3.856200827567614342e-02
-3.928997838907447721e-02
-3.985752340815905403e-02
-4.026282962086809303e-02
-4.050476550893383071e-02
-4.058287855707363306e-02
-4.049738820807496920e-02
-4.024917753279708826e-02
-3.983977988323791214e-02
-3.927136457290466426e-02
-3.854671972376984279e-02
-3.766923285413512068e-02
-3.664286953204291819e-02
-3.547215023993192939e-02
-3.416212588044999221e-02
-3.271835158702111890e-02
-3.114685979871548854e-02
-2.945413209592191717e-02
-2.764707058413393495e-02
-2.573296830469884097e-02
-2.371947959174490125e-02
-2.161458986854739028e-02
-1.942658541013474877e-02
-1.716402285953030210e-02
-1.483569894985238211e-02
-1.245062007805700262e-02
-1.001797207593294742e-02
-7.547090048255614136e-03
-5.047428337246237517e-03
-2.528530605323676787e-03
-9.764279993182112718e-18
0.000000000000000000e+00
1.812014257086121518e-03
3.616981657446817055e-03
5.407879655458839099e-03
7.177734268708690565e-03
8.919644286442107023e-03
1.062680541434840066e-02
1.229253423006583176e-02
1.391029201597100348e-02
1.547370831376896488e-02
1.697660432808739683e-02
1.841301595048979584e-02
1.977721624802203718e-02
2.106373775776854834e-02
2.226739408784746480e-02
2.338330116300935124e-02
2.440689675225612629e-02
2.533396115587455144e-02
2.616063497674367064e-02
2.688343716604812278e-02
2.749928135244436578e-02
2.800549117993074433e-02
2.839981436769900905e-02
2.868043518595327426e-02
2.884598549775436657e-02
2.889555410044176292e-02
2.882869456447217926e-02
2.864543023875447750e-02
2.834625918385285173e-02
2.793215523891519336e-02
2.740456801584023952e-02
2.676542055888074534e-02
2.601710471244545950e-02
2.516247442108516391e-02
2.420483679690607973e-02
2.314794074592348497e-02
2.199596368549973022e-02
2.075349600635394490e-02
1.942552309376395156e-02
1.801740561527558071e-02
1.653485776615215216e-02
1.498392338494596021e-02
1.337095056811433633e-02
1.170256427875335063e-02
9.985637672424545197e-03
8.227261978911675280e-03
6.434715027325373440e-03
4.615428840691245330e-03
2.776956267416390810e-03
9.269369912170101131e-04
-9.269369919646375505e-04
-2.776956255691353202e-03
-4.615428823565887774e-03
-6.434715028014653670e-03
-8.227261978906625500e-03
-9.985637673224622216e-03
-1.170256427377468558e-02
-1.337095056848686299e-02
-1.498392340654671265e-02
-1.653485777246470681e-02
-1.801740561053652087e-02
-1.942552308876915185e-02
-2.075349600829323390e-02
-2.199596368825842627e-02
-2.314794076007904364e-02
-2.420483678347472994e-02
-2.516247444994370447e-02
-2.601710471833833943e-02
-2.676542055105843310e-02
-2.740456801458413666e-02
-2.793215523469109660e-02
-2.834625919222644869e-02
-2.864543024178186834e-02
-2.882869456780344161e-02
-2.889555408688809085e-02
-2.884598551061738972e-02
-2.868043519201760733e-02
-2.839981436026037948e-02
-2.800549119284257218e-02
-2.749928135269633436e-02
-2.688343718586858055e-02
-2.616063498512508426e-02
-2.533396115204396282e-02
-2.440689676614638329e-02
-2.338330117333526845e-02
-2.226739409685014187e-02
-2.106373774587138800e-02
-1.977721623810265936e-02
-1.841301595409493286e-02
-1.697660434452330849e-02
-1.547370831157116218e-02
-1.391029199938706787e-02
-1.229253422688181101e-02
-1.062680541017678969e-02
-8.919644286442023756e-03
-7.177734265655173924e-03
-5.407879655521872012e-03
-3.616981658313850063e-03
-1.812014257085914652e-03
-6.997443156362575999e-18
0.000000000000000000e+00
1.083882243600640949e-03
2.163480827507727883e-03
3.234528037684064605e-03
4.292787994409972066e-03
5.334072473393571337e-03
6.354256591715261825e-03
7.349294305179964772e-03
8.315233717479993819e-03
9.248232093445234517e-03
1.014457059528807610e-02
1.100066863259955077e-02
1.181309781782479383e-02
1.257859551265272727e-02
1.329407775653711730e-02
1.395665178083999383e-02
1.456362783561648312e-02
1.511253035759666137e-02
1.560110846680032477e-02
1.602734571167270528e-02
1.638946894136901131e-02
1.668595642185836253e-02
1.691554492688256486e-02
1.707723600268467104e-02
1.717030116748930260e-02
1.719428607396148237e-02
1.714901365056482191e-02
1.703458605157000608e-02
1.685138564063965935e-02
1.660007456972550574e-02
1.628159345275110095e-02
1.589715863495834783e-02
1.544825839521737389e-02
1.493664789830464155e-02
1.436434293999043141e-02
1.373361257924437563e-02
1.304697053039940470e-02
1.230716546462045161e-02
1.151717019781352096e-02
1.068016982222087102e-02
9.799548806048783214e-03
8.878877071048837250e-03
7.921895370870495751e-03
6.932499562811896866e-03
5.914724309748615322e-03
4.872725966875779587e-03
3.810764949940204527e-03
2.733187541005901739e-03
1.644407243511316220e-03
5.488858380511479418e-04
-5.488858380510266196e-04
-1.644407243329213406e-03
-2.733187539958737214e-03
-3.810764952366808150e-03
-4.872725965424114410e-03
-5.914724311060579748e-03
-6.932499566472155594e-03
-7.921895368896635439e-03
-8.878877074579091463e-03
-9.799548807239722922e-03
-1.068016981703394375e-02
-1.151717019906135786e-02
-1.230716546528717349e-02
-1.304697053033571780e-02
-1.373361258375128263e-02
-1.436434294298654692e-02
-1.493664789424097722e-02
-1.544825839297393928e-02
-1.589715863677143570e-02
-1.628159345046417683e-02
-1.660007456931912595e-02
-1.685138563981357709e-02
-1.703458605808154391e-02
-1.714901363937902656e-02
-1.719428608209190232e-02
-1.717030117077604501e-02
-1.707723599978074394e-02
-1.691554492523414388e-02
-1.668595641176948488e-02
-1.638946894131550897e-02
-1.602734571195358476e-02
-1.560110846783771370e-02
-1.511253034806509313e-02
-1.456362783875503678e-02
-1.395665178637514083e-02
-1.329407775889464814e-02
-1.257859551175744689e-02
-1.181309782571201249e-02
-1.100066862908788932e-02
-1.014457059373826374e-02
-9.248232094790771046e-03
-8.315233714949840649e-03
-7.349294305295431436e-03
-6.354256592261027514e-03
-5.334072473393577409e-03
-4.292787994191649310e-03
-3.234528037704682227e-03
-2.163480829768357067e-03
-1.083882243711661517e-03
-4.185664931713335939e-18
0.000000000000000000e+00
3.582269787915789917e-04
7.150196570502262991e-04
1.068949379632895243e-03
1.418598756404312964e-03
1.762567250047955905e-03
2.099476692805448720e-03
2.427976725569699467e-03
2.746750134695846550e-03
3.054518073204606863e-03
3.350045119256947479e-03
3.632144204384740813e-03
3.899681337601338706e-03
4.151580143125533327e-03
4.386826179895403181e-03
4.604471027669298014e-03
4.803636134600723813e-03
4.983516363192609135e-03
5.143383314058506267e-03
5.282588311442594324e-03
5.400565096341922687e-03
5.496832195280623376e-03
5.570994960012985026e-03
5.622747290097544065e-03
5.651872955463116237e-03
5.658246613806665673e-03
5.641834444582454269e-03
5.602694399832598530e-03
5.540976129308748145e-03
5.456920496247227859e-03
5.350858667464099619e-03
5.223211018154986368e-03
5.074485459722990685e-03
4.905275516543378123e-03
4.716258017896976518e-03
4.508190448545782575e-03
4.281907960553463753e-03
4.038320044701690890e-03
3.778406900240297451e-03
3.503215497558921209e-03
3.213855352422396224e-03
2.911494036461352315e-03
2.597352459959615788e-03
2.272699859386325977e-03
1.938848637939436697e-03
1.597149006746737465e-03
1.248983440110096104e-03
8.957610096287372788e-04
5.389115929892069907e-04
1.798799954043325583e-04
-1.798799950732262137e-04
-5.389115930104208156e-04
-8.957610094832240116e-04
-1.248983440202245266e-03
-1.597149006889334120e-03
-1.938848638356577194e-03
-2.272699857214050597e-03
-2.597352461657122507e-03
-2.911494042329529353e-03
-3.213855350324870512e-03
-3.503215497145757348e-03
-3.778406900467503292e-03
-4.038320043873836612e-03
-4.281907962015355992e-03
-4.508190447513599555e-03
-4.716258016321239581e-03
-4.905275516631481258e-03
-5.074485457592706888e-03
-5.223211015965924069e-03
-5.350858664063615731e-03
-5.456920493989453162e-03
-5.540976127928477248e-03
-5.602694402100432021e-03
-5.641834444302055301e-03
-5.658246612962144172e-03
-5.651872954036331331e-03
-5.622747290845344324e-03
-5.570994961549651653e-03
-5.496832193542457341e-03
-5.400565097795434477e-03
-5.282588312220174581e-03
-5.143383314700239461e-03
-4.983516362211148562e-03
-4.803636134848460540e-03
-4.604471027923588526e-03
-4.386826178253939307e-03
-4.151580142233370248e-03
-3.899681337048196104e-03
-3.632144204508947882e-03
-3.350045120399811494e-03
-3.054518073016100534e-03
-2.746750136619792795e-03
-2.427976725739874539e-03
-2.099476692372227119e-03
-1.762567250047962844e-03
-1.418598756404681376e-03
-1.068949379447334692e-03
-7.150196572895031050e-04
-3.582269787936391385e-04
-1.383389281385934231e-18
0.000000000000000000e+00
-3.534659877453704313e-04
-7.055011884285012974e-04
-1.054680697318794184e-03
-1.399591347521066554e-03
-1.738837517001482662e-03
-2.071046855545244023e-03
-2.394875914378001135e-03
-2.709015647020879530e-03
-3.012196764480414273e-03
-3.303194912597859009e-03
-3.580835664737163412e-03
-3.843999287904177348e-03
-4.091625283243098023e-03
-4.322716670093942892e-03
-4.536344002403888166e-03
-4.731649076877732576e-03
-4.907848377428706589e-03
-5.064236174374988145e-03
-5.200187304481967629e-03
-5.315159614522722495e-03
-5.408696061737053133e-03
-5.480426463276753812e-03
-5.530068868937297946e-03
-5.557430599078313355e-03
-5.562408901627325340e-03
-5.544991242380860157e-03
-5.505255237795120965e-03
-5.443368240182918337e-03
-5.359586469753393687e-03
-5.254253984210124385e-03
-5.127801111338034686e-03
-4.980742623501649424e-03
-4.813675599672652579e-03
-4.627276918807579978e-03
-4.422300472217676089e-03
-4.199574090224213706e-03
-3.959996148954347470e-03
-3.704531931008035479e-03
-3.434209743776534419e-03
-3.150116780864786574e-03
-2.853394747507250091e-03
-2.545235312911299161e-03
-2.226875364818604267e-03
-1.899592089225960682e-03
-1.564697902026947370e-03
-1.223535252197680912e-03
-8.774713150479581010e-04
-5.278925928021376392e-04
-1.761994430950267459e-04
1.761994430949773334e-04
5.278925928505349063e-04
8.774713149588560896e-04
1.223535251943583171e-03
1.564697901879929121e-03
1.899592091558489817e-03
2.226875365925296696e-03
2.545235312062155489e-03
2.853394746251440833e-03
3.150116780447147127e-03
3.434209742148731492e-03
3.704531925104355156e-03
3.959996149702738402e-03
4.199574090778340762e-03
4.422300471598134344e-03
4.627276914816831274e-03
4.813675599898142345e-03
4.980742624323212728e-03
5.127801109265287330e-03
5.254253985192657017e-03
5.359586469735612771e-03
5.443368240182926143e-03
5.505255237410460779e-03
5.544991241559955181e-03
5.562408900148968841e-03
5.557430597921107947e-03
5.530068867307229470e-03
5.480426463411900914e-03
5.408696061405469414e-03
5.315159615479372185e-03
5.200187304385333123e-03
5.064236174267713712e-03
4.907848376214786132e-03
4.731649076687141110e-03
4.536344002760541241e-03
4.322716670167203734e-03
4.091625282858234007e-03
3.843999286900172310e-03
3.580835663547810976e-03
3.303194913120673006e-03
3.012196765717987685e-03
2.709015648054185783e-03
2.394875914455394956e-03
2.071046855587798958e-03
1.738837517001489384e-03
1.399591347636959960e-03
1.054680697143284404e-03
7.055011883004880290e-04
3.534659877453632214e-04
1.365013483076198198e-18
0.000000000000000000e+00
-1.041651150353956707e-03
-2.079044837518782569e-03
-3.107941761560662104e-03
-4.124138863979669341e-03
-5.123487226166290910e-03
-6.101909690498547208e-03
-7.055418146636307196e-03
-7.980130364114598057e-03
-8.872286318001293762e-03
-9.728263918626404994e-03
-1.054459407010877384e-02
-1.131797500324710319e-02
-1.204528579365576196e-02
-1.272359904923609820e-02
-1.335019264866153799e-02
-1.392256058587996830e-02
-1.443842274220670172e-02
-1.489573368772114000e-02
-1.529269038569759306e-02
-1.562773884370051089e-02
-1.589957965035441664e-02
-1.610717238028426535e-02
-1.624973894379432016e-02
-1.632676575555971205e-02
-1.633800483532078796e-02
-1.628347382346828631e-02
-1.616345487631202366e-02
-1.597849252768277634e-02
-1.572939052385022990e-02
-1.541720763884530006e-02
-1.504325251725691266e-02
-1.460907755760030603e-02
-1.411647195752921934e-02
-1.356745383579708968e-02
-1.296426155652741392e-02
-1.230934427561143803e-02
-1.160535171780328022e-02
-1.085512340346218504e-02
-1.006167706981512221e-02
-9.228196571780099972e-03
-8.358019289097318519e-03
-7.454622939563397728e-03
-6.521612027602707862e-03
-5.562703862338553434e-03
-4.581714210047676920e-03
-3.582542667473464278e-03
-2.569157767883762950e-03
-1.545581878290120618e-03
-5.158759357522834429e-04
5.158759363379453872e-04
1.545581878437138866e-03
2.569157767287234481e-03
3.582542665126804953e-03
4.581714211645204586e-03
5.562703864750336014e-03
6.521612029605928368e-03
7.454622940015068547e-03
8.358019287827546037e-03
9.228196574096299287e-03
1.006167707110611036e-02
1.085512340452999061e-02
1.160535171641824230e-02
1.230934427292804806e-02
1.296426154845777348e-02
1.356745383677258540e-02
1.411647195618942301e-02
1.460907755233895738e-02
1.504325251379065240e-02
1.541720764348112130e-02
1.572939052564912080e-02
1.597849252553728422e-02
1.616345487219205887e-02
1.628347382131082113e-02
1.633800483024288805e-02
1.632676575341503178e-02
1.624973894573564573e-02
1.610717238044798161e-02
1.589957964945604499e-02
1.562773884454277465e-02
1.529269038451396868e-02
1.489573368654840101e-02
1.443842274137858463e-02
1.392256058989449832e-02
1.335019264745231603e-02
1.272359904732598898e-02
1.204528579387122156e-02
1.131797500348248782e-02
1.054459407136762103e-02
9.728263919063213569e-03
8.872286317558323449e-03
7.980130363616317821e-03
7.055418146810354604e-03
6.101909690778193306e-03
5.123487226166358564e-03
4.124138864724985476e-03
3.107941761538256416e-03
2.079044837226235766e-03
1.041651150354065344e-03
4.022670555849932232e-18
0.000000000000000000e+00
-1.698186546663749174e-03
-3.389368487408341360e-03
-5.066572152603109058e-03
-6.722885580278650276e-03
-8.351488940058351268e-03
-9.945684462152387315e-03
-1.149892568502920362e-02
-1.300484588334793225e-02
-1.445728554626206537e-02
-1.585031869363076953e-02
-1.717827805261258264e-02
-1.843577862845369522e-02
-1.961774019423901186e-02
-2.071940781345019827e-02
-2.173637097206266786e-02
-2.266458082156602716e-02
-2.350036572069890903e-02
-2.424044492040602558e-02
-2.488194032773302644e-02
-2.542238642244374139e-02
-2.585973827548349382e-02
-2.619237767384476750e-02
-2.641911702970179548e-02
-2.653920211460385203e-02
-2.655231225138176415e-02
-2.645855905139665731e-02
-2.625848332898372828e-02
-2.595305026430527739e-02
-2.554364307988043689e-02
-2.503205484081673024e-02
-2.442047922525533363e-02
-2.371149926194953197e-02
-2.290807525698430186e-02
-2.201353112635716369e-02
-2.103153966804287983e-02
-1.996610664120671702e-02
-1.882155388963027004e-02
-1.760250139196227817e-02
-1.631384861406899589e-02
-1.496075487468635085e-02
-1.354861910472649443e-02
-1.208305885573415610e-02
-1.056988888685755218e-02
-9.015099054384231869e-03
-7.424831871712504056e-03
-5.805359657887530431e-03
-4.163061353433611389e-03
-2.504399096047778706e-03
-8.358946072934084898e-04
8.358946072931115268e-04
2.504399096435065697e-03
4.163061350018264391e-03
5.805359655750541061e-03
7.424831872649953826e-03
9.015099056359762719e-03
1.056988889178613056e-02
1.208305885404315633e-02
1.354861910157925502e-02
1.496075487795232688e-02
1.631384862038062766e-02
1.760250139020869478e-02
1.882155384404484919e-02
1.996610663828177548e-02
2.103153967001273467e-02
2.201353112899218437e-02
2.290807525818063309e-02
2.371149926652981257e-02
2.442047922386735362e-02
2.503205484475212392e-02
2.554364308260389724e-02
2.595305027470071538e-02
2.625848332922147560e-02
2.645855905461558244e-02
2.655231224364105330e-02
2.653920211457279701e-02
2.641911702519792945e-02
2.619237767476203377e-02
2.585973826428784525e-02
2.542238643841612800e-02
2.488194033101566796e-02
2.424044491673627705e-02
2.350036572260985959e-02
2.266458082006731975e-02
2.173637097223021439e-02
2.071940781829811548e-02
1.961774019230900709e-02
1.843577863603038797e-02
1.717827805922651427e-02
1.585031870056727646e-02
1.445728554769681873e-02
1.300484588548351562e-02
1.149892568352862098e-02
9.945684460943515770e-03
8.351488940058472699e-03
6.722885580005722762e-03
5.066572152458922312e-03
3.389368487851365883e-03
1.698186546663956039e-03
6.558134070727551746e-18
0.000000000000000000e+00
-2.315902791086881223e-03
-4.622163901059732349e-03
-6.909185764906787194e-03
-9.167458784804353306e-03
-1.138760464011625423e-02
-1.356041878820273168e-02
-1.567691193024494875e-02
-1.772835015602045039e-02
-1.970629357325417649e-02
-2.160263321378954812e-02
-2.340962597439638637e-02
-2.511992747560268247e-02
-2.672662262103613767e-02
-2.822325377491253021e-02
-2.960384642413348491e-02
-3.086293222213092741e-02
-3.199556937482203600e-02
-3.299736023217454683e-02
-3.386446627567365336e-02
-3.459362007980888026e-02
-3.518213481187353747e-02
-3.562791094710990314e-02
-3.592944014265286173e-02
-3.608580656726999292e-02
-3.609668596188836398e-02
-3.596234162667279188e-02
-3.568361885129397310e-02
-3.526193644591469473e-02
-3.469927627974418727e-02
-3.399817092746706959e-02
-3.316168934509129002e-02
-3.219342063362909401e-02
-3.109745629595439195e-02
-2.987837061429506405e-02
-2.854120012471573695e-02
-2.709142121887274032e-02
-2.553492686142619372e-02
-2.387800213796168608e-02
-2.212729869240941810e-02
-2.028980844214360937e-02
-1.837283641234624051e-02
-1.638397287242078157e-02
-1.433106482632215059e-02
-1.222218704199720500e-02
-1.006561252803412840e-02
-7.869782693525702658e-03
-5.643277146996755408e-03
-3.394783246219766105e-03
-1.133065452893068040e-03
1.133065452893213757e-03
3.394783246167910450e-03
5.643277146668857977e-03
7.869782692964226445e-03
1.006561252758876937e-02
1.222218703997006786e-02
1.433106483077272765e-02
1.638397287467873928e-02
1.837283641472242310e-02
2.028980844099706818e-02
2.212729869151563653e-02
2.387800213752976422e-02
2.553492686570371650e-02
2.709142122081433998e-02
2.854120012069181686e-02
2.987837062748774711e-02
3.109745629729969776e-02
3.219342063488210559e-02
3.316168934681550107e-02
3.399817092836028565e-02
3.469927627140902832e-02
3.526193644804408861e-02
3.568361884611487289e-02
3.596234163417098145e-02
3.609668594243948397e-02
3.608580657297735111e-02
3.592944013314662566e-02
3.562791095584172396e-02
3.518213481284569732e-02
3.459362008141734363e-02
3.386446627163012396e-02
3.299736023806503632e-02
3.199556938093289782e-02
3.086293223261627611e-02
2.960384642024594531e-02
2.822325377151047379e-02
2.672662261213384557e-02
2.511992747026060499e-02
2.340962597064747894e-02
2.160263321209443532e-02
1.970629357267830034e-02
1.772835015367442771e-02
1.567691193177846165e-02
1.356041879145168487e-02
1.138760464011625423e-02
9.167458781355684871e-03
6.909185764681977440e-03
4.622163900383990769e-03
2.315902791146236088e-03
8.943716356267005524e-18
0.000000000000000000e+00
-2.888259240773289986e-03
-5.764371399099700241e-03
-8.616247192264623114e-03
-1.143191254247693384e-02
-1.419956517154607849e-02
-1.690763006945262409e-02
-1.954481336468118918e-02
-2.210015434572952520e-02
-2.456307525367172964e-02
-2.692342853274876796e-02
-2.917154144158317502e-02
-3.129825740970369058e-02
-3.329497440255756169e-02
-3.515367981407838127e-02
-3.686698183146520230e-02
-3.842813727864403950e-02
-3.983107564562392289e-02
-4.107041960902357847e-02
-4.214150173269798350e-02
-4.304037753940934824e-02
-4.376383509506694830e-02
-4.430940066037901415e-02
-4.467534165080599279e-02
-4.486066565900399122e-02
-4.486511657166977751e-02
-4.468916768529888894e-02
-4.433401189569421974e-02
-4.380154928454086521e-02
-4.309437206788879066e-02
-4.221574729122240521e-02
-4.116959728370320204e-02
-3.996047809223268049e-02
-3.859355608647268426e-02
-3.707458278574221611e-02
-3.540986829880760078e-02
-3.360625320273451233e-02
-3.167107926579618149e-02
-2.961215892050263893e-02
-2.743774397910559229e-02
-2.515649313482595101e-02
-2.277743898608852041e-02
-2.030995417275627962e-02
-1.776371701293785743e-02
-1.514867663250245994e-02
-1.247501765672442454e-02
-9.753124528099565982e-03
-6.993545595265429279e-03
-4.206956869861025634e-03
-1.404125704666017152e-03
1.404125704929330828e-03
4.206956869744283081e-03
6.993545596328444407e-03
9.753124530136336040e-03
1.247501765145129365e-02
1.514867663038636618e-02
1.776371701075916618e-02
2.030995416913607479e-02
2.277743898636758191e-02
2.515649313356484867e-02
2.743774397680050908e-02
2.961215892202884864e-02
3.167107926521981615e-02
3.360625319922810189e-02
3.540986828626067201e-02
3.707458277930554547e-02
3.859355609035360068e-02
3.996047810917809778e-02
4.116959728456911355e-02
4.221574729729835052e-02
4.309437205668342069e-02
4.380154928454042806e-02
4.433401189578652091e-02
4.468916768778753712e-02
4.486511656902802264e-02
4.486066566114852577e-02
4.467534165096132687e-02
4.430940065270534689e-02
4.376383510151208439e-02
4.304037754425606849e-02
4.214150173489165929e-02
4.107041960866139596e-02
3.983107564568298675e-02
3.842813728354250308e-02
3.686698184279869894e-02
3.515367981375935869e-02
3.329497440196485525e-02
3.129825740700254572e-02
2.917154144026164880e-02
2.692342853168502165e-02
2.456307525319214105e-02
2.210015434503719359e-02
1.954481336523037835e-02
1.690763006862708653e-02
1.419956517154618778e-02
1.143191253948334409e-02
8.616247192244901043e-03
5.764371398610690367e-03
2.888259240689619502e-03
1.115416193861614336e-17
0.000000000000000000e+00
-3.409074298221418265e-03
-6.803641424597583684e-03
-1.016926646694575782e-02
-1.349165846050004794e-02
-1.675674096560328744e-02
-1.995072098347761697e-02
-2.306015569594476941e-02
-2.607201656127453027e-02
-2.897375032450279914e-02
-3.175333651089782411e-02
-3.439934111048022214e-02
-3.690096614344397230e-02
-3.924809482194004800e-02
-4.143133222815596067e-02
-4.344204109240467487e-02
-4.527237330986517982e-02
-4.691529603651346803e-02
-4.836461350423012368e-02
-4.961498397962173235e-02
-5.066193208817593857e-02
-5.150185683770112932e-02
-5.213203524390629812e-02
-5.255062190702949887e-02
-5.275664477209127123e-02
-5.274999718388825171e-02
-5.253142654688761071e-02
-5.210251976819151726e-02
-5.146568589472851757e-02
-5.062413582872610229e-02
-4.958185972722647938e-02
-4.834360216732425108e-02
-4.691483505078196392e-02
-4.530172886474395644e-02
-4.351112227273682548e-02
-4.155049002761207477e-02
-3.942790973731876564e-02
-3.715202744328328227e-02
-3.473202203667153515e-02
-3.217756883672561602e-02
-2.949880245097545595e-02
-2.670627869898201459e-02
-2.381093624674097617e-02
-2.082405740898984545e-02
-1.775722875415203586e-02
-1.462230118525046849e-02
-1.143134979491879435e-02
-8.196633398240039947e-03
-4.930553937617756718e-03
-1.645615677742332970e-03
1.645615677607552545e-03
4.930553937646979003e-03
8.196633398155642181e-03
1.143134979213482512e-02
1.462230118587659264e-02
1.775722875321231881e-02
2.082405740686857007e-02
2.381093624554301777e-02
2.670627870631672729e-02
2.949880244642804836e-02
3.217756884708875692e-02
3.473202202991057530e-02
3.715202744973487847e-02
3.942790974264444998e-02
4.155049002714022305e-02
4.351112228600872295e-02
4.530172886560579482e-02
4.691483505109913382e-02
4.834360216580232961e-02
4.958185973841663929e-02
5.062413582231777009e-02
5.146568589775465247e-02
5.210251976588562567e-02
5.253142654641125564e-02
5.274999717269709953e-02
5.275664476161613659e-02
5.255062189245626736e-02
5.213203523842506459e-02
5.150185684155837718e-02
5.066193209530146790e-02
4.961498397406318567e-02
4.836461351028619599e-02
4.691529603689117978e-02
4.527237330810501836e-02
4.344204108544517245e-02
4.143133223278745725e-02
3.924809482349601170e-02
3.690096613964846672e-02
3.439934110826884522e-02
3.175333650955138032e-02
2.897375032620844171e-02
2.607201656484456689e-02
2.306015569757492376e-02
1.995072098399228167e-02
1.675674096560345050e-02
1.349165846002156957e-02
1.016926646594276500e-02
6.803641425566251538e-03
3.409074298200020017e-03
1.316560613069143399e-17
0.000000000000000000e+00
-3.872322120082974037e-03
-7.727928202856049027e-03
-1.155019017665257115e-02
-1.532265511355949614e-02
-1.902913084488007389e-02
-2.265376927378640395e-02
-2.618114667060019926e-02
-2.959634030705538682e-02
-3.288500086390385574e-02
-3.603342002580643688e-02
-3.902859294430927745e-02
-4.185827503715513348e-02
-4.451103320717954281e-02
-4.697629067577078349e-02
-4.924436606874572214e-02
-5.130650618082814585e-02
-5.315491277346790638e-02
-5.478276336998224444e-02
-5.618422628821293646e-02
-5.735447016167569134e-02
-5.828966820841471191e-02
-5.898699750053686824e-02
-5.944463368461113534e-02
-5.966174128831057411e-02
-5.963846021900087030e-02
-5.937588869036772993e-02
-5.887606258665449566e-02
-5.814193239148380404e-02
-5.717733704487754781e-02
-5.598697575029464718e-02
-5.457637753079363357e-02
-5.295186912164406845e-02
-5.112054107289811661e-02
-4.909021260904260914e-02
-4.686939505707397174e-02
-4.446725437691164545e-02
-4.189357259886514889e-02
-3.915870845288211416e-02
-3.627355726966553784e-02
-3.324951019744873393e-02
-3.009841287310833363e-02
-2.683252354755851984e-02
-2.346447082114915678e-02
-2.000721092219834990e-02
-1.647398470547570618e-02
-1.287827433387532354e-02
-9.233759724340481062e-03
-5.554274812362169390e-03
-1.853763637679445948e-03
1.853763637679350755e-03
5.554274811603449914e-03
9.233759725503856014e-03
1.287827433247968820e-02
1.647398470589487088e-02
2.000721092102026449e-02
2.346447082091738384e-02
2.683252354956461999e-02
3.009841287305431087e-02
3.324951020239611671e-02
3.627355727130488622e-02
3.915870845361044822e-02
4.189357260339077876e-02
4.446725437811769460e-02
4.686939505816937329e-02
4.909021260975601070e-02
5.112054108371573424e-02
5.295186912182941325e-02
5.457637753338957093e-02
5.598697574482688205e-02
5.717733704449858706e-02
5.814193239033964983e-02
5.887606258841550366e-02
5.937588868353353699e-02
5.963846021761446542e-02
5.966174128977842078e-02
5.944463368328076203e-02
5.898699750358548516e-02
5.828966820969883056e-02
5.735447016138381371e-02
5.618422628426144455e-02
5.478276337245905486e-02
5.315491277471152964e-02
5.130650618070240615e-02
4.924436606654786913e-02
4.697629067654032764e-02
4.451103320526818286e-02
4.185827503740286587e-02
3.902859294145215319e-02
3.603342002567971880e-02
3.288500086447028459e-02
2.959634030797488394e-02
2.618114666855496028e-02
2.265376927332635529e-02
1.902913084506686892e-02
1.532265511372715196e-02
1.155019017678007506e-02
7.727928203084144347e-03
3.872322120167439458e-03
1.495479031015000355e-17
0.000000000000000000e+00
-4.271993068570905869e-03
-8.525210124972726691e-03
-1.274098079001730402e-02
-1.690084485350593427e-02
-2.098665466854147260e-02
-2.498067427240496102e-02
-2.886567450135876442e-02
-3.262502294093398009e-02
-3.624276814562896187e-02
-3.970371740669771665e-02
-4.299350749545190198e-02
-4.609866769831112016e-02
-4.900667596632405504e-02
-5.170600628125036208e-02
-5.418616855176928981e-02
-5.643774118078122293e-02
-5.845239490286127659e-02
-6.022291037037952321e-02
-6.174318832930299206e-02
-6.300825357772719959e-02
-6.401425231759874657e-02
-6.475844452340211166e-02
-6.523919127966991416e-02
-6.545593690589245062e-02
-6.540918853652326337e-02
-6.510049089159383739e-02
-6.453239862820578376e-02
-6.370844610003591202e-02
-6.263311509240719610e-02
-6.131180020139448406e-02
-5.975077327458299531e-02
-5.795714624485231309e-02
-5.593883295287915836e-02
-5.370451009691885880e-02
-5.126357737792475860e-02
-4.862611700169693074e-02
-4.580285255486307022e-02
-4.280510746842416253e-02
-3.964476276009385597e-02
-3.633421455500415731e-02
-3.288633100617014554e-02
-2.931440886693575942e-02
-2.563212962902868333e-02
-2.185351526754083021e-02
-1.799288369315813624e-02
-1.406480376083374222e-02
-1.008405011685701430e-02
-6.065557708316748203e-03
-2.024376138543235084e-03
2.024376138462610775e-03
6.065557708411257673e-03
1.008405011693289978e-02
1.406480376095649819e-02
1.799288369285089936e-02
2.185351526859203794e-02
2.563212962649046717e-02
2.931440886650772334e-02
3.288633100631059569e-02
3.633421455319742199e-02
3.964476276266427207e-02
4.280510746812034306e-02
4.580285255575475972e-02
4.862611699790310438e-02
5.126357737708377160e-02
5.370451009828701439e-02
5.593883295147516338e-02
5.795714624486034833e-02
5.975077327345381523e-02
6.131180019977017226e-02
6.263311508969127139e-02
6.370844610003667530e-02
6.453239862914253444e-02
6.510049089241842779e-02
6.540918854227086021e-02
6.545593690490107697e-02
6.523919127851088295e-02
6.475844452294171605e-02
6.401425231709437225e-02
6.300825357694746220e-02
6.174318832148546071e-02
6.022291036491967536e-02
5.845239489886569495e-02
5.643774118361798847e-02
5.418616855160467843e-02
5.170600628075108784e-02
4.900667596528446995e-02
4.609866770141446413e-02
4.299350749507321184e-02
3.970371740575211195e-02
3.624276815120395373e-02
3.262502294205728987e-02
2.886567449908012187e-02
2.498067427169949062e-02
2.098665466854133382e-02
1.690084485384957605e-02
1.274098079033466994e-02
8.525210125144642992e-03
4.271993068570912808e-03
1.649852373715190644e-17
0.000000000000000000e+00
-4.602020702410902081e-03
-9.183342357005864695e-03
-1.372339214123321702e-02
-1.820184823511262345e-02
-2.259876155809679293e-02
-2.689467305506025585e-02
-3.107072536844665556e-02
-3.510876754640077091e-02
-3.899145182886648575e-02
-4.270232172776418367e-02
-4.622589058918327026e-02
-4.954771036173576115e-02
-5.265443017031234268e-02
-5.553384452729225734e-02
-5.817493154433946850e-02
-6.056788126960521712e-02
-6.270411446697551905e-02
-6.457629254858344992e-02
-6.617831920764610798e-02
-6.750533477284388628e-02
-6.855370330359375486e-02
-6.932099419044081279e-02
-6.980595847770666718e-02
-7.000850075765570335e-02
-6.992964775985799353e-02
-6.957151335601982622e-02
-6.893726223080470783e-02
-6.803107115789747139e-02
-6.685808923114675006e-02
-6.542439726247292753e-02
-6.373696665686522100e-02
-6.180361793538000081e-02
-5.963297909093229210e-02
-5.723444398377795089e-02
-5.461813063124087986e-02
-5.179483956871758915e-02
-4.877601209831303186e-02
-4.557368849614368278e-02
-4.220046601699646571e-02
-3.866945665471620275e-02
-3.499424458654795678e-02
-3.118884321290197464e-02
-2.726765177741817883e-02
-2.324541149653997982e-02
-1.913716120481521316e-02
-1.495819254115761214e-02
-1.072400465765280773e-02
-6.450258568544475768e-03
-2.152731140518939108e-03
2.152731140515610174e-03
6.450258568463240402e-03
1.072400465690656092e-02
1.495819254107074413e-02
1.913716120711861715e-02
2.324541149678891611e-02
2.726765177877097865e-02
3.118884321202065185e-02
3.499424458519493492e-02
3.866945665474118277e-02
4.220046601626297605e-02
4.557368849819277978e-02
4.877601210015548860e-02
5.179483956950308582e-02
5.461813063115607964e-02
5.723444397831115721e-02
5.963297908779007644e-02
6.180361793472274184e-02
6.373696666051735515e-02
6.542439726480836493e-02
6.685808922842410851e-02
6.803107114822019852e-02
6.893726222557527983e-02
6.957151336215104676e-02
6.992964775921832465e-02
7.000850075400857908e-02
6.980595848402963710e-02
6.932099418984186134e-02
6.855370330233570564e-02
6.750533477322968878e-02
6.617831920656395972e-02
6.457629255753524755e-02
6.270411447416586459e-02
6.056788127005431621e-02
5.817493154649421711e-02
5.553384453232004803e-02
5.265443017886487637e-02
4.954771036111335625e-02
4.622589058793009908e-02
4.270232172708455370e-02
3.899145182946923971e-02
3.510876754142185086e-02
3.107072537503012891e-02
2.689467305254766502e-02
2.259876155809690049e-02
1.820184822935523236e-02
1.372339214066944750e-02
9.183342357028043135e-03
4.602020702411912557e-03
1.777340268028086101e-17
0.000000000000000000e+00
-4.856284380322464268e-03
-9.690059528844309489e-03
-1.447896740860826238e-02
-1.920095023140723153e-02
-2.383439541888296778e-02
-2.835827442688275760e-02
-3.275227375606439700e-02
-3.699691644227866977e-02
-4.107367284743071445e-02
-4.496505936469269438e-02
-4.865472465858499546e-02
-5.212752257507076437e-02
-5.536957120802280669e-02
-5.836829946653698115e-02
-6.111247976919241542e-02
-6.359224841751953683e-02
-6.579911418460464290e-02
-6.772595637849358752e-02
-6.936701336425604714e-02
-7.071785935305284487e-02
-7.177538065793308275e-02
-7.253773880033725918e-02
-7.300433222374408393e-02
-7.317575300368979463e-02
-7.305374346462843727e-02
-7.264114554452741346e-02
-7.194185495523564011e-02
-7.096077183181401238e-02
-6.970375308469314857e-02
-6.817756474583057391e-02
-6.638983580465393497e-02
-6.434901301003759233e-02
-6.206431722603301254e-02
-5.954570082627629740e-02
-5.680380602773462545e-02
-5.384992469368184848e-02
-5.069595835022233654e-02
-4.735437881740613142e-02
-4.383818915248477444e-02
-4.016088443103748434e-02
-3.633641241553263457e-02
-3.237913324312621799e-02
-2.830377968416127044e-02
-2.412541530357474942e-02
-1.985939275861415068e-02
-1.552131089019380926e-02
-1.112697124982628925e-02
-6.692333776305022831e-03
-2.233472044980294030e-03
2.233472044979924534e-03
6.692333776543963643e-03
1.112697124518007008e-02
1.552131089497157945e-02
1.985939275266019807e-02
2.412541530452122496e-02
2.830377968327228710e-02
3.237913323795840737e-02
3.633641240658251614e-02
4.016088443034492722e-02
4.383818916041175989e-02
4.735437882115696440e-02
5.069595834146749941e-02
5.384992469498627726e-02
5.680380602963137904e-02
5.954570081884532490e-02
6.206431721500060839e-02
6.434901301079443137e-02
6.638983579877549834e-02
6.817756476565245416e-02
6.970375308959084193e-02
7.096077183181347114e-02
7.194185496814828329e-02
7.264114554203300600e-02
7.305374346941428954e-02
7.317575300609863165e-02
7.300433222679247880e-02
7.253773880225497517e-02
7.177538065398222922e-02
7.071785935329323591e-02
6.936701335901369891e-02
6.772595637029307780e-02
6.579911418255467159e-02
6.359224842614906448e-02
6.111247980440819710e-02
5.836829946245507272e-02
5.536957118875135420e-02
5.212752257011225160e-02
4.865472464314298667e-02
4.496505936616455867e-02
4.107367284316036649e-02
3.699691645697047310e-02
3.275227375508365374e-02
2.835827443722162625e-02
2.383439541888264165e-02
1.920095023497675815e-02
1.447896739976943514e-02
9.690059530323825651e-03
4.856284379316301233e-03
1.875582206733979388e-17
0.000000000000000000e+00
-5.028703758569550743e-03
-1.003316106907825925e-02
-1.498930778954550222e-02
-1.987344129157534930e-02
-2.466239421277418437e-02
-2.933369962909989151e-02
-3.386574540166169267e-02
-3.823791565125696928e-02
-4.243071727371349605e-02
-4.642589061766712322e-02
-5.020650264577394134e-02
-5.375702252886840199e-02
-5.706337906350721079e-02
-6.011300245640176926e-02
-6.289484478672649481e-02
-6.539938939653798522e-02
-6.761864236467884925e-02
-6.954611245626068916e-02
-7.117677839753455693e-02
-7.250704736051122312e-02
-7.353470499141794015e-02
-7.425885983936016121e-02
-7.467988279784164296e-02
-7.479934449856866230e-02
-7.461995132890515692e-02
-7.414548156965894421e-02
-7.338072274131528239e-02
-7.233141108934981744e-02
-7.100417395714375690e-02
-6.940647508076208672e-02
-6.754656358445695896e-02
-6.543342629942044963e-02
-6.307674342881318397e-02
-6.048684729008993455e-02
-5.767468375369740746e-02
-5.465177578772698053e-02
-5.143018888903252983e-02
-4.802249751896681129e-02
-4.444175228102626579e-02
-4.070144721330581222e-02
-3.681548682708132153e-02
-3.279815236437771953e-02
-2.866406723456658978e-02
-2.442816111636176082e-02
-2.010563285627807451e-02
-1.571191187305660472e-02
-1.126261838545351487e-02
-6.773522368375957912e-03
-2.260501514784606265e-03
2.260501514619822714e-03
6.773522365258567018e-03
1.126261838691416418e-02
1.571191187693673011e-02
2.010563284971132042e-02
2.442816111910145124e-02
2.866406723111192267e-02
3.279815236312774718e-02
3.681548682663591393e-02
4.070144721856868569e-02
4.444175227972607667e-02
4.802249752124882615e-02
5.143018888475398009e-02
5.465177579279668213e-02
5.767468375462732333e-02
6.048684728567488983e-02
6.307674342151663172e-02
6.543342629132536947e-02
6.754656358254977622e-02
6.940647508075296901e-02
7.100417395902432205e-02
7.233141110185679901e-02
7.338072273888408825e-02
7.414548156448969030e-02
7.461995132093050820e-02
7.479934450695070736e-02
7.467988280830636927e-02
7.425885983224896070e-02
7.353470496294571557e-02
7.250704735825309888e-02
7.117677842237749020e-02
6.954611244491297473e-02
6.761864239928795650e-02
6.539938941753310753e-02
6.289484477304647936e-02
6.011300247834407834e-02
5.706337905680418376e-02
5.375702211335284947e-02
5.020650263552661058e-02
4.642589061446530246e-02
4.243071726046500347e-02
3.823791564734651399e-02
3.386574539647895649e-02
2.933369964844621813e-02
2.466239421277478458e-02
1.987344129136344242e-02
1.498930778527074979e-02
1.003316107823180349e-02
5.028703758566957331e-03
1.942234261866809668e-17
0.000000000000000000e+00
-5.113449601553586403e-03
-1.020092721495842285e-02
-1.523668278202987628e-02
-2.019540603293601758e-02
-2.505243653202911605e-02
-2.978396210758785245e-02
-3.436720224239132176e-02
-3.878057390701946522e-02
-4.300383635001985005e-02
-4.701821818782974532e-02
-5.080651012420962787e-02
-5.435315072716274953e-02
-5.764427236426863249e-02
-6.066773466360665668e-02
-6.341312826904176025e-02
-6.587176551322231066e-02
-6.803664892677903364e-02
-6.990242155842506244e-02
-7.146530615259086283e-02
-7.272303471680605091e-02
-7.367476689150270763e-02
-7.432100481087866584e-02
-7.466350382373036776e-02
-7.470518296621912746e-02
-7.445003648749694281e-02
-7.390304859000779159e-02
-7.307011242363528614e-02
-7.195795464092388793e-02
-7.057406672807814418e-02
-6.892664272396824277e-02
-6.702452337189572507e-02
-6.487714754936706185e-02
-6.249450919148916844e-02
-5.988712126385738882e-02
-5.706598206424624148e-02
-5.404254769105275302e-02
-5.082870651644552651e-02
-4.743675578416509803e-02
-4.387937932463574497e-02
-4.016962560062768001e-02
-3.632088547260273192e-02
-3.234686827988130647e-02
-2.826157673780683652e-02
-2.407927983487855375e-02
-1.981448345684798037e-02
-1.548189850960743352e-02
-1.109640726028745215e-02
-6.673027480124197122e-03
-2.226875000261294580e-03
2.226875000825784441e-03
6.673027479321324597e-03
1.109640725519872584e-02
1.548189851382979557e-02
1.981448345575627032e-02
2.407927984331757060e-02
2.826157673314454860e-02
3.234686828550163706e-02
3.632088547160516878e-02
4.016962565040636118e-02
4.387937931083368825e-02
4.743675578311323804e-02
5.082870652606436696e-02
5.404254771293631743e-02
5.706598204418603104e-02
5.988712124691604466e-02
6.249450918002895372e-02
6.487714752314696631e-02
6.702452335345200629e-02
6.892664274618982845e-02
7.057406671821737920e-02
7.195795464092345772e-02
7.307011244253634741e-02
7.390304862561611343e-02
7.445003645675733750e-02
7.470518294778974444e-02
7.466350383376704758e-02
7.432100480823920774e-02
7.367476689268541434e-02
7.272303468091780021e-02
7.146530616332866237e-02
6.990242157395372413e-02
6.803664892228755701e-02
6.587176551291415438e-02
6.341312826702046046e-02
6.066773461635646680e-02
5.764427233741461348e-02
5.435315070427206713e-02
5.080651065979251840e-02
4.701821816496024042e-02
4.300383637345801813e-02
3.878057391220800232e-02
3.436720223986114431e-02
2.978396210709482322e-02
2.505243653202906401e-02
2.019540600962636476e-02
1.523668277970991608e-02
1.020092721241266237e-02
5.113449607609502588e-03
1.975050796231582387e-17
0.000000000000000000e+00
-5.105308082311814724e-03
-1.018283972978550021e-02
-1.520509224631081194e-02
-2.014510419747227860e-02
-2.497671157868144171e-02
-2.967479233939443115e-02
-3.421548088652690001e-02
-3.857637182222475175e-02
-4.273668290690782468e-02
-4.667739641035022896e-02
-5.038136383579783911e-02
-5.383338549352598146e-02
-5.702025089568392435e-02
-5.993075421865030894e-02
-6.255567473205481122e-02
-6.488773828370933416e-02
-6.692155042308282897e-02
-6.865351085979630452e-02
-7.008171253779285625e-02
-7.120582759247527649e-02
-7.202698582973533770e-02
-7.254764706851983547e-02
-7.277147558040920894e-02
-7.270321220518001504e-02
-7.234855538084887516e-02
-7.171404629261803054e-02
-7.080696812499842618e-02
-6.963524672015183881e-02
-6.820737471979020083e-02
-6.653233677768226328e-02
-6.461954992201214554e-02
-6.247882156079290900e-02
-6.012030190446183975e-02
-5.755446030351721309e-02
-5.479206342408701053e-02
-5.184416040238919859e-02
-4.872206604807200608e-02
-4.543736224459770517e-02
-4.200188601375121761e-02
-3.842772426333228297e-02
-3.472720805895493368e-02
-3.091290293748085241e-02
-2.699759812007222065e-02
-2.299429152778220686e-02
-1.891617188557724941e-02
-1.477659661785547460e-02
-1.058906695351281325e-02
-6.367199365499925934e-03
-2.124694716843101260e-03
2.124694717652299020e-03
6.367199367555522946e-03
1.058906695381801703e-02
1.477659661874369465e-02
1.891617188703271363e-02
2.299429153541004620e-02
2.699759811877811347e-02
3.091290287080187410e-02
3.472720807196909981e-02
3.842772426615852221e-02
4.200188601608816769e-02
4.543736231554774962e-02
4.872206605951853731e-02
5.184416040475775533e-02
5.479206349136135634e-02
5.755446031564696169e-02
6.012030190872508228e-02
6.247882160375781840e-02
6.461954991905148604e-02
6.653233680767826896e-02
6.820737473123607286e-02
6.963524672015161676e-02
7.080696810817088682e-02
7.171404623891695918e-02
7.234855538361928406e-02
7.270321222455104759e-02
7.277147557831895042e-02
7.254764704383860618e-02
7.202698581946585799e-02
7.120582766038506539e-02
7.008171253097397746e-02
6.865351085016703492e-02
6.692155038981789650e-02
6.488773826708614523e-02
6.255567464339421846e-02
5.993075425172305487e-02
5.702025088858674040e-02
5.383338550639898967e-02
5.038136381218930038e-02
4.667739640116985028e-02
4.273668290773371264e-02
3.857637207534644896e-02
3.421548087262538118e-02
2.967479233643697048e-02
2.497671157868225356e-02
2.014510417907617798e-02
1.520509213507787935e-02
1.018283972711038661e-02
5.105308078732206760e-03
1.972025554171737815e-17
0.000000000000000000e+00
-5.000246612194567467e-03
-9.970703186498725348e-03
-1.488192097275813433e-02
-1.970512613857467593e-02
-2.441253883010915254e-02
-2.897766886313886750e-02
-3.337558584215176427e-02
-3.758315370239069531e-02
-4.157922879434360064e-02
-4.534481689399198073e-02
-4.886318781453739130e-02
-5.211994859079194936e-02
-5.510306801069524141e-02
-5.780287107263418211e-02
-6.021198664401932604e-02
-6.232526421127775745e-02
-6.413966112621492799e-02
-6.565410569478316583e-02
-6.686933978906837994e-02
-6.778774869757403509e-02
-6.841318225383603846e-02
-6.875077684202496320e-02
-6.880677003155340199e-02
-6.858833175804693316e-02
-6.810340190661587356e-02
-6.736053788689574939e-02
-6.636878432959356089e-02
-6.513755433375134629e-02
-6.367653328107923671e-02
-6.199559628277057088e-02
-6.010474827576881007e-02
-5.801407741668090229e-02
-5.573372608365337322e-02
-5.327387377293641563e-02
-5.064473204735073231e-02
-4.785654810322234609e-02
-4.491961468389688017e-02
-4.184428656985909878e-02
-3.864099494382832595e-02
-3.532026539418042094e-02
-3.189273311321250137e-02
-2.836915456472827515e-02
-2.476041538519014804e-02
-2.107753298347957507e-02
-1.733165380997420471e-02
-1.353404505127258489e-02
-9.696081009768806047e-03
-5.829224719252540377e-03
-1.945005649863022854e-03
1.945005649417283922e-03
5.829224707767321351e-03
9.696080994897517819e-03
1.353404505405375775e-02
1.733165380915384704e-02
2.107753297541060944e-02
2.476041537720973310e-02
2.836915456831992297e-02
3.189273312557245471e-02
3.532026540539143222e-02
3.864099493761132681e-02
4.184428661881536143e-02
4.491961468572077537e-02
4.785654801947508696e-02
5.064473204964251019e-02
5.327387383433612733e-02
5.573372614419395965e-02
5.801407750873443375e-02
6.010474830532092777e-02
6.199559629832702978e-02
6.367653309192149169e-02
6.513755433375090220e-02
6.636878444295504775e-02
6.736053790862349400e-02
6.810340190274136174e-02
6.858833188719180851e-02
6.880676997771377479e-02
6.875077680082869458e-02
6.841318228477652474e-02
6.778774885482467816e-02
6.686933979708604980e-02
6.565410570878774110e-02
6.413966122528909353e-02
6.232526414174627272e-02
6.021198667677175181e-02
5.780287104782882990e-02
5.510306802516704017e-02
5.211994855192144532e-02
4.886318781144674550e-02
4.534481687971345792e-02
4.157922880006274802e-02
3.758315371458482990e-02
3.337558589099694217e-02
2.897766880699594733e-02
2.441253883010985337e-02
1.970512614848583116e-02
1.488192096844874468e-02
9.970703185600459512e-03
5.000246612195191100e-03
1.931610732137099934e-17
0.000000000000000000e+00
-4.796247477251494411e-03
-9.560296835033493118e-03
-1.426038121577880707e-02
-1.886558578644061818e-02
-2.334624815926637786e-02
-2.767432833532128614e-02
-3.182374102260313031e-02
-3.577064156274529366e-02
-3.949366121282806702e-02
-4.297408751829621260e-02
-4.619598671842065074e-02
-4.914626767863251172e-02
-5.181469083064966369e-02
-5.419382162835462841e-02
-5.627893332932884518e-02
-5.806787097976931489e-02
-5.956086718911400568e-02
-6.076033977657131768e-02
-6.167065581267698604e-02
-6.229788761339771774e-02
-6.264955743050061587e-02
-6.273438314723790710e-02
-6.256203118997220869e-02
-6.214287971553229817e-02
-6.148780236011371775e-02
-6.060797064599907080e-02
-5.951468413894051707e-02
-5.821922408564372126e-02
-5.673273674691813040e-02
-5.506614322530711120e-02
-5.323007505175229859e-02
-5.123483616927650836e-02
-4.909038425147956713e-02
-4.680633297972965068e-02
-4.439197730696979594e-02
-4.185631185102561130e-02
-3.920808001720445940e-02
-3.645581876068344079e-02
-3.360790062460402433e-02
-3.067259125049509247e-02
-2.765808781819745904e-02
-2.457256074909345417e-02
-2.142418696715262319e-02
-1.822117566552223719e-02
-1.497178647499365460e-02
-1.168433798626351307e-02
-8.367209808504822571e-03
-5.028836972247332192e-03
-1.677698476593251229e-03
1.677698476594886856e-03
5.028836975680716845e-03
8.367209800767775457e-03
1.168433796319383149e-02
1.497178644456759536e-02
1.822117569529033143e-02
2.142418694446618713e-02
2.457256073064137750e-02
2.765808784352108418e-02
3.067259118431560350e-02
3.360790065563995510e-02
3.645581883772354426e-02
3.920808000261005732e-02
4.185631187658876706e-02
4.439197730999713126e-02
4.680633300871495789e-02
4.909038429503451845e-02
5.123483610797516935e-02
5.323007497203244287e-02
5.506614313451859560e-02
5.673273674653438875e-02
5.821922408564611517e-02
5.951468412901785715e-02
6.060797061133153807e-02
6.148780231649925848e-02
6.214287963952015714e-02
6.256203124579980124e-02
6.273438314299942253e-02
6.264955746495770583e-02
6.229788755036033687e-02
6.167065577241517826e-02
6.076033976379570378e-02
5.956086730349792469e-02
5.806787085025741368e-02
5.627893327383927391e-02
5.419382135848369031e-02
5.181469075002595459e-02
4.914626773483635191e-02
4.619598667785448920e-02
4.297408755649523293e-02
3.949366121525482720e-02
3.577064151969938655e-02
3.182374090980910619e-02
2.767432824533542016e-02
2.334624815926577765e-02
1.886558581283352687e-02
1.426038119423956620e-02
9.560296831040246412e-03
4.796247481121769171e-03
1.853039641584363512e-17
0.000000000000000000e+00
-4.494492860459101645e-03
-8.953725295226895933e-03
-1.334298819927301830e-02
-1.762866066373649024e-02
-2.177871863711133837e-02
-2.576320338813926220e-02
-2.955463608492732430e-02
-3.312837218404710016e-02
-3.646288417190662184e-02
-3.953997250725142798e-02
-4.234489459910006914e-02
-4.486642235155750141e-02
-4.709681161230706153e-02
-4.903171816187402304e-02
-5.067003182672255579e-02
-5.201366007286718773e-02
-5.306726245219259980e-02
-5.383794580929284618e-02
-5.433493271690911092e-02
-5.456921301645584893e-02
-5.455318777816374476e-02
-5.430031871020742779e-02
-5.382478964707481522e-02
-5.314118989269091264e-02
-5.226422363032973140e-02
-5.120845403643021349e-02
-4.998808288025759217e-02
-4.861677073947304889e-02
-4.710749561763493548e-02
-4.547245146353021128e-02
-4.372298455115547489e-02
-4.186956481588292173e-02
-3.992178734922573191e-02
-3.788840258119584997e-02
-3.577736590793435811e-02
-3.359590774090492893e-02
-3.135061279418825675e-02
-2.904750826061074445e-02
-2.669215489582602019e-02
-2.428973580155896830e-02
-2.184514128123736521e-02
-1.936304602921585030e-02
-1.684797579867848907e-02
-1.430436380451734560e-02
-1.173659463976992751e-02
-9.149036253970477608e-03
-6.546060646652764568e-03
-3.932054595593158924e-03
-1.311421700929660998e-03
1.311421699971457647e-03
3.932054593219177704e-03
6.546060639464693250e-03
9.149036236628407120e-03
1.173659464213131116e-02
1.430436381387460883e-02
1.684797580306193407e-02
1.936304600729666855e-02
2.184514131308843560e-02
2.428973580203434846e-02
2.669215494195279620e-02
2.904750826307951964e-02
3.135061277573954891e-02
3.359590772168091766e-02
3.577736584591723057e-02
3.788840254019610471e-02
3.992178733218362807e-02
4.186956479984956653e-02
4.372298452230241605e-02
4.547245149119470004e-02
4.710749560831947735e-02
4.861677073947435340e-02
4.998808284750614478e-02
5.120845402592466566e-02
5.226422360759844926e-02
5.314118998756698492e-02
5.382478968915171968e-02
5.430031861030194112e-02
5.455318785112617946e-02
5.456921312656436845e-02
5.433493269164759581e-02
5.383794577110847385e-02
5.306726246862707164e-02
5.201366003425348522e-02
5.067003189747920633e-02
4.903171824307421545e-02
4.709681158523067179e-02
4.486642239465921805e-02
4.234489459183089083e-02
3.953997241473609231e-02
3.646288416695766393e-02
3.312837213470297415e-02
2.955463618725304858e-02
2.576320340319889282e-02
2.177871863711090469e-02
1.762866067404560491e-02
1.334298822951030493e-02
8.953725298140433400e-03
4.494492860466335442e-03
1.736785318439519320e-17
0.000000000000000000e+00
-4.101012884585730420e-03
-8.162687695057223650e-03
-1.214639813568589924e-02
-1.601492052081231188e-02
-1.973309569113942258e-02
-2.326841088902169286e-02
-2.659154264309637056e-02
-2.967679095130854386e-02
-3.250242958237386376e-02
-3.505095140411645938e-02
-3.730921181249650942e-02
-3.926846473920071745e-02
-4.092429904990915746e-02
-4.227647789120558136e-02
-4.332868839246365594e-02
-4.408823592878611392e-02
-4.456563594751618979e-02
-4.477419959632469165e-02
-4.472955071172728114e-02
-4.444916188054564427e-02
-4.395185182475175312e-02
-4.325730898459165946e-02
-4.238563517614221676e-02
-4.135692056234285124e-02
-4.019086054250031737e-02
-3.890642165840416805e-02
-3.752155941419409169e-02
-3.605299337906125307e-02
-3.451603716870676325e-02
-3.292448463274089132e-02
-3.129055060013855027e-02
-2.962485341417236268e-02
-2.793644760882864689e-02
-2.623288883773866251e-02
-2.452033004107435563e-02
-2.280364058377366138e-02
-2.108654025517961786e-02
-1.937174438880165037e-02
-1.766110889753954097e-02
-1.595577519642238720e-02
-1.425630710014889717e-02
-1.256281308240910291e-02
-1.087506587618546246e-02
-9.192585005926554031e-03
-7.514722113657740926e-03
-5.840719665292694492e-03
-4.169756594314778970e-03
-2.500977804342732324e-03
-8.335131223377067241e-04
8.335131313170750797e-04
2.500977804898195985e-03
4.169756598561027289e-03
5.840719660750771230e-03
7.514722097000729219e-03
9.192585017872468775e-03
1.087506586509606049e-02
1.256281305874149858e-02
1.425630710001609888e-02
1.595577523205382250e-02
1.766110888650323715e-02
1.937174439147695479e-02
2.108654035630515983e-02
2.280364052495174182e-02
2.452033010175567670e-02
2.623288880710786600e-02
2.793644767897223227e-02
2.962485348559702400e-02
3.129055056889838010e-02
3.292448468938286715e-02
3.451603717682257683e-02
3.605299337905821383e-02
3.752155945267662135e-02
3.890642165826257298e-02
4.019086049993565724e-02
4.135692058325556031e-02
4.238563518881554443e-02
4.325730896482755244e-02
4.395185184200278705e-02
4.444916223670602323e-02
4.472955075285123261e-02
4.477419960088176165e-02
4.456563594694785968e-02
4.408823589840094037e-02
4.332868834286403292e-02
4.227647787971126891e-02
4.092429908170636815e-02
3.926846477048465123e-02
3.730921178880686195e-02
3.505095147014631457e-02
3.250242960285343319e-02
2.967679088727782910e-02
2.659154263212787708e-02
2.326841091702855011e-02
1.973309569113898543e-02
1.601492053105247476e-02
1.214639813578609687e-02
8.162687687949504722e-03
4.101012884587969948e-03
1.585198268087379562e-17
0.000000000000000000e+00
-3.628915469847586103e-03
-7.212901744068892299e-03
-1.070795671700584470e-02
-1.407190602289533875e-02
-1.726525116136778948e-02
-2.025194166931936282e-02
-2.300005049799451473e-02
-2.548233468318678030e-02
-2.767666822554716924e-02
-2.956633796602608361e-02
-3.114019844482485144e-02
-3.239268570916379458e-02
-3.332369524011348505e-02
-3.393833302270112678e-02
-3.424655174271538927e-02
-3.426268869004149564e-02
-3.400492340515422901e-02
-3.349467279342811799e-02
-3.275594695443212467e-02
-3.181468495536937668e-02
-3.069808843361436848e-02
-2.943397410726293975e-02
-2.805016059070277248e-02
-2.657390452123317356e-02
-2.503139259690963583e-02
-2.344731672424413618e-02
-2.184449935912975704e-02
-2.024362065357382043e-02
-1.866301115472615221e-02
-1.711852640131397013e-02
-1.562348835237411734e-02
-1.418869657399592435e-02
-1.282249523776356898e-02
-1.153089344767307609e-02
-1.031770317349727829e-02
-9.184755244830714038e-03
-8.132083087916948047e-03
-7.158148800991479335e-03
-6.260059926621355277e-03
-5.433786996405742115e-03
-4.674366272461660983e-03
-3.976086901891890367e-03
-3.332658322285799671e-03
-2.737353667692492536e-03
-2.183130569664170142e-03
-1.662727336892255974e-03
-1.168737377225575200e-03
-6.936637895030112145e-04
-2.299573651086187745e-04
2.299573653810231338e-04
6.936637921372964741e-04
1.168737392575232075e-03
1.662727353854662714e-03
2.183130555134922546e-03
2.737353692954767014e-03
3.332658318948131856e-03
3.976086899455799108e-03
4.674366251170101322e-03
5.433787003017881770e-03
6.260059944643979468e-03
7.158148766005579741e-03
8.132083079718606736e-03
9.184754893343810220e-03
1.031770348347322598e-02
1.153089344369497525e-02
1.282249509447665192e-02
1.418869657629726229e-02
1.562348842819601298e-02
1.711852628012398153e-02
1.866301115292017671e-02
2.024362065357599230e-02
2.184449932735100380e-02
2.344731670070802909e-02
2.503139258420373700e-02
2.657390471737681309e-02
2.805016051862378040e-02
2.943397415867961622e-02
3.069808841573486158e-02
3.181468500586743381e-02
3.275594691695160598e-02
3.349467274118576865e-02
3.400492347526936493e-02
3.426268877062590285e-02
3.424655169074818789e-02
3.393833306278355028e-02
3.332369522141579582e-02
3.239268570176213891e-02
3.114019848279454133e-02
2.956633800098744033e-02
2.767666823386332603e-02
2.548233472938869065e-02
2.300005046881956408e-02
2.025194166176932584e-02
1.726525116136871235e-02
1.407190605542560369e-02
1.070795678575140429e-02
7.212901735898213755e-03
3.628915469849636113e-03
1.403369311338083767e-17
0.000000000000000000e+00
-3.101360359652415542e-03
-6.150005492083786100e-03
-9.094436159489507551e-03
-1.188554924437298585e-02
-1.447774615026517150e-02
-1.682993865435268577e-02
-1.890642255252098988e-02
-2.067759664150821061e-02
-2.212050772232380252e-02
-2.321921238583402394e-02
-2.396494642591702126e-02
-2.435610771273085881e-02
-2.439805591013214855e-02
-2.410274026988451154e-02
-2.348818406610283030e-02
-2.257783078698056070e-02
-2.139979081965964064e-02
-1.998601092831421913e-02
-1.837139202453443032e-02
-1.659288509691069641e-02
-1.468859382514232231e-02
-1.269690552394227984e-02
-1.065567339320241599e-02
-8.601469125201901406e-03
-6.568923292824499841e-03
-4.590156682423050111e-03
-2.694322752164628187e-03
-9.072535143518956112e-04
7.487885997124830301e-04
2.255251657038494575e-03
3.597341461442198681e-03
4.763978925074727200e-03
5.747681320690677283e-03
6.544377971599952930e-03
7.153174266223164164e-03
7.576077072746901890e-03
7.817694465918928470e-03
7.884921527869136887e-03
7.786626263045564982e-03
7.533341208763618194e-03
7.136974558910540167e-03
6.610542787536075049e-03
5.967932396774632692e-03
5.223694109855091250e-03
4.392869055793352344e-03
3.490847933128943086e-03
2.533260390025661793e-03
1.535891668459082524e-03
5.146213389710471318e-04
-5.146213383625061364e-04
-1.535891656889575452e-03
-2.533260379150117404e-03
-3.490847938200432755e-03
-4.392869066283801999e-03
-5.223694083999728260e-03
-5.967932388357711886e-03
-6.610542785032986167e-03
-7.136974671848111788e-03
-7.533341229834208778e-03
-7.786626183129602245e-03
-7.884921537403066089e-03
-7.817694433866326578e-03
-7.576077038367554431e-03
-7.153174270785663848e-03
-6.544378025850685308e-03
-5.747681215370086492e-03
-4.763978773176848376e-03
-3.597341309046134597e-03
-2.255251686270507219e-03
-7.487885365723790992e-04
9.072535143545015996e-04
2.694322846419815176e-03
4.590156263544961646e-03
6.568923264019876224e-03
8.601468777128673179e-03
1.065567339248923474e-02
1.269690552011880705e-02
1.468859384294148203e-02
1.659288486431439655e-02
1.837139220837241682e-02
1.998601105606205575e-02
2.139979075282158472e-02
2.257783057473167904e-02
2.348818425723291428e-02
2.410274035225241918e-02
2.439805571988996197e-02
2.435610790750709909e-02
2.396494639190132128e-02
2.321921240937143555e-02
2.212050772555668524e-02
2.067759663594271463e-02
1.890642269973269105e-02
1.682993864338995157e-02
1.447774615026652979e-02
1.188554926744684985e-02
9.094436159488041710e-03
6.150005492079007804e-03
3.101360361029768201e-03
1.200280306131688153e-17
0.000000000000000000e+00
-2.555412704270958353e-03
-5.047204116577409631e-03
-7.413356957882025720e-03
-9.595012544690747353e-03
-1.153792916833885907e-02
-1.319380027051362397e-02
-1.452139385929719292e-02
-1.548748247664872776e-02
-1.606753925109721468e-02
-1.624618321459736156e-02
-1.601737123051533498e-02
-1.538433464368535106e-02
-1.435927284591448708e-02
-1.296282284119074438e-02
-1.122332855787671821e-02
-9.175940257965090746e-03
-6.861577986669402211e-03
-4.325798907954837673e-03
-1.617602120985203945e-03
1.211791700519283680e-03
4.110141518867547333e-03
7.025347282118021147e-03
9.906535765179625558e-03
1.270504198118922387e-02
1.537527534702331188e-02
1.787545312822579058e-02
2.016818668710780582e-02
2.222092626450535707e-02
2.400625997116847751e-02
2.550207120281019688e-02
2.669156917525428857e-02
2.756320124258766421e-02
2.811046367849721200e-02
2.833162860892289581e-02
2.822940090856303902e-02
2.781052829096031589e-02
2.708537794551428221e-02
2.606749884662331804e-02
2.477318355394894298e-02
2.322104256071564829e-02
2.143160465959415353e-02
1.942694811989251896e-02
1.723037298486175539e-02
1.486611693203951021e-02
1.235911491704146450e-02
9.734803861425422519e-03
7.018967857666226322e-03
4.237620260503368978e-03
1.416915708759860842e-03
-1.416915706160621225e-03
-4.237620267966105136e-03
-7.018967856411587568e-03
-9.734803885414002739e-03
-1.235911493654094639e-02
-1.486611692248136427e-02
-1.723037298761545544e-02
-1.942694808073057097e-02
-2.143160472530314734e-02
-2.322104264080382743e-02
-2.477318356565673049e-02
-2.606749878473280449e-02
-2.708537792944834890e-02
-2.781052831806081829e-02
-2.822940090733234639e-02
-2.833162866446296141e-02
-2.811046366257069842e-02
-2.756320120619385611e-02
-2.669156923474378176e-02
-2.550207124832205505e-02
-2.400626006619004799e-02
-2.222092626450752895e-02
-2.016818653167789382e-02
-1.787545302563392849e-02
-1.537527547526976526e-02
-1.270504206898276887e-02
-9.906535985680491388e-03
-7.025347341388610452e-03
-4.110141681781315746e-03
-1.211791688601274565e-03
1.617601892958569912e-03
4.325799177696132078e-03
6.861577865558029544e-03
9.175940101625893949e-03
1.122332874582810183e-02
1.296282316161099547e-02
1.435927279819858467e-02
1.538433457119113210e-02
1.601737117885597070e-02
1.624618302357054567e-02
1.606753919781288634e-02
1.548748244472018462e-02
1.452139379622707262e-02
1.319380041749214014e-02
1.153792916833793619e-02
9.595012496597731672e-03
7.413356898999490588e-03
5.047204124115801417e-03
2.555412696446113848e-03
9.902952233496551661e-18
0.000000000000000000e+00
-2.046930577182736691e-03
-4.014968888593001967e-03
-5.827347118736401002e-03
-7.411479399794190272e-03
-8.700888811851497859e-03
-9.636944049500774725e-03
-1.017035521496258491e-02
-1.026238452403098640e-02
-9.885742275733225629e-03
-9.025147098847885463e-03
-7.677540825580750523e-03
-5.851964720528713380e-03
-3.569110978900795830e-03
-8.605751660029891661e-04
2.232155664719580150e-03
5.658938919569510458e-03
9.362383752154352853e-03
1.327938822950966782e-02
1.734274840070365933e-02
2.148279173431126218e-02
2.562898323494787467e-02
2.971146695054224449e-02
3.366249750128526286e-02
3.741773118700283951e-02
4.091735885674067930e-02
4.410704637650439408e-02
4.693868979637162708e-02
4.937097043148806069e-02
5.136971642595014598e-02
5.290807677333634468e-02
5.396652811694616775e-02
5.453272249387964427e-02
5.460120502102564638e-02
5.417302080175341594e-02
5.325523338895150893e-02
5.186038416136536100e-02
5.000590833389777223e-02
4.771353773844549950e-02
4.500870334056433775e-02
4.191996043265591720e-02
3.847844528671399283e-02
3.471738146380494439e-02
3.067163759633586770e-02
2.637734411054691586e-02
2.187157310633406487e-02
1.719207353534380270e-02
1.237706496125710355e-02
7.465078022570108100e-03
2.494835745302429950e-03
-2.494835745493185781e-03
-7.465078024114097863e-03
-1.237706495931061718e-02
-1.719207356466859876e-02
-2.187157306975251458e-02
-2.637734409286449089e-02
-3.067163757406411381e-02
-3.471738149622531633e-02
-3.847844529167131211e-02
-4.191996042985161181e-02
-4.500870333983812005e-02
-4.771353759512057813e-02
-5.000590830689739114e-02
-5.186038407139383077e-02
-5.325523338897757142e-02
-5.417302071026779131e-02
-5.460120504476415060e-02
-5.453272242619159466e-02
-5.396652842341766176e-02
-5.290807703332502110e-02
-5.136971624716611673e-02
-4.937097043148785253e-02
-4.693868983272482531e-02
-4.410704634856497247e-02
-4.091735898812826067e-02
-3.741773118730318259e-02
-3.366249749182690515e-02
-2.971146715838129948e-02
-2.562898320669029784e-02
-2.148279169770745192e-02
-1.734274843872167168e-02
-1.327938822025089179e-02
-9.362383606235131703e-03
-5.658938956269308172e-03
-2.232155787406620798e-03
8.605751786754427474e-04
3.569110998140869340e-03
5.851964632902930882e-03
7.677540665623519035e-03
9.025147142069480169e-03
9.885742368477189179e-03
1.026238442240991894e-02
1.017035518783390886e-02
9.636944080217462599e-03
8.700888811851987051e-03
7.411479417111152372e-03
5.827347113788235861e-03
4.014968919111494214e-03
2.046930572352311569e-03
7.950512760118671573e-18
0.000000000000000000e+00
-1.656537491296521288e-03
-3.212887649551550776e-03
-4.571685333195447606e-03
-5.641118640374799716e-03
-6.337483929645586732e-03
-6.587482507269098661e-03
-6.330192268151219222e-03
-5.518652841645788412e-03
-4.121029361296870905e-03
-2.121319035951049412e-03
4.803994681960453619e-04
3.668176369014349882e-03
7.410828389645838545e-03
1.166298092016901551e-02
1.636645204826541952e-02
2.145193566237623209e-02
2.684090491100615816e-02
3.244767960079966013e-02
3.818158545742170867e-02
4.394913009158163408e-02
4.965613873416208079e-02
5.520979602311710394e-02
6.052052648460008039e-02
6.550368828009639488e-02
7.008104457876924986e-02
7.418197637769048669e-02
7.774444683001074941e-02
8.071569946608839197e-02
8.305268819453491547e-02
8.472227546410267263e-02
8.570119289963337716e-02
8.597580945638172434e-02
8.554172121355303748e-02
8.440319597138332131e-02
8.257251893546566079e-02
8.006924717319620355e-02
7.691942270393951897e-02
7.315476882388961821e-02
6.881188909478500038e-02
6.393149933982275601e-02
5.855770783261814855e-02
5.273735798954136411e-02
4.651944390163821608e-02
3.995460688239760999e-02
3.309471187014582233e-02
2.599250228830496043e-02
1.870132902087217122e-02
1.127494324774556446e-02
3.767342850650488330e-03
-3.767342850942580201e-03
-1.127494327341299618e-02
-1.870132898220808193e-02
-2.599250230904046055e-02
-3.309471190325701667e-02
-3.995460686103764064e-02
-4.651944389989576267e-02
-5.273735798490350457e-02
-5.855770788166225066e-02
-6.393149931328384605e-02
-6.881188910409090365e-02
-7.315476886214519747e-02
-7.691942278063985949e-02
-8.006924709013238384e-02
-8.257251899436185427e-02
-8.440319600032562819e-02
-8.554172078589525330e-02
-8.597580948482629049e-02
-8.570119290345468155e-02
-8.472227548430177890e-02
-8.305268842185206668e-02
-8.071569934967699755e-02
-7.774444670950703129e-02
-7.418197647658331118e-02
-7.008104510775781115e-02
-6.550368995556553331e-02
-6.052052636398667917e-02
-5.520979603082681875e-02
-4.965613864828721802e-02
-4.394913011428055322e-02
-3.818158539501433080e-02
-3.244767961777075133e-02
-2.684090471778865020e-02
-2.145193572760582812e-02
-1.636645226836604128e-02
-1.166298040799682023e-02
-7.410828329616787370e-03
-3.668176354231992686e-03
-4.803996815516210816e-04
2.121318992860733374e-03
4.121029175905476828e-03
5.518652808146081931e-03
6.330192134998323394e-03
6.587482548809589326e-03
6.337483929646618025e-03
5.641118639622553360e-03
4.571685314608523072e-03
3.212887736861487833e-03
1.656537492885783213e-03
6.457698999671992205e-18
0.000000000000000000e+00
-1.496595176526940504e-03
-2.863498362653132696e-03
-3.974772897770333449e-03
-4.711872021410041904e-03
-4.967027465283562274e-03
-4.646301721221901028e-03
-3.672188223829993443e-03
-1.985698949452776099e-03
4.521212773420022184e-04
3.659290109045767146e-03
7.632601410909169680e-03
1.234794929870387803e-02
1.776122671826828661e-02
2.380975570463720117e-02
3.041417311347398289e-02
3.748070468659938509e-02
4.490372940615587616e-02
5.256854983364338957e-02
6.035426923332415372e-02
6.813668917076974585e-02
7.579113396321805751e-02
8.319514566178735915e-02
9.023095054621967093e-02
9.678766908945163339e-02
1.027632273209137526e-01
1.080659184001496465e-01
1.126156282258006097e-01
1.163447044443173539e-01
1.191984849124076845e-01
1.211354996796122629e-01
1.221273862673909333e-01
1.221585266352164245e-01
1.212254793892222904e-01
1.193362136443640725e-01
1.165092141567187767e-01
1.127724840372587300e-01
1.081624895723311552e-01
1.027230915807429423e-01
9.650448522352705893e-02
8.956218638174878732e-02
8.195608822808304883e-02
7.374959762365294880e-02
6.500887433602800525e-02
5.580217535696898462e-02
4.619930714623846774e-02
3.627118088146311786e-02
2.608946517537546680e-02
1.572632334056593001e-02
5.254220119400941809e-03
-5.254220119402869954e-03
-1.572632333800320220e-02
-2.608946515628415494e-02
-3.627118087515762007e-02
-4.619930717855015578e-02
-5.580217537387166526e-02
-6.500887428677758206e-02
-7.374959758247383312e-02
-8.195608843575030722e-02
-8.956218647633755470e-02
-9.650448463776491181e-02
-1.027230913600768319e-01
-1.081624894923487318e-01
-1.127724839504585241e-01
-1.165092142158199728e-01
-1.193362135567679477e-01
-1.212254792651841356e-01
-1.221585262024093566e-01
-1.221273863229383749e-01
-1.211354999687549727e-01
-1.191984839171986582e-01
-1.163447044443086664e-01
-1.126156281298497513e-01
-1.080659186018245871e-01
-1.027632280074007587e-01
-9.678766911493183467e-02
-9.023095059162987430e-02
-8.319514623747871485e-02
-7.579113414957650008e-02
-6.813668904147175687e-02
-6.035426922350291268e-02
-5.256854977648509758e-02
-4.490372912258505655e-02
-3.748070485390800344e-02
-3.041417298424636123e-02
-2.380975578821169919e-02
-1.776122677776049985e-02
-1.234794928491561063e-02
-7.632601416484165006e-03
-3.659290153258900734e-03
-4.521213063572798664e-04
1.985699082863396758e-03
3.672188069569833242e-03
4.646301754097653496e-03
4.967027465280686102e-03
4.711871948880628873e-03
3.974772866088901666e-03
2.863498334374864947e-03
1.496595176525684781e-03
5.859549554801055446e-18
0.000000000000000000e+00
-1.718780910414984984e-03
-3.267317090145944146e-03
-4.480364930025202384e-03
-5.202517609764379866e-03
-5.292716780597997960e-03
-4.628295047618354724e-03
-3.108423068069942393e-03
-6.568595285292038897e-04
2.776070640444645507e-03
7.212314249247713666e-03
1.264575760028538789e-02
1.904270786589491032e-02
2.634313937369378231e-02
3.446265729463542787e-02
4.329503274139950841e-02
5.271527435136213330e-02
6.258306380824713022e-02
7.274645168094751035e-02
8.304568495661110439e-02
9.331704432728950283e-02
1.033965783685079770e-01
1.131236328791798001e-01
1.223440893255508116e-01
1.309132417159205031e-01
1.386982597876895706e-01
1.455802043131016188e-01
1.514555773974907982e-01
1.562374076237546261e-01
1.598558843994224987e-01
1.622585688565704731e-01
1.634102195165472449e-01
1.632922784627882928e-01
1.619020704668372168e-01
1.592517700910394129e-01
1.553671933007537975e-01
1.502864693934240214e-01
1.440586460618432096e-01
1.367422765811659446e-01
1.284040323144793605e-01
1.191173782358682098e-01
1.089613412558396582e-01
9.801939481619555139e-02
8.637847534489731527e-02
7.412813905110060553e-02
6.135986076383377619e-02
4.816646980377460585e-02
3.464171239652814177e-02
2.087992476537917086e-02
6.975796833114037213e-03
-6.975796832925534353e-03
-2.087992476390662655e-02
-3.464171239407982938e-02
-4.816646980141376516e-02
-6.135986076567428310e-02
-7.412813906458201596e-02
-8.637847534308155939e-02
-9.801939481637970963e-02
-1.089613412591291242e-01
-1.191173782367319078e-01
-1.284040323176339482e-01
-1.367422765765365644e-01
-1.440586460665132240e-01
-1.502864694074285690e-01
-1.553671933019028506e-01
-1.592517700933639979e-01
-1.619020704737466620e-01
-1.632922784483298584e-01
-1.634102195136163393e-01
-1.622585688594573028e-01
-1.598558843997180401e-01
-1.562374076237543763e-01
-1.514555773885896961e-01
-1.455802043201477047e-01
-1.386982597833789910e-01
-1.309132417169718010e-01
-1.223440893235267779e-01
-1.131236328785665268e-01
-1.033965783689199530e-01
-9.331704432184181885e-02
-8.304568497861594678e-02
-7.274645168969713638e-02
-6.258306379300775102e-02
-5.271527437410405970e-02
-4.329503273872126884e-02
-3.446265729861765215e-02
-2.634313937281593243e-02
-1.904270787772659526e-02
-1.264575760792001347e-02
-7.212314246781652456e-03
-2.776070647586134296e-03
6.568595274506619031e-04
3.108423048193686370e-03
4.628295039870531508e-03
5.292716780597794130e-03
5.202517611036697187e-03
4.480364930007275752e-03
3.267317090801485305e-03
1.718780910402534223e-03
6.743251374205186259e-18
0.000000000000000000e+00
-2.521357764892739970e-03
-4.817249186245368096e-03
-6.668864922465251796e-03
-7.870486398547267559e-03
-8.235482651197723047e-03
-7.601674743511249201e-03
-5.835898673852348874e-03
-2.837630560392079369e-03
1.458424380622750380e-03
7.080836644705286627e-03
1.402106692788756062e-02
2.223416525241244876e-02
3.164049163718404833e-02
4.212835643318976753e-02
5.355748558643922547e-02
6.576308956729942645e-02
7.856047426281675961e-02
9.174995202939369154e-02
1.051219142520408573e-01
1.184618985614047798e-01
1.315555011608156022e-01
1.441930013211500106e-01
1.561735852109701617e-01
1.673090792369666402e-01
1.774271268753003228e-01
1.863737671661083173e-01
1.940153963459362030e-01
2.002401157451488278e-01
2.049584885035631576e-01
2.081037441925608911e-01
2.096314839050048007e-01
2.095189486306733018e-01
2.077639206681268502e-01
2.043833316646559428e-01
1.994116518019281303e-01
1.928991329349571404e-01
1.849099745689909702e-01
1.755204756847464354e-01
1.648172282356914209e-01
1.528953995740875704e-01
1.398571421282004401e-01
1.258101591025942156e-01
1.108664454545109090e-01
9.514121410757143960e-02
7.875200850729226210e-02
6.181799443464755517e-02
4.445941662371017539e-02
2.679719925702856234e-02
8.952664126485685575e-03
-8.952664126479997417e-03
-2.679719925704620448e-02
-4.445941662370724023e-02
-6.181799443634624497e-02
-7.875200850734491442e-02
-9.514121410760997821e-02
-1.108664454544930900e-01
-1.258101591024619603e-01
-1.398571421281383509e-01
-1.528953995744445904e-01
-1.648172282356681895e-01
-1.755204756846997505e-01
-1.849099745689922747e-01
-1.928991329349178108e-01
-1.994116518020682127e-01
-2.043833316647658271e-01
-2.077639206678013328e-01
-2.095189486305738535e-01
-2.096314839051429402e-01
-2.081037441925571996e-01
-2.049584885034710646e-01
-2.002401157436655976e-01
-1.940153963459088360e-01
-1.863737671667587414e-01
-1.774271268748773001e-01
-1.673090792375695190e-01
-1.561735852109710221e-01
-1.441930013208286010e-01
-1.315555011609636782e-01
-1.184618985610124686e-01
-1.051219142505656345e-01
-9.174995202989209842e-02
-7.856047426279319512e-02
-6.576308957239443420e-02
-5.355748558682078136e-02
-4.212835643318347395e-02
-3.164049163726249947e-02
-2.223416525223480614e-02
-1.402106692799771903e-02
-7.080836644930070360e-03
-1.458424380661474179e-03
2.837630560396683758e-03
5.835898669669229745e-03
7.601674741717040322e-03
8.235482651198096013e-03
7.870486396729875836e-03
6.668864923366751157e-03
4.817249189294076084e-03
2.521357765003814748e-03
9.876281102327664332e-18
0.000000000000000000e+00
-4.154381132970140500e-03
-8.008891796702407792e-03
-1.127250818600091832e-02
-1.367159943170490055e-02
-1.495788602382013173e-02
-1.491554809028017292e-02
-1.336725706375950680e-02
-1.017894946575061479e-02
-5.263212820558913103e-03
1.418790667131280625e-03
9.856880408888823997e-03
1.999285624351062121e-02
3.172285113531552597e-02
4.490090411773682566e-02
5.934358272757249420e-02
7.483545612122066704e-02
9.113520179635208052e-02
1.079821204317149286e-01
1.251028344466994235e-01
1.422179556796902000e-01
1.590485248931923223e-01
1.753220492737622149e-01
1.907779920747987301e-01
2.051725995284695570e-01
2.182829824893552373e-01
2.299104021044128254e-01
2.398827421987820285e-01
2.480561726271569845e-01
2.543160425354021870e-01
2.585770580317029999e-01
2.607828129002675577e-01
2.609047620780153842e-01
2.589407294193384890e-01
2.549130434489332298e-01
2.488664059914103832e-01
2.408655828958113920e-01
2.309930090365249766e-01
2.193463799338679909e-01
2.060363248686218896e-01
1.911841873146925552e-01
1.749199873311701736e-01
1.573805905191406895e-01
1.387081087165135118e-01
1.190485438968887089e-01
9.855067542825951543e-02
7.736518046416117345e-02
5.564396800927404185e-02
3.353969911499381923e-02
1.120545893105683380e-02
-1.120545893105741840e-02
-3.353969911541539867e-02
-5.564396800990849962e-02
-7.736518046414705974e-02
-9.855067542705824024e-02
-1.190485438986145367e-01
-1.387081087149496794e-01
-1.573805905210217959e-01
-1.749199873312246856e-01
-1.911841873147855086e-01
-2.060363248689248139e-01
-2.193463799340182596e-01
-2.309930090365686084e-01
-2.408655828799576293e-01
-2.488664059915308979e-01
-2.549130434489058628e-01
-2.589407294195006926e-01
-2.609047620798509159e-01
-2.607828129002206508e-01
-2.585770580312284905e-01
-2.543160425154608606e-01
-2.480561726271567902e-01
-2.398827421984675579e-01
-2.299104021044061086e-01
-2.182829824762532456e-01
-2.051725995542943992e-01
-1.907779920746534574e-01
-1.753220492738581937e-01
-1.590485248931907125e-01
-1.422179556795254984e-01
-1.251028344466564302e-01
-1.079821204315494360e-01
-9.113520179657565168e-02
-7.483545612113351453e-02
-5.934358272783348681e-02
-4.490090411781943319e-02
-3.172285113517896160e-02
-1.999285624362492214e-02
-9.856880408867212812e-03
-1.418790666821631834e-03
5.263212820781361899e-03
1.017894946578285290e-02
1.336725706391755052e-02
1.491554809026581288e-02
1.495788602382007795e-02
1.367159942687395414e-02
1.127250818706074069e-02
8.008891797173608995e-03
4.154381132849768038e-03
1.622656917992006814e-17
0.000000000000000000e+00
-6.919849558874187866e-03
-1.344078615768651286e-02
-1.917561871564114548e-02
-2.376019707106552872e-02
-2.686394288179788994e-02
-2.819924147505068618e-02
-2.752939275317965728e-02
-2.467488039920869361e-02
-1.951778862383092908e-02
-1.200427089797415081e-02
-2.145051729660049644e-03
9.985983296428246891e-03
2.425498558883233680e-02
4.047294582827819925e-02
5.840186825665166087e-02
7.776204803613664951e-02
9.824015966401272726e-02
1.194978551674861778e-01
1.411805736779904730e-01
1.629262787985702732e-01
1.843738648974709848e-01
2.051710062749508567e-01
2.249812635179838927e-01
2.434902866328305659e-01
2.604110504142067017e-01
2.754880100523675046e-01
2.885002000101001274e-01
2.992632735214280082e-01
3.076305434254509863e-01
3.134930894276674596e-01
3.167790517224675639e-01
3.174521995268306807e-01
3.155099176021751162e-01
3.109807312826967096e-01
3.039214987633691578e-01
2.944143940866302267e-01
2.825637948622714002e-01
2.684931780937105383e-01
2.523421148406113090e-01
2.342634380598852262e-01
2.144206440764973576e-01
1.929855707320916047e-01
1.701363807490952063e-01
1.460558625625794915e-01
1.209300474618006799e-01
9.494712849882984418e-02
6.829665505609371079e-02
4.116896690140447318e-02
1.375482337986063362e-02
-1.375482337937876214e-02
-4.116896690347316562e-02
-6.829665505381386781e-02
-9.494712850048064867e-02
-1.209300474673083020e-01
-1.460558625592435766e-01
-1.701363807455626986e-01
-1.929855707259198472e-01
-2.144206440659331692e-01
-2.342634380648192793e-01
-2.523421148361965072e-01
-2.684931780897469866e-01
-2.825637948526303900e-01
-2.944143940810965421e-01
-3.039214987649273558e-01
-3.109807312601107210e-01
-3.155099176327694210e-01
-3.174521995297838739e-01
-3.167790517370980274e-01
-3.134930894264797985e-01
-3.076305434239207659e-01
-2.992632735214275641e-01
-2.885002000003911715e-01
-2.754880103063733765e-01
-2.604110504161811779e-01
-2.434902866183603909e-01
-2.249812635197251665e-01
-2.051710062740122742e-01
-1.843738648930405011e-01
-1.629262787870920381e-01
-1.411805736833835478e-01
-1.194978551651237064e-01
-9.824015965693165542e-02
-7.776204805186175129e-02
-5.840186825734226123e-02
-4.047294581612054243e-02
-2.425498559455488423e-02
-9.985983303840722039e-03
2.145051735185368128e-03
1.200427089447252127e-02
1.951778861814295121e-02
2.467488039725249105e-02
2.752939275435041869e-02
2.819924147830832686e-02
2.686394288179772688e-02
2.376019707200983586e-02
1.917561871688289177e-02
1.344078615563652074e-02
6.919849558984197090e-03
2.696311428801299048e-17
0.000000000000000000e+00
-1.116212436049828990e-02
-2.179533573569380697e-02
-3.138618364208310696e-02
-3.945160476274563177e-02
-4.555279602388372789e-02
-4.930756863187312627e-02
-5.040078242711699963e-02
-4.859254254402849138e-02
-4.372393496538168334e-02
-3.572017917800436593e-02
-2.459117875471270379e-02
-1.042955023181676294e-02
6.593697968273334702e-03
2.623558592526650107e-02
4.818936700023795927e-02
7.209415542214357708e-02
9.754558607498187150e-02
1.241071056584036048e-01
1.513215000914470143e-01
1.787222876720845344e-01
2.058446333543982321e-01
2.322355073168335671e-01
2.574628200326308236e-01
2.811233813238118717e-01
3.028495353371403742e-01
3.223144109614742847e-01
3.392357699094729062e-01
3.533784853517714097e-01
3.645557237956349450e-01
3.726289385297776313e-01
3.775068089833674145e-01
3.791432784905566789e-01
3.775348536485977347e-01
3.727173347093262201e-01
3.647621412230880322e-01
3.537723921381830672e-01
3.398788866962524358e-01
3.232361171426955115e-01
3.040184270115967036e-01
2.824164084520157103e-01
2.586336094891574233e-01
2.328836239241735828e-01
2.053875460054317703e-01
1.763718730944518476e-01
1.460667992521306191e-01
1.147049010146076464e-01
8.252017697532701423e-02
4.974739401762796887e-02
1.662168281726121924e-02
-1.662168281688609917e-02
-4.974739401369857039e-02
-8.252017697447440459e-02
-1.147049010147494635e-01
-1.460667992421814387e-01
-1.763718730915741773e-01
-2.053875460148386345e-01
-2.328836239238754047e-01
-2.586336094937950469e-01
-2.824164084436862066e-01
-3.040184270180806836e-01
-3.232361171484591233e-01
-3.398788866961504063e-01
-3.537723921435156349e-01
-3.647621412170494182e-01
-3.727173347154534300e-01
-3.775348536485612083e-01
-3.791432785063891808e-01
-3.775068090372769580e-01
-3.726289385293552470e-01
-3.645557238036372105e-01
-3.533784853517722424e-01
-3.392357699127506176e-01
-3.223144109671940982e-01
-3.028495353643840260e-01
-2.811233813249326974e-01
-2.574628200364212915e-01
-2.322355073201438636e-01
-2.058446333490763780e-01
-1.787222876488959999e-01
-1.513215000910518859e-01
-1.241071056587061266e-01
-9.754558607564987882e-02
-7.209415541490436785e-02
-4.818936699837313847e-02
-2.623558591937017598e-02
-6.593697968885750202e-03
1.042955023149551644e-02
2.459117875407493617e-02
3.572017917823158001e-02
4.372393494881735010e-02
4.859254253631513365e-02
5.040078242361922117e-02
4.930756862895209480e-02
4.555279602388313115e-02
3.945160476523465465e-02
3.138618363877470480e-02
2.179533573974837962e-02
1.116212435984218106e-02
4.341896000253209648e-17
0.000000000000000000e+00
-1.724192498652288644e-02
-3.378710611177715428e-02
-4.895907022643180423e-02
-6.212117216084606791e-02
-7.269475736417069234e-02
-8.017531168387835583e-02
-8.414606932997728550e-02
-8.428866186574750230e-02
-8.039051808762233409e-02
-7.234885992276854361e-02
-6.017127795201059060e-02
-4.397300131288768565e-02
-2.397109824907472583e-02
-4.759473651701127917e-04
2.611959718759580829e-02
5.535286306472438772e-02
8.670532085159589342e-02
1.196173190159077609e-01
1.535030738468714240e-01
1.877654282380558648e-01
2.218099404911899331e-01
2.550579276321634503e-01
2.869581571275988119e-01
3.169969576714857240e-01
3.447065940550384511e-01
3.696718362929508062e-01
3.915346924097880543e-01
4.099973858611145050e-01
4.248236615540148531e-01
4.358385773095266313e-01
4.429269599909470556e-01
4.460307290780837208e-01
4.451453025588120727e-01
4.403153036668113751e-01
4.316297822510767879e-01
4.192171534756172213e-01
4.032400399071339181e-01
3.838901824276810260e-01
3.613835616225897773e-01
3.359558460768595767e-01
3.078582576337158261e-01
2.773539174541231889e-01
2.447147112908961697e-01
2.102186884209670814e-01
1.741479861079374691e-01
1.367872515385188392e-01
9.842251522868850078e-02
5.934045484756689248e-02
1.982797567657487367e-02
-1.982797567630345537e-02
-5.934045484757427547e-02
-9.842251523007512770e-02
-1.367872515368407649e-01
-1.741479861100997117e-01
-2.102186884210044404e-01
-2.447147112908648892e-01
-2.773539174541235774e-01
-3.078582576382435931e-01
-3.359558460717180783e-01
-3.613835616227252800e-01
-3.838901824275716690e-01
-4.032400399071430219e-01
-4.192171534748059258e-01
-4.316297822513782134e-01
-4.403153036660464870e-01
-4.451453025586900036e-01
-4.460307290781541090e-01
-4.429269599907824650e-01
-4.358385772996224428e-01
-4.248236615540741390e-01
-4.099973858611129507e-01
-3.915346924004688978e-01
-3.696718362930109247e-01
-3.447065940551190533e-01
-3.169969576851204285e-01
-2.869581571127587938e-01
-2.550579276323021727e-01
-2.218099405076071340e-01
-1.877654282579682976e-01
-1.535030738428523056e-01
-1.196173189926635350e-01
-8.670532084726445543e-02
-5.535286308165997260e-02
-2.611959718894812238e-02
4.759473686637079618e-04
2.397109823391460268e-02
4.397300131070209367e-02
6.017127795261497519e-02
7.234885990781483867e-02
8.039051807386859982e-02
8.428866186580656616e-02
8.414606931889732910e-02
8.017531168393762786e-02
7.269475736416992906e-02
6.212117215440950829e-02
4.895907022641578926e-02
3.378710611511583084e-02
1.724192498822388689e-02
6.699063845281204985e-17
0.000000000000000000e+00
-2.548532552250008104e-02
-5.006149574216726267e-02
-7.284571164234608653e-02
-9.300694801053335792e-02
-1.097895367279084350e-01
-1.225341040681060811e-01
-1.306951702724536979e-01
-1.338548680711783012e-01
-1.317324060006005715e-01
-1.241890828890055698e-01
-1.112288418313084615e-01
-9.299452640465233344e-02
-6.976016038427734767e-02
-4.191970794166440667e-02
-9.972878783571961780e-03
2.549138210969643589e-02
6.381303465682061637e-02
1.042800214682190890e-01
1.461476049290719448e-01
1.886573354067946073e-01
2.310550853878199085e-01
2.726076714879686058e-01
3.126176788351051616e-01
3.504362032748062350e-01
3.854733281525037913e-01
4.172062487885663251e-01
4.451850484875562453e-01
4.690362019476301270e-01
4.884639687677712616e-01
5.032498594797903957e-01
5.132504293540056661e-01
5.183936609017792962e-01
5.186742162489980101e-01
5.141478404396641055e-01
5.049251905676833685e-01
4.911653468800822875e-01
4.730692410606125997e-01
4.508732083475177066e-01
4.248428387996327493e-01
3.952672710114653598e-01
3.624540370477390971e-01
3.267245344941888119e-01
2.884101698066761088e-01
2.478491865026253849e-01
2.053841647462655851e-01
1.613601535941278919e-01
1.161233757512647180e-01
7.002042588156369429e-02
2.339786875416363307e-02
-2.339786875416588821e-02
-7.002042588256082722e-02
-1.161233757511853509e-01
-1.613601535950767996e-01
-2.053841647437759654e-01
-2.478491865082975976e-01
-2.884101698077992659e-01
-3.267245345043414684e-01
-3.624540370480116014e-01
-3.952672710125885724e-01
-4.248428387941010631e-01
-4.508732083445198824e-01
-4.730692410703065676e-01
-4.911653468520474908e-01
-5.049251905672624829e-01
-5.141478404206119013e-01
-5.186742162485110663e-01
-5.183936609366187609e-01
-5.132504293539178475e-01
-5.032498594799836855e-01
-4.884639687680591980e-01
-4.690362019476321254e-01
-4.451850484877895031e-01
-4.172062487707233203e-01
-3.854733281458369021e-01
-3.504362033052506598e-01
-3.126176788364859460e-01
-2.726076714629635522e-01
-2.310550853971372054e-01
-1.886573353913781337e-01
-1.461476049773331731e-01
-1.042800214318041069e-01
-6.381303468284098279e-02
-2.549138210964927917e-02
9.972878782298211578e-03
4.191970798734537956e-02
6.976016038397601926e-02
9.299452639904513818e-02
1.112288418114345812e-01
1.241890828890894055e-01
1.317324060000990282e-01
1.338548680711115213e-01
1.306951702724249154e-01
1.225341040636330620e-01
1.097895367279084350e-01
9.300694801837543213e-02
7.284571164130471121e-02
5.006149573940948949e-02
2.548532552250404662e-02
9.894090012204782322e-17
0.000000000000000000e+00
-3.609848183201765093e-02
-7.102540086908037953e-02
-1.036431017637198804e-01
-1.328805218072123817e-01
-1.577634886349631727e-01
-1.774415764733930923e-01
-1.912106257490707450e-01
-1.985302204233391488e-01
-1.990356599174271657e-01
-1.925441672838929252e-01
-1.790553453619925794e-01
-1.587461019879378987e-01
-1.319604761164629436e-01
-9.919497334083351991e-02
-6.108015293548040014e-02
-1.835930746235599903e-02
2.813487480147183750e-02
7.750476270525338829e-02
1.288124784991283300e-01
1.811040308172868485e-01
2.334321653425981136e-01
2.848773304285630581e-01
3.345662764014484258e-01
3.816879444460670179e-01
4.255064160335149670e-01
4.653708573459908737e-01
5.007224483232254331e-01
5.310984403532089670e-01
5.561335415471512222e-01
5.755588984214237147e-01
5.891989944469155915e-01
5.969668085909481947e-01
5.988576004782503182e-01
5.949416806570154703e-01
5.853564938629490788e-01
5.702983928259472979e-01
5.500143220673469058e-01
5.247937234181537791e-01
4.949608558535648628e-01
4.608677074895687897e-01
4.228876296158196602e-01
3.814097824674799742e-01
3.368344412623212603e-01
2.895691750042080348e-01
2.400258759802961495e-01
1.886185876090228086e-01
1.357620527144146050e-01
8.187088122163159454e-02
2.735921853725591796e-02
-2.735921853725852351e-02
-8.187088122425889569e-02
-1.357620527102994801e-01
-1.886185876100856529e-01
-2.400258759850039392e-01
-2.895691749944233062e-01
-3.368344412417912381e-01
-3.814097824747301191e-01
-4.228876296283142766e-01
-4.608677075198607809e-01
-4.949608558772454203e-01
-5.247937233719597305e-01
-5.500143220814567302e-01
-5.702983928851580453e-01
-5.853564939247088983e-01
-5.949416806100713551e-01
-5.988576004742214298e-01
-5.969668085069047558e-01
-5.891989944207250973e-01
-5.755588984060411306e-01
-5.561335415719479425e-01
-5.310984403532097442e-01
-5.007224483008535509e-01
-4.653708573938766246e-01
-4.255064160294469433e-01
-3.816879444895633355e-01
-3.345662764468890771e-01
-2.848773304880358737e-01
-2.334321654022715187e-01
-1.811040308143495037e-01
-1.288124784732795902e-01
-7.750476267689922205e-02
-2.813487483719660093e-02
1.835930748041071300e-02
6.108015296147490530e-02
9.919497335258854742e-02
1.319604761013824235e-01
1.587461019671733142e-01
1.790553453567666486e-01
1.925441672455893705e-01
1.990356598865003490e-01
1.985302204013230376e-01
1.912106257569430312e-01
1.774415764500305026e-01
1.577634886349630894e-01
1.328805218063471849e-01
1.036431017639772301e-01
7.102540086795548768e-02
3.609848183202254285e-02
1.400688473721346320e-16
0.000000000000000000e+00
-4.904116120952135838e-02
-9.659617057432894061e-02
-1.412219192289715930e-01
-1.815598138306256104e-01
-2.163741825217166959e-01
-2.445862632990370156e-01
-2.653026295949558744e-01
-2.778371626260728866e-01
-2.817259701305887543e-01
-2.767349582244569284e-01
-2.628600704840038937e-01
-2.403205033172154947e-01
-2.095454683938615115e-01
-1.711552975995712378e-01
-1.259378570878791903e-01
-7.482135761510323724e-02
-1.884470548042710761e-02
4.087344971550222611e-02
1.031658617509723375e-01
1.668470063703683948e-01
2.307416698241799291e-01
2.937110560585750041e-01
3.546758212881865324e-01
4.126356178335941483e-01
4.666848952242003135e-01
5.160248665707627413e-01
5.599716913718406630e-01
5.979610498376628502e-01
6.295493893753962844e-01
6.544121970492482454e-01
6.723397139762250507e-01
6.832305364979999185e-01
6.870835638071999263e-01
6.839887476366031116e-01
6.741170769237657678e-01
6.577102021879414062e-01
6.350700582431929586e-01
6.065488010668208529e-01
5.725393180712309293e-01
5.334665213334508493e-01
4.897795770731145915e-01
4.419451747138396502e-01
3.904418884931942779e-01
3.357556402275984064e-01
2.783762299709841570e-01
2.187948652979872233e-01
1.575025884455193426e-01
9.498947362459407573e-02
3.174444568018020690e-02
-3.174444568035584419e-02
-9.498947362459814192e-02
-1.575025884474332560e-01
-2.187948652943911276e-01
-2.783762299665434869e-01
-3.357556402249637362e-01
-3.904418884876977303e-01
-4.419451747025868182e-01
-4.897795770744862165e-01
-5.334665213319089716e-01
-5.725393180709585916e-01
-6.065488010597929192e-01
-6.350700582691842788e-01
-6.577102021730074632e-01
-6.741170769406719110e-01
-6.839887475872420408e-01
-6.870835638709567039e-01
-6.832305365121631446e-01
-6.723397139812459233e-01
-6.544121970494114482e-01
-6.295493893796519913e-01
-5.979610498376597416e-01
-5.599716913917459626e-01
-5.160248666451100474e-01
-4.666848952617239643e-01
-4.126356178168154587e-01
-3.546758212710718894e-01
-2.937110560414104565e-01
-2.307416696496667474e-01
-1.668470063194082420e-01
-1.031658617597409622e-01
-4.087344969859171839e-02
1.884470549055345875e-02
7.482135770694227361e-02
1.259378571122297397e-01
1.711552975412601874e-01
2.095454684514263533e-01
2.403205033486686959e-01
2.628600705278533178e-01
2.767349582215485881e-01
2.817259701577752851e-01
2.778371626149933604e-01
2.653026295754449815e-01
2.445862632867642217e-01
2.163741825217170012e-01
1.815598138020656227e-01
1.412219192496684261e-01
9.659617057023801856e-02
4.904116120913808857e-02
1.902206357386301591e-16
0.000000000000000000e+00
-6.386040227659561808e-02
-1.258715674954233033e-01
-1.842380008529791446e-01
-2.372697069098144707e-01
-2.834300724784584169e-01
-3.213781708753956079e-01
-3.500040477805004269e-01
-3.684558748081045998e-01
-3.761582264484870652e-01
-3.728211284714821327e-01
-3.584399158136690189e-01
-3.332863123757505708e-01
-2.978914745512123430e-01
-2.530220222006340780e-01
-1.996502924844266724e-01
-1.389201994782328642e-01
-7.211014837639420638e-02
-5.944598804799233272e-04
7.419530375028718372e-02
1.508078400246038453e-01
2.278073168118368297e-01
3.038053713818139046e-01
3.774891841516366808e-01
4.476451289462258232e-01
5.131777167286631913e-01
5.731237445521217833e-01
6.266617436299929400e-01
6.731169710333652079e-01
7.119623148729099515e-01
7.428155763738140127e-01
7.654336575492288741e-01
7.797042193813664701e-01
7.856353870624224189e-01
7.833440679362609904e-01
7.730434194345402465e-01
7.550299602753028916e-01
7.296707646462586849e-01
6.973911172807388814e-01
6.586629459947701548e-01
6.139942556717473687e-01
5.639197976950165447e-01
5.089930176876297230e-01
4.497793937211420623e-01
3.868511439219599057e-01
3.207832599960027120e-01
2.521507754893179687e-01
1.815271408675818154e-01
1.094835457849208799e-01
3.658900389905981460e-02
-3.658900389905653250e-02
-1.094835457836551146e-01
-1.815271408679107190e-01
-2.521507754893029807e-01
-3.207832599962326947e-01
-3.868511439222283577e-01
-4.497793937082930071e-01
-5.089930176838678433e-01
-5.639197976944758661e-01
-6.139942556869274481e-01
-6.586629460065724917e-01
-6.973911172853058948e-01
-7.296707646462973207e-01
-7.550299602696632917e-01
-7.730434194344429910e-01
-7.833440679357315251e-01
-7.856353870601735512e-01
-7.797042193812723232e-01
-7.654336575475693127e-01
-7.428155763735589945e-01
-7.119623148757018294e-01
-6.731169710333646528e-01
-6.266617436298479449e-01
-5.731237445300148003e-01
-5.131777167044333510e-01
-4.476451289463392325e-01
-3.774891841532501124e-01
-3.038053713474341277e-01
-2.278073168118140424e-01
-1.508078400431698551e-01
-7.419530373715596538e-02
5.944599487875597841e-04
7.211014822382402767e-02
1.389201994822548414e-01
1.996502925181237731e-01
2.530220221507762379e-01
2.978914745793561636e-01
3.332863123471626610e-01
3.584399158022270604e-01
3.728211284521882329e-01
3.761582264776091589e-01
3.684558747987602412e-01
3.500040477912833015e-01
3.213781708915813828e-01
2.834300724784574732e-01
2.372697069299012917e-01
1.842380008449875373e-01
1.258715674932005257e-01
6.386040227658164314e-02
2.476458280787695489e-16
0.000000000000000000e+00
-7.950307519279528612e-02
-1.567581065563901366e-01
-2.295828056734660061e-01
-2.959239361443184446e-01
-3.539158118137220588e-01
-4.019318908702224080e-01
-4.386276905857612873e-01
-4.629736552646487313e-01
-4.742770763632060405e-01
-4.721926440035613126e-01
-4.567217097681869342e-01
-4.282007902996203264e-01
-3.872802592323213999e-01
-3.348945144069732649e-01
-2.722251719244065948e-01
-2.006590056781951958e-01
-1.217424304027620308e-01
-3.713433839239473067e-02
5.144102137056648372e-02
1.422395494371039570e-01
2.335398386264566084e-01
3.236816440683741858e-01
4.110994350670310604e-01
4.943504458867757356e-01
5.721369156425321068e-01
6.433224440975238156e-01
7.069426105961127416e-01
7.622101882788863136e-01
8.085154303971372469e-01
8.454220210317566764e-01
8.726593522365496680e-01
8.901118249588537701e-01
8.978058984299844836e-01
8.958955608066133669e-01
8.846468876973789808e-01
8.644222773406919913e-01
8.356648909213492127e-01
7.988837470521474859e-01
7.546398352051043590e-01
7.035335380322346177e-01
6.461935645832460606e-01
5.832675243790104158e-01
5.154142005522357461e-01
4.432975088735426894e-01
3.675820845983295837e-01
2.889303737236600944e-01
2.080010709295161964e-01
1.254487069094862572e-01
4.192415954682311013e-02
-4.192415954682109785e-02
-1.254487069083013995e-01
-2.080010709293709237e-01
-2.889303737258643867e-01
-3.675820846009963949e-01
-4.432975088738528302e-01
-5.154142005527379000e-01
-5.832675124137611800e-01
-6.461935645834731012e-01
-7.035335376045482869e-01
-7.546398352050648350e-01
-7.988837470499028370e-01
-8.356648909530713931e-01
-8.644222774094205697e-01
-8.846468876974545870e-01
-8.958955607872219895e-01
-8.978058984287362598e-01
-8.901118249618072964e-01
-8.726593522134706848e-01
-8.454220210201623953e-01
-8.085154304096058286e-01
-7.622101882847868159e-01
-7.069426105949065953e-01
-6.433224440953591028e-01
-5.721369156438507186e-01
-4.943504459117301630e-01
-4.110994350329763569e-01
-3.236816440614156409e-01
-2.335398386351090483e-01
-1.422395496188395281e-01
-5.144102153869230948e-02
3.713433837750607092e-02
1.217424304094842785e-01
2.006590056750566786e-01
2.722251719202082310e-01
3.348945144108904648e-01
3.872802590937955980e-01
4.282007903018060224e-01
4.567217097695754902e-01
4.721926440011974258e-01
4.742770763646328436e-01
4.629736552653441750e-01
4.386276905952335436e-01
4.019318908677840252e-01
3.539158118137226694e-01
2.959239361446317496e-01
2.295828056682139851e-01
1.567581065503791671e-01
7.950307519283442148e-02
3.082719472316634138e-16
0.000000000000000000e+00
-9.415459474147107322e-02
-1.856517043062246575e-01
-2.719123513247392876e-01
-3.505116006920531158e-01
-4.192482943924007444e-01
-4.762064452413505844e-01
-5.198061531937222535e-01
-5.488424068087119911e-01
-5.625106980099044973e-01
-5.604189726571841002e-01
-5.425860341423714983e-01
-5.094270745155571323e-01
-4.617275063642585220e-01
-4.006066768830602309e-01
-3.274733588992850275e-01
-2.439751123797757604e-01
-1.519436985067843526e-01
-5.333871405781411695e-02
4.980850243637822278e-02
1.554488307388365576e-01
2.615655921230095604e-01
3.662197286779196315e-01
4.675889566076693593e-01
5.640002357546483047e-01
6.539552280219780300e-01
7.361486769435233724e-01
8.094799261972466242e-01
8.730581752144264129e-01
9.262015242437805496e-01
9.684314723593041574e-01
9.994627514277406588e-01
1.019189903967899102e+00
1.027671281287942051e+00
1.025111314184445011e+00
1.011841832936252628e+00
9.883031414279205285e-01
9.550254617008014923e-01
9.126112723243267055e-01
8.617189651291030650e-01
8.030481452218231064e-01
7.373268039918194905e-01
6.653005040038634244e-01
5.877236301381293382e-01
5.053526858415652301e-01
4.189415459815332143e-01
3.292385186191334467e-01
2.369850185288416011e-01
1.429156139528005853e-01
4.775917478514850323e-02
-4.775917478514524889e-02
-1.429156139528396652e-01
-2.369850185268484732e-01
-3.292385186132238406e-01
-4.189415459765057914e-01
-5.053526858435366531e-01
-5.877236301388520934e-01
-6.653005040226711575e-01
-7.373268040121165878e-01
-8.030481452216529092e-01
-8.617189651358309055e-01
-9.126112723210301203e-01
-9.550254617029730886e-01
-9.883031414237699597e-01
-1.011841832936969166e+00
-1.025111314161919474e+00
-1.027671281311959284e+00
-1.019189903989141666e+00
-9.994627514277580893e-01
-9.684314723593345775e-01
-9.262015242217143118e-01
-8.730581752144325192e-01
-8.094799260029309496e-01
-7.361486769380863882e-01
-6.539552280358816860e-01
-5.640002357344511275e-01
-4.675889566244713080e-01
-3.662197286764776183e-01
-2.615655921245579885e-01
-1.554488307384426227e-01
-4.980850238755649834e-02
5.333871404667900329e-02
1.519436984909996735e-01
2.439751123717568415e-01
3.274733589271496825e-01
4.006066768924522181e-01
4.617275063717988237e-01
5.094270745721289906e-01
5.425860341506337781e-01
5.604189726661955584e-01
5.625106980315562888e-01
5.488424068088849639e-01
5.198061531942143043e-01
4.762064452411258753e-01
4.192482943923998562e-01
3.505116006904311354e-01
2.719123513234432132e-01
1.856517043062883288e-01
9.415459474152890196e-02
3.650799534160433942e-16
0.000000000000000000e+00
-1.051876680635374234e-01
-2.073372672735656064e-01
-3.035017528730989955e-01
-3.909126354779089429e-01
-4.670607015310789256e-01
-5.297669434945725397e-01
-5.772412011851837388e-01
-6.081266078273686038e-01
-6.215286047251799006e-01
-6.170279915895673373e-01
-5.946781811210544166e-01
-5.549874855159766529e-01
-4.988878424324570404e-01
-4.276918707561546684e-01
-3.430405031059736154e-01
-2.468436714817568156e-01
-1.412166171337920495e-01
-2.841436570599788561e-02
8.923323409476965895e-02
2.093837457338605379e-01
3.297398016788157804e-01
4.481006870966151023e-01
5.624067400494719982e-01
6.707758450344309953e-01
7.715316736530708486e-01
8.632236539713994405e-01
9.446389929081879799e-01
1.014807257359233050e+00
1.072998284733023056e+00
1.118714293245252511e+00
1.151677174896240663e+00
1.171811956728784798e+00
1.179227473536253790e+00
1.174195196397753715e+00
1.157127127618371443e+00
1.128553574920963865e+00
1.089101511772844200e+00
1.039474118645985046e+00
9.804319880631180428e-01
9.127763433857870590e-01
8.373345436606652870e-01
7.549479937874512547e-01
6.664625261180170401e-01
5.727212177816733973e-01
4.745595020695972943e-01
3.728024313295518199e-01
2.682638235699353890e-01
1.617470214433490427e-01
5.404694070316308496e-02
-5.404694070316228005e-02
-1.617470214458370248e-01
-2.682638235695027351e-01
-3.728024313295908443e-01
-4.745595020694279298e-01
-5.727212177805801607e-01
-6.664625261184228266e-01
-7.549479937897012327e-01
-8.373345436536263620e-01
-9.127763434006830323e-01
-9.804319880648649788e-01
-1.039474118652370604e+00
-1.089101511773863162e+00
-1.128553574926505210e+00
-1.157127127620247942e+00
-1.174195196398354346e+00
-1.179227473563420725e+00
-1.171811956729480686e+00
-1.151677174895424205e+00
-1.118714293247234037e+00
-1.072998284741387698e+00
-1.014807257359235049e+00
-9.446389929176201017e-01
-8.632236539822848442e-01
-7.715316736456028224e-01
-6.707758450392617977e-01
-5.624067400488509394e-01
-4.481006870925844376e-01
-3.297398017305280260e-01
-2.093837457419409631e-01
-8.923323409087756397e-02
2.841436572511091621e-02
1.412166171353708422e-01
2.468436714890428207e-01
3.430405030709127723e-01
4.276918707535692366e-01
4.988878424315345561e-01
5.549874855016340147e-01
5.946781811237027426e-01
6.170279915941561111e-01
6.215286047494377186e-01
6.081266078283268373e-01
5.772412011639332929e-01
5.297669434881036032e-01
4.670607015310792587e-01
3.909126354781010670e-01
3.035017528773669149e-01
2.073372672706192688e-01
1.051876680625607047e-01
4.079050962722054496e-16
0.000000000000000000e+00
-1.093369798516279079e-01
-2.153373231022891188e-01
-3.147663141791113284e-01
-4.045891097588606988e-01
-4.820609670235297961e-01
-5.448063599937459367e-01
-5.908841630385374133e-01
-6.188367643523138284e-01
-6.277217156520751296e-01
-6.171253517715418191e-01
-5.871586149616730976e-01
-5.384360380574977345e-01
-4.720395458687765000e-01
-3.894692286001248949e-01
-2.925836951011596132e-01
-1.835328046539067282e-01
-6.468574476547596375e-02
6.144270138270441217e-02
1.922649557431381773e-01
3.251900979482156284e-01
4.576878781794793682e-01
5.873456740345690541e-01
7.119171285279755068e-01
8.293617237998345271e-01
9.378749498030781728e-01
1.035909091659195758e+00
1.122185054127816661e+00
1.195695765792029741e+00
1.255702439743681564e+00
1.301723874738098363e+00
1.333520993101707797e+00
1.351076992258705367e+00
1.354574574363987205e+00
1.344371303861266354e+00
1.320974112524708532e+00
1.285013864668126171e+00
1.237220773394580142e+00
1.178401327173955293e+00
1.109417252010414412e+00
1.031166901500421451e+00
9.445693403727124515e-01
8.505512680447323559e-01
7.500368204557981144e-01
6.439401911291705582e-01
5.331609271962609586e-01
4.185816829936581107e-01
3.010681515718309220e-01
1.814708440425336911e-01
6.062834649658107450e-02
-6.062834649657754260e-02
-1.814708440419874891e-01
-3.010681515732179792e-01
-4.185816829936120920e-01
-5.331609271982654663e-01
-6.439401911293320957e-01
-7.500368204552816387e-01
-8.505512680459336172e-01
-9.445693403765398344e-01
-1.031166901502821753e+00
-1.109417252008114918e+00
-1.178401327176970659e+00
-1.237220773393159723e+00
-1.285013864667159167e+00
-1.320974112524328170e+00
-1.344371303864435152e+00
-1.354574574366938844e+00
-1.351076992269375276e+00
-1.333520993102960350e+00
-1.301723874743455855e+00
-1.255702439736220422e+00
-1.195695765792026410e+00
-1.122185054128097326e+00
-1.035909091658802295e+00
-9.378749498027098008e-01
-8.293617238002325420e-01
-7.119171285278660388e-01
-5.873456740395736064e-01
-4.576878781398217577e-01
-3.251900979431112670e-01
-1.922649557462836611e-01
-6.144270138313788487e-02
6.468574476549898700e-02
1.835328046541816749e-01
2.925836951007461106e-01
3.894692286000955295e-01
4.720395458682615786e-01
5.384360380570211158e-01
5.871586149603955640e-01
6.171253517771765340e-01
6.277217156454119040e-01
6.188367643532620699e-01
5.908841628731740236e-01
5.448063599942338797e-01
4.820609670235294075e-01
4.045891097613031895e-01
3.147663141776388951e-01
2.153373231025582646e-01
1.093369798516305724e-01
4.241115324479202639e-16
0.000000000000000000e+00
-1.032169804425083770e-01
-2.029421100852368542e-01
-2.957930501771746101e-01
-3.786021594969012916e-01
-4.485132513210238203e-01
-5.030662355738887426e-01
-5.402665942460365134e-01
-5.586373488130030873e-01
-5.572520559144720220e-01
-5.357482334783825184e-01
-4.943214969300218642e-01
-4.337015137600968573e-01
-3.551116023317254511e-01
-2.602143844266125994e-01
-1.510463418631038945e-01
-2.994439004098644816e-02
1.005323300651771723e-01
2.376822692459329145e-01
3.787399808201891704e-01
5.209506352614564628e-01
6.616383684813827992e-01
7.982666654938256334e-01
9.284894820823086370e-01
1.050192353463954120e+00
1.161523147538565448e+00
1.260912532388020368e+00
1.347084726516956543e+00
1.419059182123852736e+00
1.476144227233319395e+00
1.517924088014788175e+00
1.544239897331096234e+00
1.555166828770435883e+00
1.550988005109304346e+00
1.532166638894069566e+00
1.499317482657696932e+00
1.453178579962201233e+00
1.394584173544189509e+00
1.324439479012039733e+00
1.243697882632450957e+00
1.153340974475838054e+00
1.054361690391520057e+00
9.477507030525958998e-01
8.344860866394193666e-01
7.155261721843508838e-01
5.918054190525241509e-01
4.642330493121891721e-01
3.336941249214674388e-01
2.010526934177813418e-01
6.715658548053821120e-02
-6.715658548054173616e-02
-2.010526934183438363e-01
-3.336941249106107898e-01
-4.642330493098802413e-01
-5.918054190338289944e-01
-7.155261721885460835e-01
-8.344860866637952013e-01
-9.477507030426537415e-01
-1.054361690387654704e+00
-1.153340974475490333e+00
-1.243697882607834426e+00
-1.324439478983036489e+00
-1.394584173576038921e+00
-1.453178579952741467e+00
-1.499317482656899347e+00
-1.532166638863362129e+00
-1.550988005151485272e+00
-1.555166828766631149e+00
-1.544239897290454522e+00
-1.517924088024876994e+00
-1.476144227169150280e+00
-1.419059182123854290e+00
-1.347084726578227754e+00
-1.260912532387822527e+00
-1.161523147501214215e+00
-1.050192353439131088e+00
-9.284894821257998476e-01
-7.982666655864550931e-01
-6.616383684642160867e-01
-5.209506352603949786e-01
-3.787399808862892958e-01
-2.376822691834655776e-01
-1.005323300647619350e-01
2.994439003919871500e-02
1.510463418980198536e-01
2.602143844259984240e-01
3.551116023684404710e-01
4.337015137509015461e-01
4.943214969322856644e-01
5.357482334780370170e-01
5.572520559223801406e-01
5.586373488224185557e-01
5.402665942485617157e-01
5.030662356091425425e-01
4.485132513210236538e-01
3.786021595359290171e-01
2.957930501946791080e-01
2.029421100825790081e-01
1.032169802678700871e-01
4.005941107460534834e-16
0.000000000000000000e+00
-8.423477588470514033e-02
-1.650238582156033085e-01
-2.390336384621555843e-01
-3.031501722354728590e-01
-3.545779798335582100e-01
-3.909262426527652656e-01
-4.102792175053688317e-01
-4.112484641871041458e-01
-3.930053884327938674e-01
-3.552934787968827779e-01
-2.984206422034313966e-01
-2.232327497229275592e-01
-1.310703914412570670e-01
-2.371139376054103368e-02
9.669792833807509813e-02
2.277194868952478746e-01
3.667047311013075794e-01
5.108772992998229512e-01
6.574138987803503920e-01
8.035206755381759658e-01
9.465028509067189288e-01
1.083825721024022970e+00
1.213165815926252167e+00
1.332451313314066743e+00
1.439891677110970880e+00
1.533996389330016585e+00
1.613583532362233175e+00
1.677779001551191307e+00
1.726007454501944371e+00
1.757976271533095325e+00
1.773653854367007510e+00
1.773243701239362480e+00
1.757155534646240636e+00
1.725974834805551028e+00
1.680431922555218671e+00
1.621371627374565305e+00
1.549724467995714727e+00
1.466480038759556459e+00
1.372663198621456804e+00
1.269313478922965643e+00
1.157467962821451701e+00
1.038147786765321934e+00
9.123482526455604091e-01
7.810324561895998219e-01
6.451281935631257847e-01
5.055279239389602886e-01
3.630913725321237573e-01
2.186503899649626936e-01
7.301560683440570798e-02
-7.301560683439810295e-02
-2.186503899649731297e-01
-3.630913725320967789e-01
-5.055279239389577350e-01
-6.451281935631005826e-01
-7.810324561938745136e-01
-9.123482526455891639e-01
-1.038147786777823933e+00
-1.157467962823214291e+00
-1.269313479070872219e+00
-1.372663198616202784e+00
-1.466480038627312910e+00
-1.549724467518192039e+00
-1.621371627355503220e+00
-1.680431922726217220e+00
-1.725974835201404600e+00
-1.757155534988774859e+00
-1.773243701265916350e+00
-1.773653854368355764e+00
-1.757976271540962143e+00
-1.726007454258663198e+00
-1.677779001551198190e+00
-1.613583531922052838e+00
-1.533996389329825405e+00
-1.439891677100105571e+00
-1.332451313394944048e+00
-1.213165815876735998e+00
-1.083825720954781024e+00
-9.465028511572934899e-01
-8.035206733549472569e-01
-6.574138981625093914e-01
-5.108772993661584438e-01
-3.667047311169785440e-01
-2.277194868549092255e-01
-9.669792844662389308e-02
2.371139369066131361e-02
1.310703914417600535e-01
2.232327497158973495e-01
2.984206421785016716e-01
3.552934787492663116e-01
3.930053884262687536e-01
4.112484640661359103e-01
4.102792174850557472e-01
3.909262426609501628e-01
3.545779798335580435e-01
3.031501722377286101e-01
2.390336384535574621e-01
1.650238582135427623e-01
8.423477588470516808e-02
3.273088229971051887e-16
0.000000000000000000e+00
-5.179114983988666876e-02
-1.004220117407980811e-01
-1.428406095538116705e-01
-1.762071424034118428e-01
-1.979891837554624834e-01
-2.060444498415731907e-01
-1.986880076958805197e-01
-1.747415777962998407e-01
-1.335634669259003482e-01
-7.505859224941406616e-02
3.310301113219837020e-04
9.165410584946287464e-02
1.974942383654666178e-01
3.160278040009623646e-01
4.450927247649141272e-01
5.822645959555829975e-01
7.249370202521386863e-01
8.704027991862980373e-01
1.015932955822684169e+00
1.158850900061549005e+00
1.296599487582182686e+00
1.426799220297447768e+00
1.547296359173257141e+00
1.656200242432654957e+00
1.751909589550071589e+00
1.833128023745167479e+00
1.898869414227360997e+00
1.948453959129395008e+00
1.981496164682321703e+00
1.997886017622458876e+00
1.997764749743524249e+00
1.981496620353221605e+00
1.949638071465445099e+00
1.902905607445678271e+00
1.842143524369469487e+00
1.768292603995378354e+00
1.682360610778286469e+00
1.585395371435673662e+00
1.478460954084842349e+00
1.362617383557761519e+00
1.238904135016638985e+00
1.108327484200116952e+00
9.718517953592826775e-01
8.303944568169963070e-01
6.848243758674090742e-01
5.359636641583306327e-01
3.845921245891378293e-01
2.314541114045987891e-01
7.726728150284437047e-02
-7.726728150267531126e-02
-2.314541114037857172e-01
-3.845921245923675791e-01
-5.359636641552932845e-01
-6.848243757335940041e-01
-8.303944568119648872e-01
-9.718517953577590074e-01
-1.108327484194226331e+00
-1.238904135014843533e+00
-1.362617383555739359e+00
-1.478460954090936808e+00
-1.585395371437162693e+00
-1.682360610795077926e+00
-1.768292604029060300e+00
-1.842143524369507679e+00
-1.902905607445525060e+00
-1.949638071465404909e+00
-1.981496620342760862e+00
-1.997764749768971226e+00
-1.997886017644250334e+00
-1.981496164667515991e+00
-1.948453959126160040e+00
-1.898869414090970320e+00
-1.833128023741637191e+00
-1.751909589535536993e+00
-1.656200242451397742e+00
-1.547296359173359726e+00
-1.426799220328131002e+00
-1.296599487559110475e+00
-1.158850900032799336e+00
-1.015932955808865223e+00
-8.704027992005598513e-01
-7.249370202490217352e-01
-5.822645959643009128e-01
-4.450927247797910047e-01
-3.160278039837703945e-01
-1.974942383500111476e-01
-9.165410584051029985e-02
-3.310301079011400698e-04
7.505859223539886049e-02
1.335634669312374956e-01
1.747415777866805353e-01
1.986880076940233109e-01
2.060444498281907844e-01
1.979891837554613732e-01
1.762071423905701983e-01
1.428406095537467502e-01
1.004220117407239182e-01
5.179114983531477728e-02
2.019186427007848054e-16
0.000000000000000000e+00
-8.425805073190290387e-03
-1.421541405568707561e-02
-1.483036638722112083e-02
-7.923544994240139250e-03
8.575252607273819994e-03
3.638526735759942121e-02
7.681514480187125182e-02
1.307198683781155557e-01
1.984755859850470261e-01
2.799727921129539499e-01
3.746274671051155192e-01
4.814089911998438165e-01
5.988829463756103477e-01
7.252663587765861841e-01
8.584925519425810059e-01
9.962825090052758181e-01
1.136219614316902327e+00
1.275824736924733305e+00
1.412628654493411684e+00
1.544239689366238455e+00
1.668404167510748826e+00
1.783057986635612657e+00
1.886368671433858113e+00
1.976766963832446766e+00
2.052967822360124206e+00
2.113981230626928109e+00
2.159113339611660631e+00
2.187959092926548443e+00
2.200387295982730418e+00
2.196519096561045270e+00
2.176702250180122533e+00
2.141481354129716852e+00
2.091566281500945479e+00
2.027799532273354188e+00
1.951124016073468637e+00
1.862551967984018564e+00
1.763136319753941583e+00
1.653944400223825939e+00
1.536035547489579489e+00
1.410442016832470946e+00
1.278154024451647386e+00
1.140108953103778244e+00
9.971841994115019370e-01
8.501942677642324586e-01
6.998911190012878647e-01
5.469679431365704891e-01
3.920658009278729650e-01
2.357826028044375799e-01
7.868404893700821356e-02
-7.868404893700529923e-02
-2.357826028042627753e-01
-3.920658009275749811e-01
-5.469679431367837630e-01
-6.998911190013424877e-01
-8.501942677642664314e-01
-9.971842103442905003e-01
-1.140108952701061940e+00
-1.278154024448089343e+00
-1.410442004833444063e+00
-1.536035547481841235e+00
-1.653944400209254928e+00
-1.763136319753977999e+00
-1.862551967980241585e+00
-1.951124016128615857e+00
-2.027799532441022290e+00
-2.091566307456671492e+00
-2.141481351202849215e+00
-2.176702250213662371e+00
-2.196519096557150164e+00
-2.200387295991156567e+00
-2.187959092926548443e+00
-2.159113339604721737e+00
-2.113981230626177599e+00
-2.052967822361130512e+00
-1.976766963842566893e+00
-1.886368671388596541e+00
-1.783057986594814404e+00
-1.668404201704999368e+00
-1.544239689321459830e+00
-1.412628655573739733e+00
-1.275824736847780860e+00
-1.136219614304245562e+00
-9.962825089822193725e-01
-8.584925519526299675e-01
-7.252663588065355604e-01
-5.988829463721885293e-01
-4.814089911995997340e-01
-3.746274671069910189e-01
-2.799727921374280393e-01
-1.984755859833687575e-01
-1.307198683576321907e-01
-7.681514479111010985e-02
-3.638526736600298378e-02
-8.575252607275991867e-03
7.923544993956081750e-03
1.483036638346931120e-02
1.421541405570032369e-02
8.425805073183448637e-03
3.422507102860203653e-17
0.000000000000000000e+00
3.965842535204876229e-02
8.124200067295705985e-02
1.265947286287592843e-01
1.774018819609738673e-01
2.351193555909804889e-01
3.009129608811933476e-01
3.756101381900832092e-01
4.596659159428226893e-01
5.531442462674525107e-01
6.557150389391214196e-01
7.666665390250397838e-01
8.849319256951226897e-01
1.009128468359836495e+00
1.137607050789099405e+00
1.268509548286423705e+00
1.399831355256814902e+00
1.529486271955619037e+00
1.655371088944320945e+00
1.775427365892122689e+00
1.887698419903201419e+00
1.990379303617298534e+00
2.081859005585667610e+00
2.160753532085295525e+00
2.225929580815880104e+00
2.276518731737655177e+00
2.311922480818848769e+00
2.331808761240127925e+00
2.336100853236995345e+00
2.324959770901245726e+00
2.298761340440044432e+00
2.258069246390077556e+00
2.203605313940793842e+00
2.136218357368631970e+00
2.056852536552510102e+00
1.966516568096214002e+00
1.866254487251060024e+00
1.757118822373181732e+00
1.640146787108819781e+00
1.516339956513729215e+00
1.386647744621612111e+00
1.251954860897137589e+00
1.113072792282370438e+00
9.707352428055316951e-01
8.255973585273593818e-01
6.782384776156025197e-01
5.291680710712951541e-01
3.788344772003172656e-01
2.276359839754314995e-01
7.593377486410597677e-02
-7.593377486537077059e-02
-2.276359839730396073e-01
-3.788344772013574890e-01
-5.291680710726494041e-01
-6.782384775989230841e-01
-8.255973585206914933e-01
-9.707352428150280987e-01
-1.113072792286172730e+00
-1.251954860896086652e+00
-1.386647744626070100e+00
-1.516339956513482301e+00
-1.640146787115489335e+00
-1.757118822380983936e+00
-1.866254487249715321e+00
-1.966516568075421523e+00
-2.056852536525360264e+00
-2.136218357381043376e+00
-2.203605313955806277e+00
-2.258069246410689512e+00
-2.298761340446215051e+00
-2.324959770926664504e+00
-2.336100853217189854e+00
-2.331808761243795658e+00
-2.311922480787346856e+00
-2.276518731699230358e+00
-2.225929580811574660e+00
-2.160753532074971783e+00
-2.081859005615588121e+00
-1.990379303602821448e+00
-1.887698419886184142e+00
-1.775427365905404731e+00
-1.655371089055125644e+00
-1.529486272117041468e+00
-1.399831355270722444e+00
-1.268509548296251843e+00
-1.137607050646511464e+00
-1.009128468329172357e+00
-8.849319256902155040e-01
-7.666665389771376571e-01
-6.557150389128405532e-01
-5.531442457839721438e-01
-4.596659165822702953e-01
-3.756101377216864989e-01
-3.009129608933052702e-01
-2.351193555909804889e-01
-1.774018819928099566e-01
-1.265947287021810530e-01
-8.124200068649406470e-02
-3.965842535205169744e-02
-1.518006115499789382e-16
0.000000000000000000e+00
8.329452718424033841e-02
1.677181254671616939e-01
2.543392120677167578e-01
3.441077242666246150e-01
4.378027941424886826e-01
5.359882970814524583e-01
6.389782229769472854e-01
7.468132973721463008e-01
8.592496945110970064e-01
9.757600724081483268e-01
1.095546557499780249e+00
1.217564748987791656e+00
1.340557328464160536e+00
1.463095475801628798e+00
1.583626019887357073e+00
1.700522100658923952e+00
1.812135090771768153e+00
1.916845606456738738e+00
2.013111618822107651e+00
2.099511941117252700e+00
2.174783687126322640e+00
2.237852656548189767e+00
2.287855976992501983e+00
2.324156699865068898e+00
2.346350396578570585e+00
2.354264107316780041e+00
2.347948261725911312e+00
2.327662398128396148e+00
2.293855663402711187e+00
2.247143174157023804e+00
2.188279366341622456e+00
2.118129459672402515e+00
2.037640163148019656e+00
1.947810379813431636e+00
1.849663454468738477e+00
1.744220893906145875e+00
1.632478871191779035e+00
1.515387765304622159e+00
1.393835162045350851e+00
1.268632568140269257e+00
1.140505959866904506e+00
1.010090174224657744e+00
8.779270507404254298e-01
7.444671158284845713e-01
6.100746517770401223e-01
4.750355740619892075e-01
3.395680720767602079e-01
2.038353364446410243e-01
6.796002522571770177e-02
-6.796002522571943649e-02
-2.038353364459916106e-01
-3.395680720776588779e-01
-4.750355740620656464e-01
-6.100746517770410104e-01
-7.444671158283890922e-01
-8.779270507328975626e-01
-1.010090174665990048e+00
-1.140505959719719797e+00
-1.268632568174477449e+00
-1.393835162088843838e+00
-1.515387765335856063e+00
-1.632478871178868918e+00
-1.744220893893409174e+00
-1.849663454502133764e+00
-1.947810380203722325e+00
-2.037640163593000597e+00
-2.118129459685057281e+00
-2.188279366360516232e+00
-2.247143174158339196e+00
-2.293855663410932166e+00
-2.327662398128402810e+00
-2.347948261729200237e+00
-2.354264107317280530e+00
-2.346350396571767138e+00
-2.324156699861318121e+00
-2.287855977000783803e+00
-2.237852656558471320e+00
-2.174783687134489885e+00
-2.099511941117454317e+00
-2.013111618822371884e+00
-1.916845606455729323e+00
-1.812135090771054280e+00
-1.700522100655140090e+00
-1.583626019902302007e+00
-1.463095475817650648e+00
-1.340557328458945152e+00
-1.217564748986530221e+00
-1.095546557501714036e+00
-9.757600724016437521e-01
-8.592496945036541822e-01
-7.468132973743344394e-01
-6.389782229776274081e-01
-5.359882970815280645e-01
-4.378027941424869063e-01
-3.441077242680301018e-01
-2.543392120674231593e-01
-1.677181254694202484e-01
-8.329452718423795143e-02
-3.207153177968312680e-16
0.000000000000000000e+00
1.125624047511689235e-01
2.255052085533895412e-01
3.391695039789909827e-01
4.538197968404831806e-01
5.696106633664199670e-01
6.865590355079915774e-01
8.045234889064909467e-01
9.231915263804444383e-01
1.042075413941580653e+00
1.160516678068918450e+00
1.277698930261590204e+00
1.392668274288011432e+00
1.504360199876979998e+00
1.611631589878634419e+00
1.713296273991941732e+00
1.808162457070991547e+00
1.895070347186488258e+00
1.972928372805236252e+00
2.040746538912515895e+00
2.097665649096212448e+00
2.142981452560153599e+00
2.176162926670820230e+00
2.196864323482638159e+00
2.204930817199967308e+00
2.200397883861017423e+00
2.183484775860469185e+00
2.154582656644969951e+00
2.114238121390021430e+00
2.063132940968007922e+00
2.002060941979213915e+00
1.931902960147203752e+00
1.853600800919124936e+00
1.768131098056912265e+00
1.676479891155971735e+00
1.579618658278701515e+00
1.478482432027547588e+00
1.373950515784447379e+00
1.266830199370673871e+00
1.157843755140326447e+00
1.047618883121032018e+00
9.366826690933606203e-01
8.254590202242879649e-01
7.142694615561050453e-01
6.033370987345151315e-01
4.927934942660689432e-01
3.826881506620433138e-01
2.730002563958059958e-01
1.636523181178129172e-01
5.452528056644129900e-02
-5.452528056644672522e-02
-1.636523181178122788e-01
-2.730002563958277007e-01
-3.826881506619825291e-01
-4.927934942660402995e-01
-6.033370987344699454e-01
-7.142694615561493432e-01
-8.254590202271060440e-01
-9.366826690934196842e-01
-1.047618883120738476e+00
-1.157843755140345543e+00
-1.266830199397357859e+00
-1.373950515784605697e+00
-1.478482432027349525e+00
-1.579618658272604836e+00
-1.676479891161588576e+00
-1.768131098062808659e+00
-1.853600800926538339e+00
-1.931902960083441201e+00
-2.002060941979403097e+00
-2.063132941049552027e+00
-2.114238121389997449e+00
-2.154582656644796312e+00
-2.183484775860420779e+00
-2.200397883860968573e+00
-2.204930817106022012e+00
-2.196864323482505821e+00
-2.176162926670823783e+00
-2.142981452648473617e+00
-2.097665649096452256e+00
-2.040746538936628607e+00
-1.972928372732656532e+00
-1.895070347270586542e+00
-1.808162457117382438e+00
-1.713296273892120469e+00
-1.611631589936274533e+00
-1.504360199848598478e+00
-1.392668274204008627e+00
-1.277698930268982513e+00
-1.160516678071708663e+00
-1.042075413980452225e+00
-9.231915263821791617e-01
-8.045234889085427499e-01
-6.865590355143962320e-01
-5.696106633664174135e-01
-4.538197968612923128e-01
-3.391695040043006815e-01
-2.255052085716267030e-01
-1.125624047472644496e-01
-4.341499346315577082e-16
0.000000000000000000e+00
1.201236863453874343e-01
2.400537684022372720e-01
3.595763068623710756e-01
4.784379682257961508e-01
5.963294412221249452e-01
7.128723812738153587e-01
8.276107270272216043e-01
9.400069788751078681e-01
1.049443738261570447e+00
1.155230519954467017e+00
1.256615547342502248e+00
1.352801974516768979e+00
1.442967761847401720e+00
1.526288244360935575e+00
1.601960306900744868e+00
1.669227047178020396e+00
1.727401786912977855e+00
1.775890370095955406e+00
1.814210796148166160e+00
1.842009389401351838e+00
1.859072891755535473e+00
1.865336065522159803e+00
1.860884601029056062e+00
1.845953328140589766e+00
1.820919917199986360e+00
1.786294425261755192e+00
1.742705179346002886e+00
1.690881602810403006e+00
1.631634662229797916e+00
1.565835660752172842e+00
1.494394113495009169e+00
1.418235428260697040e+00
1.338279073418764620e+00
1.255417856235218510e+00
1.170498857746252286e+00
1.084306485449027413e+00
9.975480091960758910e-01
9.108418516541147980e-01
8.247088082944424858e-01
7.395662822054410723e-01
6.557255350072894728e-01
5.733918804737292430e-01
4.926676826816833166e-01
4.135579661874626001e-01
3.359784022066150677e-01
2.597654004309173370e-01
1.846880116836595309e-01
1.104613283522957456e-01
3.676105842817350283e-02
-3.676105842817296160e-02
-1.104613283522963840e-01
-1.846880116836595309e-01
-2.597654004309290499e-01
-3.359784022065325226e-01
-4.135579661874722035e-01
-4.926676826816842047e-01
-5.733918804737222485e-01
-6.557255350073293299e-01
-7.395662822054636099e-01
-8.247088082944163956e-01
-9.108418516540800480e-01
-9.975480091960445828e-01
-1.084306485460104774e+00
-1.170498857746361976e+00
-1.255417856217108330e+00
-1.338279073418736642e+00
-1.418235428247147434e+00
-1.494394113494956988e+00
-1.565835660752131320e+00
-1.631634662229771937e+00
-1.690881602810594408e+00
-1.742705179346002886e+00
-1.786294425261793384e+00
-1.820919917199927518e+00
-1.845953328078931310e+00
-1.860884601029104912e+00
-1.865336065522145814e+00
-1.859072891755490176e+00
-1.842009389401386477e+00
-1.814210796148221672e+00
-1.775890370095899895e+00
-1.727401786913037141e+00
-1.669227047177978873e+00
-1.601960306900831688e+00
-1.526288244360947788e+00
-1.442967761847481656e+00
-1.352801974516770978e+00
-1.256615547342490036e+00
-1.155230519954468793e+00
-1.049443738261598424e+00
-9.400069789096637818e-01
-8.276107270369925661e-01
-7.128723813272249688e-01
-5.963294412221267216e-01
-4.784379682216077789e-01
-3.595763068877033675e-01
-2.400537684120192528e-01
-1.201236863453839648e-01
-4.637020172915242308e-16
0.000000000000000000e+00
1.045085725893572098e-01
2.085062588532273775e-01
3.114759249099559590e-01
4.128886132107622009e-01
5.121992652044006222e-01
6.088442841086708635e-01
7.022413581779511915e-01
7.917918171657126747e-01
8.768856291768752920e-01
9.569089742407262955e-01
1.031254165141461288e+00
1.099331535017876282e+00
1.160582784755275210e+00
1.214495190116442469e+00
1.260616003148519182e+00
1.298566372268235680e+00
1.328054109561391138e+00
1.348884693268390444e+00
1.360969972830457841e+00
1.364334148152350545e+00
1.359116720945100498e+00
1.345572245842820314e+00
1.324066847613510900e+00
1.295071599438530896e+00
1.259152980380074727e+00
1.216960734221014917e+00
1.169213540315507505e+00
1.116682971745686315e+00
1.060176259051388126e+00
1.000518399670421887e+00
9.385341509311997399e-01
8.750304251332057248e-01
8.107795669817643436e-01
7.465039417041483549e-01
6.828622005413786944e-01
6.204375189180113548e-01
5.597280300142766229e-01
5.011396003564854151e-01
4.449810232779232155e-01
3.914616368918973355e-01
3.406913135848714247e-01
2.926827152608595939e-01
2.473556657163247519e-01
2.045434576932998738e-01
1.640008879608639836e-01
1.254137977449417130e-01
8.840988670688304518e-02
5.257056520131804522e-02
1.744360990377894632e-02
-1.744360990377612219e-02
-5.257056520118773973e-02
-8.840988670688608442e-02
-1.254137977478100852e-01
-1.640008879622799065e-01
-2.045434576898538526e-01
-2.473556657216262611e-01
-2.926827152635715912e-01
-3.406913135803785742e-01
-3.914616369047467237e-01
-4.449810232800254228e-01
-5.011396003482694317e-01
-5.597280300135538678e-01
-6.204375189313716676e-01
-6.828622005334771261e-01
-7.465039416867540467e-01
-8.107795669964361629e-01
-8.750304251243453679e-01
-9.385341509272403515e-01
-1.000518399667263525e+00
-1.060176259030789936e+00
-1.116682971749108910e+00
-1.169213540327390888e+00
-1.216960734191752769e+00
-1.259152980395895183e+00
-1.295071599530638329e+00
-1.324066847607598518e+00
-1.345572245799956157e+00
-1.359116720944047563e+00
-1.364334148169265237e+00
-1.360969972832420938e+00
-1.348884693257386136e+00
-1.328054109530552918e+00
-1.298566372295588467e+00
-1.260616003129592544e+00
-1.214495190131326119e+00
-1.160582784922896682e+00
-1.099331535000255933e+00
-1.031254165140026213e+00
-9.569089742438066093e-01
-8.768856291978313067e-01
-7.917918171495005319e-01
-7.022413581812902983e-01
-6.088442841139385386e-01
-5.121992652043996230e-01
-4.128886132100933470e-01
-3.114759249079197545e-01
-2.085062588587866805e-01
-1.045085725893561135e-01
-4.036462289523138318e-16
0.000000000000000000e+00
7.176939826709066717e-02
1.429763875100860115e-01
2.130604012325632290e-01
2.814648198036404092e-01
3.476395761578799926e-01
4.110444616822925834e-01
4.711532707780101137e-01
5.274588528692298883e-01
5.794790605748518786e-01
6.267635016985818597e-01
6.689009229213886965e-01
7.055269911130215288e-01
7.363321749199273070e-01
7.610693934012703332e-01
7.795610878492847950e-01
7.917053573164494207e-01
7.974808360716674205e-01
7.969500235706831193e-01
7.902608261294288283e-01
7.776461486500092501e-01
7.594214439141404593e-01
7.359802039689374853e-01
7.077874616054071755e-01
6.753714462324764689e-01
6.393136058986196302e-01
6.002372626952159340e-01
5.587952168710356160e-01
5.156566520670493592e-01
4.714937012663421023e-01
4.269680460623768714e-01
3.827179037057558131e-01
3.393457400871153773e-01
2.974070051239007251e-01
2.574001491840908762e-01
2.197581272896442228e-01
1.848415432919038870e-01
1.529335341692404371e-01
1.242364357398341862e-01
9.887022513301740867e-02
7.687268610939183844e-02
5.820120618898805970e-02
4.273608361347676354e-02
3.028519911464751593e-02
2.058989328888816833e-02
1.333188425350863120e-02
8.141060112189166253e-03
4.603986309941392879e-03
2.272976852488699327e-03
6.755889472868664312e-04
-6.755889472781253765e-04
-2.272976852518234295e-03
-4.603986309931838022e-03
-8.141060112158328074e-03
-1.333188425403374587e-02
-2.058989328877002672e-02
-3.028519911363898587e-02
-4.273608361249341819e-02
-5.820120618860498418e-02
-7.687268610744166231e-02
-9.887022513323283357e-02
-1.242364357325338314e-01
-1.529335341711879903e-01
-1.848415433314060108e-01
-2.197581272934559238e-01
-2.574001492486230336e-01
-2.974070051283396743e-01
-3.393457400135403423e-01
-3.827179036062159923e-01
-4.269680460636989805e-01
-4.714937012535378447e-01
-5.156566520670390341e-01
-5.587952168517597018e-01
-6.002372626989287419e-01
-6.393136058933329702e-01
-6.753714462205633318e-01
-7.077874616053966284e-01
-7.359802039690624964e-01
-7.594214441579966168e-01
-7.776461486758854402e-01
-7.902608261370905884e-01
-7.969500236036041185e-01
-7.974808360345350122e-01
-7.917053573178827186e-01
-7.795610880649038732e-01
-7.610693934101673275e-01
-7.363321749219167156e-01
-7.055269911347489264e-01
-6.689009229085409736e-01
-6.267635016838977169e-01
-5.794790605786548365e-01
-5.274588528654919894e-01
-4.711532707868358871e-01
-4.110444617563115410e-01
-3.476395761578812693e-01
-2.814648198016012071e-01
-2.130604012283484061e-01
-1.429763875113955196e-01
-7.176939826785748433e-02
-2.773337225617060632e-16
0.000000000000000000e+00
3.428484764011380942e-02
6.815499650148652833e-02
1.012001345909195466e-01
1.330187669376881598e-01
1.632227245913985825e-01
1.914417724000462007e-01
2.173283139915611062e-01
2.405621665495780437e-01
2.608553497527643095e-01
2.779568054764041674e-01
2.916569388261054385e-01
3.017918504464907059e-01
3.082471149213912298e-01
3.109609535250817958e-01
3.099266508360616346e-01
3.051940756204520877e-01
2.968701851061628649e-01
2.851184183847347842e-01
2.701569202271669745e-01
2.522555662022801792e-01
2.317318167684613295e-01
2.089454493674397784e-01
1.842922751247137725e-01
1.581969713754935725e-01
1.311052031725685185e-01
1.034752249267270885e-01
7.576917554920835352e-02
4.844429192485797536e-02
2.194426147227403895e-02
-3.309064756704497689e-03
-2.692339793807952547e-02
-4.854299475635591443e-02
-6.785474563807557258e-02
-8.459324814166804818e-02
-9.854478156881953110e-02
-1.095501361612049862e-01
-1.175062868580489389e-01
-1.223669364072012961e-01
-1.241419833178055016e-01
-1.228959960419596376e-01
-1.187457945068692428e-01
-1.118572531681976678e-01
-1.024414459591893034e-01
-9.075025313189863385e-02
-7.707154375887850795e-02
-6.172403660105163503e-02
-4.505192781706705146e-02
-2.741935779335075152e-02
-9.204773304059212999e-03
9.204773304059539127e-03
2.741935779352774188e-02
4.505192781760410103e-02
6.172403660024028405e-02
7.707154375831341830e-02
9.075025313102430546e-02
1.024414459552976386e-01
1.118572531679596499e-01
1.187457945090869688e-01
1.228959960417442265e-01
1.241419833161697822e-01
1.223669364072264842e-01
1.175062868543084310e-01
1.095501361595562356e-01
9.854478157099381963e-02
8.459324814319170438e-02
6.785474564002487441e-02
4.854299475568877448e-02
2.692339793711355858e-02
3.309064756621104761e-03
-2.194426147203601754e-02
-4.844429192485971009e-02
-7.576917555154856487e-02
-1.034752249246179423e-01
-1.311052031767242776e-01
-1.581969715328454262e-01
-1.842922751247120239e-01
-2.089454495768287567e-01
-2.317318167738366685e-01
-2.522555659562313313e-01
-2.701569202207266263e-01
-2.851184186572886525e-01
-2.968701851004053038e-01
-3.051940756211209416e-01
-3.099266508315810520e-01
-3.109609535262692348e-01
-3.082471149198310889e-01
-3.017918504509305433e-01
-2.916569388287827413e-01
-2.779568054754174011e-01
-2.608553497603652294e-01
-2.405621665388047170e-01
-2.173283139924688523e-01
-1.914417723985681330e-01
-1.632227245913998592e-01
-1.330187669347468182e-01
-1.012001345884275400e-01
-6.815499650148414135e-02
-3.428484764054488820e-02
-1.325790417234272320e-16
0.000000000000000000e+00
6.650193861981383396e-03
1.311527138268650874e-02
1.921315777922432896e-02
2.476783692522825306e-02
2.961231787096047993e-02
3.359152156178057957e-02
3.656505423572557756e-02
3.840982916855724405e-02
3.902249345317641838e-02
3.832161217793386004e-02
3.624955923721870366e-02
3.277406265653093342e-02
2.788935319517024322e-02
2.161686849910580271e-02
1.400547121674271082e-02
5.131148521565880201e-03
-4.903828189114004671e-03
-1.597229096930805059e-02
-2.792410274192679009e-02
-4.058860062401131730e-02
-5.377751479677132795e-02
-6.728830659375621692e-02
-8.090785465747064864e-02
-9.441640527309808073e-02
-1.075916927417175095e-01
-1.202131286379687913e-01
-1.320659554231603805e-01
-1.429452600149558605e-01
-1.526597474552536249e-01
-1.610351826905302708e-01
-1.679174200525438976e-01
-1.731749546651974725e-01
-1.767009471390433017e-01
-1.784146913803131007e-01
-1.782625149838025225e-01
-1.762181209392425785e-01
-1.722823976082044350e-01
-1.664827399697161314e-01
-1.588719387830596352e-01
-1.495267038816758820e-01
-1.385458938619878455e-01
-1.260485261275666735e-01
-1.121716387439070789e-01
-9.706806931054882959e-02
-8.090420648149218574e-02
-6.385775762954715162e-02
-4.611556267751032445e-02
-2.787146992340451893e-02
-9.324276407590818133e-03
9.324276407591224058e-03
2.787146992216025035e-02
4.611556267714417984e-02
6.385775763164414087e-02
8.090420648278433269e-02
9.706806931285082152e-02
1.121716387455210656e-01
1.260485261231620580e-01
1.385458938607729840e-01
1.495267038829819484e-01
1.588719387787918269e-01
1.664827399706738376e-01
1.722823976060392781e-01
1.762181209454605491e-01
1.782625149833508560e-01
1.784146913786078814e-01
1.767009471311809243e-01
1.731749546596179912e-01
1.679174200515023418e-01
1.610351826918324514e-01
1.526597474558955836e-01
1.429452600149567210e-01
1.320659554256691237e-01
1.202131286404896915e-01
1.075916927384912430e-01
9.441640527342555489e-02
8.090785465742200699e-02
6.728830659343654208e-02
5.377751479704669796e-02
4.058860062349880365e-02
2.792410274239413501e-02
1.597229096871040019e-02
4.903828189168730860e-03
-5.131148521744827336e-03
-1.400547121749758789e-02
-2.161686849822844203e-02
-2.788935319594162271e-02
-3.277406265484917453e-02
-3.624955923676047992e-02
-3.832161217892892519e-02
-3.902249345369936118e-02
-3.840982916780931455e-02
-3.656505423613602701e-02
-3.359152156200687078e-02
-2.961231787096026136e-02
-2.476783692436609202e-02
-1.921315777945387451e-02
-1.311527138305515310e-02
-6.650193861982632397e-03
-2.578382086423675513e-17
0.000000000000000000e+00
-8.443363708287856105e-18
4.541227486707451978e-17
4.123878855765625651e-17
-3.354814026690918289e-17
-4.201070419861756731e-17
5.766086801269313995e-17
1.197946731230525408e-16
4.521150345332621944e-17
9.342597003590841339e-17
1.467524439984945103e-16
-1.081837509614814379e-16
1.653187935168602330e-16
-3.737984676867523301e-18
-1.870073473791218969e-16
-1.737339943729941836e-16
-2.033554993351002406e-16
-1.385436808195602232e-16
-2.817867747973343645e-16
2.053023107334074657e-16
5.104444994510537307e-16
-9.892989468342809128e-17
4.118302478140852980e-16
-4.815348135342492819e-16
7.254118839965087224e-16
-6.357418733466551333e-16
-1.975281053051893775e-16
-1.279822009221160578e-15
6.555582547676278715e-16
-1.246301963006624025e-15
4.288878078838562198e-16
-1.889936573964945196e-16
1.688694545108564619e-16
-9.218750966157247892e-16
-9.246630855532667656e-16
-1.001017130431903680e-15
-3.135840447608866660e-16
-2.906128429109009157e-16
-4.136781918822712801e-17
-1.071366849421117048e-16
-5.474708725054917936e-16
-4.281844551555444836e-18
-5.298593537783923005e-16
3.847357291778128727e-17
-9.006845765969714600e-17
-1.032644511079804225e-16
-5.693031306738698330e-18
8.711106602451800631e-17
1.103118735885284012e-16
1.540324160400977151e-17
-3.368703542527102766e-17
-3.722043832545080596e-17
5.889533774005846608e-17
-1.400449498414138377e-16
-1.874820650078553432e-16
-1.997448276415891049e-16
-2.384570950453545854e-16
5.298593537784101485e-16
-2.813672241037461165e-16
-3.118782791219822477e-16
1.071366849421119020e-16
4.136781918822741151e-17
2.906128429109055502e-16
5.265906234801274349e-17
-2.574161023522362566e-16
3.702379248056726021e-16
-1.359412691663814583e-15
5.968213796142699199e-17
1.197760260184656870e-15
5.587410799217429138e-16
1.775098556382020315e-16
-6.555582547676278715e-16
5.494197212134487341e-16
5.527387931710214597e-16
2.923957270166468865e-16
-3.955942607396130161e-16
4.815348135341921881e-16
-2.475648078473393905e-17
-6.242068413573067935e-16
-6.030514011377538216e-16
-3.892041304283932708e-16
-2.704113911639556239e-16
-1.713237524211761368e-16
2.033554993351075622e-16
-2.350515897956121082e-16
6.071391726224960884e-16
-2.129612478900602722e-16
-1.653187935168814336e-16
1.081837509614922354e-16
-1.467524439984848714e-16
1.895938173587710143e-16
-1.414077214576474486e-16
-1.197946731230484979e-16
3.002598058911519885e-17
4.201070419861756731e-17
-7.169807489205443435e-18
-4.123878855765846902e-17
-6.604583620087852497e-18
-1.071963743871531502e-17
1.117267823406324338e-31
