1.459896580942020362e-15
-4.734765380161443660e-01
-9.480904755023823460e-01
-1.424960095155330952e+00
-1.905165128244399986e+00
-2.389726549874411354e+00
-2.879585409723214084e+00
-3.375580297439696231e+00
-3.878423195647306532e+00
-4.388673527119413720e+00
-4.906710290510064354e+00
-5.432702019075796862e+00
-5.966575005198989423e+00
-6.507979381704815935e+00
-7.056253928406335696e+00
-7.610389650721720578e+00
-8.168993013371270706e+00
-8.730249618666203304e+00
-9.291889350377031676e+00
-9.851154464231694163e+00
-1.040477209023604921e+01
-1.094893267848922136e+01
-1.147927689198965240e+01
-1.199089260358613096e+01
-1.247832433682423492e+01
-1.293559743195437228e+01
-1.335625917773752924e+01
-1.373343841647153418e+01
-1.405992558751597166e+01
-1.432827398804647068e+01
-1.453092264476761208e+01
-1.466034034256312957e+01
-1.470918908683412063e+01
-1.467050484844801517e+01
-1.453789148288873712e+01
-1.430572309254649177e+01
-1.396934890459791845e+01
-1.352529356403269567e+01
-1.297144544888551643e+01
-1.230722449740318680e+01
-1.153372188017173983e+01
-1.065380325397961414e+01
-9.672168970713773462e+00
-8.595365393738269688e+00
-7.431743383013710513e+00
-6.191362022184827119e+00
-4.885838023724390133e+00
-3.528143622876485530e+00
-2.132358286170812800e+00
-7.133817947047680352e-01
7.133817947584975006e-01
2.132358286218216215e+00
3.528143623328985345e+00
4.885838023566377863e+00
6.191362022439806267e+00
7.431743383723760310e+00
8.595365392961737072e+00
9.672168966693948988e+00
1.065380325105551940e+01
1.153372188226905415e+01
1.230722449762218496e+01
1.297144544309210801e+01
1.352529356918360293e+01
1.396934890709106902e+01
1.430572309072165815e+01
1.453789148527105368e+01
1.467050484926470943e+01
1.470918908057889318e+01
1.466034033827435579e+01
1.453092266034722080e+01
1.432827399215816477e+01
1.405992558897146871e+01
1.373343841579330693e+01
1.335625918225195186e+01
1.293559744264470446e+01
1.247832432805058289e+01
1.199089260612787733e+01
1.147927689310263766e+01
1.094893267335904241e+01
1.040477208355045491e+01
9.851154465971657004e+00
9.291889346533730887e+00
8.730249627598416495e+00
8.168993029562381381e+00
7.610389660331696504e+00
7.056253930762199644e+00
6.507979378814804150e+00
5.966575006190359964e+00
5.432702017463175714e+00
4.906710287160332307e+00
4.388673534537866239e+00
3.878423191977605100e+00
3.375580302893359530e+00
2.879585411270128237e+00
2.389726549939291900e+00
1.905165127303400041e+00
1.424960094632205410e+00
9.480904748056968590e-01
4.734765377830960076e-01
3.286398542302343586e-15
1.537571393793893405e-15
-4.987959898835211403e-01
-9.987588223173644586e-01
-1.501035138454655860e+00
-2.006730818201718947e+00
-2.516889693231686209e+00
-3.032471200995466631e+00
-3.554326725848682145e+00
-4.083174246177200040e+00
-4.619571135891999525e+00
-5.163885117470469410e+00
-5.716262948456509285e+00
-6.276597332672499974e+00
-6.844491845929284501e+00
-7.419224487583560013e+00
-7.999710123256783767e+00
-8.584462750594001434e+00
-9.171558188852666049e+00
-9.758598624827437007e+00
-1.034268016969186910e+01
-1.092036521076093791e+01
-1.148766108625910043e+01
-1.204000756623304902e+01
-1.257227483697649006e+01
-1.307877461089976556e+01
-1.355328636061392444e+01
-1.398910111372187259e+01
-1.437908442747603033e+01
-1.471576025796260190e+01
-1.499141674125873891e+01
-1.519823401171931110e+01
-1.532843352765686795e+01
-1.537444748759242863e+01
-1.532910535030837273e+01
-1.518583390492490004e+01
-1.493886549493728033e+01
-1.458344855570028997e+01
-1.411605312043801774e+01
-1.353456353357568176e+01
-1.283845005102803860e+01
-1.202891102646696808e+01
-1.110897770342520730e+01
-1.008357455445831619e+01
-8.959529463058302667e+00
-7.745529612118509988e+00
-6.452021287456502385e+00
-5.091054009278439096e+00
-3.676071976878551251e+00
-2.221658243387540921e+00
-7.432394159292085023e-01
7.432394159028469227e-01
2.221658242905958591e+00
3.676071976730428403e+00
5.091054009479040410e+00
6.452021286752128049e+00
7.745529611583124030e+00
8.959529464902001195e+00
1.008357455479742804e+01
1.110897770188201328e+01
1.202891102976319004e+01
1.283845004503601750e+01
1.353456353602828699e+01
1.411605311474936109e+01
1.458344855839339971e+01
1.493886549387661056e+01
1.518583391319832288e+01
1.532910534393723800e+01
1.537444748841756947e+01
1.532843353893430383e+01
1.519823401922057293e+01
1.499141674981835770e+01
1.471576024387049841e+01
1.437908443541012105e+01
1.398910111371803389e+01
1.355328635794199776e+01
1.307877462115692779e+01
1.257227484455255073e+01
1.204000757932424470e+01
1.148766107686235394e+01
1.092036519419854734e+01
1.034268015913881023e+01
9.758598614747860722e+00
9.171558187061242151e+00
8.584462764543623337e+00
7.999710134499820491e+00
7.419224485418399517e+00
6.844491846164806326e+00
6.276597338579501084e+00
5.716262948036350267e+00
5.163885122192518828e+00
4.619571157519206217e+00
4.083174245957089887e+00
3.554326732310037151e+00
3.032471205941734027e+00
2.516889692152028957e+00
2.006730819793949738e+00
1.501035140360808651e+00
9.987588232473254557e-01
4.987959897427277633e-01
3.461766848955883446e-15
1.619442051477457755e-15
-5.254902103839315108e-01
-1.052176250984191652e+00
-1.581232597375234805e+00
-2.113790656628362630e+00
-2.650916291111057532e+00
-3.193586331364807851e+00
-3.742663611349008157e+00
-4.298870433224663223e+00
-4.862760157208136924e+00
-5.434686689933587722e+00
-6.014772097443450427e+00
-6.602872033142548780e+00
-7.198539533947329261e+00
-7.800987242405891919e+00
-8.409048806032121348e+00
-9.021139979010479593e+00
-9.635220549383401334e+00
-1.024875816837266029e+01
-1.085869551117903953e+01
-1.146142243302485575e+01
-1.205275504441041079e+01
-1.262792373859750228e+01
-1.318157244338154399e+01
-1.370777132100009688e+01
-1.420004537097658392e+01
-1.465142094421807073e+01
-1.505449228835180087e+01
-1.540150939657097595e+01
-1.568448838656179056e+01
-1.589534445516804695e+01
-1.602604681615247628e+01
-1.606879395432314439e+01
-1.601620623834656598e+01
-1.586153206266913784e+01
-1.559886219431801102e+01
-1.522334590378505048e+01
-1.473140167682235635e+01
-1.412091446394331307e+01
-1.339141081719666104e+01
-1.254420371485791641e+01
-1.158249870435177620e+01
-1.051145431317702617e+01
-9.338190954707210167e+00
-8.071744113145667754e+00
-6.722960097816526925e+00
-5.304334766000558865e+00
-3.829798366743764948e+00
-2.314452078612643238e+00
-7.742641787802608810e-01
7.742641786698939432e-01
2.314452078588080219e+00
3.829798367258903546e+00
5.304334766226341813e+00
6.722960098657310368e+00
8.071744112425729867e+00
9.338190955439445773e+00
1.051145431622449600e+01
1.158249870462141473e+01
1.254420371861294647e+01
1.339141081664220678e+01
1.412091445966580849e+01
1.473140167657713562e+01
1.522334590374226337e+01
1.559886219744491420e+01
1.586153206584621067e+01
1.601620623159224266e+01
1.606879395424213541e+01
1.602604682889041143e+01
1.589534444279594183e+01
1.568448837884197289e+01
1.540150939185504519e+01
1.505449228506250670e+01
1.465142094495045022e+01
1.420004537261159427e+01
1.370777132634113649e+01
1.318157243818068380e+01
1.262792373840301785e+01
1.205275503511025548e+01
1.146142241989279675e+01
1.085869549929448041e+01
1.024875816540791895e+01
9.635220544740196402e+00
9.021139974528818328e+00
8.409048809960607329e+00
7.800987257034607048e+00
7.198539538964855211e+00
6.602872041428724970e+00
6.014772093506721262e+00
5.434686702574141215e+00
4.862760159436682272e+00
4.298870438672631522e+00
3.742663614648380932e+00
3.193586335042040147e+00
2.650916291723565799e+00
2.113790653762485316e+00
1.581232596724921224e+00
1.052176251426533149e+00
5.254902102317196011e-01
3.646636787448342839e-15
1.705756917869469410e-15
-5.536411181546205817e-01
-1.108506399504444184e+00
-1.665797440514104721e+00
-2.226670336117440030e+00
-2.792211983533798847e+00
-3.363415306001340532e+00
-3.941153075699349362e+00
-4.526150009837754062e+00
-5.118953111823495661e+00
-5.719899774125009273e+00
-6.329084075440532864e+00
-6.946320891250043594e+00
-7.571108363005945918e+00
-8.202588888653101762e+00
-8.839509341697869615e+00
-9.480181235398994488e+00
-1.012244165496588977e+01
-1.076361652580063932e+01
-1.140048737444000260e+01
-1.202926347326624068e+01
-1.264556119261767186e+01
-1.324439284832824804e+01
-1.382016723823138982e+01
-1.436670409320458930e+01
-1.487726515070567501e+01
-1.534460368660428919e+01
-1.576103447898567111e+01
-1.611852614865075850e+01
-1.640881611401309570e+01
-1.662354889376825895e+01
-1.675443672867301714e+01
-1.679344086731117613e+01
-1.673297036153841333e+01
-1.656609447328290941e+01
-1.628676301181135244e+01
-1.589002824720603080e+01
-1.537226079374903520e+01
-1.473135129095698659e+01
-1.396688921822830842e+01
-1.308031006148272368e+01
-1.207500282508169498e+01
-1.095637044280449857e+01
-9.731837183584817197e+00
-8.410799092497029505e+00
-7.004515495494351818e+00
-5.525942230374966790e+00
-3.989509755695719306e+00
-2.410851905837882558e+00
-8.064934431028832895e-01
8.064934431256230996e-01
2.410851906001378442e+00
3.989509755590380458e+00
5.525942231008087013e+00
7.004515495268241132e+00
8.410799091815023942e+00
9.731837186057887834e+00
1.095637044315383868e+01
1.207500282526276436e+01
1.308031005942046043e+01
1.396688922102029906e+01
1.473135130172807727e+01
1.537226079281281521e+01
1.589002824888813592e+01
1.628676301744068411e+01
1.656609447042843186e+01
1.673297036187268105e+01
1.679344087267553220e+01
1.675443673941330758e+01
1.662354889884613485e+01
1.640881611440290655e+01
1.611852615611804396e+01
1.576103448178105637e+01
1.534460367955919757e+01
1.487726515664920512e+01
1.436670409193082953e+01
1.382016723387949853e+01
1.324439285811833855e+01
1.264556118808303076e+01
1.202926347922566208e+01
1.140048738371057446e+01
1.076361652706158978e+01
1.012244166038970761e+01
9.480181236347677398e+00
8.839509357907626708e+00
8.202588887133748230e+00
7.571108357566420644e+00
6.946320902979227441e+00
6.329084077752458626e+00
5.719899774592560604e+00
5.118953104656738695e+00
4.526150010487023145e+00
3.941153063210220520e+00
3.363415307429733048e+00
2.792211983942519904e+00
2.226670336674862138e+00
1.665797441662122402e+00
1.108506398636021739e+00
5.536411181597368225e-01
3.841572977328330929e-15
1.796784252673775412e-15
-5.833372405834015284e-01
-1.167926095313821300e+00
-1.754994338620028405e+00
-2.345721679303304441e+00
-2.941214782625864554e+00
-3.542481163427170010e+00
-4.150401678605219580e+00
-4.765701332154776537e+00
-5.388918098459170025e+00
-6.020369834121550134e+00
-6.660119011570338365e+00
-7.307935611441505053e+00
-7.963258167920351127e+00
-8.625153556588934123e+00
-9.292276021252412477e+00
-9.962826282709272618e+00
-1.063451173638746639e+01
-1.130450899793502195e+01
-1.196943039094617767e+01
-1.262529612509904986e+01
-1.326751404899226117e+01
-1.389086939100783979e+01
-1.448952670139627408e+01
-1.505704623798643738e+01
-1.558641760684756505e+01
-1.607011239149391812e+01
-1.650015804180025114e+01
-1.686823436287728484e+01
-1.716579358225003205e+01
-1.738420406334347845e+01
-1.751491673498292911e+01
-1.754965251156052730e+01
-1.748060745972399133e+01
-1.730067144895642528e+01
-1.700365458734313506e+01
-1.658451490098302727e+01
-1.603957940565146956e+01
-1.536675022756752540e+01
-1.456568683691615185e+01
-1.363795573984139864e+01
-1.258713905559649682e+01
-1.141889481273578255e+01
-1.014096283324652603e+01
-8.763112194043923608e+00
-7.297028411127304715e+00
-5.756141013534545436e+00
-4.155394812952121875e+00
-2.510970784530746069e+00
-8.399648704613018602e-01
8.399648704167863578e-01
2.510970784448767645e+00
4.155394813143360011e+00
5.756141013316273813e+00
7.297028410801812193e+00
8.763112192600164718e+00
1.014096283266822951e+01
1.141889481207682877e+01
1.258713905763034546e+01
1.363795573912772241e+01
1.456568684370962607e+01
1.536675022861853002e+01
1.603957941188410885e+01
1.658451489999251294e+01
1.700365458990828316e+01
1.730067145184367661e+01
1.748060747045041552e+01
1.754965250872033877e+01
1.751491673429276474e+01
1.738420406146711272e+01
1.716579358938954414e+01
1.686823436195878401e+01
1.650015802826442979e+01
1.607011238411362086e+01
1.558641761138227011e+01
1.505704623382982987e+01
1.448952670802406217e+01
1.389086939131615850e+01
1.326751404728966932e+01
1.262529612829184877e+01
1.196943038922798763e+01
1.130450898550746963e+01
1.063451173593443322e+01
9.962826279195402535e+00
9.292276018326239395e+00
8.625153544253857163e+00
7.963258171394991258e+00
7.307935614058665763e+00
6.660119013302643332e+00
6.020369829470174849e+00
5.388918097721486333e+00
4.765701332846168370e+00
4.150401688617672669e+00
3.542481165326831771e+00
2.941214778885516967e+00
2.345721683106425370e+00
1.754994340249229623e+00
1.167926094963909645e+00
5.833372407546549843e-01
4.047185471161313916e-15
1.892814743254129351e-15
-6.146745609184225412e-01
-1.230627041981913861e+00
-1.849110180620072263e+00
-2.471325953739421877e+00
-3.098399240836797297e+00
-3.731350353833495337e+00
-4.371066113407048093e+00
-5.018269238607465432e+00
-5.673485791733340555e+00
-6.337010592463363956e+00
-7.008870614304499647e+00
-7.688786384912662086e+00
-8.376131709914639956e+00
-9.069892242048883446e+00
-9.768623277978322861e+00
-1.047040788596548211e+01
-1.117281624103728710e+01
-1.187286768380702107e+01
-1.256699687914063190e+01
-1.325102611426866694e+01
-1.392014561362634950e+01
-1.456890425074110063e+01
-1.519121294138327016e+01
-1.578036330226524164e+01
-1.632906377864872027e+01
-1.682949579678320617e+01
-1.727339146897681843e+01
-1.765213466627940520e+01
-1.795688622461075923e+01
-1.817873317054344540e+01
-1.830886121934802091e+01
-1.833874843774152552e+01
-1.826037678364099648e+01
-1.806645709017073642e+01
-1.775066172168460810e+01
-1.730785793520653471e+01
-1.673433414944075892e+01
-1.602801036913452393e+01
-1.518862389135594526e+01
-1.421788122415268418e+01
-1.311956778457623329e+01
-1.189960784809234795e+01
-1.056606878151849749e+01
-9.129105388087003448e+00
-7.600842653458157017e+00
-5.995197532318229605e+00
-4.327643271641148814e+00
-2.614922314655057978e+00
-8.747162867000142228e-01
8.747162866770412659e-01
2.614922314599047670e+00
4.327643271857207097e+00
5.995197531388957835e+00
7.600842653063077492e+00
9.129105388357759310e+00
1.056606878008560457e+01
1.189960784759056978e+01
1.311956778436099746e+01
1.421788122518849207e+01
1.518862389203062691e+01
1.602801036840345716e+01
1.673433415666663748e+01
1.730785793854796850e+01
1.775066172082697946e+01
1.806645708911814907e+01
1.826037678601031899e+01
1.833874843862198745e+01
1.830886122317698650e+01
1.817873317412179546e+01
1.795688622808958357e+01
1.765213467251507495e+01
1.727339146914059143e+01
1.682949581016529450e+01
1.632906378334697450e+01
1.578036328205644701e+01
1.519121294154960999e+01
1.456890424684291041e+01
1.392014561801483374e+01
1.325102611347396042e+01
1.256699688077361010e+01
1.187286767185237579e+01
1.117281624961607633e+01
1.047040788952362256e+01
9.768623270193417696e+00
9.069892240120974947e+00
8.376131706046459513e+00
7.688786374533136403e+00
7.008870618794606600e+00
6.337010595292918325e+00
5.673485787076756992e+00
5.018269239297020512e+00
4.371066111538449483e+00
3.731350352491667355e+00
3.098399242429689338e+00
2.471325953779527129e+00
1.849110180568358519e+00
1.230627042339703880e+00
6.146745615921090922e-01
4.264135548012716514e-15
1.994164461847701992e-15
-6.477575066737276677e-01
-1.296817785424145608e+00
-1.948457004733907372e+00
-2.603897751367020952e+00
-3.264281244255601955e+00
-3.930638426898807936e+00
-4.603859608809385939e+00
-5.284662335486519424e+00
-5.973557427484846194e+00
-6.670812811151916044e+00
-7.376415563932351205e+00
-8.090031789419681374e+00
-8.810965067743072865e+00
-9.538113593478996677e+00
-1.026992693899990350e+01
-1.100436313562728685e+01
-1.173884722832050009e+01
-1.247023283962055196e+01
-1.319476811024371443e+01
-1.390806821247181801e+01
-1.460509624060364153e+01
-1.528015513881874554e+01
-1.592689269664574603e+01
-1.653832242469770009e+01
-1.710686272589658330e+01
-1.762439630614046848e+01
-1.808235212484591514e+01
-1.847181123899611066e+01
-1.878363719235550988e+01
-1.900863098148877839e+01
-1.913770978361686304e+01
-1.916210685969041094e+01
-1.907358963385618367e+01
-1.886469108783908055e+01
-1.852894852237107415e+01
-1.806114273008157411e+01
-1.745752927077599281e+01
-1.671605324085111022e+01
-1.583653825535130011e+01
-1.482084048155098266e+01
-1.367295936493446540e+01
-1.239909696134576755e+01
-1.100766051049547833e+01
-9.509203454296939029e+00
-7.916303552438891167e+00
-6.243378898736325233e+00
-4.506445082374328948e+00
-2.722820116852805228e+00
-9.107855053437396986e-01
9.107855052720872369e-01
2.722820116101624777e+00
4.506445082897646337e+00
6.243378897128666338e+00
7.916303552322440318e+00
9.509203454960690749e+00
1.100766050793083650e+01
1.239909696950630114e+01
1.367295934398275570e+01
1.482084049447192875e+01
1.583653824546744637e+01
1.671605323339690585e+01
1.745752926319356035e+01
1.806114270886740414e+01
1.852894852944251269e+01
1.886469108568208242e+01
1.907358963825247500e+01
1.916210687160433679e+01
1.913770978517329269e+01
1.900863098783770866e+01
1.878363719141954391e+01
1.847181125107179156e+01
1.808235213104700279e+01
1.762439631406576623e+01
1.710686273616797592e+01
1.653832242513044548e+01
1.592689267699828726e+01
1.528015512937391307e+01
1.460509623426283810e+01
1.390806819390405735e+01
1.319476809862132072e+01
1.247023285117569635e+01
1.173884723320802337e+01
1.100436313159187129e+01
1.026992694424248143e+01
9.538113596076753353e+00
8.810965076472671242e+00
8.090031795217697663e+00
7.376415563672652276e+00
6.670812813376636896e+00
5.973557422845480858e+00
5.284662343346949953e+00
4.603859606183834607e+00
3.930638426577670597e+00
3.264281238606788538e+00
2.603897748021556602e+00
1.948457002823056339e+00
1.296817783062373941e+00
6.477575065821108424e-01
4.493142480639870940e-15
2.101178317210750210e-15
-6.827000980597515145e-01
-1.366726000153470233e+00
-2.053375418203189362e+00
-2.743889507009468876e+00
-3.439423582857700890e+00
-4.141016653942734216e+00
-4.849559630642431785e+00
-5.565761561936439783e+00
-6.290114246750922788e+00
-7.022854402832477305e+00
-7.763924369738036013e+00
-8.512930374921788612e+00
-9.269099645904146811e+00
-1.003123626716109307e+01
-1.079767682613659296e+01
-1.156624637923381727e+01
-1.233421645711699632e+01
-1.309826603375961795e+01
-1.385444740842108935e+01
-1.459815900697775604e+01
-1.532412705434078326e+01
-1.602639866074990849e+01
-1.669834876091502451e+01
-1.733270336698136660e+01
-1.792158169376670429e+01
-1.845655936823640886e+01
-1.892875467998550576e+01
-1.932893924481628289e+01
-1.964767383943225809e+01
-1.987546938953351372e+01
-2.000297173464501199e+01
-2.002116818436234880e+01
-1.992161202183368829e+01
-1.969666040091501458e+01
-1.933971921454197229e+01
-1.884548795771380725e+01
-1.821019599959995006e+01
-1.743182163563860243e+01
-1.651028386475206133e+01
-1.544759911734686497e+01
-1.424799196849768634e+01
-1.291795444328597497e+01
-1.146624606987521666e+01
-9.903832000135370350e+00
-8.243756243185554666e+00
-6.500951461461691672e+00
-4.691989321966588911e+00
-2.834777147591845736e+00
-9.482100976519313162e-01
9.482100967337487862e-01
2.834777147475157300e+00
4.691989319324728847e+00
6.500951453255015444e+00
8.243756242270160683e+00
9.903832011298973725e+00
1.146624607288649145e+01
1.291795445046318491e+01
1.424799197090620240e+01
1.544759911650115392e+01
1.651028386287486072e+01
1.743182165945849604e+01
1.821019600061431021e+01
1.884548795903009832e+01
1.933971921585420972e+01
1.969666040271312824e+01
1.992161202015033794e+01
2.002116818670626941e+01
2.000297174007910783e+01
1.987546939205142138e+01
1.964767384586049559e+01
1.932893924275091635e+01
1.892875467925789224e+01
1.845655937294348448e+01
1.792158168372897364e+01
1.733270336268635603e+01
1.669834876012047431e+01
1.602639865184909240e+01
1.532412704731866526e+01
1.459815900701514124e+01
1.385444740876206637e+01
1.309826602872547774e+01
1.233421646537215821e+01
1.156624638312752218e+01
1.079767682480827240e+01
1.003123627621286040e+01
9.269099644645553582e+00
8.512930370280869852e+00
7.763924373562534953e+00
7.022854408190884357e+00
6.290114220457861727e+00
5.565761574426197456e+00
4.849559635568469140e+00
4.141016651067921828e+00
3.439423579759380178e+00
2.743889506710549320e+00
2.053375418339231651e+00
1.366725999905979982e+00
6.827000998980273794e-01
4.734991433821091347e-15
2.214234128358042563e-15
-7.196273062907430074e-01
-1.440601208145283696e+00
-2.164238638528789060e+00
-2.891796850731672031e+00
-3.624442522893969176e+00
-4.363219789988027841e+00
-5.109016722047095449e+00
-5.862530151063719330e+00
-6.624228457849660856e+00
-7.394312441180355577e+00
-8.172674185851924733e+00
-8.958854040520286333e+00
-9.751996284487967515e+00
-1.055080368930217638e+01
-1.135349186717801651e+01
-1.215774455529589737e+01
-1.296067077414942759e+01
-1.375876539393216191e+01
-1.454787520098758691e+01
-1.532317178565768678e+01
-1.607913433930299973e+01
-1.680954413201511599e+01
-1.750749322646008466e+01
-1.816541058076792226e+01
-1.877510741683520124e+01
-1.932784393516472576e+01
-1.981442052635323492e+01
-2.022529310310165940e+01
-2.055071499333771712e+01
-2.078090337582406022e+01
-2.090623101149965990e+01
-2.091743885606699394e+01
-2.080586745789115355e+01
-2.056370112928881255e+01
-2.018421910078303227e+01
-1.966204573655583587e+01
-1.899339192889039651e+01
-1.817627807074896040e+01
-1.721072899467304751e+01
-1.609893217453100434e+01
-1.484534929768261513e+01
-1.345677465529364625e+01
-1.194233324853139599e+01
-1.031341500898737173e+01
-8.583543329103290986e+00
-6.768178938674485501e+00
-4.884462846038307049e+00
-2.950904915136560724e+00
-9.870271221664105310e-01
9.870271233734423388e-01
2.950904919207831156e+00
4.884462857368333744e+00
6.768178943181875518e+00
8.583543330465714050e+00
1.031341500439394920e+01
1.194233324824311460e+01
1.345677464267538603e+01
1.484534927230260415e+01
1.609893217547923427e+01
1.721072902990560038e+01
1.817627806695976034e+01
1.899339196980000466e+01
1.966204575617419081e+01
2.018421909236190359e+01
2.056370110465905299e+01
2.080586744496430285e+01
2.091743886235342131e+01
2.090623101188287691e+01
2.078090337296345780e+01
2.055071496574863943e+01
2.022529309888660976e+01
1.981442051060416532e+01
1.932784391351410846e+01
1.877510737771284965e+01
1.816541060888935277e+01
1.750749321443577955e+01
1.680954411216980660e+01
1.607913435528994128e+01
1.532317176944101611e+01
1.454787519739675972e+01
1.375876541865457803e+01
1.296067077441315440e+01
1.215774455928716158e+01
1.135349184190842564e+01
1.055080367163109045e+01
9.751996316364726525e+00
8.958854043644109311e+00
8.172674176330325224e+00
7.394312451775197026e+00
6.624228456565560030e+00
5.862530154578274200e+00
5.109016730672353290e+00
4.363219784132077450e+00
3.624442520003917423e+00
2.891796847312122942e+00
2.164238638270179926e+00
1.440601206367176479e+00
7.196273061865845477e-01
4.990542784608343503e-15
2.333747298200372998e-15
-7.586766132986645372e-01
-1.518717864722236799e+00
-2.281457106259992429e+00
-3.048164681667755893e+00
-3.820015451730119693e+00
-4.598055067680559382e+00
-5.383164909851736013e+00
-6.176025153090640707e+00
-6.977075958819529689e+00
-7.786476690934602374e+00
-8.604063226471389214e+00
-9.429303401415703334e+00
-1.026125126580669367e+01
-1.109850029710456276e+01
-1.193913678627886910e+01
-1.278069401496644275e+01
-1.362010900823659654e+01
-1.445368262655166802e+01
-1.527704568875499369e+01
-1.608513268727480039e+01
-1.687216526819429419e+01
-1.763164838995466610e+01
-1.835638140865851042e+01
-1.903848668184335935e+01
-1.966945824573912560e+01
-2.024023331943356041e+01
-2.074128727782341031e+01
-2.116275491346472393e+01
-2.149457771855298560e+01
-2.172667666166345413e+01
-2.184915024913030379e+01
-2.185249401486435517e+01
-2.172783828045633925e+01
-2.146719867160530626e+01
-2.106373353583185093e+01
-2.051199972844495178e+01
-1.980819836988526461e+01
-1.895040205585605619e+01
-1.793875242261558256e+01
-1.677561998522619291e+01
-1.546571611223680875e+01
-1.401615034311076258e+01
-1.243642611305824808e+01
-1.073837139609401881e+01
-8.936002164190547603e+00
-7.045320151961977473e+00
-5.084048497626378449e+00
-3.071312263763205319e+00
-1.027272725645993479e+00
1.027272725859300628e+00
3.071312268060564676e+00
5.084048505452392064e+00
7.045320143642460842e+00
8.936002156832376642e+00
1.073837139666370177e+01
1.243642611267049602e+01
1.401615034269573101e+01
1.546571611327529183e+01
1.677561995387375049e+01
1.793875245297759946e+01
1.895040203601230644e+01
1.980819837293181962e+01
2.051199970303128950e+01
2.106373358719401168e+01
2.146719866205456739e+01
2.172783826757923364e+01
2.185249401026639404e+01
2.184915027855895531e+01
2.172667665024478723e+01
2.149457770049621530e+01
2.116275493634102389e+01
2.074128729552032979e+01
2.024023331885090116e+01
1.966945825141067772e+01
1.903848667941326767e+01
1.835638145129076548e+01
1.763164839065385792e+01
1.687216526516111514e+01
1.608513269308630456e+01
1.527704570113022520e+01
1.445368261909893093e+01
1.362010901676948826e+01
1.278069399501801406e+01
1.193913676352170050e+01
1.109850030035556756e+01
1.026125125701041441e+01
9.429303425513500869e+00
8.604063204859331293e+00
7.786476691501388103e+00
6.977075955718056832e+00
6.176025158405369808e+00
5.383164910651948354e+00
4.598055065303957356e+00
3.820015439387089984e+00
3.048164679633387664e+00
2.281457106450517802e+00
1.518717862941164620e+00
7.586766108454359170e-01
5.260742818019374436e-15
2.460176386322989880e-15
-7.999998537838819423e-01
-1.601379071477843530e+00
-2.405483979146521456e+00
-3.213594470079131682e+00
-4.026889697418158498e+00
-4.846412731157561105e+00
-5.673033684011386413e+00
-6.507410994550578032e+00
-7.349951118863161881e+00
-8.200765865932845955e+00
-9.059628134326814575e+00
-9.925925980512268154e+00
-1.079861512537457990e+01
-1.167617127655532450e+01
-1.255654216817809932e+01
-1.343710099464572671e+01
-1.431460248073390318e+01
-1.518514299288804636e+01
-1.604412676311376629e+01
-1.688624014922616112e+01
-1.770543647858823988e+01
-1.849493392919612589e+01
-1.924722890232665762e+01
-1.995412757319455110e+01
-2.060679858095613426e+01
-2.119584806265207177e+01
-2.171142034063411685e+01
-2.214332411970150716e+01
-2.248118561661147652e+01
-2.271462806665146417e+01
-2.283347601018869000e+01
-2.282798131496027949e+01
-2.268906783917822878e+01
-2.240858839141028369e+01
-2.197958760832926117e+01
-2.139656338150600945e+01
-2.065571756360190392e+01
-1.975518594106069159e+01
-1.869523923989017433e+01
-1.747844384588496780e+01
-1.610977380530026437e+01
-1.459666744079210332e+01
-1.294902003665795220e+01
-1.117911062940229350e+01
-9.301460752462258341e+00
-7.332625630831569374e+00
-5.290922726691240641e+00
-3.196104060188358797e+00
-1.068981689208710728e+00
1.068981687077390497e+00
3.196104063140929430e+00
5.290922742251281896e+00
7.332625642017996270e+00
9.301460758409845653e+00
1.117911062073770800e+01
1.294902006749385137e+01
1.459666744443870456e+01
1.610977380512381529e+01
1.747844379503371570e+01
1.869523928018822900e+01
1.975518598685599159e+01
2.065571758330760943e+01
2.139656344542709476e+01
2.197958762237783148e+01
2.240858839566380922e+01
2.268906785912904311e+01
2.282798130771370637e+01
2.283347597700704412e+01
2.271462811193585196e+01
2.248118561363633461e+01
2.214332414178604580e+01
2.171142036863844638e+01
2.119584809409422022e+01
2.060679855331483878e+01
1.995412757183290964e+01
1.924722887971251595e+01
1.849493390666573944e+01
1.770543647473047955e+01
1.688624014805961693e+01
1.604412674421731211e+01
1.518514299977784532e+01
1.431460246994982555e+01
1.343710099603888608e+01
1.255654216734227901e+01
1.167617129500570705e+01
1.079861513229798753e+01
9.925925952237744099e+00
9.059628132746897933e+00
8.200765856566931689e+00
7.349951110755641004e+00
6.507410991128663724e+00
5.673033678442453542e+00
4.846412742053638922e+00
4.026889698454226618e+00
3.213594470218089860e+00
2.405483982173747037e+00
1.601379073391077545e+00
7.999998552120048956e-01
5.546636475620065558e-15
2.594029467733418189e-15
-8.437653747605035059e-01
-1.688920809103627851e+00
-2.536821510810181923e+00
-3.388752602475877840e+00
-4.245893008968265825e+00
-5.109278295497104772e+00
-5.979762017036208910e+00
-6.857975161834777289e+00
-7.744284006229309902e+00
-8.638745962071073592e+00
-9.541063498409259935e+00
-1.045053660655415051e+01
-1.136601407674799269e+01
-1.228584437803141682e+01
-1.320782669553259225e+01
-1.412916369341043143e+01
-1.504641708088696284e+01
-1.595546753547256102e+01
-1.685148140010834794e+01
-1.772888545489347578e+01
-1.858135389107732749e+01
-1.940180712517137707e+01
-2.018242847833813514e+01
-2.091469878054547493e+01
-2.158945266082900005e+01
-2.219695843275484393e+01
-2.272702348061170596e+01
-2.316912624064907078e+01
-2.351257573380351218e+01
-2.374669687813331365e+01
-2.386104147812576670e+01
-2.384562157225745693e+01
-2.369115995344412084e+01
-2.338935352561724201e+01
-2.293314230808739396e+01
-2.231697549662308688e+01
-2.153706710900964438e+01
-2.059162904353716783e+01
-1.948107421334168521e+01
-1.820817859479000234e+01
-1.677819311364103783e+01
-1.519889843645872674e+01
-1.348059521199641786e+01
-1.163602683282978845e+01
-9.680232815214404596e+00
-7.630333712466535800e+00
-5.505252648218943889e+00
-3.325379267142838380e+00
-1.112186778174148127e+00
1.112186778881135929e+00
3.325379272855784496e+00
5.505252649936901221e+00
7.630333717940357197e+00
9.680232802248802670e+00
1.163602683861242504e+01
1.348059521055000332e+01
1.519889843077562652e+01
1.677819311517278678e+01
1.820817852609715359e+01
1.948107421260910854e+01
2.059162904077990675e+01
2.153706709766922600e+01
2.231697544682391054e+01
2.293314226507376929e+01
2.338935352323877837e+01
2.369115995361934068e+01
2.384562156618455475e+01
2.386104147275392151e+01
2.374669685704214217e+01
2.351257570750979653e+01
2.316912622178165293e+01
2.272702344456647339e+01
2.219695842165237565e+01
2.158945265127290369e+01
2.091469878889317613e+01
2.018242847880680557e+01
1.940180711944280390e+01
1.858135390254070529e+01
1.772888550138227259e+01
1.685148137288893722e+01
1.595546753602859980e+01
1.504641707960602126e+01
1.412916368929325550e+01
1.320782666130997285e+01
1.228584437566844301e+01
1.136601407470255332e+01
1.045053660646755489e+01
9.541063512604129215e+00
8.638745970801810614e+00
7.744284004363618301e+00
6.857975146056170423e+00
5.979762012962130058e+00
5.109278300960433228e+00
4.245893011054579169e+00
3.388752596589138300e+00
2.536821511376167404e+00
1.688920808745815627e+00
8.437653750154425758e-01
5.849381906689490044e-15
2.735871674882648772e-15
-8.901605019241390915e-01
-1.781716911247717361e+00
-2.676028376748270432e+00
-3.574380105089784987e+00
-4.477945448874196543e+00
-5.387746701308023134e+00
-6.304614608892849859e+00
-7.229146068119648660e+00
-8.161660051377165104e+00
-9.102151647892599229e+00
-1.005024447575675417e+01
-1.100514143874204542e+01
-1.196557469410818619e+01
-1.292975518430255910e+01
-1.389532285166803049e+01
-1.485929857633978379e+01
-1.581803937060436738e+01
-1.676719847248934059e+01
-1.770169234470326103e+01
-1.861567695377752329e+01
-1.950253534783422182e+01
-2.035487974513387499e+01
-2.116457020524676835e+01
-2.192275300277614747e+01
-2.261992097434534799e+01
-2.324599803866682279e+01
-2.379045000629849937e+01
-2.424242227551764373e+01
-2.459090526621090689e+01
-2.482492668854257545e+01
-2.493376914022787005e+01
-2.490720968063234864e+01
-2.473577716468604848e+01
-2.441102174064863206e+01
-2.392578932645522727e+01
-2.327449309024740032e+01
-2.245337205287828652e+01
-2.146072837303963254e+01
-2.029713197189181884e+01
-1.896558308226856937e+01
-1.747162420551355666e+01
-1.582339262087853982e+01
-1.403160803083202346e+01
-1.210949100725074246e+01
-1.007261096588909766e+01
-7.938665001937930121e+00
-5.727191914830227049e+00
-3.459228508854423012e+00
-1.156917938727994866e+00
1.156917938633209353e+00
3.459228508671997826e+00
5.727191915112426202e+00
7.938665003744831417e+00
1.007261095505892179e+01
1.210949101280309748e+01
1.403160802358455861e+01
1.582339262358152077e+01
1.747162420781053527e+01
1.896558308405139570e+01
2.029713197438664807e+01
2.146072837610101658e+01
2.245337201174356423e+01
2.327449306869137047e+01
2.392578935364661419e+01
2.441102172124006486e+01
2.473577716495411849e+01
2.490720967526963392e+01
2.493376913239044157e+01
2.482492666366995593e+01
2.459090526666481225e+01
2.424242228127778276e+01
2.379045003346054798e+01
2.324599803820123967e+01
2.261992095069727071e+01
2.192275297642586551e+01
2.116457020279878876e+01
2.035487973163352393e+01
1.950253534870602579e+01
1.861567696043253051e+01
1.770169235603299995e+01
1.676719847790475626e+01
1.581803935529172200e+01
1.485929858374336376e+01
1.389532284735976653e+01
1.292975517671825081e+01
1.196557469201965063e+01
1.100514143789495769e+01
1.005024447191906845e+01
9.102151639368274871e+00
8.161660049694077657e+00
7.229146062574756115e+00
6.304614609322114482e+00
5.387746702034964308e+00
4.477945449487002350e+00
3.574380109682980144e+00
2.676028375979474294e+00
1.781716911812243787e+00
8.901605013855318216e-01
6.170267723071522619e-15
2.886333820918883531e-15
-9.393944419313478011e-01
-1.880184809810060198e+00
-2.823728258237713451e+00
-3.771304002855653259e+00
-4.724073342973459155e+00
-5.683038590689504233e+00
-6.649000512099185300e+00
-7.622514153730741704e+00
-8.603842896921484851e+00
-9.592910707524994862e+00
-1.058925280181460238e+01
-1.159196492390419841e+01
-1.259965186588144626e+01
-1.361037584349776175e+01
-1.462160577889872393e+01
-1.563016864633175196e+01
-1.663220444616255378e+01
-1.762312647756092332e+01
-1.859758905267765883e+01
-1.954946485844120119e+01
-2.047183452446092389e+01
-2.135699090662177824e+01
-2.219646095392606711e+01
-2.298104770008288611e+01
-2.370089491823476990e+01
-2.434557663922531745e+01
-2.490421332841676261e+01
-2.536561562632560296e+01
-2.571845607456428695e+01
-2.595146800429242973e+01
-2.605366967653479549e+01
-2.601461048077461768e+01
-2.582463469843548509e+01
-2.547515693995692487e+01
-2.495894197373128875e+01
-2.427038067628086182e+01
-2.340575273713877991e+01
-2.236346625080053840e+01
-2.114426401893543073e+01
-1.975138671708403848e+01
-1.819068371709202836e+01
-1.647066375128884630e+01
-1.460247922606313331e+01
-1.259984036758830683e+01
-1.047885778645166965e+01
-8.257815022029289409e+00
-5.956875448087398439e+00
-3.597730787571470579e+00
-1.203201172045647693e+00
1.203201174375628568e+00
3.597730786841613515e+00
5.956875445206461173e+00
8.257815023633254370e+00
1.047885778188896566e+01
1.259984036745934866e+01
1.460247922609301163e+01
1.647066375166604857e+01
1.819068372062524119e+01
1.975138671699001947e+01
2.114426401809481249e+01
2.236346624953985085e+01
2.340575273361779907e+01
2.427038067371510266e+01
2.495894197307294604e+01
2.547515693771387646e+01
2.582463469764066843e+01
2.601461047883083211e+01
2.605366968012201312e+01
2.595146800813271426e+01
2.571845607805549605e+01
2.536561562303097972e+01
2.490421332361284001e+01
2.434557664419646983e+01
2.370089491396188919e+01
2.298104770417858234e+01
2.219646095277797926e+01
2.135699091465889765e+01
2.047183452104475165e+01
1.954946485842565806e+01
1.859758904455216921e+01
1.762312647747174310e+01
1.663220444964902711e+01
1.563016864693270058e+01
1.462160577838970177e+01
1.361037584057574534e+01
1.259965186692398653e+01
1.159196492536116452e+01
1.058925279496452276e+01
9.592910700849536454e+00
8.603842893176373963e+00
7.622514152036468538e+00
6.649000511604972630e+00
5.683038593037043285e+00
4.724073345907651600e+00
3.771304001457914445e+00
2.823728258782934653e+00
1.880184810249852845e+00
9.393944419592423767e-01
6.510732731065420839e-15
3.046122445112681521e-15
-9.917016203323130163e-01
-1.984792180478610391e+00
-2.980619749001625518e+00
-3.980450228851406536e+00
-4.985425321603836224e+00
-5.996519357224280533e+00
-7.014494726367299648e+00
-8.039855669650078696e+00
-9.072800527938902349e+00
-1.011317201866667403e+01
-1.116040620546123208e+01
-1.221348052156684538e+01
-1.327086043960094308e+01
-1.433044718121178285e+01
-1.538952570531336050e+01
-1.644471609138670942e+01
-1.749192815091357289e+01
-1.852632197267038094e+01
-1.954227678975187033e+01
-2.053336965902631661e+01
-2.149236662952617749e+01
-2.241123055624389693e+01
-2.328114560728361937e+01
-2.409256341353204078e+01
-2.483527226312406100e+01
-2.549849183465187252e+01
-2.607099500857809105e+01
-2.654125754392590864e+01
-2.689763684907284969e+01
-2.712857649350745959e+01
-2.722283775214272339e+01
-2.716975213528984057e+01
-2.695949106182488109e+01
-2.658334741431340831e+01
-2.603402009742302070e+01
-2.530589421771759362e+01
-2.439530732857825868e+01
-2.330079140986027753e+01
-2.202327978167069134e+01
-2.056627064383000558e+01
-1.893593658022466286e+01
-1.714117294698971250e+01
-1.519357825635830750e+01
-1.310736449943636117e+01
-1.089919381644276442e+01
-8.587944790317765253e+00
-6.194412450375955892e+00
-3.740949249426613665e+00
-1.251057131745759055e+00
1.251057131696476477e+00
3.740949248238976566e+00
6.194412445386832999e+00
8.587944789535477241e+00
1.089919381625120565e+01
1.310736451449126250e+01
1.519357825649990268e+01
1.714117294788910328e+01
1.893593657885025294e+01
2.056627064126366022e+01
2.202327977900245415e+01
2.330079140636053836e+01
2.439530732867507012e+01
2.530589418480538910e+01
2.603402010412723300e+01
2.658334740701574361e+01
2.695949106030806774e+01
2.716975207026312944e+01
2.722283777275323402e+01
2.712857644932739731e+01
2.689763687562029304e+01
2.654125753936434862e+01
2.607099501183453327e+01
2.549849187962104935e+01
2.483527226416289579e+01
2.409256340982570777e+01
2.328114559477091916e+01
2.241123054953686733e+01
2.149236664872016789e+01
2.053336961787915627e+01
1.954227685154930327e+01
1.852632197045224771e+01
1.749192815554918567e+01
1.644471610399086003e+01
1.538952568670565668e+01
1.433044710590351478e+01
1.327086044011431731e+01
1.221348051501261978e+01
1.116040620871960876e+01
1.011317201657813136e+01
9.072800536304729491e+00
8.039855671684716043e+00
7.014494737261709467e+00
5.996519362923378615e+00
4.985425321447696234e+00
3.980450226931850022e+00
2.980619747583240553e+00
1.984792180177655352e+00
9.917016207587346921e-01
6.872388916890371677e-15
3.216031265282039159e-15
-1.047345497419982729e+00
-2.096064547063607897e+00
-3.147487613216816360e+00
-4.202858587267872537e+00
-5.263290557040715356e+00
-6.329720478994510735e+00
-7.402862519079088877e+00
-8.483159797401620850e+00
-9.570734611474899012e+00
-1.066533697686808502e+01
-1.176629184591062405e+01
-1.287244537960707191e+01
-1.398211073668952231e+01
-1.509301432365270124e+01
-1.620224356317823222e+01
-1.730619732434966451e+01
-1.840054103496051141e+01
-1.948016776547682127e+01
-2.053916802269575825e+01
-2.157081015625814757e+01
-2.256753433927692143e+01
-2.352096237611796070e+01
-2.442192653440928041e+01
-2.526051964350073220e+01
-2.602616922357023554e+01
-2.670773753389031313e+01
-2.729364927191072354e+01
-2.777204766254380175e+01
-2.813097915451233533e+01
-2.835860545134911348e+01
-2.844344085540480904e+01
-2.837461132342152226e+01
-2.814213038228991337e+01
-2.773718558789889244e+01
-2.715242812220312985e+01
-2.638225680549153296e+01
-2.542308691055552927e+01
-2.427359377967371756e+01
-2.293492088746436153e+01
-2.141084247192187107e+01
-1.970787146496558861e+01
-1.783530504876955547e+01
-1.580520175167651686e+01
-1.363228634563930974e+01
-1.133378148747705083e+01
-8.929167780066869398e+00
-6.439876922290773464e+00
-3.888925445827585037e+00
-1.300499183542088932e+00
1.300499183518780022e+00
3.888925445487746657e+00
6.439876922420323169e+00
8.929167780317694536e+00
1.133378148784190209e+01
1.363228634703933295e+01
1.580520175203153777e+01
1.783530505097163044e+01
1.970787146159036496e+01
2.141084247253371231e+01
2.293492089201423667e+01
2.427359377726252987e+01
2.542308691104929608e+01
2.638225680759421010e+01
2.715242812563314700e+01
2.773718558769646236e+01
2.814213038921683463e+01
2.837461133224103094e+01
2.844344085474587303e+01
2.835860545065991900e+01
2.813097915422197204e+01
2.777204766243016465e+01
2.729364927284792230e+01
2.670773753968767750e+01
2.602616921826691510e+01
2.526051964406623540e+01
2.442192652976622824e+01
2.352096237747962348e+01
2.256753432998965181e+01
2.157081015532798318e+01
2.053916801549913629e+01
1.948016776028878994e+01
1.840054103243302563e+01
1.730619732686816548e+01
1.620224355248377890e+01
1.509301432481570160e+01
1.398211073773125790e+01
1.287244538165045071e+01
1.176629184646626314e+01
1.066533697497786726e+01
9.570734611708063611e+00
8.483159797031195382e+00
7.402862514425676110e+00
6.329720478651021942e+00
5.263290554586716574e+00
4.202858586053371148e+00
3.147487613456464217e+00
2.096064548087485324e+00
1.047345497106121126e+00
7.257047655607977748e-15
3.396954341401941626e-15
-1.106622963684058325e+00
-2.214593995278476335e+00
-3.325215757335675093e+00
-4.439699722309021546e+00
-5.559119661883409336e+00
-6.684364081686185344e+00
-7.816087364692323902e+00
-8.954659456901470804e+00
-1.010011403246534556e+01
-1.125209519577702366e+01
-1.240980302252160783e+01
-1.357193829903183335e+01
-1.473664709912634763e+01
-1.590146611611526772e+01
-1.706326977996752348e+01
-1.821822063338049347e+01
-1.936172463392614063e+01
-2.048839303199085293e+01
-2.159201365339101741e+01
-2.266553315386461165e+01
-2.370105363118002373e+01
-2.468984574146444544e+01
-2.562238135312418308e+01
-2.648838821031322865e+01
-2.727692914082434683e+01
-2.797650778484682021e+01
-2.857520222957532141e+01
-2.906082759378689317e+01
-2.942112715550165802e+01
-2.964399099679243221e+01
-2.971769979582390775e+01
-2.963118993565030834e+01
-2.937433507474288774e+01
-2.893823763492758161e+01
-2.831552255112422145e+01
-2.750062451585417378e+01
-2.649005909360599276e+01
-2.528266746806960086e+01
-2.387982456069862991e+01
-2.228560055343631419e+01
-2.050686676564142630e+01
-1.855333796964406545e+01
-1.643754549895664852e+01
-1.417473731347507915e+01
-1.178270409530837703e+01
-9.281533243267976019e+00
-6.693295506855588606e+00
-4.041671865386287976e+00
-1.351530904074919937e+00
1.351530904109622400e+00
4.041671865201114322e+00
6.693295506986154386e+00
9.281533243146959933e+00
1.178270409448156109e+01
1.417473731466461118e+01
1.643754549718078906e+01
1.855333796926786505e+01
2.050686676666742869e+01
2.228560056104085163e+01
2.387982455873557441e+01
2.528266746826336941e+01
2.649005909461402908e+01
2.750062450883007159e+01
2.831552255034000609e+01
2.893823763497540824e+01
2.937433507898753504e+01
2.963118993252923516e+01
2.971769979489318558e+01
2.964399100560153499e+01
2.942112715222432229e+01
2.906082759302896790e+01
2.857520223523295044e+01
2.797650778738127286e+01
2.727692914742235075e+01
2.648838821079229078e+01
2.562238134763814656e+01
2.468984574284070632e+01
2.370105363144181609e+01
2.266553315668539881e+01
2.159201365095857739e+01
2.048839304598733335e+01
1.936172463468294680e+01
1.821822065034125870e+01
1.706326977910866560e+01
1.590146611050579750e+01
1.473664709710778276e+01
1.357193829666930007e+01
1.240980302201190533e+01
1.125209519570630157e+01
1.010011403014176778e+01
8.954659464249655088e+00
7.816087364345868593e+00
6.684364079099456291e+00
5.559119660280101627e+00
4.439699721711397373e+00
3.325215755304331111e+00
2.214593995585277142e+00
1.106622963663745018e+00
7.666749836747667120e-15
3.589900836695464098e-15
-1.169869248488105695e+00
-2.341048945620449295e+00
-3.514801713077928991e+00
-4.692294156747158773e+00
-5.874547998348653266e+00
-7.062390157724967032e+00
-8.256401686147295749e+00
-9.456865278847326195e+00
-1.066371139129902446e+01
-1.187646313485280736e+01
-1.309418006981671212e+01
-1.431540158434740029e+01
-1.553809027030793288e+01
-1.675957648290892266e+01
-1.797650509067320357e+01
-1.918478571771387919e+01
-2.037954870428999499e+01
-2.155510811379764391e+01
-2.270493448063331243e+01
-2.382163955482897322e+01
-2.489697576801119183e+01
-2.592185283561552822e+01
-2.688637480040120664e+01
-2.777989945174323694e+01
-2.859112289307941523e+01
-2.930819114132422243e+01
-2.991883996130161449e+01
-3.041056398148126050e+01
-3.077081423570876595e+01
-3.098722322343956392e+01
-3.104785521417571204e+01
-3.094147691776005971e+01
-3.065784431986370961e+01
-3.018799875266507726e+01
-2.952456407662531390e+01
-2.866203678640559005e+01
-2.759705844489266369e+01
-2.632866109241225772e+01
-2.485847458417917011e+01
-2.319088661172575883e+01
-2.133314559768919594e+01
-1.929539974646014144e+01
-1.709066564257691923e+01
-1.473472339397038411e+01
-1.224593716413965971e+01
-9.645003298896000388e+00
-6.954630819993489865e+00
-4.199161889062628106e+00
-1.404142713610684989e+00
1.404142714353176613e+00
4.199161887487803391e+00
6.954630816326309528e+00
9.645003299329525603e+00
1.224593715767411339e+01
1.473472339677165799e+01
1.709066565355897893e+01
1.929539972753120125e+01
2.133314557991371885e+01
2.319088661723909794e+01
2.485847459661977510e+01
2.632866109846797542e+01
2.759705844791277585e+01
2.866203676827684177e+01
2.952456409627963652e+01
3.018799875229422014e+01
3.065784433642039275e+01
3.094147691849550341e+01
3.104785521957208161e+01
3.098722323395567102e+01
3.077081421489279833e+01
3.041056397198756400e+01
2.991883995529111218e+01
2.930819112859603592e+01
2.859112290620773678e+01
2.777989945021344909e+01
2.688637477905993478e+01
2.592185281892787785e+01
2.489697575947167962e+01
2.382163957069216309e+01
2.270493445964156720e+01
2.155510811644590063e+01
2.037954868777735129e+01
1.918478570817266515e+01
1.797650509826110365e+01
1.675957650629430162e+01
1.553809027951384891e+01
1.431540158709807997e+01
1.309418007285659336e+01
1.187646313759099392e+01
1.066371140063051115e+01
9.456865275789663627e+00
8.256401694433277427e+00
7.062390163027065348e+00
5.874548000113516188e+00
4.692294160030473726e+00
3.514801711249834426e+00
2.341048944819866140e+00
1.169869248863361744e+00
8.103799654987489972e-15
3.796011430409872865e-15
-1.237463398337633302e+00
-2.476185018098230994e+00
-3.717372730990570417e+00
-4.962133377505966614e+00
-6.211421410669544230e+00
-7.465986625821000366e+00
-8.726320739455557529e+00
-9.992602730264344757e+00
-1.126464293527827643e+01
-1.254182605069317269e+01
-1.382305335728909945e+01
-1.510668469024334115e+01
-1.639048084145232664e+01
-1.767154745969026308e+01
-1.894628151512192815e+01
-2.021032197838222189e+01
-2.145850641128880909e+01
-2.268483543166521343e+01
-2.388244746285151621e+01
-2.504360611024866046e+01
-2.615970286440774473e+01
-2.722127781181693962e+01
-2.821806108730277884e+01
-2.913903753003184249e+01
-2.997253687418664470e+01
-3.070635139998033125e+01
-3.132788220083919484e+01
-3.182431463490846468e+01
-3.218282248441401805e+01
-3.239079941766767234e+01
-3.243611489859166852e+01
-3.230739056728812386e+01
-3.199429171485703449e+01
-3.148782713031182112e+01
-3.078064938126805927e+01
-2.986734653743313572e+01
-2.874471560968847683e+01
-2.741200743276863605e+01
-2.587113274696197607e+01
-2.412681965298862963e+01
-2.218671348155224976e+01
-2.006141156646226520e+01
-1.776442729849529556e+01
-1.531208008948709853e+01
-1.272331053221956054e+01
-1.001942285146335720e+01
-7.223759617403163524e+00
-4.361316502595187217e+00
-1.458307424351309223e+00
1.458307424436574795e+00
4.361316502545197871e+00
7.223759617364747143e+00
1.001942285159699253e+01
1.272331053226368347e+01
1.531208008908370388e+01
1.776442729888369598e+01
2.006141156663543867e+01
2.218671348668774002e+01
2.412681965406247286e+01
2.587113274841111021e+01
2.741200743434111331e+01
2.874471560889807620e+01
2.986734653552416319e+01
3.078064929793942639e+01
3.148782713215276985e+01
3.199429171477598643e+01
3.230739056460513581e+01
3.243611489665561010e+01
3.239079942052407546e+01
3.218282248416776525e+01
3.182431463546771866e+01
3.132788220348210118e+01
3.070635139833949268e+01
2.997253686952282692e+01
2.913903752357778387e+01
2.821806109153297015e+01
2.722127781315903050e+01
2.615970286304187198e+01
2.504360611073843756e+01
2.388244746510106964e+01
2.268483543716332207e+01
2.145850641581764862e+01
2.021032197932040830e+01
1.894628145915106998e+01
1.767154745874376687e+01
1.639048084056600629e+01
1.510668468744857407e+01
1.382305335773405375e+01
1.254182604852596583e+01
1.126464293429278740e+01
9.992602731233354518e+00
8.726320739098854418e+00
7.465986625645771646e+00
6.211421409017633621e+00
4.962133377348099117e+00
3.717372731403255859e+00
2.476185017303918823e+00
1.237463398097411016e+00
8.570802191552952324e-15
4.016576306379799129e-15
-1.309834274030246659e+00
-2.620856929691697257e+00
-3.934203382840828933e+00
-5.250902799796482334e+00
-6.571824211934048421e+00
-7.897621767905562251e+00
-9.228678962518262807e+00
0.000000000000000000e+00
-1.190641069178962752e+01
-1.325198194628487336e+01
-1.460048816522915160e+01
-1.595008911089753312e+01
-1.729832319975189847e+01
-1.864205100402883986e+01
-1.997740168847473541e+01
-2.129972428402151863e+01
-2.260354532474630318e+01
-2.388253515168078422e+01
-2.512948498309398104e+01
-2.633629731699640075e+01
-2.749399235510193407e+01
-2.859273306811930127e+01
-2.962187155717646547e+01
-3.057001919087721120e+01
-3.142514275168224103e+01
-3.217468837844886309e+01
-3.280573393586097808e+01
-3.330517170394999482e+01
-3.365991815236264273e+01
-3.385715180429013316e+01
-3.388457470901569479e+01
-3.373069357782237176e+01
-3.338511548688005348e+01
-3.283885073736457372e+01
-3.208461523693603112e+01
-3.111712324579835709e+01
-2.993336057765541725e+01
-2.853282826257868265e+01
-2.691774624276089867e+01
-2.509320787588992729e+01
-2.306727566324076051e+01
-2.085101154743745866e+01
-1.845843597804328340e+01
-1.590641261291631103e+01
-1.321445822297073924e+01
-1.040447976245279094e+01
-7.500443910887745425e+00
-4.527986813011552591e+00
-1.513974376886016548e+00
1.513974376779072761e+00
4.527986812928440408e+00
7.500443910531023661e+00
1.040447976288571574e+01
1.321445822489767785e+01
1.590641261226067016e+01
1.845843597871109409e+01
2.085101154840048210e+01
2.306727566296547138e+01
2.509320788450479256e+01
2.691774624297188367e+01
2.853282826337624556e+01
2.993336063004734626e+01
3.111712324365647220e+01
3.208461524406993703e+01
3.283885073832570356e+01
3.338511549034144821e+01
3.373069358036280363e+01
3.388457470589128917e+01
3.385715180537852831e+01
3.365991822610267548e+01
3.330517169774052633e+01
3.280573394179059221e+01
3.217468838388975172e+01
3.142514274305143829e+01
3.057001920894837710e+01
2.962187156531144439e+01
2.859273306662045400e+01
2.749399235532859720e+01
2.633629731887851833e+01
2.512948498505064165e+01
2.388253514638232389e+01
2.260354532771682656e+01
2.129972428714356170e+01
1.997740169975466884e+01
1.864205101300738576e+01
1.729832320178469018e+01
1.595008910699492155e+01
1.460048816625652002e+01
1.325198194440877053e+01
1.190641069277322472e+01
1.056505177084233082e+01
9.228678966071177214e+00
7.897621767308765861e+00
6.571824211601629884e+00
5.250902799214431482e+00
3.934203382665979465e+00
2.620856930084915160e+00
1.309834274289424894e+00
9.070704617408071683e-15
4.253054113794592930e-15
-1.387466875610507078e+00
-2.776031012478602289e+00
-4.166734003468632430e+00
-5.560505810160496054e+00
-6.958108265078778665e+00
-8.360077810678026466e+00
-9.766667330535776514e+00
-1.117778708697142243e+01
-1.259294474087271176e+01
-1.401118482841826030e+01
-1.543102797820128025e+01
-1.685041056382000590e+01
-1.826662559610477388e+01
-1.967626593415198499e+01
-2.107517113813756637e+01
-2.245837952090627709e+01
-2.382008742189571038e+01
-2.515361751546652513e+01
-2.645139872322492991e+01
-2.770496012385838114e+01
-2.890494151137633594e+01
-3.004112318228019873e+01
-3.110247762082153500e+01
-3.207724549102962897e+01
-3.295303792544267196e+01
-3.371696682939081313e+01
-3.435580411506532528e+01
-3.485617005859209172e+01
-3.520475000628638895e+01
-3.538853754488945924e+01
-3.539510104023571557e+01
-3.521286914961060432e+01
-3.483142965953773285e+01
-3.424183467355167920e+01
-3.343690404855222909e+01
-3.241151796085249970e+01
-3.116288899013401448e+01
-2.969080338763430760e+01
-2.799782162983195022e+01
-2.608942862534750518e+01
-2.397412494145118700e+01
-2.166345195349840935e+01
-1.917194561344908266e+01
-1.651701588776166929e+01
-1.371875142090298461e+01
-1.079965179806603892e+01
-7.784292556700171950e+00
-4.698930782220363866e+00
-1.571061656914955362e+00
1.571061656896196812e+00
4.698930782178512899e+00
7.784292556737745450e+00
1.079965179883674686e+01
1.371875141981630009e+01
1.651701588847263125e+01
1.917194561359265137e+01
2.166345195326194784e+01
2.397412494076589340e+01
2.608942862572055077e+01
2.799782162913196970e+01
2.969080338609971648e+01
3.116288899043417970e+01
3.241151795990310802e+01
3.343690404123456261e+01
3.424183467295971184e+01
3.483142965795982349e+01
3.521286914855704708e+01
3.539510104187286998e+01
3.538853754498602910e+01
3.520475000538057486e+01
3.485617005577240946e+01
3.435580411455931937e+01
3.371696683011553830e+01
3.295303792359804618e+01
3.207724549598868435e+01
3.110247762206553546e+01
3.004112318600441256e+01
2.890494151378601728e+01
2.770496012314688983e+01
2.645139871679338484e+01
2.515361752013559382e+01
2.382008742466604190e+01
2.245837952084796285e+01
2.107517112948764648e+01
1.967626593675396762e+01
1.826662560000436386e+01
1.685041056445494689e+01
1.543102798283507404e+01
1.401118483029681450e+01
1.259294474204559400e+01
1.117778708451664116e+01
9.766667329705160938e+00
8.360077808137692301e+00
6.958108266429031019e+00
5.560505811583195346e+00
4.166734003703644440e+00
2.776031013068155140e+00
1.387466875474963057e+00
9.606839651403030722e-15
4.507091031889064945e-15
-1.470908710970315392e+00
-2.942797796376901864e+00
-4.416589180631535605e+00
-5.893087649772879466e+00
-7.372921677765550186e+00
-8.856483622223233709e+00
-1.034386917288986929e+01
-1.183481607583411765e+01
-1.332864225251134727e+01
-1.482418358906032374e+01
-1.631973189996848816e+01
-1.781297368539074100e+01
-1.930093060599560673e+01
-2.077990279486810010e+01
-2.224541636075963780e+01
-2.369217674378691640e+01
-2.511402987114035668e+01
-2.650393309935111574e+01
-2.785393839828028106e+01
-2.915519021564876923e+01
-3.039794065001640888e+01
-3.157158443435357853e+01
-3.266471634165412752e+01
-3.366521328988878281e+01
-3.456034306122251820e+01
-3.533690113943750077e+01
-3.598137642538640790e+01
-3.648014585445260138e+01
-3.681969694136145677e+01
-3.698687614819995417e+01
-3.696915979579067368e+01
-3.675494304191470718e+01
-3.633384102086245804e+01
-3.569699515423179292e+01
-3.483737649655328994e+01
-3.375007699407527895e+01
-3.243257902752252875e+01
-3.088499321352525939e+01
-2.911025455221648883e+01
-2.711426756214256528e+01
-2.490599205106039804e+01
-2.249746257944194028e+01
-1.990373663213807376e+01
-1.714276869941786074e+01
-1.423521006409353085e+01
-1.120413671852500670e+01
-8.074710703902049147e+00
-4.873782652567416385e+00
-1.629445858843952433e+00
1.629445858832770044e+00
4.873782652653322778e+00
8.074710703723908978e+00
1.120413671907214948e+01
1.423521006429085212e+01
1.714276869890785093e+01
1.990373663205945221e+01
2.249746257957453111e+01
2.490599205083812961e+01
2.711426756357377599e+01
2.911025455222114289e+01
3.088499321431644162e+01
3.243257902802955783e+01
3.375007699490531365e+01
3.483737649721363994e+01
3.569699515515913646e+01
3.633384102058827381e+01
3.675494304119996514e+01
3.696915979485019221e+01
3.698687614719080585e+01
3.681969694654669922e+01
3.648014585230966844e+01
3.598137642139293035e+01
3.533690114343720268e+01
3.456034306143606472e+01
3.366521328731747786e+01
3.266471633694212073e+01
3.157158442940104592e+01
3.039794065020874569e+01
2.915519021690738910e+01
2.785393838848995784e+01
2.650393309623462201e+01
2.511402987336315462e+01
2.369217674348932334e+01
2.224541635972056497e+01
2.077990280052178917e+01
1.930093060747550382e+01
1.781297368348765886e+01
1.631973189895316523e+01
1.482418358952612003e+01
1.332864225295511851e+01
1.183481607882536224e+01
1.034386917305389630e+01
8.856483621493799419e+00
7.372921677413522445e+00
5.893087650813282785e+00
4.416589180626681710e+00
2.942797795839330099e+00
1.470908711248072764e+00
1.018296930205749203e-14
4.780538588844143283e-15
-1.560775759024615628e+00
-3.122383722720324606e+00
-4.685594826918657141e+00
-6.251057270867657500e+00
-7.819234659767060336e+00
-9.390343659450897107e+00
-1.096429107867088959e+01
-1.254061046826727122e+01
-1.411839839929997886e+01
-1.569625079796274036e+01
-1.727219978986907734e+01
-1.884365185675601140e+01
-2.040732819310010981e+01
-2.195920847356712713e+01
-2.349447945210156519e+01
-2.500749005626314414e+01
-2.649171492976927311e+01
-2.793972852294720965e+01
-2.934319209111986382e+01
-3.069285605158170327e+01
-3.197858022833323943e+01
-3.318937453315968611e+01
-3.431346248695088974e+01
-3.533836973147905525e+01
-3.625103933076886875e+01
-3.703797523759212851e+01
-3.768541435838887566e+01
-3.817952718116963240e+01
-3.850664565013266127e+01
-3.865351609371803221e+01
-3.860757371782263903e+01
-3.835723396139324848e+01
-3.789219480939203066e+01
-3.720374294378737545e+01
-3.628505557067011011e+01
-3.513148894270448608e+01
-3.374084398637734949e+01
-3.211359919328682366e+01
-3.025310113047752480e+01
-2.816570342920737957e+01
-2.586084620549403823e+01
-2.335106926077887479e+01
-2.065195433530125513e+01
-1.778199388196577146e+01
-1.476238630412725605e+01
-1.161676026807952233e+01
-8.370833339718529942e+00
-5.052012778692932748e+00
-1.688948647687484428e+00
1.688948647671762116e+00
5.052012778628289347e+00
8.370833339676160278e+00
1.161676026792135197e+01
1.476238630411901376e+01
1.778199388171105255e+01
2.065195433547104642e+01
2.335106926067462751e+01
2.586084620564315983e+01
2.816570342876607924e+01
3.025310112984259803e+01
3.211359919919220118e+01
3.374084398646922978e+01
3.513148894280884349e+01
3.628505557023328976e+01
3.720374294397556270e+01
3.789219481002294287e+01
3.835723396109525396e+01
3.860757371671254390e+01
3.865351609320471482e+01
3.850664564833716952e+01
3.817952718065473050e+01
3.768541435810048768e+01
3.703797523697161864e+01
3.625103932928072936e+01
3.533836972879014837e+01
3.431346249085476074e+01
3.318937453750176303e+01
3.197858022837950642e+01
3.069285604875673812e+01
2.934319209030567421e+01
2.793972852200514723e+01
2.649171493030969771e+01
2.500749005664512481e+01
2.349447945248544301e+01
2.195920847575676760e+01
2.040732819187183722e+01
1.884365185688550071e+01
1.727219979047241338e+01
1.569625079910084153e+01
1.411839840063181484e+01
1.254061046611928276e+01
1.096429107680259385e+01
9.390343659928149123e+00
7.819234661496119898e+00
6.251057271170389562e+00
4.685594827115293626e+00
3.122383722470579048e+00
1.560775759046392208e+00
1.080332582135399093e-14
5.075467399430491425e-15
-1.657757084448481466e+00
-3.316160140740518347e+00
-4.975791047058577554e+00
-6.637103346688740579e+00
-8.300357728038349592e+00
-9.965557177268234312e+00
-1.163238177875718726e+01
-1.330012331278683924e+01
-1.496761987287281670e+01
-1.663319091311469222e+01
-1.829457330286826888e+01
-1.994885918310398409e+01
-2.159243660266258402e+01
-2.322093419250413149e+01
-2.482917133027463308e+01
-2.641111550938268593e+01
-2.795984887428605248e+01
-2.946754600326070417e+01
-3.092546533644730999e+01
-3.232395655392139133e+01
-3.365248649146624160e+01
-3.489968594192310292e+01
-3.605341963791047988e+01
-3.710088146371554529e+01
-3.802871655341210300e+01
-3.882317112177010188e+01
-3.947027086059154755e+01
-3.995602699952776504e+01
-4.026666896216099190e+01
-4.038890101339784167e+01
-4.031017913489849036e+01
-4.001900368380997008e+01
-3.950522137281917878e+01
-3.876032973357503408e+01
-3.777777582752057128e+01
-3.655324034460964810e+01
-3.508489768123465780e+01
-3.337364239189444248e+01
-3.142327263286792771e+01
-2.924062183532021919e+01
-2.683563082825864399e+01
-2.422135416233109595e+01
-2.141389618576545217e+01
-1.843227460096389336e+01
-1.529821166245481123e+01
-1.203585572058519837e+01
-8.671438397518290486e+00
-5.232875149141089643e+00
-1.749319209019477350e+00
1.749319209010087972e+00
5.232875149063237252e+00
8.671438397571117562e+00
1.203585572068392651e+01
1.529821166233338126e+01
1.843227460113963545e+01
2.141389618583297505e+01
2.422135416259941820e+01
2.683563082810126943e+01
2.924062183542532267e+01
3.142327263337536891e+01
3.337364239142487321e+01
3.508489768119192576e+01
3.655324034539462019e+01
3.777777582426080727e+01
3.876032973453759212e+01
3.950522137389421573e+01
4.001900368365380700e+01
4.031017913523068330e+01
4.038890101152706080e+01
4.026666897539524825e+01
3.995602700208102931e+01
3.947027085743757624e+01
3.882317112482756727e+01
3.802871655234150694e+01
3.710088147455807217e+01
3.605341963899766000e+01
3.489968594036272975e+01
3.365248649429523908e+01
3.232395655437761661e+01
3.092546533605780468e+01
2.946754600254198664e+01
2.795984886856374629e+01
2.641111550844235722e+01
2.482917132373743740e+01
2.322093419208267662e+01
2.159243660306067270e+01
1.994885918074952968e+01
1.829457330219208444e+01
1.663319090921751098e+01
1.496761987240259906e+01
1.330012331164688533e+01
1.163238177730748468e+01
9.965557178658304593e+00
8.300357728621742481e+00
6.637103345528996279e+00
4.975791047139742851e+00
3.316160141146435425e+00
1.657757084519166035e+00
1.147264342292914109e-14
5.394172772912922675e-15
-1.762616770635345720e+00
-3.525646857098563292e+00
-5.289436708627724748e+00
-7.054198958535459418e+00
-8.819945320065523120e+00
-1.058641935336466489e+01
-1.235302912428486266e+01
-1.411878000063559035e+01
-1.588220784143559783e+01
-1.764131307458159981e+01
-1.939349630646158573e+01
-2.113549629753876502e+01
-2.286333136720422132e+01
-2.457224549131482050e+01
-2.625666063997033106e+01
-2.791013702724415779e+01
-2.952534328067311264e+01
-3.109403859623908417e+01
-3.260706916700201674e+01
-3.405438130298252020e+01
-3.542505343053476707e+01
-3.670734957431674417e+01
-3.788879609826951622e+01
-3.895628383603184375e+01
-3.989619684713729697e+01
-4.069456874638112254e+01
-4.133726674906742460e+01
-4.181020270109288361e+01
-4.209956958575082808e+01
-4.219210073915117931e+01
-4.207534800407089648e+01
-4.173797392564789277e+01
-4.117005182673195662e+01
-4.036336674814592129e+01
-3.931170915267612287e+01
-3.801115267822675747e+01
-3.646030682226366082e+01
-3.466053520983309966e+01
-3.261613042930495254e+01
-3.033443707357933761e+01
-2.782591560915518158e+01
-2.510414119259710830e+01
-2.218573334567831523e+01
-1.909021451669866920e+01
-1.583979787729273170e+01
-1.245910716133732521e+01
-8.974833835618218458e+00
-5.415339241569102846e+00
-1.810211468873048402e+00
1.810211468758814446e+00
5.415339241644441692e+00
8.974833835524796299e+00
1.245910716123964690e+01
1.583979787771848002e+01
1.909021451752363419e+01
2.218573334618238846e+01
2.510414119167109348e+01
2.782591560840494438e+01
3.033443707431808178e+01
3.261613042836869880e+01
3.466053521027527040e+01
3.646030682357420716e+01
3.801115267692605215e+01
3.931170915149734668e+01
4.036336674887137832e+01
4.117005182723583800e+01
4.173797392554957497e+01
4.207534800772977235e+01
4.219210073825747287e+01
4.209956958799239146e+01
4.181020269958897018e+01
4.133726674788667310e+01
4.069456874645759115e+01
3.989619684070578387e+01
3.895628383631329683e+01
3.788879610014355137e+01
3.670734957509731089e+01
3.542505343177447941e+01
3.405438129346133280e+01
3.260706916939876976e+01
3.109403859271899861e+01
2.952534328184257006e+01
2.791013702654408490e+01
2.625666063729675415e+01
2.457224548822315313e+01
2.286333136655279574e+01
2.113549629708036903e+01
1.939349630656679224e+01
1.764131307396316828e+01
1.588220784014574427e+01
1.411878000128850275e+01
1.235302912452966417e+01
1.058641935441231752e+01
8.819945321061268828e+00
7.054198957483607479e+00
5.289436710202427783e+00
3.525646857490024821e+00
1.762616770527828169e+00
1.219617154551813336e-14
5.739165538809398019e-15
-1.876190963891236185e+00
-3.752505850856160396e+00
-5.628999082982642399e+00
-7.505586066561102498e+00
-9.381973683760454819e+00
-1.125759085631209189e+01
-1.313151933469208466e+01
-1.500242494834526141e+01
-1.686848973233288973e+01
-1.872734544257387057e+01
-2.057600918523930389e+01
-2.241082202669729995e+01
-2.422739176589134402e+01
-2.602054111617080778e+01
-2.778426286354002528e+01
-2.951168373836166126e+01
-3.119503892795793476e+01
-3.282565932069292813e+01
-3.439397367277744166e+01
-3.588952797797139738e+01
-3.730102426290152096e+01
-3.861638097364892275e+01
-3.982281688560237143e+01
-4.090696014275435743e+01
-4.185498369817451447e+01
-4.265276755650703677e+01
-4.328608804566641055e+01
-4.374083286126619186e+01
-4.400324031245607870e+01
-4.406015972873997555e+01
-4.389932918355990665e+01
-4.350966545663884943e+01
-4.288156017407835918e+01
-4.200717505856020040e+01
-4.088072847939690746e+01
-3.949876466814106379e+01
-3.786039691588374723e+01
-3.596751570976026358e+01
-3.382495330650301923e+01
-3.144059672801977356e+01
-2.882544236215122879e+01
-2.599358668070220446e+01
-2.296214938309571707e+01
-1.975112730260259752e+01
-1.638317963163972735e+01
-1.288334735903672446e+01
-9.278712176069085160e+00
-5.598002312895080657e+00
-1.871154784186574993e+00
1.871154784154418271e+00
5.598002312752649701e+00
9.278712176058636629e+00
1.288334735897848304e+01
1.638317963140965006e+01
1.975112730262673821e+01
2.296214938233035596e+01
2.599358667979041115e+01
2.882544236316601172e+01
3.144059672864329968e+01
3.382495330574514014e+01
3.596751570908392637e+01
3.786039691487391678e+01
3.949876467110041034e+01
4.088072847984932423e+01
4.200717505986163047e+01
4.288156017020737920e+01
4.350966545862178236e+01
4.389932918528871397e+01
4.406015972854277152e+01
4.400324031116782919e+01
4.374083286200066567e+01
4.328608804450544056e+01
4.265276755474896220e+01
4.185498369263404328e+01
4.090696014353324728e+01
3.982281688663753982e+01
3.861638097373211309e+01
3.730102426246033076e+01
3.588952797584632037e+01
3.439397367337736711e+01
3.282565931974085061e+01
3.119503892980872806e+01
2.951168373963697533e+01
2.778426286469965945e+01
2.602054111780662282e+01
2.422739176483992196e+01
2.241082202690584779e+01
2.057600918607579032e+01
1.872734544380260147e+01
1.686848973125615103e+01
1.500242494708703234e+01
1.313151933394456705e+01
1.125759085768597068e+01
9.381973682420611027e+00
7.505586066203626672e+00
5.628999082185808689e+00
3.752505850741680415e+00
1.876190963737231598e+00
1.297965451180661708e-14
6.113137857702365467e-15
-1.999376639344516704e+00
-3.998518356565323284e+00
-5.997118346516519871e+00
-7.994726125634855407e+00
-9.990675891788555418e+00
-1.198401523365251187e+01
-1.397343438884693612e+01
-1.595719640695196517e+01
-1.793306867337177479e+01
-1.989825639620395492e+01
-2.184933886021968519e+01
-2.378220935871906860e+01
-2.569202002296887954e+01
-2.757313286170527533e+01
-2.941907854493459240e+01
-3.122252468097140010e+01
-3.297525552469600996e+01
-3.466816504052722792e+01
-3.629126552708655851e+01
-3.783371391571692754e+01
-3.928385773427947214e+01
-4.062930290498289310e+01
-4.185700484706500646e+01
-4.295338439771395400e+01
-4.390446956690253444e+01
-4.469606322040520041e+01
-4.531393648443022926e+01
-4.574404682746219208e+01
-4.597277842202906584e+01
-4.598720205913441816e+01
-4.577535040330758420e+01
-4.532650350396060190e+01
-4.463147864257755515e+01
-4.368291742644137798e+01
-4.247556257486781561e+01
-4.100651626586994780e+01
-3.927547142841577710e+01
-3.728490768430371816e+01
-3.504024378405002693e+01
-3.254993914841789859e+01
-2.982553813766013562e+01
-2.688165216426939352e+01
-2.373587627325286675e+01
-2.040863892912945587e+01
-1.692298566293030149e+01
-1.330429981550710039e+01
-9.579965106908103323e+00
-5.778977700841784859e+00
-1.931516634619043549e+00
1.931516634583841041e+00
5.778977701162834713e+00
9.579965106718949741e+00
1.330429981549631968e+01
1.692298566284389238e+01
2.040863891597051705e+01
2.373587627387162868e+01
2.688165216368119914e+01
2.982553813754775973e+01
3.254993914997164950e+01
3.504024378651722316e+01
3.728490768335942818e+01
3.927547142897095966e+01
4.100651627186464765e+01
4.247556257527857326e+01
4.368291742549373424e+01
4.463147864377999952e+01
4.532650350395903871e+01
4.577535039752660850e+01
4.598720205895915569e+01
4.597277842263711278e+01
4.574404682719919890e+01
4.531393648383040329e+01
4.469606321035367813e+01
4.390446956751533492e+01
4.295338439988582735e+01
4.185700483558173346e+01
4.062930290630740160e+01
3.928385773371813627e+01
3.783371390929907818e+01
3.629126552924506655e+01
3.466816503996885501e+01
3.297525552126127479e+01
3.122252468581749696e+01
2.941907854454433391e+01
2.757313285994107943e+01
2.569202001842204908e+01
2.378220935484137399e+01
2.184933885822324129e+01
1.989825640018653274e+01
1.793306867331021692e+01
1.595719640588763966e+01
1.397343438878267285e+01
1.198401523240278443e+01
9.990675891397614805e+00
7.994726125761115298e+00
5.997118347117221582e+00
3.998518356576622246e+00
1.999376639228727548e+00
1.382925427183126610e-14
6.518888511413867494e-15
-2.133106946429510042e+00
-4.265535023723836083e+00
-6.396531533371733858e+00
-8.525196292869729575e+00
-1.065040835274101383e+01
-1.277075333126331991e+01
-1.488445170973037968e+01
-1.698928847488861038e+01
-1.908254471954548137e+01
-2.116093179942824776e+01
-2.322052898814984445e+01
-2.525672554818429205e+01
-2.726416854302114601e+01
-2.923671751429077759e+01
-3.116740791414398259e+01
-3.304842466922124800e+01
-3.487108793227707793e+01
-3.662585280808850996e+01
-3.830232511996236155e+01
-3.988929520871531764e+01
-4.137479158386680922e+01
-4.274615611450238362e+01
-4.399014253029435650e+01
-4.509303881378832557e+01
-4.604081462287669524e+01
-4.681929350313533433e+01
-4.741434936294453451e+01
-4.781212564540715704e+01
-4.799927530087352778e+01
-4.796321774941141314e+01
-4.769240937269929503e+01
-4.717662186458828444e+01
-4.640722300277088408e+01
-4.537745272729676316e+01
-4.408268738737081094e+01
-4.252068432461450698e+01
-4.069179880862566279e+01
-3.859916551464682044e+01
-3.624883681777749445e+01
-3.364987141017723360e+01
-3.081436732078889662e+01
-2.775743488901114375e+01
-2.449710701117701461e+01
-2.105418546894303589e+01
-1.745202449316965954e+01
-1.371625444293776752e+01
-9.874450700540956305e+00
-5.955754713896273422e+00
-1.990455844680610209e+00
1.990455845134462720e+00
5.955754714894897717e+00
9.874450701406328079e+00
1.371625444655129478e+01
1.745202449295715041e+01
2.105418546861185902e+01
2.449710700825944798e+01
2.775743488779421497e+01
3.081436731419313091e+01
3.364987141098097112e+01
3.624883681507323985e+01
3.859916551744475299e+01
4.069179881040127356e+01
4.252068431268133963e+01
4.408268737906819013e+01
4.537745272493533832e+01
4.640722300031455916e+01
4.717662185875166614e+01
4.769240936520042595e+01
4.796321775161455747e+01
4.799927529385306002e+01
4.781212564392367881e+01
4.741434934924314604e+01
4.681929350693283709e+01
4.604081463255546680e+01
4.509303880890803384e+01
4.399014253811738939e+01
4.274615612384803853e+01
4.137479157231528859e+01
3.988929521447195015e+01
3.830232511801887796e+01
3.662585280887475392e+01
3.487108794594007577e+01
3.304842466961526526e+01
3.116740790604466582e+01
2.923671751438909894e+01
2.726416853812878571e+01
2.525672555353066784e+01
2.322052898928971132e+01
2.116093179560411741e+01
1.908254471716773892e+01
1.698928848156819882e+01
1.488445170813679042e+01
1.277075333184763828e+01
1.065040835415598686e+01
8.525196294305537492e+00
6.396531535231116727e+00
4.265535025072741959e+00
2.133106946646257107e+00
1.475138089904615764e-14
6.959184399833370891e-15
-2.278305435219692310e+00
-4.555383789602992728e+00
-6.829932870389508359e+00
-9.100500552159855872e+00
-1.136541054402588458e+01
-1.362268910062483762e+01
-1.586999310651441952e+01
-1.810454007689362044e+01
-2.032304065804748561e+01
-2.252163444021982741e+01
-2.469582995410521420e+01
-2.684044993975063065e+01
-2.894958304646194236e+01
-3.101654344842046740e+01
-3.303383974485768704e+01
-3.499315489246126276e+01
-3.688533887886753604e+01
-3.870041595934040402e+01
-4.042760821162698193e+01
-4.205537732683487917e+01
-4.357148611068474509e+01
-4.496308130995911512e+01
-4.621679882739053369e+01
-4.731889223710704329e+01
-4.825538482685648489e+01
-4.901224498148975783e+01
-4.957558388659801096e+01
-4.993187406748102575e+01
-5.006818613280897523e+01
-4.997244048359011970e+01
-4.963366982024083995e+01
-4.904228744525137529e+01
-4.819035551444844145e+01
-4.707184697542239604e+01
-4.568289406067604119e+01
-4.402201610411738386e+01
-4.209031936484053915e+01
-3.989166148232766318e+01
-3.743277385488543985e+01
-3.472333579696757511e+01
-3.177599536394022195e+01
-2.860633300810958701e+01
-2.523276575298494961e+01
-2.167639121525273183e+01
-1.796077258453149739e+01
-1.411166769519906161e+01
-1.015670688129852550e+01
-6.125026343753633640e+00
-2.046865096019501618e+00
2.046865096192914901e+00
6.125026344930502908e+00
1.015670687945523731e+01
1.411166769619537931e+01
1.796077258542633359e+01
2.167639121309843020e+01
2.523276575518436005e+01
2.860633300586839312e+01
3.177599536439144856e+01
3.472333579651829893e+01
3.743277385465649587e+01
3.989166148667457890e+01
4.209031936558231024e+01
4.402201610679937716e+01
4.568289406024624100e+01
4.707184698853175320e+01
4.819035551246762594e+01
4.904228744753016400e+01
4.963366982191650578e+01
4.997244048730155441e+01
5.006818613510665728e+01
4.993187406614343615e+01
4.957558388074035349e+01
4.901224497921847956e+01
4.825538482665510998e+01
4.731889223372042608e+01
4.621679882611596213e+01
4.496308131409606546e+01
4.357148611482589473e+01
4.205537732781898796e+01
4.042760821062475429e+01
3.870041595492027398e+01
3.688533887970650227e+01
3.499315489235424792e+01
3.303383974835094961e+01
3.101654345237894006e+01
2.894958304828007911e+01
2.684044993328179984e+01
2.469582995210159027e+01
2.252163444184896690e+01
2.032304065763457146e+01
1.810454007754346151e+01
1.586999310666104357e+01
1.362268909872420863e+01
1.136541054397061856e+01
9.100500552786927599e+00
6.829932870361859365e+00
4.555383788315420901e+00
2.278305435589188299e+00
1.575237780137106569e-14
7.436524385900149844e-15
-2.435807929665227078e+00
-4.869713003921469330e+00
-7.299736984255375205e+00
-9.723751263233971542e+00
-1.213940271970858120e+01
-1.454404086613428504e+01
-1.693464684738804138e+01
-1.930776488502530341e+01
-2.165943687791934025e+01
-2.398514109925667270e+01
-2.627973570611014864e+01
-2.853740846851802360e+01
-3.075163371080816432e+01
-3.291513783014819694e+01
-3.501987498931878662e+01
-3.705701439482946569e+01
-3.901694085006517554e+01
-4.088927019802896012e+01
-4.266288123855121484e+01
-4.432596578857710767e+01
-4.586609799444888580e+01
-4.727032444663213795e+01
-4.852527552231991592e+01
-4.961729877764989993e+01
-5.053261423153082177e+01
-5.125749094360746483e+01
-5.177844379171919087e+01
-5.208244855506379167e+01
-5.215717261020873252e+01
-5.199121793636675903e+01
-5.157437233126881182e+01
-5.089786380492542150e+01
-4.995461288610336936e+01
-4.873947658306556718e+01
-4.724947769391640406e+01
-4.548401261590567657e+01
-4.344503108467306873e+01
-4.113718128000664365e+01
-3.856791420771783407e+01
-3.574754207892431879e+01
-3.268924625047798571e+01
-2.940903153151270999e+01
-2.592562496849895837e+01
-2.226031887715468471e+01
-1.843675936453196940e+01
-1.448068334362769960e+01
-1.041960865730931474e+01
-6.282483449102638673e+00
-2.099302293583407142e+00
2.099302293554085264e+00
6.282483449028800848e+00
1.041960865638978184e+01
1.448068334390071676e+01
1.843675936801926341e+01
2.226031887733330805e+01
2.592562496768766422e+01
2.940903153088120803e+01
3.268924625060235201e+01
3.574754207773724346e+01
3.856791420658110070e+01
4.113718128155244358e+01
4.344503108551193549e+01
4.548401261633604520e+01
4.724947768861716213e+01
4.873947658254432724e+01
4.995461287881907708e+01
5.089786380848065761e+01
5.157437233012768019e+01
5.199121794021402820e+01
5.215717261103333868e+01
5.208244855617573421e+01
5.177844379257034291e+01
5.125749094024377683e+01
5.053261423316035916e+01
4.961729877978815750e+01
4.852527552282813872e+01
4.727032444649063336e+01
4.586609799691681388e+01
4.432596577811517591e+01
4.266288124647595481e+01
4.088927019766261850e+01
3.901694084951324015e+01
3.705701440230226495e+01
3.501987499126379078e+01
3.291513783195374288e+01
3.075163371008962443e+01
2.853740846862714164e+01
2.627973570292309091e+01
2.398514109599007327e+01
2.165943688009244283e+01
1.930776488104091015e+01
1.693464684817294241e+01
1.454404086790863104e+01
1.213940272055140923e+01
9.723751263887942642e+00
7.299736984095440029e+00
4.869713003736434231e+00
2.435807929084559564e+00
1.683798447064670729e-14
7.952756906929815716e-15
-2.606235966364961243e+00
-5.209737787104738338e+00
-7.807697117233526107e+00
-1.039715774881506860e+01
-1.297494303358751111e+01
-1.553758496566494962e+01
-1.808125561265812564e+01
-2.060170152633691742e+01
-2.309418203686755078e+01
-2.555341225912577485e+01
-2.797351181332238923e+01
-3.034796039014706182e+01
-3.266956131813060438e+01
-3.493041450085586064e+01
-3.712189988670536422e+01
-3.923467342935840207e+01
-4.125867601143054486e+01
-4.318315796151818375e+01
-4.499671950595816838e+01
-4.668736904911519758e+01
-4.824259992029644195e+01
-4.964948698900631285e+01
-5.089480267004192626e+01
-5.196515379087918518e+01
-5.284713779464644290e+01
-5.352751797100446396e+01
-5.399341631164337230e+01
-5.423252178824861858e+01
-5.423331127001907959e+01
-5.398528007317833044e+01
-5.347917758775177077e+01
-5.270724365349860108e+01
-5.166344096991289092e+01
-5.034367694326511611e+01
-4.874600997807995384e+01
-4.687083412842670782e+01
-4.472103566656144835e+01
-4.230211640706574627e+01
-3.962227840612416685e+01
-3.669246531195725680e+01
-3.352635708250104329e+01
-3.014031525101083275e+01
-2.655327734397903683e+01
-2.278660077027457120e+01
-1.886385727991731187e+01
-1.481058105075342901e+01
-1.065397472843424076e+01
-6.422578912188712685e+00
-2.145911989809726528e+00
2.145911990020880289e+00
6.422578912113139360e+00
1.065397472891069341e+01
1.481058104999074843e+01
1.886385727619054009e+01
2.278660077115231886e+01
2.655327734278769825e+01
3.014031525103266418e+01
3.352635710371204425e+01
3.669246531632802544e+01
3.962227840643498666e+01
4.230211640747855739e+01
4.472103564394873843e+01
4.687083412764036439e+01
4.874600998054097545e+01
5.034367693905860364e+01
5.166344096689408616e+01
5.270724364978076437e+01
5.347917758975147251e+01
5.398528007646270765e+01
5.423331127124468765e+01
5.423252178838068716e+01
5.399341631707783051e+01
5.352751797487343310e+01
5.284713779593082705e+01
5.196515379242095634e+01
5.089480265912574453e+01
4.964948698040894470e+01
4.824259992744126180e+01
4.668736904648383046e+01
4.499671950848669866e+01
4.318315795726399386e+01
4.125867600792222589e+01
3.923467342738123875e+01
3.712189988452325906e+01
3.493041449519693487e+01
3.266956131574043098e+01
3.034796038884767455e+01
2.797351181482563476e+01
2.555341226420856771e+01
2.309418203739850028e+01
2.060170152438691105e+01
1.808125561418051319e+01
1.553758496464600292e+01
1.297494303486761069e+01
1.039715774838122719e+01
7.807697115187390402e+00
5.209737786097965895e+00
2.606235966780451996e+00
1.801246602344408598e-14
8.508484283138358255e-15
-2.789799590319169464e+00
-5.575845309639430702e+00
-8.354312376718887379e+00
-1.112123482960251408e+01
-1.387243661943388773e+01
-1.660346470818742759e+01
-1.930952497598795858e+01
-2.198542169888880693e+01
-2.462550149202703409e+01
-2.722360261660950087e+01
-2.977301074040757456e+01
-3.226642210641517750e+01
-3.469591540895552839e+01
-3.705293343388240146e+01
-3.932827582778845965e+01
-4.151210412449340481e+01
-4.359396037296387050e+01
-4.556280044925930639e+01
-4.740704318652566229e+01
-4.911463621873875951e+01
-5.067313931303671382e+01
-5.206982556024145481e+01
-5.329180072639176302e+01
-5.432614043153959216e+01
-5.516004455408122453e+01
-5.578100777373914099e+01
-5.617700454960495193e+01
-5.633668641028248203e+01
-5.624958884318654384e+01
-5.590634444482080312e+01
-5.529889856185459251e+01
-5.442072316113219443e+01
-5.326702429818702456e+01
-5.183493801712182858e+01
-5.012370997549477636e+01
-4.813485302255916309e+01
-4.587227805857182261e+01
-4.334239350256795120e+01
-4.055416852111100212e+01
-3.751915693723427836e+01
-3.425147857509798399e+01
-3.076775624124576325e+01
-2.708700749011218178e+01
-2.323049143165841457e+01
-1.922151215532064938e+01
-1.508518139572319861e+01
-1.084814453840005299e+01
-6.538274720544401397e+00
-2.184341219536301004e+00
2.184341219484900787e+00
6.538274720692922592e+00
1.084814453892622232e+01
1.508518139676318626e+01
1.922151215346785236e+01
2.323049143242712944e+01
2.708700749064764679e+01
3.076775624152775279e+01
3.425147857614454239e+01
3.751915693734182611e+01
4.055416852120942650e+01
4.334239350177531236e+01
4.587227805920412038e+01
4.813485300708972403e+01
5.012370997794797489e+01
5.183493801158000736e+01
5.326702427896343295e+01
5.442072316517780450e+01
5.529889856243453750e+01
5.590634444856394225e+01
5.624958884609162624e+01
5.633668640632208024e+01
5.617700454719247460e+01
5.578100777641117247e+01
5.516004455271441032e+01
5.432614042874958216e+01
5.329180072720981087e+01
5.206982556493635173e+01
5.067313931324315490e+01
4.911463622815990249e+01
4.740704318929255123e+01
4.556280045035759230e+01
4.359396037448932759e+01
4.151210412617802348e+01
3.932827582792275933e+01
3.705293343796658689e+01
3.469591540723455125e+01
3.226642210738844341e+01
2.977301073746422588e+01
2.722360262778146023e+01
2.462550149235121921e+01
2.198542170048721545e+01
1.930952497662200429e+01
1.660346470854115708e+01
1.387243661921824156e+01
1.112123483067602692e+01
8.354312376417150077e+00
5.575845310615824779e+00
2.789799590063952728e+00
1.927725662383045238e-14
9.102165978126062581e-15
-2.986000431419079781e+00
-5.967001265699770407e+00
-8.937938208059215128e+00
-1.189361833773850208e+01
-1.482865773617824345e+01
-1.773742146511759188e+01
-2.061396673057229023e+01
-2.345199009325476425e+01
-2.624477964448860945e+01
-2.898517307148564370e+01
-3.166552262411128638e+01
-3.427766800200669906e+01
-3.681291819888048877e+01
-3.926204339003076171e+01
-4.161527791774576457e+01
-4.386233536907641195e+01
-4.599243678626421428e+01
-4.799435280777579038e+01
-4.985646055806302002e+01
-5.156681584576235622e+01
-5.311324100554952565e+01
-5.448342857689719665e+01
-5.566506053997113668e+01
-5.664594264998025608e+01
-5.741415292320328945e+01
-5.795820295950716883e+01
-5.826721034360478768e+01
-5.833107991843903051e+01
-5.814069130271739283e+01
-5.768808955208082523e+01
-5.696667551994143963e+01
-5.597139210729503134e+01
-5.469890233166975690e+01
-5.314775495805297112e+01
-5.131853335205119038e+01
-4.921398328057858151e+01
-4.683911551887279501e+01
-4.420127944963847000e+01
-4.131020428290029400e+01
-3.817800508320387820e+01
-3.481915149638936668e+01
-3.125039787626396404e+01
-2.749067440402611950e+01
-2.356093972744674758e+01
-1.948399665829095539e+01
-1.528427342082836304e+01
-1.098757389809205698e+01
-6.620801189301745104e+00
-2.211659553957620705e+00
2.211659553955468205e+00
6.620801189319979407e+00
1.098757389809120433e+01
1.528427342072069983e+01
1.948399665820879179e+01
2.356093972734818465e+01
2.749067440388946082e+01
3.125039787629098242e+01
3.481915149639068829e+01
3.817800508336877385e+01
4.131020428300344349e+01
4.420127944932389141e+01
4.683911551850410859e+01
4.921398328058226923e+01
5.131853335219311418e+01
5.314775495804551753e+01
5.469890233193628148e+01
5.597139210648391128e+01
5.696667551964523568e+01
5.768808955260523419e+01
5.814069130346402403e+01
5.833107991798588898e+01
5.826721034366154583e+01
5.795820295940406908e+01
5.741415292399048553e+01
5.664594264919826117e+01
5.566506053978736190e+01
5.448342857641755899e+01
5.311324100678102411e+01
5.156681584491918358e+01
4.985646055819329092e+01
4.799435280607936960e+01
4.599243678663764001e+01
4.386233537000134675e+01
4.161527791587558767e+01
3.926204339030035584e+01
3.681291819790278907e+01
3.427766800224408428e+01
3.166552262452706756e+01
2.898517307170623880e+01
2.624477964488515269e+01
2.345199009339889784e+01
2.061396673067808649e+01
1.773742146499958139e+01
1.482865773663541198e+01
1.189361833802803581e+01
8.937938207897150988e+00
5.967001265678121058e+00
2.986000431435105185e+00
2.062891671292324769e-14
9.728813784716252769e-15
-3.193199672148384849e+00
-6.379887184449805737e+00
-9.553495936497574448e+00
-1.270735129445154854e+01
-1.583461869670702882e+01
-1.892825431781783507e+01
-2.198095916981194620e+01
-2.498513751820149409e+01
-2.793286051456470176e+01
-3.081583596738532549e+01
-3.362538515792194005e+01
-3.635242761791679555e+01
-3.898747478500820307e+01
-4.152063339556702459e+01
-4.394161946705306576e+01
-4.623978361785596292e+01
-4.840414840765933491e+01
-5.042345825956816441e+01
-5.228624236897811528e+01
-5.398089083216883921e+01
-5.549574401799430490e+01
-5.681919496160252692e+01
-5.793980430182754304e+01
-5.884642695855389860e+01
-5.952834946472820121e+01
-5.997543652170065798e+01
-6.017828497662833342e+01
-6.012838315144827561e+01
-5.981827305072196310e+01
-5.924171273180880348e+01
-5.839383584968825858e+01
-5.727130513123397293e+01
-5.587245644963685010e+01
-5.419743004913394913e+01
-5.224828547499867426e+01
-5.002909689679141536e+01
-4.754602566279037745e+01
-4.480736727074183534e+01
-4.182357028042103053e+01
-3.860722523463140021e+01
-3.517302219550522580e+01
-3.153767615466018270e+01
-2.771982031061482843e+01
-2.373986785160005297e+01
-1.961984378648719840e+01
-1.538318895102863415e+01
-1.105453911936973910e+01
-6.659482766301825230e+00
-2.224301594552296368e+00
2.224301594556573836e+00
6.659482766262893705e+00
1.105453911939215139e+01
1.538318895106529283e+01
1.961984378655393968e+01
2.373986785162268731e+01
2.771982031055144802e+01
3.153767615485366349e+01
3.517302219546638753e+01
3.860722523448375654e+01
4.182357027998683208e+01
4.480736727026411614e+01
4.754602566284155074e+01
5.002909689658677195e+01
5.224828547484946029e+01
5.419743004890768390e+01
5.587245644999578786e+01
5.727130513063351458e+01
5.839383584969372265e+01
5.924171273226578904e+01
5.981827305045194265e+01
6.012838315136238521e+01
6.017828497800441312e+01
5.997543652100492295e+01
5.952834946472665933e+01
5.884642695790342515e+01
5.793980430191113129e+01
5.681919496208144693e+01
5.549574401712419558e+01
5.398089083126455279e+01
5.228624236763488398e+01
5.042345825874838283e+01
4.840414840647130745e+01
4.623978361837073692e+01
4.394161946747937009e+01
4.152063339619999738e+01
3.898747478473580941e+01
3.635242761949193380e+01
3.362538515819292684e+01
3.081583596708493644e+01
2.793286051416241378e+01
2.498513751779094605e+01
2.198095916946378026e+01
1.892825431711702677e+01
1.583461869637755548e+01
1.270735129421317033e+01
9.553495936721358106e+00
6.379887184477969875e+00
3.193199672093400387e+00
2.205615997604530760e-14
1.037816841567021767e-14
-3.408014333817953823e+00
-6.807696398181604991e+00
-1.019067518361701197e+01
-1.354850305251434328e+01
-1.687261955893291798e+01
-2.015431782033496688e+01
-2.338471428681934228e+01
-2.655472275417077199e+01
-2.965503343048612805e+01
-3.267609787243646480e+01
-3.560812057584527679e+01
-3.844105795511455170e+01
-4.116462542182163276e+01
-4.376831319973067025e+01
-4.624141143550326660e+01
-4.857304509059652275e+01
-5.075221895926607374e+01
-5.276787306301138614e+01
-5.460894849453911348e+01
-5.626446362688300695e+01
-5.772360041626230753e+01
-5.897580031815032697e+01
-6.001086910849242884e+01
-6.081908970064672104e+01
-6.139134175465798648e+01
-6.171922669765037028e+01
-6.179519649687268412e+01
-6.161268431160098658e+01
-6.116623496100420709e+01
-6.045163293194515575e+01
-5.946602556359128045e+01
-5.820803886203891864e+01
-5.667788344400148048e+01
-5.487744802204396422e+01
-5.281037797101949138e+01
-5.048213662257621337e+01
-4.790004712683054322e+01
-4.507331299366138211e+01
-4.201301574803247973e+01
-3.873208852397164037e+01
-3.524526484827094919e+01
-3.156900235480657813e+01
-2.772138167002126607e+01
-2.372198124113330664e+01
-1.959172940158819287e+01
-1.535273548330560978e+01
-1.102810226915817537e+01
-6.641722520818664321e+00
-2.218062698878771055e+00
2.218062698876933414e+00
6.641722520808809094e+00
1.102810226912381530e+01
1.535273548322282977e+01
1.959172940160521748e+01
2.372198124106707340e+01
2.772138166986852070e+01
3.156900235498509488e+01
3.524526484829862483e+01
3.873208852384545509e+01
4.201301574790694815e+01
4.507331299427803373e+01
4.790004712669851017e+01
5.048213662255128753e+01
5.281037797107580900e+01
5.487744802184953841e+01
5.667788344371604126e+01
5.820803886239381342e+01
5.946602556366557479e+01
6.045163293256129577e+01
6.116623496091737167e+01
6.161268431265857970e+01
6.179519649641074608e+01
6.171922669748672519e+01
6.139134175480203481e+01
6.081908969999335568e+01
6.001086910805504004e+01
5.897580031666469580e+01
5.772360041581270451e+01
5.626446362749315000e+01
5.460894849412751029e+01
5.276787306242531628e+01
5.075221896041058756e+01
4.857304509058684516e+01
4.624141143532953180e+01
4.376831319924365005e+01
4.116462542140877190e+01
3.844105795459430652e+01
3.560812057586490909e+01
3.267609787231144480e+01
2.965503343048214902e+01
2.655472275356276768e+01
2.338471428652926676e+01
2.015431782005700967e+01
1.687261955924178025e+01
1.354850305283544287e+01
1.019067518342424528e+01
6.807696398312498509e+00
3.408014333818444985e+00
2.353569793665533842e-14
1.103228055738454840e-14
-3.624516526404968353e+00
-7.238539115458692663e+00
-1.083155793278688961e+01
-1.439303208685973523e+01
-1.791237594160795510e+01
-2.137894762102125412e+01
-2.478204040683102960e+01
-2.811087771481889419e+01
-3.135461229149380458e+01
-3.450233024657180181e+01
-3.754306046077112313e+01
-4.046578993232245836e+01
-4.325948541551993998e+01
-4.591312179252425096e+01
-4.841571740448345906e+01
-5.075637654567916002e+01
-5.292433917682383537e+01
-5.490903782077639761e+01
-5.670016143933185049e+01
-5.828772601135879938e+01
-5.966215130940076250e+01
-6.081434329902759828e+01
-6.173578137616156880e+01
-6.241860953680289015e+01
-6.285573041083612367e+01
-6.304090094455458626e+01
-6.296882840483305444e+01
-6.263526524043511046e+01
-6.203710123273447152e+01
-6.117245134294459064e+01
-6.004073753159359228e+01
-5.864276289278313214e+01
-5.698077640904552510e+01
-5.505852670665449722e+01
-5.288130328001747671e+01
-5.045596377897864215e+01
-4.779094611714430840e+01
-4.489626441465910744e+01
-4.178348786644329493e+01
-3.846570216008111487e+01
-3.495745308799291706e+01
-3.127467248061182303e+01
-2.743458684385144508e+01
-2.345560942733071386e+01
-1.935721675352804638e+01
-1.515981097287376222e+01
-1.088456967736263614e+01
-6.553285067345943737e+00
-2.188194597678173814e+00
2.188194597671716757e+00
6.553285067368809003e+00
1.088456967739373837e+01
1.515981097268330302e+01
1.935721675321827107e+01
2.345560942776907254e+01
2.743458684396847147e+01
3.127467248022839641e+01
3.495745308859466149e+01
3.846570216027957656e+01
4.178348786744991372e+01
4.489626441443142824e+01
4.779094612331667236e+01
5.045596377812692879e+01
5.288130328052764639e+01
5.505852670681976946e+01
5.698077640946596034e+01
5.864276289232279993e+01
6.004073753128695046e+01
6.117245134342141455e+01
6.203710123324530201e+01
6.263526523981273897e+01
6.296882840579899465e+01
6.304090094460470084e+01
6.285573041043519282e+01
6.241860953688134828e+01
6.173578137504508589e+01
6.081434329861154708e+01
5.966215130930932986e+01
5.828772601225694672e+01
5.670016143897215954e+01
5.490903782020334489e+01
5.292433917738465965e+01
5.075637654529526799e+01
4.841571740483725250e+01
4.591312179287808704e+01
4.325948541564989114e+01
4.046578993246087208e+01
3.754306046148864340e+01
3.450233024204020182e+01
3.135461229134799765e+01
2.811087771464442397e+01
2.478204040719064949e+01
2.137894762091637091e+01
1.791237594126014798e+01
1.439303208643772791e+01
1.083155793265924594e+01
7.238539115516966049e+00
3.624516526352118184e+00
2.502672652265246369e-14
1.166253820729734194e-14
-3.833249681131351672e+00
-7.653486260228938853e+00
-1.144771263390798666e+01
-1.520296412992301605e+01
-1.890632579555662574e+01
-2.254495095650375802e+01
-2.610608143782071977e+01
-2.957706981004991320e+01
-3.294540399482719550e+01
-3.619873451784180673e+01
-3.932490466053373268e+01
-4.231198369562735451e+01
-4.514830334761323627e+01
-4.782249755274199998e+01
-5.032354551548041144e+01
-5.264081799919723892e+01
-5.476412670331845334e+01
-5.668377651584045651e+01
-5.839062032607964170e+01
-5.987611602287193335e+01
-6.113238522400222763e+01
-6.215227319719824806e+01
-6.292940934608991910e+01
-6.345826761554440054e+01
-6.373422604810985348e+01
-6.375362471651823171e+01
-6.351382118514606390e+01
-6.301324266449366718e+01
-6.225143393075269671e+01
-6.122910016857225912e+01
-5.994814383873497121e+01
-5.841169473326389294e+01
-5.662413240635076050e+01
-5.459110026055359555e+01
-5.231951060670777309e+01
-4.981754012901004103e+01
-4.709461531524500799e+01
-4.416138748755687260e+01
-4.102969724384185923e+01
-3.771252824460461994e+01
-3.422395043239529855e+01
-3.057905292606900005e+01
-2.679386698990057170e+01
-2.288527962373416358e+01
-1.887093848200526836e+01
-1.476914895360328117e+01
-1.059876437388966863e+01
-6.379070453601706880e+00
-2.129665101249649251e+00
2.129665101261540183e+00
6.379070453663913121e+00
1.059876437392182602e+01
1.476914895358500246e+01
1.887093848212856528e+01
2.288527962348055311e+01
2.679386698996060545e+01
3.057905292633988026e+01
3.422395043230002187e+01
3.771252824479455512e+01
4.102969724394072415e+01
4.416138748768273814e+01
4.709461531554615732e+01
4.981754012869793513e+01
5.231951060689925015e+01
5.459110026110701597e+01
5.662413240612614374e+01
5.841169473356922737e+01
5.994814383969000460e+01
6.122910016875842842e+01
6.225143393051364171e+01
6.301324266460371604e+01
6.351382118505468100e+01
6.375362471580258017e+01
6.373422604817213255e+01
6.345826761579625952e+01
6.292940934604110481e+01
6.215227319703078734e+01
6.113238522442231471e+01
5.987611602238701636e+01
5.839062032613146869e+01
5.668377651665704775e+01
5.476412670344023326e+01
5.264081799890252711e+01
5.032354551549166644e+01
4.782249755221394594e+01
4.514830334727028571e+01
4.231198369545521132e+01
3.932490466073082303e+01
3.619873451765950279e+01
3.294540399506605866e+01
2.957706981025765813e+01
2.610608143794155822e+01
2.254495095649923897e+01
1.890632579567413174e+01
1.520296413003111802e+01
1.144771263395559124e+01
7.653486260097364102e+00
3.833249681159183186e+00
2.646414953406702051e-14
1.222644991610662012e-14
-4.020164552313488571e+00
-8.024459252652738073e+00
-1.199707307762646202e+01
-1.592231250457704839e+01
-1.978465986936038590e+01
-2.356883125152816305e+01
-2.725983372616908795e+01
-3.084302182121102831e+01
-3.430415301336017819e+01
-3.762944209618573410e+01
-4.080561424632281131e+01
-4.381995661982703183e+01
-4.666036829200900371e+01
-4.931540836889445956e+01
-5.177434208158831552e+01
-5.402718468236960803e+01
-5.606474295420301246e+01
-5.787865414374086015e+01
-5.946142214635261780e+01
-6.080645072978985866e+01
-6.190807365102146775e+01
-6.276158146073446886e+01
-6.336324483818432185e+01
-6.371033429147288274e+01
-6.380113606384343683e+01
-6.363496411476262438e+01
-6.321216803320819366e+01
-6.253413677696167383e+01
-6.160329814051166863e+01
-6.042311386227660819e+01
-5.899807032217444203e+01
-5.733366479115589698e+01
-5.543638720360348771e+01
-5.331369747986840935e+01
-5.097399842265066638e+01
-4.842660424976185141e+01
-4.568170484808378262e+01
-4.275032587355045877e+01
-3.964428481650745084e+01
-3.637614322833162106e+01
-3.295915528011585138e+01
-2.940721288741690032e+01
-2.573478763882188858e+01
-2.195686980101753605e+01
-1.808890468638701421e+01
-1.414672669367074143e+01
-1.014649134911592121e+01
-6.104605689415905090e+00
-2.037657340479309909e+00
2.037657340461099142e+00
6.104605689411320313e+00
1.014649134914217399e+01
1.414672669349280731e+01
1.808890468639269855e+01
2.195686980109657682e+01
2.573478763880394737e+01
2.940721288742489392e+01
3.295915528011281737e+01
3.637614322804918743e+01
3.964428481594734421e+01
4.275032587327037703e+01
4.568170484840831591e+01
4.842660424939425923e+01
5.097399842295725136e+01
5.331369747982832763e+01
5.543638720337687431e+01
5.733366479147962735e+01
5.899807032208796898e+01
6.042311386138904084e+01
6.160329814109280733e+01
6.253413677737815135e+01
6.321216803332982437e+01
6.363496411508704398e+01
6.380113606413532779e+01
6.371033429152733873e+01
6.336324483875502978e+01
6.276158146053956699e+01
6.190807365073148816e+01
6.080645072954692409e+01
5.946142214662783942e+01
5.787865414400376807e+01
5.606474295417494602e+01
5.402718468254369100e+01
5.177434208164908824e+01
4.931540836858843591e+01
4.666036829182291257e+01
4.381995662029955696e+01
4.080561424625233968e+01
3.762944209620598457e+01
3.430415301334888056e+01
3.084302182124029912e+01
2.725983372611838718e+01
2.356883125147898994e+01
1.978465986930842035e+01
1.592231250471151682e+01
1.199707307762456132e+01
8.024459252666400033e+00
4.020164552313927331e+00
2.775124424843812809e-14
1.266499368532772049e-14
-4.165743397820310001e+00
-8.312503280792514104e+00
-1.242141007661739671e+01
-1.647382096250759886e+01
-2.045143042098707653e+01
-2.433637746122844803e+01
-2.811134848134994257e+01
-3.175967481001099557e+01
-3.526542405460551777e+01
-3.861348447568691711e+01
-4.178964171218923696e+01
-4.478064730471407984e+01
-4.757427857865845056e+01
-5.015938956340558263e+01
-5.252595278036020687e+01
-5.466509181572561715e+01
-5.656910474430986113e+01
-5.823147857871163069e+01
-5.964689501471912081e+01
-6.081122785031269729e+01
-6.172153255275735972e+01
-6.237602850174602764e+01
-6.277407451561026619e+01
-6.291613832028279063e+01
-6.280376064322381069e+01
-6.243951465449091387e+01
-6.182696147759295968e+01
-6.097060250245725399e+01
-5.987582920269908726e+01
-5.854887116127223834e+01
-5.699674295344836850e+01
-5.522719051072668606e+01
-5.324863752976578013e+01
-5.107013244480132386e+01
-4.870129642597716924e+01
-4.615227278196155680e+01
-4.343367812236373027e+01
-4.055655551557049421e+01
-3.753232986579360642e+01
-3.437276563305612598e+01
-3.108992696333395855e+01
-2.769614024730287483e+01
-2.420395906051603774e+01
-2.062613138025326265e+01
-1.697556893660955168e+01
-1.326531850086407083e+01
-9.508534883926747838e+00
-5.718455376961708581e+00
-1.908375344570561349e+00
1.908375344564231302e+00
5.718455376998353046e+00
9.508534884045140245e+00
1.326531850074131214e+01
1.697556893659961830e+01
2.062613138010512515e+01
2.420395906021151333e+01
2.769614024706840283e+01
3.108992696312435910e+01
3.437276563287084485e+01
3.753232986576548313e+01
4.055655551518345447e+01
4.343367812243961623e+01
4.615227278236720565e+01
4.870129642557780869e+01
5.107013244496069859e+01
5.324863753003459266e+01
5.522719051116089162e+01
5.699674295347642072e+01
5.854887116115302348e+01
5.987582920312372181e+01
6.097060250267492876e+01
6.182696147738621306e+01
6.243951465399879197e+01
6.280376064295418104e+01
6.291613831980090055e+01
6.277407451563205854e+01
6.237602850130920729e+01
6.172153255273946826e+01
6.081122785063535474e+01
5.964689501437429442e+01
5.823147857879465761e+01
5.656910474484392637e+01
5.466509181501851344e+01
5.252595278115678923e+01
5.015938956319354247e+01
4.757427857868864862e+01
4.478064730488063105e+01
4.178964171206535383e+01
3.861348447609521628e+01
3.526542405484228482e+01
3.175967481003853976e+01
2.811134848126197738e+01
2.433637746100331967e+01
2.045143042104067987e+01
1.647382096260111339e+01
1.242141007662797669e+01
8.312503280883563050e+00
4.165743397832268435e+00
2.875361427888213663e-14
1.290211244420870751e-14
-4.244835936363212880e+00
-8.467489210562789026e+00
-1.264595848836467340e+01
-1.675860248571384403e+01
-2.078431352865175796e+01
-2.470268356466117154e+01
-2.849416040880020518e+01
-3.214019136612895977e+01
-3.562335457133023198e+01
-3.892747366513076201e+01
-4.203771641991045982e+01
-4.494067710088170031e+01
-4.762443857881162756e+01
-5.007861859115306657e+01
-5.229439695349300621e+01
-5.426452527063182174e+01
-5.598331996030189828e+01
-5.744663923443300035e+01
-5.865184546817305034e+01
-5.959775421945678175e+01
-6.028457143897728798e+01
-6.071382063948541941e+01
-6.088826155289085307e+01
-6.081180214691080721e+01
-6.048940572075539279e+01
-5.992699473268248767e+01
-5.913135301419264067e+01
-5.811002800489944065e+01
-5.687123424261115190e+01
-5.542375956845754104e+01
-5.377687510249317882e+01
-5.194025004301148130e+01
-4.992387203767933812e+01
-4.773797394881636791e+01
-4.539296733892372515e+01
-4.289938350146049828e+01
-4.026782052107932230e+01
-3.750890038344184063e+01
-3.463323187489891097e+01
-3.165137995646324853e+01
-2.857384424738859607e+01
-2.541104300030055541e+01
-2.217330368902524995e+01
-1.887085932666129651e+01
-1.551385006196710847e+01
-1.211232940280964776e+01
-8.676274413564726729e+00
-5.215599238054276832e+00
-1.740171203901382135e+00
1.740171203818777768e+00
5.215599238258296744e+00
8.676274412524922042e+00
1.211232940293523086e+01
1.551385006257225818e+01
1.887085932888862772e+01
2.217330368770512194e+01
2.541104299700216629e+01
2.857384424476015994e+01
3.165137996031281276e+01
3.463323187104099787e+01
3.750890038121819003e+01
4.026782053457389310e+01
4.289938350660219157e+01
4.539296734327228222e+01
4.773797394159130647e+01
4.992387203048026123e+01
5.194025004001529311e+01
5.377687509546013445e+01
5.542375956173162876e+01
5.687123424690020101e+01
5.811002800939242974e+01
5.913135301319864112e+01
5.992699472728354948e+01
6.048940571482100381e+01
6.081180215306022774e+01
6.088826154547765412e+01
6.071382063622154845e+01
6.028457143897166759e+01
5.959775421531875850e+01
5.865184547276975735e+01
5.744663922892389252e+01
5.598331995206133627e+01
5.426452526911812413e+01
5.229439695271602773e+01
5.007861859972270935e+01
4.762443857700785799e+01
4.494067710245040814e+01
4.203771641353615252e+01
3.892747366168943302e+01
3.562335457319584719e+01
3.214019136081221717e+01
2.849416041674778555e+01
2.470268356439462920e+01
2.078431353042513408e+01
1.675860248466563007e+01
1.264595849035280573e+01
8.467489210404162137e+00
4.244835935996557730e+00
2.929803257612055527e-14
1.284885523521645748e-14
-4.228034158953290600e+00
-8.430890551235938446e+00
-1.258364983339969712e+01
-1.666190488607100662e+01
-2.064200552372632913e+01
-2.450128978600997343e+01
-2.821829799706715036e+01
-3.177296607933084260e+01
-3.514679514254871151e+01
-3.832299520131549997e+01
-4.128660094865570329e+01
-4.402455897109150840e+01
-4.652578564563589936e+01
-4.878119618221318632e+01
-5.078370557438734778e+01
-5.252820273909013338e+01
-5.401150011823932573e+01
-5.523226042347457110e+01
-5.619090371130626949e+01
-5.688949735843215905e+01
-5.733163194382634487e+01
-5.752228626150276369e+01
-5.746768440081752516e+01
-5.717514795411726425e+01
-5.665294627920265924e+01
-5.591014731851843322e+01
-5.495647154454178462e+01
-5.380215108911650645e+01
-5.245779607382917220e+01
-5.093426953322078532e+01
-4.924257230347349434e+01
-4.739373887131626617e+01
-4.539874484017994405e+01
-4.326842648181472128e+01
-4.101341243367378553e+01
-3.864406782990538147e+01
-3.617045028087897407e+01
-3.360227751683184039e+01
-3.094890623821351383e+01
-2.821932143201209797e+01
-2.542213547160682552e+01
-2.256559625529927970e+01
-1.965760361909558540e+01
-1.670573298940094986e+01
-1.371726564755022437e+01
-1.069922449523425989e+01
-7.658414661055064521e+00
-4.601467878309100534e+00
-1.534889910652709410e+00
1.534889910981070527e+00
4.601467878512768728e+00
7.658414660191542822e+00
1.069922449626293570e+01
1.371726564763267220e+01
1.670573299248419730e+01
1.965760361582004379e+01
2.256559625795141955e+01
2.542213546568300231e+01
2.821932143932932036e+01
3.094890623682664810e+01
3.360227751110721073e+01
3.617045027836439175e+01
3.864406783975252324e+01
4.101341242976175039e+01
4.326842648473886754e+01
4.539874484374439589e+01
4.739373886456232299e+01
4.924257230558193754e+01
5.093426953819042069e+01
5.245779607739289219e+01
5.380215107960823673e+01
5.495647153335146129e+01
5.591014732247673891e+01
5.665294627926555648e+01
5.717514795169062580e+01
5.746768439422968555e+01
5.752228626077211970e+01
5.733163194335985935e+01
5.688949736195789342e+01
5.619090371474811008e+01
5.523226042601920227e+01
5.401150011737234991e+01
5.252820274424063030e+01
5.078370556379542933e+01
4.878119618186185136e+01
4.652578564104601355e+01
4.402455897059979861e+01
4.128660094576909501e+01
3.832299520201069498e+01
3.514679514695588836e+01
3.177296607449543586e+01
2.821829800156504930e+01
2.450128978393232515e+01
2.064200552334443373e+01
1.666190488888997834e+01
1.258364983316624297e+01
8.430890550221997515e+00
4.228034159413427417e+00
2.918187053639088180e-14
1.241521905531128687e-14
-4.085595991311757658e+00
-8.143639026016394666e+00
-1.214691499289338239e+01
-1.606888035833287987e+01
-1.988397988416598139e+01
-2.356794379003717310e+01
-2.709805866778037142e+01
-3.045340685359312971e+01
-3.361507040684172409e+01
-3.656629620342697251e+01
-3.929262056032710859e+01
-4.178195192183753903e+01
-4.402461229497517081e+01
-4.601333802609766366e+01
-4.774324252860932916e+01
-4.921174334388403082e+01
-5.041845758224511798e+01
-5.136506944103698657e+01
-5.205517454988208925e+01
-5.249410570016241451e+01
-5.268874468212986528e+01
-5.264732507153372865e+01
-5.237923039125153934e+01
-5.189479164527384825e+01
-5.120508860746807045e+01
-5.032175759372955071e+01
-4.925680909739187285e+01
-4.802245748612407539e+01
-4.663096488166608111e+01
-4.509450035865720707e+01
-4.342501555815474745e+01
-4.163413739355101484e+01
-3.973307763584529084e+01
-3.773255957697191576e+01
-3.564276097907534790e+01
-3.347327285113665596e+01
-3.123307288345259991e+01
-2.893051287652320269e+01
-2.657331873527430943e+01
-2.416860204962991077e+01
-2.172288204644728893e+01
-1.924211674413691497e+01
-1.673174215715229352e+01
-1.419671855267126581e+01
-1.164158257317646417e+01
-9.070504465604971145e+00
-6.487349323954404667e+00
-3.895741659846950533e+00
-1.299132391776847140e+00
1.299132391590169577e+00
3.895741660032192577e+00
6.487349324442410747e+00
9.070504463102915693e+00
1.164158257239592942e+01
1.419671855209806921e+01
1.673174215975065238e+01
1.924211674241310632e+01
2.172288204428514646e+01
2.416860204821830393e+01
2.657331873422757340e+01
2.893051287699653429e+01
3.123307287201238580e+01
3.347327285209697578e+01
3.564276098482454813e+01
3.773255957771561242e+01
3.973307763349406940e+01
4.163413739589855567e+01
4.342501556289738573e+01
4.509450036412557949e+01
4.663096488331345313e+01
4.802245748774024037e+01
4.925680909280568187e+01
5.032175761281313697e+01
5.120508862536510009e+01
5.189479165150061135e+01
5.237923038342483295e+01
5.264732508872911154e+01
5.268874467566288899e+01
5.249410570482197613e+01
5.205517455349791334e+01
5.136506943440850392e+01
5.041845758047315940e+01
4.921174334277169038e+01
4.774324252279225078e+01
4.601333803594809524e+01
4.402461229539208887e+01
4.178195192538775871e+01
3.929262055113722596e+01
3.656629621104733019e+01
3.361507039549417897e+01
3.045340686056840340e+01
2.709805866104154148e+01
2.356794379151607188e+01
1.988397988289881724e+01
1.606888036296046707e+01
1.214691499230849914e+01
8.143639024768729584e+00
4.085595991301584462e+00
2.820007651831911839e-14
1.153187336852602558e-14
-3.794637169657748110e+00
-7.560472666859506141e+00
-1.126911644938000734e+01
-1.489299186976042400e+01
-1.840571802006066093e+01
-2.178246385865372403e+01
-2.500026612982767560e+01
-2.803830455801168497e+01
-3.087812890140544297e+01
-3.350383429638383603e+01
-3.590218274414446853e+01
-3.806267027210888898e+01
-3.997754096508077737e+01
-4.164174915728160897e+01
-4.305287748213142152e+01
-4.421100900465062722e+01
-4.511856538079204881e+01
-4.578011351616409286e+01
-4.620214897101569562e+01
-4.639286156609035316e+01
-4.636189040610906176e+01
-4.612007438186537200e+01
-4.567920370208153003e+01
-4.505177757744226597e+01
-4.425077266519207342e+01
-4.328942563386508624e+01
-4.218103312432700136e+01
-4.093877103872433310e+01
-3.957553475582126623e+01
-3.810380103194874835e+01
-3.653551175549358732e+01
-3.488197946479021283e+01
-3.315381356633652388e+01
-3.136086651115000734e+01
-2.951219844516006319e+01
-2.761605877458239178e+01
-2.567988318506833778e+01
-2.371030431973786534e+01
-2.171317450028502094e+01
-1.969359889344987380e+01
-1.765597760351502998e+01
-1.560405526495066120e+01
-1.354097687111988613e+01
-1.146934870306603393e+01
-9.391303366190426161e+00
-7.308568011658657326e+00
-5.222535114216765528e+00
-3.134335084659436887e+00
-1.044910251994246142e+00
1.044910252067967615e+00
3.134335084408319538e+00
5.222535113891120240e+00
7.308568011437584389e+00
9.391303366251877449e+00
1.146934870382036742e+01
1.354097686786041166e+01
1.560405526575515189e+01
1.765597760564776664e+01
1.969359889541024700e+01
2.171317449962938184e+01
2.371030432073709449e+01
2.567988318418518645e+01
2.761605877268362619e+01
2.951219844006670812e+01
3.136086651361008393e+01
3.315381356867423079e+01
3.488197946220046930e+01
3.653551175803688977e+01
3.810380102839529570e+01
3.957553475806970056e+01
4.093877103873680312e+01
4.218103312203090383e+01
4.328942563080845929e+01
4.425077266524985475e+01
4.505177757813333983e+01
4.567920369515886847e+01
4.612007438229352374e+01
4.636189040535710149e+01
4.639286156510434722e+01
4.620214897309006830e+01
4.578011351555953468e+01
4.511856537492859331e+01
4.421100900049859916e+01
4.305287748880469678e+01
4.164174915603803129e+01
3.997754077976028952e+01
3.806267028758001203e+01
3.590218274972172452e+01
3.350383429616707787e+01
3.087812890003842980e+01
2.803830455671203126e+01
2.500026612840321505e+01
2.178246385140666419e+01
1.840571801895292481e+01
1.489299186888899662e+01
1.126911645144281238e+01
7.560472666722533930e+00
3.794637169946767585e+00
2.619467803601945229e-14
1.018023652103379489e-14
-3.349080235317246412e+00
-6.669730283362842016e+00
-9.933981972170434105e+00
-1.311477876215096927e+01
-1.618640104451300132e+01
-1.912485615036014153e+01
-2.190822341420693675e+01
-2.451694637134609067e+01
-2.693406603383098741e+01
-2.914539135603644127e+01
-3.113960510577478757e+01
-3.290830543020263832e+01
-3.444598557162657215e+01
-3.574995570089453878e+01
-3.682021254447435865e+01
-3.765926359656290145e+01
-3.827191360277502952e+01
-3.866502142581358470e+01
-3.884723567150447820e+01
-3.882871725243585814e+01
-3.862085671015685051e+01
-3.823599340260037138e+01
-3.768714300648010607e+01
-3.698773861319817513e+01
-3.615138999250171281e+01
-3.519166430337318019e+01
-3.412189077299657214e+01
-3.295499074710345155e+01
-3.170333370470867251e+01
-3.037861925431030841e+01
-2.899178409038968240e+01
-2.755293286305320422e+01
-2.607129117123396256e+01
-2.455517867631996154e+01
-2.301200036721159847e+01
-2.144825361797033025e+01
-1.986954891144791091e+01
-1.828064230306919313e+01
-1.668547655506642258e+01
-1.508723193887644776e+01
-1.348838059962225522e+01
-1.189074740960463039e+01
-1.029557349519321363e+01
-8.703582265112848049e+00
-7.115047098474655662e+00
-5.529859978421206357e+00
-3.947600633359393818e+00
-2.367605975541850594e+00
-7.890394574551981011e-01
7.890394574672494610e-01
2.367605975406037455e+00
3.947600633119340952e+00
5.529859973246258775e+00
7.115047099267749253e+00
8.703582263856201706e+00
1.029557349514027820e+01
1.189074742673187046e+01
1.348838059992054816e+01
1.508723193815497510e+01
1.668547655650708705e+01
1.828064230061783491e+01
1.986954891485844499e+01
2.144825361777253647e+01
2.301200037075853544e+01
2.455517868105011559e+01
2.607129117291177423e+01
2.755293286396543095e+01
2.899178408868948509e+01
3.037861925149700681e+01
3.170333370591979616e+01
3.295499074652644111e+01
3.412189077041304586e+01
3.519166430247707211e+01
3.615138998948470572e+01
3.698773861248932349e+01
3.768714300343415147e+01
3.823599340106348166e+01
3.862085670519350344e+01
3.882871725287156295e+01
3.884723567478132367e+01
3.866502142543388487e+01
3.827191360056201574e+01
3.765926359176229710e+01
3.682021254386571485e+01
3.574995570675205414e+01
3.444598557553993601e+01
3.290830543200919323e+01
3.113960510415897076e+01
2.914539135439615336e+01
2.693406603421546919e+01
2.451694636952827722e+01
2.190822341391013950e+01
1.912485614968309733e+01
1.618640104521984568e+01
1.311477876318052260e+01
9.933981972101589619e+00
6.669730283567758988e+00
3.349080235396123761e+00
2.312331988456146082e-14
8.422344874188708837e-15
-2.769523394579646247e+00
-5.512917219512126543e+00
-8.204526743580569104e+00
-1.081963286276282865e+01
-1.333488538359048725e+01
-1.572869658023384432e+01
-1.798158402653408316e+01
-2.007645501736726956e+01
-2.199882525411418044e+01
-2.373696880377065099e+01
-2.528199857962718156e+01
-2.662787679188436130e+01
-2.777136199582674791e+01
-2.871189559795845980e+01
-2.945143647462472458e+01
-2.999425142107680742e+01
-3.034667100235208537e+01
-3.051682013942074789e+01
-3.051433253471050477e+01
-3.035005917058477465e+01
-3.003577585708615771e+01
-2.958390262577407270e+01
-2.900723555285692612e+01
-2.831870015673132102e+01
-2.753112718187724184e+01
-2.665705597669535365e+01
-2.570856510196382771e+01
-2.469713167895503503e+01
-2.363351797616898153e+01
-2.252768591182550040e+01
-2.138873535574771978e+01
-2.022486658312538310e+01
-1.904336233805838319e+01
-1.785058816036124085e+01
-1.665200828868920979e+01
-1.545221391662685484e+01
-1.425496191862776563e+01
-1.306322170290973972e+01
-1.187922797777230777e+01
-1.070453793045432178e+01
-9.540091017026327336e+00
-8.386270472062291148e+00
-7.242965045817473246e+00
-6.109630890787705049e+00
-4.985352480463814295e+00
-3.868902608664729570e+00
-2.758801173979505084e+00
-1.653372819815418948e+00
-5.508035365362301539e-01
5.508035366056519555e-01
1.653372819531685911e+00
2.758801174161535474e+00
3.868902609421276839e+00
4.985352481074097675e+00
6.109630890014092763e+00
7.242965045266622326e+00
8.386270466381388289e+00
9.540091017214654912e+00
1.070453793510606033e+01
1.187922797839217992e+01
1.306322169624237617e+01
1.425496188308933476e+01
1.545221391238425213e+01
1.665200829484959044e+01
1.785058815404444488e+01
1.904336233859127958e+01
2.022486661832015997e+01
2.138873535485386057e+01
2.252768591178031699e+01
2.363351797835575496e+01
2.469713167414681010e+01
2.570856510143933349e+01
2.665705597466120835e+01
2.753112713713754545e+01
2.831870014345860298e+01
2.900723555079581928e+01
2.958390261598395554e+01
3.003577570138950747e+01
3.035005918035889039e+01
3.051433268306150026e+01
3.051681998176643162e+01
3.034667084358478917e+01
2.999425141677987838e+01
2.945143650899252918e+01
2.871189559656000512e+01
2.777136199371161851e+01
2.662787679252394568e+01
2.528199857373319759e+01
2.373696880466697579e+01
2.199882525406787082e+01
2.007645493581985363e+01
1.798158402781767151e+01
1.572869658133292070e+01
1.333488538418523106e+01
1.081963286280847569e+01
8.204526743492497332e+00
5.512917219379874112e+00
2.769523394423630158e+00
1.912733014904404801e-14
6.414324845619775259e-15
-2.107670539854586966e+00
-4.193375647857701338e+00
-6.235590263370493602e+00
-8.213655859509673363e+00
-1.010817895520724718e+01
-1.190138939734921308e+01
-1.357744849937924769e+01
-1.512269822188111235e+01
-1.652584608256357157e+01
-1.777808260386362349e+01
-1.887313109775172038e+01
-1.980723176477173197e+01
-2.057906491493997692e+01
-2.118961945754629284e+01
-2.164201478651644805e+01
-2.194128487995488186e+01
-2.209413426024620719e+01
-2.210867546029833264e+01
-2.199415699174970484e+01
-2.176069103860220366e+01
-2.141898810673672671e+01
-2.098010548535314967e+01
-2.045521462943652224e+01
-1.985539181713067336e+01
-1.919143454046858110e+01
-1.847370506985666339e+01
-1.771200207673328819e+01
-1.691545940978178564e+01
-1.609247096264298094e+01
-1.525063955735208587e+01
-1.439674794270294100e+01
-1.353674883396028683e+01
-1.267577154545880624e+01
-1.181814245130841634e+01
-1.096741662945963469e+01
-1.012641802593494056e+01
-9.297286146640059812e+00
-8.481526947343205336e+00
-7.680066581766167744e+00
-6.893305803679949051e+00
-6.121174973847780088e+00
-5.363187716320831910e+00
-4.618492951255419143e+00
-3.885925367590699953e+00
-3.164053175970783727e+00
-2.451223835455318856e+00
-1.745607569243212476e+00
-1.045238940165547525e+00
-3.480568245791331727e-01
3.480568247738218823e-01
1.045238941059955406e+00
1.745607569192377140e+00
2.451223835329248146e+00
3.164053176068117867e+00
3.885925367649597284e+00
4.618492951164530069e+00
5.363187716850476683e+00
6.121174974170753735e+00
6.893305804128095460e+00
7.680066581316247643e+00
8.481526949748307231e+00
9.297286146628481518e+00
1.012641802558769832e+01
1.096741663208235096e+01
1.181814245256692253e+01
1.267577154536910378e+01
1.353674883294188191e+01
1.439674794132326063e+01
1.525063955752170486e+01
1.609247096297054469e+01
1.691545940916365964e+01
1.771200207666153048e+01
1.847370506884128361e+01
1.919143454115117819e+01
1.985539181836271183e+01
2.045521462747754526e+01
2.098010548745198989e+01
2.141898810828360311e+01
2.176069104028105272e+01
2.199415699428687887e+01
2.210867546106294768e+01
2.209413426004665482e+01
2.194128487941037520e+01
2.164201478721185978e+01
2.118961945990889362e+01
2.057906491233319812e+01
1.980723176563325083e+01
1.887313109929539934e+01
1.777808260446960276e+01
1.652584608244714204e+01
1.512269822137291264e+01
1.357744849907853713e+01
1.190138939754329250e+01
1.010817895498299634e+01
8.213655859547829508e+00
6.235590263233397046e+00
4.193375648040565729e+00
2.107670539810485355e+00
1.456241133054445253e-14
4.386203042136223897e-15
-1.439615707558705049e+00
-2.862751931461088528e+00
-4.253289555104408315e+00
-5.595817668115432575e+00
-6.875956999097650346e+00
-8.080648210687524369e+00
-9.198396083020929481e+00
-1.021946265379726171e+01
-1.113600477182754211e+01
-1.194215393069666042e+01
-1.263403876872777154e+01
-1.320975279793929857e+01
-1.366927201718112705e+01
-1.401432861282868814e+01
-1.424824826488150187e+01
-1.437575921760592657e+01
-1.440278169766516925e+01
-1.433620610391429118e+01
-1.418366798004242746e+01
-1.395332686854727733e+01
-1.365365536034699545e+01
-1.329324361724229497e+01
-1.288062266391483845e+01
-1.242410984459931456e+01
-1.193167796465941244e+01
-1.141084744516445859e+01
-1.086860342557156578e+01
-1.031133427730126684e+01
-9.744791439390791510e+00
-9.174067852592092009e+00
-8.603592840192590074e+00
-8.037140824114974436e+00
-7.477851496676773735e+00
-6.928259078474559907e+00
-6.390328011099287941e+00
-5.865493774206831823e+00
-5.354706382087485395e+00
-4.858475475731225401e+00
-4.376915189349755764e+00
-3.909788535699117329e+00
-3.456549943570074390e+00
-3.016385419013655422e+00
-2.588250838373978180e+00
-2.170906684877939252e+00
-1.762950788598941276e+00
-1.362848172131475577e+00
-9.689586743169037453e-01
-5.795625262160616353e-01
-1.928843071914773943e-01
1.928843071782811724e-01
5.795625261434760311e-01
9.689586745723818284e-01
1.362848172338056774e+00
1.762950788936962443e+00
2.170906684559246180e+00
2.588250838819046162e+00
3.016385418563626075e+00
3.456549942311702761e+00
3.909788535805134302e+00
4.376915190800356292e+00
4.858475476646603397e+00
5.354706381897114120e+00
5.865493775120653730e+00
6.390328012062863827e+00
6.928259077309123271e+00
7.477851496002261733e+00
8.037140824714901655e+00
8.603592841438828742e+00
9.174067852308279925e+00
9.744791437224941788e+00
1.031133428172990740e+01
1.086860342664825829e+01
1.141084744596029665e+01
1.193167796391145252e+01
1.242410984227386805e+01
1.288062266088794239e+01
1.329324361601023696e+01
1.365365535835665867e+01
1.395332686901543084e+01
1.418366797964111647e+01
1.433620610071641011e+01
1.440278169884581061e+01
1.437575921629504982e+01
1.424824826515178522e+01
1.401432861331295321e+01
1.366927201599896513e+01
1.320975279862816798e+01
1.263403877040303058e+01
1.194215393078453680e+01
1.113600477127156552e+01
1.021946265577427404e+01
9.198396082110335215e+00
8.080648211852185625e+00
6.875956998647557938e+00
5.595817667892616143e+00
4.253289554346316947e+00
2.862751931579977427e+00
1.439615707516294085e+00
9.952600031006891056e-15
2.583763838437992003e-15
-8.465762509732935870e-01
-1.682557172718677885e+00
-2.497597701093765554e+00
-3.281844015691717242e+00
-4.026156453027341264e+00
-4.722306486732458453e+00
-5.363141265528781787e+00
-5.942710815689950188e+00
-6.456354819902085040e+00
-6.900747817309882848e+00
-7.273903449688784661e+00
-7.575140147872617469e+00
-7.805012064861763577e+00
-7.965210231178500244e+00
-8.058439766229481549e+00
-8.088279343436051150e+00
-8.059029338204766191e+00
-7.975554806824271203e+00
-7.843128930546963140e+00
-7.667282061259393267e+00
-7.453660460930561449e+00
-7.207898036681109843e+00
-6.935503473901101223e+00
-6.641764179029649995e+00
-6.331667634674526646e+00
-6.009840136945022060e+00
-5.680502130717236753e+00
-5.347439004564824572e+00
-5.013985704439007485e+00
-4.683023576606304417e+00
-4.356987355669158291e+00
-4.037880573265719697e+00
-3.727297399750246765e+00
-3.426449345847082828e+00
-3.136195124084748986e+00
-2.857072391620220309e+00
-2.589330225665219753e+00
-2.332961262420432114e+00
-2.087732830536362272e+00
-1.853216528992421397e+00
-1.628815791591312401e+00
-1.413791195138441870e+00
-1.207283428294654071e+00
-1.008333912641587560e+00
-8.159031676857996240e-01
-6.288870876007340849e-01
-4.461313575694156874e-01
-2.664443125485457808e-01
-8.860852384577723451e-02
8.860852380958612884e-02
2.664443125884773389e-01
4.461313574476878929e-01
6.288870876019252432e-01
8.159031683111194200e-01
1.008333912074042660e+00
1.207283427261546915e+00
1.413791195209328500e+00
1.628815791827781467e+00
1.853216528305048572e+00
2.087732830780814730e+00
2.332961261726696378e+00
2.589330226218163666e+00
2.857072392580027209e+00
3.136195123962325582e+00
3.426449342907118556e+00
3.727297399075531370e+00
4.037880572376938204e+00
4.356987353996110812e+00
4.683023577020787087e+00
5.013985704571057411e+00
5.347439005402416790e+00
5.680502135172663891e+00
6.009840136515885334e+00
6.331667637098868262e+00
6.641764178122960161e+00
6.935503474553568637e+00
7.207898037394539159e+00
7.453660460080032024e+00
7.667282061821408590e+00
7.843128929871606481e+00
7.975554806735419611e+00
8.059029338361657580e+00
8.088279342007410833e+00
8.058439764988511556e+00
7.965210231524369355e+00
7.805012064658320980e+00
7.575140149169157233e+00
7.273903450196776532e+00
6.900747817902191272e+00
6.456354820065830502e+00
5.942710815217453479e+00
5.363141265690226867e+00
4.722306487178515866e+00
4.026156453286269254e+00
3.281844015482030752e+00
2.497597700806539311e+00
1.682557172644573606e+00
8.465762507756415811e-01
5.857709887582657538e-15
1.192812151200585119e-15
-3.898255899977320360e-01
-7.743320704396590148e-01
-1.148334924370619792e+00
-1.506913539497225507e+00
-1.845530252046178932e+00
-2.160134697094696854e+00
-2.447249831846734391e+00
-2.704036963216785328e+00
-2.928338191951346925e+00
-3.118695767948022279e+00
-3.274348952965255410e+00
-3.395209927601215316e+00
-3.481821114930629069e+00
-3.535296908279361272e+00
-3.557253231596197107e+00
-3.549728543194950348e+00
-3.515099908330590051e+00
-3.455997582136263624e+00
-3.375221220795495469e+00
-3.275660397449410510e+00
-3.160221583736164241e+00
-3.031763221605099368e+00
-2.893039963270083614e+00
-2.746656613155414650e+00
-2.595031955635009879e+00
-2.440372093443268220e+00
-2.284652689873006182e+00
-2.129609440040868051e+00
-1.976735497768690397e+00
-1.827285015850095062e+00
-1.682281631692063018e+00
-1.542530690043231845e+00
-1.408634252492969585e+00
-1.281008217402362037e+00
-1.159900122483075835e+00
-1.045407577471185290e+00
-9.374963423232605120e-01
-8.360177945339626326e-01
-7.407252867547445829e-01
-6.512892959749169153e-01
-5.673111210656245351e-01
-4.883350967479460625e-01
-4.138593080424972093e-01
-3.433448511736580389e-01
-2.762237389771445839e-01
-2.119055754463864960e-01
-1.497831536739403502e-01
-8.923715088477167379e-02
-2.964010778739767371e-02
2.964010777973561522e-02
8.923715090837738839e-02
1.497831537268742297e-01
2.119055754036363037e-01
2.762237389752705274e-01
3.433448512311794154e-01
4.138593081622171099e-01
4.883350968247748281e-01
5.673111212899336619e-01
6.512892962311533918e-01
7.407252867834034360e-01
8.360177943506043041e-01
9.374963424070290596e-01
1.045407577560802270e+00
1.159900122659276889e+00
1.281008217528401216e+00
1.408634252709399126e+00
1.542530691555303424e+00
1.682281632179599029e+00
1.827285017095070518e+00
1.976735488053431800e+00
2.129609440038334522e+00
2.284652690093214922e+00
2.440372093829374922e+00
2.595031957272468492e+00
2.746656611779643153e+00
2.893039963660609448e+00
3.031763221599608649e+00
3.160221584274281348e+00
3.275660396981918687e+00
3.375221220195417260e+00
3.455997581743525782e+00
3.515099908597932643e+00
3.549728543145802551e+00
3.557253231745436839e+00
3.535296908132613325e+00
3.481821114901576752e+00
3.395209927543529904e+00
3.274348952799638557e+00
3.118695767476328484e+00
2.928338191527616097e+00
2.704036963596517573e+00
2.447249831748605331e+00
2.160134696936706344e+00
1.845530252051349018e+00
1.506913539333964991e+00
1.148334924545669100e+00
7.743320704994794967e-01
3.898255901094230813e-01
2.700661918225211306e-15
2.844256260886021330e-16
-9.259771244592142347e-02
-1.838178575742206167e-01
-2.723199633969163869e-01
-3.568362216649703655e-01
-4.362040903904238487e-01
-5.093946612565004584e-01
-5.755357605621957973e-01
-6.339290404879039942e-01
-6.840606384698673104e-01
-7.256053055768471038e-01
-7.584242243594651045e-01
-7.825570067617869663e-01
-7.982086107975415734e-01
-8.057320691222085163e-01
-8.056080507471684582e-01
-7.984223130235945654e-01
-7.848420833175672184e-01
-7.655923528758711294e-01
-7.414329574424010083e-01
-7.131371117434498474e-01
-6.814721217524151164e-01
-6.471824819298848119e-01
-6.109757492294423109e-01
-5.735112475881181116e-01
-5.353915670532720661e-01
-4.971567373693555059e-01
-4.592808786596427884e-01
-4.221709579689307823e-01
-3.861674828371284840e-01
-3.515466890756756557e-01
-3.185239414880862707e-01
-2.872580315631705905e-01
-2.578560715377482548e-01
-2.303787454440099081e-01
-2.048456818219173692e-01
-1.812407739466136702e-01
-1.595172957185503337e-01
-1.396027052459782314e-01
-1.214030534498905523e-01
-1.048069500663322412e-01
-8.968905689237537115e-02
-7.591310415661359223e-02
-6.333444112614938781e-02
-5.180214600081424481e-02
-4.116072847754612130e-02
-3.125146958811418629e-02
-2.191344744124756536e-02
-1.298430139836869932e-02
-4.300791337954695467e-03
4.300791337632650126e-03
1.298430138713588082e-02
2.191344741531916010e-02
3.125146963907964731e-02
4.116072848062869716e-02
5.180214597506439117e-02
6.333444112749522792e-02
7.591310412011854913e-02
8.968905699460438807e-02
1.048069502144684112e-01
1.214030534355430291e-01
1.396027052232380050e-01
1.595172959372725685e-01
1.812407739325795908e-01
2.048456819901827708e-01
2.303787453615585290e-01
2.578560714888845085e-01
2.872580312897764498e-01
3.185239417675088669e-01
3.515466887761057868e-01
3.861674826636468660e-01
4.221709578772340765e-01
4.592808790036448929e-01
4.971567374827783325e-01
5.353915672757522115e-01
5.735112475499853923e-01
6.109757492662417633e-01
6.471824818565297122e-01
6.814721216922889901e-01
7.131371110755717613e-01
7.414329574547083856e-01
7.655923531014472427e-01
7.848420832014176840e-01
7.984223130407749336e-01
8.056080508342327029e-01
8.057320691588110151e-01
7.982086108006419822e-01
7.825570068608305174e-01
7.584242244333250227e-01
7.256053056413318547e-01
6.840606382272390595e-01
6.339290405827143760e-01
5.755357606110645952e-01
5.093946612461935919e-01
4.362040903584582519e-01
3.568362216567815270e-01
2.723199634789802981e-01
1.838178576147567189e-01
9.259771243130804352e-02
6.426686661947293402e-16
-1.888226086970081486e-16
6.112356014464125076e-02
1.212512330512407893e-01
1.794155384767573136e-01
2.347045931069741131e-01
2.862869359344138442e-01
3.334329901638339311e-01
3.755323243193900984e-01
4.121062008461361947e-01
4.428150263892063898e-01
4.674606943463064379e-01
4.859840297734848158e-01
4.984577396462279708e-01
5.050755102689180598e-01
5.061379711954405725e-01
5.020363494669701776e-01
4.932346909156289927e-01
4.802514531399353914e-01
4.636412403173658103e-01
4.439773666107801886e-01
4.218357717426892695e-01
3.977807304719775394e-01
3.723526343303670827e-01
3.460579983629207268e-01
3.193617419317139605e-01
2.926816807297707435e-01
2.663850861191189301e-01
2.407871195335328507e-01
2.161508847106118902e-01
1.926888593742659417e-01
1.705654049488763424e-01
1.499001021729171046e-01
1.307716740660812837e-01
1.132222521499357815e-01
9.726180249842023007e-02
8.287253608249052494e-02
7.001319272067159372e-02
5.862303612797815228e-02
4.862556356052140372e-02
3.993181564272629824e-02
3.244328312138224785e-02
2.605439568227712818e-02
2.065459698734209079e-02
1.613002334121576772e-02
1.236481109158443434e-02
9.242068058599228753e-03
6.644547040355026392e-03
4.455063018288732066e-03
2.556699983366623758e-03
8.328522807684977805e-04
-8.328522838741827606e-04
-2.556700016659512169e-03
-4.455063018244121049e-03
-6.644547035671240914e-03
-9.242068116286075372e-03
-1.236481108680371165e-02
-1.613002337008158024e-02
-2.065459697892366858e-02
-2.605439561593943243e-02
-3.244328304188482531e-02
-3.993181566250522674e-02
-4.862556356924851997e-02
-5.862303598784892461e-02
-7.001319276223288979e-02
-8.287253624476842440e-02
-9.726180252070741605e-02
-1.132222519301722685e-01
-1.307716738573067305e-01
-1.499001020447837951e-01
-1.705654047738076051e-01
-1.926888599660179224e-01
-2.161508847950767975e-01
-2.407871194723077146e-01
-2.663850860039961299e-01
-2.926816807524120212e-01
-3.193617420158576525e-01
-3.460579982598002147e-01
-3.723526342825156932e-01
-3.977807304159888813e-01
-4.218357714710362361e-01
-4.439773665380982726e-01
-4.636412402783553488e-01
-4.802514525628649444e-01
-4.932346917061707914e-01
-5.020363497034039391e-01
-5.061379711381858160e-01
-5.050755100551890253e-01
-4.984577374504726710e-01
-4.859840299194351232e-01
-4.674606944018147581e-01
-4.428150263916543206e-01
-4.121062008090406459e-01
-3.755323244138822347e-01
-3.334329900886121578e-01
-2.862869359369352162e-01
-2.347045930657692681e-01
-1.794155384797770370e-01
-1.212512330011493861e-01
-6.112356014524009118e-02
-4.253542891606006380e-16
-3.486691864755555989e-16
1.119346678847082110e-01
2.218497516386369051e-01
3.277865610778223915e-01
4.279054817427291324e-01
5.205389261437429749e-01
6.042368229124472911e-01
6.778028679802849954e-01
7.403203071255269885e-01
7.911665889370401716e-01
8.300168046620763906e-01
8.568365777286003349e-01
8.718651198559832505e-01
8.755901312259747327e-01
8.687161576355488801e-01
8.521281939329266031e-01
8.268525008848054414e-01
7.940164670196445673e-01
7.548092018695800043e-01
7.104442437645699382e-01
6.621256625970437515e-01
6.110183453261811559e-01
5.582230612929012237e-01
5.047565903458954839e-01
4.515369332634138755e-01
3.993734005413248078e-01
3.489612293702796797e-01
3.008802115188317083e-01
2.555967692305731176e-01
2.134688614770113568e-01
1.747530840211954650e-01
1.396133728565693288e-01
1.081307624348187418e-01
8.031367741708882180e-02
5.610835013497304097e-02
3.540900291283363005e-02
1.806750556117550296e-02
3.902301001347549623e-03
-7.293555854849818713e-03
-1.574534448646969578e-02
-2.169064188471469395e-02
-2.537432893043039053e-02
-2.704459772088479291e-02
-2.694990436976992670e-02
-2.533680731553701604e-02
-2.244859221109658104e-02
-1.852459115812363569e-02
-1.380009283490307541e-02
-8.506739211571837447e-03
-2.873297456013786111e-03
2.873297461832014388e-03
8.506739217190598112e-03
1.380009290893049155e-02
1.852459104415046798e-02
2.244859229297493930e-02
2.533680732853161102e-02
2.694990411870599317e-02
2.704459748369640246e-02
2.537432895699198374e-02
2.169064111817116738e-02
1.574534461185169570e-02
7.293556258628700571e-03
-3.902300993684312391e-03
-1.806750566856680021e-02
-3.540900267269054408e-02
-5.610835005878744147e-02
-8.031367728602928358e-02
-1.081307625641786813e-01
-1.396133723979461894e-01
-1.747530830882165487e-01
-2.134688617114287312e-01
-2.555967695990660760e-01
-3.008802109767478861e-01
-3.489612292985142528e-01
-3.993734005908233797e-01
-4.515369319736423637e-01
-5.047565903897874851e-01
-5.582230612116567681e-01
-6.110183451946706867e-01
-6.621256624143072589e-01
-7.104442437726465887e-01
-7.548092018236227663e-01
-7.940164671473466385e-01
-8.268525007483655820e-01
-8.521281887425360413e-01
-8.687161583922624608e-01
-8.755901314319619599e-01
-8.718651194672788485e-01
-8.568365775344447544e-01
-8.300168044136303491e-01
-7.911665901184713467e-01
-7.403203068966224265e-01
-6.778028682111014724e-01
-6.042368227109603529e-01
-5.205389262157855690e-01
-4.279054817617024553e-01
-3.277865611624820597e-01
-2.218497516480802401e-01
-1.119346672495487166e-01
-7.819532509481781908e-16
-3.309335430335087883e-16
1.050381184181201355e-01
2.079333365166352865e-01
3.066110962412900154e-01
3.991303989982984968e-01
4.837429645365517450e-01
5.589437779676047491e-01
6.235109827331637433e-01
6.765337339532613292e-01
7.174272660154851211e-01
7.459351880841259552e-01
7.621196318081250309e-01
7.663404677179536106e-01
7.592252620038334454e-01
7.416320107797034211e-01
7.146067608202062438e-01
6.793384087576183061e-01
6.371127663563884713e-01
5.892678362255024949e-01
5.371519489787791590e-01
4.820860691328466285e-01
4.253312700034216909e-01
3.680619061376135814e-01
3.113448651659997957e-01
2.561247092818654814e-01
2.032145803498500714e-01
1.532922837040691100e-01
1.069009344923686766e-01
6.445351681234870456e-02
2.624051945052510715e-02
-7.560037354042857885e-03
-3.687093729133325559e-02
-6.170313596901687292e-02
-8.214269404794040386e-02
-9.833785598960685659e-02
-1.104865927234987832e-01
-1.188250253738965256e-01
-1.236168567341933561e-01
-1.251441176566388536e-01
-1.236991636116727133e-01
-1.195780687566370404e-01
-1.130753546756996381e-01
-1.044800216719157931e-01
-9.407276828125823998e-02
-8.212434654933348233e-02
-6.889488430173575095e-02
-5.463407516964321337e-02
-3.958209387050908024e-02
-2.397110228020024256e-02
-8.027214342500898700e-03
8.027214322625715603e-03
2.397110229217453911e-02
3.958209384488366872e-02
5.463407514366422357e-02
6.889488446457907311e-02
8.212434680568800327e-02
9.407276853036160291e-02
1.044800213230098751e-01
1.130753550373401056e-01
1.195780687744335824e-01
1.236991635824619268e-01
1.251441167533163534e-01
1.236168568248344618e-01
1.188250254399695061e-01
1.104865929933562668e-01
9.833785494018787432e-02
8.214269507655373725e-02
6.170313527879620064e-02
3.687093822450353969e-02
7.560037109871348485e-03
-2.624051933990374785e-02
-6.445351831519879893e-02
-1.069009340264926305e-01
-1.532922837405927829e-01
-2.032145820737891184e-01
-2.561247087796431066e-01
-3.113448648788501583e-01
-3.680619071099870965e-01
-4.253312700201049568e-01
-4.820860700248973396e-01
-5.371519492609850843e-01
-5.892678363940652142e-01
-6.371127653769379506e-01
-6.793384087212975819e-01
-7.146067616805144018e-01
-7.416320105097807813e-01
-7.592252626010720373e-01
-7.663404672297071674e-01
-7.621196305409545513e-01
-7.459351878954557646e-01
-7.174272652519154692e-01
-6.765337338038844850e-01
-6.235109823271516305e-01
-5.589437769917466881e-01
-4.837429643814414870e-01
-3.991303990300593130e-01
-3.066110964009997053e-01
-2.079333364278974916e-01
-1.050381184080335373e-01
-7.376828001577755109e-16
-2.422640861304657018e-16
7.588956027817567174e-02
1.499644938593075738e-01
2.204716330366801869e-01
2.857778391505274573e-01
3.444229786165044493e-01
3.951649500841625251e-01
4.370148869731326213e-01
4.692612762975957308e-01
4.914823282914342339e-01
5.035466423830993188e-01
5.056027803852147784e-01
4.980589100337742825e-01
4.815541079016349424e-01
4.569231971610545062e-01
4.251571884939860935e-01
3.873613535676125874e-01
3.447129663362280549e-01
2.984204461111396034e-01
2.496854707441694410e-01
1.996692280037640765e-01
1.494636984897422249e-01
1.000684657171999337e-01
5.237328723201069292e-02
7.146337102924133627e-03
-3.497218944926026862e-02
-7.347160418843523555e-02
-1.079679953723227948e-01
-1.381979800686749249e-01
-1.640096310712736705e-01
-1.853513598510049265e-01
-2.022594332718922749e-01
-2.148447416785228270e-01
-2.232794653410051788e-01
-2.277839809356222156e-01
-2.286145591613339689e-01
-2.260520225851058440e-01
-2.203916600335261711e-01
-2.119345004224585383e-01
-2.009800383576904048e-01
-1.878204102309032342e-01
-1.727360071181266443e-01
-1.559924206164412519e-01
-1.378386550454713533e-01
-1.185064638393606984e-01
-9.821068202674942960e-02
-7.715041708683638422e-02
-5.551095716113858131e-02
-3.346625535775325094e-02
-1.118185763948312435e-02
1.118185764503824495e-02
3.346625530128997938e-02
5.551095710949830592e-02
7.715041713563049186e-02
9.821068191315326934e-02
1.185064640410547487e-01
1.378386552270003396e-01
1.559924207560229870e-01
1.727360069100225826e-01
1.878204106678579011e-01
2.009800383658810752e-01
2.119345003257090687e-01
2.203916602332448849e-01
2.260520224530446209e-01
2.286145594054582730e-01
2.277839814034019750e-01
2.232794652300634786e-01
2.148447427897607065e-01
2.022594326502079320e-01
1.853513624296572460e-01
1.640096301282717162e-01
1.381979797006780697e-01
1.079679961666086124e-01
7.347160462038818118e-02
3.497219011854944826e-02
-7.146337153570080265e-03
-5.237328711930353681e-02
-1.000684649290923683e-01
-1.494636989946041827e-01
-1.996692301307838868e-01
-2.496854709272944839e-01
-2.984204465636147163e-01
-3.447129665095031159e-01
-3.873613546115758921e-01
-4.251571881229925798e-01
-4.569231980481331390e-01
-4.815541066460252706e-01
-4.980589102156994796e-01
-5.056027810297483160e-01
-5.035466424030208277e-01
-4.914823284024587013e-01
-4.692612763005028498e-01
-4.370148876492334078e-01
-3.951649501248601370e-01
-3.444229788993371510e-01
-2.857778392441986948e-01
-2.204716329365074001e-01
-1.499644939108139008e-01
-7.588956024839631220e-02
-5.363114784061382547e-16
-1.459345120674759600e-16
4.546902207144656177e-02
8.958404589286514397e-02
1.310401091485250691e-01
1.686279597138378161e-01
2.012760854806289190e-01
2.280863973652062227e-01
2.483617099368455872e-01
2.616242193440482255e-01
2.676244915425770032e-01
2.663407910120342836e-01
2.579694850804782336e-01
2.429073986570109978e-01
2.217274386288519972e-01
1.951492079597768325e-01
1.640060028654571622e-01
1.292102594527476667e-01
9.171887199304509797e-02
5.249994177249818483e-02
1.250218156885116866e-02
-2.737201906205634708e-02
-6.628915316043940131e-02
-1.035024157636055958e-01
-1.383645711040842885e-01
-1.703360121524392090e-01
-1.989882658231584278e-01
-2.240034785468549838e-01
-2.451701392223153142e-01
-2.623762184765265904e-01
-2.755997873098956497e-01
-2.848981345905924889e-01
-2.903958664884589980e-01
-2.922725594959108553e-01
-2.907505712921186203e-01
-2.860831023475499668e-01
-2.785433799992881876e-01
-2.684147200173773173e-01
-2.559818694056693600e-01
-2.415237454390192773e-01
-2.253075984411955501e-01
-2.075845826975992181e-01
-1.885865856429622678e-01
-1.685243805540028172e-01
-1.475870054281666899e-01
-1.259419869875833820e-01
-1.037365681292973102e-01
-8.109966800892927374e-02
-5.814441242312728964e-02
-3.497117129302242805e-02
-1.167095226671085138e-02
1.167095226671372409e-02
3.497117130899105031e-02
5.814441250563644192e-02
8.109966797800921556e-02
1.037365681329307371e-01
1.259419872158549780e-01
1.475870052252384879e-01
1.685243805344533441e-01
1.885865859915362430e-01
2.075845823260900058e-01
2.253075984676571608e-01
2.415237457845440527e-01
2.559818698957068706e-01
2.684147201390185700e-01
2.785433801656522212e-01
2.860831024109357634e-01
2.907505668825575706e-01
2.922725595563651635e-01
2.903958662814473679e-01
2.848981414115595578e-01
2.755997879668626860e-01
2.623762187989185368e-01
2.451701393244125615e-01
2.240034781113606210e-01
1.989882657147795386e-01
1.703360124207238258e-01
1.383645710381878891e-01
1.035024161394445114e-01
6.628915351313582893e-02
2.737201916481771247e-02
-1.250218808905077458e-02
-5.249994196875279462e-02
-9.171887330930883486e-02
-1.292102600566522874e-01
-1.640060031062224033e-01
-1.951492079406338120e-01
-2.217274382033936897e-01
-2.429073989229139918e-01
-2.579694860160766101e-01
-2.663407910825860703e-01
-2.676244906875592799e-01
-2.616242198587688250e-01
-2.483617086728249768e-01
-2.280863974494538315e-01
-2.012760852567340442e-01
-1.686279596931184177e-01
-1.310401092152942981e-01
-8.958404524885651976e-02
-4.546902210710185299e-02
-3.222853729848664054e-16
-6.882972009259680353e-17
2.258437276374930872e-02
4.423698464497027166e-02
6.406244008478154117e-02
8.123630540803551681e-02
9.503617295672103782e-02
1.048678510193437469e-01
1.102853206388900303e-01
1.110039382497301913e-01
1.069062193854233012e-01
9.804057830652830596e-02
8.461308855527964468e-02
6.697327205591148414e-02
4.559482685463247392e-02
2.105268520798785417e-02
-6.002675213980806015e-03
-3.487177100438251104e-02
-6.483284738527243796e-02
-9.516683409055241849e-02
-1.251807947822206335e-01
-1.542276436812446139e-01
-1.817228233152806960e-01
-2.071567782974716998e-01
-2.301039584708372554e-01
-2.502272537255012530e-01
-2.672796139602463539e-01
-2.811017887005030635e-01
-2.916175555431230748e-01
-2.988269119977591814e-01
-3.027971305915696520e-01
-3.036528972302069973e-01
-3.015658643889657653e-01
-2.967439348226693085e-01
-2.894206140293897334e-01
-2.798452789138819452e-01
-2.682740832652293350e-01
-2.549619157433195560e-01
-2.401556506974327487e-01
-2.240886160466584731e-01
-2.069763589953302896e-01
-1.890136081089021924e-01
-1.703725501843195989e-01
-1.512020158176453632e-01
-1.316277150474980950e-01
-1.117533298451657137e-01
-9.166220044177719739e-02
-7.141965687208753910e-02
-5.107574534715825926e-02
-3.066833498270329916e-02
-1.022641199504547432e-02
1.022641197933625914e-02
3.066833501651546404e-02
5.107574532444586479e-02
7.141965709321636269e-02
9.166220368260208362e-02
1.117533297859527042e-01
1.316277152168675857e-01
1.512020161145969654e-01
1.703725500784062930e-01
1.890136080538596386e-01
2.069763584690666458e-01
2.240886159535034616e-01
2.401556610524999136e-01
2.549619155592338093e-01
2.682740954854148652e-01
2.798452918253369059e-01
2.894206144042907325e-01
2.967439184294358712e-01
3.015658649870550656e-01
3.036528956174543992e-01
3.027971094167032362e-01
2.988269126550894828e-01
2.916175569212948737e-01
2.811017890280143039e-01
2.672796151888527927e-01
2.502272539987193123e-01
2.301039588595753804e-01
2.071567787921474724e-01
1.817228219468633443e-01
1.542276430411876897e-01
1.251807933525724836e-01
9.516683240662802967e-02
6.483284515516950230e-02
3.487177133187605721e-02
6.002645938210960340e-03
-2.105271315540451285e-02
-4.559485342968537525e-02
-6.697327266814721847e-02
-8.461308813357695802e-02
-9.804055561420946252e-02
-1.069062199717180500e-01
-1.110039388471935617e-01
-1.102853213254061382e-01
-1.048678502063020990e-01
-9.503617313401330202e-02
-8.123630500976616875e-02
-6.406243234825892419e-02
-4.423698000903886901e-02
-2.258437262499125506e-02
-1.565911575971243181e-16
-1.581137060849060301e-17
8.642207538815178947e-03
1.667447500643657807e-02
2.351270243952273062e-02
2.862315462230522259e-02
3.154444427734078016e-02
3.190590365573751225e-02
2.944150250034958255e-02
2.399874071195466987e-02
1.554225757698315599e-02
4.152171347948131752e-03
-9.982520976268288368e-03
-2.657491207495688360e-02
-4.525477562810413523e-02
-6.558584248143711770e-02
-8.708481228701227261e-02
-1.092410815526502349e-01
-1.315362564867854911e-01
-1.534625772328450377e-01
-1.745395414256876998e-01
-1.943281701663779060e-01
-2.124424872750159954e-01
-2.285580275911431314e-01
-2.424172731049358820e-01
-2.538321357074929674e-01
-2.626836560018661060e-01
-2.689192596556947978e-01
-2.725479335793771773e-01
-2.736337296205640923e-01
-2.722880560873558453e-01
-2.686612023424362894e-01
-2.629334785169413768e-01
-2.553063914676031998e-01
-2.459941646688622308e-01
-2.352158845436257417e-01
-2.231884799568912003e-01
-2.101207067927688410e-01
-1.962082083375004116e-01
-1.816297007345696046e-01
-1.665442668109199942e-01
-1.510896999958585007e-01
-1.353818114679780638e-01
-1.195145863368667211e-01
-1.035610635861417689e-01
-8.757480930050094703e-02
-7.159185102186678418e-02
-5.563296500375421866e-02
-3.970621026131265774e-02
-2.380962805363466550e-02
-7.934047793487213063e-03
7.934047795563082053e-03
2.380962805229648940e-02
3.970621029035363569e-02
5.563296514764674155e-02
7.159185083939999250e-02
8.757480934995204302e-02
1.035610636879104735e-01
1.195145861924661046e-01
1.353818114138538031e-01
1.510896999973476984e-01
1.665442667212431449e-01
1.816297008719468531e-01
1.962082081865266781e-01
2.101207068094694541e-01
2.231884799961105781e-01
2.352158845225238715e-01
2.459941645896466245e-01
2.553063911434753086e-01
2.629334775607894970e-01
2.686612021390573091e-01
2.722880564788356383e-01
2.736337292235713758e-01
2.725479344072920251e-01
2.689192601053895793e-01
2.626836551037400880e-01
2.538321359200160221e-01
2.424172742056643071e-01
2.285580273795999318e-01
2.124424871485894317e-01
1.943281699666481732e-01
1.745395421400894320e-01
1.534625761996319948e-01
1.315362568369014551e-01
1.092410819146401174e-01
8.708481126430782371e-02
6.558584233949334152e-02
4.525477529526410192e-02
2.657491262429991646e-02
9.982520802502971996e-03
-4.152171291292309357e-03
-1.554225772905042623e-02
-2.399874088156033619e-02
-2.944150184716903471e-02
-3.190590358369616714e-02
-3.154444434965399113e-02
-2.862315434636850467e-02
-2.351270259712356925e-02
-1.667447511803551996e-02
-8.642207525692230038e-03
-4.955896570610104510e-17
1.785766088770569858e-17
1.797417431511539329e-03
3.203722547078942471e-03
3.845756262018159861e-03
3.385328831767617404e-03
1.534423731816666765e-03
-1.932173778825524825e-03
-7.167420784779154723e-03
-1.424614140901518666e-02
-2.316291424811703012e-02
-3.383370509647420227e-02
-4.610100746329839211e-02
-5.974207170648090232e-02
-7.447967912678662983e-02
-8.999478446560392475e-02
-1.059403284934935102e-01
-1.219554787308243377e-01
-1.376796148345677817e-01
-1.527654345038506056e-01
-1.668906318156191670e-01
-1.797677671395751242e-01
-1.911520126643771744e-01
-2.008466281065769132e-01
-2.087061260138092234e-01
-2.146372030752576876e-01
-2.185976095778537354e-01
-2.205932038826169672e-01
-2.206734837351835843e-01
-2.189259441441564757e-01
-2.154696138631025937e-01
-2.104481059874268867e-01
-2.040225387538103785e-01
-1.963646058392565508e-01
-1.876500738600908880e-01
-1.780529011897906411e-01
-1.677401567352349576e-01
-1.568678302669608560e-01
-1.455775888938294627e-01
-1.339944882399258796e-01
-1.222255892200093813e-01
-1.103594115310083945e-01
-9.846611484462783337e-02
-8.659828608037969944e-02
-7.479220684317297585e-02
-6.306946821369761869e-02
-5.143881635641952416e-02
-3.989813345328848543e-02
-2.843646401742480970e-02
-1.703604134156777930e-02
-5.674279018913562511e-03
5.674279031101259543e-03
1.703604134966625952e-02
2.843646404467775612e-02
3.989813346402023425e-02
5.143881630429022328e-02
6.306946825776975352e-02
7.479220685469210872e-02
8.659828622271555087e-02
9.846611475606026342e-02
1.103594115956735844e-01
1.222255891398693756e-01
1.339944882058172471e-01
1.455775889412103674e-01
1.568678303221230363e-01
1.677401567630363022e-01
1.780529007975227840e-01
1.876500738000965174e-01
1.963646059176111791e-01
2.040225382358443196e-01
2.104481055946742785e-01
2.154696130724794711e-01
2.189259440675755120e-01
2.206734833013297425e-01
2.205932040913501646e-01
2.185976094116675039e-01
2.146372025947555218e-01
2.087061261437629656e-01
2.008466282681319603e-01
1.911520137451409029e-01
1.797677678363987230e-01
1.668906316629542030e-01
1.527654345891656940e-01
1.376796160006603376e-01
1.219554783311445623e-01
1.059403292457766904e-01
8.999478415876509263e-02
7.447967938476585115e-02
5.974207176887014192e-02
4.610100765600028822e-02
3.383370498914409219e-02
2.316291419586845660e-02
1.424614109431896272e-02
7.167420605420519140e-03
1.932173586407767317e-03
-1.534423826097914070e-03
-3.385328757178847348e-03
-3.845756071079566366e-03
-3.203722717693314494e-03
-1.797417409934067315e-03
1.066718676392459797e-17
3.901332030211876734e-17
-5.176561334070213429e-04
-1.289684471882365140e-03
-2.558038262152690506e-03
-4.540497873384019729e-03
-7.420192334403739008e-03
-1.133694870737931085e-02
-1.638087653203285088e-02
-2.258849075815320614e-02
-2.994147822447964027e-02
-3.836812354318688834e-02
-4.774718780654769318e-02
-5.791397101594047969e-02
-6.866813057798538955e-02
-7.978280900002174270e-02
-9.101452664325453135e-02
-1.021133280722059666e-01
-1.128326749782655875e-01
-1.229386413867284006e-01
-1.322180123910371430e-01
-1.404849814611342784e-01
-1.475863019766198714e-01
-1.534046905187912424e-01
-1.578605284048419377e-01
-1.609119155093214626e-01
-1.625532080316814676e-01
-1.628122484810485271e-01
-1.617465161135517027e-01
-1.594384793538496381e-01
-1.559904236210498396e-01
-1.515190402071459330e-01
-1.461500176230196846e-01
-1.400128985518936942e-01
-1.332363804031763965e-01
-1.259442202904393071e-01
-1.182518637643673043e-01
-1.102638515995229274e-01
-1.020720264513469144e-01
-9.375451014251305615e-02
-8.537539383186508457e-02
-7.698503997157958578e-02
-6.862088771882407512e-02
-6.030863036927211485e-02
-5.206363668221385826e-02
-4.389249400406559920e-02
-3.579456609623740682e-02
-2.776347996150852274e-02
-1.978848559278643948e-02
-1.185565779619593592e-02
-3.948940727504837364e-03
3.948940729089227102e-03
1.185565779940290360e-02
1.978848559370307778e-02
2.776347995539179062e-02
3.579456611177984915e-02
4.389249406612488746e-02
5.206363665696285559e-02
6.030863034799755634e-02
6.862088772431101935e-02
7.698504010300473432e-02
8.537539386275980191e-02
9.375451028821023269e-02
1.020720262936771622e-01
1.102638518059013001e-01
1.182518638542385675e-01
1.259442204395685716e-01
1.332363802870325520e-01
1.400128986059338554e-01
1.461500182000270431e-01
1.515190398523364734e-01
1.559904238768969331e-01
1.594384783446257392e-01
1.617465155699416568e-01
1.628122489889151925e-01
1.625532083312229703e-01
1.609119150299353762e-01
1.578605287298380233e-01
1.534046911564327376e-01
1.475863019987434521e-01
1.404849823901747896e-01
1.322180130573513135e-01
1.229386416102146301e-01
1.128326746646860501e-01
1.021133279615302203e-01
9.101452782177495149e-02
7.978280905969013792e-02
6.866813043704657338e-02
5.791397104678081692e-02
4.774718930639985232e-02
3.836812472943124802e-02
2.994147795316873251e-02
2.258849103354816992e-02
1.638087669725425341e-02
1.133694743030976872e-02
7.420192725291913267e-03
4.540497717347649273e-03
2.558038154923361791e-03
1.289684405662013022e-03
5.176560711917241927e-04
4.084582608710266999e-17
5.329595007344597041e-17
-4.598341137208655175e-04
-1.094477197664933850e-03
-2.070049559332829206e-03
-3.535766823195805875e-03
-5.616624265632009193e-03
-8.407380226562908079e-03
-1.196811971515108694e-02
-1.632161165304891332e-02
-2.145255173201219417e-02
-2.730866766979542573e-02
-3.380357154395378233e-02
-4.082114092039623027e-02
-4.822114134911381633e-02
-5.584574064677510358e-02
-6.352655349277548658e-02
-7.109181518318777315e-02
-7.837335868608900913e-02
-8.521301294430046191e-02
-9.146819531290581451e-02
-9.701646262499692697e-02
-1.017588660252177063e-01
-1.056220603458922630e-01
-1.085591430172309219e-01
-1.105492959170695372e-01
-1.115963386558708470e-01
-1.117263540011536049e-01
-1.109845871633425990e-01
-1.094318155616755550e-01
-1.071404310462276688e-01
-1.041904366334181764e-01
-1.006655663747617335e-01
-9.664971211260398043e-02
-9.222379916292333668e-02
-8.746322158058632279e-02
-8.243591225867523409e-02
-7.720107166528283882e-02
-7.180854562895348792e-02
-6.629880383484443307e-02
-6.070343512362517263e-02
-5.504605887243572276e-02
-4.934352715645955179e-02
-4.360729094137105744e-02
-3.784480397306151656e-02
-3.206085015611547656e-02
-2.625870014486264559e-02
-2.044102829503053817e-02
-1.461055246410446207e-02
-8.770389846344766802e-03
-2.924154107082107493e-03
2.924154108658707455e-03
8.770389854165025131e-03
1.461055247115652413e-02
2.044102829209821712e-02
2.625870013474188719e-02
3.206085014269388633e-02
3.784480397424962173e-02
4.360729094878335044e-02
4.934352715465743083e-02
5.504605887006421006e-02
6.070343512695740990e-02
6.629880381651308274e-02
7.180854561642815992e-02
7.720107165931071325e-02
8.243591235330180456e-02
8.746322152932520244e-02
9.222379909405144238e-02
9.664971207874338555e-02
1.006655664487726837e-01
1.041904366636497020e-01
1.071404312816599952e-01
1.094318154028733059e-01
1.109845865718909474e-01
1.117263539842317244e-01
1.115963384011218612e-01
1.105492959401258024e-01
1.085591434009930134e-01
1.056220605790090528e-01
1.017588659340360052e-01
9.701646295410558396e-02
9.146819526002482326e-02
8.521301286453923651e-02
7.837335848751052214e-02
7.109181537573108778e-02
6.352655264981005301e-02
5.584574060710049970e-02
4.822114132717938290e-02
4.082114128141828280e-02
3.380357153578077145e-02
2.730866791471862204e-02
2.145255136437207097e-02
1.632161166498150018e-02
1.196811915902984934e-02
8.407380332774747750e-03
5.616624170772848736e-03
3.535766691513115949e-03
2.070049725594818625e-03
1.094477079179224759e-03
4.598342263278276838e-04
5.495697046307627849e-17
6.434404800235230645e-17
5.220803442072284367e-04
9.126495390390893751e-04
1.046431765786854729e-03
8.102860141237514446e-04
1.084563335178129559e-04
-1.133099678050048659e-03
-2.963519154801402562e-03
-5.405125286926759469e-03
-8.452862109394400011e-03
-1.207506848306481168e-02
-1.621549798441931228e-02
-2.079642943949680869e-02
-2.572266184320086760e-02
-3.088613866580254205e-02
-3.617093651907599822e-02
-4.145834618801968324e-02
-4.663176369991763048e-02
-5.158117631323691499e-02
-5.620703178799198868e-02
-6.042333154712362098e-02
-6.415986251752504865e-02
-6.736350417501935084e-02
-6.999862542975107682e-02
-7.204662201648238951e-02
-7.350468777928124975e-02
-7.438395508875526863e-02
-7.470715041390500744e-02
-7.450594720975760310e-02
-7.381817773803976690e-02
-7.268508047522735660e-02
-7.114873838511173720e-02
-6.924983947400975559e-02
-6.702586739243318603e-02
-6.450979350183023986e-02
-6.172930938428611986e-02
-5.870659949822407131e-02
-5.545861975225325341e-02
-5.199781683878561961e-02
-4.833319546627936475e-02
-4.447162191795529101e-02
-4.041923993073329863e-02
-3.618287458965476627e-02
-3.177130290071421975e-02
-2.719628893629327804e-02
-2.247330046052922053e-02
-1.762185511670761109e-02
-1.266547526075242382e-02
-7.631263725252786755e-03
-2.549146379758007123e-03
2.549146378373801872e-03
7.631263735198556657e-03
1.266547527350628949e-02
1.762185514646209122e-02
2.247330047170511061e-02
2.719628898327797542e-02
3.177130287904785660e-02
3.618287459184149624e-02
4.041923995078029741e-02
4.447162185547294533e-02
4.833319550478774873e-02
5.199781683832204598e-02
5.545861974545397005e-02
5.870659950159414636e-02
6.172930938310441928e-02
6.450979346795919500e-02
6.702586737916943482e-02
6.924983952729801828e-02
7.114873841394012133e-02
7.268508043475735425e-02
7.381817781133125089e-02
7.450594732927341701e-02
7.470715027426143295e-02
7.438395516303800137e-02
7.350468804191111205e-02
7.204662195850061734e-02
6.999862566526725283e-02
6.736350403211094351e-02
6.415986261218925568e-02
6.042333218031583492e-02
5.620703183352431659e-02
5.158117590044743184e-02
4.663176290209682801e-02
4.145834590808867431e-02
3.617093614743079749e-02
3.088613797700435690e-02
2.572266188768116205e-02
2.079642996996673016e-02
1.621549745055603578e-02
1.207506865347443385e-02
8.452861310947527157e-03
5.405125258126289647e-03
2.963519646371033048e-03
1.133099669421964517e-03
-1.084562209800020986e-04
-8.102859324557452111e-04
-1.046431706495912564e-03
-9.126495219084275771e-04
-5.220802884488529808e-04
6.224384157258339289e-17
7.407810061632316808e-17
1.608344199805701331e-03
3.107235342571860060e-03
4.391864428669631573e-03
5.366466808049786229e-03
5.948250768373216160e-03
6.070656215489550478e-03
5.685786617650121118e-03
4.765909477373908229e-03
3.303975651477615572e-03
1.313166571882209066e-03
-1.174467676221922644e-03
-4.110165662695250931e-03
-7.431256519157177984e-03
-1.106442286628065048e-02
-1.492922882629937713e-02
-1.894171308114412505e-02
-2.301784625015493649e-02
-2.707669215154577189e-02
-3.104311640309169451e-02
-3.484993871368705087e-02
-3.843945555344548126e-02
-4.176430461823694984e-02
-4.478768013703506717e-02
-4.748294754927329109e-02
-4.983273607026242336e-02
-5.182761403975898185e-02
-5.346447209870346801e-02
-5.474474619512781359e-02
-5.567261862629954011e-02
-5.625332575483669301e-02
-5.649169061860847413e-02
-5.639097681132251155e-02
-5.595213580280681415e-02
-5.517349031216360611e-02
-5.405086535600476388e-02
-5.257814646388941221e-02
-5.074821508068546455e-02
-4.855418367938656166e-02
-4.599083256418944055e-02
-4.305613278815054873e-02
-3.975273811390622053e-02
-3.608932109514002839e-02
-3.208164659054504875e-02
-2.775328809021670312e-02
-2.313591861074563300e-02
-1.826913746455784138e-02
-1.319982629151104231e-02
-7.981062520198391880e-03
-2.670649430168903736e-03
2.670649428819781533e-03
7.981062514595576793e-03
1.319982629216765076e-02
1.826913746194376229e-02
2.313591860993806718e-02
2.775328808641146922e-02
3.208164658393546087e-02
3.608932109825819384e-02
3.975273810791950246e-02
4.305613278099830465e-02
4.599083257959558912e-02
4.855418370189393956e-02
5.074821506339936839e-02
5.257814646650852547e-02
5.405086535130267794e-02
5.517349031324903647e-02
5.595213580780764723e-02
5.639097681605383106e-02
5.649169061949951831e-02
5.625332575312610994e-02
5.567261861702472309e-02
5.474474621230249888e-02
5.346447208957195996e-02
5.182761406924032976e-02
4.983273604047594452e-02
4.748294758719781572e-02
4.478768015511511852e-02
4.176430465947385956e-02
3.843945559197185086e-02
3.484993867969624765e-02
3.104311644688706115e-02
2.707669219261250176e-02
2.301784625751904234e-02
1.894171304050107016e-02
1.492922882931490766e-02
1.106442285705173771e-02
7.431256448322478766e-03
4.110165663945634408e-03
1.174467663157513497e-03
-1.313166556294538588e-03
-3.303975653884097270e-03
-4.765909458902786028e-03
-5.685786613720369628e-03
-6.070656249199427382e-03
-5.948250760918869992e-03
-5.366466779678116632e-03
-4.391864429434905702e-03
-3.107235345471437774e-03
-1.608344189772856550e-03
6.780019037150841289e-17
8.327255587381268647e-17
2.420787265243739064e-03
4.742735852758313275e-03
6.870622196881384300e-03
8.716271556241890484e-03
1.020164412667409586e-02
1.126142236262141910e-02
1.184498677317322168e-02
1.191769843097991236e-02
1.146145402400303159e-02
1.047451242333807125e-02
8.970647670347203090e-03
6.977699393522457209e-03
4.535643115214752462e-03
1.694303067857285631e-03
-1.489136353342616730e-03
-4.952682631833810016e-03
-8.632000427079049992e-03
-1.246266947602646044e-02
-1.638212517219199416e-02
-2.033120480067892102e-02
-2.425524987934727511e-02
-2.810474730899146026e-02
-3.183552219182679555e-02
-3.540852186000208873e-02
-3.878925897175295595e-02
-4.194699694190572731e-02
-4.485377762223976411e-02
-4.748339431691696311e-02
-4.981041784884908397e-02
-5.180937265450908519e-02
-5.345414931252631674e-02
-5.471772180591474855e-02
-5.557221096446153530e-02
-5.598932999011831807e-02
-5.594116474830183178e-02
-5.540130421998457066e-02
-5.434622306534842018e-02
-5.275684730637712760e-02
-5.062020026541147466e-02
-4.793101695477693797e-02
-4.469321118043375479e-02
-4.092108367366549537e-02
-3.664017069828742063e-02
-3.188765199516121335e-02
-2.671226137252880398e-02
-2.117367309249309354e-02
-1.534136990352963012e-02
-9.293030894351623009e-03
-3.112508567943752299e-03
3.112508567133590032e-03
9.293030892029633186e-03
1.534136989762722482e-02
2.117367308305143428e-02
2.671226137490370980e-02
3.188765199012109919e-02
3.664017068856919440e-02
4.092108365388488767e-02
4.469321118174067464e-02
4.793101695436421256e-02
5.062020027855980431e-02
5.275684730800329209e-02
5.434622306533250236e-02
5.540130421148192069e-02
5.594116473918123167e-02
5.598932997520485177e-02
5.557221095850648634e-02
5.471771953164215885e-02
5.345414932885041159e-02
5.180937151374672561e-02
4.981041785180070902e-02
4.748339431453000442e-02
4.485377763705377524e-02
4.194699701383682033e-02
3.878925897895726255e-02
3.540852191118835229e-02
3.183552224875771386e-02
2.810474734293668883e-02
2.425524976955976270e-02
2.033120489914453863e-02
1.638212527161820101e-02
1.246266950174920035e-02
8.632000270948212567e-03
4.952682812108855775e-03
1.489136094751171381e-03
-1.694303232777700846e-03
-4.535642971679455099e-03
-6.977699626242402087e-03
-8.970647772961460459e-03
-1.047451246278280346e-02
-1.146145391867547068e-02
-1.191769857313444356e-02
-1.184498667122314657e-02
-1.126142247164333386e-02
-1.020164408462439706e-02
-8.716271587836140269e-03
-6.870622096601958911e-03
-4.742735962812458760e-03
-2.420787237309633081e-03
7.386623452295436860e-17
9.206746902464474420e-17
2.846557122351095828e-03
5.599364741246655106e-03
8.167617561247533103e-03
1.046626208197403742e-02
1.241853935055397401e-02
1.395815137231051946e-02
1.503096178110820309e-02
1.559617021471641947e-02
1.562693042001300769e-02
1.511041399990981256e-02
1.404735173671617203e-02
1.245111303319013790e-02
1.034640489968263917e-02
7.767689101981190350e-03
4.757425475834448254e-03
1.364250232394465011e-03
-2.358804557618869417e-03
-6.355957567660270972e-03
-1.057011290778227600e-02
-1.494402632952909413e-02
-1.942116884733566251e-02
-2.394627809136504887e-02
-2.846561065738230367e-02
-3.292693132279259777e-02
-3.727929240962730983e-02
-4.147267195746401347e-02
-4.545754830977451894e-02
-4.918449308631837880e-02
-5.260386292463868629e-02
-5.566566332676718687e-02
-5.831964608242541648e-02
-6.051568430864250753e-02
-6.220445021456635221e-02
-6.333839656045310573e-02
-6.387301992351729352e-02
-6.376836037332213325e-02
-6.299066985166358601e-02
-6.151416393105199609e-02
-5.932275803615135595e-02
-5.641168010407508759e-02
-5.278885243335447452e-02
-4.847593940151381092e-02
-4.350897196269502831e-02
-3.793847805735009460e-02
-3.182907400828451083e-02
-2.525849961218748843e-02
-1.831611222950670081e-02
-1.110088446736731162e-02
-3.718981601153337289e-03
3.718981599821505075e-03
1.110088446538370563e-02
1.831611223219167112e-02
2.525849962142382582e-02
3.182907399710978996e-02
3.793847809169143687e-02
4.350897197267113159e-02
4.847593943705124503e-02
5.278885243764171176e-02
5.641168010319647791e-02
5.932275802758659594e-02
6.151416393883744893e-02
6.299066982263283598e-02
6.376836037558443471e-02
6.387301992689600749e-02
6.333839657672529766e-02
6.220445022298224519e-02
6.051568429259238102e-02
5.831964608230939123e-02
5.566566333915677622e-02
5.260386292800289798e-02
4.918449309902194616e-02
4.545754831060329348e-02
4.147267195803169132e-02
3.727929241114784353e-02
3.292693132061762923e-02
2.846561065991503811e-02
2.394627808243783226e-02
1.942116885996889378e-02
1.494402632313605178e-02
1.057011290947573214e-02
6.355957546506016409e-03
2.358804547373684942e-03
-1.364250242443152371e-03
-4.757425465051892850e-03
-7.767689123889970695e-03
-1.034640487865052735e-02
-1.245111303590833163e-02
-1.404735176251660500e-02
-1.511041400022680378e-02
-1.562693043380345564e-02
-1.559617017919794589e-02
-1.503096177796578621e-02
-1.395815137582808590e-02
-1.241853937620913430e-02
-1.046626206377362402e-02
-8.167617567454826463e-03
-5.599364736747268131e-03
-2.846557117644817492e-03
8.102138184762921937e-17
1.003224022071371589e-16
2.909809345447455543e-03
5.728755470497819829e-03
8.368473453388029781e-03
1.074548913878268196e-02
1.278340608323831964e-02
1.441480021303890961e-02
1.558275201487008960e-02
1.624196825255197485e-02
1.635946796987213306e-02
1.591483180942496883e-02
1.490003821311915166e-02
1.331892841383198502e-02
1.118636240033470813e-02
8.527137722478173379e-03
5.374752369515486787e-03
1.770092719710362073e-03
-2.239873983045647353e-03
-6.603334081179969631e-03
-1.126473094539844934e-02
-1.616569675121760918e-02
-2.124578852755392225e-02
-2.644302439051674641e-02
-3.169423239881237475e-02
-3.693524237403099375e-02
-4.210096433409842021e-02
-4.712540807390279418e-02
-5.194170474904755835e-02
-5.648219387919884565e-02
-6.067863554093468753e-02
-6.446260196166797574e-02
-6.776608926821310608e-02
-7.052237693000788787e-02
-7.266714310440482161e-02
-7.413982491257019303e-02
-7.488519099133743306e-02
-7.485507583312121793e-02
-7.401020482767491082e-02
-7.232202526815488530e-02
-6.977444789263058389e-02
-6.636539855524124787e-02
-6.210807961932909849e-02
-5.703184855843675821e-02
-5.118263506778943095e-02
-4.462283527232698693e-02
-3.743064929870703467e-02
-2.969885147679208678e-02
-2.153301565986846799e-02
-1.304924505058892986e-02
-4.371484426550454813e-03
4.371484427665032861e-03
1.304924504848129982e-02
2.153301565671033105e-02
2.969885150997664952e-02
3.743064929167578408e-02
4.462283526986589310e-02
5.118263505057839280e-02
5.703184858847452215e-02
6.210807963567110956e-02
6.636539860213434838e-02
6.977444792268924778e-02
7.232202527326274388e-02
7.401020483261441796e-02
7.485507579734607120e-02
7.488519093462757403e-02
7.413982493137821761e-02
7.266714310566955992e-02
7.052237690990303953e-02
6.776608924756534480e-02
6.446260194986501435e-02
6.067863554979794488e-02
5.648219388261072754e-02
5.194170476239497874e-02
4.712540805863023319e-02
4.210096433791770537e-02
3.693524237143232247e-02
3.169423239924831076e-02
2.644302438498808555e-02
2.124578852990727240e-02
1.616569674230071071e-02
1.126473096703180590e-02
6.603334079421336461e-03
2.239873988571861388e-03
-1.770092689425162378e-03
-5.374752314994840977e-03
-8.527137726433441783e-03
-1.118636237872331490e-02
-1.331892842245151198e-02
-1.490003819530242787e-02
-1.591483179852192301e-02
-1.635946795505120732e-02
-1.624196826126518903e-02
-1.558275201836619057e-02
-1.441480017777505875e-02
-1.278340607139940785e-02
-1.074548914159811214e-02
-8.368473458586348987e-03
-5.728755467065972141e-03
-2.909809347717804816e-03
8.903412733444779956e-17
1.078233927697822455e-16
2.691154976994676856e-03
5.293836672309399673e-03
7.721763591910963363e-03
9.892953695284737239e-03
1.173166897294754783e-02
1.317012716459670454e-02
1.414992440563283931e-02
1.462312944141543058e-02
1.455302700350489913e-02
1.391450849729520579e-02
1.269412429352331610e-02
1.088982964897867653e-02
8.510468830429818859e-03
5.575052078013501521e-03
2.111885944015366723e-03
-1.842382263680476156e-03
-6.243745524713206242e-03
-1.104179305421233541e-02
-1.618059750328427679e-02
-2.159950392990305987e-02
-2.723380397316638168e-02
-3.301529345424741857e-02
-3.887272546984371635e-02
-4.473218383245989443e-02
-5.051741200746664995e-02
-5.615014124949920665e-02
-6.155046401307982112e-02
-6.663730235442313909e-02
-7.132901384904180575e-02
-7.554417409784709714e-02
-7.920256208593937086e-02
-8.222635989505529264e-02
-8.454156741632408434e-02
-8.607960705561462644e-02
-8.677908491118460632e-02
-8.658764952943079352e-02
-8.546388033395120598e-02
-8.337912289394935894e-02
-8.031918032933429985e-02
-7.628576739180897848e-02
-7.129763701045858937e-02
-6.539129542686300534e-02
-5.862123657204310057e-02
-5.105964594425294739e-02
-4.279554432908770634e-02
-3.393337154865903177e-02
-2.459103388867060064e-02
-1.489746832479530055e-02
-4.989800966406807842e-03
4.989800961425920611e-03
1.489746830875151098e-02
2.459103389603354423e-02
3.393337155465672023e-02
4.279554431218637878e-02
5.105964592844093597e-02
5.862123662250051659e-02
6.539129541667211554e-02
7.129763702688057814e-02
7.628576743865474186e-02
8.031918034324786460e-02
8.337912289720070258e-02
8.546388029619640669e-02
8.658764948922828553e-02
8.677908494516030358e-02
8.607960707719404525e-02
8.454156733243692323e-02
8.222635992593239906e-02
7.920256206023854051e-02
7.554417413785166624e-02
7.132901380339953801e-02
6.663730235075830677e-02
6.155046401239492454e-02
5.615014120875154446e-02
5.051741202536184916e-02
4.473218380307333875e-02
3.887272546273102397e-02
3.301529345316377845e-02
2.723380397364018671e-02
2.159950393161701176e-02
1.618059750337309810e-02
1.104179305013927928e-02
6.243745515563991003e-03
1.842382267717834927e-03
-2.111885898048568213e-03
-5.575052097549114231e-03
-8.510468835043151145e-03
-1.088982965373748446e-02
-1.269412428985069313e-02
-1.391450850426745149e-02
-1.455302697718453657e-02
-1.462312941867555290e-02
-1.414992440468412424e-02
-1.317012715197034452e-02
-1.173166899678072979e-02
-9.892953688124268841e-03
-7.721763593208714332e-03
-5.293836676364797184e-03
-2.691154978072526037e-03
9.738052391494034668e-17
1.143849746285686032e-16
2.283004238483036206e-03
4.480191588103170884e-03
6.507716085062048746e-03
8.285605423163667008e-03
9.739530832550313127e-03
1.080238729973067094e-02
1.141563796467610047e-02
1.153038831612944286e-02
1.110817186891893509e-02
1.012144211359055843e-02
8.553780759574719506e-03
6.399844592283840047e-03
3.665084243684122670e-03
3.652758226380135647e-04
-3.474089272272457701e-03
-7.818509613441321573e-03
-1.262522930050715732e-02
-1.784400444268897240e-02
-2.341784891423491499e-02
-2.928373676431233336e-02
-3.537325012299806504e-02
-4.161317234827812545e-02
-4.792603696225144344e-02
-5.423065260999675868e-02
-6.044263254657109702e-02
-6.647496201739844235e-02
-7.223863977024840011e-02
-7.764343059591448382e-02
-8.259875824841883540e-02
-8.701476750540627914e-02
-9.080356697273202216e-02
-9.388065795796866897e-02
-9.616653717152422176e-02
-9.758844643054001566e-02
-9.808222842313074619e-02
-9.759423180992178593e-02
-9.608319782126799324e-02
-9.352204846161769891e-02
-8.989949345446711371e-02
-8.522136963474871707e-02
-7.951163000877435605e-02
-7.281290966265034637e-02
-6.518660663891789886e-02
-5.671243644954891000e-02
-4.748743829648733455e-02
-3.762443681760434949e-02
-2.724998619156078494e-02
-1.650185108583983665e-02
-5.526099088227560269e-03
5.526099088225133391e-03
1.650185108706604675e-02
2.724998619098633473e-02
3.762443679174894834e-02
4.748743831623963157e-02
5.671243648687790406e-02
6.518660667039956336e-02
7.281290967603813724e-02
7.951162999609343029e-02
8.522136962477526445e-02
8.989949343543274241e-02
9.352204845252479193e-02
9.608319785042805650e-02
9.759423175102532877e-02
9.808222833619213710e-02
9.758844642558119065e-02
9.616653722028732643e-02
9.388065797791139699e-02
9.080356688564812651e-02
8.701476750802393523e-02
8.259875823778126125e-02
7.764343056556742562e-02
7.223863987751058535e-02
6.647496197904534387e-02
6.044263257457279520e-02
5.423065263925812285e-02
4.792603696436026350e-02
4.161317236811269693e-02
3.537325011344477632e-02
2.928373676458018507e-02
2.341784891687802295e-02
1.784400444255452092e-02
1.262522929462728261e-02
7.818509621592129727e-03
3.474089278515301183e-03
-3.652758325314659957e-04
-3.665084234677859487e-03
-6.399844580720018966e-03
-8.553780760270773831e-03
-1.012144213389802941e-02
-1.110817187270173208e-02
-1.153038830780081514e-02
-1.141563797764078882e-02
-1.080238731359893858e-02
-9.739530810448463263e-03
-8.285605426236394844e-03
-6.507716096686078609e-03
-4.480191588930725055e-03
-2.283004243714054082e-03
1.055189744962426324e-16
1.198882212763788297e-16
1.768162586490365376e-03
3.453679062980506091e-03
4.975706041354792733e-03
6.256948906139863688e-03
7.225297623330496043e-03
7.815304554669338585e-03
7.969465057049077497e-03
7.639271999582542168e-03
6.786026111486150730e-03
5.381397046399565183e-03
3.407740022757312776e-03
8.581844752117335790e-04
-2.263481249165647229e-03
-5.943097999005988660e-03
-1.015656261172197782e-02
-1.487035743518297197e-02
-2.004214864556007336e-02
-2.562142329900496743e-02
-3.155014077744864448e-02
-3.776338231562349074e-02
-4.418998998404919526e-02
-5.075319628690043439e-02
-5.737125273450099233e-02
-6.395807452990405484e-02
-7.042392247043272047e-02
-7.667614972216073299e-02
-8.262003905969897422e-02
-8.815975832326675143e-02
-9.319945515998863395e-02
-9.764450695871815245e-02
-1.014029331813446067e-01
-1.043869632789431456e-01
-1.065147461840582621e-01
-1.077121680505216117e-01
-1.079147377922108075e-01
-1.070694812674265750e-01
-1.051367818611626259e-01
-1.020920907993277393e-01
-9.792743095972311629e-02
-9.265261516240057282e-02
-8.629610442155095928e-02
-7.890544242925875973e-02
-7.054721127221699750e-02
-6.130647495746652242e-02
-5.128569394402943821e-02
-4.060311774339876029e-02
-2.939068502172776168e-02
-1.779148358753713730e-02
-5.956843888827468084e-03
5.956843890243346783e-03
1.779148359734752244e-02
2.939068501837723002e-02
4.060311775914285382e-02
5.128569400828617703e-02
6.130647497405217194e-02
7.054721123307224062e-02
7.890544242351689441e-02
8.629610442329596620e-02
9.265261517047337914e-02
9.792743101404513539e-02
1.020920908348256495e-01
1.051367818201667526e-01
1.070694813133184070e-01
1.079147378323537104e-01
1.077121680879863236e-01
1.065147461734426704e-01
1.043869632652455470e-01
1.014029331651134097e-01
9.764450701908854169e-02
9.319945512840072110e-02
8.815975829876636360e-02
8.262003903568015950e-02
7.667614969101042843e-02
7.042392247027970398e-02
6.395807446602234936e-02
5.737125278101402187e-02
5.075319625688162056e-02
4.418998997611884444e-02
3.776338233214723838e-02
3.155014079507111047e-02
2.562142330125195822e-02
2.004214864512155608e-02
1.487035743457829247e-02
1.015656261509485271e-02
5.943097996032919821e-03
2.263481242865837163e-03
-8.581844710970083084e-04
-3.407740033700070760e-03
-5.381397042897744822e-03
-6.786026106980331402e-03
-7.639271985818787275e-03
-7.969465066304337250e-03
-7.815304543021955874e-03
-7.225297619028014928e-03
-6.256948899677550364e-03
-4.975706035830077499e-03
-3.453679060331259817e-03
-1.768162589980265369e-03
1.130111543534659960e-16
1.242847436743844320e-16
1.211941167413981349e-03
2.344913006875753124e-03
3.321613161955677337e-03
4.068025321231766300e-03
4.514944558183468099e-03
4.599369319965742123e-03
4.265724561184123728e-03
3.466891905318900298e-03
2.165029737124356951e-03
3.321766442831659881e-04
-2.049359299424190466e-03
-4.986814519618423813e-03
-8.476969184717976155e-03
-1.250630853224679595e-02
-1.705132010802929560e-02
-2.207889942541901851e-02
-2.754683789347964554e-02
-3.340436868556445615e-02
-3.959275670978916473e-02
-4.604591085740065981e-02
-5.269102180969884031e-02
-5.944922339322085414e-02
-6.623628023555341859e-02
-7.296332198615894382e-02
-7.953763759822485291e-02
-8.586354592434558564e-02
-9.184337246184709480e-02
-9.737854304463022803e-02
-1.023708087860105281e-01
-1.067236156970307187e-01
-1.103436158466253869e-01
-1.131423101347645427e-01
-1.150377986847220119e-01
-1.159566193310056781e-01
-1.158356083486506011e-01
-1.146237501632015182e-01
-1.122839421793281334e-01
-1.087946126537139846e-01
-1.041511088355884657e-01
-9.836679851436858080e-02
-9.147380887475888012e-02
-8.352334565229398156e-02
-7.458555460463466014e-02
-6.474888132897678450e-02
-5.411893620171171621e-02
-4.281685626622366153e-02
-3.097720713286782751e-02
-1.874546935951545631e-02
-6.275180442054657630e-03
6.275180447687332512e-03
1.874546925877555031e-02
3.097720715632069563e-02
4.281685626279751328e-02
5.411893619859466792e-02
6.474888119490114502e-02
7.458555445132225570e-02
8.352334564124455629e-02
9.147380858095294220e-02
9.836679846819861017e-02
1.041511088896273501e-01
1.087946129730786304e-01
1.122839421105364527e-01
1.146237495396443262e-01
1.158356080495398233e-01
1.159566196177646002e-01
1.150377987628421472e-01
1.131423094639350951e-01
1.103436157545770735e-01
1.067236155561323979e-01
1.023708086195109085e-01
9.737854296872418269e-02
9.184337233154195312e-02
8.586354580502902900e-02
7.953763762691999639e-02
7.296332219845050315e-02
6.623628020946666084e-02
5.944922332137195231e-02
5.269102189791130542e-02
4.604591076134820216e-02
3.959275674870438300e-02
3.340436863700411985e-02
2.754683780630125950e-02
2.207889942744357611e-02
1.705132010780707405e-02
1.250630853391207324e-02
8.476969197414020024e-03
4.986814530303348980e-03
2.049359313468608005e-03
-3.321766577727173152e-04
-2.165029770888764454e-03
-3.466891881382685742e-03
-4.265724533601135751e-03
-4.599369313720963991e-03
-4.514944550266401790e-03
-4.068025275590734548e-03
-3.321613171236411505e-03
-2.344913012602430936e-03
-1.211941167283620566e-03
1.195566235876821861e-16
1.275855008245669095e-16
6.613081785935170280e-04
1.247712476196610786e-03
1.685860589387075783e-03
1.905462160387154857e-03
1.840718673341024299e-03
1.431637344025644487e-03
6.252001769868339521e-04
-6.236362276368040500e-04
-2.351123856333561454e-03
-4.584097953011889541e-03
-7.339542376444866713e-03
-1.062433871243634483e-02
-1.443518597234425514e-02
-1.875867341059107851e-02
-2.357148653418101800e-02
-2.884072450669125307e-02
-3.452430966384210931e-02
-4.057147002342795239e-02
-4.692328066450624641e-02
-5.351325485663875614e-02
-6.026797963571804001e-02
-6.710779640424932579e-02
-7.394753420129633603e-02
-8.069730355980148095e-02
-8.726336502832987563e-02
-9.354908830136599018e-02
-9.945601461380605690e-02
-1.048850368726878673e-01
-1.097377047538896921e-01
-1.139176589702230735e-01
-1.173321891757511531e-01
-1.198938982797580349e-01
-1.215224601097175394e-01
-1.221464255648826297e-01
-1.217050369762384815e-01
-1.201500094152269382e-01
-1.174471989778425457e-01
-1.135781176249690133e-01
-1.085412122663281936e-01
-1.023528514304640202e-01
-9.504795699900873973e-02
-8.668023111211220488e-02
-7.732193860992199463e-02
-6.706321942888748833e-02
-5.601092421356149154e-02
-4.428698443443682825e-02
-3.202634566422805917e-02
-1.937451437967454074e-02
-6.484783369681122560e-03
6.484783357448706091e-03
1.937451440238701847e-02
3.202634565220822960e-02
4.428698437507945507e-02
5.601092417710840099e-02
6.706321937158399304e-02
7.732193860239408578e-02
8.668023119118035968e-02
9.504795726444087434e-02
1.023528515007475492e-01
1.085412121368077715e-01
1.135781175782699659e-01
1.174471993615393423e-01
1.201500094236922223e-01
1.217050370198572151e-01
1.221464262341076246e-01
1.215224601216225025e-01
1.198938977598429795e-01
1.173321886980703554e-01
1.139176591947331368e-01
1.097377053998006696e-01
1.048850371136718501e-01
9.945601472405520005e-02
9.354908831084043919e-02
8.726336504877790778e-02
8.069730358576965301e-02
7.394753415811709807e-02
6.710779637735293790e-02
6.026797957186171700e-02
5.351325500815012903e-02
4.692328070683614988e-02
4.057147011599302605e-02
3.452430966096063647e-02
2.884072447132014771e-02
2.357148648379171069e-02
1.875867340720548462e-02
1.443518596824539674e-02
1.062433871301189485e-02
7.339542373807839831e-03
4.584097954528488887e-03
2.351123854796684492e-03
6.236362222287297795e-04
-6.252001753921631591e-04
-1.431637339090672568e-03
-1.840718626020048385e-03
-1.905462152141287760e-03
-1.685860578275214352e-03
-1.247712475390429275e-03
-6.613081811292499364e-04
1.249850080334944001e-16
1.298449696877137549e-16
1.471970477988460515e-04
2.237967463699302528e-04
1.606512143143054420e-04
-1.085244839391210150e-04
-6.458092469714135989e-04
-1.507834042194767209e-03
-2.744667995348642597e-03
-4.398852854562161456e-03
-6.504600427522020528e-03
-9.087160822359973897e-03
-1.216236283629063344e-02
-1.573632212130745417e-02
-1.980530763258428473e-02
-2.435575353087902559e-02
-2.936440062884884683e-02
-3.479855136016930112e-02
-4.061642147999276059e-02
-4.676757584787039068e-02
-5.319343559897878049e-02
-5.982784856488403830e-02
-6.659772118354904957e-02
-7.342371183996518336e-02
-8.022098885256809253e-02
-8.690006215712796356e-02
-9.336769886918361294e-02
-9.952793273972451726e-02
-1.052831780437379627e-01
-1.105354558042669216e-01
-1.151877359354695207e-01
-1.191453987194349973e-01
-1.223177961916597639e-01
-1.246199118085347668e-01
-1.259740816264723062e-01
-1.263117513242145440e-01
-1.255752226659360704e-01
-1.237193427495697634e-01
-1.207130812693714694e-01
-1.165409317854518984e-01
-1.112040883459209928e-01
-1.047213238087094656e-01
-9.712952965889246060e-02
-8.848386552605745636e-02
-7.885748582073416613e-02
-6.834082149209950996e-02
-5.704041466699617119e-02
-4.507731543822731529e-02
-3.258507310311763161e-02
-1.970736513069633669e-02
-6.595329086773559293e-03
6.595329101967612774e-03
1.970736516682965525e-02
3.258507322705460341e-02
4.507731545182451505e-02
5.704041450676217151e-02
6.834082142541129945e-02
7.885748577378152990e-02
8.848386561338993095e-02
9.712952973722542571e-02
1.047213238531173596e-01
1.112040883756861831e-01
1.165409317563032426e-01
1.207130808557056456e-01
1.237193427841824095e-01
1.255752227078996142e-01
1.263117512331720649e-01
1.259740816478085446e-01
1.246199117050394156e-01
1.223177962944712316e-01
1.191453991518262312e-01
1.151877359303431630e-01
1.105354553354595121e-01
1.052831780616425017e-01
9.952793282493531402e-02
9.336769885356115128e-02
8.690006229917153491e-02
8.022098893445529788e-02
7.342371194131948331e-02
6.659772119167162163e-02
5.982784851201996407e-02
5.319343565785664835e-02
4.676757594936372525e-02
4.061642133968749319e-02
3.479855126177178182e-02
2.936440070958479948e-02
2.435575353105610269e-02
1.980530762002857478e-02
1.573632211910399106e-02
1.216236284219420448e-02
9.087160823660624456e-03
6.504600428687824093e-03
4.398852853066832422e-03
2.744667997355377219e-03
1.507834041450644780e-03
6.458092408358100719e-04
1.085244948931853444e-04
-1.606512241583485574e-04
-2.237967446080632063e-04
-1.471970470856669426e-04
1.292313127380119982e-16
1.311458705338008263e-16
-3.121583493604305473e-04
-6.905057691723015924e-04
-1.199874890049238817e-03
-1.902417262713027761e-03
-2.856340872124886378e-03
-4.114737471772836330e-03
-5.724523404228688307e-03
-7.725512938634208036e-03
-1.014963765532791301e-02
-1.302031997321539437e-02
-1.635200339440216755e-02
-2.014983725633465519e-02
-2.440950901601748879e-02
-2.911721440754265131e-02
-3.424975434505125871e-02
-3.977474335827343305e-02
-4.565092042975909398e-02
-5.182854713618649523e-02
-5.824988711038339706e-02
-6.484975914529188257e-02
-7.155616106710084579e-02
-7.829096464487911300e-02
-8.497068645802233200e-02
-9.150733686331037620e-02
-9.780936041065681208e-02
-1.037826670583560235e-01
-1.093317699876214938e-01
-1.143610266303217299e-01
-1.187759888731753366e-01
-1.224848578904444846e-01
-1.254000275756143867e-01
-1.274397075621661046e-01
-1.285295897784103081e-01
-1.286045432997144633e-01
-1.276102719881906655e-01
-1.255049150127161006e-01
-1.222605159313058798e-01
-1.178643301495959222e-01
-1.123198878547075757e-01
-1.056477859901528288e-01
-9.788614386320267091e-02
-8.909069132415568804e-02
-7.933445495879327958e-02
-6.870702746781139070e-02
-5.731341790789577090e-02
-4.527249245826119733e-02
-3.271503803845505348e-02
-1.978149089396772156e-02
-6.619387946554874426e-03
6.619387950579499677e-03
1.978149090684629477e-02
3.271503800751936197e-02
4.527249241828051884e-02
5.731341789624468802e-02
6.870702744959354680e-02
7.933445490010827827e-02
8.909069159166264906e-02
9.788614391566488604e-02
1.056477861021210968e-01
1.123198877809377383e-01
1.178643301111160918e-01
1.222605159269700148e-01
1.255049143313693716e-01
1.276102720939593371e-01
1.286045432055658855e-01
1.285295897408460508e-01
1.274397071172543860e-01
1.254000275942422082e-01
1.224848578180888908e-01
1.187759886733316395e-01
1.143610265447036756e-01
1.093317699508846580e-01
1.037826671058286465e-01
9.780936028021533502e-02
9.150733707587993537e-02
8.497068623515538488e-02
7.829096464277002232e-02
7.155616102112538623e-02
6.484975918072506673e-02
5.824988724090866127e-02
5.182854705842096510e-02
4.565092048230241784e-02
3.977474334193296934e-02
3.424975428489018120e-02
2.911721440518541884e-02
2.440950899712018840e-02
2.014983725201019427e-02
1.635200342348941058e-02
1.302031996421198178e-02
1.014963764960303237e-02
7.725512952105937844e-03
5.724523403697282659e-03
4.114737472633333767e-03
2.856340871875617023e-03
1.902417262039098533e-03
1.199874890794602657e-03
6.905057681527565754e-04
3.121583494791387589e-04
1.323078008703349782e-16
1.315865427275797060e-16
-7.079151910198426718e-04
-1.477624825050977489e-03
-2.369653218438397355e-03
-3.442012787851222132e-03
-4.749017751023522360e-03
-6.340178208655961566e-03
-8.259195893473354755e-03
-1.054307923130491306e-02
-1.322139049698927045e-02
-1.631563295849919326e-02
-1.983878194349088589e-02
-2.379495848527541854e-02
-2.817924119258167354e-02
-3.297760900014067020e-02
-3.816700615352159459e-02
-4.371551797104764742e-02
-4.958264802806780502e-02
-5.571968866438056778e-02
-6.207017567031954119e-02
-6.857042255815566645e-02
-7.515013435442599588e-02
-8.173309477095248854e-02
-8.823793932056224476e-02
-9.457900594139016792e-02
-1.006672789752375702e-01
-1.064114271491410080e-01
-1.117189372964423333e-01
-1.164973535475414407e-01
-1.206556067234593327e-01
-1.241054456975054787e-01
-1.267629416861912883e-01
-1.285500558979882357e-01
-1.293962453942780477e-01
-1.292400694273813377e-01
-1.280307700780021485e-01
-1.257297667540903385e-01
-1.223120321632418378e-01
-1.177672915762084938e-01
-1.121009996324490582e-01
-1.053350423718519280e-01
-9.750812484893146836e-02
-8.867581132719681847e-02
-7.891018264734467325e-02
-6.829910882072467992e-02
-5.694512342011830153e-02
-4.496392422441208153e-02
-3.248251764991246654e-02
-1.963705539426995397e-02
-6.570414409913042861e-03
6.570414409910708790e-03
1.963705536882965480e-02
3.248251768527741362e-02
4.496392423865445964e-02
5.694512360658857825e-02
6.829910874172549773e-02
7.891018270977520621e-02
8.867581112972577895e-02
9.750812485442285349e-02
1.053350421141033139e-01
1.121009997060055663e-01
1.177672913962558299e-01
1.223120318314061955e-01
1.257297669732379830e-01
1.280307699857376469e-01
1.292400693060839489e-01
1.293962453383065425e-01
1.285500559576527868e-01
1.267629415677471172e-01
1.241054454258735396e-01
1.206556062417473291e-01
1.164973530398764751e-01
1.117189377121144966e-01
1.064114270469701112e-01
1.006672790283904134e-01
9.457900576180920671e-02
8.823793923374549653e-02
8.173309476619278202e-02
7.515013429748806928e-02
6.857042255841079570e-02
6.207017559256688272e-02
5.571968870848148514e-02
4.958264811314552073e-02
4.371551799337747291e-02
3.816700629225632663e-02
3.297760908837250871e-02
2.817924114616695078e-02
2.379495849689744133e-02
1.983878195132173644e-02
1.631563293664868228e-02
1.322139048260373428e-02
1.054307923937682599e-02
8.259195889908216986e-03
6.340178206366635719e-03
4.749017753563604220e-03
3.442012780700822068e-03
2.369653219471086047e-03
1.477624824932070868e-03
7.079151910038274879e-04
1.342786117686054553e-16
1.312714497222479882e-16
-1.037782535613370827e-03
-2.133066122081762536e-03
-3.342162632027883239e-03
-4.719031022452975510e-03
-6.314163619682609287e-03
-8.173544648306630203e-03
-1.033770081279094220e-02
-1.284085976975386442e-02
-1.571022901062540250e-02
-1.896540268045023361e-02
-2.261790081547537107e-02
-2.667084104917908857e-02
-3.111873981043466672e-02
-3.594743777330067919e-02
-4.113414191898371458e-02
-4.664757720380093009e-02
-5.244823816473707240e-02
-5.848873459739248326e-02
-6.471422435283619157e-02
-7.106292953385343059e-02
-7.746673254371674866e-02
-8.385185514017463870e-02
-9.013961669220572903e-02
-9.624727993608858667e-02
-1.020889846069497342e-01
-1.075767714927817337e-01
-1.126217031427190346e-01
-1.171350755788884562e-01
-1.210297206776110579e-01
-1.242213917814823099e-01
-1.266302163751384102e-01
-1.281822011002002049e-01
-1.288107602499223014e-01
-1.284582441844500933e-01
-1.270774200320939629e-01
-1.246328756930340370e-01
-1.211022979978265274e-01
-1.164775771645650410e-01
-1.107656943884911538e-01
-1.039893543257827541e-01
-9.618731000274929888e-02
-8.741436383545976574e-02
-7.774101267376369584e-02
-6.725272692024238108e-02
-5.604886421928201995e-02
-4.424123280466964875e-02
-3.195232538705250480e-02
-1.931326822036887741e-02
-6.461532095949261423e-03
6.461532102000130430e-03
1.931326817835198745e-02
3.195232547923999855e-02
4.424123281651014261e-02
5.604886415566678881e-02
6.725272669221039890e-02
7.774101263819380159e-02
8.741436395537105497e-02
9.618731020230610052e-02
1.039893542471197752e-01
1.107656943508938951e-01
1.164775767762349784e-01
1.211022979702795210e-01
1.246328757382901276e-01
1.270774198613785488e-01
1.284582441652846185e-01
1.288107600482505111e-01
1.281822006382597467e-01
1.266302161368346169e-01
1.242213920355860063e-01
1.210297208001374358e-01
1.171350757606221815e-01
1.126217031262604640e-01
1.075767714459113789e-01
1.020889844787176981e-01
9.624727993444516516e-02
9.013961663150875381e-02
8.385185511333313746e-02
7.746673250556664059e-02
7.106292944135071676e-02
6.471422433148300846e-02
5.848873458863890207e-02
5.244823818137465954e-02
4.664757720345073105e-02
4.113414195772088083e-02
3.594743774886748761e-02
3.111873984156460216e-02
2.667084106345625483e-02
2.261790079441326415e-02
1.896540268647613908e-02
1.571022900698634470e-02
1.284085976440607450e-02
1.033770080222182197e-02
8.173544648928009887e-03
6.314163619026169107e-03
4.719031019959670468e-03
3.342162625695246133e-03
2.133066121962353713e-03
1.037782535155563858e-03
1.352393115549234153e-16
1.303045425576937001e-16
-1.303774293979645697e-03
-2.660919118572024466e-03
-4.123692155431005722e-03
-5.742148410234681165e-03
-7.563095614586515074e-03
-9.629115217841408697e-03
-1.197766690568462938e-02
-1.464029153668584479e-02
-1.764192401729152218e-02
-2.100032372673929157e-02
-2.472562756701069536e-02
-2.882002561947039770e-02
-3.327755878173974113e-02
-3.808403353564095151e-02
-4.321704900363838170e-02
-4.864612874459196129e-02
-5.433295287124598194e-02
-6.023168126278909823e-02
-6.628936633048122806e-02
-7.244644817977947959e-02
-7.863733396232369666e-02
-8.479105748151719024e-02
-9.083202214720163814e-02
-9.668082600640788560e-02
-1.022551786884675767e-01
-1.074709007336906441e-01
-1.122430140744178906e-01
-1.164869223259472203e-01
-1.201196661778618363e-01
-1.230612597231881128e-01
-1.252360805232611562e-01
-1.265743036485896256e-01
-1.270133552756147199e-01
-1.264993462487729592e-01
-1.249884700638205504e-01
-1.224483091663736839e-01
-1.188590207948134053e-01
-1.142143543267783029e-01
-1.085224622305627495e-01
-1.018064609125168690e-01
-9.410471057207825396e-02
-8.547078528150674204e-02
-7.597310933122329579e-02
-6.569425590512488478e-02
-5.472990297025222273e-02
-4.318746382784786897e-02
-3.118441467745768775e-02
-1.884635700180347165e-02
-6.304859756511517824e-03
6.304859756494151507e-03
1.884635697071584959e-02
3.118441470373130298e-02
4.318746379944061325e-02
5.472990288770125666e-02
6.569425585308644178e-02
7.597310934521438186e-02
8.547078503556908291e-02
9.410471069197381966e-02
1.018064610128645991e-01
1.085224621959400282e-01
1.142143546445927998e-01
1.188590208056546083e-01
1.224483091965420101e-01
1.249884700162002399e-01
1.264993461944059761e-01
1.270133550793514643e-01
1.265743040472922520e-01
1.252360803203162176e-01
1.230612595123864728e-01
1.201196660859275567e-01
1.164869221659764198e-01
1.122430140450760561e-01
1.074709005509243559e-01
1.022551784316517859e-01
9.668082580458821351e-02
9.083202191945394244e-02
8.479105773678857760e-02
7.863733395159962225e-02
7.244644823861005889e-02
6.628936628083520466e-02
6.023168128273845290e-02
5.433295289725376814e-02
4.864612885176116536e-02
4.321704911093261769e-02
3.808403355308048049e-02
3.327755876708193145e-02
2.882002556570121068e-02
2.472562751852927163e-02
2.100032373493465956e-02
1.764192398789922109e-02
1.464029154309650672e-02
1.197766690386256258e-02
9.629115226212311626e-03
7.563095608737978141e-03
5.742148398615734041e-03
4.123692153499964458e-03
2.660919127623102929e-03
1.303774294295936094e-03
1.353015837818596124e-16
1.287849477564260321e-16
-1.510525728578883398e-03
-3.070494190486410067e-03
-4.728307423691285351e-03
-6.530307003481998496e-03
-8.519795397404694368e-03
-1.073611713642351993e-02
-1.321381605224027263e-02
-1.598188281742881495e-02
-1.906310300282439835e-02
-2.247351400049673112e-02
-2.622197473011713201e-02
-3.030985021742033450e-02
-3.473081010813014458e-02
-3.947073792879333271e-02
-4.450774707848004219e-02
-4.981229898453166938e-02
-5.534741622308216036e-02
-6.106898748388844139e-02
-6.692615979521454594e-02
-7.286181291241561331e-02
-7.881311817197324265e-02
-8.471217496791472179e-02
-9.048673227701678479e-02
-9.606099004887115600e-02
-1.013564850055564959e-01
-1.062930620050663855e-01
-1.107899265983885301e-01
-1.147667795812306324e-01
-1.181450257666161463e-01
-1.208490482017059581e-01
-1.228075340628280859e-01
-1.239548344538496660e-01
-1.242323343135385144e-01
-1.235898042331295410e-01
-1.219867055104737058e-01
-1.193934097803172611e-01
-1.157922951801377415e-01
-1.111786847181059218e-01
-1.055615834043899526e-01
-9.896418338588065799e-02
-9.142410042872949061e-02
-8.299332063723784125e-02
-7.373783918090087708e-02
-6.373697861460346503e-02
-5.308239364607117428e-02
-4.187677100067063729e-02
-3.023225106115462815e-02
-1.826860158278813956e-02
-6.111190809561671024e-03
6.111190805275600393e-03
1.826860160020181423e-02
3.023225109410157194e-02
4.187677099526691815e-02
5.308239351435930370e-02
6.373697863259336627e-02
7.373783903851686972e-02
8.299332063219881650e-02
9.142410029255246262e-02
9.896418339568371914e-02
1.055615834897157962e-01
1.111786846972073195e-01
1.157922952012873791e-01
1.193934096918823767e-01
1.219867054413949076e-01
1.235898041374978995e-01
1.242323341279810561e-01
1.239548346194761369e-01
1.228075342984041307e-01
1.208490479278033769e-01
1.181450255956465745e-01
1.147667794979289335e-01
1.107899266189420889e-01
1.062930620422066902e-01
1.013564849237168358e-01
9.606099000366065399e-02
9.048673226589550034e-02
8.471217498517145950e-02
7.881311816297767447e-02
7.286181300497819591e-02
6.692615966041133568e-02
6.106898751605044362e-02
5.534741618457882789e-02
4.981229902074120475e-02
4.450774716150415061e-02
3.947073785473482338e-02
3.473081009614004816e-02
3.030985025581373754e-02
2.622197472244991792e-02
2.247351400140921301e-02
1.906310300809663932e-02
1.598188279926027536e-02
1.321381605178550793e-02
1.073611712061424590e-02
8.519795400358826098e-03
6.530306994532292936e-03
4.728307422500596310e-03
3.070494190518627351e-03
1.510525726770046897e-03
1.345824177669753482e-16
1.268044131898460711e-16
-1.664086042100669906e-03
-3.373912479073761309e-03
-5.174247235207904243e-03
-7.107932440973631708e-03
-9.214968565875076428e-03
-1.153165337372589680e-02
-1.408979041821500390e-02
-1.691598041586315354e-02
-2.003100535973285912e-02
-2.344931261076156626e-02
-2.717860434476607884e-02
-3.121953331296923803e-02
-3.556550555252258050e-02
-4.020258803031850903e-02
-4.510951696968302366e-02
-5.025780395114263360e-02
-5.561193434579680267e-02
-6.112965416782077666e-02
-6.676234248707976771e-02
-7.245546488857428080e-02
-7.814910795172505531e-02
-8.377859309744675742e-02
-8.927516957380945972e-02
-9.456678763777910668e-02
-9.957895106964564924e-02
-1.042356508664584597e-01
-1.084603747964377335e-01
-1.121771943760783014e-01
-1.153119173734779845e-01
-1.177933001600690588e-01
-1.195543041485125774e-01
-1.205333801541841193e-01
-1.206757580924889411e-01
-1.199347152339536038e-01
-1.182727934154761684e-01
-1.156629343777958036e-01
-1.120894953624877594e-01
-1.075491112791380766e-01
-1.020513696090980943e-01
-9.561926096390685470e-02
-8.828938282301354579e-02
-8.011186970137657015e-02
-7.115003495643065778e-02
-6.147971683018023381e-02
-5.118833150938637694e-02
-4.037364501842549691e-02
-2.914228528495578160e-02
-1.760802771376338699e-02
-5.889893101029020431e-03
5.889893104993115108e-03
1.760802768733332746e-02
2.914228528604287383e-02
4.037364502222869772e-02
5.118833165608267094e-02
6.147971680724385879e-02
7.115003500940006442e-02
8.011186971245438937e-02
8.828938275780348621e-02
9.561926090410977075e-02
1.020513696233977530e-01
1.075491115652472823e-01
1.120894952067573308e-01
1.156629342536448640e-01
1.182727933937495202e-01
1.199347152015296236e-01
1.206757581762080145e-01
1.205333802593813314e-01
1.195543038107990674e-01
1.177933002948023944e-01
1.153119172838045353e-01
1.121771945249331881e-01
1.084603747944742624e-01
1.042356507443536195e-01
9.957895114375957257e-02
9.456678775625287914e-02
8.927516960428311110e-02
8.377859301943758885e-02
7.814910783797258953e-02
7.245546479738924905e-02
6.676234247223940266e-02
6.112965423095878537e-02
5.561193435297471371e-02
5.025780394772876719e-02
4.510951698418957240e-02
4.020258805941025193e-02
3.556550553873749632e-02
3.121953328291579913e-02
2.717860436581116465e-02
2.344931261237064718e-02
2.003100533668522587e-02
1.691598044040814805e-02
1.408979041896344341e-02
1.153165337783758869e-02
9.214968574131197909e-03
7.107932433474500183e-03
5.174247239063517120e-03
3.373912484486755580e-03
1.664086042249673979e-03
1.331968918138217093e-16
1.244460131932508490e-16
-1.771086544971368004e-03
-3.584446532748418110e-03
-5.481445434499046705e-03
-7.501650312469921797e-03
-9.681973690075897435e-03
-1.205586760250090816e-02
-1.465258177481963686e-02
-1.749649767996035513e-02
-2.060654826640299919e-02
-2.399573045027380072e-02
-2.767071466806946337e-02
-3.163155439134516383e-02
-3.587149514931738808e-02
-4.037688222997586063e-02
-4.512716442368955999e-02
-5.009499019286194066e-02
-5.524639248550913817e-02
-6.054105948676342941e-02
-6.593268606616249639e-02
-7.136940708011940693e-02
-7.679430695682211427e-02
-8.214600588597539832e-02
-8.735932498810748681e-02
-9.236602588106940237e-02
-9.709562611755780115e-02
-1.014762930592801315e-01
-1.054358062284121711e-01
-1.089025921492858401e-01
-1.118068199654887324e-01
-1.140815479277745847e-01
-1.156639121680296672e-01
-1.164963346173286118e-01
-1.165277342402900873e-01
-1.157147124696642354e-01
-1.140226912241247698e-01
-1.114269643992077674e-01
-1.079136413055438171e-01
-1.034804379245002071e-01
-9.813729367219134470e-02
-9.190677792835573456e-02
-8.482426361270369031e-02
-7.693784616469336035e-02
-6.830799263986470082e-02
-5.900691767680676242e-02
-4.911768623790198351e-02
-3.873305529800249308e-02
-2.795407707852981191e-02
-1.688848988906005780e-02
-5.648938005487765673e-03
5.648938003219579167e-03
1.688848989691379976e-02
2.795407709761252996e-02
3.873305532869276285e-02
4.911768612431488545e-02
5.900691775208885548e-02
6.830799261872046169e-02
7.693784605965019174e-02
8.482426351689824340e-02
9.190677787567953783e-02
9.813729373368576536e-02
1.034804378296673155e-01
1.079136414085116596e-01
1.114269642801464927e-01
1.140226908956078061e-01
1.157147122836915676e-01
1.165277340907332343e-01
1.164963347136535321e-01
1.156639120489455219e-01
1.140815478486137957e-01
1.118068199255547318e-01
1.089025922882466413e-01
1.054358061010407799e-01
1.014762931205576146e-01
9.709562615932446072e-02
9.236602577941807612e-02
8.735932503743158717e-02
8.214600587057475922e-02
7.679430685118666944e-02
7.136940711639756796e-02
6.593268598565872607e-02
6.054105939926564955e-02
5.524639255407640115e-02
5.009499018756317229e-02
4.512716443323040033e-02
4.037688222666264981e-02
3.587149518734961129e-02
3.163155443107595888e-02
2.767071469179374632e-02
2.399573044457976867e-02
2.060654825892628897e-02
1.749649764126128340e-02
1.465258178871046285e-02
1.205586760526173792e-02
9.681973680022536513e-03
7.501650308447944601e-03
5.481445433562859813e-03
3.584446532485766231e-03
1.771086543744835673e-03
1.312536653801826323e-16
1.217837144429393395e-16
-1.838191845355946572e-03
-3.715426360488230818e-03
-5.669899156939468311e-03
-7.738127747784453309e-03
-9.954152152070639900e-03
-1.234878149671435159e-02
-1.494889955977110607e-02
-1.777684048940517819e-02
-2.084984342810640781e-02
-2.417959298126902759e-02
-2.777185014445603117e-02
-3.162617591966468411e-02
-3.573574831361359116e-02
-4.008727206376432040e-02
-4.466097899723178721e-02
-4.943071591031778650e-02
-5.436411717533871923e-02
-5.942285942558697687e-02
-6.456299446117604035e-02
-6.973535954905593637e-02
-7.488606240285133886e-02
-7.995703990259389604e-02
-8.488669149434811823e-02
-8.961058326322117462e-02
-9.406222701174418721e-02
-9.817392763661228483e-02
-1.018776996381450251e-01
-1.051062468956811269e-01
-1.077939999194596488e-01
-1.098781986814617168e-01
-1.113000098362210005e-01
-1.120056638242948599e-01
-1.119475877478972176e-01
-1.110855137199945469e-01
-1.093875383013159230e-01
-1.068311000573298475e-01
-1.034038510519872806e-01
-9.910438638525825850e-02
-9.394280828304790720e-02
-8.794109261822102841e-02
-8.113323880212748584e-02
-7.356517890780771285e-02
-6.529443999526192421e-02
-5.638954920377666630e-02
-4.692918641408804631e-02
-3.700109556042553705e-02
-2.670077393288769821e-02
-1.612996626331009153e-02
-5.394999836845298068e-03
5.394999837653304507e-03
1.612996629555611683e-02
2.670077391582191886e-02
3.700109555954951557e-02
4.692918645137102163e-02
5.638954924002367863e-02
6.529444010641272111e-02
7.356517885631636000e-02
8.113323888623072411e-02
8.794109267935053265e-02
9.394280819245932890e-02
9.910438632884824295e-02
1.034038510045519055e-01
1.068311001885628997e-01
1.093875381373363015e-01
1.110855135433460594e-01
1.119475877441225148e-01
1.120056638214064343e-01
1.113000097909021546e-01
1.098781985548619999e-01
1.077939999002379828e-01
1.051062469145564726e-01
1.018776997066272449e-01
9.817392767801251530e-02
9.406222695934335354e-02
8.961058322235376794e-02
8.488669133897595864e-02
7.995703985800921287e-02
7.488606223100580106e-02
6.973535954566094375e-02
6.456299439686785657e-02
5.942285943906573664e-02
5.436411724742246099e-02
4.943071589545876277e-02
4.466097905065352647e-02
4.008727204068664174e-02
3.573574832077761748e-02
3.162617590674633022e-02
2.777185015398247678e-02
2.417959297145008332e-02
2.084984342673872754e-02
1.777684049519259735e-02
1.494889956006363249e-02
1.234878148174286573e-02
9.954152162050474567e-03
7.738127736904083787e-03
5.669899160033418754e-03
3.715426360670182927e-03
1.838191845029887731e-03
1.288524246456711885e-16
1.188825025776374362e-16
-1.871757111801377769e-03
-3.779556853805044782e-03
-5.758652195831058355e-03
-7.842731627228221106e-03
-1.006317320632716880e-02
-1.244834121605934395e-02
-1.502293710157964930e-02
-1.780741474356026602e-02
-2.081746949796989266e-02
-2.406360594990008747e-02
-2.755079028547106554e-02
-3.127818825906934774e-02
-3.523899182346131032e-02
-3.942033094193225784e-02
-4.380327228535494527e-02
-4.836289994326398861e-02
-5.306847638509533394e-02
-5.788368239369334756e-02
-6.276693122341667208e-02
-6.767175637292287271e-02
-7.254727150466550034e-02
-7.733870085392434424e-02
-8.198797940869832768e-02
-8.643442359989016166e-02
-9.061546668239882363e-02
-9.446746468562673693e-02
-9.792656256712715945e-02
-1.009296204857945828e-01
-1.034151920426545357e-01
-1.053245424597851615e-01
-1.066027000677768621e-01
-1.071995205666901596e-01
-1.070707464728153924e-01
-1.061790425137950078e-01
-1.044949801541284473e-01
-1.019979461525456488e-01
-9.867694765858325834e-02
-9.453128586532173749e-02
-8.957107160660031375e-02
-8.381755766995289958e-02
-7.730326604515869171e-02
-7.007189533890018085e-02
-6.217799361199969482e-02
-5.368639558352102797e-02
-4.467142412397649004e-02
-3.521586893215988140e-02
-2.540975855054511054e-02
-1.534895306093932155e-02
-5.133588463211301474e-03
5.133588465286510402e-03
1.534895306093121171e-02
2.540975856583359629e-02
3.521586887625029888e-02
4.467142406590344367e-02
5.368639558094558811e-02
6.217799356880236022e-02
7.007189536477023695e-02
7.730326605376830473e-02
8.381755774104972245e-02
8.957107157936464170e-02
9.453128584689210467e-02
9.867694759365501500e-02
1.019979460274756111e-01
1.044949803355065404e-01
1.061790424312432229e-01
1.070707467184802419e-01
1.071995206157544400e-01
1.066026999579360035e-01
1.053245424409340880e-01
1.034151918924694630e-01
1.009296207345668217e-01
9.792656234333577125e-02
9.446746455805313247e-02
9.061546686994617628e-02
8.643442395018018087e-02
8.198797960041037669e-02
7.733870058574411621e-02
7.254727146138427452e-02
6.767175627825003370e-02
6.276693115987240501e-02
5.788368240026573602e-02
5.306847646548865788e-02
4.836289991231487728e-02
4.380327233798401998e-02
3.942033101637889420e-02
3.523899185049784999e-02
3.127818827195581047e-02
2.755079021350989588e-02
2.406360594257343777e-02
2.081746951930670692e-02
1.780741475033891658e-02
1.502293706611920222e-02
1.244834123487248076e-02
1.006317321643996135e-02
7.842731628296708418e-03
5.758652208426893321e-03
3.779556851022735243e-03
1.871757109325985482e-03
1.260826845671531596e-16
1.157988510528201620e-16
-1.877630820581001943e-03
-3.788525479674542760e-03
-5.765212251395209798e-03
-7.838761850737044692e-03
-1.003809218617753019e-02
-1.238931226978853307e-02
-1.491511617784980169e-02
-1.763423665608053123e-02
-2.056096659347614319e-02
-2.370475396306401944e-02
-2.706987468717463735e-02
-3.065518626685047668e-02
-3.445396255216227194e-02
-3.845381041014536011e-02
-4.263666582484437750e-02
-4.697886923900867345e-02
-5.145131597930569650e-02
-5.601968078617765301e-02
-6.064471440190234708e-02
-6.528260990839217237e-02
-6.988543599635881065e-02
-7.440164039503607829e-02
-7.877661567779108143e-02
-8.295333483587211121e-02
-8.687304566428082075e-02
-9.047603422660389916e-02
-9.370243902411548587e-02
-9.649312560582352927e-02
-9.879060523105324954e-02
-1.005399932784775269e-01
-1.016899937589319236e-01
-1.021938941969660758e-01
-1.020105565871435166e-01
-1.011053827897665652e-01
-9.945122788761344423e-02
-9.702924512742845675e-02
-9.382963113254733090e-02
-8.985224535343318275e-02
-8.510708418100762507e-02
-7.961458174907255769e-02
-7.340572003224467290e-02
-6.652193368449269006e-02
-5.901479781739499275e-02
-5.094549501514356732e-02
-4.238406647907368152e-02
-3.340845370881241616e-02
-2.410335106649158163e-02
-1.455889087481712467e-02
-4.869192149843702168e-03
4.869192147985795110e-03
1.455889087994715475e-02
2.410335102761010720e-02
3.340845373010684072e-02
4.238406645434009828e-02
5.094549493678279806e-02
5.901479763238561688e-02
6.652193375691554944e-02
7.340572012001397861e-02
7.961458187479876492e-02
8.510708442873544943e-02
8.985224536638257431e-02
9.382963098725957685e-02
9.702924514015792701e-02
9.945122774197251436e-02
1.011053827267278798e-01
1.020105567770655114e-01
1.021938939497053223e-01
1.016899937321950748e-01
1.005399932706804028e-01
9.879060535231530549e-02
9.649312542599225440e-02
9.370243909948013095e-02
9.047603436558171452e-02
8.687304589856999215e-02
8.295333443911680205e-02
7.877661573250975546e-02
7.440164042814627343e-02
6.988543611346230422e-02
6.528260984248979160e-02
6.064471437243791618e-02
5.601968060488608792e-02
5.145131599777031522e-02
4.697886919020358848e-02
4.263666578484781589e-02
3.845381037688469505e-02
3.445396257798320760e-02
3.065518632543555097e-02
2.706987474680166636e-02
2.370475396240043914e-02
2.056096660601028012e-02
1.763423665684140523e-02
1.491511615105222191e-02
1.238931229253851379e-02
1.003809221190045918e-02
7.838761859413373445e-03
5.765212263541436531e-03
3.788525484132452062e-03
1.877630821075051623e-03
1.230234951092892701e-16
1.125813806711073127e-16
-1.861057380089484138e-03
-3.752809206668096011e-03
-5.705265227987386945e-03
-7.747078204702172004e-03
-9.904896485001927348e-03
-1.220275250140045488e-02
-1.466149757138763242e-02
-1.729829177326538611e-02
-2.012615703382042431e-02
-2.315359745707629840e-02
-2.638429303356910199e-02
-2.981686767307265354e-02
-3.344473361200652611e-02
-3.725601190202478680e-02
-4.123352809081797660e-02
-4.535488118973587945e-02
-4.959258507142139116e-02
-5.391427833855291785e-02
-5.828300403233933891e-02
-6.265755314673396303e-02
-6.699287476522743090e-02
-7.124054903027587926e-02
-7.534932204088867769e-02
-7.926570519143900928e-02
-8.293462908648570331e-02
-8.630016245099893235e-02
-8.930627927322155879e-02
-9.189768024358332954e-02
-9.402065524040462141e-02
-9.562398142128319956e-02
-9.665984338381705676e-02
-9.708476697276169354e-02
-9.686053802542490820e-02
-9.595510571961331225e-02
-9.434342990115561489e-02
-9.200826478076998272e-02
-8.894084892556537725e-02
-8.514147684633215085e-02
-8.061993394410305047e-02
-7.539576962603923571e-02
-6.949839403643118252e-02
-6.296698161235057822e-02
-5.585017347761472850e-02
-4.820557647587361827e-02
-4.009905969167528589e-02
-3.160385766859150070e-02
-2.279949994985886602e-02
-1.377058299754700503e-02
-4.605417740435002044e-03
4.605417743718956750e-03
1.377058298124555526e-02
2.279949995815585065e-02
3.160385759478306911e-02
4.009905964348228768e-02
4.820557650337428668e-02
5.585017367833636920e-02
6.296698165170189210e-02
6.949839399912802196e-02
7.539576953237742130e-02
8.061993387054676441e-02
8.514147674599263638e-02
8.894084881425390332e-02
9.200826480207591196e-02
9.434342995730586601e-02
9.595510595911729834e-02
9.686053819433035339e-02
9.708476672421004205e-02
9.665984349813269705e-02
9.562398101382876825e-02
9.402065507092852159e-02
9.189768012069955694e-02
8.930627928464698884e-02
8.630016238428847575e-02
8.293462917863159145e-02
7.926570516092279473e-02
7.534932212099076931e-02
7.124054899429144161e-02
6.699287465778230866e-02
6.265755317090646037e-02
5.828300404132201462e-02
5.391427831053520470e-02
4.959258493293357967e-02
4.535488128497072724e-02
4.123352809868320590e-02
3.725601181823017666e-02
3.344473357021533755e-02
2.981686763550507949e-02
2.638429304920260690e-02
2.315359748742392906e-02
2.012615705220572107e-02
1.729829181531391050e-02
1.466149751988985415e-02
1.220275249528498043e-02
9.904896478492419137e-03
7.747078217166711821e-03
5.705265222566331847e-03
3.752809214522999370e-03
1.861057378282552797e-03
1.197437238764908576e-16
1.092716076729619370e-16
-1.826646066234135926e-03
-3.681613527255248822e-03
-5.592586786556786801e-03
-7.585987870729226333e-03
-9.686373723643308328e-03
-1.191586691731916919e-02
-1.429362903031537561e-02
-1.683538514358133911e-02
-1.955300611852671747e-02
-2.245415433660992444e-02
-2.554199771882577005e-02
-2.881498996899679865e-02
-3.226672676553930114e-02
-3.588586868784528205e-02
-3.965613788446208793e-02
-4.355638064932325360e-02
-4.756070027287169488e-02
-5.163865318018696915e-02
-5.575551196924299902e-02
-5.987258724574785751e-02
-6.394761579054314415e-02
-6.793520021430983491e-02
-7.178731823025372161e-02
-7.545388208770030525e-02
-7.888335668971668824e-02
-8.202343168364917281e-02
-8.482174501341739614e-02
-8.722665052182403123e-02
-8.918802828840979857e-02
-9.065812404729434171e-02
-9.159240876424677713e-02
-9.195045051776468137e-02
-9.169677159026076718e-02
-9.080168660612786269e-02
-8.924209300774962883e-02
-8.700219645892579012e-02
-8.407414852939706917e-02
-8.045857543329122674e-02
-7.616497834241872655e-02
-7.121198104232705217e-02
-6.562741439738695171e-02
-5.944822171380098608e-02
-5.272017627739569723e-02
-4.549741026417921524e-02
-3.784175611048481297e-02
-2.982190899142628596e-02
-2.151242661343508861e-02
-1.299258563505345000e-02
-4.345121118525615070e-03
4.345121129197262663e-03
1.299258566323574331e-02
2.151242657815308559e-02
2.982190898453238037e-02
3.784175616125787234e-02
4.549741026202228089e-02
5.272017624703431021e-02
5.944822172146039391e-02
6.562741442010960879e-02
7.121198096253514298e-02
7.616497840439874489e-02
8.045857538035029732e-02
8.407414817510300287e-02
8.700219650718857278e-02
8.924209301272126305e-02
9.080168650428586952e-02
9.169677142225766964e-02
9.195045061838055811e-02
9.159240883212152462e-02
9.065812401210202043e-02
8.918802840352132999e-02
8.722665067377972925e-02
8.482174507190050339e-02
8.202343183115105851e-02
7.888335669158265395e-02
7.545388215236818741e-02
7.178731829318756030e-02
6.793520011205893272e-02
6.394761573047090530e-02
5.987258780393370228e-02
5.575551223315173416e-02
5.163865313907904653e-02
4.756069967410258420e-02
4.355638062973693492e-02
3.965613783879034376e-02
3.588586871211222468e-02
3.226672671675653858e-02
2.881498992470887116e-02
2.554199773049631653e-02
2.245415461760260495e-02
1.955300609771663464e-02
1.683538511985465183e-02
1.429362903149740752e-02
1.191586690318745430e-02
9.686373721557629476e-03
7.585987856053509094e-03
5.592586778630901159e-03
3.681613523598226221e-03
1.826646067080990414e-03
1.163026835996268131e-16
1.059047135181573860e-16
-1.778382313746805022e-03
-3.582895803972167056e-03
-5.439079472348105383e-03
-7.371298575731329884e-03
0.000000000000000000e+00
-1.155210367594640755e-02
-1.383866975297577337e-02
-1.627629858690252812e-02
-1.887581958498524629e-02
-2.164414530691094463e-02
-2.458400292956232358e-02
-2.769373135367613273e-02
-3.096714354098289990e-02
-3.439345501947616013e-02
-3.795727993117786053e-02
-4.163868967955842298e-02
-4.541333663785530189e-02
-4.925263673352402866e-02
-5.312401717314943483e-02
-5.699121812913526125e-02
-6.081465372201642211e-02
-6.455183235930009311e-02
-6.815782574903271607e-02
-7.158579988784485870e-02
-7.478759257605373245e-02
-7.771434521196164680e-02
-8.031717915859788726e-02
-8.254791484819400116e-02
-8.435983204265490309e-02
-8.570844989771272959e-02
-8.655233264395698067e-02
-8.685390174962616394e-02
-8.658023330382388916e-02
-8.570383846256733607e-02
-8.420339657738198924e-02
-8.206442860409379758e-02
-7.927988814021806607e-02
-7.585064825358259211e-02
-7.178587128615253332e-02
-6.710323259099032489e-02
-6.182899765747618126e-02
-5.599792818157774132e-02
-4.965301422282240168e-02
-4.284503408582573253e-02
-3.563193738164820157e-02
-2.807806295833592536e-02
-2.025320747407808111e-02
-1.223155925649403904e-02
-4.090524903044951213e-03
4.090524900514567325e-03
1.223155923057392923e-02
2.025320745089038282e-02
2.807806285753917594e-02
3.563193738183465659e-02
4.284503404976033880e-02
4.965301428618592444e-02
5.599792793042019518e-02
6.182899807749969029e-02
6.710323245209366683e-02
7.178587104965170052e-02
7.585064844653961746e-02
7.927988803255280048e-02
8.206442874515477992e-02
8.420339627872704125e-02
8.570383831735133018e-02
8.658023320836161218e-02
8.685390149375460389e-02
8.655233259443363691e-02
8.570844970317148537e-02
8.435983222015513983e-02
8.254791513003359449e-02
8.031717885403584500e-02
7.771434521722865585e-02
7.478759177846656947e-02
7.158579981165522077e-02
6.815782571645054300e-02
6.455183212909262891e-02
6.081465407960374991e-02
5.699121794295784749e-02
5.312401713079584198e-02
4.925263682313751196e-02
4.541333650356417506e-02
4.163868976885175266e-02
3.795727993373213677e-02
3.439345497627148418e-02
3.096714337251848040e-02
2.769373139899836134e-02
2.458400300440331462e-02
2.164414518036294338e-02
1.887581948431658885e-02
1.627629851786000989e-02
1.383866973813383319e-02
1.155210365032007490e-02
9.402184242877306003e-03
7.371298575717925676e-03
5.439079485295781301e-03
3.582895802393973317e-03
1.778382308015225748e-03
1.127509449492693023e-16
1.025102895723840528e-16
-1.719664318594325489e-03
-3.463439119253607437e-03
-5.254884667283796391e-03
-7.116470631867111325e-03
-9.069055150109788660e-03
-1.113139239295116677e-02
-1.331967639103321353e-02
-1.564712901864798167e-02
-1.812363714777821475e-02
-2.075544492602670113e-02
-2.354490286983269495e-02
-2.649027854760861028e-02
-2.958562751967156595e-02
-3.282072722709126339e-02
-3.618107102696443284e-02
-3.964792402277660804e-02
-4.319843728060759891e-02
-4.680582062471325827e-02
-5.043957122099736179e-02
-5.406575839247644566e-02
-5.764736126077451422e-02
-6.114466044058394778e-02
-6.451568124850921848e-02
-6.771668786324556988e-02
-7.070272575422417716e-02
-7.342821199208743321e-02
-7.584756914621720858e-02
-7.791589774068541363e-02
-7.958968329549929999e-02
-8.082752887221990312e-02
-8.159090435601208668e-02
-8.184490055231657957e-02
-8.155897504282169641e-02
-8.070767489340552325e-02
-7.927132043230357417e-02
-7.723662537353742641e-02
-7.459724782092379269e-02
-7.135423887816556843e-02
-6.751638151639761942e-02
-6.310039902522976418e-02
-5.813101978903183198e-02
-5.264088635664850024e-02
-4.667030708525798238e-02
-4.026683900728723203e-02
-3.348471447266811174e-02
-2.638411164043150126e-02
-1.903028581594698454e-02
-1.149257785566422212e-02
-3.843321746077950959e-03
3.843321744021187345e-03
1.149257784904746116e-02
1.903028580688422358e-02
2.638411157199978610e-02
3.348471445194647206e-02
4.026683893734538111e-02
4.667030712437490736e-02
5.264088641554172388e-02
5.813101969026524679e-02
6.310039912136389262e-02
6.751638145648466982e-02
7.135423887889760786e-02
7.459724789843712178e-02
7.723662523554213066e-02
7.927132045817487926e-02
8.070767496294176113e-02
8.155897477567174148e-02
8.184490035549624176e-02
8.159090458444478999e-02
8.082752893268690952e-02
7.958968318725113955e-02
7.791589775446125521e-02
7.584756920850767303e-02
7.342821181178597889e-02
7.070272576061044367e-02
6.771668787387100097e-02
6.451568132391313770e-02
6.114466043970855774e-02
5.764736128567039125e-02
5.406575852151911804e-02
5.043957132782056485e-02
4.680582063362912631e-02
4.319843723785156409e-02
3.964792401138218791e-02
3.618107100420425715e-02
3.282072724261501928e-02
2.958562757485781389e-02
2.649027842866971683e-02
2.354490284185805846e-02
2.075544491721256421e-02
1.812363720530789021e-02
1.564712901069641865e-02
1.331967638697048595e-02
1.113139236081938863e-02
9.069055139809621691e-03
7.116470632529659467e-03
5.254884663886888636e-03
3.463439121079732626e-03
1.719664317514255211e-03
1.091312222271916840e-16
9.911304457940230763e-17
-1.653353785350452840e-03
-3.328954027463028233e-03
-5.048536207745321115e-03
-6.832823006183601396e-03
-8.701040738722369897e-03
-1.067046092522441238e-02
-1.275597745675957802e-02
-1.496972248123469747e-02
-1.732072953089482462e-02
-1.981464624062444224e-02
-2.245350129069994052e-02
-2.523552728626157066e-02
-2.815504024423184926e-02
-3.120237769995896221e-02
-3.436389272393343408e-02
-3.762200581710944958e-02
-4.095531222514674219e-02
-4.433874007183193772e-02
-4.774376894906399299e-02
-5.113868980929672098e-02
-5.448892706141109099e-02
-5.775740010002500258e-02
-6.090494011622726162e-02
-6.389075221910493763e-02
-6.667292000922250828e-02
-6.920896159946213211e-02
-7.145641851018100232e-02
-7.337348338499817546e-02
-7.491966237512251436e-02
-7.605645578453514022e-02
-7.674805421647717951e-02
-7.696204624412068818e-02
-7.667010623128849012e-02
-7.584866938714623918e-02
-7.447956415347611880e-02
-7.255058909495284980e-02
-7.005602197067231640e-02
-6.699703503010773220e-02
-6.338200837622756656e-02
-5.922671796417922768e-02
-5.455439539302336938e-02
-4.939564147973712210e-02
-4.378818948990680776e-02
-3.777651921302162957e-02
-3.141131819936251318e-02
-2.474880510216001528e-02
-1.784991938248553164e-02
-1.077939893566087944e-02
-3.604764595305137102e-03
3.604764614566942794e-03
1.077939894560720965e-02
1.784991934605690764e-02
2.474880516984782203e-02
3.141131817630907902e-02
3.777651919436297162e-02
4.378818961526789733e-02
4.939564129802145875e-02
5.455439524863425760e-02
5.922671775805356253e-02
6.338200848153310862e-02
6.699703554808161821e-02
7.005602213874191631e-02
7.255058861401886272e-02
7.447956395190286072e-02
7.584866954714508669e-02
7.667010653107560192e-02
7.696204664731473577e-02
7.674805442345916662e-02
7.605645548367429010e-02
7.491966285834746053e-02
7.337348342227381637e-02
7.145641827507261123e-02
6.920896150174188355e-02
6.667291993746628231e-02
6.389075242542521793e-02
6.090494026579405112e-02
5.775739996508541529e-02
5.448892693672632154e-02
5.113868981422205889e-02
4.774376888615582820e-02
4.433874008106104131e-02
4.095531218943384427e-02
3.762200578849936999e-02
3.436389263913713216e-02
3.120237768034619247e-02
2.815504028945627416e-02
2.523552729660318711e-02
2.245350131565443733e-02
1.981464625160994641e-02
1.732072955684031690e-02
1.496972246366349256e-02
1.275597743943239146e-02
1.067046091832302146e-02
8.701040734859388781e-03
6.832823050036677080e-03
5.048536207313051444e-03
3.328954017676041474e-03
1.653353780909099305e-03
1.054792762998959303e-16
9.573344353021298641e-17
-1.581832526033856694e-03
-3.184191933173607242e-03
-4.827130971938209392e-03
-6.529762248370193922e-03
-8.309809347049125147e-03
-1.018318155735154461e-02
-1.216358047334183991e-02
-1.426214360680398002e-02
-1.648713082141844283e-02
-1.884365724724234442e-02
-2.133347674069646302e-02
-2.395481567053643276e-02
-2.670226186575061153e-02
-2.956670583152604115e-02
-3.253533538090046251e-02
-3.559168351212523007e-02
-3.871572739898040266e-02
-4.188403864020499856e-02
-4.506998287759846761e-02
-4.824396735959809307e-02
-5.137373642787158162e-02
-5.442471255977433808e-02
-5.736038492064606670e-02
-6.014273961046006506e-02
-6.273273392591352526e-02
-6.509081127753882368e-02
-6.717745148509010611e-02
-6.895375943446908906e-02
-7.038207703587748276e-02
-7.142662218940776242e-02
-7.205413383415319728e-02
-7.223453022254368305e-02
-7.194154886282247419e-02
-7.115337569304701348e-02
-6.985322571058681651e-02
-6.802988569351170467e-02
-6.567818049971593797e-02
-6.279935720043947067e-02
-5.940137708852066822e-02
-5.549908619566656237e-02
-5.111427044792105079e-02
-4.627556924610293915e-02
-4.101825826262692209e-02
-3.538388615506898177e-02
-2.941977321489877562e-02
-2.317838192544641185e-02
-1.671656191387663887e-02
-1.009469377930208474e-02
-3.375743727020278240e-03
3.375743740517807723e-03
1.009469377793179024e-02
1.671656203847700015e-02
2.317838183899990565e-02
2.941977321471422879e-02
3.538388623205209610e-02
4.101825845838019680e-02
4.627556933119619104e-02
5.111427059892147129e-02
5.549908675165628885e-02
5.940137693068914260e-02
6.279935732134123150e-02
6.567818040467028606e-02
6.802988560606279544e-02
6.985322570077318050e-02
7.115337584801760540e-02
7.194154942655832385e-02
7.223452986058047365e-02
7.205413371329458250e-02
7.142662203834990176e-02
7.038207696680658099e-02
6.895375922146118608e-02
6.717745122053010720e-02
6.509081130013637251e-02
6.273273430727548117e-02
6.014273983283867364e-02
5.736038487037497385e-02
5.442471228844140280e-02
5.137373622682561702e-02
4.824396738537498758e-02
4.506998289683617626e-02
4.188403848520809436e-02
3.871572753087149099e-02
3.559168334564367930e-02
3.253533527768601857e-02
2.956670583560096557e-02
2.670226194213979470e-02
2.395481558894552165e-02
2.133347655041370472e-02
1.884365724155420696e-02
1.648713070802104372e-02
1.426214357006318212e-02
1.216358047853822490e-02
1.018318153545312577e-02
8.309809344344923701e-03
6.529762270661529366e-03
4.827130965036359640e-03
3.184191921320715744e-03
1.581832523798742040e-03
1.018247718331191276e-16
9.238829254528994201e-17
-1.507060400322348791e-03
-3.033061261800226553e-03
-4.596503170011528340e-03
-6.215014651956636722e-03
-7.904935504139594740e-03
-9.680922376806986446e-03
-1.155558339458130288e-02
-1.353914712415482148e-02
-1.563917184175320912e-02
-1.786029652864881689e-02
-2.020403925180263086e-02
-2.266864491132556184e-02
-2.524897772873958487e-02
-2.793646933371721208e-02
-3.071911302625396009e-02
-3.358150745365136303e-02
-3.650494888498258261e-02
-3.946757198300038239e-02
-4.244453402623497157e-02
-4.540824737710339593e-02
-4.832865339646317399e-02
-5.117354227166962671e-02
-5.390891325149009539e-02
-5.649937822319876790e-02
-5.890860070115607611e-02
-6.109977918592039703e-02
-6.303615826739064620e-02
-6.468157621185999240e-02
-6.600103777162029395e-02
-6.696130185586778027e-02
-6.753149256663870670e-02
-6.768370012287229509e-02
-6.739358111446022703e-02
-6.664094077257401438e-02
-6.541027426319118154e-02
-6.369126715023974705e-02
-6.147922745048323839e-02
-5.877544287101470200e-02
-5.558744874602803560e-02
-5.192918533760594590e-02
-4.782104744543080876e-02
-4.328980252014161950e-02
-3.836838738872321714e-02
-3.309556856907418243e-02
-2.751547784577510272e-02
-2.167702339737776276e-02
-1.563319050690404471e-02
-9.440244646022331529e-03
-3.156852503278358580e-03
3.156852498738578570e-03
9.440244665153980919e-03
1.563319049990759269e-02
2.167702328257284025e-02
2.751547790073453903e-02
3.309556860143638563e-02
3.836838748848737241e-02
4.328980181507278979e-02
4.782104770550161393e-02
5.192918517488494951e-02
5.558744898585627620e-02
5.877544304462201108e-02
6.147922774272111118e-02
6.369126732166283111e-02
6.541027465692969556e-02
6.664094080622073868e-02
6.739358094921114872e-02
6.768370007696300483e-02
6.753149267952385237e-02
6.696130186651139127e-02
6.600103769713221158e-02
6.468157619750004861e-02
6.303615832895662074e-02
6.109977919722266865e-02
5.890860075620445169e-02
5.649937763637732230e-02
5.390891337767297897e-02
5.117354201368109340e-02
4.832865320265143649e-02
4.540824673102063225e-02
4.244453391782181118e-02
3.946757203365335726e-02
3.650494904917698374e-02
3.358150677229831266e-02
3.071911303414248326e-02
2.793646903968021594e-02
2.524897768079345517e-02
2.266864496929446929e-02
2.020403929779395619e-02
1.786029645819656869e-02
1.563917183689901916e-02
1.353914716708693594e-02
1.155558337545631482e-02
9.680922380877636513e-03
7.904935509486409745e-03
6.215014656668398085e-03
4.596503156224777953e-03
3.033061277134266581e-03
1.507060400020261660e-03
9.819208587710364375e-17
8.909125390429282885e-17
-1.430631167209678962e-03
-2.878738909430726516e-03
-4.361391924631138201e-03
-5.894850422653998695e-03
-7.494179595529649150e-03
-9.172883709789365902e-03
-1.094256739986974869e-02
-1.281262840094547079e-02
-1.478998714723324566e-02
-1.687885654711956604e-02
-1.908055371732935226e-02
-2.139335785555950345e-02
-2.381241276326424502e-02
-2.632967507098694926e-02
-2.893391140756403079e-02
-3.161073610241289106e-02
-3.434270113550708797e-02
-3.710942178453259521e-02
-3.988775268617563569e-02
-4.265200075705814081e-02
-4.537418279859034564e-02
-4.802432189025615528e-02
-5.057078359809167450e-02
-5.298065038856689807e-02
-5.522013336501652159e-02
-5.725501881627621109e-02
-5.905114714550515481e-02
-6.057491989926948317e-02
-6.179383371874261344e-02
-6.267702883702910843e-02
-6.319585099308232257e-02
-6.332441604341819408e-02
-6.304016554992421251e-02
-6.232440527917945672e-02
-6.116280937730619177e-02
-5.954588245579434114e-02
-5.746936153960962440e-02
-5.493454758028706170e-02
-5.194854921990096908e-02
-4.852443071743748476e-02
0.000000000000000000e+00
-4.044401112734760662e-02
-3.584341517606657451e-02
-3.091560277756101593e-02
-2.570169219162788538e-02
-2.024723822535692483e-02
-1.460158236188916457e-02
-8.817111386285757593e-03
-2.948443204591883610e-03
2.948443190977141463e-03
8.817111396769161669e-03
1.460158234702951807e-02
2.024723823511417886e-02
2.570169219761142196e-02
3.091560271996634385e-02
3.584341512789480932e-02
4.044401101427109319e-02
4.468125539746199693e-02
4.852443073312830840e-02
5.194854901072888664e-02
5.493454803697793432e-02
5.746936213307057839e-02
5.954588256243010386e-02
6.116280959301517023e-02
6.232440512675292699e-02
6.304016592997992163e-02
6.332441603918122219e-02
6.319585096550338343e-02
6.267702884141947151e-02
6.179383359760335509e-02
6.057491990581304747e-02
5.905114683191595160e-02
5.725501881931067266e-02
5.522013359304945440e-02
5.298065062990895552e-02
5.057078325492875975e-02
4.802432195226942480e-02
4.537418277953414458e-02
4.265200077740401857e-02
3.988775276122072388e-02
3.710942180912006616e-02
3.434270106815685147e-02
3.161073608540278940e-02
2.893391107424598055e-02
2.632967513544756319e-02
2.381241267916428886e-02
2.139335779190554288e-02
1.908055381342524739e-02
1.687885650717838720e-02
1.478998717078148194e-02
1.281262838723469522e-02
1.094256742495058193e-02
9.172883703432006819e-03
7.494179589657551203e-03
5.894850437486207073e-03
4.361391934001281750e-03
2.878738907078357782e-03
1.430631167745831465e-03
9.460103795674714545e-17
8.585330273047723992e-17
-1.353824440017957617e-03
-2.723774397154165444e-03
-4.125597392199543620e-03
-5.574291601841083361e-03
-7.083747701194934195e-03
-8.666409641767954669e-03
-1.033296049734514985e-02
-1.209203762959047516e-02
-1.394998153310652265e-02
-1.591062243983652758e-02
-1.797510576457269499e-02
-2.014175917733019086e-02
-2.240600250918214215e-02
-2.476030030759050760e-02
-2.719415652217044982e-02
-2.969415314514435925e-02
-3.224402972676116558e-02
-3.482480397293960528e-02
-3.741493115652793494e-02
-3.999050623330228232e-02
-4.252550082318639485e-02
-4.499203908243250977e-02
-4.736071272069614091e-02
-4.960092543470701748e-02
-5.168127996737465618e-02
-5.356999077957197430e-02
-5.523533059378882282e-02
-5.664610181758634316e-02
-5.777213151735218627e-02
-5.858478340891833808e-02
-5.905747722117981463e-02
-5.916621582620374548e-02
-5.889009811336221728e-02
-5.821182012126539795e-02
-5.711814210321399660e-02
-5.560031748819306563e-02
-5.365446685204049854e-02
-5.128187926241777050e-02
-4.848924273491467957e-02
-4.528878120117033057e-02
-4.169828958759305704e-02
-3.774106560027228746e-02
-3.344573000743458063e-02
-2.884593334025626135e-02
-2.397995322169286375e-02
-1.889018666609420735e-02
-1.362254634241394889e-02
0.000000000000000000e+00
-2.750673737757105327e-03
2.750673747922247926e-03
8.225771823109313124e-03
1.362254632103800794e-02
1.889018673783118829e-02
2.397995311409188007e-02
2.884593317877469365e-02
3.344573015839029384e-02
3.774106564799645236e-02
4.169828956300197093e-02
4.528878119462889651e-02
4.848924273129771173e-02
5.128187898274796930e-02
5.365446695306467367e-02
5.560031799651846823e-02
5.711814192188970768e-02
5.821182010104056226e-02
5.889009821541228706e-02
5.916621576217298561e-02
5.905747753395981792e-02
5.858478342864041621e-02
5.777213162424516685e-02
5.664610143622476890e-02
5.523533040076053502e-02
5.356999068057293617e-02
5.168127987343244106e-02
4.960092538832010234e-02
4.736071274976200868e-02
4.499203939935114693e-02
4.252550077259676514e-02
3.999050614686313482e-02
3.741493125679397347e-02
3.482480373925814221e-02
3.224402978289804544e-02
2.969415314295630048e-02
2.719415638557724085e-02
2.476030024297585369e-02
2.240600268822915547e-02
2.014175921181027284e-02
1.797510574983000875e-02
1.591062243717497951e-02
1.394998151598899824e-02
1.209203757234806123e-02
1.033296050210416421e-02
8.666409642312298753e-03
7.083747682167795823e-03
5.574291598908527254e-03
4.125597377272527400e-03
2.723774388692546018e-03
1.353824442074840059e-03
9.106754792189267683e-17
8.268312495565552665e-17
-1.277653001747315522e-03
-2.570184319440419526e-03
-3.892122129411102090e-03
-5.257300485564048512e-03
-6.678527401296065896e-03
-8.167270638721474060e-03
-9.733366526389087073e-03
-1.138475587049925936e-02
-1.312725124348003425e-02
-1.496433905569945731e-02
-1.689701700007624485e-02
-1.892367157516032516e-02
-2.103999382004926449e-02
-2.323893452282451560e-02
-2.551070132277709693e-02
-2.784279183533296120e-02
-3.022006864082422972e-02
-3.262487091189170130e-02
-3.503716328033062988e-02
-3.743472251695886821e-02
-3.979335771242430847e-02
-4.208716781648235566e-02
-4.428883246749479308e-02
-4.636993483634591767e-02
-4.830131821819700494e-02
-5.005347152041995235e-02
-5.159694520357796521e-02
-5.290278498775204813e-02
-5.394299657850404328e-02
-5.469101793878014539e-02
-5.512220362683132452e-02
-5.521431009265294343e-02
-5.494797749824358729e-02
-5.430718931941624222e-02
-5.327970786548156396e-02
-5.185747337421316855e-02
-5.003694417719219134e-02
-4.781938417425384003e-02
-4.521107138253088048e-02
-4.222342285457648253e-02
-3.887303090831734781e-02
-3.518159538607053965e-02
-3.117575838200605312e-02
-2.688683101812621573e-02
-2.235041901285448815e-02
-1.760595134400417747e-02
-1.269611957316219876e-02
-7.666239092483503534e-03
-2.563546972665627175e-03
2.563546968538386959e-03
7.666239044070245756e-03
1.269611961085610752e-02
1.760595132637205948e-02
2.235041903968518900e-02
2.688683104220522535e-02
3.117575823693820303e-02
3.518159529834668370e-02
3.887303054083877246e-02
4.222342291075256021e-02
4.521107136384297509e-02
4.781938416911628992e-02
5.003694416057748173e-02
5.185747367959021858e-02
5.327970848676088361e-02
5.430718930490965879e-02
5.494797758760995576e-02
5.521431048515366979e-02
5.512220364431631714e-02
5.469101837227406671e-02
5.394299670033814165e-02
5.290278493482198502e-02
5.159694487007046582e-02
5.005347177062157565e-02
4.830131809175280955e-02
4.636993457185648038e-02
4.428883268868173684e-02
4.208716810379840162e-02
3.979335775669115560e-02
3.743472237193146840e-02
3.503716341574614201e-02
3.262487096144957299e-02
3.022006865572109818e-02
2.784279191288965838e-02
2.551070146368920530e-02
2.323893467002871929e-02
2.103999375233566935e-02
1.892367161539912704e-02
1.689701701293541691e-02
1.496433900219421541e-02
1.312725136635753756e-02
1.138475576039656503e-02
9.733366513321762073e-03
8.167270607924929926e-03
6.678527426702185812e-03
5.257300492589005517e-03
3.892122138675649119e-03
2.570184314227674360e-03
1.277653000812755367e-03
8.760421586244284436e-17
7.958746440287914855e-17
-1.202904849448327949e-03
-2.419536502200851560e-03
-3.663297578772083899e-03
-4.946947882740803347e-03
-6.282297237135832726e-03
-7.679914345195059527e-03
-9.148857105853577462e-03
-1.069642767545587320e-02
-1.232795758378573900e-02
-1.404662294741719671e-02
-1.585329525869683814e-02
-1.774642673318842234e-02
-1.972197198793983891e-02
-2.177334744100079683e-02
-2.389142626448004930e-02
-2.606457249526959383e-02
-2.827870706782412494e-02
-3.051741301671987566e-02
-3.276207406821916857e-02
-3.499204566195798088e-02
-3.718486231993865798e-02
-3.931647401754865406e-02
-4.136151776676894043e-02
-4.329361713129371847e-02
-4.508571347380574412e-02
-4.671042375104374894e-02
-4.814042467061137309e-02
-4.934886127059337491e-02
-5.030977037420895220e-02
-5.099852482068641113e-02
-5.139228001497482545e-02
-5.147042601345205165e-02
-5.121503242613105467e-02
-5.061127632388462416e-02
-4.964784472328046677e-02
-4.831730457530116624e-02
-4.661641959387344963e-02
-4.454641519646485026e-02
-4.211317065615575311e-02
-3.932733637017112732e-02
-3.620436534420310576e-02
-3.276445139337245266e-02
-2.903237360925173954e-02
-2.503724401966284790e-02
-2.081215952999244945e-02
-1.639376440953221881e-02
-1.182172950534477081e-02
-7.138159769798819131e-03
-2.386943463577859571e-03
2.386943496490032558e-03
7.138159746849899456e-03
1.182172944909645577e-02
1.639376441016279079e-02
2.081215961385395399e-02
2.503724410073355014e-02
2.903237357963127721e-02
3.276445131054142590e-02
3.620436523509449472e-02
3.932733638945032362e-02
4.211317068271827613e-02
4.454641523208416332e-02
4.661641926691779264e-02
4.831730414634251292e-02
4.964784446893777403e-02
5.061127597007811230e-02
5.121503264336726979e-02
5.147042607505043083e-02
5.139227991720965449e-02
5.099852458560198004e-02
5.030977033882189781e-02
4.934886112917073742e-02
4.814042476127185222e-02
4.671042361996501774e-02
4.508571362556079709e-02
4.329361703556167812e-02
4.136151768961151415e-02
3.931647408457312337e-02
3.718486218604410976e-02
3.499204587575463488e-02
3.276207415063374373e-02
3.051741319732291513e-02
2.827870702526128280e-02
2.606457266448806293e-02
2.389142620644136086e-02
2.177334731126621264e-02
1.972197192829120566e-02
1.774642668891175321e-02
1.585329540328276471e-02
1.404662296247275594e-02
1.232795756088012409e-02
1.069642765710788861e-02
9.148857071242367731e-03
7.679914352898886687e-03
6.282297246816725966e-03
4.946947866113255918e-03
3.663297564427291184e-03
2.419536499686947544e-03
1.202904847703791360e-03
8.422083196571421074e-17
7.657142501262937427e-17
-1.130180287058901332e-03
-2.273024030993948952e-03
-3.440894655120248311e-03
-4.645560639227863317e-03
-5.897911042441226354e-03
-7.207686290710980069e-03
-8.583228021406380179e-03
-1.003125291122835237e-02
-1.155665291997678631e-02
-1.316232472955201210e-02
-1.484903081550347816e-02
-1.661529366277929645e-02
-1.845732289305325111e-02
-2.036897735770570872e-02
-2.234176093547594888e-02
-2.436485301111207188e-02
-2.642517014689693688e-02
-2.850746452781296666e-02
-3.059445033209231765e-02
-3.266696401098007074e-02
-3.470415559104872427e-02
-3.668370911861015826e-02
-3.858209312899171101e-02
-4.037483925909530341e-02
-4.203685040096583753e-02
-4.354273149990695729e-02
-4.486714611510631695e-02
-4.598519483682588643e-02
-4.687281156955747097e-02
-4.750717035096119201e-02
-4.786710380058683406e-02
-4.793352008326109276e-02
-4.768981624565567234e-02
-4.712227381950023775e-02
-4.622043564644746916e-02
-4.497744293397613197e-02
-4.339033332402926491e-02
-4.146028408729571929e-02
-3.919279144362624451e-02
-3.659777812847282707e-02
-3.368962173894789885e-02
-3.048709904833721632e-02
-2.701323903146555377e-02
-2.329509045546545448e-02
-1.936339835186234870e-02
-1.525219755053154776e-02
-1.099833005661097173e-02
-6.640896038959997853e-03
-2.220648917746370198e-03
2.220648898994489508e-03
6.640896060448336739e-03
1.099833013177294733e-02
1.525219745715069956e-02
1.936339841678331661e-02
2.329509052812055864e-02
2.701323908295145959e-02
3.048709910916725524e-02
3.368962200238390103e-02
3.659777826305966875e-02
3.919279132044398845e-02
4.146028406683766737e-02
4.339033321917130925e-02
4.497744279744376322e-02
4.622043571141476459e-02
4.712227338277737154e-02
4.768981614572796041e-02
4.793352005914694458e-02
4.786710362718222395e-02
4.750717022572258780e-02
4.687281144184023834e-02
4.598519504890004328e-02
4.486714611789287960e-02
4.354273135506709497e-02
4.203685084933857230e-02
4.037483955370058802e-02
3.858209293248546223e-02
3.668370919208597397e-02
3.470415552777010582e-02
3.266696410790715516e-02
3.059445027735891928e-02
2.850746457651403762e-02
2.642517031874451125e-02
2.436485306564515826e-02
2.234176102211758719e-02
2.036897735791749417e-02
1.845732294243591573e-02
1.661529371902365979e-02
1.484903090214542004e-02
1.316232481290175241e-02
1.155665294862902141e-02
1.003125291022141652e-02
8.583227990480944355e-03
7.207686261175272856e-03
5.897911014695108450e-03
4.645560611687864390e-03
3.440894651843182193e-03
2.273024030682201796e-03
1.130180285665973458e-03
8.092482172576639868e-17
7.363872646485321401e-17
-1.059924011857040155e-03
-2.131529460587814478e-03
-3.226220102804776974e-03
-4.354849380854546731e-03
-5.527457036016048160e-03
-6.753019890418169614e-03
-8.039220687330346851e-03
-9.392238379447279822e-03
-1.081656337760342375e-02
-1.231483947619737597e-02
-1.388773552626682874e-02
-1.553384669166110212e-02
-1.724962758021336695e-02
-1.902935665140150640e-02
-2.086513238733432932e-02
-2.274690092209533110e-02
-2.466251376750057747e-02
-2.659781915497772681e-02
-2.853677710218469055e-02
-3.046161099606674305e-02
-3.235298239861220809e-02
-3.419019593036407012e-02
-3.595143229256286821e-02
-3.761400631705320158e-02
-3.915465102916692447e-02
-4.054982684695951356e-02
-4.177605111963290235e-02
-4.281024786905254786e-02
-4.363011728384449256e-02
-4.421451157251093944e-02
-4.454382296905332050e-02
-4.460037059282189603e-02
-4.436878424974376872e-02
-4.383636842257045835e-02
-4.299345501672868081e-02
-4.183371413693637297e-02
-4.035442891962837814e-02
-3.855672341580852064e-02
-3.644572660559896454e-02
-3.403067289534007084e-02
-3.132492848365493049e-02
-2.834593757745190387e-02
-2.511508939509416588e-02
-2.165749929268335691e-02
-1.800171046200118793e-02
-1.417931632610728264e-02
-1.022451371299120532e-02
-6.173592692977769233e-03
-2.064376396124742094e-03
2.064376408082836765e-03
6.173592677685818368e-03
1.022451379224773894e-02
1.417931635736607854e-02
1.800171038558294814e-02
2.165749923899032425e-02
2.511508928682383915e-02
2.834593744092013187e-02
3.132492864673769306e-02
3.403067307272589215e-02
3.644572658409118981e-02
3.855672352208026898e-02
4.035442890242076086e-02
4.183371408509101164e-02
4.299345532388140073e-02
4.383636864508281411e-02
4.436878415256028524e-02
4.460037102804663423e-02
4.454382300425904079e-02
4.421451168355605005e-02
4.363011755240792100e-02
4.281024800405484887e-02
4.177605103733120218e-02
4.054982691378352516e-02
3.915465125447342709e-02
3.761400647934016322e-02
3.595143242483429119e-02
3.419019586217341561e-02
3.235298221736606500e-02
3.046161117905096111e-02
2.853677727022446708e-02
2.659781917970449605e-02
2.466251394560304427e-02
2.274690080178849716e-02
2.086513247763447862e-02
1.902935654119585276e-02
1.724962761316156667e-02
1.553384670369427865e-02
1.388773559267191676e-02
1.231483951987083145e-02
1.081656340485680559e-02
9.392238332418598526e-03
8.039220681686483003e-03
6.753019869245387337e-03
5.527457022731112508e-03
4.354849375659257220e-03
3.226220129183430142e-03
2.131529424985700340e-03
1.059924011559876820e-03
7.772162542828837453e-17
7.079192990920931817e-17
-9.924528347310479590e-04
-1.995680050958516596e-03
-3.020199244248083018e-03
-4.076019027058557821e-03
-5.172395448459176683e-03
-6.317601448780651476e-03
-7.518713041904952384e-03
-8.781415199879466157e-03
-1.010983114238016983e-02
-1.150637556056367632e-02
-1.297163618859102988e-02
-1.450428240691419360e-02
-1.610100246953551778e-02
-1.775647177535411708e-02
-1.946334783921120637e-02
-2.121229706442009921e-02
-2.299204745351477591e-02
-2.478947115235858797e-02
-2.658969605376909282e-02
-2.837624014072652467e-02
-3.013117777468583489e-02
-3.183532783865729299e-02
-3.346846798578007737e-02
-3.500957716870291281e-02
-3.643709604996848983e-02
-3.772921432712580264e-02
-3.886417651121250316e-02
-3.982060699520865305e-02
-4.057784834977487542e-02
-4.111631474704919437e-02
-4.141784902551721298e-02
-4.146608072322457289e-02
-4.124678243989474830e-02
-4.074820879314804828e-02
-3.996141886517191183e-02
-3.888056885569623339e-02
-3.750316445682275873e-02
-3.583027219332967500e-02
-3.386667097287252709e-02
-3.162094640392920653e-02
-2.910551381227074672e-02
-2.633656962251639672e-02
-2.333396620788151868e-02
-2.012101117225788272e-02
-1.672418889059097691e-02
-1.317281144825139735e-02
-9.498604321214557458e-03
-5.735233323078815608e-03
-1.917785352947788810e-03
1.917785346050608717e-03
5.735233323897467178e-03
9.498604375566339214e-03
1.317281148576783870e-02
1.672418887358073647e-02
2.012101128185415228e-02
2.333396626032390939e-02
2.633656975325843891e-02
2.910551399942134729e-02
3.162094655222372208e-02
3.386667099705428785e-02
3.583027209042897315e-02
3.750316445074669547e-02
3.888056886847978538e-02
3.996141918416225292e-02
4.074820891078220070e-02
4.124678275410592621e-02
4.146608094978439935e-02
4.141784932291897592e-02
4.111631474631293609e-02
4.057784837021986835e-02
3.982060684960461727e-02
3.886417677820187822e-02
3.772921431804326931e-02
3.643709599623551343e-02
3.500957707096042509e-02
3.346846806236901395e-02
3.183532769053035172e-02
3.013117799914197259e-02
2.837624014425479610e-02
2.658969588905893758e-02
2.478947106321677252e-02
2.299204709197093591e-02
2.121229699732466931e-02
1.946334801129680561e-02
1.775647170607350805e-02
1.610100238810589779e-02
1.450428217555864777e-02
1.297163621138934173e-02
1.150637564445945032e-02
1.010983117831615839e-02
8.781415284250811137e-03
7.518713005073684313e-03
6.317601491516940809e-03
5.172395422218563701e-03
4.076019026636621030e-03
3.020199228205029413e-03
1.995680036411300734e-03
9.924528366442931290e-04
7.461503084110051937e-17
6.803262730672567706e-17
-9.279792260014677573e-04
-1.865895018417790740e-03
-2.823446565972743353e-03
-3.809862405860416686e-03
-4.833675385703093547e-03
-5.902509412885057968e-03
-7.022881654053859599e-03
-8.200022997994781820e-03
-9.437720431137639615e-03
-1.073818092583911712e-02
-1.210192170955514020e-02
-1.352768612471760314e-02
-1.501238556615822235e-02
-1.655106882126012105e-02
-1.813691864100441115e-02
-1.976127595974415396e-02
-2.141368800051745430e-02
-2.308198644958399381e-02
-2.475238782917981231e-02
-2.640961987738139546e-02
-2.803707501936844246e-02
-2.961698345931680978e-02
-3.113061391258228200e-02
-3.255849524225154501e-02
-3.388065973924110630e-02
-3.507690818566383539e-02
-3.612709325525213788e-02
-3.701141966110400167e-02
-3.771076112791398038e-02
-3.820698320949628829e-02
-3.848327595601024054e-02
-3.852448640930732082e-02
-3.831744751734791898e-02
-3.785129281627561820e-02
-3.711775523592598242e-02
-3.611143766906434183e-02
-3.483004690320996161e-02
-3.327458941185778424e-02
-3.144951321152691243e-02
-2.936279270767318955e-02
-2.702595186299459884e-02
-2.445401906266859993e-02
-2.166540996826663013e-02
-1.868174298263950567e-02
-1.552757975962589139e-02
-1.223010342567276698e-02
-8.818733058336070824e-03
-5.324685967230623727e-03
-1.780496682848943524e-03
1.780496680368097917e-03
5.324685998573264016e-03
8.818733052174810086e-03
1.223010347926010294e-02
1.552757985722624107e-02
1.868174287705724052e-02
2.166540998376934382e-02
2.445401884185146105e-02
2.702595196732486896e-02
2.936279278105178789e-02
3.144951309959814756e-02
3.327458961615818028e-02
3.483004653395490452e-02
3.611143774898489811e-02
3.711775574286468177e-02
3.785129310950988146e-02
3.831744770517613030e-02
3.852448662962046355e-02
3.848327572378337086e-02
3.820698335927915495e-02
3.771076115997768624e-02
3.701141936620393202e-02
3.612709286677883574e-02
3.507690804872391072e-02
3.388065973306573359e-02
3.255849554061267942e-02
3.113061393828962797e-02
2.961698349467809660e-02
2.803707497931778522e-02
2.640961983798407672e-02
2.475238769244646544e-02
2.308198651496307097e-02
2.141368807741689945e-02
1.976127597689859156e-02
1.813691880984959204e-02
1.655106868756582236e-02
1.501238563727044784e-02
1.352768622420233262e-02
1.210192175620361001e-02
1.073818088187603915e-02
9.437720403307588851e-03
8.200023006453279611e-03
7.022881573451644592e-03
5.902509383984018421e-03
4.833675402897273654e-03
3.809862403844784667e-03
2.823446566422137347e-03
1.865895024433641318e-03
9.279792317293328796e-04
7.160745372848623120e-17
6.536160467864465233e-17
-8.666313898559707251e-04
-1.742425452375441497e-03
-2.636325471950100655e-03
-3.556839814989139984e-03
-4.511833830019087999e-03
-5.508332685464445953e-03
-6.552338656800538869e-03
-7.648665467246342116e-03
-8.800791497502284677e-03
-1.001073504000441969e-02
-1.127895260143105781e-02
-1.260425978972099827e-02
-1.398377917892298754e-02
-1.541291152381990548e-02
-1.688533172132811525e-02
-1.839301104231037473e-02
-1.992626295934362551e-02
-2.147381383122811543e-02
-2.302289600756626808e-02
-2.455936611542362466e-02
-2.606784475628377840e-02
-2.753187736040963590e-02
-2.893412127329657996e-02
-3.025654912887852654e-02
-3.148067405116432294e-02
-3.258779680189682199e-02
-3.355926635670334474e-02
-3.437675864605179571e-02
-3.502256885015748306e-02
-3.547991202421501428e-02
-3.573322940988630375e-02
-3.576849919381470955e-02
-3.557353611083045181e-02
-3.513828944287021583e-02
-3.445511438026688245e-02
-3.351902425589976114e-02
-3.232790919470678037e-02
-3.088271562652366783e-02
-2.918757788114013929e-02
-2.724989697230436464e-02
-2.508036255297393588e-02
-2.269291077577354279e-02
-2.010461634657757790e-02
-1.733552069592300335e-02
-1.440839286389125097e-02
-1.134842980374330124e-02
-8.182900740339477119e-03
-4.940740611951718354e-03
-1.652105263450042230e-03
1.652105271782886410e-03
4.940740655010953351e-03
8.182900712695137177e-03
1.134842987194786997e-02
1.440839284932463223e-02
1.733552078288018092e-02
2.010461654498255091e-02
2.269291062653173638e-02
2.508036253504338647e-02
2.724989707742633133e-02
2.918757793856342070e-02
3.088271547608950618e-02
3.232790911476102896e-02
3.351902395904283322e-02
3.445511421166164850e-02
3.513828916128076962e-02
3.557353619502529735e-02
3.576849871113208651e-02
3.573322962983714601e-02
3.547991192752755762e-02
3.502256899091008013e-02
3.437675868156261222e-02
3.355926640328012189e-02
3.258779700651785738e-02
3.148067414275983189e-02
3.025654903831373477e-02
2.893412131363416046e-02
2.753187751200460165e-02
2.606784465728270370e-02
2.455936627239960202e-02
2.302289603787618932e-02
2.147381392713887047e-02
1.992626284650473797e-02
1.839301082286005570e-02
1.688533170656432783e-02
1.541291159460883575e-02
1.398377923591906553e-02
1.260425980238557252e-02
1.127895248139458052e-02
1.001073508925137863e-02
8.800791527406936349e-03
7.648665478693075434e-03
6.552338697866866291e-03
5.508332660840156367e-03
4.511833792909532119e-03
3.556839820535883170e-03
2.636325477779889129e-03
1.742425449901628025e-03
8.666313828628196582e-04
6.870017820936864134e-17
6.277898152914071659e-17
-8.084700299070495368e-04
-1.625387914975620933e-03
-2.458998802112543920e-03
-3.317146044038334161e-03
-4.207078775580653900e-03
-5.135270085785081234e-03
-6.107247880875688907e-03
-7.127441594355722609e-03
-8.199046992898563480e-03
-9.323910694603306654e-03
-1.050243565296701646e-02
-1.173350896678217355e-02
-1.301445270552252509e-02
-1.434099687225906528e-02
-1.570727723490366462e-02
-1.710585405817527729e-02
-1.852775629233350749e-02
-1.996254321155137290e-02
-2.139839529553276207e-02
-2.282221912453028315e-02
-2.421977938654521281e-02
-2.557584745410836774e-02
-2.687437114204200769e-02
-2.809866730204025123e-02
-2.923162672081873470e-02
-3.025594516928365244e-02
-3.115436183142920520e-02
-3.190992034944743067e-02
-3.250623759595345358e-02
-3.292778063385859433e-02
-3.316015441033904471e-02
-3.319038400559284896e-02
-3.300719755457015570e-02
-3.260129749559020906e-02
-3.196561487992109069e-02
-3.109554264202367066e-02
-2.998913677109293213e-02
-2.864728341542745541e-02
-2.707382185235630845e-02
-2.527561599565440048e-02
-2.326257595346050908e-02
-2.104761750347828447e-02
-1.864656563590211952e-02
-1.607799100147544111e-02
-1.336299200230027344e-02
-1.052491559996180867e-02
-7.589028156980448872e-03
-4.582139639784629619e-03
-1.532190163552388110e-03
1.532190170230725897e-03
4.582139604096135792e-03
7.589028179511955047e-03
1.052491565327691447e-02
1.336299198649835811e-02
1.607799110391417916e-02
1.864656542404364084e-02
2.104761772851260204e-02
2.326257567191167622e-02
2.527561591737505567e-02
2.707382191062272098e-02
2.864728391669340429e-02
2.998913681119859051e-02
3.109554267143944950e-02
3.196561541362072378e-02
3.260129749474754285e-02
3.300719792401098779e-02
3.319038402686401434e-02
3.316015475155210251e-02
3.292778077817850452e-02
3.250623764199308402e-02
3.190992062317865585e-02
3.115436155229389659e-02
3.025594496823218182e-02
2.923162703043984817e-02
2.809866711527047797e-02
2.687437121904374254e-02
2.557584725236135975e-02
2.421977949739859137e-02
2.282221928557499196e-02
2.139839521660116470e-02
1.996254326362126297e-02
1.852775601557515514e-02
1.710585424495314130e-02
1.570727721513049541e-02
1.434099679525919525e-02
1.301445273968701404e-02
1.173350903526806065e-02
1.050243555901179439e-02
9.323910810574109059e-03
8.199047038469181939e-03
7.127441592920807922e-03
6.107247853412564251e-03
5.135270123088954766e-03
4.207078798691580267e-03
3.317146025737744818e-03
2.458998795004455062e-03
1.625387913172878082e-03
8.084700197000714789e-04
6.589356122884442346e-17
6.028432927932634531e-17
-7.535024661823556003e-04
-1.514792553410516463e-03
-2.291470669615054689e-03
-3.090766037449636273e-03
-3.919359242688024922e-03
-4.783213851562858124e-03
-5.687420455133682801e-03
-6.636055019604349473e-03
-7.632053837463479394e-03
-8.677107173146663549e-03
-9.771571296075424323e-03
-1.091440212844180246e-02
-1.210310954399820838e-02
-1.333373274797390422e-02
-1.460083762619017803e-02
-1.589753379771993713e-02
-1.721551583019506268e-02
-1.854512123374847665e-02
-1.987541092168817330e-02
-2.119427024585713096e-02
-2.248852772619222215e-02
-2.374409336356128261e-02
-2.494611780035207657e-02
-2.607916506240503043e-02
-2.712740859989739434e-02
-2.807483861590228530e-02
-2.890548787526505542e-02
-2.960367044743707557e-02
-3.015422795373557535e-02
-3.054279326121111041e-02
-3.075604767080496182e-02
-3.078199071960470781e-02
-3.061019468098793994e-02
-3.023206127699796381e-02
-2.964105332864117731e-02
-2.883291387658319660e-02
-2.780585038219887326e-02
-2.656069028580307009e-02
-2.510099446006348184e-02
-2.343312511577693921e-02
-2.156626465784604665e-02
-1.951237854177521186e-02
-1.728612535117160162e-02
-1.490470764641338777e-02
-1.238766730607924853e-02
-9.756629711471603156e-03
-7.034997209214462893e-03
-4.247601933593236727e-03
-1.420322700304968867e-03
1.420322703186814887e-03
4.247601947427398841e-03
7.034997211632521702e-03
9.756629807751632244e-03
1.238766735174442850e-02
1.490470776346076130e-02
1.728612530787495757e-02
1.951237865019959244e-02
2.156626454967700002e-02
2.343312506712973142e-02
2.510099429906615179e-02
2.656069038683803868e-02
2.780585005172565849e-02
2.883291384663207516e-02
2.964105350922142251e-02
3.023206076075968252e-02
3.061019463506611804e-02
3.078199034143824786e-02
3.075604745635651324e-02
3.054279254006842317e-02
3.015422811278018964e-02
2.960367035487476012e-02
2.890548836421752768e-02
2.807483886665953360e-02
2.712740859800103974e-02
2.607916510726940307e-02
2.494611759291501252e-02
2.374409340450018766e-02
2.248852753771083887e-02
2.119427019111316118e-02
1.987541105605941313e-02
1.854512120781118961e-02
1.721551610488913919e-02
1.589753398192354089e-02
1.460083740779447199e-02
1.333373285417435716e-02
1.210310944057727857e-02
1.091440222780836779e-02
9.771571290356407050e-03
8.677107210684396887e-03
7.632053944835895908e-03
6.636055014845931854e-03
5.687420441197896248e-03
4.783213831419226569e-03
3.919359254670771314e-03
3.090766079218877117e-03
2.291470652232602007e-03
1.514792548079233305e-03
7.535024668842520406e-04
6.318720540874726250e-17
5.787677178406366984e-17
-7.016943699512831435e-04
-1.410566601244696858e-03
-2.133621672826886261e-03
-2.877521870021620357e-03
-3.648422819109075396e-03
-4.451817990289075842e-03
-5.292395098539680841e-03
-6.173904532811949966e-03
-7.099044656126127922e-03
-8.069362536718836104e-03
-9.085173684457175172e-03
-1.014550031705863976e-02
-1.124802920432953213e-02
-1.238908772003412088e-02
-1.356364315911701666e-02
-1.476531800242967749e-02
-1.598642592237094553e-02
-1.721802766179019242e-02
-1.845000407982912149e-02
-1.967115007858732251e-02
-2.086928320725910113e-02
-2.203137241441618585e-02
-2.314368411642214740e-02
-2.419194383804131737e-02
-2.516151366549700813e-02
-2.603758768811883714e-02
-2.680539957619608449e-02
-2.745044022263704031e-02
-2.795869332274979191e-02
-2.831686713019938503e-02
-2.851264770206332622e-02
-2.853493253246784656e-02
-2.837408131309617637e-02
-2.802213959051829545e-02
-2.747306390489040809e-02
-2.672292008663112658e-02
-2.577005301198867157e-02
-2.461523399747024554e-02
-2.326176315660333921e-02
-2.171553412987652434e-02
-1.998504995918991972e-02
-1.808139217420040232e-02
-1.601813359105484433e-02
-1.381120216986551734e-02
-1.147869333127776031e-02
-9.040630526101357811e-03
-6.518682841722319050e-03
-3.935842925797219428e-03
-1.316073052484362845e-03
1.316073057338222781e-03
3.935842967938110032e-03
6.518682845123992958e-03
9.040630591337989880e-03
1.147869341173171458e-02
1.381120213834523269e-02
1.601813335118900186e-02
1.808139212410880131e-02
1.998505023973753958e-02
2.171553380705445319e-02
2.326176311163801608e-02
2.461523405522941799e-02
2.577005297441662193e-02
2.672292042462356618e-02
2.747306441644413455e-02
2.802214001456917666e-02
2.837408130983142679e-02
2.853493276813613005e-02
2.851264741872278421e-02
2.831686756736164629e-02
2.795869265984652144e-02
2.745044031996188641e-02
2.680539953087003255e-02
2.603758803295381716e-02
2.516151368712692821e-02
2.419194365236973163e-02
2.314368404004349747e-02
2.203137260747360313e-02
2.086928330687890312e-02
1.967115028354154624e-02
1.845000394185173850e-02
1.721802751130341314e-02
1.598642594052528468e-02
1.476531809809272094e-02
1.356364324809387380e-02
1.238908767535905515e-02
1.124802904597676720e-02
1.014550031138037982e-02
9.085173642642715292e-03
8.069362379889153183e-03
7.099044622092274062e-03
6.173904570940792064e-03
5.292395074210581342e-03
4.451818042778974555e-03
3.648422772411887179e-03
2.877521876999013413e-03
2.133621645915726762e-03
1.410566597181782140e-03
7.016943766225733998e-04
6.058010466950712668e-17
