-1.526727293212378627e-15
1.246628725352194461e-01
2.485557064261142146e-01
3.709163147553460882e-01
4.909980883959707554e-01
6.080774704781907181e-01
7.214610656459897742e-01
8.304922690597021928e-01
9.345573328669024571e-01
1.033090744161037966e+00
1.125579888317147281e+00
1.211568929745133527e+00
1.290661812992102364e+00
1.362524476334552981e+00
1.426886137940848842e+00
1.483539746096209422e+00
1.532341615110862643e+00
1.573210230987604596e+00
1.606124324951430316e+00
1.631120266729661150e+00
1.648288813815134146e+00
1.657771341170507728e+00
1.659755593398219098e+00
1.654471095648429202e+00
1.642184214686547516e+00
1.623193089915082377e+00
1.597822395609639345e+00
1.566418119184595836e+00
1.529342348302641375e+00
1.486968216460685221e+00
1.439675034656286101e+00
1.387843677157518218e+00
1.331852297081279168e+00
1.272072398824737105e+00
1.208865324129168473e+00
1.142579193646554137e+00
1.073546309883691485e+00
1.002081035144289256e+00
9.284782327765196408e-01
8.530121371300845023e-01
7.759357957111859827e-01
6.974809754329828193e-01
6.178585557614965085e-01
5.372593602515904898e-01
4.558554516559682468e-01
3.738017785520651448e-01
2.912381930461281354e-01
2.082917613719630356e-01
1.250793399343896606e-01
4.171034206520359000e-02
-4.171034210217332283e-02
-1.250793400436017999e-01
-2.082917615782772236e-01
-2.912381931483293274e-01
-3.738017786905757367e-01
-4.558554509240249075e-01
-5.372593601768567151e-01
-6.178585538638252661e-01
-6.974809766832615887e-01
-7.759357955310749455e-01
-8.530121358682209998e-01
-9.284782306620833481e-01
-1.002081035975426859e+00
-1.073546310313712171e+00
-1.142579194857759717e+00
-1.208865326437767118e+00
-1.272072398750762723e+00
-1.331852296989239459e+00
-1.387843677059058756e+00
-1.439675033778343050e+00
-1.486968218084049331e+00
-1.529342348145004582e+00
-1.566418120637220968e+00
-1.597822398679349387e+00
-1.623193089900598185e+00
-1.642184217230655330e+00
-1.654471096138201425e+00
-1.659755593638881255e+00
-1.657771337302549775e+00
-1.648288813331588720e+00
-1.631120268321864186e+00
-1.606124326092600363e+00
-1.573210229028938922e+00
-1.532341619784161724e+00
-1.483539744582620834e+00
-1.426886136581921871e+00
-1.362524477255721456e+00
-1.290661814025660270e+00
-1.211568926222608811e+00
-1.125579888497774794e+00
-1.033090743529598621e+00
-9.345573338636787852e-01
-8.304922697641544671e-01
-7.214610642720146183e-01
-6.080774703475910758e-01
-4.909980883213945213e-01
-3.709163149167832851e-01
-2.485557065244506647e-01
-1.246628724361989321e-01
-2.008321319652837325e-15
-1.596631280542944995e-15
1.303460907347201159e-01
2.598874725086847692e-01
3.878276321541893057e-01
5.133863192833184597e-01
6.358073488015515418e-01
7.543660265626256356e-01
8.683760688652939486e-01
9.771959348141368018e-01
1.080234447621697402e+00
1.176955680762904022e+00
1.266882980435501738e+00
1.349602146186531071e+00
1.424763709166722458e+00
1.492084307684301336e+00
1.551347163041685517e+00
1.602401693199775545e+00
1.645162289109794118e+00
1.679606288988504170e+00
1.705771285265418324e+00
1.723751719414693850e+00
1.733694966660163095e+00
1.735796894054399964e+00
1.730297053660561080e+00
1.717473564392082652e+00
1.697637802373222815e+00
1.671128904876257204e+00
1.638308347284215705e+00
1.599554500030307524e+00
1.555257309940806021e+00
1.505813240882294402e+00
1.451620442497141283e+00
1.393074270011794846e+00
1.330563151212481143e+00
1.264464961575879620e+00
1.195143764688586296e+00
1.122947126301161225e+00
1.048203903431563111e+00
9.712225592446696032e-01
8.922900403433815519e-01
8.116711406740916290e-01
7.296084301443275244e-01
6.463226325196215205e-01
5.620135367072988108e-01
4.768612999428258892e-01
3.910282012756556846e-01
3.046607314972579750e-01
2.178920205615723360e-01
1.308445193155955144e-01
4.363289890203917581e-02
-4.363289889996972010e-02
-1.308445192086292175e-01
-2.178920207100620843e-01
-3.046607321396342938e-01
-3.910282011601913799e-01
-4.768613000282981296e-01
-5.620135365517520132e-01
-6.463226320654963386e-01
-7.296084286483499604e-01
-8.116711411561886580e-01
-8.922900393583245160e-01
-9.712225608012946543e-01
-1.048203901805119242e+00
-1.122947127803136658e+00
-1.195143763986340479e+00
-1.264464960104642488e+00
-1.330563152688822637e+00
-1.393074263565910798e+00
-1.451620447143856074e+00
-1.505813241243516343e+00
-1.555257311269096610e+00
-1.599554500773606280e+00
-1.638308350126064905e+00
-1.671128905373092666e+00
-1.697637800600127145e+00
-1.717473571052720693e+00
-1.730297050027263861e+00
-1.735796894729564999e+00
-1.733694965435043533e+00
-1.723751719235160129e+00
-1.705771283619760714e+00
-1.679606288277603721e+00
-1.645162286599354484e+00
-1.602401695317016372e+00
-1.551347165153999175e+00
-1.492084306373711700e+00
-1.424763706691868137e+00
-1.349602143964987677e+00
-1.266882980619359556e+00
-1.176955681748204974e+00
-1.080234448594898478e+00
-9.771959333825974703e-01
-8.683760684183730039e-01
-7.543660266763417832e-01
-6.358073480286592360e-01
-5.133863186078952978e-01
-3.878276325297652094e-01
-2.598874723689588162e-01
-1.303460909669090784e-01
-2.100180272128024168e-15
-1.669710451248202961e-15
1.362862466538078965e-01
2.717315594113339783e-01
4.055035612790225397e-01
5.367868499411818650e-01
6.647911505933371545e-01
7.887590626844919184e-01
9.079732895300779427e-01
1.021763249450416078e+00
1.129510949827603250e+00
1.230656086215579537e+00
1.324700250162291981e+00
1.411210271573064556e+00
1.489820580532328353e+00
1.560234657276015291e+00
1.622225544661003216e+00
1.675635440867334403e+00
1.720374440886921041e+00
1.756418426107141384e+00
1.783806236383458144e+00
1.802636172557022576e+00
1.813061844875707873e+00
1.815287605236058255e+00
1.809563484194004701e+00
1.796179865856660562e+00
1.775461923259411323e+00
1.747763932607099724e+00
1.713463548881077436e+00
1.672956131222806953e+00
1.626649211196071532e+00
1.574957175673872500e+00
1.518296223369653752e+00
1.457079681550518258e+00
1.391713684864947176e+00
1.322593371515615512e+00
1.250099486154425232e+00
1.174595550607242744e+00
1.096425560311443892e+00
1.015912220448154990e+00
9.333557534141722067e-01
8.490332515811499503e-01
7.631985654607463809e-01
6.760827387385068832e-01
5.878949186609546684e-01
4.988237417067921120e-01
4.090391532453998003e-01
3.186945935852186773e-01
2.279295358285015893e-01
1.368722874232013720e-01
4.564302428677106949e-02
-4.564302429445012826e-02
-1.368722877501001300e-01
-2.279295359229625562e-01
-3.186945940436616831e-01
-4.090391535222587249e-01
-4.988237423792413194e-01
-5.878949183911483800e-01
-6.760827384922331040e-01
-7.631985648963023339e-01
-8.490332515089005216e-01
-9.333557556781599818e-01
-1.015912219876986544e+00
-1.096425560205107175e+00
-1.174595549857003318e+00
-1.250099486640672275e+00
-1.322593371772523563e+00
-1.391713683546944136e+00
-1.457079677140300289e+00
-1.518296224553425500e+00
-1.574957174632786838e+00
-1.626649210168221060e+00
-1.672956131786371925e+00
-1.713463551861821310e+00
-1.747763933834088901e+00
-1.775461922709181017e+00
-1.796179866100187761e+00
-1.809563484616032447e+00
-1.815287608125602414e+00
-1.813061848022513134e+00
-1.802636172537541714e+00
-1.783806237874454359e+00
-1.756418423276978835e+00
-1.720374438050032095e+00
-1.675635444426911480e+00
-1.622225543047143281e+00
-1.560234654643190666e+00
-1.489820578514369442e+00
-1.411210269725426070e+00
-1.324700251368765569e+00
-1.230656082542004537e+00
-1.129510949727192459e+00
-1.021763250579076798e+00
-9.079732905323139036e-01
-7.887590639923957037e-01
-6.647911515844150410e-01
-5.367868506168331777e-01
-4.055035604494188761e-01
-2.717315595337134737e-01
-1.362862467830686930e-01
-2.196206979646228618e-15
-1.746118461521019221e-15
1.424957015689026774e-01
2.841126150097045833e-01
4.239808841381618731e-01
5.612483774359131594e-01
6.950891908417344833e-01
8.247117457931331108e-01
9.493663354012762401e-01
1.068352018089539390e+00
1.181022779954328916e+00
1.286792834256845097e+00
1.385141042093095853e+00
1.475614385340688228e+00
1.557830458239443772e+00
1.631478982246173492e+00
1.696322357271075498e+00
1.752195224505856075e+00
1.799003165763513268e+00
1.836720529039457261e+00
1.865387470478399701e+00
1.885106271134189493e+00
1.896037089233010509e+00
1.898393098319151040e+00
1.892435275764023483e+00
1.878466817006564371e+00
1.856827328859347315e+00
1.827886881498988370e+00
1.792040029768332321e+00
1.749699900153833587e+00
1.701292394187395196e+00
1.647250630375882041e+00
1.588009674897393753e+00
1.524001631182661631e+00
1.455651156026564363e+00
1.383371426221122302e+00
1.307560626224602895e+00
1.228598964502610524e+00
1.146846266525976654e+00
1.062640131354777528e+00
9.762946562915660875e-01
8.880997985317828913e-01
7.983212175477986117e-01
7.072007395686749076e-01
6.149573110568604672e-01
5.217884344739210922e-01
4.278720760173289062e-01
3.333689520342443813e-01
2.384251720589797008e-01
1.431751748233789368e-01
4.774489674423039454e-02
-4.774489669072853881e-02
-1.431751747183059309e-01
-2.384251716363289531e-01
-3.333689530205888318e-01
-4.278720768105928052e-01
-5.217884349512792452e-01
-6.149573104533886392e-01
-7.072007416517097633e-01
-7.983212170054272416e-01
-8.880997988015303379e-01
-9.762946571744838264e-01
-1.062640128732365907e+00
-1.146846268170626626e+00
-1.228598965175579316e+00
-1.307560627551650478e+00
-1.383371426370036072e+00
-1.455651155750849357e+00
-1.524001630603476487e+00
-1.588009673902375463e+00
-1.647250629002500855e+00
-1.701292394114455986e+00
-1.749699900810361974e+00
-1.792040030245852789e+00
-1.827886880787108037e+00
-1.856827330400901310e+00
-1.878466818890186074e+00
-1.892435272877779129e+00
-1.898393097387270911e+00
-1.896037089352212934e+00
-1.885106270756108371e+00
-1.865387470425509564e+00
-1.836720529660899714e+00
-1.799003165418717742e+00
-1.752195224848565047e+00
-1.696322356575078016e+00
-1.631478983310283404e+00
-1.557830456197149660e+00
-1.475614385107665294e+00
-1.385141042471810469e+00
-1.286792834739930225e+00
-1.181022779827846092e+00
-1.068352016905268043e+00
-9.493663332514390429e-01
-8.247117463705745388e-01
-6.950891915746506555e-01
-5.612483771326437498e-01
-4.239808840128541645e-01
-2.841126148702922682e-01
-1.424957016595984616e-01
-2.296602853069783350e-15
-1.826019930132048661e-15
1.489876943086629046e-01
2.970570359478742484e-01
4.432989961955531855e-01
5.868230512943023447e-01
7.267660605696866227e-01
8.623007168971292824e-01
9.926434337132360453e-01
1.117061547533851895e+00
1.234879734458433020e+00
1.345485575322737271e+00
1.448334156313876075e+00
1.542951716981350252e+00
1.628938244638882260e+00
1.705969070812387578e+00
1.773795445107516633e+00
1.832244107098090158e+00
1.881215919310494922e+00
1.920683611473859465e+00
1.950688683046445604e+00
1.971337598117387735e+00
1.982797310961820436e+00
1.985290235125536817e+00
1.979088778214815436e+00
1.964509516427623614e+00
1.941907126737063338e+00
1.911668185864209502e+00
1.874204920754558357e+00
1.829949024498679133e+00
1.779345583213640225e+00
1.722847311677247362e+00
1.660908993060276728e+00
1.593982372404838310e+00
1.522511453941242543e+00
1.446928287133919744e+00
1.367649286955894494e+00
1.285072113560708829e+00
1.199573143241614126e+00
1.111505545734201794e+00
1.021197954528186180e+00
9.289537587467746604e-01
8.350509787895027403e-01
7.397427211542966230e-01
6.432581791815120686e-01
5.458041396431725367e-01
4.475669588074335792e-01
3.487149639607821650e-01
2.494012132882130750e-01
1.497665626827992258e-01
4.994297870807062195e-02
-4.994297874428222511e-02
-1.497665629051095348e-01
-2.494012134132191638e-01
-3.487149640336562051e-01
-4.475669587679604877e-01
-5.458041396325785666e-01
-6.432581806647700295e-01
-7.397427210292377708e-01
-8.350509778074747258e-01
-9.289537583421856315e-01
-1.021197954926872153e+00
-1.111505545902355951e+00
-1.199573144664675572e+00
-1.285072112459577642e+00
-1.367649286187960334e+00
-1.446928287470289121e+00
-1.522511455859568930e+00
-1.593982372217753296e+00
-1.660908991340989349e+00
-1.722847308747847306e+00
-1.779345583575743905e+00
-1.829949020908607338e+00
-1.874204920247297457e+00
-1.911668185218584837e+00
-1.941907127239404396e+00
-1.964509515424766484e+00
-1.979088782152810477e+00
-1.985290233901354506e+00
-1.982797311018592801e+00
-1.971337596938641301e+00
-1.950688683758565745e+00
-1.920683609763905952e+00
-1.881215918535646070e+00
-1.832244109876121962e+00
-1.773795442541818757e+00
-1.705969068901720620e+00
-1.628938243950496023e+00
-1.542951716918502525e+00
-1.448334157842232184e+00
-1.345485573640425869e+00
-1.234879735488445984e+00
-1.117061546013197404e+00
-9.926434338123693024e-01
-8.623007168551992674e-01
-7.267660609936488214e-01
-5.868230511104910452e-01
-4.432989958102895867e-01
-2.970570360474355520e-01
-1.489876944536851211e-01
-2.401583656090101247e-15
-1.909591970775170988e-15
1.557764654965600459e-01
3.105932149509925688e-01
4.635002675066215438e-01
6.135669625463853194e-01
7.598912277570453178e-01
9.016084046108134853e-01
1.037899483460935413e+00
1.167998623479831410e+00
1.291199868615162893e+00
1.406862943809003674e+00
1.514418079466690603e+00
1.613369812079147092e+00
1.703299713638669610e+00
1.783868067510134825e+00
1.854814454868860096e+00
1.915957349266009802e+00
1.967192658163120500e+00
2.008491408142365486e+00
2.039896509543979164e+00
2.061518769150285202e+00
2.073532254334479408e+00
2.076169019006999239e+00
2.069713413297703308e+00
2.054495995705367228e+00
2.030887199585173164e+00
1.999290852953412134e+00
1.960137653011826853e+00
1.913878694790119184e+00
1.860979150008714056e+00
1.801912193348224056e+00
1.737153233647097172e+00
1.667174556076610026e+00
1.592440398343159647e+00
1.513402540042232403e+00
1.430496465535753048e+00
1.344138084886122630e+00
1.254721095848114976e+00
1.162614950125479218e+00
1.068163473803820818e+00
9.716841242977648507e-01
8.734678472084128620e-01
7.737795509688250029e-01
6.728591532942231890e-01
5.709231486185393223e-01
4.681666808783392919e-01
3.647660389979326956e-01
2.608815553228634454e-01
1.566608010744088286e-01
5.224205540792230262e-02
-5.224205540008631382e-02
-1.566608010275851726e-01
-2.608815551292645862e-01
-3.647660390723632129e-01
-4.681666802702595942e-01
-5.709231491858443031e-01
-6.728591537868160444e-01
-7.737795500875466193e-01
-8.734678465192905472e-01
-9.716841251729613216e-01
-1.068163475624707814e+00
-1.162614949135142295e+00
-1.254721096920450307e+00
-1.344138085357767354e+00
-1.430496466066762062e+00
-1.513402541261166467e+00
-1.592440397465870516e+00
-1.667174557882495911e+00
-1.737153236544104473e+00
-1.801912191056253665e+00
-1.860979153832282851e+00
-1.913878697501689263e+00
-1.960137657807104361e+00
-1.999290856660546067e+00
-2.030887196168702502e+00
-2.054495996701267035e+00
-2.069713411715597751e+00
-2.076169017515331561e+00
-2.073532255356557386e+00
-2.061518772188917215e+00
-2.039896511137312185e+00
-2.008491414733152070e+00
-1.967192663731662350e+00
-1.915957346903100822e+00
-1.854814456309279436e+00
-1.783868066132835439e+00
-1.703299715169132478e+00
-1.613369810765712398e+00
-1.514418079991268984e+00
-1.406862942986093490e+00
-1.291199868733803546e+00
-1.167998623870519337e+00
-1.037899483365383180e+00
-9.016084051088412155e-01
-7.598912281893316356e-01
-6.135669626060632487e-01
-4.635002691155670762e-01
-3.105932145040437575e-01
-1.557764655228264239e-01
-2.511381511294502129e-15
-1.997026053219566527e-15
1.628774027359786158e-01
3.247518334652554906e-01
4.846304854606560686e-01
6.415407214365619337e-01
7.945397572079165860e-01
9.427238686376192556e-01
1.085237002566427522e+00
1.221278621658243857e+00
1.350110726728041222e+00
1.471063906893335327e+00
1.583542392380084207e+00
1.687028023329414816e+00
1.781083102669841933e+00
1.865352163381922113e+00
1.939562587947867067e+00
2.003524176337986518e+00
2.057127666599833926e+00
2.100342286418358295e+00
2.133212401954701409e+00
2.155853370349254394e+00
2.168446674425600129e+00
2.171234456428864590e+00
2.164513543689233988e+00
2.148629106726926530e+00
2.123968061099297699e+00
2.090952269517888151e+00
2.050031739712960377e+00
2.001677864150927189e+00
1.946376803520710297e+00
1.884623144652122884e+00
1.816913870366123840e+00
1.743742737659908837e+00
1.665595153116798954e+00
1.582943540001046312e+00
1.496243330491306534e+00
1.405929526877390590e+00
1.312413938721741946e+00
1.216083058026487862e+00
1.117296611675445694e+00
1.016386769733708784e+00
9.136579996549680782e-01
8.093875694900363182e-01
7.038266117884152129e-01
5.972017876565847150e-01
4.897174264619222339e-01
3.815581620004867558e-01
2.728919325661650075e-01
1.638733433638800141e-01
5.464728021989226359e-02
-5.464728017942328125e-02
-1.638733436488895856e-01
-2.728919325708911159e-01
-3.815581617066516884e-01
-4.897174270138130447e-01
-5.972017862536354027e-01
-7.038266131339039333e-01
-8.093875688682059533e-01
-9.136580013678200496e-01
-1.016386767790079970e+00
-1.117296611378627125e+00
-1.216083057791101041e+00
-1.312413938115224887e+00
-1.405929526700681054e+00
-1.496243330431433094e+00
-1.582943540472820487e+00
-1.665595152656013545e+00
-1.743742737276845478e+00
-1.816913870166810607e+00
-1.884623145137074074e+00
-1.946376801377579069e+00
-2.001677863225228560e+00
-2.050031741468850921e+00
-2.090952267989713675e+00
-2.123968059296823085e+00
-2.148629108350633032e+00
-2.164513543803344930e+00
-2.171234456994127981e+00
-2.168446674485177361e+00
-2.155853371053242817e+00
-2.133212401001908454e+00
-2.100342285409398269e+00
-2.057127667034900131e+00
-2.003524176805301149e+00
-1.939562588758134476e+00
-1.865352164903084864e+00
-1.781083103881219154e+00
-1.687028024269874082e+00
-1.583542395125018487e+00
-1.471063907049988018e+00
-1.350110726291110508e+00
-1.221278622102311306e+00
-1.085237003469264438e+00
-9.427238685619745429e-01
-7.945397558387456982e-01
-6.415407221069316934e-01
-4.846304856503005354e-01
-3.247518332679690811e-01
-1.628774027300764204e-01
-2.626247337394407530e-15
-2.088530163667219114e-15
1.703072169536440361e-01
3.395662095767671418e-01
5.067393684959957678e-01
6.708101428562256441e-01
8.307931537992815363e-01
9.857438146623946906e-01
1.134767309589249651e+00
1.277026801914102894e+00
1.411750769285492924e+00
1.538239317411894902e+00
1.655869470738707827e+00
1.764099315131819390e+00
1.862470996126142975e+00
1.950612559033158444e+00
2.028238616962549923e+00
2.095149895540932228e+00
2.151231708986106383e+00
2.196451399250764158e+00
2.230854854812354127e+00
2.254562178982446596e+00
2.267762612520673571e+00
2.270708834432511924e+00
2.263710725092973330e+00
2.247128751514880562e+00
2.221367047671453765e+00
2.186866357129821026e+00
2.144096878923148708e+00
2.093551241647122030e+00
2.035737568777165940e+00
1.971172845618376801e+00
1.900376622547940597e+00
1.823865131169395415e+00
1.742145922921093826e+00
1.655713025844505859e+00
1.565042737638827619e+00
1.470590043144018866e+00
1.372785706979491094e+00
1.272034053740274562e+00
1.168711447985033125e+00
1.063165457634274169e+00
9.557147099861109663e-01
8.466493958823284594e-01
7.362323962297507851e-01
6.247010038769881257e-01
5.122691764748206200e-01
3.991302702871068475e-01
2.854601937893694319e-01
1.714209121711674777e-01
5.716422947039501157e-02
-5.716422953932333989e-02
-1.714209122007885611e-01
-2.854601938246865145e-01
-3.991302702822696613e-01
-5.122691763362736683e-01
-6.247010037833210516e-01
-7.362323968320733103e-01
-8.466493963970767034e-01
-9.557147116607044302e-01
-1.063165458189380352e+00
-1.168711446465682702e+00
-1.272034053430027178e+00
-1.372785706953243423e+00
-1.470590043191255525e+00
-1.565042738268661582e+00
-1.655713025496413637e+00
-1.742145922697442950e+00
-1.823865131802733686e+00
-1.900376621863707705e+00
-1.971172847956173424e+00
-2.035737567497266642e+00
-2.093551245667671257e+00
-2.144096878706434506e+00
-2.186866354878656882e+00
-2.221367050372399010e+00
-2.247128752895626302e+00
-2.263710724770394034e+00
-2.270708834605893234e+00
-2.267762612074465167e+00
-2.254562177794784184e+00
-2.230854854487573036e+00
-2.196451398918636500e+00
-2.151231709345737819e+00
-2.095149901124055081e+00
-2.028238618111208424e+00
-1.950612558456364054e+00
-1.862470995480673741e+00
-1.764099314563432053e+00
-1.655869471000947168e+00
-1.538239319006311057e+00
-1.411750769634271263e+00
-1.277026803507160357e+00
-1.134767308416390730e+00
-9.857438136868674761e-01
-8.307931544772357846e-01
-6.708101437428373170e-01
-5.067393682291235768e-01
-3.395662095364918587e-01
-1.703072169809760339e-01
-2.746453678061964804e-15
-2.184331422990422871e-15
1.780841516686686443e-01
3.550727172524859587e-01
5.298811942760747185e-01
7.014470737517453092e-01
8.687403951150894921e-01
1.030773797512992473e+00
1.186611902078305691e+00
1.335379877591659659e+00
1.476271110065466408e+00
1.608553800064077333e+00
1.731576489945331865e+00
1.844772404626267903e+00
1.947662593028008704e+00
2.039857832059394749e+00
2.121059369760215141e+00
2.191058431279698127e+00
2.249734643627919528e+00
2.297053370870184796e+00
2.333062095861288210e+00
2.357885880153856473e+00
2.371722086860276857e+00
2.374834414403825367e+00
2.367546407594510960e+00
2.350234533542835624e+00
2.323320951643444765e+00
2.287266148376157382e+00
2.242561483597512506e+00
2.189721789800004537e+00
2.129278184560976062e+00
2.061771101062082501e+00
1.987743703191980460e+00
1.907735754696106900e+00
1.822277981841307737e+00
1.731887029572575010e+00
1.637061036507412304e+00
1.538275909210414572e+00
1.435982249293806579e+00
1.330603053375018829e+00
1.222532095621587711e+00
1.112133076461806924e+00
9.997394349885527776e-01
8.856548971456295050e-01
7.701546386573725478e-01
6.534870894463750135e-01
5.358762825432570320e-01
4.175247099578776044e-01
2.986166228856085292e-01
1.793216931692557803e-01
5.979896754731071906e-02
-5.979896755540986542e-02
-1.793216931895646460e-01
-2.986166229959294482e-01
-4.175247097888060144e-01
-5.358762828136521827e-01
-6.534870902593199471e-01
-7.701546386876724215e-01
-8.856548949959789363e-01
-9.997394360348474951e-01
-1.112133075450164821e+00
-1.222532097408425278e+00
-1.330603052562552735e+00
-1.435982250194626220e+00
-1.538275909462047064e+00
-1.637061039431230380e+00
-1.731887030159941832e+00
-1.822277981707272954e+00
-1.907735755079855489e+00
-1.987743703480719493e+00
-2.061771099370311333e+00
-2.129278184147996633e+00
-2.189721792407343326e+00
-2.242561483248820320e+00
-2.287266148723758441e+00
-2.323320949554311010e+00
-2.350234532778398222e+00
-2.367546412513537923e+00
-2.374834415238620711e+00
-2.371722089621516538e+00
-2.357885880536848333e+00
-2.333062099424547231e+00
-2.297053375048179635e+00
-2.249734642663547834e+00
-2.191058430503739274e+00
-2.121059365914682804e+00
-2.039857831819473777e+00
-1.947662589717573667e+00
-1.844772406992953862e+00
-1.731576489513904971e+00
-1.608553799768235093e+00
-1.476271111117004819e+00
-1.335379880081554393e+00
-1.186611901719300644e+00
-1.030773798931132301e+00
-8.687403956056031218e-01
-7.014470726899174613e-01
-5.298811953506339378e-01
-3.550727170886570083e-01
-1.780841517649947581e-01
-2.872298130612938705e-15
-2.284679164574460456e-15
1.862282283659120463e-01
3.713112741801504746e-01
5.541155310049210581e-01
7.335303593555942969e-01
9.084791152239259926e-01
1.077929648601264612e+00
1.240904096759405162e+00
1.396487846677742839e+00
1.543837529637424266e+00
1.682187939238700025e+00
1.810857794911562069e+00
1.929254285602949981e+00
2.036876352006065982e+00
2.133316706280623087e+00
2.218262584643401425e+00
2.291495272221895085e+00
2.352888432318817280e+00
2.402405370470817036e+00
2.440095219141929395e+00
2.466088240595902370e+00
2.480590292378963557e+00
2.483876627031804230e+00
2.476285088212023755e+00
2.458208889596393831e+00
2.430089085495994450e+00
2.392406832191061206e+00
2.345675631967471642e+00
2.290433589804301118e+00
2.227235894453375664e+00
2.156647527308218404e+00
2.079236397077538712e+00
1.995566898696100155e+00
1.906194034044776719e+00
1.811658126093163457e+00
1.712480197740479104e+00
1.609158051058729333e+00
1.502163075003804860e+00
1.391937809986790286e+00
1.278894276878778102e+00
1.163413053578510326e+00
1.045843101344750670e+00
9.265023189968690787e-01
8.056787586572318194e-01
6.836325126928856077e-01
5.605981618081710138e-01
4.367877698159909894e-01
3.123943228310730458e-01
1.875955633018405733e-01
6.255812270141680731e-02
-6.255812268714862345e-02
-1.875955633770714504e-01
-3.123943228892714363e-01
-4.367877699216093368e-01
-5.605981618372000153e-01
-6.836325125718635265e-01
-8.056787587681124574e-01
-9.265023194416848185e-01
-1.045843102460160434e+00
-1.163413053009637821e+00
-1.278894277239859489e+00
-1.391937810193559333e+00
-1.502163074988686509e+00
-1.609158052205706735e+00
-1.712480197963678341e+00
-1.811658124493045863e+00
-1.906194034168597007e+00
-1.995566899371336911e+00
-2.079236396943406451e+00
-2.156647528907839728e+00
-2.227235893539696754e+00
-2.290433592494847126e+00
-2.345675631700051333e+00
-2.392406834543338690e+00
-2.430089083879794387e+00
-2.458208890721881090e+00
-2.476285087667891904e+00
-2.483876626084037476e+00
-2.480590295405934231e+00
-2.466088239019296857e+00
-2.440095220694160627e+00
-2.402405370786687477e+00
-2.352888432477815428e+00
-2.291495268914903960e+00
-2.218262587222551208e+00
-2.133316707158232628e+00
-2.036876351523653206e+00
-1.929254284971513300e+00
-1.810857795275309323e+00
-1.682187939353133155e+00
-1.543837529257463093e+00
-1.396487846317346904e+00
-1.240904096311828964e+00
-1.077929649070103135e+00
-9.084791154663364177e-01
-7.335303588672567043e-01
-5.541155309811225393e-01
-3.713112742264939037e-01
-1.862282283379541326e-01
-3.004107376130503840e-15
-2.389848653816139693e-15
1.947615450664789138e-01
3.883259383416570731e-01
5.795081176918603916e-01
7.671470136131691708e-01
9.501170663486080414e-01
1.127339187421049438e+00
1.297791004250465452e+00
1.460516215070700508e+00
1.614632944677447446e+00
1.759340975389089845e+00
1.893927782471906740e+00
2.017773271592035567e+00
2.130353225468553990e+00
2.231241423216629105e+00
2.320110426830404027e+00
2.396731095618489515e+00
2.460970863500974826e+00
2.512790867199490741e+00
2.552241978315604509e+00
2.579459908500324250e+00
2.594659423317074776e+00
2.598127877213498138e+00
2.590218101230867820e+00
2.571340868490447740e+00
2.541957013708262547e+00
2.502569372353787625e+00
2.453714642803235702e+00
2.395955319702504749e+00
2.329871808641881259e+00
2.256054826328010687e+00
2.175098197135386435e+00
2.087592132262157119e+00
1.994117066756533108e+00
1.895238141729345349e+00
1.791500349305026552e+00
1.683424440929279786e+00
1.571503580220532825e+00
1.456200789374541005e+00
1.337947200470471998e+00
1.217141080083716131e+00
1.094147651574045810e+00
9.692996568231805332e-01
8.428986441364345605e-01
7.152169189545102279e-01
5.865001164688437019e-01
4.569703223054382701e-01
3.268296741313330700e-01
1.962643678478258047e-01
6.544897943452704370e-02
-6.544897942199344454e-02
-1.962643677023350741e-01
-3.268296741789225579e-01
-4.569703224967351374e-01
-5.865001167128246484e-01
-7.152169187674767281e-01
-8.428986439282030174e-01
-9.692996574136023558e-01
-1.094147651265205523e+00
-1.217141079105459989e+00
-1.337947199012284205e+00
-1.456200789749342972e+00
-1.571503580500501762e+00
-1.683424442932267118e+00
-1.791500350025462485e+00
-1.895238142833118866e+00
-1.994117068171398666e+00
-2.087592132601136630e+00
-2.175098195655363220e+00
-2.256054825478562176e+00
-2.329871807060979183e+00
-2.395955320511917286e+00
-2.453714644675791590e+00
-2.502569373669942809e+00
-2.541957014477194576e+00
-2.571340868498199761e+00
-2.590218102168688308e+00
-2.598127878556237835e+00
-2.594659425468889502e+00
-2.579459906022758542e+00
-2.552241977229281478e+00
-2.512790867155938468e+00
-2.460970864227321808e+00
-2.396731096156309526e+00
-2.320110425973332724e+00
-2.231241422606177860e+00
-2.130353225647124482e+00
-2.017773270452432488e+00
-1.893927783248855912e+00
-1.759340976546684088e+00
-1.614632944398962211e+00
-1.460516215592120082e+00
-1.297791004662393277e+00
-1.127339187532528930e+00
-9.501170659786495332e-01
-7.671470134421882747e-01
-5.795081177366321334e-01
-3.883259379898628683e-01
-1.947615452002485481e-01
-3.142242050595096533e-15
-2.500145417162907356e-15
2.037086237713621739e-01
4.061655989315027804e-01
6.061319055870141304e-01
8.023935923565401751e-01
9.937738022391600090e-01
1.179144233196021796e+00
1.357435834855321710e+00
1.527648593546754530e+00
1.688860256092834078e+00
1.840233898782427380e+00
1.981024234449889843e+00
2.110582558628540273e+00
2.228360389721016244e+00
2.333911649208435080e+00
2.426893520387300551e+00
2.507065939197601789e+00
2.574289811839880926e+00
2.628524002635678425e+00
2.669821225375542006e+00
2.698322902558734526e+00
2.714253165539548984e+00
2.717912043396686350e+00
2.709668099893191240e+00
2.689950523736462262e+00
2.659240908039628426e+00
2.618064807619469914e+00
2.566983256312056039e+00
2.506584327400708023e+00
2.437474866626053949e+00
2.360272580292519073e+00
2.275598465750527932e+00
2.184069804927324832e+00
2.086293709553798781e+00
1.982861326640932953e+00
1.874342787504847507e+00
1.761282905887406658e+00
1.644197667604650803e+00
1.523571573769548326e+00
1.399855785986813483e+00
1.273467119758202593e+00
1.144787838952511461e+00
1.014166249513169582e+00
8.819180380816001863e-01
7.483283140049922233e-01
6.136542954086363633e-01
4.781285716666757168e-01
3.419628689227904306e-01
2.053522401029535815e-01
6.847958517774943576e-02
-6.847958526450792505e-02
-2.053522401153230759e-01
-3.419628692293260053e-01
-4.781285714371816820e-01
-6.136542954169481590e-01
-7.483283136835183758e-01
-8.819180372837340798e-01
-1.014166248090524913e+00
-1.144787839232377813e+00
-1.273467120746961889e+00
-1.399855787889582759e+00
-1.523571572555132425e+00
-1.644197666816976877e+00
-1.761282903635785324e+00
-1.874342786802125849e+00
-1.982861326322503670e+00
-2.086293708366462774e+00
-2.184069805844619072e+00
-2.275598465204338172e+00
-2.360272579228649192e+00
-2.437474866248401373e+00
-2.506584324956441900e+00
-2.566983257862379020e+00
-2.618064805482699153e+00
-2.659240906787877723e+00
-2.689950523321485321e+00
-2.709668099368018002e+00
-2.717912042113233895e+00
-2.714253162348581050e+00
-2.698322904011844603e+00
-2.669821225894928318e+00
-2.628524002101102486e+00
-2.574289809360007730e+00
-2.507065939123773290e+00
-2.426893517680939638e+00
-2.333911650636856461e+00
-2.228360394037168124e+00
-2.110582563110022125e+00
-1.981024232994895051e+00
-1.840233898635825538e+00
-1.688860254386018056e+00
-1.527648593345242611e+00
-1.357435835178082417e+00
-1.179144234174080319e+00
-9.937738022202232679e-01
-8.023935918355138419e-01
-6.061319064339611984e-01
-4.061655983236610590e-01
-2.037086238291180296e-01
-3.287102413446489185e-15
-2.615910483126980980e-15
2.130968290922170549e-01
4.248848112346242933e-01
6.340682985309105124e-01
8.393778338246443704e-01
1.039582724757705634e+00
1.233503016555760334e+00
1.420020677767867889e+00
1.598089812584518210e+00
1.766745799823532526e+00
1.925113202857225092e+00
2.072412344227279490e+00
2.207964521528302360e+00
2.331195774348742145e+00
2.441639203249429624e+00
2.538935864425080347e+00
2.622834247647108263e+00
2.693188408509441967e+00
2.749954857337120639e+00
2.793188235310455791e+00
2.823035990473239831e+00
2.839732063725245226e+00
2.843589841770967741e+00
2.834994385749749046e+00
2.814394224520607057e+00
2.782292732586461259e+00
2.739239343672720928e+00
2.685820625087143920e+00
2.622651481545556607e+00
2.550366540023276229e+00
2.469611807257085179e+00
2.381036816886708429e+00
2.285287254528164613e+00
2.182998205636726308e+00
2.074788134154734287e+00
1.961253534474152183e+00
1.842964461569057910e+00
1.720460858570607821e+00
1.594249749810579431e+00
1.464803315281731688e+00
1.332557816335701695e+00
1.197913396032147748e+00
1.061234683164053783e+00
9.228521909495588371e-01
7.830644588502018166e-01
6.421408448702696781e-01
5.003249495101590449e-01
3.578385514662306699e-01
2.148859865049838613e-01
7.165887888366488656e-02
-7.165887887503928633e-02
-2.148859866917113837e-01
-3.578385513148893970e-01
-5.003249492559497247e-01
-6.421408442830863761e-01
-7.830644585757949860e-01
-9.228521919453582800e-01
-1.061234682916455396e+00
-1.197913393809602933e+00
-1.332557815900247800e+00
-1.464803312532122925e+00
-1.594249749890194412e+00
-1.720460858132447868e+00
-1.842964461073190341e+00
-1.961253530546326340e+00
-2.074788133819589486e+00
-2.182998209204029649e+00
-2.285287254534818402e+00
-2.381036818174028902e+00
-2.469611807305753359e+00
-2.550366536378734672e+00
-2.622651480475889141e+00
-2.685820624421658476e+00
-2.739239346361468819e+00
-2.782292735916562343e+00
-2.814394221788588890e+00
-2.834994384670824541e+00
-2.843589842299865111e+00
-2.839732064504221221e+00
-2.823035990863044020e+00
-2.793188236052634998e+00
-2.749954857113607432e+00
-2.693188408807267287e+00
-2.622834245551346033e+00
-2.538935864193700098e+00
-2.441639204808562891e+00
-2.331195773534052051e+00
-2.207964522500780014e+00
-2.072412346081059731e+00
-1.925113203181388899e+00
-1.766745799862844413e+00
-1.598089811765156742e+00
-1.420020676065597565e+00
-1.233503017982213512e+00
-1.039582724414809478e+00
-8.393778332845277523e-01
-6.340682987181336383e-01
-4.248848108213843511e-01
-2.130968291223190592e-01
-3.439135210562125501e-15
-2.737526503039375728e-15
2.229568586650004514e-01
4.445447775206732288e-01
6.634086118922395414e-01
8.782205903334514563e-01
1.087693465495017886e+00
1.290593018057960562e+00
1.485749752100258059e+00
1.672069586206612390e+00
1.848543395911668386e+00
2.014255278466787757e+00
2.168389454733893551e+00
2.310235703713710009e+00
2.439193331819851096e+00
2.554773573756082161e+00
2.656600561251015069e+00
2.744410774229728123e+00
2.818051102802233032e+00
2.877475589122932664e+00
2.922740939310097374e+00
2.954000931516639117e+00
2.971499856276589302e+00
2.975565115764153390e+00
2.966599156005610194e+00
2.945070813499255369e+00
2.911506382069219967e+00
2.866480358393486139e+00
2.810606157977309394e+00
2.744526891734140328e+00
2.668906357251318973e+00
2.584420310197915516e+00
2.491748240001627313e+00
2.391565675970702021e+00
2.284537104122338125e+00
2.171309646434387286e+00
2.052507507787855179e+00
1.928727239812820349e+00
1.800533937244733762e+00
1.668458275660490209e+00
1.532994494119992668e+00
1.394599279651927981e+00
1.253691535513790756e+00
1.110653017460194070e+00
9.658298027223793936e-01
8.195345128264899248e-01
6.720492470011721897e-01
5.236291582898092711e-01
3.745065638571000166e-01
2.248955343419935526e-01
7.499683942255321034e-02
-7.499683949870152022e-02
-2.248955344394123479e-01
-3.745065633036534503e-01
-5.236291586034445000e-01
-6.720492477159690781e-01
-8.195345123701277545e-01
-9.658298031248597759e-01
-1.110653017972438095e+00
-1.253691533272203618e+00
-1.394599282186562039e+00
-1.532994494522613271e+00
-1.668458275070401564e+00
-1.800533936853649930e+00
-1.928727240344083382e+00
-2.052507504444009090e+00
-2.171309648359776023e+00
-2.284537104605167013e+00
-2.391565678203650958e+00
-2.491748238697683249e+00
-2.584420309670242055e+00
-2.668906358660604106e+00
-2.744526897336355020e+00
-2.810606158861935100e+00
-2.866480357588946593e+00
-2.911506380255057369e+00
-2.945070814332853448e+00
-2.966599154309206732e+00
-2.975565121224471365e+00
-2.971499861865827263e+00
-2.954000931934502194e+00
-2.922740939086802658e+00
-2.877475589610603457e+00
-2.818051103239617827e+00
-2.744410772875426563e+00
-2.656600561472014288e+00
-2.554773573581335278e+00
-2.439193332793532232e+00
-2.310235705886589663e+00
-2.168389452844794008e+00
-2.014255278074994493e+00
-1.848543394801031470e+00
-1.672069587684285930e+00
-1.485749753248861715e+00
-1.290593017970665279e+00
-1.087693463699792584e+00
-8.782205908556500740e-01
-6.634086109788692731e-01
-4.445447773824609539e-01
-2.229568587734458984e-01
-3.598841688866195082e-15
-2.865425039776326188e-15
2.333233282439268474e-01
4.652145064956723641e-01
6.942558090218530209e-01
9.190581303220961562e-01
1.138274730352163644e+00
1.350614322741341189e+00
1.554853288582336068e+00
1.749846866399183076e+00
1.934539125592600994e+00
2.107971632627989145e+00
2.269290639862278525e+00
2.417752811481068242e+00
2.552729326592487524e+00
2.673708477836306052e+00
2.780296607545389431e+00
2.872217595387119626e+00
2.949310821145838091e+00
3.011527762410610265e+00
3.058927323962231437e+00
3.091669977789698986e+00
3.110010917750062998e+00
3.114292327325538068e+00
3.104934925647365063e+00
3.082428970455481920e+00
3.047324856217750177e+00
3.000223467348598128e+00
2.941766466889843112e+00
2.872626638546680322e+00
2.793498446725063200e+00
2.705088950801598724e+00
2.608109164054051021e+00
2.503265970198107038e+00
2.391254772215100299e+00
2.272752834067351291e+00
2.148413469754850258e+00
2.018861104607911905e+00
1.884687256502547648e+00
1.746447460231699500e+00
1.604659139139396951e+00
1.459800423561119942e+00
1.312309932499794218e+00
1.162587416174730937e+00
1.010995289775030725e+00
8.578609646287624901e-01
7.034799127597484159e-01
5.481194071898386477e-01
3.920228291551049460e-01
2.354144604856848733e-01
7.850466317863465104e-02
-7.850466320072022053e-02
-2.354144603194883723e-01
-3.920228288804318284e-01
-5.481194066841583723e-01
-7.034799124780223289e-01
-8.578609639343608428e-01
-1.010995290157970627e+00
-1.162587417604728612e+00
-1.312309933749589819e+00
-1.459800425834083759e+00
-1.604659138592954060e+00
-1.746447462474751466e+00
-1.884687257128130122e+00
-2.018861104785306448e+00
-2.148413466949888662e+00
-2.272752833627960545e+00
-2.391254772742912760e+00
-2.503265968980818545e+00
-2.608109164879365061e+00
-2.705088954148525016e+00
-2.793498449145889406e+00
-2.872626637807921934e+00
-2.941766468051481453e+00
-3.000223468946274785e+00
-3.047324858009403670e+00
-3.082428971938856677e+00
-3.104934924667562157e+00
-3.114292324936744905e+00
-3.110010917925076779e+00
-3.091669975756430766e+00
-3.058927322134043614e+00
-3.011527762155442378e+00
-2.949310821019084816e+00
-2.872217594090428872e+00
-2.780296607095766870e+00
-2.673708477559630481e+00
-2.552729330578704658e+00
-2.417752810883799786e+00
-2.269290641118443919e+00
-2.107971631926170097e+00
-1.934539126918560781e+00
-1.749846863217953130e+00
-1.554853288590782423e+00
-1.350614322800972600e+00
-1.138274730703060733e+00
-9.190581310305669938e-01
-6.942558092859331120e-01
-4.652145064840119137e-01
-2.333233279712812747e-01
-3.766787139688097355e-15
-3.000095186751188041e-15
2.442354593045160949e-01
4.869721907800673710e-01
7.267265528636771554e-01
9.620448392847685826e-01
1.191517656263882508e+00
1.413793608895573151e+00
1.627592086216396616e+00
1.831714959539818777e+00
2.025057022945984997e+00
2.206615053489355383e+00
2.375495351553971179e+00
2.530919713466860621e+00
2.672229756600161377e+00
2.798889606066175428e+00
2.910486930488367374e+00
3.006732369414349293e+00
3.087457430555361704e+00
3.152610943167972746e+00
3.202254147788375249e+00
3.236554614582394684e+00
3.255779063568010390e+00
3.260285272022735104e+00
3.250513248671357491e+00
3.226975829768393034e+00
3.190248810592082762e+00
3.140960891696268575e+00
3.079783499341146147e+00
3.007420672695952035e+00
2.924599207557831981e+00
2.832059106559341011e+00
2.730544561137622228e+00
2.620795502604674532e+00
2.503539865620011629e+00
2.379486648446474728e+00
2.249319797525547227e+00
2.113693070459827350e+00
1.973225787481490912e+00
1.828499631730822861e+00
1.680056412147805212e+00
1.528396824298871470e+00
1.373980204621751744e+00
1.217225224652287885e+00
1.058511471360764622e+00
8.981818950339989227e-01
7.365460214791601512e-01
5.738838525029101856e-01
4.104503812890747394e-01
2.464806104307065704e-01
8.219496965048764259e-02
-8.219496971526535356e-02
-2.464806103623432276e-01
-4.104503815983159831e-01
-5.738838520842043378e-01
-7.365460217075137095e-01
-8.981818949947808495e-01
-1.058511470769396778e+00
-1.217225224911272052e+00
-1.373980206054749909e+00
-1.528396823244941638e+00
-1.680056412005539901e+00
-1.828499631930645020e+00
-1.973225786698633355e+00
-2.113693069575113714e+00
-2.249319797861502490e+00
-2.379486648685535499e+00
-2.503539866350278142e+00
-2.620795503635517942e+00
-2.730544560334545956e+00
-2.832059105627877660e+00
-2.924599209745180506e+00
-3.007420673217765295e+00
-3.079783498490435090e+00
-3.140960893039959956e+00
-3.190248809436018185e+00
-3.226975825136509712e+00
-3.250513247315295562e+00
-3.260285270933246160e+00
-3.255779062152647896e+00
-3.236554615814286162e+00
-3.202254148944208900e+00
-3.152610940964852393e+00
-3.087457428930257652e+00
-3.006732369532159055e+00
-2.910486931523110776e+00
-2.798889606455989831e+00
-2.672229755413057628e+00
-2.530919712892579554e+00
-2.375495351544931744e+00
-2.206615054223446837e+00
-2.025057022727188460e+00
-1.831714959216587335e+00
-1.627592086477009703e+00
-1.413793608821706238e+00
-1.191517656812275172e+00
-9.620448392812157579e-01
-7.267265533297375679e-01
-4.869721907918010961e-01
-2.442354593757931902e-01
-3.943612183290434881e-15
-3.142093691837691188e-15
2.557378907456414052e-01
5.099068196027285449e-01
7.609536114916717331e-01
1.007356413178097654e+00
1.247639741960834048e+00
1.480388807612296631e+00
1.704262887452549169e+00
1.918007576966924255e+00
2.120465709658794218e+00
2.310586843424126346e+00
2.487435167543025294e+00
2.650195734656978885e+00
2.798179016244354944e+00
2.930823702895406502e+00
3.047697799020272935e+00
3.148498035545192586e+00
3.233047674819975015e+00
3.301292790245849318e+00
3.353297158964990476e+00
3.389235885093062617e+00
3.409387881167235346e+00
3.414127426515123798e+00
3.403914932407705152e+00
3.379287059012261007e+00
3.340846454618951800e+00
3.289251177712156693e+00
3.225204059626337827e+00
3.149442129052151707e+00
3.062726275492164252e+00
2.965831264600463868e+00
2.859536279575445317e+00
2.744616087955817907e+00
2.621832925486600185e+00
2.491929229959837677e+00
2.355621247784185801e+00
2.213593627509307993e+00
2.066494990291964040e+00
1.914934562498962878e+00
1.759479829191514799e+00
1.600655243012286677e+00
1.438941957460980969e+00
1.274778544591269602e+00
1.108562665515396617e+00
9.406536156086490186e-01
7.713756911395261984e-01
6.010222756395454669e-01
4.298605638434182530e-01
2.581368180948300228e-01
8.608204127613218459e-02
-8.608204124765776732e-02
-2.581368179396395512e-01
-4.298605637938646695e-01
-6.010222753316840638e-01
-7.713756916350930082e-01
-9.406536153853268800e-01
-1.108562665601639186e+00
-1.274778543944889098e+00
-1.438941957204005861e+00
-1.600655241875828194e+00
-1.759479829461190636e+00
-1.914934564168113029e+00
-2.066494991185254371e+00
-2.213593627185990620e+00
-2.355621248640847210e+00
-2.491929228990560574e+00
-2.621832923385613245e+00
-2.744616088073202231e+00
-2.859536279431153183e+00
-2.965831267049989339e+00
-3.062726276022441851e+00
-3.149442129856292905e+00
-3.225204059764636533e+00
-3.289251176782016728e+00
-3.340846455503490908e+00
-3.379287058285324274e+00
-3.403914930498148195e+00
-3.414127425408637784e+00
-3.409387881181058066e+00
-3.389235882120134047e+00
-3.353297158336648209e+00
-3.301292790461661131e+00
-3.233047673975669500e+00
-3.148498036247413978e+00
-3.047697799376289041e+00
-2.930823702004312192e+00
-2.798179012974673086e+00
-2.650195734558922211e+00
-2.487435168990614898e+00
-2.310586842990230760e+00
-2.120465709010122879e+00
-1.918007575697738387e+00
-1.704262888453298874e+00
-1.480388807624757552e+00
-1.247639741610689690e+00
-1.007356412910699994e+00
-7.609536111765911048e-01
-5.099068196833779210e-01
-2.557378908542692342e-01
-4.130046022462339440e-15
-3.292056865393667886e-15
2.678816302135330063e-01
5.341200777337520300e-01
7.970886859975410133e-01
1.055193598502806696e+00
1.306889493018125847e+00
1.550694595545699439e+00
1.785204690189232890e+00
2.009105908224753101e+00
2.221186214932703074e+00
2.420345312929421677e+00
2.605602912282702466e+00
2.776105321964733363e+00
2.931130114647810814e+00
3.070089202902059000e+00
3.192529845572686042e+00
3.298134172673736320e+00
3.386716763134842267e+00
3.458220886560694929e+00
3.512713062521502394e+00
3.550376384264303464e+00
3.571502756071503359e+00
3.576483954823291622e+00
3.565801967077467882e+00
3.540018699013302683e+00
3.499765207797778555e+00
3.445730609842699632e+00
3.378650929313483875e+00
3.299298098564354298e+00
3.208469000089968493e+00
3.106975157501069784e+00
2.995632714635137805e+00
2.875253229217019424e+00
2.746635152036212446e+00
2.610556227999888623e+00
2.467766794781618866e+00
2.318984098976922148e+00
2.164887667811778105e+00
2.006115797979802551e+00
1.843263031837664601e+00
1.676878883160096256e+00
1.507467490684834432e+00
1.335488405241802123e+00
1.161358310785549630e+00
9.854537229306908896e-01
8.081144761377750951e-01
6.296480350422930528e-01
4.503344234192885320e-01
2.704317423350575122e-01
9.018210266688482524e-02
-9.018210267209156306e-02
-2.704317422531366533e-01
-4.503344234315705408e-01
-6.296480344370805060e-01
-8.081144765278021058e-01
-9.854537228055650910e-01
-1.161358310942097072e+00
-1.335488405951863466e+00
-1.507467490749377914e+00
-1.676878882991192699e+00
-1.843263031968227272e+00
-2.006115797629329123e+00
-2.164887667810724281e+00
-2.318984096277000084e+00
-2.467766793359367661e+00
-2.610556228591548678e+00
-2.746635144984839627e+00
-2.875253230657174086e+00
-2.995632722713645446e+00
-3.106975157874506621e+00
-3.208469009200787259e+00
-3.299298096082720289e+00
-3.378650930423495069e+00
-3.445730612539149806e+00
-3.499765208510281500e+00
-3.540018699054616746e+00
-3.565801966277762247e+00
-3.576483955063832987e+00
-3.571502762721298296e+00
-3.550376383621173471e+00
-3.512713051578224999e+00
-3.458220884786077587e+00
-3.386716763335198888e+00
-3.298134172774143114e+00
-3.192529854647094822e+00
-3.070089203848864301e+00
-2.931130115288832716e+00
-2.776105319622998557e+00
-2.605602911245722186e+00
-2.420345311518804277e+00
-2.221186215452750634e+00
-2.009105910610271994e+00
-1.785204689920321997e+00
-1.550694594972146900e+00
-1.306889494085326175e+00
-1.055193598375220976e+00
-7.970886857549268623e-01
-5.341200780035165741e-01
-2.678816299811105361e-01
-4.326922030013108640e-15
-3.450714536184088491e-15
2.807251706558721582e-01
5.597285703717372884e-01
8.353057413499778150e-01
1.105786580871295222e+00
1.369551838554318168e+00
1.625048832088829442e+00
1.870806115356885346e+00
2.105446920043565928e+00
2.327701134938090277e+00
2.536415720152586761e+00
2.730563371730148514e+00
2.909249383512134912e+00
3.071716640313448377e+00
3.217348702897437462e+00
3.345671014583206482e+00
3.456350259298885508e+00
3.549192010322782309e+00
3.624136566362184730e+00
3.681253453028980882e+00
3.720734361321403227e+00
3.742884988962881021e+00
3.748115699907012655e+00
3.736931431809608295e+00
3.709920878923793186e+00
3.667745206175506922e+00
3.611126421145590459e+00
3.540835796607673114e+00
3.457682159540023559e+00
3.362500588778672306e+00
3.256141459011819173e+00
3.139460051828277809e+00
3.013306844643528493e+00
2.878518616683827691e+00
2.735910448006915185e+00
2.586268710315165809e+00
2.430345120080593002e+00
2.268851874309403271e+00
2.102457940997040087e+00
1.931786487176937905e+00
1.757413451809039184e+00
1.579867249160591625e+00
1.399629553595150178e+00
1.217137127992726553e+00
1.032784619569774964e+00
8.469282506526623067e-01
6.598903053467387592e-01
4.719643158563907037e-01
2.834208295609412787e-01
9.451364133673989532e-02
-9.451364134542572515e-02
-2.834208295994083970e-01
-4.719643157650412202e-01
-6.598903056574781933e-01
-8.469282507841175978e-01
-1.032784619727595610e+00
-1.217137127703172839e+00
-1.399629553866177822e+00
-1.579867249345642044e+00
-1.757413451519566960e+00
-1.931786487141053721e+00
-2.102457941484333848e+00
-2.268851874242075795e+00
-2.430345120282006555e+00
-2.586268710604804344e+00
-2.735910446874743052e+00
-2.878518616392500284e+00
-3.013306844977897914e+00
-3.139460051612863900e+00
-3.256141460342631966e+00
-3.362500588243333866e+00
-3.457682159312985171e+00
-3.540835797523336659e+00
-3.611126421349901694e+00
-3.667745195387490220e+00
-3.709920878443245584e+00
-3.736931432101818995e+00
-3.748115699585279792e+00
-3.742884989484791536e+00
-3.720734373066690193e+00
-3.681253441809782867e+00
-3.624136556217892657e+00
-3.549192008009852461e+00
-3.456350268659625247e+00
-3.345671014633401885e+00
-3.217348702203016941e+00
-3.071716640770755458e+00
-2.909249383891909346e+00
-2.730563372020864854e+00
-2.536415719623842602e+00
-2.327701135256066145e+00
-2.105446919341827705e+00
-1.870806114514778296e+00
-1.625048831806259697e+00
-1.369551838647053987e+00
-1.105786580746414671e+00
-8.353057415104377936e-01
-5.597285702478140834e-01
-2.807251706141411507e-01
-4.535196014745405341e-15
-3.618906314204253268e-15
2.943357883850872270e-01
5.868664085306607436e-01
8.758048418376858102e-01
1.159400082907791507e+00
1.435954439109978331e+00
1.703839998073731099e+00
1.961514014652061544e+00
2.207532988881213853e+00
2.440565244855318117e+00
2.659401827788244521e+00
2.862965604970328926e+00
3.050318458078871142e+00
3.220666511035841673e+00
3.373363377750946412e+00
3.507911420808540459e+00
3.623961099344344294e+00
3.721308441540217338e+00
3.799890815651196796e+00
3.859780996547849341e+00
3.901179914820565919e+00
3.924407990038239369e+00
3.929895431024163610e+00
3.918171589515253572e+00
3.889853665346175937e+00
3.845634825402757695e+00
3.786272098931811936e+00
3.712574105291036375e+00
3.625388900081018662e+00
3.525592063079991956e+00
3.414075220617625028e+00
3.291735154953974618e+00
3.159463615477459797e+00
3.018137997089413549e+00
2.868612946288305654e+00
2.711713021967498083e+00
2.548226428485529826e+00
2.378899949452576212e+00
2.204435034529317328e+00
2.025485102669842608e+00
1.842654075938291003e+00
1.656496004166025271e+00
1.467515948470511367e+00
1.276171865670183925e+00
1.082877554193443448e+00
8.880065118968949456e-01
6.918966522162973698e-01
4.948557322009186077e-01
2.971674103875844852e-01
9.909777340568373671e-02
-9.909777343916445491e-02
-2.971674104643218239e-01
-4.948557320275101534e-01
-6.918966518501949992e-01
-8.880065124717414493e-01
-1.082877553713011753e+00
-1.276171864272771517e+00
-1.467515946644109226e+00
-1.656496004237727471e+00
-1.842654077038428539e+00
-2.025485108247492505e+00
-2.204435035185598579e+00
-2.378899948394948893e+00
-2.548226428830779433e+00
-2.711713020870466284e+00
-2.868612947418108128e+00
-3.018137997043132348e+00
-3.159463615460221586e+00
-3.291735154662695173e+00
-3.414075221701437624e+00
-3.525592064308703755e+00
-3.625388901592360824e+00
-3.712574106268732521e+00
-3.786272098078656168e+00
-3.845634826622450486e+00
-3.889853665610732314e+00
-3.918171590987769459e+00
-3.929895428141247038e+00
-3.924407991894351966e+00
-3.901179914506301305e+00
-3.859780998032604771e+00
-3.799890804447668469e+00
-3.721308441539543210e+00
-3.623961097974861989e+00
-3.507911420741388397e+00
-3.373363378144324187e+00
-3.220666519529151728e+00
-3.050318468036491648e+00
-2.862965605671603964e+00
-2.659401827224959103e+00
-2.440565244566167635e+00
-2.207532994266074411e+00
-1.961514014812706597e+00
-1.703839998175050718e+00
-1.435954439212532741e+00
-1.159400082801674836e+00
-8.758048418912726119e-01
-5.868664086300403593e-01
-2.943357883916827289e-01
-4.755967503004042583e-15
-3.797600520480095151e-15
3.087910536526438654e-01
6.156882198134751016e-01
9.188166583426982115e-01
1.216339304405063215e+00
1.506475028570821495e+00
1.787515929755655764e+00
2.057843434520032488e+00
2.315943110778482250e+00
2.560417850233479786e+00
2.789999292022410149e+00
3.003557397909003335e+00
3.200107954740650573e+00
3.378818109173706397e+00
3.539009714947168650e+00
3.680160747706909152e+00
3.801904530566942775e+00
3.904027079419894353e+00
3.986462775607038989e+00
4.049288014056671159e+00
4.092713668872409727e+00
4.117075971378625354e+00
4.122826329578177074e+00
4.110520225625622359e+00
4.080805213594707936e+00
4.034408631306403592e+00
3.972124772977043250e+00
3.894802060538708588e+00
3.803330314571243598e+00
3.698628195242879002e+00
3.581631219345018824e+00
3.453280250822598152e+00
3.314510950497827846e+00
3.166243822946329889e+00
3.009375568591937000e+00
2.844771258470510933e+00
2.673257847664850306e+00
2.495618785533439077e+00
2.312589978501528254e+00
2.124856921296502943e+00
1.933053144905700238e+00
1.737759877985738832e+00
1.539506932397987082e+00
1.338774674163255574e+00
1.135997142243986513e+00
9.315660845743355400e-01
7.258359049474377711e-01
5.191293663598802732e-01
3.117439379707079294e-01
1.039586565965913423e-01
-1.039586566297391185e-01
-3.117439380285263462e-01
-5.191293660772497986e-01
-7.258359046476818843e-01
-9.315660842389187346e-01
-1.135997141684539136e+00
-1.338774675335256292e+00
-1.539506932494397740e+00
-1.737759877804061492e+00
-1.933053145963392616e+00
-2.124856915594647067e+00
-2.312589978117471023e+00
-2.495618785278208129e+00
-2.673257847433316403e+00
-2.844771263920182758e+00
-3.009375568077422347e+00
-3.166243833400755214e+00
-3.314510948955215142e+00
-3.453280261981126031e+00
-3.581631217305207393e+00
-3.698628194845204664e+00
-3.803330313864131451e+00
-3.894802060161373092e+00
-3.972124770166175267e+00
-4.034408629826660153e+00
-4.080805213024319755e+00
-4.110520222605636320e+00
-4.122826331328328209e+00
-4.117075972770828152e+00
-4.092713668979430786e+00
-4.049288018026881097e+00
-3.986462777030292948e+00
-3.904027079313133530e+00
-3.801904530598984699e+00
-3.680160760728724778e+00
-3.539009715375342147e+00
-3.378818108626770567e+00
-3.200107956303375190e+00
-3.003557397805032281e+00
-2.789999291335637288e+00
-2.560417845816133742e+00
-2.315943112886982291e+00
-2.057843434511833713e+00
-1.787515930145106458e+00
-1.506475028798658578e+00
-1.216339304291304435e+00
-9.188166582459963427e-01
-6.156882198005644291e-01
-3.087910539616680605e-01
-4.990504505757140133e-15
-3.987915779055953090e-15
3.241805534387804388e-01
6.463725863478368971e-01
9.646075754494460863e-01
1.276956679950191020e+00
1.581549786056993590e+00
1.876593682690077980e+00
2.160388987028439622e+00
2.431345646209424061e+00
2.687996843328696261e+00
2.929010960232681260e+00
3.153201584820516601e+00
3.359535517227288270e+00
3.547138441427847955e+00
3.715298537081284991e+00
3.863467873595108237e+00
3.991261664284031507e+00
4.098455504468260457e+00
4.184980673108780636e+00
4.250917661585612350e+00
4.296488102844050694e+00
4.322045245038967920e+00
4.328063278026276883e+00
4.315125633421042828e+00
4.283912442607509696e+00
4.235187536813160847e+00
4.169785065703661253e+00
4.088595958335226044e+00
3.992554587124771626e+00
3.882625596962938186e+00
3.759791284969679737e+00
3.625039575823720828e+00
3.479352831098830201e+00
3.323697550433224901e+00
3.159015149464666550e+00
2.986213827299613932e+00
2.806161733638698141e+00
2.619681347829720508e+00
2.427545165543969485e+00
2.230472751303086643e+00
2.029129083557689395e+00
1.824124213971629604e+00
1.616014179503443060e+00
1.405303106698762017e+00
1.192446457336351573e+00
9.778552748982740628e-01
7.619013950865212159e-01
5.449234148561579172e-01
3.272333738933146940e-01
1.091239504544433692e-01
-1.091239504012092576e-01
-3.272333736621351186e-01
-5.449234152137198972e-01
-7.619013956933861076e-01
-9.778552760891537909e-01
-1.192446456418378764e+00
-1.405303108522402811e+00
-1.616014179814210028e+00
-1.824124214142095024e+00
-2.029129082361470271e+00
-2.230472750670145388e+00
-2.427545165660086823e+00
-2.619681346660571286e+00
-2.806161734287866860e+00
-2.986213827451340563e+00
-3.159015149572703685e+00
-3.323697557591134277e+00
-3.479352836005004335e+00
-3.625039579128933376e+00
-3.759791286878621186e+00
-3.882625596435396176e+00
-3.992554584910457116e+00
-4.088595957097609812e+00
-4.169785054868167862e+00
-4.235187537827199478e+00
-4.283912443313359297e+00
-4.315125633110880266e+00
-4.328063286385515518e+00
-4.322045244520317020e+00
-4.296488104381412043e+00
-4.250917661498671229e+00
-4.184980673425410913e+00
-4.098455504288110340e+00
-3.991261663448097075e+00
-3.863467873116065210e+00
-3.715298537167281978e+00
-3.547138440846891783e+00
-3.359535517718025943e+00
-3.153201585098327708e+00
-2.929010959362397415e+00
-2.687996842901476224e+00
-2.431345652286403425e+00
-2.160388986186722704e+00
-1.876593682377091676e+00
-1.581549786080251652e+00
-1.276956680117786513e+00
-9.646075754137812819e-01
-6.463725882478872364e-01
-3.241805534281393952e-01
-5.240271760491192062e-15
-4.191145947988876642e-15
3.406078728869160188e-01
6.791259812084126102e-01
1.013485582791004536e+00
1.341659652002830994e+00
1.661682916173996771e+00
1.971670924482286091e+00
2.269837887022349232e+00
2.554512961015020789e+00
2.824154808716612397e+00
3.077364246571515860e+00
3.312894772601334026e+00
3.529660849343026374e+00
3.726744023326650890e+00
3.903396615117026958e+00
4.059043220813338237e+00
4.193279891274548810e+00
4.305871247743826125e+00
4.396745536001391841e+00
4.465987797846564966e+00
4.513831403337473347e+00
4.540648024050767617e+00
4.546936408589267842e+00
4.533310051278639285e+00
4.500484057956687600e+00
4.449261448812494635e+00
4.380519078163691127e+00
4.295193459551451376e+00
4.194266663837861842e+00
4.078752543237897932e+00
3.949683448678000364e+00
3.808097574579564437e+00
3.655027219049144183e+00
3.491487965605664989e+00
3.318468976945186721e+00
3.136924478117841364e+00
2.947766555160926227e+00
2.751859252437537595e+00
2.550014055489851383e+00
2.342986793888267805e+00
2.131475904461615389e+00
1.916122073891443955e+00
1.697509205037340152e+00
1.476166632589631211e+00
1.252572524927888065e+00
1.027158376497295134e+00
8.003144478719257382e-01
5.723960755480996809e-01
3.437306758587828082e-01
1.146253151704740847e-01
-1.146253151932129233e-01
-3.437306759327891648e-01
-5.723960756237979064e-01
-8.003144479359214358e-01
-1.027158377032765246e+00
-1.252572526196212843e+00
-1.476166632836423798e+00
-1.697509204896974433e+00
-1.916122074605536074e+00
-2.131475904736410243e+00
-2.342986793920476707e+00
-2.550014056060326162e+00
-2.751859253807567907e+00
-2.947766558136704518e+00
-3.136924475972633353e+00
-3.318468974204523025e+00
-3.491487962310379167e+00
-3.655027220287870193e+00
-3.808097574120445472e+00
-3.949683444041671709e+00
-4.078752547106976323e+00
-4.194266664674426437e+00
-4.295193457084273803e+00
-4.380519078071237971e+00
-4.449261447838252614e+00
-4.500484057233069102e+00
-4.533310048063149189e+00
-4.546936409752431629e+00
-4.540648023292649604e+00
-4.513831403220899041e+00
-4.465987796299440760e+00
-4.396745535628575396e+00
-4.305871244299006584e+00
-4.193279889461342336e+00
-4.059043222250187988e+00
-3.903396623470421378e+00
-3.726744028399344710e+00
-3.529660853811344978e+00
-3.312894772679888078e+00
-3.077364253173275443e+00
-2.824154809690627932e+00
-2.554512958327704641e+00
-2.269837887014939604e+00
-1.971670924900642774e+00
-1.661682915884150402e+00
-1.341659652062052288e+00
-1.013485582209286529e+00
-6.791259808547706056e-01
-3.406078729419014239e-01
-5.506963331858866359e-15
-4.408787723141010635e-15
3.581927926265559559e-01
7.141871563378339172e-01
1.065806793693842236e+00
1.410919310571489005e+00
1.747457326303642811e+00
2.073438534432390679e+00
2.386984449665375596e+00
2.686337606629664698e+00
2.969876842434783004e+00
3.236130601567034581e+00
3.483788006136417259e+00
3.711707617615516153e+00
3.918923792782175397e+00
4.104650619417275159e+00
4.268283444055542830e+00
4.409398042218466429e+00
4.527747533034861327e+00
4.623257171898541351e+00
4.696017173975940651e+00
4.746273753432022069e+00
4.774418611065792462e+00
4.780977078402678160e+00
4.766595141838795513e+00
4.732025622636942153e+00
4.678113748312732412e+00
4.605782347734787230e+00
4.516016920364750220e+00
4.409850806754247898e+00
4.288350689279847749e+00
4.152602605209801290e+00
4.003698679513278513e+00
3.842724729402684503e+00
3.670748908979986513e+00
3.488811497640632364e+00
3.297915963455631427e+00
3.099021362133948632e+00
2.893036152541533568e+00
2.680813463123053353e+00
2.463147815211698788e+00
2.240773319559842491e+00
2.014363299810402630e+00
1.784531314139097269e+00
1.551833493157359634e+00
1.316772127693087269e+00
1.079800385807720753e+00
8.413280528822039139e-01
6.017281635608104917e-01
3.613443756831298814e-01
1.204989346142777001e-01
-1.204989346054982507e-01
-3.613443757470440887e-01
-6.017281635765536763e-01
-8.413280526838692319e-01
-1.079800385815389951e+00
-1.316772127773401024e+00
-1.551833493100171157e+00
-1.784531313719331713e+00
-2.014363299552107023e+00
-2.240773319354856685e+00
-2.463147815342966229e+00
-2.680813463039501521e+00
-2.893036152572451059e+00
-3.099021362197063034e+00
-3.297915964276272760e+00
-3.488811499002539396e+00
-3.670748908913015196e+00
-3.842724728710266824e+00
-4.003698680249536679e+00
-4.152602605610892894e+00
-4.288350688502701402e+00
-4.409850806304737247e+00
-4.516016919923626638e+00
-4.605782348355772271e+00
-4.678113748409120198e+00
-4.732025621342064170e+00
-4.766595141999760976e+00
-4.780977078579893735e+00
-4.774418611207714491e+00
-4.746273752665858048e+00
-4.696017173881386952e+00
-4.623257172889111644e+00
-4.527747532366077188e+00
-4.409398041849707184e+00
-4.268283453638680669e+00
-4.104650619139274426e+00
-3.918923792004083584e+00
-3.711707617851620622e+00
-3.483788005844128843e+00
-3.236130601581349353e+00
-2.969876842713514709e+00
-2.686337606436233205e+00
-2.386984449783487339e+00
-2.073438534652498166e+00
-1.747457326042013426e+00
-1.410919310697032802e+00
-1.065806793773877326e+00
-7.141871563743140694e-01
-3.581927926582189059e-01
-5.792538689713479694e-15
-4.642571374329374130e-15
3.770737208245748540e-01
7.518319831080073623e-01
1.121982655608816160e+00
1.485279895000971573e+00
1.839546377220317330e+00
2.182694459001043086e+00
2.512745950744152967e+00
2.827850169404191760e+00
3.126300149418730356e+00
3.406546572836866904e+00
3.667209461502343615e+00
3.907087406723500411e+00
4.125164205764527026e+00
4.320613105475042737e+00
4.492798246796477990e+00
4.641273898586090851e+00
4.765781151565654739e+00
4.866242394485071898e+00
4.942753728269160263e+00
4.995575533491005693e+00
5.025121418246945026e+00
5.031945615780198722e+00
5.016729370313132819e+00
4.980266355672900325e+00
4.923447445667908262e+00
4.847245139268631320e+00
4.752697800984584831e+00
4.640894061604363685e+00
4.512957524214341376e+00
4.370032048951844494e+00
4.213267777054385377e+00
4.043808050072512650e+00
3.862777550531018456e+00
3.671271421138831759e+00
3.470345966175372610e+00
3.261010615398224566e+00
3.044221420033536685e+00
2.820876087002948118e+00
2.591810528795430280e+00
2.357796982058312008e+00
2.119543612265572197e+00
1.877695601997989350e+00
1.632837621483660850e+00
1.385497612989391891e+00
1.136151758084923191e+00
8.852305448913253549e-01
6.331257367480609410e-01
3.801981461646679605e-01
1.267860396212741880e-01
-1.267860392979989204e-01
-3.801981461381304661e-01
-6.331257366735326686e-01
-8.852305450611861470e-01
-1.136151760799469113e+00
-1.385497613036394515e+00
-1.632837617573521749e+00
-1.877695602362282168e+00
-2.119543611336374589e+00
-2.357796981801776326e+00
-2.591810531373401005e+00
-2.820876087610723726e+00
-3.044221420015352564e+00
-3.261010614266527607e+00
-3.470345958875299175e+00
-3.671271421198525786e+00
-3.862777550937906312e+00
-4.043808050268866694e+00
-4.213267776867992254e+00
-4.370032048539210123e+00
-4.512957523487197697e+00
-4.640894059882683997e+00
-4.752697801249610166e+00
-4.847245140848440492e+00
-4.923447447770227470e+00
-4.980266356246092485e+00
-5.016729372242164864e+00
-5.031945615462802834e+00
-5.025121418510630988e+00
-4.995575533367965448e+00
-4.942753726826064842e+00
-4.866242386996305846e+00
-4.765781152205644133e+00
-4.641273898241210283e+00
-4.492798249666788202e+00
-4.320613104614138500e+00
-4.125164206518441290e+00
-3.907087397590026878e+00
-3.667209461209969934e+00
-3.406546572011432961e+00
-3.126300149463590028e+00
-2.827850168745277504e+00
-2.512745948851877742e+00
-2.182694459537496190e+00
-1.839546377409907452e+00
-1.485279894897699737e+00
-1.121982655696488029e+00
-7.518319829714427138e-01
-3.770737208724019296e-01
-6.099262860357257661e-15
-4.894493123533676207e-15
3.974102533125997705e-01
7.923785469538233706e-01
1.182487557413491430e+00
1.565368822409818561e+00
1.938726236833965721e+00
2.300358370721261814e+00
2.648179346047019767e+00
2.980237920815846930e+00
3.294734527159693727e+00
3.590036031809972883e+00
3.864688037754292260e+00
4.117424604659540854e+00
4.347175271003994368e+00
4.553069446789717034e+00
4.734438002620915853e+00
4.890812349218249366e+00
5.021921011251498257e+00
5.127683675280249709e+00
5.208203268300331423e+00
5.263755929449820847e+00
5.294779263091841770e+00
5.301859135939508860e+00
5.285715242668634239e+00
5.247185686382636938e+00
5.187210942967015015e+00
5.106817380763604142e+00
5.007100651412255132e+00
4.889209256816933191e+00
4.754328346753184498e+00
4.603664270313693407e+00
4.438429810923449459e+00
4.259830432962081304e+00
4.069051656642625581e+00
3.867247809684092541e+00
3.655532045417375642e+00
3.434967965589768468e+00
3.206562767232001843e+00
2.971262006731957950e+00
2.729945991366457658e+00
2.483427795227428625e+00
2.232452864102176804e+00
1.977700170869904683e+00
1.719784832791507512e+00
1.459262106754547705e+00
1.196632648270117061e+00
9.323488861965435470e-01
6.668224208594032421e-01
4.004321978122216685e-01
1.335333713798325661e-01
-1.335333713916905252e-01
-4.004321977961777246e-01
-6.668224208766944106e-01
-9.323488860752656704e-01
-1.196632645629869041e+00
-1.459262106575739848e+00
-1.719784832993736190e+00
-1.977700170855694939e+00
-2.232452864215543009e+00
-2.483427795455170006e+00
-2.729945991775821312e+00
-2.971262006896666641e+00
-3.206562767052300700e+00
-3.434967965308335369e+00
-3.655532045239153316e+00
-3.867247809751063858e+00
-4.069051656320541888e+00
-4.259830432679330592e+00
-4.438429810733298453e+00
-4.603664273735954993e+00
-4.754328342497147197e+00
-4.889209258810457648e+00
-5.007100656509876124e+00
-5.106817377953109194e+00
-5.187210941486084081e+00
-5.247185686835557306e+00
-5.285715241240174223e+00
-5.301859136562195651e+00
-5.294779259876002619e+00
-5.263755927623891218e+00
-5.208203271948356416e+00
-5.127683674770181277e+00
-5.021921011709276961e+00
-4.890812349796941128e+00
-4.734438003720654820e+00
-4.553069446393564590e+00
-4.347175271220440784e+00
-4.117424605712495911e+00
-3.864688043959316754e+00
-3.590036040163322895e+00
-3.294734527090884324e+00
-2.980237920764487569e+00
-2.648179351601481546e+00
-2.300358370544904663e+00
-1.938726236644698009e+00
-1.565368822419958228e+00
-1.182487557749257068e+00
-7.923785470437848533e-01
-3.974102532349625405e-01
-6.429748684597226007e-15
-5.166847905011441161e-15
4.193857391827057746e-01
8.361922626078587273e-01
1.247866410930701608e+00
1.651906712473512506e+00
2.045888235323608306e+00
2.427486169824139672e+00
2.794497951763761812e+00
3.144863379579158735e+00
3.476682662491985543e+00
3.788232007487311481e+00
4.077976605046691461e+00
4.344580882364837748e+00
4.586915921122059814e+00
4.804064054687797736e+00
4.995320549390325660e+00
5.160192547622475701e+00
5.298395414889142785e+00
5.409846540553499672e+00
5.494656727226236548e+00
5.553119716127875805e+00
5.585699674965463934e+00
5.593017263150682261e+00
5.575834288325606458e+00
5.535037411684104569e+00
5.471621263944760116e+00
5.386670879503663301e+00
5.281344298352632194e+00
5.156855044937097787e+00
5.014455160669955447e+00
4.855418750618929025e+00
4.681026495605727256e+00
4.492551089615180793e+00
4.291243962252725197e+00
4.078323321409295765e+00
3.854963750935152422e+00
3.622287289641556995e+00
3.381356236733750187e+00
3.133167661476667476e+00
2.878649610325100472e+00
2.618659001514589857e+00
2.353981251961830168e+00
2.085331500776877789e+00
1.813357394093459307e+00
1.538643314696592990e+00
1.261715937448456337e+00
9.830510004229691123e-01
7.030810798544137041e-01
4.222042666514844167e-01
1.407935125069974258e-01
-1.407935124187385534e-01
-4.222042661783573236e-01
-7.030810798009324847e-01
-9.830510001396418618e-01
-1.261715937382245967e+00
-1.538643313121393907e+00
-1.813357394103132014e+00
-2.085331500913650160e+00
-2.353981251937936836e+00
-2.618659007043043552e+00
-2.878649610385459301e+00
-3.133167661272159954e+00
-3.381356238449370277e+00
-3.622287289763152618e+00
-3.854963751064348632e+00
-4.078323329378858553e+00
-4.291243962140413259e+00
-4.492551088857866581e+00
-4.681026494870831556e+00
-4.855418750169726572e+00
-5.014455150722712418e+00
-5.156855054968130680e+00
-5.281344298644399693e+00
-5.386670879514119825e+00
-5.471621265763842779e+00
-5.535037422259923012e+00
-5.575834276896809882e+00
-5.593017262759795827e+00
-5.585699674814858184e+00
-5.553119715454283956e+00
-5.494656726318040363e+00
-5.409846541290542987e+00
-5.298395414993438024e+00
-5.160192548206985030e+00
-4.995320549025341172e+00
-4.804064055115013332e+00
-4.586915920918251288e+00
-4.344580882181213966e+00
-4.077976605233192942e+00
-3.788232007464366280e+00
-3.476682662803759261e+00
-3.144863378918692387e+00
-2.794497946865996507e+00
-2.427486169912350444e+00
-2.045888234056702615e+00
-1.651906712407925637e+00
-1.247866410735098741e+00
-8.361922625848644541e-01
-4.193857391878058616e-01
-6.786999516846667498e-15
-5.462258954556379264e-15
4.432095862385093676e-01
8.836904429259181404e-01
1.318741458234883313e+00
1.745716316833428872e+00
2.162049813126124320e+00
2.565282887336523654e+00
2.953086003532766401e+00
3.323280525021159892e+00
3.673857783121326825e+00
4.002995580503522000e+00
4.309071939327703937e+00
4.590675925012230429e+00
4.846615487265321320e+00
5.075922258141204679e+00
5.277853302146066738e+00
5.451890038499493940e+00
5.597734197961304226e+00
5.715301250714857950e+00
5.804711328602443210e+00
5.866277972417546671e+00
5.900494925602792762e+00
5.908021271166216337e+00
5.889665224362399698e+00
5.846366858789766141e+00
5.779180102304787070e+00
5.689254293345410218e+00
5.577815592237226561e+00
5.446148555118320189e+00
5.295578109610170614e+00
5.127452207883071544e+00
4.943125381584929201e+00
4.743943396248102573e+00
4.531229206300786849e+00
4.306270344923968985e+00
4.070307893528322118e+00
3.824527130827020116e+00
3.570049930219339362e+00
3.307928957284142601e+00
3.039143691228685107e+00
2.764598230641755361e+00
2.485120929302203852e+00
2.201465700108247603e+00
1.914314980247019626e+00
1.624284223620979795e+00
1.331927800701296460e+00
1.037746151524436167e+00
7.421940456334360503e-01
4.456897489819566238e-01
1.486249271761497792e-01
-1.486249272053065951e-01
-4.456897487372189492e-01
-7.421940455204995013e-01
-1.037746151758364821e+00
-1.331927800941501205e+00
-1.624284223635280577e+00
-1.914314980037314706e+00
-2.201465699674343579e+00
-2.485120928792155404e+00
-2.764598230464011319e+00
-3.039143691004783765e+00
-3.307928963069553863e+00
-3.570049937392084427e+00
-3.824527130900471583e+00
-4.070307894269120652e+00
-4.306270345323062188e+00
-4.531229205879830246e+00
-4.743943395892767256e+00
-4.943125381256241901e+00
-5.127452207619707103e+00
-5.295578109689627944e+00
-5.446148555793538293e+00
-5.577815592494262731e+00
-5.689254293243982907e+00
-5.779180103026268611e+00
-5.846366858557658475e+00
-5.889665224116022557e+00
-5.908021271639618988e+00
-5.900494925092768739e+00
-5.866277972546499520e+00
-5.804711328480053112e+00
-5.715301250656774634e+00
-5.597734198355734492e+00
-5.451890038466129518e+00
-5.277853307980125308e+00
-5.075922257585949282e+00
-4.846615488596091481e+00
-4.590675925902038657e+00
-4.309071940035215320e+00
-4.002995580572154211e+00
-3.673857782736329902e+00
-3.323280525269293406e+00
-2.953086003672490190e+00
-2.565282887055253536e+00
-2.162049813094832906e+00
-1.745716316805288493e+00
-1.318741458255206389e+00
-8.836904429507989045e-01
-4.432095862682395859e-01
-7.174447687502882970e-15
-5.783698655236075238e-15
4.691188100892884072e-01
9.353453849587300972e-01
1.395816832014388442e+00
1.847728477459081420e+00
2.288361817068541360e+00
2.715111108812658269e+00
3.125508197684468747e+00
3.517245205774666150e+00
3.888194765761571858e+00
4.236427523960291097e+00
4.560226704675685028e+00
4.858099572620969475e+00
5.128785702961980775e+00
5.371262027718402443e+00
5.584744675654770063e+00
5.768687691741082091e+00
5.922778767421547741e+00
6.046932155479431081e+00
6.141279006952215624e+00
6.206155351865157321e+00
6.242088044313799600e+00
6.249778945708627020e+00
6.230087681414100409e+00
6.184013285599468723e+00
6.112675078587189503e+00
6.017293076332920876e+00
5.899168274545964152e+00
5.759663103649264038e+00
5.600182285518746639e+00
5.422154511716453129e+00
5.227014976956660064e+00
5.016189152963729470e+00
4.791077914519431324e+00
4.553044211346921166e+00
4.303401409322235693e+00
4.043403403140558794e+00
3.774236614311291760e+00
3.497013857904193834e+00
3.212770160349854187e+00
2.922460507841837085e+00
2.626959426310148782e+00
2.327062435076478142e+00
2.023489204613932557e+00
1.716888340230785959e+00
1.407843650093962617e+00
1.096881746610359754e+00
7.844808061386444598e-01
4.710802998991259205e-01
1.570914939842823765e-01
-1.570914939761445250e-01
-4.710802999006271086e-01
-7.844808060233805502e-01
-1.096881746379083644e+00
-1.407843650061567198e+00
-1.716888340343053931e+00
-2.023489204752936033e+00
-2.327062434869789698e+00
-2.626959426134162889e+00
-2.922460507893680948e+00
-3.212770160401759778e+00
-3.497013852060192551e+00
-3.774236614694161496e+00
-4.043403403724777689e+00
-4.303401408422002916e+00
-4.553044211434817967e+00
-4.791077914666895587e+00
-5.016189153040518711e+00
-5.227014976913102906e+00
-5.422154511635715046e+00
-5.600182286010670474e+00
-5.759663103704600218e+00
-5.899168274547783142e+00
-6.017293076462325807e+00
-6.112675078732993761e+00
-6.184013286088331895e+00
-6.230087681466834226e+00
-6.249778946373427679e+00
-6.242088044477504205e+00
-6.206155351946421206e+00
-6.141279006869549306e+00
-6.046932155659821007e+00
-5.922778766275276219e+00
-5.768687691299721365e+00
-5.584744675797892910e+00
-5.371262027636606540e+00
-5.128785702714367289e+00
-4.858099572559544832e+00
-4.560226705096668276e+00
-4.236427524161068270e+00
-3.888194765509447759e+00
-3.517245205869246494e+00
-3.125508197709402580e+00
-2.715111108906040904e+00
-2.288361817089002770e+00
-1.847728477463648433e+00
-1.395816832061793855e+00
-9.353453849335797710e-01
-4.691188100631836222e-01
-7.595981397970039782e-15
-6.134490226996907481e-15
4.973780286117936433e-01
9.916843278862157440e-01
1.479878425016595500e+00
1.958981860492282179e+00
2.426107956915902086e+00
2.878490135103426883e+00
3.313508337775796342e+00
3.728713176927699546e+00
4.121847446442767016e+00
4.490864733090467631e+00
4.833944868544725715e+00
5.149506088539471449e+00
5.436213773701962459e+00
5.692985755598551023e+00
5.918994202243065494e+00
6.113664184134554702e+00
6.276669047460173623e+00
6.407922809312189827e+00
6.507569785925789496e+00
6.575971759057801513e+00
6.613692895551857021e+00
6.621482981707230486e+00
6.600258915021357531e+00
6.551085210512427537e+00
6.475153605284398317e+00
6.373762228898370630e+00
6.248294621148926531e+00
6.100198942223953757e+00
5.930967684654222083e+00
5.742118148815678502e+00
5.535173953785143652e+00
5.311647811540258779e+00
5.073025770243829058e+00
4.820753089776589562e+00
4.556221905103348568e+00
4.280760775942133556e+00
3.995626220015277230e+00
3.701996266715545492e+00
3.400966053207322481e+00
3.093545459978895629e+00
2.780658740423011199e+00
2.463146075828487547e+00
2.141766970381389079e+00
1.817205359045110713e+00
1.490076287735057736e+00
1.160934007334694762e+00
8.302812909991992285e-01
4.985797812035402399e-01
1.662611501656686974e-01
-1.662611501552246906e-01
-4.985797811673785551e-01
-8.302812909552805820e-01
-1.160934007338239482e+00
-1.490076287807249988e+00
-1.817205358989279818e+00
-2.141766970574842333e+00
-2.463146075599200735e+00
-2.780658740331139800e+00
-3.093545460228970700e+00
-3.400966053466337957e+00
-3.701996266557844972e+00
-3.995626219890590303e+00
-4.280760775459302891e+00
-4.556221904742572271e+00
-4.820753089971021588e+00
-5.073025770268929868e+00
-5.311647811579994105e+00
-5.535173953180850148e+00
-5.742118149111197667e+00
-5.930967685202441331e+00
-6.100198942133177482e+00
-6.248294621529804971e+00
-6.373762229476910512e+00
-6.475153605755460617e+00
-6.551085210835179140e+00
-6.600258916684295762e+00
-6.621482981107904564e+00
-6.613692895644675218e+00
-6.575971747355352726e+00
-6.507569785939777418e+00
-6.407922809683122445e+00
-6.276669047660005774e+00
-6.113664183407527375e+00
-5.918994202050488873e+00
-5.692985755339543985e+00
-5.436213774076534833e+00
-5.149506088731630626e+00
-4.833944868705371434e+00
-4.490864734208310338e+00
-4.121847447279220589e+00
-3.728713176233055204e+00
-3.313508337688351624e+00
-2.878490135229218705e+00
-2.426107956842062929e+00
-1.958981860185978530e+00
-1.479878424920484603e+00
-9.916843279098712660e-01
-4.973780285848899418e-01
-8.055946363950579271e-15
-6.518273728115109391e-15
5.282765214591068625e-01
1.053283559410271630e+00
1.571785021261019155e+00
2.080611058241298661e+00
2.576689860269520960e+00
3.057077886210834983e+00
3.518988076437485457e+00
3.959815601733299051e+00
4.377160815137797201e+00
4.768849062937379202e+00
5.132947131577326516e+00
5.467776158234828543e+00
5.771920889571459767e+00
6.044235242712888478e+00
6.283844240561563765e+00
6.490142378314847527e+00
6.662788584590480845e+00
6.801698004022847854e+00
6.907030845750182557e+00
6.979178583723920859e+00
7.018747844358808052e+00
7.026542339597249054e+00
7.003543184273822497e+00
6.950887986331288459e+00
6.869849108129663762e+00
6.761811401239756769e+00
6.628249861529032394e+00
6.470707451971391855e+00
6.290773521295251136e+00
6.090063019731533522e+00
5.870196796712948029e+00
5.632783395815251559e+00
5.379402224911617125e+00
5.111588620969517827e+00
4.830820763106082438e+00
4.538508621664511189e+00
4.235984972192808229e+00
3.924498653345173338e+00
3.605209887045420114e+00
3.279187847921634980e+00
2.947410310757522911e+00
2.610765360975396021e+00
2.270055047911140989e+00
1.926000860245763446e+00
1.579250866280860865e+00
1.230388357189776682e+00
8.799417818975681094e-01
5.283957766070491724e-01
1.762030591849648720e-01
-1.762030591821257819e-01
-5.283957766229357977e-01
-8.799417815841168444e-01
-1.230388357344107231e+00
-1.579250866239294560e+00
-1.926000860234059253e+00
-2.270055048083816640e+00
-2.610765360797466794e+00
-2.947410310803860067e+00
-3.279187847822519153e+00
-3.605209886311313117e+00
-3.924498653150012561e+00
-4.235984972299696949e+00
-4.538508616806088192e+00
-4.830820762501607746e+00
-5.111588619490908592e+00
-5.379402223398572325e+00
-5.632783395623777167e+00
-5.870196796630612113e+00
-6.090063018820474738e+00
-6.290773529137003273e+00
-6.470707451469504434e+00
-6.628249858751618540e+00
-6.761811398794356442e+00
-6.869849107151797973e+00
-6.950887986201497171e+00
-7.003543184485374162e+00
-7.026542339974338525e+00
-7.018747844504093614e+00
-6.979178582568498435e+00
-6.907030845575515166e+00
-6.801698004086417448e+00
-6.662788584037516948e+00
-6.490142378183906935e+00
-6.283844242067460506e+00
-6.044235242912293415e+00
-5.771920889448908909e+00
-5.467776158381098206e+00
-5.132947131663337714e+00
-4.768849062844592979e+00
-4.377160815163301244e+00
-3.959815602385515110e+00
-3.518988076521399222e+00
-3.057077886405689338e+00
-2.576689859795192827e+00
-2.080611058253711843e+00
-1.571785021307666286e+00
-1.053283559436271721e+00
-5.282765214666522713e-01
-8.559100493238682344e-15
-6.938908095363379435e-15
5.621200833519304219e-01
1.120752129890787652e+00
1.672443883863022451e+00
2.213814074308695812e+00
2.741586475381695198e+00
3.252622284974834521e+00
3.743950319641338620e+00
4.212794573758816163e+00
4.656598745474579637e+00
5.073047398120791307e+00
5.460083502075024242e+00
5.815922160912229799e+00
6.139060422188576283e+00
6.428283130269666579e+00
6.682664864194538978e+00
6.901568061533446041e+00
7.084637509976737135e+00
7.231791399521400265e+00
7.343209297964990334e+00
7.419317233959052516e+00
7.460770397749650229e+00
7.468433675949288642e+00
7.443360558066443033e+00
7.386770690814759455e+00
7.300026608845738174e+00
7.184609887326375954e+00
7.042097259495842643e+00
6.874136932377686193e+00
6.682425522071135937e+00
6.468685899759353042e+00
6.234646239220365871e+00
5.982020540677375209e+00
5.712490812074295654e+00
5.427691170467640269e+00
5.129193944100379099e+00
4.818497965145100537e+00
4.497019090093280269e+00
4.166083025358501502e+00
3.826920475779918451e+00
3.480664593696232600e+00
3.128350679258227629e+00
2.770918073010572691e+00
2.409214105086725954e+00
2.043999985560844834e+00
1.675958468771243659e+00
1.305703101151043821e+00
9.337888547791229898e-01
5.607239132973742546e-01
1.869823760384792810e-01
-1.869823760095297438e-01
-5.607239132656429703e-01
-9.337888547955260909e-01
-1.305703101050613713e+00
-1.675958468796121315e+00
-2.043999986068433028e+00
-2.409214104985801352e+00
-2.770918072492905004e+00
-3.128350679345475616e+00
-3.480664593131208573e+00
-3.826920476556438189e+00
-4.166083026245061660e+00
-4.497019090212974746e+00
-4.818497964864661753e+00
-5.129193943377500453e+00
-5.427691169968838381e+00
-5.712490813206063223e+00
-5.982020539617541210e+00
-6.234646240078252077e+00
-6.468685897842568977e+00
-6.682425520631953830e+00
-6.874136932693312829e+00
-7.042097259897684758e+00
-7.184609885797819118e+00
-7.300026606524570916e+00
-7.386770690323718469e+00
-7.443360558694177342e+00
-7.468433676391430076e+00
-7.460770393804584621e+00
-7.419317234205671241e+00
-7.343209287275922037e+00
-7.231791401064115554e+00
-7.084637508062009204e+00
-6.901568061667031628e+00
-6.682664872238090581e+00
-6.428283130299967674e+00
-6.139060429060275936e+00
-5.815922160779133598e+00
-5.460083502134986055e+00
-5.073047398418895959e+00
-4.656598745090438918e+00
-4.212794576750733988e+00
-3.743950319590759079e+00
-3.252622284945994036e+00
-2.741586475523836608e+00
-2.213814074481332828e+00
-1.672443883892970273e+00
-1.120752129852258694e+00
-5.621200833465350710e-01
-9.110484482533693101e-15
-7.400263203595290657e-15
5.992139495338374422e-01
1.194697746169602004e+00
1.782759710506192752e+00
2.359784481470966089e+00
2.922269628234405392e+00
3.466860439919036363e+00
3.990382346198400487e+00
4.489870501131625780e+00
4.962596069281347333e+00
5.406088890935540903e+00
5.818156217396770025e+00
6.196897358572201142e+00
6.540714067161911061e+00
6.848316694873638255e+00
7.118726102960203583e+00
7.351271486460189131e+00
7.545584293398468922e+00
7.701588460712366135e+00
7.819487320364534533e+00
7.899747477904822013e+00
7.943080064636514948e+00
7.950419784295934100e+00
7.922902132832480682e+00
7.861839300777672790e+00
7.768695111438128187e+00
7.645059442924590165e+00
7.492622628475109181e+00
7.313150052035461535e+00
7.108457488411310088e+00
6.880387414462645346e+00
6.630786623713102124e+00
6.361485455043681903e+00
6.074278814085329437e+00
5.770909233453617837e+00
5.453052127607499244e+00
5.122303347382866967e+00
4.780169162958142870e+00
4.428058689298240758e+00
4.067278802271765414e+00
3.699031503990855008e+00
3.324413700480596479e+00
2.944419301539702438e+00
2.559943519887101449e+00
2.171789238727458660e+00
1.780675257011691937e+00
1.387246230221660381e+00
9.920840763390328387e-01
5.957206100373371171e-01
1.986511532965002103e-01
-1.986511534075493246e-01
-5.957206099536322963e-01
-9.920840764801892586e-01
-1.387246230136779834e+00
-1.780675257002233058e+00
-2.171789238734140870e+00
-2.559943520085612434e+00
-2.944419301124006072e+00
-3.324413701153953404e+00
-3.699031503948267741e+00
-4.067278801581782233e+00
-4.428058689172863716e+00
-4.780169162282149387e+00
-5.122303347315936506e+00
-5.453052127274431449e+00
-5.770909232869273708e+00
-6.074278813585075376e+00
-6.361485455663106414e+00
-6.630786623213689168e+00
-6.880387413844553102e+00
-7.108457490039320703e+00
-7.313150053233104408e+00
-7.492622628943186314e+00
-7.645059445182859292e+00
-7.768695107913728748e+00
-7.861839302961382003e+00
-7.922902135808404189e+00
-7.950419785093938430e+00
-7.943080063984071515e+00
-7.899747478044991666e+00
-7.819487320300614996e+00
-7.701588464252145272e+00
-7.545584294846393369e+00
-7.351271487919740721e+00
-7.118726102281683232e+00
-6.848316692950052520e+00
-6.540714067155308342e+00
-6.196897358087531060e+00
-5.818156219424931663e+00
-5.406088890339321829e+00
-4.962596069936861198e+00
-4.489870501381395762e+00
-3.990382347462804180e+00
-3.466860438897594321e+00
-2.922269628867079749e+00
-2.359784481367945386e+00
-1.782759710162885591e+00
-1.194697746291530249e+00
-5.992139495279298345e-01
-9.715147948492846214e-15
-7.905827332511196508e-15
6.398307697815489581e-01
1.275662841850468965e+00
1.903539032666562880e+00
2.519584506764954046e+00
3.120046263749434168e+00
3.701330645386526452e+00
4.260038274212096354e+00
4.792995889823652433e+00
5.297284622557182132e+00
5.770264322056852357e+00
6.209593635507911102e+00
6.613245625385531845e+00
6.979518811441894677e+00
7.307043590353798024e+00
7.594784104666077340e+00
7.842035674221307318e+00
8.048418028579682471e+00
8.213864581217920957e+00
8.338608115479482663e+00
8.423163229540231001e+00
8.468305982677035715e+00
8.475051175662677849e+00
8.444627728570365477e+00
8.378452627825478061e+00
8.278103905818552377e+00
8.145293112382992362e+00
7.981837727086671386e+00
7.789633915759497818e+00
7.570630046838438432e+00
7.326801309106575566e+00
7.060125762852155873e+00
6.772562119770463518e+00
6.466029500200735747e+00
6.142389385570528049e+00
5.803429908258293857e+00
5.450852662168958140e+00
5.086262090497449151e+00
4.711157488901216439e+00
4.326927715952903597e+00
3.934848466804782507e+00
3.536082171402668006e+00
3.131680343805386624e+00
2.722588293003053828e+00
2.309652036853842016e+00
1.893627206875938995e+00
1.475189766511408873e+00
1.054948292195922122e+00
6.334575573124081593e-01
2.112331506599988695e-01
-2.112331506791103319e-01
-6.334575574086102057e-01
-1.054948292694042555e+00
-1.475189765577289647e+00
-1.893627206268782004e+00
-2.309652036295463784e+00
-2.722588291447328945e+00
-3.131680344011281036e+00
-3.536082171171461841e+00
-3.934848467219139501e+00
-4.326927715590218604e+00
-4.711157491922477902e+00
-5.086262090674678937e+00
-5.450852662133682358e+00
-5.803429908021880301e+00
-6.142389385138683267e+00
-6.466029501400722523e+00
-6.772562119619291998e+00
-7.060125761893941920e+00
-7.326801309607574808e+00
-7.570630047121253092e+00
-7.789633915560819410e+00
-7.981837726708111980e+00
-8.145293112443333428e+00
-8.278103906015616076e+00
-8.378452627714603196e+00
-8.444627728407770206e+00
-8.475051173939547766e+00
-8.468305982160851286e+00
-8.423163228919225531e+00
-8.338608114686245187e+00
-8.213864581589328751e+00
-8.048418028562618787e+00
-7.842035675522430083e+00
-7.594784104613628628e+00
-7.307043590347152673e+00
-6.979518811057587868e+00
-6.613245624950966572e+00
-6.209593634196080458e+00
-5.770264322093024312e+00
-5.297284622630433759e+00
-4.792995889892694095e+00
-4.260038274779593515e+00
-3.701330645639933969e+00
-3.120046264033510930e+00
-2.519584506765331522e+00
-1.903539032700784617e+00
-1.275662841741515452e+00
-6.398307697784808568e-01
-1.037763322909843373e-14
-8.458010699758866741e-15
6.841540239188280692e-01
1.364011651306850759e+00
2.035321446099827458e+00
2.693921151897833433e+00
3.335780432782972760e+00
3.957041458416682644e+00
4.554056668917327855e+00
5.123423161889469668e+00
5.662013182022727520e+00
6.167000310722081657e+00
6.635881018266188036e+00
7.066491356242867283e+00
7.457018675400690633e+00
7.806008317036694066e+00
8.112365361973408184e+00
8.375351579600435414e+00
8.594577821525023253e+00
8.769992157876073335e+00
8.901864131761330512e+00
8.990765557700951760e+00
9.037548287042971751e+00
9.043319499561810915e+00
9.009414934181981138e+00
8.937370649679571954e+00
8.828893779872691638e+00
8.685832776343312744e+00
8.510147649960453364e+00
8.303880619006463348e+00
8.069127614841960394e+00
7.808011024692039115e+00
7.522654013240990700e+00
7.215156730100852123e+00
6.887574665605809443e+00
6.541899405469420614e+00
6.180041902016887079e+00
5.803818479821215348e+00
5.414939588298233630e+00
5.015001414042601802e+00
4.605480331293444252e+00
4.187730171233096321e+00
3.762982251398510503e+00
3.332348045812273174e+00
2.896824374543767622e+00
2.457300937479957703e+00
2.014569986754066733e+00
1.569337922152316933e+00
1.122238549713577616e+00
6.738477338383784820e-01
2.246991520856161384e-01
-2.246991520608933313e-01
-6.738477337467475570e-01
-1.122238549640923511e+00
-1.569337922034816923e+00
-2.014569986587034123e+00
-2.457300937274463859e+00
-2.896824374597275487e+00
-3.332348045430711281e+00
-3.762982251342172457e+00
-4.187730171306959903e+00
-4.605480331598487354e+00
-5.015001414172562733e+00
-5.414939588249676028e+00
-5.803818479788287910e+00
-6.180041902151311994e+00
-6.541899405493365016e+00
-6.887574665639466076e+00
-7.215156728507254869e+00
-7.522654014480520956e+00
-7.808011025966950847e+00
-8.069127615725426139e+00
-8.303880620110060562e+00
-8.510147651385370438e+00
-8.685832776031999103e+00
-8.828893779228435434e+00
-8.937370651694449109e+00
-9.009414931512711888e+00
-9.043319500733227656e+00
-9.037548288193528734e+00
-8.990765556204600273e+00
-8.901864131072384723e+00
-8.769992158142459360e+00
-8.594577820640978416e+00
-8.375351579492953391e+00
-8.112365362261300561e+00
-7.806008317451342826e+00
-7.457018675564548893e+00
-7.066491356705262739e+00
-6.635881017544844163e+00
-6.167000311191598527e+00
-5.662013182191746097e+00
-5.123423161495938238e+00
-4.554056669119801448e+00
-3.957041458892400332e+00
-3.335780433093360031e+00
-2.693921151109495149e+00
-2.035321446008716784e+00
-1.364011651220988108e+00
-6.841540240582641985e-01
-1.110106038567926969e-14
-9.056956503106622785e-15
7.321817170462554536e-01
1.459738067848967757e+00
2.178092559348766777e+00
2.882765624342314315e+00
3.569421058139284675e+00
4.233910072857999474e+00
4.872312259684999702e+00
5.480972846452597302e+00
6.056535662319946667e+00
6.595971401525779321e+00
7.096600793640075899e+00
7.556112471285142185e+00
7.972575370564400465e+00
8.344445688137209771e+00
8.670568407498896235e+00
8.950173630705695160e+00
9.182867968604790931e+00
9.368621299276471248e+00
9.507749362207789545e+00
9.600892595971382448e+00
9.648991786595164655e+00
9.653261011118209112e+00
9.615158460464307666e+00
9.536355687909161105e+00
9.418705838651634465e+00
9.264211401677229674e+00
9.074991992565227150e+00
8.853252674318717652e+00
8.601253207840246162e+00
8.321278751950469399e+00
8.015612254473076348e+00
7.686508962835442382e+00
7.336173271663494866e+00
6.966738164449417958e+00
6.580247431916721013e+00
6.178640800837108316e+00
5.763742061905183789e+00
5.337250273158384850e+00
4.900734000819080727e+00
4.455628601515814857e+00
4.003236450587991158e+00
3.544730008992445391e+00
3.081157573150545392e+00
2.613451533488479139e+00
2.142438913124476763e+00
1.668853964015534874e+00
1.193352525863465408e+00
7.165278776123547022e-01
2.389277582794159527e-01
-2.389277582348700579e-01
-7.165278775940703282e-01
-1.193352526189314977e+00
-1.668853964005856394e+00
-2.142438913043511750e+00
-2.613451532895524121e+00
-3.081157572740429451e+00
-3.544730008905001561e+00
-4.003236449437697075e+00
-4.455628601457482851e+00
-4.900734001446934052e+00
-5.337250274867924027e+00
-5.763742061085662449e+00
-6.178640799926503391e+00
-6.580247432138922825e+00
-6.966738164313190929e+00
-7.336173270935871571e+00
-7.686508963076772893e+00
-8.015612254872419129e+00
-8.321278753162072661e+00
-8.601253210532316729e+00
-8.853252673926137462e+00
-9.074991992211979053e+00
-9.264211400354597004e+00
-9.418705838346223658e+00
-9.536355687162696881e+00
-9.615158461505254550e+00
-9.653261011514745249e+00
-9.648991786008895843e+00
-9.600892596098132614e+00
-9.507749362239826141e+00
-9.368621300638988458e+00
-9.182867969353406323e+00
-8.950173630069114594e+00
-8.670568406113273952e+00
-8.344445687777602316e+00
-7.972575370341377088e+00
-7.556112469529430165e+00
-7.096600794787282673e+00
-6.595971401304772108e+00
-6.056535663382112133e+00
-5.480972845764890522e+00
-4.872312259941653068e+00
-4.233910071702375433e+00
-3.569421059025812415e+00
-2.882765624446633090e+00
-2.178092559024269459e+00
-1.459738067774383641e+00
-7.321817170017335119e-01
-1.188556628473741133e-14
-9.698573137380057610e-15
7.835673804630319816e-01
1.562148487650857120e+00
2.330810353316392636e+00
3.084725711935764281e+00
3.819223610564376425e+00
4.529837383683435803e+00
5.212349220915229786e+00
5.862830624585806838e+00
6.477678154969682467e+00
7.053643969589774798e+00
7.587860775044030781e+00
8.077860937801139229e+00
8.521589587831089219e+00
8.917411764984713329e+00
9.264113620407465888e+00
9.560897952162980218e+00
9.807374342497382713e+00
1.000354430319887200e+01
1.014978187156525280e+01
1.024681020994755087e+01
1.029567473812383049e+01
1.029771342145091673e+01
1.025452481104642644e+01
1.016793444976943839e+01
1.003996025264512681e+01
9.872777440020728434e+00
9.668683604577012147e+00
9.430064405527524229e+00
9.159360393265913558e+00
8.859035399185229309e+00
8.531546889340580364e+00
8.179318610580448734e+00
7.804715832162281153e+00
7.410023417658717193e+00
6.997426908527532241e+00
6.568996785631569857e+00
6.126675973316969781e+00
5.672270640292024879e+00
5.207444296482219848e+00
4.733715141005657046e+00
4.252456575001492212e+00
3.764900748164232702e+00
3.272144980277202908e+00
2.775160853477212530e+00
2.274805750662860060e+00
1.771836566440120553e+00
1.266925314438687611e+00
7.606763131745120088e-01
2.536446216981685930e-01
-2.536446217058852537e-01
-7.606763131422267232e-01
-1.266925314512217904e+00
-1.771836566335815988e+00
-2.274805751061718340e+00
-2.775160853696163610e+00
-3.272144980422849514e+00
-3.764900748308363632e+00
-4.252456575519727444e+00
-4.733715140990891967e+00
-5.207444295984575255e+00
-5.672270640609148096e+00
-6.126675972748691912e+00
-6.568996784963736069e+00
-6.997426907850745614e+00
-7.410023418152291264e+00
-7.804715833167788830e+00
-8.179318609576508692e+00
-8.531546888093526348e+00
-8.859035398069375233e+00
-9.159360393326428706e+00
-9.430064407065676946e+00
-9.668683605471317222e+00
-9.872777439631775565e+00
-1.003996025241321277e+01
-1.016793444999151497e+01
-1.025452481234773217e+01
-1.029771342041001958e+01
-1.029567473714441483e+01
-1.024681021070384901e+01
-1.014978187304912183e+01
-1.000354430516354753e+01
-9.807374342922107857e+00
-9.560897952839221503e+00
-9.264113620516440051e+00
-8.917411765714142291e+00
-8.521589588165557672e+00
-8.077860936907915956e+00
-7.587860775886526632e+00
-7.053643969484147291e+00
-6.477678153723958054e+00
-5.862830624310915617e+00
-5.212349220467052291e+00
-4.529837383974039788e+00
-3.819223610684046921e+00
-3.084725711806451720e+00
-2.330810353580687888e+00
-1.562148487862655699e+00
-7.835673804452166769e-01
-1.272572267105072796e-14
-1.037136969613682706e-14
8.373649423994584673e-01
1.669352998507785735e+00
2.490645580095232958e+00
3.296039689247643345e+00
4.080503215166328523e+00
4.839227314400291746e+00
5.567674994199443006e+00
6.261625145409150051e+00
6.917211348393509596e+00
7.530954901238858135e+00
8.099791699900656283e+00
8.621092608564774551e+00
9.092677295752157107e+00
9.512821419438694193e+00
9.880257364362739381e+00
1.019416874148877561e+01
1.045417899715133814e+01
1.066033460660105980e+01
1.081308333339307737e+01
1.091324818742398506e+01
1.096199767258587876e+01
1.096081301418827891e+01
1.091145302951671425e+01
1.081591732391452609e+01
1.067640846983788805e+01
1.049529380561187963e+01
1.027506747884563865e+01
1.001831328849991465e+01
9.727668821181497449e+00
9.405791407044736374e+00
9.055326244398196778e+00
8.678877099540324380e+00
8.278979855775411067e+00
7.858079181221113707e+00
7.418508477399765155e+00
6.962473277097901203e+00
6.492038161850801181e+00
6.009117227496633795e+00
5.515468111006812002e+00
5.012689501066431852e+00
4.502222028468096049e+00
3.985352423359155072e+00
3.463220717235673263e+00
2.936830310748557604e+00
2.407060629003224150e+00
1.874682105879867278e+00
1.340373167614902661e+00
8.047389013162046245e-01
2.683310476101161690e-01
-2.683310476289694768e-01
-8.047389012752755866e-01
-1.340373167609238969e+00
-1.874682105878005434e+00
-2.407060629124744722e+00
-2.936830310644562125e+00
-3.463220717579198915e+00
-3.985352423310418502e+00
-4.502222028535275200e+00
-5.012689500853576341e+00
-5.515468111043444033e+00
-6.009117226382935328e+00
-6.492038161526246576e+00
-6.962473277273802275e+00
-7.418508476596258561e+00
-7.858079180806653241e+00
-8.278979855798956677e+00
-8.678877099199331369e+00
-9.055326246000802826e+00
-9.405791408915970209e+00
-9.727668821016392187e+00
-1.001831329043838892e+01
-1.027506748011498772e+01
-1.049529380453122229e+01
-1.067640846997772641e+01
-1.081591732770378123e+01
-1.091145302848938847e+01
-1.096081301294588606e+01
-1.096199767230533517e+01
-1.091324818712866396e+01
-1.081308333365028851e+01
-1.066033460582972836e+01
-1.045417899642506931e+01
-1.019416873931925416e+01
-9.880257363476735222e+00
-9.512821417785520595e+00
-9.092677296678747467e+00
-8.621092610959903979e+00
-8.099791701203633565e+00
-7.530954904129502303e+00
-6.917211346906039005e+00
-6.261625145662672587e+00
-5.567674994397400212e+00
-4.839227314189455953e+00
-4.080503214997309058e+00
-3.296039689583913468e+00
-2.490645580816699844e+00
-1.669352998674046296e+00
-8.373649423434381678e-01
-1.360638613535147353e-14
-1.105154241993772502e-14
8.916334473351886780e-01
1.777477244655147226e+00
2.651805598277789500e+00
3.509019301346321562e+00
4.343706242950617913e+00
5.150698651325092747e+00
5.925126114113924203e+00
6.662463516257592921e+00
7.358573166577619062e+00
8.009740506348796529e+00
8.612702968124652969e+00
9.164671669478709148e+00
9.663345826532047766e+00
1.010691988024013277e+01
1.049408350119147215e+01
1.082401476314348621e+01
1.109636689448303848e+01
1.131124911890115214e+01
1.146920218149366555e+01
1.157116922661146496e+01
1.161846274491471220e+01
1.161272831241161541e+01
1.155590589298275184e+01
1.145018944626916735e+01
1.129798555127906567e+01
1.110187178705080235e+01
1.086455549079593474e+01
1.058883349955777398e+01
1.027755347338729663e+01
9.933577242305407395e+00
9.559746651624369207e+00
9.158852258584333939e+00
8.733605188821409016e+00
8.286612412711601650e+00
7.820355622362749060e+00
7.337173838464386755e+00
6.839249835949999579e+00
6.328600398604894650e+00
5.807070385825742420e+00
5.276330536273057703e+00
4.737878890572692292e+00
4.193045673399664608e+00
3.643001437626209871e+00
3.088768232120411295e+00
2.531233524916338240e+00
1.971166580798233037e+00
1.409236964625833810e+00
8.460348180380534711e-01
2.820925372087981775e-01
-2.820925372098391781e-01
-8.460348180326480172e-01
-1.409236964617123000e+00
-1.971166580798542123e+00
-2.531233524912460009e+00
-3.088768232123852542e+00
-3.643001437630970063e+00
-4.193045673304530929e+00
-4.737878890512282837e+00
-5.276330536330091192e+00
-5.807070385859245398e+00
-6.328600398604799615e+00
-6.839249835901304309e+00
-7.337173838469428944e+00
-7.820355621950363378e+00
-8.286612413380746389e+00
-8.733605188288246168e+00
-9.158852257968826294e+00
-9.559746651127525752e+00
-9.933577241724842466e+00
-1.027755347312254308e+01
-1.058883349956610687e+01
-1.086455549079834171e+01
-1.110187178704931021e+01
-1.129798555091397994e+01
-1.145018944569205743e+01
-1.155590589297856496e+01
-1.161272831232698799e+01
-1.161846274503402654e+01
-1.157116922660985026e+01
-1.146920218129345592e+01
-1.131124911915921061e+01
-1.109636689448258018e+01
-1.082401476300895382e+01
-1.049408350118577182e+01
-1.010691988049607559e+01
-9.663345826532433236e+00
-9.164671669134074605e+00
-8.612702967683368627e+00
-8.009740506550357964e+00
-7.358573166457634152e+00
-6.662463516614951509e+00
-5.925126113815815998e+00
-5.150698651404520767e+00
-4.343706243066435491e+00
-3.509019301384229461e+00
-2.651805598251296470e+00
-1.777477244669707579e+00
-8.916334473572578023e-01
-1.449625754425019624e-14
-1.169572867207823737e-14
9.428555806464736788e-01
1.879503355061374670e+00
2.803805417435503600e+00
3.709762401115284547e+00
4.591579628115826317e+00
5.443729606127701182e+00
6.261009806219878904e+00
7.038594758212172842e+00
7.772081662919223533e+00
8.457528863136268171e+00
9.091486686098880554e+00
9.671020351189444142e+00
1.019372481174283074e+01
1.065773155465614153e+01
1.106170757004784200e+01
1.140484683972756663e+01
1.168685482004105758e+01
1.190792649794238045e+01
1.206871873742207057e+01
1.217031766246962299e+01
1.221420181580443654e+01
1.220220206509069527e+01
1.213645892775144830e+01
1.201937827489121347e+01
1.185358614719308079e+01
1.164188344170377043e+01
1.138720125162939212e+01
1.109255738568908534e+01
1.076101481180939246e+01
1.039564238543517760e+01
9.999478471282131409e+00
9.575497669238306031e+00
9.126581122861537665e+00
8.655490548782454496e+00
8.164846166624263546e+00
7.657108729383070411e+00
7.134565615442570063e+00
6.599321077706354899e+00
6.053290517944051707e+00
5.498198783533182699e+00
4.935582293231664863e+00
4.366794788314938280e+00
3.793016586086474629e+00
3.215266975261787952e+00
2.634419526513642751e+00
2.051219974518142752e+00
1.466306334130830447e+00
8.802308694092322305e-01
2.934835337062040583e-01
-2.934835336983031007e-01
-8.802308693967211273e-01
-1.466306334057450256e+00
-2.051219974570146931e+00
-2.634419525494055225e+00
-3.215266975265820726e+00
-3.793016586199786211e+00
-4.366794788527087690e+00
-4.935582292396627935e+00
-5.498198784288596208e+00
-6.053290517762577316e+00
-6.599321077786725276e+00
-7.134565617501657186e+00
-7.657108729237370071e+00
-8.164846167516639497e+00
-8.655490547407502788e+00
-9.126581124671318435e+00
-9.575497669021325819e+00
-9.999478472309153432e+00
-1.039564238831016496e+01
-1.076101481179590102e+01
-1.109255738544551484e+01
-1.138720125175668585e+01
-1.164188344170465328e+01
-1.185358614660371046e+01
-1.201937827510160162e+01
-1.213645892782496993e+01
-1.220220206409327091e+01
-1.221420181865712706e+01
-1.217031766360774547e+01
-1.206871873779035909e+01
-1.190792649780900270e+01
-1.168685481994254083e+01
-1.140484684011281757e+01
-1.106170756895243379e+01
-1.065773155417901386e+01
-1.019372481340650971e+01
-9.671020350766989182e+00
-9.091486686064621736e+00
-8.457528861468400549e+00
-7.772081663095470105e+00
-7.038594756917621709e+00
-6.261009806230983799e+00
-5.443729606190992776e+00
-4.591579628227691501e+00
-3.709762401146452504e+00
-2.803805417458187677e+00
-1.879503355074727988e+00
-9.428555806469929301e-01
-1.533838948550890959e-14
-1.223122437402142277e-14
9.851552830804876093e-01
1.963711014442502734e+00
2.929143834296338067e+00
3.875081355097673708e+00
4.795374157037305629e+00
5.684163697094438028e+00
6.535944940973782202e+00
7.345622660163645179e+00
8.108560497694645264e+00
8.820622092949928827e+00
9.478203738512341658e+00
1.007825824998425368e+01
1.061830992746124025e+01
1.109646067704184169e+01
1.151138754663137931e+01
1.186233209765525309e+01
1.214908217459024442e+01
1.237194675992428827e+01
1.253172470691993468e+01
1.262966820169211779e+01
1.266744187060356275e+01
1.264707845293404276e+01
1.257093198458655259e+01
1.244162939201838114e+01
1.226202138249752593e+01
1.203513345130816603e+01
1.176411777000080150e+01
1.145220665137106231e+01
1.110266820020991396e+01
1.071876470121271652e+01
1.030371418155444907e+01
9.860655551545479014e+00
9.392617604383836749e+00
8.902492119322230835e+00
8.393011225368759654e+00
7.866729121089270471e+00
7.326008189217756872e+00
6.773009489057800536e+00
6.209687558169671107e+00
5.637789402123431159e+00
5.058857516068504090e+00
4.474236735432152834e+00
3.885084672616542445e+00
3.292385468896615652e+00
2.696966550898741488e+00
2.099518057217586886e+00
1.500614569029445677e+00
9.007387613159062445e-01
3.003065668786711884e-01
-3.003065668717932457e-01
-9.007387613137081139e-01
-1.500614569030046086e+00
-2.099518057168602514e+00
-2.696966550875234958e+00
-3.292385468843984420e+00
-3.885084672716040632e+00
-4.474236735430651812e+00
-5.058857516182808212e+00
-5.637789402009515172e+00
-6.209687558310191591e+00
-6.773009489058225086e+00
-7.326008189238278234e+00
-7.866729121088154919e+00
-8.393011225579730450e+00
-8.902492119091908407e+00
-9.392617604349002391e+00
-9.860655551762883775e+00
-1.030371418161741914e+01
-1.071876470121726754e+01
-1.110266820049848491e+01
-1.145220665101738966e+01
-1.176411777004000392e+01
-1.203513345098889609e+01
-1.226202138242658357e+01
-1.244162939233540399e+01
-1.257093198489550900e+01
-1.264707845306643463e+01
-1.266744187104817954e+01
-1.262966820195888040e+01
-1.253172470659667859e+01
-1.237194675991850623e+01
-1.214908217436793869e+01
-1.186233209772985298e+01
-1.151138754663336528e+01
-1.109646067678221293e+01
-1.061830992738115853e+01
-1.007825825037247292e+01
-9.478203738534075384e+00
-8.820622093243382977e+00
-8.108560497542940837e+00
-7.345622660172921314e+00
-6.535944941091709204e+00
-5.684163697039224417e+00
-4.795374156956675016e+00
-3.875081355131640315e+00
-2.929143834340522723e+00
-1.963711014464888605e+00
-9.851552830736448607e-01
-1.603738056464489050e-14
-1.254499599849534964e-14
1.009424480807646685e+00
2.011938774103675165e+00
3.000714909291536170e+00
3.969087778632897301e+00
4.910632684247250523e+00
5.819238343122743018e+00
6.689174029756332907e+00
7.515149693832383626e+00
8.292368072995030204e+00
9.016568028790141298e+00
9.684058553277635539e+00
1.029174311874354686e+01
1.083713427014717468e+01
1.131835857717894100e+01
1.173415226543849954e+01
1.208384803059438717e+01
1.236735369868719836e+01
1.258512353025845520e+01
1.273812306540963490e+01
1.282778848743087963e+01
1.285598152136230077e+01
1.282494090653304930e+01
1.273723146966271713e+01
1.259569179624868163e+01
1.240338145209043574e+01
1.216352863365228565e+01
1.187947905740422527e+01
1.155464681055848253e+01
1.119246779302193495e+01
1.079635629575011713e+01
1.036966516533739835e+01
9.915649917261438517e+00
9.437437080880831886e+00
8.937996975526690591e+00
8.420121051022320557e+00
7.886403853495333571e+00
7.339229621992409136e+00
6.780763466869943912e+00
6.212947025424671921e+00
5.637498453668142062e+00
5.055916564770912558e+00
4.469488892131535884e+00
3.879303414725451038e+00
3.286263656824872648e+00
2.691106837490866877e+00
2.094424726420868410e+00
1.496686828056977170e+00
8.982655071115163148e-01
2.994626387659798383e-01
-2.994626387702650216e-01
-8.982655071043159634e-01
-1.496686828062772978e+00
-2.094424726412336124e+00
-2.691106837557525555e+00
-3.286263656798680266e+00
-3.879303414789528226e+00
-4.469488892200644159e+00
-5.055916564773098365e+00
-5.637498453396528220e+00
-6.212947025420634262e+00
-6.780763466893023228e+00
-7.339229621979018070e+00
-7.886403853377255579e+00
-8.420121051027191328e+00
-8.937996975530214883e+00
-9.437437080874611084e+00
-9.915649917257455925e+00
-1.036966516539268923e+01
-1.079635629585409617e+01
-1.119246779290435789e+01
-1.155464681053117815e+01
-1.187947905730577780e+01
-1.216352863355194280e+01
-1.240338145207937437e+01
-1.259569179614766377e+01
-1.273723146963043718e+01
-1.282494090663283082e+01
-1.285598152138146055e+01
-1.282778848742550970e+01
-1.273812306540779460e+01
-1.258512353039902720e+01
-1.236735369868452850e+01
-1.208384803055823475e+01
-1.173415226541950140e+01
-1.131835857722593452e+01
-1.083713427012407671e+01
-1.029174311874853842e+01
-9.684058553278381609e+00
-9.016568028740252316e+00
-8.292368072965240700e+00
-7.515149693870612602e+00
-6.689174029756037143e+00
-5.819238343084016662e+00
-4.910632684290948013e+00
-3.969087778659868171e+00
-3.000714909322463875e+00
-2.011938774124205409e+00
-1.009424480822477488e+00
-1.644501221706747640e-14
-1.247697375885649543e-14
1.002804479635971191e+00
1.998555022874202391e+00
2.980284697996202770e+00
3.941198876983984967e+00
4.874757105860189732e+00
5.774750046287326022e+00
6.635369952389947201e+00
7.451273522975417229e+00
8.217636003424425795e+00
8.930195749868337529e+00
9.585288677585278805e+00
1.017987227399362560e+01
1.071153913869030561e+01
1.117852011030848303e+01
1.157967756723485309e+01
1.191448938163618010e+01
1.218302419919554858e+01
1.238590920589421529e+01
1.252429116059341929e+01
1.259979199109865178e+01
1.261445976390253598e+01
1.257071667491539557e+01
1.247130456628018891e+01
1.231922953431544343e+01
1.211770638657165833e+01
1.187010393392912810e+01
1.157989196542411747e+01
1.125059058433711101e+01
1.088572260440409423e+01
1.048876945261060634e+01
1.006313108007059220e+01
9.612090152922327491e+00
9.138780781389257868e+00
8.646161926293466138e+00
8.136995616832800593e+00
7.613829924320278941e+00
7.078986716886593200e+00
6.534554058897890094e+00
5.982383156262129908e+00
5.424089625192307196e+00
4.861058931399441008e+00
4.294455698350733819e+00
3.725236650741531541e+00
3.154166871977451603e+00
2.581839064653631777e+00
2.008695451658106368e+00
1.435051957576005233e+00
8.611242848057836241e-01
2.870554718220265089e-01
-2.870554718585299758e-01
-8.611242850198511656e-01
-1.435051957557731850e+00
-2.008695451686265177e+00
-2.581839064744411605e+00
-3.154166871466746791e+00
-3.725236650797429050e+00
-4.294455698352672712e+00
-4.861058931956984352e+00
-5.424089624677758792e+00
-5.982383155569746869e+00
-6.534554059750595556e+00
-7.078986717616149171e+00
-7.613829924999027554e+00
-8.136995615955340710e+00
-8.646161926890599148e+00
-9.138780778747859657e+00
-9.612090151498463797e+00
-1.006313108079587337e+01
-1.048876945102636427e+01
-1.088572260496557753e+01
-1.125059058850015070e+01
-1.157989196671983301e+01
-1.187010393320452728e+01
-1.211770638311767812e+01
-1.231922953062087700e+01
-1.247130456543304255e+01
-1.257071668709015100e+01
-1.261445977790916828e+01
-1.259979198298727887e+01
-1.252429116040356227e+01
-1.238590919994102357e+01
-1.218302420776153561e+01
-1.191448939710391741e+01
-1.157967757454722246e+01
-1.117852009710650840e+01
-1.071153913787229861e+01
-1.017987227847014431e+01
-9.585288678657015282e+00
-8.930195749339814526e+00
-8.217636003347585927e+00
-7.451273522536274285e+00
-6.635369951804718447e+00
-5.774750043839739000e+00
-4.874757108128537020e+00
-3.941198877274527224e+00
-2.980284699751708732e+00
-1.998555022961044036e+00
-1.002804479642316782e+00
-1.635153521493016365e-14
-1.183182052349806854e-14
9.496671982151090319e-01
1.892422593378395357e+00
2.821443361421138718e+00
3.730082802853613266e+00
4.611953875477964537e+00
5.461007440905456534e+00
6.271603706384089705e+00
7.038575538357061845e+00
7.757282551394346193e+00
8.423655138981365198e+00
9.034227869778787223e+00
9.586161963846381084e+00
1.007725682247299659e+01
1.050595085415536190e+01
1.087131207457867887e+01
1.117301916396909611e+01
1.141133386185441267e+01
1.158706570174029871e+01
1.170153018986058413e+01
1.175650164172047063e+01
1.175416185309395445e+01
1.169704582833369422e+01
1.158798574793172165e+01
1.143005426032995153e+01
1.122650814694626220e+01
1.098073328125236969e+01
1.069619170565882804e+01
1.037637152624307468e+01
1.002474022326564373e+01
9.644701840661674908e+00
9.239558434864058256e+00
8.812476036675896296e+00
8.366455306799833735e+00
7.904306975923803158e+00
7.428632091899658008e+00
6.941807033307631158e+00
6.445973199216514793e+00
5.943031241331035552e+00
5.434639664217293387e+00
4.922217592590162560e+00
4.406951474610902864e+00
3.889805466313078774e+00
3.371535223838229012e+00
2.852704804649933923e+00
2.333706365815875650e+00
1.814782326277300184e+00
1.296049647500025159e+00
7.775258664125991315e-01
2.591565082309743029e-01
-2.591565082330434810e-01
-7.775258664254712793e-01
-1.296049647478499267e+00
-1.814782326268422397e+00
-2.333706365756885504e+00
-2.852704804665229243e+00
-3.371535223741833232e+00
-3.889805466237274523e+00
-4.406951474398119295e+00
-4.922217592565908184e+00
-5.434639664217113086e+00
-5.943031241327616065e+00
-6.445973199225772277e+00
-6.941807032995964022e+00
-7.428632091884328048e+00
-7.904306975891599585e+00
-8.366455306761224620e+00
-8.812476036714645744e+00
-9.239558434894384220e+00
-9.644701840571764606e+00
-1.002474022326028091e+01
-1.037637152625453929e+01
-1.069619170564738830e+01
-1.098073328125538417e+01
-1.122650814683127862e+01
-1.143005426035874983e+01
-1.158798574769259382e+01
-1.169704582804879678e+01
-1.175416185302804628e+01
-1.175650164182440527e+01
-1.170153018981162063e+01
-1.158706570155835003e+01
-1.141133386247021342e+01
-1.117301916432352904e+01
-1.087131207448115156e+01
-1.050595085412741270e+01
-1.007725682215779806e+01
-9.586161963961089327e+00
-9.034227869521332721e+00
-8.423655138662887509e+00
-7.757282551147211436e+00
-7.038575538553570432e+00
-6.271603706636873277e+00
-5.461007440952823089e+00
-4.611953875415219173e+00
-3.730082802842160206e+00
-2.821443361485719059e+00
-1.892422593420320931e+00
-9.496671982484132801e-01
-1.550122394442371497e-14
-1.043541897441497568e-14
8.362015078987272698e-01
1.666052342615556014e+00
2.483287753392680930e+00
3.281812984903399677e+00
4.055783706958880686e+00
4.799681118288616766e+00
5.508380208573028902e+00
6.177209855171851949e+00
6.802003687995858527e+00
7.379140905633512659e+00
7.905576511295705266e+00
8.378860732535663658e+00
8.797147649412378811e+00
9.159193338047908028e+00
9.464344068638606444e+00
9.712515310409351343e+00
9.904162472841804288e+00
1.004024444677861005e+01
1.012218110655058467e+01
1.015180598713168081e+01
1.013131537015510197e+01
1.006321498900172706e+01
9.950265516169011448e+00
9.795427917395679529e+00
9.601809661120142891e+00
9.372612658095766491e+00
9.111083687574403456e+00
8.820467939549960334e+00
8.503966181193840512e+00
8.164695935489410417e+00
7.805656951371662267e+00
7.429701144717998140e+00
7.039507101943631717e+00
6.637559162569885984e+00
6.226131035099192523e+00
5.807273848702402930e+00
5.382808502594480515e+00
4.954322142188215317e+00
4.523168568034807713e+00
4.090472357268976289e+00
3.657136477206146541e+00
3.223853131808835482e+00
2.791117594290935422e+00
2.359244754986441261e+00
1.928388095646749401e+00
1.498560813841588235e+00
1.069658772675155634e+00
6.414849788683419929e-01
2.137752511407252642e-01
-2.137752511406549316e-01
-6.414849788684306997e-01
-1.069658772675371017e+00
-1.498560813842015449e+00
-1.928388095930173796e+00
-2.359244754984843429e+00
-2.791117594699247917e+00
-3.223853131317512943e+00
-3.657136477207258540e+00
-4.090472357269991477e+00
-4.523168567370708715e+00
-4.954322142173356980e+00
-5.382808502585683108e+00
-5.807273849562808898e+00
-6.226131035071687414e+00
-6.637559162556529557e+00
-7.039507101990706062e+00
-7.429701144725171069e+00
-7.805656951357875073e+00
-8.164695935511620206e+00
-8.503966181177274208e+00
-8.820467939538703561e+00
-9.111083687543574783e+00
-9.372612658081090231e+00
-9.601809661130621620e+00
-9.795427917419919694e+00
-9.950265516182604131e+00
-1.006321498901884937e+01
-1.013131537016016281e+01
-1.015180598711672566e+01
-1.012218110651111225e+01
-1.004024444685210682e+01
-9.904162472826183006e+00
-9.712515310412481284e+00
-9.464344068638274265e+00
-9.159193338081209390e+00
-8.797147649365566480e+00
-8.378860732155699154e+00
-7.905576511311882548e+00
-7.379140905636890402e+00
-6.802003688179294905e+00
-6.177209855146535311e+00
-5.508380208311904447e+00
-4.799681118299548466e+00
-4.055783706804902522e+00
-3.281812984903073271e+00
-2.483287753329473269e+00
-1.666052342540881082e+00
-8.362015079010535201e-01
-1.366657541426360045e-14
-8.259865541919162765e-15
6.604839789841169262e-01
1.315681550283255286e+00
1.960381931442151560e+00
2.589523885147743787e+00
3.198266283364478824e+00
3.782053772324321717e+00
4.336676148447948798e+00
4.858320253116125365e+00
5.343613418506393486e+00
5.789657761796024538e+00
6.194054865665115095e+00
6.554920685281724779e+00
6.870890758634563333e+00
7.141116054557061332e+00
7.365250016505318520e+00
7.543427547347622664e+00
7.676236844410747828e+00
7.764685099163882498e+00
7.810159168900075777e+00
7.814382355781003042e+00
7.779368436365655448e+00
7.707374042691488292e+00
7.600850447168236990e+00
7.462395711500690254e+00
7.294708053655098112e+00
7.100541176949370481e+00
6.882662185939871335e+00
6.643812586373286422e+00
6.386672751550350746e+00
6.113830122454548821e+00
5.827751322795785782e+00
5.530758259457217108e+00
5.225008230739558002e+00
4.912477981994839205e+00
4.594951618659957937e+00
4.274012235255573167e+00
3.951037106715336034e+00
3.627196266695997373e+00
3.303454275736251056e+00
2.980574994013429180e+00
2.659129154382928739e+00
2.339504528585990339e+00
2.021918481576551851e+00
1.706432696108945768e+00
1.392969845692906494e+00
1.081331986342424223e+00
7.712204236222289788e-01
4.622568082542248824e-01
1.540051958101724683e-01
-1.540051958098458407e-01
-4.622568082535473133e-01
-7.712204236327782070e-01
-1.081331986328198935e+00
-1.392969845807828788e+00
-1.706432696109633662e+00
-2.021918481535814660e+00
-2.339504528632259106e+00
-2.659129154522750671e+00
-2.980574994167219494e+00
-3.303454275919631922e+00
-3.627196266919017642e+00
-3.951037106719200054e+00
-4.274012234797996079e+00
-4.594951619046928393e+00
-4.912477982155508016e+00
-5.225008230746201576e+00
-5.530758259592868598e+00
-5.827751322862527950e+00
-6.113830122494244179e+00
-6.386672751250691782e+00
-6.643812586377011442e+00
-6.882662185907764574e+00
-7.100541176961045586e+00
-7.294708053843232065e+00
-7.462395712173531592e+00
-7.600850446912277292e+00
-7.707374042358945410e+00
-7.779368436421306043e+00
-7.814382355883520148e+00
-7.810159169234731635e+00
-7.764685099219700959e+00
-7.676236844720857100e+00
-7.543427547563526403e+00
-7.365250016497424390e+00
-7.141116054644929712e+00
-6.870890758609323079e+00
-6.554920685253483370e+00
-6.194054865304399193e+00
-5.789657761803516323e+00
-5.343613418504169488e+00
-4.858320252727306610e+00
-4.336676148431826583e+00
-3.782053772428938032e+00
-3.198266283421220102e+00
-2.589523885170301298e+00
-1.960381931442436443e+00
-1.315681550283025913e+00
-6.604839789705864161e-01
-1.081220876863322438e-14
-5.575941364522303890e-15
4.446511536756809768e-01
8.855088053687980576e-01
1.318836984224450060e+00
1.741013425297051276e+00
2.148583078323382356e+00
2.538307726133874898e+00
2.907210620668782219e+00
3.252615200131542483e+00
3.572177145067104043e+00
3.863909235431191469e+00
4.126198683656796540e+00
4.357816852786813300e+00
4.557921456972530372e+00
4.726051558987510504e+00
4.862115861214652668e+00
4.966374905901357550e+00
5.039417947969461409e+00
5.082135340143308255e+00
5.095687332107093681e+00
5.081470174048001276e+00
5.041080453588969945e+00
4.976278500158771045e+00
4.888951698626515352e+00
4.781078365904658511e+00
4.654692999055900060e+00
4.511853056425940700e+00
4.354608179552464264e+00
4.184971825881408591e+00
4.004895692418308784e+00
3.816247056995565767e+00
3.620789108729426609e+00
3.420164281302011666e+00
3.215880554925368173e+00
3.009300646555738368e+00
2.801634003914316828e+00
2.593931414307146355e+00
2.387082277407852171e+00
2.181814165278072259e+00
1.978694778961735068e+00
1.778135950024784417e+00
1.580399773244634654e+00
1.385606589017315482e+00
1.193744745712684852e+00
1.004681994146014778e+00
8.181783663572084198e-01
6.339003814422436989e-01
4.514364064922072872e-01
2.703129866808194892e-01
9.001194692253249030e-02
-9.001194692250903684e-02
-2.703129866749993671e-01
-4.514364064676967825e-01
-6.339003814965185057e-01
-8.181783663467774304e-01
-1.004681994069223983e+00
-1.193744745632030035e+00
-1.385606589004514611e+00
-1.580399773467251912e+00
-1.778135950031692003e+00
-1.978694778908933527e+00
-2.181814174487949121e+00
-2.387082266683533405e+00
-2.593931414010350878e+00
-2.801634003956513741e+00
-3.009300646559045944e+00
-3.215880554795608859e+00
-3.420164281427045427e+00
-3.620789108574149040e+00
-3.816247057094497297e+00
-4.004895692379725425e+00
-4.184971825809441270e+00
-4.354608179393434142e+00
-4.511853056452209465e+00
-4.654692998848001473e+00
-4.781078366027106341e+00
-4.888951698997697548e+00
-4.976278500767732815e+00
-5.041080452577276994e+00
-5.081470174430024578e+00
-5.095687332248333590e+00
-5.082135340369469567e+00
-5.039417947128277397e+00
-4.966374904969192094e+00
-4.862115860938927447e+00
-4.726051558433921329e+00
-4.557921456951404160e+00
-4.357816852744171854e+00
-4.126198683886029173e+00
-3.863909235662328800e+00
-3.572177145183242253e+00
-3.252615199717650007e+00
-2.907210620554312008e+00
-2.538307726390169439e+00
-2.148583078276633973e+00
-1.741013425113747015e+00
-1.318836984368608523e+00
-8.855088054233161143e-01
-4.446511536645793017e-01
-7.294382113490616055e-15
-2.962127350872101861e-15
2.353498106311630589e-01
4.685167779702857915e-01
6.973530206240167173e-01
9.197797299859190590e-01
1.133819609085527702e+00
1.337626874663771614e+00
1.529514142480479233e+00
1.707975617808326296e+00
1.871706138544808606e+00
2.019615746649450649e+00
2.150839609017194398e+00
2.264743241974565446e+00
2.360923129844958890e+00
2.439202966427302943e+00
2.499625817110380677e+00
2.542442640820164801e+00
2.568097655199482521e+00
2.577211049828617817e+00
2.570559645227156853e+00
2.549056039969685994e+00
2.513726792005785526e+00
2.465690162247862194e+00
2.406133885194019939e+00
2.336293395144175999e+00
2.257430841901653551e+00
2.170815207973082028e+00
2.077703750696435758e+00
1.979324921283439620e+00
1.876862896604895914e+00
1.771443763180140740e+00
1.664123424791595030e+00
1.555877157995709137e+00
1.447590887017080385e+00
1.340054076682858808e+00
1.233954234921469606e+00
1.129872978142371753e+00
1.028283627043395487e+00
9.295503010648374920e-01
8.339284715577003348e-01
7.415669761234376933e-01
6.525114255161296173e-01
5.667089984265216707e-01
4.840145679330861150e-01
4.041981001630098880e-01
3.269532517451176901e-01
2.519070657175913053e-01
1.786306478910919260e-01
1.066506820092886221e-01
3.546162143512023718e-02
-3.546162142935484207e-02
-1.066506819956816871e-01
-1.786306479321976837e-01
-2.519070657077857045e-01
-3.269532516698070435e-01
-4.041981001552821806e-01
-4.840145679147813684e-01
-5.667089984442009731e-01
-6.525114253993796742e-01
-7.415669760006834421e-01
-8.339284716503357897e-01
-9.295503011488974732e-01
-1.028283627042839488e+00
-1.129872978191100996e+00
-1.233954234923915649e+00
-1.340054076698008689e+00
-1.447590886916341857e+00
-1.555877158084411294e+00
-1.664123424779725635e+00
-1.771443763187646070e+00
-1.876862896557084159e+00
-1.979324921046048180e+00
-2.077703750290562645e+00
-2.170815208501125415e+00
-2.257430842390697023e+00
-2.336293395051554533e+00
-2.406133885638086500e+00
-2.465690161641040046e+00
-2.513726792378690345e+00
-2.549056041456719601e+00
-2.570559646495117256e+00
-2.577211050899631761e+00
-2.568097655477125318e+00
-2.542442642373189621e+00
-2.499625817102597569e+00
-2.439202966249481630e+00
-2.360923129787667829e+00
-2.264743242240894183e+00
-2.150839608797412428e+00
-2.019615747062661892e+00
-1.871706138401678654e+00
-1.707975618216006186e+00
-1.529514142584776026e+00
-1.337626874756615791e+00
-1.133819609044693033e+00
-9.197797299432844964e-01
-6.973530205463155385e-01
-4.685167780198106757e-01
-2.353498106441150317e-01
-3.871795535677988416e-15
-1.026261907940272626e-15
8.105667089755959343e-02
1.612231446694420700e-01
2.396242051938967110e-01
3.154142371862079797e-01
3.877911367189966763e-01
4.560091887205949268e-01
5.193906238143507492e-01
5.773356118133634585e-01
6.293305011735417231e-01
6.749541707518551537e-01
7.138824190619041943e-01
7.458903749060117327e-01
7.708529689804458629e-01
7.887435566055559510e-01
7.996308260069748819e-01
8.036741612604961782e-01
8.011176562872951434e-01
7.922829923243537298e-01
7.775613994423213882e-01
7.574049209463270538e-01
7.323171907504019140e-01
7.028439186840439445e-01
6.695632587312272399e-01
6.330762127614835144e-01
5.939971979335747498e-01
5.529448830582391894e-01
5.105333774061374674e-01
4.673638370398491837e-01
4.240165395548396998e-01
3.810434675209505295e-01
3.389614354415347308e-01
2.982457932237224107e-01
2.593247408374497187e-01
2.225742932528768925e-01
1.883139398936506670e-01
1.568030492890754024e-01
1.282380735474323297e-01
1.027506102400095600e-01
8.040637823632516834e-02
6.120515945371701738e-02
4.508174912511496435e-02
3.190794366535582016e-02
2.149557712857902425e-02
1.360059557132876733e-02
7.928134076951006207e-03
4.138534950264494833e-03
1.854218904303975594e-03
6.672953554327947824e-04
1.477746558897449259e-04
-1.477746558906135887e-04
-6.672953554901273933e-04
-1.854218903873112783e-03
-4.138534950646711660e-03
-7.928134076450649506e-03
-1.360059557116892817e-02
-2.149557712782849267e-02
-3.190794366456358583e-02
-4.508174912535124756e-02
-6.120515945485671683e-02
-8.040637823720080124e-02
-1.027506102390366438e-01
-1.282380735445135811e-01
-1.568030492824178668e-01
-1.883139398909681739e-01
-2.225742932539749031e-01
-2.593247408474290139e-01
-2.982457932204145012e-01
-3.389614354417015418e-01
-3.810434675203390187e-01
-4.240165395534220005e-01
-4.673638370380423512e-01
-5.105333774052479567e-01
-5.529448830581280561e-01
-5.939971979353261267e-01
-6.330762127618727586e-01
-6.695632587306989958e-01
-7.028439186840717001e-01
-7.323171907520974466e-01
-7.574049209414068784e-01
-7.775613994410147667e-01
-7.922829923010316078e-01
-8.011176562977470050e-01
-8.036741612712955396e-01
-7.996308260085592812e-01
-7.887435566106290041e-01
-7.708529689817383845e-01
-7.458903749048163556e-01
-7.138824190620015608e-01
-6.749541707499787657e-01
-6.293305011722907238e-01
-5.773356118134189696e-01
-5.193906238150735044e-01
-4.560091887184059001e-01
-3.877911367207271254e-01
-3.154142371743174911e-01
-2.396242051935735529e-01
-1.612231446695915060e-01
-8.105667089747271847e-02
-1.339649521458971693e-15
-7.953161177550161572e-17
6.053756526207131235e-03
1.194114717147752927e-02
1.749890854767901724e-02
2.256991674857020819e-02
2.700609550877365941e-02
3.067113639312785481e-02
3.344297799354910977e-02
3.521599862141436971e-02
3.590288576665062042e-02
3.543615496278603588e-02
3.376930047401025675e-02
3.087756958914594438e-02
2.675836133182785820e-02
2.143125824873304969e-02
1.493770666139209759e-02
7.340366035770115247e-03
-1.277848056197589382e-03
-1.081500066117337816e-02
-2.115162616188462352e-02
-3.215244147681940723e-02
-4.366825737994472351e-02
-5.553806314474801775e-02
-6.759126156395689478e-02
-7.965003329140789290e-02
-9.153181016758710209e-02
-1.030518383586781911e-01
-1.140258119087824706e-01
-1.242725541988696919e-01
-1.336167258024873739e-01
-1.418915298562800908e-01
-1.489413857839978761e-01
-1.546245353947381662e-01
-1.588155419229662080e-01
-1.614076382982007341e-01
-1.623148773926081090e-01
-1.614740348185633168e-01
-1.588462141104671765e-01
-1.544181052509604468e-01
-1.482028506073499452e-01
-1.402404777801637137e-01
-1.305978662988876993e-01
-1.193682247156386267e-01
-1.066700659976929366e-01
-9.264568180801337205e-02
-7.745913004684547298e-02
-6.129376401872967117e-02
-4.434934552957457699e-02
-2.683879718628762526e-02
-8.984660890776985376e-03
8.984660890738328798e-03
2.683879718615819060e-02
4.434934552974483662e-02
6.129376401906845573e-02
7.745913004631731213e-02
9.264568180825312471e-02
1.066700659983670224e-01
1.193682247162328042e-01
1.305978662985610717e-01
1.402404777794062363e-01
1.482028506070789120e-01
1.544181052499110640e-01
1.588462141100641378e-01
1.614740348180629670e-01
1.623148773924760757e-01
1.614076382985203950e-01
1.588155419230773968e-01
1.546245353966214653e-01
1.489413857860479584e-01
1.418915298558700855e-01
1.336167258008890135e-01
1.242725541998842970e-01
1.140258118702480450e-01
1.030518383598943433e-01
9.153181013288176626e-02
7.965003328996241028e-02
6.759126159087888719e-02
5.553806314340677813e-02
4.366825737951386677e-02
3.215244147663177260e-02
2.115162616075187338e-02
1.081500066137490966e-02
1.277848055537396128e-03
-7.340366035332302266e-03
-1.493770666209398752e-02
-2.143125825057463907e-02
-2.675836133259229532e-02
-3.087756958836761212e-02
-3.376930047551827963e-02
-3.543615496393964087e-02
-3.590288576591745690e-02
-3.521599862136919751e-02
-3.344297799302443225e-02
-3.067113639325989502e-02
-2.700609550841228876e-02
-2.256991674886034416e-02
-1.749890854653062683e-02
-1.194114717162086253e-02
-6.053756526456875904e-03
-1.030016163003098406e-16
-1.963847277008630522e-16
1.603227011271374236e-02
3.213116458967223144e-02
4.836124040183537032e-02
6.478295112928304789e-02
8.145067335058575608e-02
9.841082441480403231e-02
1.157001003369901443e-01
1.333438588695102234e-01
1.513546704607373339e-01
1.697310591556889237e-01
1.884564499577736363e-01
2.074983381088120193e-01
2.268076933395367367e-01
2.463186103188993725e-01
2.659482122639121315e-01
2.855968160101584052e-01
3.051483639165907813e-01
3.244711242327440459e-01
3.434186672435263210e-01
3.618311118050033803e-01
3.795366465537921563e-01
3.963533190153773478e-01
4.120910874623985864e-01
4.265541244870407200e-01
4.395433578439580380e-01
4.508592282992308631e-01
4.603046382585240792e-01
4.676880583632781474e-01
4.728267529218996290e-01
4.755500764426921489e-01
4.757027887335963379e-01
4.731483279635049777e-01
4.677719761762987871e-01
4.594838483991033340e-01
4.482216329299444912e-01
4.339530102589013172e-01
4.166776806917258935e-01
3.964289332742694794e-01
3.732746969302618290e-01
3.473180228050851692e-01
3.186969586223852291e-01
2.875837891409441793e-01
2.541836323535806019e-01
2.187323966302713585e-01
1.814941220078244433e-01
1.427577448727282150e-01
1.028333423915375744e-01
6.204792800601904856e-02
2.074088261785006146e-02
-2.074088261791390969e-02
-6.204792800516687606e-02
-1.028333423899444182e-01
-1.427577448667708415e-01
-1.814941220017541601e-01
-2.187323966276618625e-01
-2.541836323445811341e-01
-2.875837891375875865e-01
-3.186969586199355775e-01
-3.473180227996785496e-01
-3.732746969179265850e-01
-3.964289332794537213e-01
-4.166776807088562462e-01
-4.339530102603190165e-01
-4.482216329118899334e-01
-4.594838483850238187e-01
-4.677719761466317960e-01
-4.731483279425733879e-01
-4.757027887608101802e-01
-4.755500764232824529e-01
-4.728267529386268597e-01
-4.676880583946963488e-01
-4.603046382535900261e-01
-4.508592283042830995e-01
-4.395433578390031126e-01
-4.265541244793825126e-01
-4.120910874785490008e-01
-3.963533190164544862e-01
-3.795366465616589191e-01
-3.618311117972757285e-01
-3.434186672511428950e-01
-3.244711242352041336e-01
-3.051483637947747241e-01
-2.855968160043417803e-01
-2.659482121543548239e-01
-2.463186102111210585e-01
-2.268076933404818696e-01
-2.074983380086155293e-01
-1.884564499553900152e-01
-1.697310592232718907e-01
-1.513546703973170648e-01
-1.333438588698959149e-01
-1.157001003356732255e-01
-9.841082441489784616e-02
-8.145067331779846931e-02
-6.478295115716578567e-02
-4.836124040224364790e-02
-3.213116457638236917e-02
-1.603227011271026597e-02
-2.582131865005399331e-16
-1.517427921809592749e-15
1.228144430978991009e-01
2.455545095038875747e-01
3.681406796115221924e-01
4.904832170581977513e-01
6.124772327506488034e-01
7.339979555746751760e-01
8.548962775937110070e-01
9.749946412361106818e-01
1.094083334820893372e+00
1.211917262271311246e+00
1.328213249965875642e+00
1.442647954260998011e+00
1.554856428141194513e+00
1.664431404791678615e+00
1.770923350687421571e+00
1.873841336333804453e+00
1.972654767159466971e+00
2.066796008524417250e+00
2.155663930540834272e+00
2.238628385602340565e+00
2.315035621733787963e+00
2.384214615857124020e+00
2.445484295833188160e+00
2.498161602427681593e+00
2.541570319302023151e+00
2.575050579766030800e+00
2.597968934992392231e+00
2.609728847786993100e+00
2.609781452661205314e+00
2.597636404735031324e+00
2.572872620395928234e+00
2.535148699450898491e+00
2.484212808023508412e+00
2.419911797092097139e+00
2.342199326376956492e+00
2.251142780617209294e+00
2.146928764961109959e+00
2.029866995171175859e+00
1.900392420930877568e+00
1.759065451467876517e+00
1.606570192343853565e+00
1.443710642363841279e+00
1.271404847024515838e+00
1.090677050852010277e+00
9.026479402570697363e-01
7.085231167969811006e-01
5.095799845112586324e-01
3.071532778990724855e-01
1.026194921841070695e-01
-1.026194921841366015e-01
-3.071532778985547329e-01
-5.095799845103692327e-01
-7.085231167796424145e-01
-9.026479402592310075e-01
-1.090677050829355288e+00
-1.271404847055267018e+00
-1.443710642379074427e+00
-1.606570192423243615e+00
-1.759065451479495890e+00
-1.900392420925304027e+00
-2.029866995159737009e+00
-2.146928764983139448e+00
-2.251142780529952425e+00
-2.342199326369895918e+00
-2.419911797029010714e+00
-2.484212808156686769e+00
-2.535148699370925129e+00
-2.572872620497639318e+00
-2.597636404791460407e+00
-2.609781452681302572e+00
-2.609728847737457613e+00
-2.597968935052574313e+00
-2.575050579762973690e+00
-2.541570319292071556e+00
-2.498161602437272144e+00
-2.445484295785237183e+00
-2.384214615805420046e+00
-2.315035621760724194e+00
-2.238628385593445014e+00
-2.155663930557290442e+00
-2.066796008608949631e+00
-1.972654767175283874e+00
-1.873841336335388963e+00
-1.770923350683696773e+00
-1.664431404704352691e+00
-1.554856428151465630e+00
-1.442647954254048237e+00
-1.328213249944137919e+00
-1.211917262263472184e+00
-1.094083334824618392e+00
-9.749946412369168147e-01
-8.548962775916958412e-01
-7.339979555629654318e-01
-6.124772327487864043e-01
-4.904832170569190519e-01
-3.681406796210046628e-01
-2.455545095041898607e-01
-1.228144430956249061e-01
-1.991439381949816047e-15
-4.182326587752216664e-15
3.382322292981868039e-01
6.757871774289163636e-01
1.011980936783430041e+00
1.346116471619276611e+00
1.677477348897046916e+00
2.005321868624299064e+00
2.328877643176193502e+00
2.647336784432201107e+00
2.959851868371053740e+00
3.265532639680720717e+00
3.563443726198584294e+00
3.852603359995895094e+00
4.131983231580838911e+00
4.400509561490347110e+00
4.657065450549112917e+00
4.900494575674406050e+00
5.129606264758796996e+00
5.343181987497334973e+00
5.539983244262956852e+00
5.718760860989494432e+00
5.878265620951314219e+00
6.017260184043862203e+00
6.134532180408712954e+00
6.228908354588279295e+00
6.299269606007204203e+00
6.344566735797301682e+00
6.363836693277624690e+00
6.356219052768684818e+00
6.320972504284130267e+00
6.257491024003328128e+00
6.165319452479408824e+00
6.044168162172255165e+00
5.893926505149681638e+00
5.714674717589974584e+00
5.506694010688457652e+00
5.270474495046301833e+00
5.006720849447362731e+00
4.716355260891046619e+00
4.400517664867207301e+00
4.060563148100756692e+00
3.698056212726281267e+00
3.314762200343355225e+00
2.912635652295244792e+00
2.493805839557344584e+00
2.060559584172315883e+00
1.615321610966472532e+00
1.160632664562285532e+00
6.991257694203619755e-01
2.335009812647115268e-01
-2.335009812698375931e-01
-6.991257684575987730e-01
-1.160632664692628602e+00
-1.615321610960593235e+00
-2.060559587196723719e+00
-2.493805836049592273e+00
-2.912635652192296476e+00
-3.314762200818069271e+00
-3.698056207583723332e+00
-4.060563148203454986e+00
-4.400517671908175110e+00
-4.716355260932436622e+00
-5.006720856293747524e+00
-5.270474494921184139e+00
-5.506694011570893110e+00
-5.714674725264644373e+00
-5.893926505313520359e+00
-6.044168171430471581e+00
-6.165319452474961714e+00
-6.257491024032042937e+00
-6.320972504505066425e+00
-6.356219052919458434e+00
-6.363836693444576476e+00
-6.344566735872938956e+00
-6.299269605932872551e+00
-6.228908354022792082e+00
-6.134532180557458858e+00
-6.017260182761169141e+00
-5.878265620712505246e+00
-5.718760861074972723e+00
-5.539983244155768816e+00
-5.343181987640547526e+00
-5.129606265906281770e+00
-4.900494575648443707e+00
-4.657065450388221173e+00
-4.400509561343630693e+00
-4.131983231569051895e+00
-3.852603359896907609e+00
-3.563443726311609439e+00
-3.265532639716898888e+00
-2.959851868334514080e+00
-2.647336784999160919e+00
-2.328877639172836744e+00
-2.005321868582519151e+00
-1.677477351882037837e+00
-1.346116469344424083e+00
-1.011980936784104168e+00
-6.757871774463246606e-01
-3.382322292721682278e-01
-5.488063833642753355e-15
-7.894182207012207875e-15
6.383499804646628473e-01
1.274901320950980299e+00
1.907851427957671042e+00
2.535389955438724918e+00
3.155695313294111237e+00
3.766931632828542043e+00
4.367246335933255175e+00
4.954768444897934998e+00
5.527607766509906817e+00
6.083855068607445737e+00
6.621583365741622096e+00
7.138850401188640227e+00
7.633702416227639453e+00
8.104179265763415074e+00
8.548320927631287702e+00
8.964175429571735521e+00
9.349808196979388697e+00
9.703312795373001620e+00
1.002282302524230495e+01
1.030652628930995007e+01
1.055267812833196572e+01
1.075961780250337085e+01
1.092578474805113586e+01
1.104973573414120835e+01
1.113016249922925915e+01
1.116590963574095774e+01
1.115599246322903326e+01
1.109961461208390965e+01
1.099618503378150258e+01
1.084533412829791921e+01
1.064692868663829906e+01
1.040108535051722960e+01
1.010818228131626562e+01
9.768868802865776857e+00
9.384072517844206374e+00
8.955004232745487514e+00
8.483159717245442266e+00
7.970318731876925966e+00
7.418540914140510978e+00
6.830158550542456908e+00
6.207766153497742856e+00
5.554206902829519343e+00
4.872556035191094814e+00
4.166101296152868727e+00
3.438320680545504437e+00
2.692857679321605247e+00
1.933494343867177223e+00
1.164122490009267263e+00
3.887134223554222223e-01
-3.887134223357675555e-01
-1.164122489950794925e+00
-1.933494343899971657e+00
-2.692857679524757408e+00
-3.438320680604519008e+00
-4.166101296517073393e+00
-4.872556034890060062e+00
-5.554206903561514252e+00
-6.207766152654682124e+00
-6.830158550550143204e+00
-7.418540914378930928e+00
-7.970318730637514726e+00
-8.483159717563141911e+00
-8.955004232484579774e+00
-9.384072518107867467e+00
-9.768868767380594065e+00
-1.010818228156644416e+01
-1.040108535018079650e+01
-1.064692868651507140e+01
-1.084533412781907913e+01
-1.099618503409747738e+01
-1.109961461193769594e+01
-1.115599246291981217e+01
-1.116590963573186635e+01
-1.113016249875973074e+01
-1.104973573397053244e+01
-1.092578474783526055e+01
-1.075961780247457256e+01
-1.055267812825435492e+01
-1.030652628935921022e+01
-1.002282302537139635e+01
-9.703312795401217272e+00
-9.349808196986142406e+00
-8.964175429632501135e+00
-8.548320927642544476e+00
-8.104179265753630901e+00
-7.633702416241481714e+00
-7.138850400940573770e+00
-6.621583365971063451e+00
-6.083855068452669101e+00
-5.527607766247609078e+00
-4.954768444706325603e+00
-4.367246335906012966e+00
-3.766931632828431020e+00
-3.155695313264687663e+00
-2.535389955518219551e+00
-1.907851427996448690e+00
-1.274901320959444639e+00
-6.383499804791870069e-01
-1.035885251048226167e-14
-1.184694955196709235e-14
9.578152007783301558e-01
1.912411852007151358e+00
2.860574685183673083e+00
3.799095109574376572e+00
4.724774860280668953e+00
5.634429997445515426e+00
6.524895376547217296e+00
7.393029689934326854e+00
8.235721168976645856e+00
9.049894041717436721e+00
9.832515787093431214e+00
1.058060526108098109e+01
1.129124174127716707e+01
1.196157488249660794e+01
1.258883557196861425e+01
1.317034774677780717e+01
1.370354099680350046e+01
1.418596404873289885e+01
1.461529890210023908e+01
1.498937560434358574e+01
1.530618752960334561e+01
1.556390696766329995e+01
1.576090092604352222e+01
1.589574686916011537e+01
1.596724832419054962e+01
1.597445004015143688e+01
1.591665249864318099e+01
1.579342558094730542e+01
1.560462115904079639e+01
1.535038433593336826e+01
1.503116315073237885e+01
1.464771651159450983e+01
1.420112015891363555e+01
1.369277046770967843e+01
1.312438591318245251e+01
1.249800607416002052e+01
1.181598804069394326e+01
1.108100015697922380e+01
1.029601304319408328e+01
9.464287888041598151e+00
8.589362040310287938e+00
7.675031960014912613e+00
6.725333638036382844e+00
5.744520628037101062e+00
4.737039867228823198e+00
3.707505507084411178e+00
2.660670998086835048e+00
1.601399705583355093e+00
5.346343574397446341e-01
-5.346343574405680865e-01
-1.601399705582955413e+00
-2.660670998087401262e+00
-3.707505507118275645e+00
-4.737039867220713241e+00
-5.744520628247347105e+00
-6.725333638354082488e+00
-7.675031959747972365e+00
-8.589362040308159862e+00
-9.464287888041402752e+00
-1.029601304325861655e+01
-1.108100015699930729e+01
-1.181598804078478615e+01
-1.249800607416149489e+01
-1.312438591318639780e+01
-1.369277046791312991e+01
-1.420112015912998515e+01
-1.464771651153391296e+01
-1.503116315068067621e+01
-1.535038433583749473e+01
-1.560462115904507741e+01
-1.579342558094024618e+01
-1.591665249887256550e+01
-1.597445004056406326e+01
-1.596724832815374029e+01
-1.589574686560138161e+01
-1.576090092283125976e+01
-1.556390697148255420e+01
-1.530618752594092591e+01
-1.498937560387797596e+01
-1.461529889896166701e+01
-1.418596404889067841e+01
-1.370354099929244462e+01
-1.317034774376821638e+01
-1.258883557494195493e+01
-1.196157488254511314e+01
-1.129124174396894986e+01
-1.058060526113479760e+01
-9.832515787101716143e+00
-9.049894043944137323e+00
-8.235721171042175826e+00
-7.393029688146967260e+00
-6.524895376554959547e+00
-5.634429995972116245e+00
-4.724774860324672865e+00
-3.799095109596252851e+00
-2.860574685180511167e+00
-1.912411852461124440e+00
-9.578152007662921186e-01
-1.554541109002748875e-14
-1.520589420388839312e-14
1.229060502261381416e+00
2.453540145230001190e+00
3.668870756643584752e+00
4.870509574350299076e+00
6.053952039435769983e+00
7.214744690440469732e+00
8.348498188470710346e+00
9.450900493337211827e+00
1.051773020882915155e+01
1.154487010616307785e+01
1.252832082265795854e+01
1.346421473273191793e+01
1.434882996888307893e+01
1.517860456059572627e+01
1.595015065994425818e+01
1.666026879347674949e+01
1.730596208361702182e+01
1.788445036379706465e+01
1.839318410565880058e+01
1.882985805955152969e+01
1.919242451234826774e+01
1.947910604617229069e+01
1.968840767559486693e+01
1.981912824866189737e+01
1.987037097446657086e+01
1.984155295285185971e+01
1.973241356471130459e+01
1.954302160475414496e+01
1.927378101865123483e+01
1.892543513122510745e+01
1.849906924326134217e+01
1.799611150262500914e+01
1.741833194847864519e+01
1.676783965246290364e+01
1.604707789803039120e+01
1.525881734492785391e+01
1.440614715693160619e+01
1.349246408422795263e+01
1.252145951303318228e+01
1.149710451913931841e+01
1.042363298357720858e+01
9.305522845651047703e+00
8.147475598350009562e+00
6.954394144619231888e+00
5.731359156522724874e+00
4.483604096596909727e+00
3.216489076827080851e+00
1.935473746464512868e+00
6.460894098285129283e-01
-6.460894098268104013e-01
-1.935473746306994425e+00
-3.216489076786614110e+00
-4.483604096588354793e+00
-5.731359156523412324e+00
-6.954394144633484487e+00
-8.147475598353567605e+00
-9.305522845674412125e+00
-1.042363298358534074e+01
-1.149710451916539355e+01
-1.252145951290842696e+01
-1.349246408423026011e+01
-1.440614715682870006e+01
-1.525881734492903696e+01
-1.604707789824987785e+01
-1.676783965249008901e+01
-1.741833194844984689e+01
-1.799611150278620642e+01
-1.849906924324424651e+01
-1.892543513117401588e+01
-1.927378101891141782e+01
-1.954302160486842155e+01
-1.973241356401188540e+01
-1.984155295252971385e+01
-1.987037097474927450e+01
-1.981912824818997976e+01
-1.968840767597046693e+01
-1.947910604685458225e+01
-1.919242451315842857e+01
-1.882985805918549005e+01
-1.839318410570855988e+01
-1.788445036399237154e+01
-1.730596208357115273e+01
-1.666026879349315237e+01
-1.595015065997436032e+01
-1.517860456060266294e+01
-1.434882996878873307e+01
-1.346421473300885197e+01
-1.252832082239630118e+01
-1.154487010620264797e+01
-1.051773020894725086e+01
-9.450900493260601110e+00
-8.348498188425592659e+00
-7.214744690270459948e+00
-6.053952039365324111e+00
-4.870509574446909795e+00
-3.668870756638004771e+00
-2.453540145212704360e+00
-1.229060502277035116e+00
-1.995202037616279307e-14
-1.753228305393418149e-14
1.416680736768550997e+00
2.827726192360981106e+00
4.227522671530165255e+00
5.610499581519596823e+00
6.971150809820471750e+00
8.304055893795302623e+00
9.603900912524927946e+00
1.086549903132227080e+01
1.208381063197886185e+01
1.325396295591546725e+01
1.437126919423717020e+01
1.543124695796191759e+01
1.642963605301163454e+01
1.736241550694479230e+01
1.822581975976702040e+01
1.901635398343907468e+01
1.973080843287444353e+01
2.036627178816105754e+01
2.092014343316336777e+01
2.139014458207122615e+01
2.177432823438655873e+01
2.207108788277373179e+01
2.227916493494206662e+01
2.239765479757332756e+01
2.242601159354068230e+01
2.236405146064215188e+01
2.221195441541190263e+01
2.197026474669906904e+01
2.163988991778405691e+01
2.122209798348444920e+01
2.071851348379385982e+01
2.013111184136731424e+01
1.946221225365537322e+01
1.871446910824920451e+01
1.789086192594495728e+01
1.699468388019640841e+01
1.602952891370044242e+01
1.499927751452307234e+01
1.390808118881914801e+01
1.276034570156333103e+01
1.156071314811966388e+01
1.031404293493321234e+01
9.025391747993332103e+00
7.699992598081959017e+00
6.343233041543076212e+00
4.960632663487278826e+00
3.557819944682644842e+00
2.140508603989610847e+00
7.144735369354097143e-01
-7.144735369288972571e-01
-2.140508603930683762e+00
-3.557819944771885901e+00
-4.960632663486185479e+00
-6.343233041342759115e+00
-7.699992598266514499e+00
-9.025391747709969437e+00
-1.031404293473323008e+01
-1.156071314805753758e+01
-1.276034570158544312e+01
-1.390808118829316342e+01
-1.499927751448479363e+01
-1.602952891379955602e+01
-1.699468388022613752e+01
-1.789086192583856416e+01
-1.871446910776117534e+01
-1.946221225343261807e+01
-2.013111184138989884e+01
-2.071851348369025558e+01
-2.122209798348496435e+01
-2.163988991777321402e+01
-2.197026474630239790e+01
-2.221195441609858534e+01
-2.236405146085836648e+01
-2.242601159320941662e+01
-2.239765479730047559e+01
-2.227916493492714167e+01
-2.207108788296098822e+01
-2.177432823419594499e+01
-2.139014458149651077e+01
-2.092014343322441405e+01
-2.036627178803018623e+01
-1.973080843203651114e+01
-1.901635398366330065e+01
-1.822581976016028804e+01
-1.736241550620469454e+01
-1.642963605328174381e+01
-1.543124695783606448e+01
-1.437126919443517181e+01
-1.325396295583871797e+01
-1.208381063206467232e+01
-1.086549903119262162e+01
-9.603900912407036472e+00
-8.304055893821585599e+00
-6.971150809785335412e+00
-5.610499581584218909e+00
-4.227522671431263923e+00
-2.827726192431619712e+00
-1.416680736798739071e+00
-2.300315073068792984e-14
-1.880504320947665251e-14
1.519076920477888226e+00
3.031846398470091852e+00
4.532029479949002848e+00
6.013404022992463460e+00
7.469832691331279584e+00
8.895290459233644143e+00
1.028389147000579484e+01
1.162991509641215693e+01
1.292783106254777969e+01
1.417232349065721841e+01
1.535831373870542294e+01
1.648098197217811034e+01
1.753578718966179295e+01
1.851848590888043944e+01
1.942514913104751173e+01
2.025217770013358631e+01
2.099631594414070079e+01
2.165466354982175901e+01
2.222468573477660669e+01
2.270422143998094455e+01
2.309148997625234401e+01
2.338509568046165299e+01
2.358403096218660266e+01
2.368767741171883046e+01
2.369580547036644802e+01
2.360857226224261396e+01
2.342651792149931111e+01
2.315056038733987620e+01
2.278198871339504805e+01
2.232245510356169049e+01
2.177396544057388539e+01
2.113886884849403458e+01
2.041984592875422422e+01
1.961989602000605970e+01
1.874232346335950794e+01
1.779072298626070392e+01
1.676896425876845598e+01
1.568117571938475052e+01
1.453172777798526916e+01
1.332521529861152665e+01
1.206643976841523980e+01
1.076039076905037106e+01
9.412227239052006311e+00
8.027258275935572840e+00
6.610923681148456410e+00
5.168774249437658952e+00
3.706451858442336711e+00
2.229669388764329518e+00
7.441905259335893641e-01
-7.441905259340692025e-01
-2.229669388808020347e+00
-3.706451858435519053e+00
-5.168774249573436563e+00
-6.610923677277753541e+00
-8.027258275912521057e+00
-9.412227238774036664e+00
-1.076039076287609220e+01
-1.206643976897639092e+01
-1.332521530617145444e+01
-1.453172777828359408e+01
-1.568117572811977567e+01
-1.676896425917418298e+01
-1.779072298679971453e+01
-1.874232346317860021e+01
-1.961989601946095974e+01
-2.041984592901289375e+01
-2.113886883650872406e+01
-2.177396544085616981e+01
-2.232245509181935361e+01
-2.278198872649039330e+01
-2.315056038785953874e+01
-2.342651792331443872e+01
-2.360857226224345951e+01
-2.369580547008370530e+01
-2.368767741228860046e+01
-2.358403096211429784e+01
-2.338509569372584451e+01
-2.309148997759966448e+01
-2.270422144118081675e+01
-2.222468573482447596e+01
-2.165466356181232754e+01
-2.099631594638302445e+01
-2.025217769987495586e+01
-1.942514913063816095e+01
-1.851848590994600485e+01
-1.753578718986303286e+01
-1.648098197251458430e+01
-1.535831374899289337e+01
-1.417232348300928990e+01
-1.292783106213739153e+01
-1.162991509610195706e+01
-1.028389147066974196e+01
-8.895290459474797018e+00
-7.469832691235064992e+00
-6.013404022974325969e+00
-4.532029479945288486e+00
-3.031846398399277387e+00
-1.519076920480883386e+00
-2.467151044984759991e-14
-1.922741446560196532e-14
1.552757083176923292e+00
3.098874760118037752e+00
4.631746696651175554e+00
6.144832463509562359e+00
7.631689893674932890e+00
9.086006733075505437e+00
1.050163136239975969e+01
1.187260237848147604e+01
1.319317683640229077e+01
1.445785696878723137e+01
1.566141521840166106e+01
1.679891743291630846e+01
1.786574410002211977e+01
1.885760951353324799e+01
1.977057878691725890e+01
2.060108265591491161e+01
2.134593002614232304e+01
2.200231825157997889e+01
2.256784114791867779e+01
2.304049476270790819e+01
2.341868094823599122e+01
2.370120879835777572e+01
2.388729402595812346e+01
2.397655637538641926e+01
2.396901517293718697e+01
2.386508313131249182e+01
2.366555853532614151e+01
2.337161593329902942e+01
2.298479547434640224e+01
2.250699102657831574e+01
2.194043721196716845e+01
2.128769549625596724e+01
2.055163946284854148e+01
1.973543939995807506e+01
1.884254631874680186e+01
1.787667551735335891e+01
1.684178979206374649e+01
1.574208238980792629e+01
1.458195978542318194e+01
1.336602435414895140e+01
1.209905700171968590e+01
1.078599980009345138e+01
9.431938668629680222e+00
8.042086127255197781e+00
6.621764139944144922e+00
5.176387056654123242e+00
3.711444654402900944e+00
2.232485268730366901e+00
7.450990030392494745e-01
-7.450990030409504472e-01
-2.232485268712820492e+00
-3.711444654402447529e+00
-5.176387056654828456e+00
-6.621764139972928120e+00
-8.042086127335453583e+00
-9.431938668643072177e+00
-1.078599980006839232e+01
-1.209905700167885989e+01
-1.336602435419510826e+01
-1.458195978542253535e+01
-1.574208238980040697e+01
-1.684178979205454496e+01
-1.787667551731784599e+01
-1.884254631871317187e+01
-1.973543939993189866e+01
-2.055163946285246368e+01
-2.128769549619101653e+01
-2.194043721188939955e+01
-2.250699102643765670e+01
-2.298479547427460545e+01
-2.337161593329434339e+01
-2.366555853535721710e+01
-2.386508313123239233e+01
-2.396901517275818350e+01
-2.397655637549597074e+01
-2.388729402602485408e+01
-2.370120879833969241e+01
-2.341868094829754909e+01
-2.304049476269779717e+01
-2.256784114804549901e+01
-2.200231825157879229e+01
-2.134593002616179191e+01
-2.060108265592953103e+01
-1.977057878688301784e+01
-1.885760951352171944e+01
-1.786574410013030345e+01
-1.679891743287021910e+01
-1.566141521834291161e+01
-1.445785696892343886e+01
-1.319317683640464089e+01
-1.187260237850522770e+01
-1.050163136242547779e+01
-9.086006733046463779e+00
-7.631689893711826933e+00
-6.144832463522881483e+00
-4.631746696638004757e+00
-3.098874760109675996e+00
-1.552757083167968677e+00
-2.522407396690764529e-14
-1.905452855832148098e-14
1.538385689301689174e+00
3.070055599131096713e+00
4.588329588742999121e+00
6.086598505937701908e+00
7.558358960058016329e+00
8.997247242450573168e+00
1.039707212639461531e+01
1.175184629323099905e+01
1.305581615014666674e+01
1.430348982555807424e+01
1.548966315194913790e+01
1.660944346842282116e+01
1.765827110157606583e+01
1.863193841729106026e+01
1.952660635813871437e+01
2.033881841220266651e+01
2.106551198419653304e+01
2.170402718025524536e+01
2.225211302568591165e+01
2.270793117630752533e+01
2.307005720214267797e+01
2.333747953586080470e+01
2.350959622309336083e+01
2.358620958377622401e+01
2.356751896545085145e+01
2.345411172290550539e+01
2.324695261459089224e+01
2.294737177150894425e+01
2.255705144128033979e+01
2.207801165806834476e+01
2.151259503380777005e+01
2.086345083164844993e+01
2.013351848510272291e+01
1.932601071884738886e+01
1.844439641187044998e+01
1.749238333129463285e+01
1.647390085179794994e+01
1.539308276529399855e+01
1.425425026455267385e+01
1.306189516433094155e+01
1.182066342095921030e+01
1.053533898527820689e+01
9.210828006724533168e+00
7.852143400178143828e+00
6.464389766127852432e+00
5.052748649241679324e+00
3.622464094789698219e+00
2.178828472459355847e+00
7.271685107126754088e-01
-7.271685107056444775e-01
-2.178828472459754639e+00
-3.622464094833165227e+00
-5.052748649241117107e+00
-6.464389766298085149e+00
-7.852143400141120999e+00
-9.210828006810274360e+00
-1.053533898536301550e+01
-1.182066342081918009e+01
-1.306189516413502716e+01
-1.425425026467348566e+01
-1.539308276571006040e+01
-1.647390085207657151e+01
-1.749238333121227029e+01
-1.844439641209577729e+01
-1.932601071832036865e+01
-2.013351848459665661e+01
-2.086345083108581022e+01
-2.151259503380918048e+01
-2.207801165781422981e+01
-2.255705144109970206e+01
-2.294737177086525293e+01
-2.324695261395027046e+01
-2.345411172319389692e+01
-2.356751896574633420e+01
-2.358620958400906176e+01
-2.350959622283977524e+01
-2.333747953645822193e+01
-2.307005720186935349e+01
-2.270793117693757068e+01
-2.225211302542439284e+01
-2.170402718025530930e+01
-2.106551198419557025e+01
-2.033881841203461960e+01
-1.952660635843161074e+01
-1.863193841760954328e+01
-1.765827110157598057e+01
-1.660944346841961661e+01
-1.548966315195053767e+01
-1.430348982537440605e+01
-1.305581614979064398e+01
-1.175184629322870933e+01
-1.039707212627941146e+01
-8.997247242340952411e+00
-7.558358960000358451e+00
-6.086598505996928310e+00
-4.588329588910626811e+00
-3.070055599149311032e+00
-1.538385689321560168e+00
-2.499577557316133097e-14
-1.850784348664699718e-14
1.493877121145926301e+00
2.981133965350216908e+00
4.455186939501256660e+00
5.909525504788403438e+00
7.337747900296402115e+00
8.733595930842589894e+00
1.009098852688616610e+01
1.140405377415149779e+01
1.266715919459944573e+01
1.387494000967915575e+01
1.502232520665447346e+01
1.610456123320691901e+01
1.711723315533198786e+01
1.805628317709335207e+01
1.891802642486586095e+01
1.969916402925541732e+01
2.039679333595235988e+01
2.100841543582435023e+01
2.153193991843935962e+01
2.196568705061174853e+01
2.230838733245865058e+01
2.255917877165112984e+01
2.271760173856765164e+01
2.278359185535260423e+01
2.275747093145621491e+01
2.263993610308905247e+01
2.243204755240084580e+01
2.213521480433447763e+01
2.175118198120821233e+01
2.128201207150310736e+01
2.073007050082601666e+01
2.009800820730407622e+01
1.938874427176516235e+01
1.860544845452946561e+01
1.775152366767979473e+01
1.683058851251266219e+01
1.584646008846642395e+01
1.480313713392399144e+01
1.370478352840650871e+01
1.255571231515488329e+01
1.136037022820848819e+01
1.012332276642002427e+01
8.849239836909514878e+00
7.542881930734385953e+00
6.209086843026402569e+00
4.852756868528008027e+00
3.478846442921696092e+00
2.092350138502764079e+00
6.982909895041820025e-01
-6.982909894992589406e-01
-2.092350138404833970e+00
-3.478846442479166967e+00
-4.852756868726107342e+00
-6.209086842995867883e+00
-7.542881930473286367e+00
-8.849239836799075221e+00
-1.012332276422383437e+01
-1.136037022795684237e+01
-1.255571231828757561e+01
-1.370478353252090820e+01
-1.480313713269844733e+01
-1.584646008976568510e+01
-1.683058850634008152e+01
-1.775152366406749493e+01
-1.860544845927728730e+01
-1.938874427217971075e+01
-2.009800820751942396e+01
-2.073007050108896721e+01
-2.128201206934977918e+01
-2.175118198259429292e+01
-2.213521480961893317e+01
-2.243204754975661075e+01
-2.263993610279142743e+01
-2.275747092666268401e+01
-2.278359185336002923e+01
-2.271760172680123802e+01
-2.255917877159624751e+01
-2.230838733318495670e+01
-2.196568704555041762e+01
-2.153193991857446932e+01
-2.100841543266972877e+01
-2.039679333539079664e+01
-1.969916402508364683e+01
-1.891802642910352006e+01
-1.805628317712891828e+01
-1.711723315550401736e+01
-1.610456123158261832e+01
-1.502232520611151223e+01
-1.387494000431056129e+01
-1.266715919454036943e+01
-1.140405377734456493e+01
-1.009098852563968585e+01
-8.733595930800609253e+00
-7.337747900273448920e+00
-5.909525504813098351e+00
-4.455186940095531511e+00
-2.981133964706893291e+00
-1.493877121159608246e+00
-2.427726218381383875e-14
-1.775132126170564868e-14
1.432482510843207546e+00
2.858545589991830393e+00
4.271806489711614141e+00
5.665955495217296800e+00
7.034791607582097761e+00
8.372257240212478635e+00
9.672471622285529591e+00
1.092976262087435657e+01
1.213869671765226066e+01
1.329410689672810797e+01
1.439111823979036409e+01
1.542517104283973417e+01
1.639204131319408120e+01
1.728785853413262785e+01
1.810912062223198760e+01
1.885270603664654843e+01
1.951588303547989156e+01
2.009631610706765770e+01
2.059206963703203996e+01
2.100160890107053646e+01
2.132379850153746403e+01
2.155789839019081811e+01
2.170355764045145364e+01
2.176080615219824921e+01
2.173004448192062199e+01
2.161203201055035095e+01
2.140787365763474881e+01
2.111900536301132547e+01
2.074717855238865027e+01
2.029444380190008346e+01
1.976313390958033622e+01
1.915584657312571082e+01
1.847542686096721809e+01
1.772494965013735424e+01
1.690770218772494360e+01
1.602716691779758662e+01
1.508700468811249884e+01
1.409103844837548358e+01
1.304323750984631225e+01
1.194770243420333955e+01
1.080865058570956450e+01
9.630402370551255586e+00
8.417368162748093852e+00
7.174035895991235812e+00
5.904959289697009339e+00
4.614746655444596612e+00
3.308050222058973144e+00
1.989555900029594815e+00
6.639733985465581245e-01
-6.639733985469489230e-01
-1.989555900067400795e+00
-3.308050222136545315e+00
-4.614746655442526269e+00
-5.904959289699844405e+00
-7.174035896078375885e+00
-8.417368162588097391e+00
-9.630402370548493352e+00
-1.080865058571353288e+01
-1.194770243442119018e+01
-1.304323751007825116e+01
-1.409103844837289365e+01
-1.508700468811118078e+01
-1.602716691780396729e+01
-1.690770218771844213e+01
-1.772494965013635593e+01
-1.847542686095010467e+01
-1.915584657311501360e+01
-1.976313390922241808e+01
-2.029444380190189889e+01
-2.074717855201081207e+01
-2.111900536301120468e+01
-2.140787365763056016e+01
-2.161203201016058273e+01
-2.173004448192084581e+01
-2.176080615216487857e+01
-2.170355764060177961e+01
-2.155789839017624843e+01
-2.132379850116290498e+01
-2.100160890106054978e+01
-2.059206963702828475e+01
-2.009631610705942606e+01
-1.951588303547207559e+01
-1.885270603735294870e+01
-1.810912062190823946e+01
-1.728785853413537055e+01
-1.639204131319208457e+01
-1.542517104284214469e+01
-1.439111823978257831e+01
-1.329410689673134272e+01
-1.213869671764824965e+01
-1.092976262106012797e+01
-9.672471622290320425e+00
-8.372257240214720397e+00
-7.034791607581307282e+00
-5.665955495218843119e+00
-4.271806489710590959e+00
-2.858545589991993818e+00
-1.432482510842648216e+00
-2.328367730262514944e-14
-1.689569367196853924e-14
1.363143327454508835e+00
2.720126092928684347e+00
4.064823743590712191e+00
5.391183404259329848e+00
6.693258870862971222e+00
7.965244607305471014e+00
9.201508424382367934e+00
1.039662257060400385e+01
1.154539293683219370e+01
1.264288616954131150e+01
1.368445446007616084e+01
1.466575782962704189e+01
1.558278377664215597e+01
1.643186419183904690e+01
1.720968943253397043e+01
1.791331956198904862e+01
1.854019271891988652e+01
1.908813069531229445e+01
1.955534174315987173e+01
1.994042074068864778e+01
2.024234683908084165e+01
2.046047874464422023e+01
2.059454777182056873e+01
2.064464891666418467e+01
2.061123013154714911e+01
2.049507997084272759e+01
2.029731391087781489e+01
2.001935949173410023e+01
1.966294056992783723e+01
1.923006083197902427e+01
1.872298686048000960e+01
1.814423085721928786e+01
1.749653332771460867e+01
1.678284578571743424e+01
1.600631373056716811e+01
1.517025996205630634e+01
1.427816840420983979e+01
1.333366851037604306e+01
1.234052031739247646e+01
1.130260024488196713e+01
1.022388762487479674e+01
9.108452001862472613e+00
7.960441210810345503e+00
6.784070166703759064e+00
5.583610367394918228e+00
4.363380021541096276e+00
3.127734742770348131e+00
1.881058722717057430e+00
6.277562839136006101e-01
-6.277562838633803377e-01
-1.881058722427484620e+00
-3.127734742660411182e+00
-4.363380021189776414e+00
-5.583610367629504800e+00
-6.784070167375812588e+00
-7.960441211236523706e+00
-9.108452003028409294e+00
-1.022388762363872594e+01
-1.130260024673894037e+01
-1.234052031708957742e+01
-1.333366851059942348e+01
-1.427816840443029101e+01
-1.517025996090101003e+01
-1.600631373039857763e+01
-1.678284578626202261e+01
-1.749653332786063586e+01
-1.814423085861218965e+01
-1.872298685946013563e+01
-1.923006083440177605e+01
-1.966294056884960284e+01
-2.001935949113842028e+01
-2.029731390955312875e+01
-2.049507997221176581e+01
-2.061123013278466587e+01
-2.064464891673951286e+01
-2.059454776953035804e+01
-2.046047874495664942e+01
-2.024234683983990735e+01
-1.994042074018106092e+01
-1.955534174292068172e+01
-1.908813069659468908e+01
-1.854019272121652406e+01
-1.791331956085149812e+01
-1.720968943287956776e+01
-1.643186419265990139e+01
-1.558278377645517843e+01
-1.466575782757892910e+01
-1.368445445961741314e+01
-1.264288617000057435e+01
-1.154539293589535909e+01
-1.039662257077156760e+01
-9.201508425202691299e+00
-7.965244606981623399e+00
-6.693258870427134077e+00
-5.391183403465746871e+00
-4.064823743440311610e+00
-2.720126093065204920e+00
-1.363143327440799357e+00
-2.216029003111174504e-14
-1.601100818467893060e-14
1.291510464503397904e+00
2.577145874351306265e+00
3.851066105649767035e+00
5.107500554504781576e+00
6.340782062052224610e+00
7.545379838814322504e+00
8.715931097157177732e+00
9.847271090168577601e+00
1.093446130196483423e+01
1.197281553941486365e+01
1.295792374820172199e+01
1.388567332749822292e+01
1.475226787174432630e+01
1.555424316756718994e+01
1.628848043611992935e+01
1.695221675195832844e+01
1.754305267065816309e+01
1.805895708406087508e+01
1.849826939000950432e+01
1.885969907078534291e+01
1.914232283815128710e+01
1.934557943121221513e+01
1.946926233446504995e+01
1.951351054856561973e+01
1.947879760848175223e+01
1.936591914533670433e+01
1.917597910328113997e+01
1.891037493796308766e+01
1.857078195321491521e+01
1.815913702364247229e+01
1.767762190678045542e+01
1.712864633603598108e+01
1.651483111751310062e+01
1.583899133636949585e+01
1.510411989926513243e+01
1.431337149264940045e+01
1.347004709854856230e+01
1.257757917402019920e+01
1.163951751496114184e+01
1.065951592011518301e+01
9.641319651463538420e+00
8.588753689847424155e+00
7.505711807298340865e+00
6.396146399402962146e+00
5.264059055560703193e+00
4.113491775867173850e+00
2.948518781365575769e+00
1.773238820763791690e+00
5.917678709327399700e-01
-5.917678709154432504e-01
-1.773238820708298080e+00
-2.948518781529981148e+00
-4.113491776704321978e+00
-5.264059055945569554e+00
-6.396146398997648141e+00
-7.505711807494746424e+00
-8.588753689703493066e+00
-9.641319651864126428e+00
-1.065951592050622310e+01
-1.163951751327198991e+01
-1.257757917302666151e+01
-1.347004709994831728e+01
-1.431337149081050875e+01
-1.510411989877986727e+01
-1.583899133700948880e+01
-1.651483111796835956e+01
-1.712864633606969988e+01
-1.767762190546948986e+01
-1.815913702319670975e+01
-1.857078195250171859e+01
-1.891037493775106526e+01
-1.917597910254768934e+01
-1.936591914496592892e+01
-1.947879760807988347e+01
-1.951351054673380503e+01
-1.946926233553637076e+01
-1.934557943151180481e+01
-1.914232283530944301e+01
-1.885969907085287645e+01
-1.849826938802939225e+01
-1.805895708419438606e+01
-1.754305267256065548e+01
-1.695221675174282083e+01
-1.628848043641777465e+01
-1.555424316738519508e+01
-1.475226787146771912e+01
-1.388567332901062024e+01
-1.295792374737295560e+01
-1.197281553973785151e+01
-1.093446130151889051e+01
-9.847271089999020788e+00
-8.715931097039231190e+00
-7.545379838808320194e+00
-6.340782061761705890e+00
-5.107500554865774589e+00
-3.851066105627000802e+00
-2.577145874236924428e+00
-1.291510464257702440e+00
-2.099897592882590226e-14
-1.513902542945363753e-14
1.220948763997033559e+00
2.436314885595802782e+00
3.640549352547644002e+00
4.828170079461921560e+00
5.993794549773636682e+00
7.132171486984693942e+00
8.238211251269568436e+00
9.307014673994846277e+00
1.033390009151391986e+01
1.131442832953485933e+01
1.224442543956206109e+01
1.312000302754556103e+01
1.393757602196429701e+01
1.469387784226076121e+01
1.538597275440372059e+01
1.601126565574336169e+01
1.656750897316418047e+01
1.705280694954817022e+01
1.746561735674778504e+01
1.780475068316322762e+01
1.806936684633310364e+01
1.825896990461515657e+01
1.837340049795643537e+01
1.841282663267634945e+01
1.837773264592962974e+01
1.826890690976329523e+01
1.808742822958378582e+01
1.783465122668763314e+01
1.751219106093968847e+01
1.712190748236783833e+01
1.666588865180966650e+01
1.614643466021208340e+01
1.556604126521648368e+01
1.492738366221276003e+01
1.423330070707467243e+01
1.348677955477712409e+01
1.269094092870755297e+01
1.184902504469290463e+01
1.096437830706139849e+01
1.004044075044624407e+01
9.080734362573899432e+00
8.088852218596997545e+00
7.068448409366857810e+00
6.023228754355326231e+00
4.956942291444762283e+00
3.873373398203302731e+00
2.776334503083237149e+00
1.669659330819478260e+00
5.571965073503774013e-01
-5.571965072876930991e-01
-1.669659330570511857e+00
-2.776334504843279483e+00
-3.873373399741567358e+00
-4.956942292765621261e+00
-6.023228753704864324e+00
-7.068448406398685435e+00
-8.088852221049091185e+00
-9.080734365494995686e+00
-1.004044074675003273e+01
-1.096437830583421835e+01
-1.184902504902270870e+01
-1.269094093084957109e+01
-1.348677955481542590e+01
-1.423330070686784410e+01
-1.492738365923499266e+01
-1.556604126301026980e+01
-1.614643466309464870e+01
-1.666588865206936276e+01
-1.712190749161317882e+01
-1.751219106395946667e+01
-1.783465123257424167e+01
-1.808742821940721868e+01
-1.826890690879109158e+01
-1.837773263321948392e+01
-1.841282663233474892e+01
-1.837340050616080234e+01
-1.825896989878988208e+01
-1.806936685533683473e+01
-1.780475068268760452e+01
-1.746561735653559566e+01
-1.705280693786483681e+01
-1.656750897354400820e+01
-1.601126566050703204e+01
-1.538597275554552191e+01
-1.469387783516384083e+01
-1.393757602765465720e+01
-1.312000302584079670e+01
-1.224442543881834666e+01
-1.131442832858889425e+01
-1.033390009212833505e+01
-9.307014673675686467e+00
-8.238211251172527838e+00
-7.132171488794698533e+00
-5.993794549551847872e+00
-4.828170078807474397e+00
-3.640549352544661943e+00
-2.436314886108606803e+00
-1.220948764120687979e+00
-1.985449391063153580e-14
-1.430292505221261440e-14
1.153322524653672465e+00
2.301349947813320806e+00
3.438819396295807351e+00
4.560532133054133297e+00
5.661384822727929311e+00
6.736399861120705879e+00
7.780754459111828503e+00
8.789808220675814354e+00
9.759128967549003164e+00
1.068451656747052247e+01
1.156202460550804112e+01
1.238797968358137425e+01
1.315899830375407475e+01
1.387200112595764345e+01
1.452422468603581507e+01
1.511323036129510378e+01
1.563691083630930123e+01
1.609349388348589827e+01
1.648154366612423516e+01
1.679995964143088472e+01
1.704797316114594352e+01
1.722514198512585182e+01
1.733134281169072111e+01
1.736676205475441392e+01
1.733188506874319756e+01
1.722748400685021863e+01
1.705460455363537520e+01
1.681455174524250396e+01
1.650887504518921389e+01
1.613935296546752340e+01
1.570797737111516668e+01
1.521693768800931323e+01
1.466860515892903649e+01
1.406551735382356760e+01
1.341036305619303626e+01
1.270596762328958462e+01
1.195527899106444281e+01
1.116135433757563078e+01
1.032734752878029383e+01
9.456497353524001781e+00
8.552116593125173694e+00
7.617581910493099961e+00
6.656324567423173022e+00
5.671821912421744827e+00
4.667589609729589029e+00
3.647174528940194893e+00
2.614148228245841921e+00
1.572100928933310993e+00
5.246358966344404351e-01
-5.246358966538713364e-01
-1.572100929035381123e+00
-2.614148227978306593e+00
-3.647174529543482091e+00
-4.667589609808581841e+00
-5.671821912772489149e+00
-6.656324567313389728e+00
-7.617581910460418548e+00
-8.552116592160222908e+00
-9.456497355185524256e+00
-1.032734752808681478e+01
-1.116135433752210027e+01
-1.195527899205034039e+01
-1.270596762427813253e+01
-1.341036305532772488e+01
-1.406551735386475244e+01
-1.466860515685571364e+01
-1.521693768815056380e+01
-1.570797737264817506e+01
-1.613935296445118794e+01
-1.650887504583149124e+01
-1.681455174540147013e+01
-1.705460455488507421e+01
-1.722748400510986500e+01
-1.733188506718635225e+01
-1.736676205325290567e+01
-1.733134281015192002e+01
-1.722514198505476202e+01
-1.704797316195752188e+01
-1.679995964102759487e+01
-1.648154366763058221e+01
-1.609349388498110045e+01
-1.563691083636899748e+01
-1.511323035999240183e+01
-1.452422467951441298e+01
-1.387200112738169011e+01
-1.315899830360574541e+01
-1.238797968586092502e+01
-1.156202460498416862e+01
-1.068451656705641462e+01
-9.759128966832093965e+00
-8.789808221209190364e+00
-7.780754457926297718e+00
-6.736399861325696570e+00
-5.661384823459316706e+00
-4.560532133308774050e+00
-3.438819396859630562e+00
-2.301349947901800252e+00
-1.153322524387118131e+00
-1.875722589258820180e-14
-1.351416501291197291e-14
1.089550179615834224e+00
2.174081356585351177e+00
3.248605330594701357e+00
4.308195194197738331e+00
5.348015208043220170e+00
6.363349764089734073e+00
7.349631155894328138e+00
8.302465886606455570e+00
9.217659287584492489e+00
1.009123821124612164e+01
1.091947163912907648e+01
1.169888901916805679e+01
1.242629623940082340e+01
1.309878912096688097e+01
1.371376440154934429e+01
1.426892815578943896e+01
1.476230174691494312e+01
1.519222519513099634e+01
1.555735819024290478e+01
1.585667882492059633e+01
1.608948014580010977e+01
1.625536456320597978e+01
1.635423655853918490e+01
1.638629356328058861e+01
1.635201554112483180e+01
1.625215308152046845e+01
1.608771456436674185e+01
1.585995242737499922e+01
1.557034876592068429e+01
1.522060050474964221e+01
1.481260429769694120e+01
1.434844135891699679e+01
1.383036238918452732e+01
1.326077276623687240e+01
1.264221810952362191e+01
1.197737037131904891e+01
1.126901452278939431e+01
1.052003594945230880e+01
9.733408609877079343e+00
8.912183933788545787e+00
8.059480658446979362e+00
7.178475341287000155e+00
6.272393784182066945e+00
5.344503183035761218e+00
4.398104989560696509e+00
3.436528489010265197e+00
2.463124870062971095e+00
1.481261850822478410e+00
4.943186624922641381e-01
-4.943186624812671015e-01
-1.481261849572569345e+00
-2.463124870108003073e+00
-3.436528489161785771e+00
-4.398104989027500800e+00
-5.344503178642151298e+00
-6.272393784062881394e+00
-7.178475341478717020e+00
-8.059480657951819893e+00
-8.912183939300081903e+00
-9.733408603636885204e+00
-1.052003594934533126e+01
-1.126901452154441330e+01
-1.197737037119267534e+01
-1.264221810942442836e+01
-1.326077276532261884e+01
-1.383036238962138320e+01
-1.434844135753872685e+01
-1.481260429835496417e+01
-1.522060050646818929e+01
-1.557034876496603992e+01
-1.585995242732295374e+01
-1.608771456472993577e+01
-1.625215308038188411e+01
-1.635201554260255818e+01
-1.638629356370875101e+01
-1.635423656024623185e+01
-1.625536456461144752e+01
-1.608948014538471227e+01
-1.585667882674378681e+01
-1.555735818964506834e+01
-1.519222518585192816e+01
-1.476230175743794781e+01
-1.426892815577873463e+01
-1.371376440041973765e+01
-1.309878912283009811e+01
-1.242629623852929299e+01
-1.169888902030169398e+01
-1.091947163036380353e+01
-1.009123821093438167e+01
-9.217659287855939354e+00
-8.302465888032068975e+00
-7.349631156038653579e+00
-6.363349764269938369e+00
-5.348015208282299149e+00
-4.308195194697974628e+00
-3.248605330265437630e+00
-2.174081356678045474e+00
-1.089550179531977081e+00
-1.772217848010695204e-14
-1.277706612497618022e-14
1.029974777202756764e+00
2.055191930517162202e+00
3.070923232014834081e+00
4.072498946714143031e+00
5.055336336616632842e+00
6.014967286532773016e+00
6.947064780902408643e+00
7.847467979133289973e+00
8.712205656034276657e+00
9.537517802478266304e+00
1.031987520790452884e+01
1.105599687319396018e+01
1.174286514030352002e+01
1.237773845126783279e+01
1.295816168709293947e+01
1.348197406688111499e+01
1.394731462182838300e+01
1.435262528778199176e+01
1.469665169005523531e+01
1.497844172162916188e+01
1.519734203685747431e+01
1.535299260967110513e+01
1.544531951646218637e+01
1.547452612260197746e+01
1.544108286513195871e+01
1.534571582340068296e+01
1.518939428329916552e+01
1.497331749678347457e+01
1.469890083375942957e+01
1.436776152535258610e+01
1.398170418318300534e+01
1.354270627042963149e+01
1.305290369070693934e+01
1.251457663943179277e+01
1.193013585629827489e+01
1.130210938784086672e+01
1.063312996101512020e+01
9.925923043328474193e+00
9.183295648296750713e+00
8.408125925728684891e+00
7.603353554166086603e+00
6.771970938899142034e+00
5.917015197019975581e+00
5.041560896766125843e+00
4.148713500683790301e+00
3.241603449823869720e+00
2.323380812490391634e+00
1.397210410062724506e+00
4.662673233365727810e-01
-4.662673233270504536e-01
-1.397210410059493535e+00
-2.323380812497566783e+00
-3.241603449798898584e+00
-4.148713500660263342e+00
-5.041560896802582015e+00
-5.917015197028065110e+00
-6.771970938890828684e+00
-7.603353554163962080e+00
-8.408125925737246931e+00
-9.183295648251467824e+00
-9.925923043267102841e+00
-1.063312996103234020e+01
-1.130210938792582276e+01
-1.193013585634213136e+01
-1.251457663951385157e+01
-1.305290369066445955e+01
-1.354270627053819531e+01
-1.398170418327614861e+01
-1.436776152542518581e+01
-1.469890083382557933e+01
-1.497331749687321611e+01
-1.518939428336596187e+01
-1.534571582322720573e+01
-1.544108286511518457e+01
-1.547452612265904293e+01
-1.544531951652162327e+01
-1.535299260978488078e+01
-1.519734203674831186e+01
-1.497844172154140630e+01
-1.469665169003519267e+01
-1.435262528769158230e+01
-1.394731462183166570e+01
-1.348197406680347576e+01
-1.295816168707263749e+01
-1.237773845132132600e+01
-1.174286514032585949e+01
-1.105599687312889579e+01
-1.031987520787068924e+01
-9.537517802529327682e+00
-8.712205656016788424e+00
-7.847467979168047947e+00
-6.947064780912490356e+00
-6.014967286520047196e+00
-5.055336336640340988e+00
-4.072498946753628779e+00
-3.070923232004398873e+00
-2.055191930513152521e+00
-1.029974777192526725e+00
-1.675499848858101808e-14
-1.209177195697084995e-14
9.746030167894729201e-01
1.944693812000208855e+00
2.905788198055759164e+00
3.853457776340416974e+00
4.783357114089916706e+00
5.691250081908575176e+00
6.573035087008599398e+00
7.424768961205235662e+00
8.242689278422997035e+00
9.023234906730616345e+00
9.763064625693640863e+00
1.045907365658822208e+01
1.110840800994257549e+01
1.170847655693710188e+01
1.225696077612908219e+01
1.275182217555061293e+01
1.319130737976753132e+01
1.357395094597887208e+01
1.389857596894963621e+01
1.416429257961877930e+01
1.437049445486128896e+01
1.451685347819963567e+01
1.460331270948919524e+01
1.463007783824987484e+01
1.459760730400499895e+01
1.450660127013252421e+01
1.435798964427773150e+01
1.415291934657396666e+01
1.389274101306057929e+01
1.357899532137144760e+01
1.321339912190151011e+01
1.279783153945996510e+01
1.233432020370148940e+01
1.182502775632761249e+01
1.127223875041505607e+01
1.067834706212221185e+01
1.004584390188123244e+01
9.377306504651526708e+00
8.675387542373638183e+00
7.942805310671128716e+00
7.182334691753361255e+00
6.396798907032373194e+00
5.589062033741819313e+00
4.762022255139558347e+00
3.918605795297291028e+00
3.061761476122138781e+00
2.194455822920191146e+00
1.319668632707129419e+00
4.403889128344246062e-01
-4.403889128200490499e-01
-1.319668632699774413e+00
-2.194455822931479450e+00
-3.061761476025116391e+00
-3.918605795230410305e+00
-4.762022255212492006e+00
-5.589062033948386521e+00
-6.396798907081515217e+00
-7.182334691690035910e+00
-7.942805310448843414e+00
-8.675387542887653680e+00
-9.377306504257823860e+00
-1.004584390200438193e+01
-1.067834706171207060e+01
-1.127223875000970388e+01
-1.182502775715129317e+01
-1.233432020383256145e+01
-1.279783153944983098e+01
-1.321339912171991671e+01
-1.357899532121142983e+01
-1.389274101300664555e+01
-1.415291934690284847e+01
-1.435798964416651557e+01
-1.450660126960518959e+01
-1.459760730411960061e+01
-1.463007783805715434e+01
-1.460331270946475257e+01
-1.451685347859306141e+01
-1.437049445543467385e+01
-1.416429257976791689e+01
-1.389857596834413833e+01
-1.357395094602293817e+01
-1.319130738018584559e+01
-1.275182217596265488e+01
-1.225696077590349020e+01
-1.170847655667181542e+01
-1.110840801002274780e+01
-1.045907365670639066e+01
-9.763064625696950216e+00
-9.023234907308532726e+00
-8.242689278507805639e+00
-7.424768961415185053e+00
-6.573035087008539001e+00
-5.691250081814375861e+00
-4.783357114173772295e+00
-3.853457776354893838e+00
-2.905788198058353533e+00
-1.944693810883964424e+00
-9.746030168153022588e-01
-1.585585615340091934e-14
-1.145611334290460172e-14
9.232557224236053184e-01
1.842228585658485240e+00
2.752662468192665468e+00
3.650354452336700639e+00
4.531180733683902950e+00
5.391121736345455773e+00
6.226286155665936128e+00
7.032933726044388045e+00
7.807496455858305318e+00
8.546598213204468664e+00
9.247072407290218621e+00
9.905977708726130260e+00
1.052061166019380423e+01
1.108852209614132889e+01
1.160751638281362119e+01
1.207566837144872984e+01
1.249132314660259446e+01
1.285309962055326061e+01
1.315989099663614148e+01
1.341086319946275296e+01
1.360545145092710584e+01
1.374335502833905664e+01
1.382453049447852678e+01
1.384918337472402072e+01
1.381775867747161080e+01
1.373093024668875373e+01
1.358958924402892343e+01
1.339483194766342855e+01
1.314794697540417978e+01
1.285040220907125708e+01
1.250383148070564943e+01
1.211002133943802228e+01
1.167089785093370047e+01
1.118851375940929493e+01
1.066503600412683994e+01
1.010273372821567683e+01
9.503966900308904897e+00
8.871175585843431577e+00
8.206869927552231658e+00
7.513620870797954154e+00
6.794051657074904327e+00
6.050830061199770071e+00
5.286661404013704768e+00
4.504282237319183757e+00
3.706454717664343868e+00
2.895961575786702102e+00
2.075601610497406213e+00
1.248185645107765529e+00
4.165328226669108291e-01
-4.165328226560405245e-01
-1.248185645140192923e+00
-2.075601610610764869e+00
-2.895961575901624396e+00
-3.706454717600309756e+00
-4.504282237225864627e+00
-5.286661404105668538e+00
-6.050830062336550519e+00
-6.794051656846352039e+00
-7.513620870766146709e+00
-8.206869927305449508e+00
-8.871175585915409556e+00
-9.503966903147599510e+00
-1.010273373149429332e+01
-1.066503600464829837e+01
-1.118851376260274755e+01
-1.167089785101937593e+01
-1.211002133908779577e+01
-1.250383148440865888e+01
-1.285040220934317290e+01
-1.314794697906659593e+01
-1.339483194767035812e+01
-1.358958924348537600e+01
-1.373093024588265720e+01
-1.381775867793020218e+01
-1.384918337831100565e+01
-1.382453049543328127e+01
-1.374335502905929651e+01
-1.360545145007376178e+01
-1.341086319987784670e+01
-1.315989099625654823e+01
-1.285309962301976405e+01
-1.249132314578849723e+01
-1.207566837048106123e+01
-1.160751638616439152e+01
-1.108852209589602289e+01
-1.052061166070820164e+01
-9.905977708867633069e+00
-9.247072407139240724e+00
-8.546598213331767724e+00
-7.807496456241243443e+00
-7.032933724033379796e+00
-6.226286155584398685e+00
-5.391121736257755259e+00
-4.531180732394478383e+00
-3.650354452198488975e+00
-2.752662468282812025e+00
-1.842228585626834558e+00
-9.232557223944863889e-01
-1.502189087494659399e-14
-1.086675710146133527e-14
8.756604774740882613e-01
1.747252034297406054e+00
2.610731257993893717e+00
3.462105482473016416e+00
4.297457509065063519e+00
5.112969552369770909e+00
5.904946160763475227e+00
6.669835915155686301e+00
7.404251672501198200e+00
8.104989195193741836e+00
8.769043995838734062e+00
9.393626279611888563e+00
9.976173862411457094e+00
1.051436301540884166e+01
1.100611719639636554e+01
1.144961359851900617e+01
1.184328762033423565e+01
1.218583522855492696e+01
1.247621330413083029e+01
1.271363807223984210e+01
1.289758172219720755e+01
1.302776732351432898e+01
1.310416225049634065e+01
1.312697018000728022e+01
1.309662193062786528e+01
1.301376524750733132e+01
1.287925373796909945e+01
1.269413515790941460e+01
1.245963916484110179e+01
1.217716478335045238e+01
1.184826771377801613e+01
1.147464762978887975e+01
1.105813560676453555e+01
1.060068184608090469e+01
1.010434385232743715e+01
9.571274869601200663e+00
9.003713218196931933e+00
8.403972032995559616e+00
7.774429767622648590e+00
7.117521482409007838e+00
6.435730678913820668e+00
5.731582177408163226e+00
5.007635365584060416e+00
4.266478428173550164e+00
3.510723040605132628e+00
2.742999710809830294e+00
1.965953617562756550e+00
1.182240892090013373e+00
3.945252306187300162e-01
-3.945252306305293555e-01
-1.182240892113340269e+00
-1.965953617629787820e+00
-2.742999709761472005e+00
-3.510723040270522954e+00
-4.266478427826718267e+00
-5.007635366085734674e+00
-5.731582178948476880e+00
-6.435730680177926821e+00
-7.117521482440150926e+00
-7.774429781944329321e+00
-8.403972034075291475e+00
-9.003713218973256716e+00
-9.571274868749922504e+00
-1.010434385324749940e+01
-1.060068186499395182e+01
-1.105813560507564652e+01
-1.147464762979404895e+01
-1.184826771246788546e+01
-1.217716478227185561e+01
-1.245963916308396335e+01
-1.269413515956526872e+01
-1.287925373603986223e+01
-1.301376525108549842e+01
-1.309662192853738993e+01
-1.312697017893976437e+01
-1.310416225023292291e+01
-1.302776732658581693e+01
-1.289758172017682369e+01
-1.271363807458245176e+01
-1.247621330341692136e+01
-1.218583522765693417e+01
-1.184328762160522253e+01
-1.144961359879930818e+01
-1.100611719791479359e+01
-1.051436301956580621e+01
-9.976173860983930552e+00
-9.393626284787073288e+00
-8.769043995398147828e+00
-8.104989195762907883e+00
-7.404251670991130574e+00
-6.669835914917059405e+00
-5.904946161735650456e+00
-5.112969553088206887e+00
-4.297457511042956924e+00
-3.462105481959178110e+00
-2.610731257331895705e+00
-1.747252034712247104e+00
-8.756604772668187264e-01
-1.424871776947671833e-14
-1.031989789397462351e-14
8.315073629808363842e-01
1.659145281350016932e+00
2.479068652922132188e+00
3.287480806553895185e+00
4.080657089404343907e+00
4.854967710420899252e+00
5.606899612280572320e+00
6.333077154799803488e+00
7.030281419703279688e+00
7.695467960763100912e+00
8.325782844239528302e+00
8.918576868278545788e+00
9.471417848889096547e+00
9.982100914484348664e+00
1.044865676602861804e+01
1.086935788787500456e+01
1.124272272170143339e+01
1.156751785577226777e+01
1.184275827931806724e+01
1.206770580164082496e+01
1.224186574276473749e+01
1.236498201914558059e+01
1.243703076308216104e+01
1.245821263489682273e+01
1.242894399592624133e+01
1.234984709325975949e+01
1.222173943967310450e+01
1.204562257389906854e+01
1.182267033541034351e+01
1.155421686360054245e+01
1.124174444449543842e+01
1.088687137056893484e+01
1.049133994585906215e+01
1.005700476559787759e+01
9.585821377604300864e+00
9.079835421740526158e+00
8.541172328244854839e+00
7.972027638686362216e+00
7.374657993311392268e+00
6.751372823540912727e+00
6.104526749497303229e+00
5.436512696561607072e+00
4.749755699266733799e+00
4.046707376286849289e+00
3.329841014144681921e+00
2.601647219230377672e+00
1.864630060868666339e+00
1.121303632319770260e+00
3.741889435001894415e-01
-3.741889435024377542e-01
-1.121303632292144803e+00
-1.864630060916270704e+00
-2.601647219289574320e+00
-3.329841014220390250e+00
-4.046707376454702576e+00
-4.749755699455239899e+00
-5.436512696003788392e+00
-6.104526749409870945e+00
-6.751372823615462870e+00
-7.374657993324921890e+00
-7.972027638153631024e+00
-8.541172328535129310e+00
-9.079835422382895871e+00
-9.585821377794392362e+00
-1.005700476587923653e+01
-1.049133994573044859e+01
-1.088687137099373281e+01
-1.124174444437399067e+01
-1.155421686358099365e+01
-1.182267033500357911e+01
-1.204562257379502377e+01
-1.222173944036901894e+01
-1.234984709287661531e+01
-1.242894399629362034e+01
-1.245821263521637334e+01
-1.243703076232952931e+01
-1.236498201958459120e+01
-1.224186574293892171e+01
-1.206770580215756894e+01
-1.184275827914315826e+01
-1.156751785583864134e+01
-1.124272272107575610e+01
-1.086935788807066494e+01
-1.044865676611598104e+01
-9.982100914500213307e+00
-9.471417848997633726e+00
-8.918576868107836120e+00
-8.325782844516700365e+00
-7.695467960497511584e+00
-7.030281420038265949e+00
-6.333077154713610213e+00
-5.606899612278095191e+00
-4.854967710604523923e+00
-4.080657089281689132e+00
-3.287480806546171141e+00
-2.479068652817698837e+00
-1.659145281457161669e+00
-8.315073630238803970e-01
-1.353133484778857798e-14
-9.811662349713919730e-15
7.904814779226430055e-01
1.577279632253502539e+00
2.356734383604972560e+00
3.125231898514801543e+00
3.879227108746178043e+00
4.615265520776237196e+00
5.330004089303930215e+00
6.020230956579442072e+00
6.682883869850966718e+00
7.315067100936347266e+00
7.914066744194447445e+00
8.477364251053561617e+00
9.002648127298618519e+00
9.487823716805408480e+00
9.931021035942213970e+00
1.033060065463464383e+01
1.068515761748199289e+01
1.099352347449432443e+01
1.125476645898684147e+01
1.146818991077291017e+01
1.163332905076610579e+01
1.174994621511650372e+01
1.181802470585234310e+01
1.183776138380132181e+01
1.180955817036414324e+01
1.173401263032158326e+01
1.161190777791133932e+01
1.144420128776469703e+01
1.123201427614899117e+01
1.097661979633323348e+01
1.067943121263144413e+01
1.034199059391914233e+01
9.965957248956859971e+00
9.553096538640790669e+00
9.105269051577462136e+00
8.624420258816691387e+00
8.112570698239489175e+00
7.571806767224810386e+00
7.004272165680385243e+00
6.412160005205673308e+00
5.797705617342778339e+00
5.163180040300959561e+00
4.510884179514613734e+00
3.843143606015122060e+00
3.162303950716094381e+00
2.470726838568015005e+00
1.770786300023317494e+00
1.064865582406097966e+00
3.553542835181865422e-01
-3.553542834902594927e-01
-1.064865582402338084e+00
-1.770786300044398409e+00
-2.470726838574256234e+00
-3.162303950787156648e+00
-3.843143605711791810e+00
-4.510884179076528611e+00
-5.163180040358118283e+00
-5.797705617132764111e+00
-6.412160005227510062e+00
-7.004272166011626055e+00
-7.571806767631564128e+00
-8.112570698143475312e+00
-8.624420259102972608e+00
-9.105269051893603915e+00
-9.553096538424716400e+00
-9.965957248955675141e+00
-1.034199059419250943e+01
-1.067943121321193800e+01
-1.097661979689691059e+01
-1.123201427653443041e+01
-1.144420128804279280e+01
-1.161190777813903807e+01
-1.173401263069617428e+01
-1.180955816975643202e+01
-1.183776138333532479e+01
-1.181802470584537623e+01
-1.174994621505019587e+01
-1.163332905041270671e+01
-1.146818991078729866e+01
-1.125476645819433585e+01
-1.099352347540484409e+01
-1.068515761810605014e+01
-1.033060065407100581e+01
-9.931021035799657781e+00
-9.487823716505426219e+00
-9.002648127770349618e+00
-8.477364251014318342e+00
-7.914066744250767726e+00
-7.315067101606045341e+00
-6.682883869362426843e+00
-6.020230956704218706e+00
-5.330004089047079674e+00
-4.615265520706524072e+00
-3.879227114441913038e+00
-3.125231898425688826e+00
-2.356734383579313086e+00
-1.577279632240346174e+00
-7.904814779255723289e-01
-1.286465275909442239e-14
-9.338333866787786517e-15
7.522809910220430440e-01
1.501052563400223194e+00
2.242827508179431106e+00
2.974162802336098643e+00
3.691681122102557833e+00
4.392091674840943760e+00
5.072210144182281333e+00
5.728977516826733840e+00
6.359477705491893396e+00
6.960953648738080091e+00
7.530821941266979458e+00
8.066685677140972288e+00
8.566345667957495635e+00
9.027809730985103087e+00
9.449300087638816237e+00
9.829258986705310619e+00
1.016635233535626348e+01
1.045947167512818510e+01
1.070773424503504323e+01
1.091048140247466414e+01
1.106727551955416544e+01
1.117789535160431313e+01
1.124233011642829005e+01
1.126077235661006171e+01
1.123360977558800577e+01
1.116141618165868721e+01
1.104494169999397890e+01
1.088510246700232109e+01
1.068296981967167270e+01
1.043975930754942283e+01
1.015681957286590098e+01
9.835621242057742464e+00
9.477745935134541000e+00
9.084875639065709052e+00
8.658782297662511951e+00
8.201317996832706569e+00
7.714405593325881938e+00
7.200029953576209785e+00
6.660229819478118429e+00
6.097090293453428345e+00
5.512736011971815842e+00
4.909325011499497293e+00
4.289043199412694740e+00
3.654099426001945705e+00
3.006721195347727082e+00
2.349150811953824913e+00
1.683642066450623531e+00
1.012457259464133896e+00
3.378645357014522510e-01
-3.378645356984949499e-01
-1.012457260014600235e+00
-1.683642068456908891e+00
-2.349150812791590770e+00
-3.006721192424036015e+00
-3.654099429135547528e+00
-4.289043196864623653e+00
-4.909325012989216752e+00
-5.512736012181981060e+00
-6.097090295251688552e+00
-6.660229825656607261e+00
-7.200029960448440569e+00
-7.714405579978566685e+00
-8.201317995465146282e+00
-8.658782300230193130e+00
-9.084875641581229289e+00
-9.477745944439096348e+00
-9.835621248525553639e+00
-1.015681956620548299e+01
-1.043975931026787762e+01
-1.068296980610922553e+01
-1.088510246975370066e+01
-1.104494170148100629e+01
-1.116141618157782744e+01
-1.123360977178030673e+01
-1.126077236113057012e+01
-1.124233012104652651e+01
-1.117789535546801893e+01
-1.106727551896786288e+01
-1.091048140704361025e+01
-1.070773424659707551e+01
-1.045947168100218683e+01
-1.016635233678890415e+01
-9.829258985719095065e+00
-9.449300101084427084e+00
-9.027809744120371960e+00
-8.566345679712837224e+00
-8.066685678054854591e+00
-7.530821940246467783e+00
-6.960953648557685725e+00
-6.359477715634886508e+00
-5.728977523715176545e+00
-5.072210143718564268e+00
-4.392091675211048596e+00
-3.691681121788215503e+00
-2.974162802533028227e+00
-2.242827508148538485e+00
-1.501052563514069904e+00
-7.522809908206123941e-01
-1.224378934112848074e-14
-8.896467930591018100e-15
7.166263667326315812e-01
1.429906105785944570e+00
2.136513822557865261e+00
2.833166365594063318e+00
3.516643392666600754e+00
4.183807285277115540e+00
4.831622200304593662e+00
5.457172083193671419e+00
6.057677458630334577e+00
6.630510856525520857e+00
7.173210733254740568e+00
7.683493787462541746e+00
8.159265577785371093e+00
8.598629403581860231e+00
8.999893340431219357e+00
9.361575576556464995e+00
9.682407871861904880e+00
9.961337334909805108e+00
1.019752646348195846e+01
1.039035162104794630e+01
1.053939995873050250e+01
1.064446499443385363e+01
1.070554085483302664e+01
1.072281541815237915e+01
1.069666254662474536e+01
1.062763320813672330e+01
1.051644629514462359e+01
1.036397855715108562e+01
1.017125435948358714e+01
9.939435112173436337e+00
9.669808571251172324e+00
9.363778312428065576e+00
9.022853157496514953e+00
8.648636981576851568e+00
8.242818851467411889e+00
7.807163598016519934e+00
7.343502931259630273e+00
6.853727008313655666e+00
6.339776739477353651e+00
5.803636649224346300e+00
5.247328395788374067e+00
4.672904923723700144e+00
4.082445244049234034e+00
3.478049803026605158e+00
2.861836400796917257e+00
2.235936620117833229e+00
1.602492686009781231e+00
9.636547027522087694e-01
3.215781866532583799e-01
-3.215781866644628617e-01
-9.636547028667491466e-01
-1.602492686073040185e+00
-2.235936620064124192e+00
-2.861836400705354500e+00
-3.478049802417536807e+00
-4.082445244127248074e+00
-4.672904923419721968e+00
-5.247328395481645202e+00
-5.803636649183286700e+00
-6.339776739357422031e+00
-6.853727008892407824e+00
-7.343502930975321696e+00
-7.807163598441949404e+00
-8.242818853371403520e+00
-8.648636965536018906e+00
-9.022853165959938693e+00
-9.363778326278463737e+00
-9.669808576592066274e+00
-9.939435103769877600e+00
-1.017125436113482095e+01
-1.036397855822093561e+01
-1.051644629186853841e+01
-1.062763321118129412e+01
-1.069666254844461939e+01
-1.072281542807224142e+01
-1.070554084466370171e+01
-1.064446499998628148e+01
-1.053939995187577061e+01
-1.039035162139827762e+01
-1.019752646548178276e+01
-9.961337331661633598e+00
-9.682407868164302656e+00
-9.361575572276841228e+00
-8.999893338278802446e+00
-8.598629392780573255e+00
-8.159265577396110913e+00
-7.683493787078005788e+00
-7.173210733691229635e+00
-6.630510856306257139e+00
-6.057677458954087157e+00
-5.457172082989424133e+00
-4.831622200282471802e+00
-4.183807285593190706e+00
-3.516643392791653611e+00
-2.833166365520809915e+00
-2.136513822681517460e+00
-1.429906105747903222e+00
-7.166263667171941520e-01
-1.166422060362915926e-14
-8.482941192412759012e-15
6.832642739474819038e-01
1.363334624436659315e+00
2.037037438457264926e+00
2.701239513832343953e+00
3.352867730696058590e+00
3.988928094481375641e+00
4.606523959563610937e+00
5.202873249005230072e+00
5.775324509572994813e+00
6.321371641434767596e+00
6.838667210437691324e+00
7.325034197490751353e+00
7.778476129564067421e+00
8.197185537128293120e+00
8.579550693072027556e+00
8.924160622514923702e+00
9.229808406268459109e+00
9.495492830392063155e+00
9.720418387987809439e+00
9.903993762728532602e+00
1.004582888039632849e+01
1.014573058944803918e+01
1.020369713467230177e+01
1.021991158721937865e+01
1.019473428401231452e+01
1.012869436860846228e+01
1.002248105073366169e+01
9.876933717690143055e+00
9.693032405710761523e+00
9.471887427294685580e+00
9.214729282353161466e+00
8.922898450656813196e+00
8.597835382599587462e+00
8.241070698655963866e+00
7.854215778526028480e+00
7.438953747861761556e+00
6.997030967590689876e+00
6.530249064017795924e+00
6.040457533784909572e+00
5.529546984453622471e+00
4.999442950817691411e+00
4.452100355449187141e+00
3.889498557479330820e+00
3.313636973462284363e+00
2.726531228793650286e+00
2.130209791751904724e+00
1.526711031870160440e+00
9.180806364891629379e-01
3.063693111640632960e-01
-3.063693112840290000e-01
-9.180806364581188816e-01
-1.526711031820065401e+00
-2.130209791428528732e+00
-2.726531228494706749e+00
-3.313636973249906692e+00
-3.889498557288225467e+00
-4.452100355563755052e+00
-4.999442951038548522e+00
-5.529546985323798403e+00
-6.040457533846386617e+00
-6.530249061225987361e+00
-6.997030967503779841e+00
-7.438953747160377716e+00
-7.854215777828768452e+00
-8.241070698688607976e+00
-8.597835382323154363e+00
-8.922898475503451721e+00
-9.214729281762288338e+00
-9.471887427236861612e+00
-9.693032405305014976e+00
-9.876933716009386188e+00
-1.002248102519543060e+01
-1.012869436831632797e+01
-1.019473427880661909e+01
-1.021991158717455583e+01
-1.020369713445617776e+01
-1.014573061356578165e+01
-1.004582887829686833e+01
-9.903993761221073555e+00
-9.720418384731109640e+00
-9.495492829281833025e+00
-9.229808406309082613e+00
-8.924160621107649405e+00
-8.579550693568011255e+00
-8.197185538194528220e+00
-7.778476127544837304e+00
-7.325034195300228923e+00
-6.838667210366969229e+00
-6.321371640787681656e+00
-5.775324509438403808e+00
-5.202873250789954440e+00
-4.606523959561226178e+00
-3.988928094883185782e+00
-3.352867730487829601e+00
-2.701239514025315813e+00
-2.037037438538488843e+00
-1.363334624195951417e+00
-6.832642739619615435e-01
-1.112184486945487976e-14
-8.094961676087123488e-15
6.519683455793497950e-01
1.300886322202724044e+00
1.943723008018757747e+00
2.577486134990106592e+00
3.199240972347963563e+00
3.806128498084326406e+00
4.395382866785931597e+00
4.964347835187476576e+00
5.510492209440425171e+00
6.031423839377343832e+00
6.524902385256606152e+00
6.988850536592199347e+00
7.421363682707845300e+00
7.820718004325676986e+00
8.185376795610061151e+00
8.513995422387793610e+00
8.805424211523051881e+00
9.058710223438476206e+00
9.273096974407314619e+00
9.448023234949603832e+00
9.583119841200211653e+00
9.678205834501563132e+00
9.733282925721962187e+00
9.748529238401559383e+00
9.724292033700606908e+00
9.661079698211748834e+00
9.559552980135389788e+00
9.420516091166820871e+00
9.244906984542833328e+00
9.033787797269706488e+00
8.788334929161782938e+00
8.509829533739583951e+00
8.199647699210114382e+00
7.859251111795970246e+00
7.490178217447278186e+00
7.094035415288243662e+00
6.672489015946518442e+00
6.227257630956870571e+00
5.760105115634604367e+00
5.272834116763175594e+00
4.767280203756997459e+00
4.245306598021243438e+00
3.708799475281888025e+00
3.159663823438439767e+00
2.599819771231161702e+00
2.031199488748785864e+00
1.455744347989289089e+00
8.754025412171495546e-01
2.921269256267828851e-01
-2.921269257766760385e-01
-8.754025411456367589e-01
-1.455744348326202475e+00
-2.031199488407838594e+00
-2.599819771140158498e+00
-3.159663822706050507e+00
-3.708799475132494639e+00
-4.245306598410884646e+00
-4.767280203475021239e+00
-5.272834116115976855e+00
-5.760105116216550414e+00
-6.227257631279300654e+00
-6.672489016499270953e+00
-7.094035415021702207e+00
-7.490178218725506376e+00
-7.859251110839807097e+00
-8.199647700493098768e+00
-8.509829532975766497e+00
-8.788334929229241865e+00
-9.033787798048198425e+00
-9.244906983891446828e+00
-9.420516091369803391e+00
-9.559552979962937513e+00
-9.661079695447464033e+00
-9.724292036266906081e+00
-9.748529240135276552e+00
-9.733282925037752165e+00
-9.678205834124922191e+00
-9.583119860075630214e+00
-9.448023231602475036e+00
-9.273096974120608849e+00
-9.058710222953182623e+00
-8.805424211864460560e+00
-8.513995421451244994e+00
-8.185376795751425405e+00
-7.820718004323648387e+00
-7.421363684290326113e+00
-6.988850536268619074e+00
-6.524902385776150560e+00
-6.031423852298393840e+00
-5.510492209273731845e+00
-4.964347835324900871e+00
-4.395382857492792006e+00
-3.806128497530985033e+00
-3.199240972785002413e+00
-2.577486134925715433e+00
-1.943723006606739689e+00
-1.300886322280982998e+00
-6.519683455370033354e-01
-1.061299596873324580e-14
-7.730057131004722979e-15
6.225382013963183248e-01
1.242161286927218500e+00
1.855972745129361723e+00
2.461113120344083249e+00
3.054778008112916776e+00
3.634235521554701975e+00
4.196842978856952122e+00
4.740062671331662258e+00
5.261476557721082692e+00
5.758799741246483528e+00
6.229892653414872861e+00
6.672771712349767625e+00
7.085618704844750759e+00
7.466788351306057336e+00
7.814814488051539776e+00
8.128414611592402750e+00
8.406492782768065553e+00
8.648141108201780725e+00
8.852639749179722628e+00
9.019455320852895142e+00
9.148238201207711029e+00
9.238818456292349879e+00
9.291200755838904257e+00
9.305558283193331448e+00
9.282225676854627849e+00
9.221691381039326174e+00
9.124589261496012682e+00
8.991689930437152256e+00
8.823891592278540585e+00
8.622210745755507943e+00
8.387772842136763884e+00
8.121802905945303408e+00
7.825616306303266434e+00
7.500609898737323533e+00
7.148253361905007708e+00
6.770080923534642636e+00
6.367683586158192632e+00
5.942701963163807832e+00
5.496819443398845983e+00
5.031756094014936842e+00
4.549263028546134180e+00
4.051117440146366988e+00
3.539118142845303794e+00
3.015081566233629218e+00
2.480838395361742332e+00
1.938230531261359246e+00
1.389108501553361741e+00
8.353291918838522401e-01
2.787538287907628809e-01
-2.787538289281126791e-01
-8.353291919816782096e-01
-1.389108502636763998e+00
-1.938230531223531505e+00
-2.480838395700246668e+00
-3.015081561556645973e+00
-3.539118143643690928e+00
-4.051117439427059708e+00
-4.549263026499638762e+00
-5.031756095885608460e+00
-5.496819444190571780e+00
-5.942701977541208436e+00
-6.367683586063734857e+00
-6.770080925550359119e+00
-7.148253361923523563e+00
-7.500609899204794928e+00
-7.825616293087302999e+00
-8.121802905587570010e+00
-8.387772864437394560e+00
-8.622210746314543428e+00
-8.823891576676320625e+00
-8.991689931433361593e+00
-9.124589240221412823e+00
-9.221691361307785328e+00
-9.282225679001287588e+00
-9.305558302561433237e+00
-9.291200755278113732e+00
-9.238818442239894679e+00
-9.148238190347719012e+00
-9.019455321569401107e+00
-8.852639750980980438e+00
-8.648141107360064694e+00
-8.406492758527832621e+00
-8.128414594605152033e+00
-7.814814488639926005e+00
-7.466788350816534248e+00
-7.085618719325446513e+00
-6.672771713285956530e+00
-6.229892640546892402e+00
-5.758799741309494458e+00
-5.261476557704494184e+00
-4.740062671640996150e+00
-4.196842978993841733e+00
-3.634235521628149890e+00
-3.054778008193361316e+00
-2.461113120113710195e+00
-1.855972745385190859e+00
-1.242161283956074502e+00
-6.225382015081680764e-01
-1.013442780355369816e-14
-7.386051908700054884e-15
5.947975453084480835e-01
1.186807667970822600e+00
1.773260781133472408e+00
2.351422779561315402e+00
2.918612310691181655e+00
3.472217497628899974e+00
4.009711874208413462e+00
4.528669607795105634e+00
5.026779377539305038e+00
5.501857511271253998e+00
5.951859368589253130e+00
6.374889849541771625e+00
6.769212057212736333e+00
7.133254724731441065e+00
7.465618067345660691e+00
7.765077980409555103e+00
8.030589112110471106e+00
8.261285852801828256e+00
8.456482606792826928e+00
8.615672097982534083e+00
8.738522787059158858e+00
8.824874970797180751e+00
8.874735841752965371e+00
8.888273593970522413e+00
8.865810719211369317e+00
8.807816609358928517e+00
8.714899435841770625e+00
8.587798023129971980e+00
8.427372843762572785e+00
8.234597115719276772e+00
8.010548067942639960e+00
7.756397594365723513e+00
7.473403848441553698e+00
7.162902387809512383e+00
6.826297929330617187e+00
6.465056698073873953e+00
6.080698746216367745e+00
5.674791152778767334e+00
5.248941487665127248e+00
4.804792124516529483e+00
4.344014726353650602e+00
3.868305566498311254e+00
3.379381277333763922e+00
2.878975061247048384e+00
2.368833544415535286e+00
1.850713839195284871e+00
1.326381116150863626e+00
7.976065222442672020e-01
2.661652255572404813e-01
-2.661652255519229016e-01
-7.976065220787165178e-01
-1.326381115917688591e+00
-1.850713838863749183e+00
-2.368833552391313990e+00
-2.878975061269415381e+00
-3.379381265661577594e+00
-3.868305566247372873e+00
-4.344014726439659135e+00
-4.804792124061231462e+00
-5.248941487505568659e+00
-5.674791152244510251e+00
-6.080698765758790536e+00
-6.465056698835801363e+00
-6.826297928974884854e+00
-7.162902385093810054e+00
-7.473403849900391194e+00
-7.756397623910235239e+00
-8.010548064863243667e+00
-8.234597113647268429e+00
-8.427372842904690131e+00
-8.587798024806797770e+00
-8.714899436395562304e+00
-8.807816607423095689e+00
-8.865810719567150500e+00
-8.888273595082091916e+00
-8.874735841698388583e+00
-8.824874971065971963e+00
-8.738522811431845838e+00
-8.615672098276974111e+00
-8.456482606235757871e+00
-8.261285852873374580e+00
-8.030589114439345977e+00
-7.765078000428563776e+00
-7.465618042347450967e+00
-7.133254724953071779e+00
-6.769212077115594361e+00
-6.374889849570507749e+00
-5.951859368250737248e+00
-5.501857510782796723e+00
-5.026779377714563957e+00
-4.528669591590002597e+00
-4.009711873895796863e+00
-3.472217498010443215e+00
-2.918612310663429632e+00
-2.351422779253157902e+00
-1.773260780963107575e+00
-1.186807667954015377e+00
-5.947975453257225986e-01
-9.683283889272061176e-15
-7.061038596311195993e-15
5.685918587488157927e-01
1.134517102733406668e+00
1.695126211296207774e+00
2.247803669050641773e+00
2.789984517439044076e+00
3.319170372547166625e+00
3.832944737864733220e+00
4.328987476478896923e+00
4.805088279746104973e+00
5.259159028484751808e+00
5.689244929260571126e+00
6.093534342864628250e+00
6.470367230807533510e+00
6.818242185278297285e+00
7.135822001090090794e+00
7.421937794666813026e+00
7.675591663968170941e+00
7.895957958368486018e+00
8.082383167420758241e+00
8.234384522500134196e+00
8.351647367949166068e+00
8.434021431989549455e+00
8.481516053624249096e+00
8.494294520071246524e+00
8.472667600264344401e+00
8.417086422015167102e+00
8.328134802162724171e+00
8.206521162893945842e+00
8.053070138432113723e+00
7.868714025354432096e+00
7.654484152695065546e+00
7.411502297815617091e+00
7.140972246555965519e+00
6.844171577121815453e+00
6.522443757606652071e+00
6.177190548768645151e+00
5.809865034461106248e+00
5.421964833539028916e+00
5.015026054621145590e+00
4.590617660490156737e+00
4.150336392689307985e+00
3.695802228484579732e+00
3.228654335891839811e+00
2.750547534124686777e+00
2.263149199232854958e+00
1.768136587131649895e+00
1.267194518060775321e+00
7.620133702426171718e-01
2.542873046243460666e-01
-2.542873046112977264e-01
-7.620133702978114654e-01
-1.267194518111683266e+00
-1.768136586976870150e+00
-2.263149199236097697e+00
-2.750547534463944288e+00
-3.228654335708401657e+00
-3.695802228256744204e+00
-4.150336403669972363e+00
-4.590617659678431828e+00
-5.015026053702658970e+00
-5.421964833842938702e+00
-5.809865033813290225e+00
-6.177190550512274392e+00
-6.522443742432108671e+00
-6.844171575597612467e+00
-7.140972246207709873e+00
-7.411502298837641334e+00
-7.654484151694624039e+00
-7.868714027506539921e+00
-8.053070138291493762e+00
-8.206521163877477321e+00
-8.328134804237173228e+00
-8.417086421193438639e+00
-8.472667601212604538e+00
-8.494294520205654564e+00
-8.481516053711292358e+00
-8.434021431504444166e+00
-8.351647368412963957e+00
-8.234384521456760808e+00
-8.082383168835439946e+00
-7.895957958173124069e+00
-7.675591662748960431e+00
-7.421937794834155611e+00
-7.135822001832733186e+00
-6.818242185109594899e+00
-6.470367231508559414e+00
-6.093534342053318120e+00
-5.689244928983209881e+00
-5.259159029050055167e+00
-4.805088281277681617e+00
-4.328987476938130463e+00
-3.832944738177730404e+00
-3.319170372502825650e+00
-2.789984517474957570e+00
-2.247803668933129551e+00
-1.695126210918390663e+00
-1.134517102732277793e+00
-5.685918587433855809e-01
-9.257060043265719061e-15
-6.753348584028465174e-15
5.437859819834296449e-01
1.085019855070167294e+00
1.621165898990996279e+00
2.149720996135475737e+00
2.668230497727758888e+00
3.174303576739900823e+00
3.665627911514926396e+00
4.139983546767263434e+00
4.595255805149343509e+00
5.029447125246662154e+00
5.440687728010698443e+00
5.827245022359995197e+00
6.187531694152785811e+00
6.520112416657730670e+00
6.823709180937109764e+00
7.097205211620872589e+00
7.339647509221010502e+00
7.550248030091092133e+00
7.728383555790667714e+00
7.873594326090935347e+00
7.985581502030042245e+00
8.064203551638440715e+00
8.109471657861273997e+00
8.121544262804142988e+00
8.100720846030506905e+00
8.047435080048943590e+00
7.962247458622353058e+00
7.845837522114392115e+00
7.698995832638661163e+00
7.522615665903831683e+00
7.317684915229311748e+00
7.085277680348784024e+00
6.826546263077843513e+00
6.542713275129721673e+00
6.235064062215098346e+00
5.904939488649084467e+00
5.553729130614080134e+00
5.182864937176571374e+00
4.793815359808172971e+00
4.388080002030197768e+00
3.967184769410899037e+00
3.532677536994991652e+00
3.086124305029763537e+00
2.629105825871631996e+00
2.163214674764454504e+00
1.690052709327745983e+00
1.211228887318932079e+00
7.283573694032221546e-01
2.430558634455528277e-01
-2.430558634569648935e-01
-7.283573694147416067e-01
-1.211228887274097721e+00
-1.690052709589640711e+00
-2.163214674302325058e+00
-2.629105825944234365e+00
-3.086124304343324631e+00
-3.532677536480510305e+00
-3.967184768750742219e+00
-4.388080001676454067e+00
-4.793815360081073784e+00
-5.182864937137527050e+00
-5.553729130026699323e+00
-5.904939488562891192e+00
-6.235064061063867236e+00
-6.542713275490510405e+00
-6.826546262485561734e+00
-7.085277699424173292e+00
-7.317684915275563640e+00
-7.522615666436373694e+00
-7.698995815204221493e+00
-7.845837522766656136e+00
-7.962247458837231839e+00
-8.047435080054876622e+00
-8.100720844979726110e+00
-8.121544262618206389e+00
-8.109471658585400533e+00
-8.064203552380813989e+00
-7.985581502459865533e+00
-7.873594326506578867e+00
-7.728383554640073427e+00
-7.550248029477958589e+00
-7.339647511006544001e+00
-7.097205212495870441e+00
-6.823709181328312390e+00
-6.520112417190965459e+00
-6.187531693780848663e+00
-5.827245023079766995e+00
-5.440687727804019325e+00
-5.029447125348184500e+00
-4.595255804989957227e+00
-4.139983546724644192e+00
-3.665627911804910877e+00
-3.174303576922332226e+00
-2.668230497309409976e+00
-2.149720996039516940e+00
-1.621165899115061038e+00
-1.085019855034764502e+00
-5.437859820678483391e-01
-8.853565695326084333e-15
-6.461522949467076720e-15
5.202617677715205557e-01
1.038080146060666564e+00
1.551027464459446392e+00
2.056707314437721923e+00
2.552769774138760717e+00
3.036926120001437024e+00
3.506962912724972181e+00
3.960755279933482420e+00
4.396279293460701787e+00
4.811623309122134096e+00
5.204998197630273715e+00
5.574746332840474494e+00
5.919349344455691053e+00
6.237434549701425190e+00
6.527780003936078934e+00
6.789318285693675570e+00
7.021138871363812761e+00
7.222489278019216030e+00
7.392774891277690053e+00
7.531557621691821858e+00
7.638553492495455899e+00
7.713629090259964904e+00
7.756797187875246635e+00
7.768211461042131560e+00
7.748160518367630978e+00
7.697061312470051320e+00
7.615452055319541280e+00
7.503984744278117347e+00
7.363417447114225745e+00
7.194606410169632760e+00
6.998498106215500947e+00
6.776121359767681263e+00
6.528579555192173700e+00
6.257043116045045927e+00
5.962742237598027017e+00
5.646959968340443226e+00
5.311025700959913110e+00
4.956309105609353338e+00
4.584214523089762849e+00
4.196175843070537148e+00
3.793651878632072538e+00
3.378122235836199749e+00
2.951083650329672459e+00
2.514046773437223603e+00
2.068533405373983225e+00
1.616074068725689816e+00
1.158205959992290257e+00
6.964711521520602355e-01
2.324150433009056771e-01
-2.324150432255290832e-01
-6.964711520088316954e-01
-1.158205959753347836e+00
-1.616074068660981133e+00
-2.068533404544107057e+00
-2.514046773794516465e+00
-2.951083649534764319e+00
-3.378122236466850836e+00
-3.793651878755650575e+00
-4.196175842311871129e+00
-4.584214522819499038e+00
-4.956309105629395084e+00
-5.311025700479769185e+00
-5.646959965608593812e+00
-5.962742237335414863e+00
-6.257043114983067866e+00
-6.528579553262642499e+00
-6.776121356749347235e+00
-6.998498110423732932e+00
-7.194606409670450731e+00
-7.363417449275591942e+00
-7.503984745758259578e+00
-7.615452057385006412e+00
-7.697061314052832337e+00
-7.748160521010087898e+00
-7.768211460239164090e+00
-7.756797187478417399e+00
-7.713629090029991531e+00
-7.638553491826724162e+00
-7.531557625466819061e+00
-7.392774888400259314e+00
-7.222489278002863777e+00
-7.021138871922479652e+00
-6.789318284263607062e+00
-6.527780003216019367e+00
-6.237434548954260194e+00
-5.919349347669326633e+00
-5.574746332021664585e+00
-5.204998196019679391e+00
-4.811623309323855402e+00
-4.396279292922274706e+00
-3.960755280552323399e+00
-3.506962913516205038e+00
-3.036926121677776091e+00
-2.552769774389136437e+00
-2.056707314604781178e+00
-1.551027464126559119e+00
-1.038080146260397685e+00
-5.202617677889265213e-01
-8.470885630107416699e-15
-6.184285508764005807e-15
4.979158811289619013e-01
9.934917589412176619e-01
1.484402711774540862e+00
1.968353810553091554e+00
2.443094698983008684e+00
2.906433735351341863e+00
3.356251497831709507e+00
3.790513493092557251e+00
4.207282059314526812e+00
4.604727193344716696e+00
4.981136390696535798e+00
5.334923234237324507e+00
5.664634856335317714e+00
5.968958007888231165e+00
6.246723984887085024e+00
6.496912158408413518e+00
6.718652275031850252e+00
6.911225567823110261e+00
7.074064407129450061e+00
7.206751279249447251e+00
7.309016083694558574e+00
7.380733040102008147e+00
7.421916263923953316e+00
7.432714790976411301e+00
7.413406756670475772e+00
7.364393030914214933e+00
7.286190567511667382e+00
7.179425076589065036e+00
7.044823610488340826e+00
6.883207086633077232e+00
6.695482572402426058e+00
6.482635812982353585e+00
6.245723626870207212e+00
5.985866803826747073e+00
5.704243142422101620e+00
5.402080694344487455e+00
5.080651747063954282e+00
4.741266775251790300e+00
4.385269299868252091e+00
4.014030806111327898e+00
3.628946486810630478e+00
3.231431153346664864e+00
2.822915885313228124e+00
2.404844845914817508e+00
1.978672757006866956e+00
1.545862515600254783e+00
1.107883310230674656e+00
6.662089042802202821e-01
2.223161809941358591e-01
-2.223161809101412700e-01
-6.662089041989170957e-01
-1.107883310608753336e+00
-1.545862516272514142e+00
-1.978672756558941481e+00
-2.404844845875269588e+00
-2.822915884642218654e+00
-3.231431152488072556e+00
-3.628946487017726152e+00
-4.014030805343713482e+00
-4.385269302414671166e+00
-4.741266774325946010e+00
-5.080651745730374813e+00
-5.402080694698342178e+00
-5.704243138265423063e+00
-5.985866804834546251e+00
-6.245723615053663913e+00
-6.482635817592261596e+00
-6.695482571845147390e+00
-6.883207082632424090e+00
-7.044823614479842178e+00
-7.179425078444974240e+00
-7.286190568277532087e+00
-7.364393032446384879e+00
-7.413406739743083840e+00
-7.432714807133788071e+00
-7.421916265301397253e+00
-7.380733045495053268e+00
-7.309016065383795890e+00
-7.206751268836472768e+00
-7.074064421205889630e+00
-6.911225563828047314e+00
-6.718652273747679260e+00
-6.496912154501667480e+00
-6.246723983691104820e+00
-5.968958004780762217e+00
-5.664634852815965793e+00
-5.334923237783586458e+00
-4.981136383128156986e+00
-4.604727189552716204e+00
-4.207282057951444720e+00
-3.790513492791835137e+00
-3.356251497056621069e+00
-2.906433735826114528e+00
-2.443094698796005382e+00
-1.968353809269433929e+00
-1.484402711446690004e+00
-9.934917590499392492e-01
-4.979158812499031583e-01
-8.107344584449318762e-15
-5.920518412076390471e-15
4.766578221220708622e-01
9.510740981705014807e-01
1.421021745570738570e+00
1.884302457807939479e+00
2.338760704300885340e+00
2.782297285957769706e+00
3.212882256322435293e+00
3.628567187154223994e+00
4.027496501012054253e+00
4.407917919864678069e+00
4.768191845282492736e+00
5.106799619650889355e+00
5.422350636004685143e+00
5.713588190345620710e+00
5.979394164303295511e+00
6.218792403248344591e+00
6.430950904124803635e+00
6.615182794996471216e+00
6.770946176115900883e+00
6.897842817152653794e+00
6.995615878642368557e+00
7.064146620154803102e+00
7.103450382555071663e+00
7.113671559668662603e+00
7.095078216165073393e+00
7.048055897596819719e+00
6.973101104458572230e+00
6.870814416440546246e+00
6.741893340654364408e+00
6.587125056949131086e+00
6.407379088118738686e+00
6.203600030902753026e+00
5.976800414385540883e+00
5.728053752519984165e+00
5.458487913421744331e+00
5.169278713719934082e+00
4.861643982506437922e+00
4.536838028504236675e+00
4.196146432619987543e+00
3.840881456888094458e+00
3.472377762860980877e+00
3.091988663424622086e+00
2.701082811049758892e+00
2.301041283389754888e+00
1.893255058675837654e+00
1.479122866592708530e+00
1.060049322948382944e+00
6.374433519324256281e-01
2.127167990373274031e-01
-2.127167990414169374e-01
-6.374433515078765655e-01
-1.060049323275851663e+00
-1.479122868443857319e+00
-1.893255059297156428e+00
-2.301041285010859028e+00
-2.701082812200131134e+00
-3.091988662040755287e+00
-3.472377760418700721e+00
-3.840881456539566141e+00
-4.196146437324333789e+00
-4.536838027965797160e+00
-4.861643983878204622e+00
-5.169278706575941129e+00
-5.458487908013156975e+00
-5.728053754637852713e+00
-5.976800412031797016e+00
-6.203600037788773669e+00
-6.407379091870721410e+00
-6.587125054484169517e+00
-6.741893335315753077e+00
-6.870814407585740469e+00
-6.973101103695390712e+00
-7.048055898724242319e+00
-7.095078221943134089e+00
-7.113671566431784221e+00
-7.103450384986780719e+00
-7.064146631249715647e+00
-6.995615872699009863e+00
-6.897842822966539167e+00
-6.770946175651147314e+00
-6.615182794351351703e+00
-6.430950895925689359e+00
-6.218792400093061445e+00
-5.979394164396722111e+00
-5.713588189715246735e+00
-5.422350636567070836e+00
-5.106799623821282275e+00
-4.768191840982876073e+00
-4.407917915863871272e+00
-4.027496499773864258e+00
-3.628567187900179736e+00
-3.212882260861686934e+00
-2.782297285419142341e+00
-2.338760706423908431e+00
-1.884302457638094008e+00
-1.421021744234850059e+00
-9.510740978222841369e-01
-4.766578221184004094e-01
-7.761475192389203430e-15
-5.669240151976815783e-15
4.564081399840219655e-01
9.106686054817213494e-01
1.360647604339825234e+00
1.804238957729211501e+00
2.239377533359670380e+00
2.664052244466144970e+00
3.076318473928184805e+00
3.474309793508992605e+00
3.856248880175968008e+00
4.220457506891969857e+00
4.565365545923146584e+00
4.889518878234801136e+00
5.191586197769936462e+00
5.470364644084875216e+00
5.724784232331296963e+00
5.953911122635807018e+00
6.156949671110664823e+00
6.333243371928023002e+00
6.482274659650063775e+00
6.603663667938212356e+00
6.697165999307874706e+00
6.762669591977438444e+00
6.800190745547518567e+00
6.809869425354746042e+00
6.791963951791830212e+00
6.746845106980685181e+00
6.674989874530009359e+00
6.576974770579242069e+00
6.453469044595645521e+00
6.305227659522930850e+00
6.133084270012063577e+00
5.937944256133272702e+00
5.720777863618483394e+00
5.482613548830174821e+00
5.224531583752326291e+00
4.947657989987746419e+00
4.653158789668336404e+00
4.342234717330021532e+00
4.016116269947432649e+00
3.676059273706800301e+00
3.323340825651861064e+00
2.959255714582917918e+00
2.585113234818233519e+00
2.202234428186316428e+00
1.811949690817733938e+00
1.415596717057481024e+00
1.014518748797794911e+00
6.100630713012102913e-01
2.035797126712126370e-01
-2.035797127133445739e-01
-6.100630711846700693e-01
-1.014518748809906334e+00
-1.415596717308897246e+00
-1.811949690572166149e+00
-2.202234428377034536e+00
-2.585113234288014095e+00
-2.959255715295255662e+00
-3.323340827571892753e+00
-3.676059272747393081e+00
-4.016116269250363580e+00
-4.342234715769229147e+00
-4.653158792576807201e+00
-4.947657989174715887e+00
-5.224531584216946634e+00
-5.482613547248571528e+00
-5.720777862543338088e+00
-5.937944258961091570e+00
-6.133084269943583244e+00
-6.305227657780896777e+00
-6.453469046103158746e+00
-6.576974770898414313e+00
-6.674989869395029807e+00
-6.746845109109298910e+00
-6.791963951016215972e+00
-6.809869426138537740e+00
-6.800190745583712726e+00
-6.762669590355053550e+00
-6.697166002050293443e+00
-6.603663667267538173e+00
-6.482274658812761103e+00
-6.333243369880407592e+00
-6.156949672644698168e+00
-5.953911120922558808e+00
-5.724784234564914698e+00
-5.470364646816035403e+00
-5.191586198221370019e+00
-4.889518877105600403e+00
-4.565365545137204606e+00
-4.220457508558477677e+00
-3.856248881068281786e+00
-3.474309793352847731e+00
-3.076318474474951881e+00
-2.664052244512661982e+00
-2.239377533392222563e+00
-1.804238958104514401e+00
-1.360647604623494766e+00
-9.106686056648788385e-01
-4.564081398069116391e-01
-7.431989103535122040e-15
-5.429586380662652430e-15
4.370968768490208212e-01
8.721356815962982845e-01
1.303071666112977312e+00
1.727886582260779402e+00
2.144601574851552339e+00
2.551289659617185013e+00
2.946087633128131600e+00
3.327207329057538576e+00
3.692946076023842839e+00
4.041696307358766838e+00
4.371954140346127282e+00
4.682327004308693752e+00
4.971540160493892913e+00
5.238442046058978008e+00
5.482008559787060697e+00
5.701346154124192545e+00
5.895693813565901387e+00
6.064423915455630087e+00
6.207042030734723603e+00
6.323185712632335864e+00
6.412622350420292605e+00
6.475246134882303828e+00
6.511074200092948239e+00
6.520242183295320793e+00
6.502999009196258839e+00
6.459701282037523029e+00
6.390807252754911794e+00
6.296870433628605213e+00
6.178533012599297436e+00
6.036519153031734142e+00
5.871628252024565953e+00
5.684728207278470613e+00
5.476748909016682099e+00
5.248675788010167764e+00
5.001543724923056544e+00
4.736431217359971413e+00
4.454454894890198524e+00
4.156764398844956965e+00
3.844537733153373882e+00
3.518976947718351234e+00
3.181304298449890933e+00
2.832758802013020105e+00
2.474593234847694667e+00
2.108071473419371955e+00
1.734466223313841482e+00
1.355057086025047486e+00
9.711288701489130260e-01
5.839701983819933773e-01
1.948722606635693577e-01
-1.948722608514685539e-01
-5.839701986395420263e-01
-9.711288702912747040e-01
-1.355057086034334723e+00
-1.734466222848413564e+00
-2.108071470421679194e+00
-2.474593234428254629e+00
-2.832758801649089442e+00
-3.181304294799195631e+00
-3.518976950719054919e+00
-3.844537734173822940e+00
-4.156764400950142324e+00
-4.454454892123522747e+00
-4.736431217309168495e+00
-5.001543730457539638e+00
-5.248675782722665772e+00
-5.476748905955815871e+00
-5.684728205309541593e+00
-5.871628247392196798e+00
-6.036519160155375374e+00
-6.178533016246382736e+00
-6.296870430416199760e+00
-6.390807250951826113e+00
-6.459701276132265413e+00
-6.502999006945892724e+00
-6.520242184638878058e+00
-6.511074208998412161e+00
-6.475246130192525484e+00
-6.412622353763447691e+00
-6.323185712037510342e+00
-6.207042031177726571e+00
-6.064423914577172781e+00
-5.895693813433011243e+00
-5.701346156634608420e+00
-5.482008563360539100e+00
-5.238442051623833251e+00
-4.971540163455153483e+00
-4.682327011298668573e+00
-4.371954139491403879e+00
-4.041696307269780242e+00
-3.692946081677657144e+00
-3.327207330790140638e+00
-2.946087634057252824e+00
-2.551289659341651195e+00
-2.144601575913457570e+00
-1.727886582448335151e+00
-1.303071666163551745e+00
-8.721356824170163335e-01
-4.370968769697086698e-01
-7.117751792162329090e-15
-5.200793081565238961e-15
4.186622051833155389e-01
8.353519458392947294e-01
1.248109544686879069e+00
1.655000762608986431e+00
2.054129166912336490e+00
2.443648113341667205e+00
2.821772167065043302e+00
3.186787910198586982e+00
3.537063988912632517e+00
3.871060263173099258e+00
4.187336141486754038e+00
4.484557812505775232e+00
4.761504485200775072e+00
5.017073581516088510e+00
5.250284754541209686e+00
5.460282881164252089e+00
5.646339953074296147e+00
5.807855842807501112e+00
5.944358147906459777e+00
6.055500975135483799e+00
6.141062882557185354e+00
6.200943939186911003e+00
6.235162014910202721e+00
6.243848461591406718e+00
6.227243180872767070e+00
6.185689162914983719e+00
6.119626678231187000e+00
6.029587194982181764e+00
5.916186982220414059e+00
5.780120756309298002e+00
5.622155105219510673e+00
5.443122147982268011e+00
5.243913155261308745e+00
5.025472480514619811e+00
4.788791651608589106e+00
4.534903777202802466e+00
4.264878325297742023e+00
3.979816213254292911e+00
3.680845329170282731e+00
3.369116433118060083e+00
3.045799462638840271e+00
2.712080273185133894e+00
2.369157738740528707e+00
2.018241246643671438e+00
1.660548524446632035e+00
1.297303789886417702e+00
9.297361853353376393e-01
5.590784240263847460e-01
1.865656392723888668e-01
-1.865656393050971196e-01
-5.590784245865124680e-01
-9.297361854868091413e-01
-1.297303790856471295e+00
-1.660548522861796661e+00
-2.018241246502173070e+00
-2.369157737806855124e+00
-2.712080273265903063e+00
-3.045799463442306454e+00
-3.369116432273909112e+00
-3.680845329521833076e+00
-3.979816213487251897e+00
-4.264878322920580445e+00
-4.534903774974714530e+00
-4.788791653073905863e+00
-5.025472480769415995e+00
-5.243913151523922345e+00
-5.443122140273247034e+00
-5.622155110433669556e+00
-5.780120757924597008e+00
-5.916186990602022355e+00
-6.029587182406439538e+00
-6.119626680753048831e+00
-6.185689155936823447e+00
-6.227243175984265022e+00
-6.243848458394792189e+00
-6.235162010175336889e+00
-6.200943938192455818e+00
-6.141062885287068340e+00
-6.055500972904588330e+00
-5.944358145802866034e+00
-5.807855835323172400e+00
-5.646339953857682836e+00
-5.460282881873386174e+00
-5.250284749629371639e+00
-5.017073580838188995e+00
-4.761504493171768715e+00
-4.484557814143749432e+00
-4.187336144268632765e+00
-3.871060263373852006e+00
-3.537063990129711843e+00
-3.186787916763695883e+00
-2.821772165715172420e+00
-2.443648111473877726e+00
-2.054129166340405988e+00
-1.655000761245253971e+00
-1.248109545019142397e+00
-8.353519446340628152e-01
-4.186622051571060599e-01
-6.817760459855042557e-15
-4.982182068123147316e-15
4.010492519571162151e-01
8.002078964559486973e-01
1.195597599196207561e+00
1.585364444091315717e+00
1.967690810763085052e+00
2.340806854978605411e+00
2.703001506283776667e+00
3.052632792822445040e+00
3.388137500775239452e+00
3.708039989225476951e+00
4.010960101921203780e+00
4.295620168972710040e+00
4.560850963988716700e+00
4.805596657644487735e+00
5.028918687114727781e+00
5.229998622978194511e+00
5.408139904339930304e+00
5.562768656473521922e+00
5.693433439060830104e+00
5.799804108797731672e+00
5.881669821607155235e+00
5.938936172829714977e+00
5.971621646960653784e+00
5.979853457320363219e+00
5.963862773991354338e+00
5.923979491282600485e+00
5.860626641151806204e+00
5.774314539224189247e+00
5.665634641488797918e+00
5.535253437278706556e+00
5.383906140246343064e+00
5.212390606632044232e+00
5.021561210263890018e+00
4.812322992806175925e+00
4.585626038192408771e+00
4.342460106391852648e+00
4.083849594978623543e+00
3.810848880669373440e+00
3.524537992206457027e+00
3.226018706471089459e+00
2.916411040279083711e+00
2.596850093682080196e+00
2.268483310586586033e+00
1.932468081086532230e+00
1.589969674238225661e+00
1.242159492011662092e+00
8.902135663177779268e-01
5.353112891747419111e-01
1.786343310932592410e-01
-1.786343310633958514e-01
-5.353112891560772857e-01
-8.902135657492442622e-01
-1.242159490986615822e+00
-1.589969673449011855e+00
-1.932468077034054099e+00
-2.268483311503272315e+00
-2.596850092285187817e+00
-2.916411040335304072e+00
-3.226018705591746638e+00
-3.524537990788615627e+00
-3.810848881573841496e+00
-4.083849597886431759e+00
-4.342460106386059948e+00
-4.585626036052387278e+00
-4.812322988757091302e+00
-5.021561207850123942e+00
-5.212390612045052940e+00
-5.383906146184180841e+00
-5.535253431141462066e+00
-5.665634640482818618e+00
-5.774314541626503150e+00
-5.860626653320110790e+00
-5.923979493069880142e+00
-5.963862776901409646e+00
-5.979853458843980007e+00
-5.971621640334818792e+00
-5.938936169829947431e+00
-5.881669824569197402e+00
-5.799804112545274393e+00
-5.693433431681623524e+00
-5.562768653616194214e+00
-5.408139904857811153e+00
-5.229998623853139073e+00
-5.028918690261800606e+00
-4.805596657885367051e+00
-4.560850966076046120e+00
-4.295620171398547349e+00
-4.010960104464429854e+00
-3.708039989297729377e+00
-3.388137504398029964e+00
-3.052632791212468000e+00
-2.703001507014627602e+00
-2.340806856920126577e+00
-1.967690810050713557e+00
-1.585364443117706301e+00
-1.195597598000428086e+00
-8.002078958791922769e-01
-4.010492516649870054e-01
-6.531124994871652529e-15
-4.773148497626766536e-15
3.842090853740025569e-01
7.666058873334890000e-01
1.145389907298645538e+00
1.518784083881853597e+00
1.885046198363425241e+00
2.242479897545060830e+00
2.589445227749083589e+00
2.924368586297808825e+00
3.245751941220951675e+00
3.552181306006960693e+00
3.842334350762947714e+00
4.114987075893764334e+00
4.369019534643218350e+00
4.603420590969800941e+00
4.817291606059306730e+00
5.009849173146319501e+00
5.180426797584710918e+00
5.328475614159840390e+00
5.453564187695993937e+00
5.555377373721767320e+00
5.633714371455646130e+00
5.688486000229961981e+00
5.719711269785810792e+00
5.727513345608069351e+00
5.712114971913433870e+00
5.673833451850306631e+00
5.613075271414794898e+00
5.530330438743332522e+00
5.426166628387734114e+00
5.301223279226761953e+00
5.156205580776699549e+00
4.991878549778204999e+00
4.809061250219902384e+00
4.608621132477089155e+00
4.391468632903417380e+00
4.158552043282409905e+00
3.910852685992124655e+00
3.649380423047300592e+00
3.375169559092562999e+00
3.089275080780286231e+00
2.792769294244307421e+00
2.486738821616971684e+00
2.172281991429384274e+00
1.850506543621545319e+00
1.522527660635029312e+00
1.189466312613872701e+00
8.524478357156811681e-01
5.126007264911396355e-01
1.710556198628579716e-01
-1.710556200009938355e-01
-5.126007269628096719e-01
-8.524478356329961981e-01
-1.189466312009098248e+00
-1.522527659816464318e+00
-1.850506541371373270e+00
-2.172281993166521818e+00
-2.486738819207413798e+00
-2.792769292023154382e+00
-3.089275079207834285e+00
-3.375169557978133117e+00
-3.649380419088552152e+00
-3.910852683286066611e+00
-4.158552049340717538e+00
-4.391468635275398213e+00
-4.608621135146251824e+00
-4.809061247533325201e+00
-4.991878548982225716e+00
-5.156205576619392161e+00
-5.301223278925630389e+00
-5.426166634140296985e+00
-5.530330442154606452e+00
-5.613075277265983765e+00
-5.673833452685165923e+00
-5.712114972117308120e+00
-5.727513346564640173e+00
-5.719711268691368034e+00
-5.688486002008353637e+00
-5.633714374121795210e+00
-5.555377374680507074e+00
-5.453564189882292190e+00
-5.328475612203223299e+00
-5.180426796948125912e+00
-5.009849176410090976e+00
-4.817291609089529913e+00
-4.603420587084178450e+00
-4.369019531904024589e+00
-4.114987074790994015e+00
-3.842334351263703596e+00
-3.552181308213602229e+00
-3.245751940534675306e+00
-2.924368587145779852e+00
-2.589445228490694806e+00
-2.242479896964065134e+00
-1.885046198995488975e+00
-1.518784084530712342e+00
-1.145389907293464349e+00
-7.666058879303532247e-01
-3.842090848959915927e-01
-6.257051578014493791e-15
-4.573150158019031172e-15
3.680978479888902255e-01
7.344584031199334895e-01
1.097355684369978324e+00
1.455086213281950869e+00
1.805979953721501774e+00
2.148410905315360164e+00
2.480807203623085933e+00
2.801660667859960707e+00
3.109535657850779344e+00
3.403077205784631243e+00
3.681018291959408106e+00
3.942186263131703949e+00
4.185508329047611831e+00
4.410016086642391642e+00
4.614849063447847399e+00
4.799257335829835824e+00
4.962603113936415511e+00
5.104361439953120083e+00
5.224119939707675186e+00
5.321577760773328336e+00
5.396543663735590357e+00
5.448933393225495969e+00
5.478766383665440109e+00
5.486161864037354619e+00
5.471334456175588556e+00
5.434589349855999174e+00
5.376317108794768096e+00
5.296988273468507202e+00
5.197147715702068460e+00
5.077408925540812135e+00
4.938448301515432348e+00
4.780999452163352537e+00
4.605847598156034728e+00
4.413824200097181460e+00
4.205801758331322304e+00
3.982688864060186074e+00
3.745425639533421336e+00
3.494979383461353173e+00
3.232340663849113227e+00
2.958519725387215082e+00
2.674543267288849169e+00
2.381451582397099198e+00
2.080296054218579993e+00
1.772136973566023954e+00
1.458041674764816387e+00
1.139082951141647149e+00
8.163377049074661551e-01
4.908858168857571647e-01
1.638091758546476595e-01
-1.638091757596202291e-01
-4.908858172266435393e-01
-8.163377051947968699e-01
-1.139082951751200001e+00
-1.458041674900281359e+00
-1.772136971613103462e+00
-2.080296052141299423e+00
-2.381451584186953685e+00
-2.674543266960745846e+00
-2.958519726257432758e+00
-3.232340665182341422e+00
-3.494979385408505834e+00
-3.745425638426968629e+00
-3.982688865748271301e+00
-4.205801757543680353e+00
-4.413824201877346809e+00
-4.605847597190467546e+00
-4.780999450170932974e+00
-4.938448299055121282e+00
-5.077408926267536593e+00
-5.197147710244640173e+00
-5.296988275680333480e+00
-5.376317109260839722e+00
-5.434589345990625375e+00
-5.471334453690609223e+00
-5.486161864044955649e+00
-5.478766383121949524e+00
-5.448933393468448294e+00
-5.396543663821518066e+00
-5.321577762115938803e+00
-5.224119934475224269e+00
-5.104361435448113049e+00
-4.962603115587342018e+00
-4.799257342305416785e+00
-4.614849064935648393e+00
-4.410016086773866917e+00
-4.185508330940280075e+00
-3.942186262059922619e+00
-3.681018290821123529e+00
-3.403077206741927263e+00
-3.109535660457060757e+00
-2.801660667378895297e+00
-2.480807203125605209e+00
-2.148410904846362435e+00
-1.805979954240063190e+00
-1.455086213199441980e+00
-1.097355684081180227e+00
-7.344584027304906781e-01
-3.680978480961964450e-01
-5.994828616860116544e-15
-4.381698362804162760e-15
3.526760194691970218e-01
7.036865786346074847e-01
1.051377075808118677e+00
1.394114512900036518e+00
1.730297998345005972e+00
2.058368907780426138e+00
2.376820589275268070e+00
2.684207514891419954e+00
2.979153794693890411e+00
3.260360953899424707e+00
3.526614931452171309e+00
3.776792238514567135e+00
4.009865195990017561e+00
4.224906289485616639e+00
4.421091568911350578e+00
4.597703121002306048e+00
4.754130598842618127e+00
4.889871871514542612e+00
5.004532787054931653e+00
5.097826090717604508e+00
5.169569653459290315e+00
5.219683872087993670e+00
5.248188518160891824e+00
5.255198991543187148e+00
5.240922075380718859e+00
5.205651290489067051e+00
5.149761925993502132e+00
5.073705811528283149e+00
4.978005922312558340e+00
4.863250895340005542e+00
4.730089518070191623e+00
4.579225274010378044e+00
4.411410987881973611e+00
4.227443636100302271e+00
4.028159376229292654e+00
3.814428829074422378e+00
3.587152648890091555e+00
3.347257410662476840e+00
3.095691840581499488e+00
2.833423377973181445e+00
2.561435095738086698e+00
2.280722983018809380e+00
1.992293533171753284e+00
1.697161674420679445e+00
1.396348999067917651e+00
1.090882241882528358e+00
7.817920162154704533e-01
4.701117360723843785e-01
1.568767018740732377e-01
-1.568767018741818731e-01
-4.701117360047225580e-01
-7.817920166445478936e-01
-1.090882241986248724e+00
-1.396348999028696136e+00
-1.697161674850552915e+00
-1.992293532221201646e+00
-2.280722982350769978e+00
-2.561435095281126006e+00
-2.833423375869597027e+00
-3.095691841120047805e+00
-3.347257411632795776e+00
-3.587152649709332231e+00
-3.814428828064974741e+00
-4.028159375539827280e+00
-4.227443637171503177e+00
-4.411410985840169552e+00
-4.579225273040600896e+00
-4.730089519822790578e+00
-4.863250893577239609e+00
-4.978005922460148724e+00
-5.073705813378624363e+00
-5.149761925671036522e+00
-5.205651291524126201e+00
-5.240922076860742962e+00
-5.255198989345039706e+00
-5.248188518608286834e+00
-5.219683870244474555e+00
-5.169569649958715374e+00
-5.097826089694046381e+00
-5.004532779647753671e+00
-4.889871874115876871e+00
-4.754130602387105498e+00
-4.597703122520396590e+00
-4.421091570569931406e+00
-4.224906290563458455e+00
-4.009865195306852925e+00
-3.776792237780728367e+00
-3.526614934459904482e+00
-3.260360953329347389e+00
-2.979153793676669437e+00
-2.684207514765172053e+00
-2.376820588060153394e+00
-2.058368908638545491e+00
-1.730297999447083956e+00
-1.394114513721529613e+00
-1.051377075780092651e+00
-7.036865780316597929e-01
-3.526760195518840457e-01
-5.743814791502539097e-15
-4.198350236837130072e-15
3.379077893016081968e-01
6.742189529595661313e-01
1.007347292407551498e+00
1.335727349601730563e+00
1.657824479198369838e+00
1.972144624520427492e+00
2.277243610155091691e+00
2.571735935323244515e+00
2.854302946441678923e+00
3.123700279326013352e+00
3.378764612640847265e+00
3.618419511651156384e+00
3.841680496650787813e+00
4.047659206202848914e+00
4.235566627512072913e+00
4.404715478311364230e+00
4.554521660850233467e+00
4.684504857703696956e+00
4.794288313916935884e+00
4.883597770259920701e+00
4.952259740045004577e+00
5.000199027694126386e+00
5.027435667354964721e+00
5.034081333693626092e+00
5.020335231400386178e+00
4.986479677336721039e+00
4.932875260290021657e+00
4.859955833938862213e+00
4.768223362947678012e+00
4.658242639840504573e+00
4.530635967389130769e+00
4.386077955111461257e+00
4.225290367136081748e+00
4.049037140627369524e+00
3.858119624281113769e+00
3.653372056383780819e+00
3.435657314091046022e+00
3.205862980324926781e+00
2.964897717327000581e+00
2.713687998517020361e+00
2.453175174464256258e+00
2.184312812480591059e+00
1.908064484513050552e+00
1.625401721486903872e+00
1.337302361868046630e+00
1.044749095461123378e+00
7.487282701664988993e-01
4.502288670179678265e-01
1.502416395982166530e-01
-1.502416393962243968e-01
-4.502288663306991956e-01
-7.487282695289161349e-01
-1.044749095688944029e+00
-1.337302360603245477e+00
-1.625401726072188469e+00
-1.908064484714390607e+00
-2.184312813156348732e+00
-2.453175173921219088e+00
-2.713687999469169387e+00
-2.964897715677438761e+00
-3.205862977648884726e+00
-3.435657314518584915e+00
-3.653372063036069317e+00
-3.858119626520381207e+00
-4.049037136783232071e+00
-4.225290367089828081e+00
-4.386077954938119028e+00
-4.530635965450818148e+00
-4.658242641121472793e+00
-4.768223371024824964e+00
-4.859955833772049871e+00
-4.932875254555098898e+00
-4.986479683506933824e+00
-5.020335231978754642e+00
-5.034081323465716018e+00
-5.027435665186645863e+00
-5.000199021503526353e+00
-4.952259732659862301e+00
-4.883597774403076741e+00
-4.794288316209470935e+00
-4.684504858607572153e+00
-4.554521668183133976e+00
-4.404715475993636886e+00
-4.235566630399500099e+00
-4.047659203508414905e+00
-3.841680496555072377e+00
-3.618419512291357165e+00
-3.378764614729360183e+00
-3.123700279040615424e+00
-2.854302944417416388e+00
-2.571735937733081290e+00
-2.277243610722339717e+00
-1.972144625302660881e+00
-1.657824478554124292e+00
-1.335727349698492494e+00
-1.007347293431211321e+00
-6.742189536807863259e-01
-3.379077887312931794e-01
-5.503428926527335458e-15
-4.022702091038124472e-15
3.237605226473345699e-01
6.459904057030279034e-01
9.651690200206680670e-01
1.279795643548268469e+00
1.588399145999968010e+00
1.889547340461690483e+00
2.181855944799449443e+00
2.463996978409756622e+00
2.734706636023844339e+00
2.992792424640541071e+00
3.237139587991911149e+00
3.466716806004520368e+00
3.680580977210440974e+00
3.877881215954106953e+00
4.057861956584581264e+00
4.219865248168801486e+00
4.363332076934316461e+00
4.487803018437063862e+00
4.592917894811153090e+00
4.678414885910123999e+00
4.744128722276862220e+00
4.789988379530083940e+00
4.816014086566295482e+00
4.822313900158066602e+00
4.809079717437191093e+00
4.776583041687889164e+00
4.725170326321356917e+00
4.655258188807285258e+00
4.567328397760348047e+00
4.461922854893328072e+00
4.339638473633015359e+00
4.201122165607430681e+00
4.047065910837265079e+00
3.878201984211906428e+00
3.695298377867888284e+00
3.499154467827590764e+00
3.290596947832207686e+00
3.070476035928790370e+00
2.839662067400824608e+00
2.599042279661281096e+00
2.349518050884680687e+00
2.092002404529754056e+00
1.827417791049070317e+00
1.556694234805099386e+00
1.280767699600280363e+00
1.000578741786759984e+00
7.170713650577207332e-01
4.311920411156867083e-01
1.438889152316386033e-01
-1.438889152849302799e-01
-4.311920411681957055e-01
-7.170713640913829456e-01
-1.000578741849950548e+00
-1.280767698487238704e+00
-1.556694232155882318e+00
-1.827417794535924012e+00
-2.092002404256031678e+00
-2.349518051370768301e+00
-2.599042274968229371e+00
-2.839662062002804355e+00
-3.070476036529739439e+00
-3.290596943202131808e+00
-3.499154467870600804e+00
-3.695298377592584949e+00
-3.878201984170090100e+00
-4.047065910139991729e+00
-4.201122165091703664e+00
-4.339638472949227221e+00
-4.461922862642206944e+00
-4.567328397995765066e+00
-4.655258183281475226e+00
-4.725170324569516467e+00
-4.776583048252704522e+00
-4.809079719521786700e+00
-4.822313899336480247e+00
-4.816014088814488225e+00
-4.789988378857107598e+00
-4.744128721746464272e+00
-4.678414884829757092e+00
-4.592917896192619587e+00
-4.487803009113620512e+00
-4.363332076417086647e+00
-4.219865241886775031e+00
-4.057861956434762440e+00
-3.877881209888150771e+00
-3.680580976597989551e+00
-3.466716807442913773e+00
-3.237139587563582666e+00
-2.992792420857283364e+00
-2.734706636890928966e+00
-2.463996978462917653e+00
-2.181855941367356166e+00
-1.889547340185619984e+00
-1.588399144526660978e+00
-1.279795643577818831e+00
-9.651690202671160401e-01
-6.459904053920630940e-01
-3.237605224003215487e-01
-5.273141292810974190e-15
-3.854383956341624622e-15
3.102043152952392302e-01
6.189412624765814330e-01
9.247530821777997234e-01
1.226201126716228940e+00
1.521875151787659641e+00
1.810402305935541190e+00
2.090455707321244194e+00
2.360762537686349916e+00
2.620111550271169598e+00
2.867359955939523974e+00
3.101439586287255246e+00
3.321362313901264685e+00
3.526224678849448235e+00
3.715211692200629301e+00
3.887599847490872840e+00
4.042759228938526128e+00
4.180154884731328124e+00
4.299347310924276577e+00
4.399992238990112270e+00
4.481839674172181098e+00
4.544732188823638275e+00
4.588602693811952626e+00
4.613471580718319309e+00
4.619443359159500773e+00
4.606702887522264867e+00
4.575511250558032650e+00
4.526201325610510473e+00
4.459173135818547351e+00
4.374889096208794292e+00
4.273869108782396786e+00
4.156685714542322607e+00
4.023959274726956359e+00
3.876353203449951046e+00
3.714569414584318441e+00
3.539343928187650423e+00
3.351442703789350830e+00
3.151657768041905339e+00
2.940803561625967344e+00
2.719713678656271671e+00
2.489237795343972603e+00
2.250239036741386922e+00
2.003591563145508569e+00
1.750178492083972692e+00
1.490890096557353273e+00
1.226622281229347244e+00
9.582752768333061555e-01
6.867525519515309540e-01
4.129599136074981192e-01
1.378047308837314633e-01
-1.378047308665524273e-01
-4.129599137114365881e-01
-6.867525513120222858e-01
-9.582752751935734725e-01
-1.226622281850249463e+00
-1.490890096105749629e+00
-1.750178490576844048e+00
-2.003591562895388645e+00
-2.250239038097221478e+00
-2.489237797288338161e+00
-2.719713678001205004e+00
-2.940803564636369050e+00
-3.151657766612355527e+00
-3.351442705994684079e+00
-3.539343927690056457e+00
-3.714569418407732915e+00
-3.876353206817726882e+00
-4.023959274234277572e+00
-4.156685715736993636e+00
-4.273869105947319724e+00
-4.374889096951307899e+00
-4.459173138415530424e+00
-4.526201327484716153e+00
-4.575511249288136462e+00
-4.606702891838577507e+00
-4.619443355107713423e+00
-4.613471579564603964e+00
-4.588602693044436798e+00
-4.544732180717753423e+00
-4.481839672532249352e+00
-4.399992241238128265e+00
-4.299347307473779800e+00
-4.180154882298064756e+00
-4.042759228497550872e+00
-3.887599840176871879e+00
-3.715211690172450343e+00
-3.526224674642078227e+00
-3.321362311963373060e+00
-3.101439588282075110e+00
-2.867359956715598290e+00
-2.620111551138045058e+00
-2.360762536320859972e+00
-2.090455707832685750e+00
-1.810402305450051985e+00
-1.521875150761049955e+00
-1.226201127743191677e+00
-9.247530827843147838e-01
-6.189412628419419526e-01
-3.102043154381121659e-01
-5.052466431047702427e-15
-3.693054839928521553e-15
2.972116117894620380e-01
0.000000000000000000e+00
8.860173079278406139e-01
1.174834808119177731e+00
1.458117190394114582e+00
1.734548490406191190e+00
2.002856881624988983e+00
2.261822417199939483e+00
2.510284265699485040e+00
2.747147274511761328e+00
2.971387923585203872e+00
3.182059496359626038e+00
3.378296506249294673e+00
3.559318384393407531e+00
3.724432291367793635e+00
3.873035200857031679e+00
4.004615147260122576e+00
4.118751729342158718e+00
4.215115857971754032e+00
4.293468830273053705e+00
4.353660711391325044e+00
4.395628136041714207e+00
4.419391582150355546e+00
4.425052120304284742e+00
4.412787818221743485e+00
4.382849732462469561e+00
4.335557662753137365e+00
4.271295708317762951e+00
4.190507674200525834e+00
4.093692345964170087e+00
3.981398898297565658e+00
3.854222198676620081e+00
3.712798256263808661e+00
3.557799874837828558e+00
3.389932419536048513e+00
3.209929825583990315e+00
3.018550891705165551e+00
2.816575775780086222e+00
2.604802861412463422e+00
2.384045867876072755e+00
2.155131256091445735e+00
1.918895986074333981e+00
1.676185504165307760e+00
1.427852038815890179e+00
1.174753129425457843e+00
9.177504049061420144e-01
6.577085416347228097e-01
3.954944207645749721e-01
1.319763837382269267e-01
-1.319763836352026154e-01
-3.954944209204308558e-01
-6.577085420963564300e-01
-9.177504039359278831e-01
-1.174753129741372248e+00
-1.427852039528580530e+00
-1.676185505661916597e+00
-1.918895986330951597e+00
-2.155131255930241352e+00
-2.384045868365803234e+00
-2.604802866104689141e+00
-2.816575774106965913e+00
-3.018550889612412469e+00
-3.209929825459725716e+00
-3.389932417883621429e+00
-3.557799879066695148e+00
-3.712798255213458631e+00
-3.854222197115957371e+00
-3.981398899385832024e+00
-4.093692344253017978e+00
-4.190507665108541779e+00
-4.271295704218130318e+00
-4.335557657786801578e+00
-4.382849726442814564e+00
-4.412787816833763088e+00
-4.425052117899393345e+00
-4.419391577724494979e+00
-4.395628138004878949e+00
-4.353660708649539579e+00
-4.293468828953082905e+00
-4.215115854409168250e+00
-4.118751729194693567e+00
-4.004615151040834320e+00
-3.873035203866086906e+00
-3.724432293533638028e+00
-3.559318383110699369e+00
-3.378296503949160368e+00
-3.182059491520669248e+00
-2.971387923865099978e+00
-2.747147275113052345e+00
-2.510284264895234596e+00
-2.261822417172068445e+00
-2.002856882049323328e+00
-1.734548491711223051e+00
-1.458117189474030795e+00
-1.174834809751671649e+00
-8.860173079984030586e-01
-5.930165353989594879e-01
-2.972116120364167724e-01
-4.840956923822801250e-15
-3.538398838784813300e-15
2.847568884084172858e-01
5.681652936155597855e-01
8.488855855068543343e-01
1.125595747019562554e+00
1.396999934603458504e+00
1.661836753663205490e+00
1.918887167953687412e+00
2.166981949967742072e+00
2.405008590464875695e+00
2.631917636953644113e+00
2.846728356184629494e+00
3.048533724550183344e+00
3.236504673791681164e+00
3.409893585884450573e+00
3.568037029379806935e+00
3.710357710211465765e+00
3.836365682888975392e+00
3.945658812247307079e+00
4.037922536843456811e+00
4.112928945998758579e+00
4.170535224326681778e+00
4.210681537507495520e+00
4.233388403155790236e+00
4.238753563699415139e+00
4.226948506840885855e+00
4.198214645969295944e+00
4.152859214911226893e+00
4.091250985909220539e+00
4.013815883425015940e+00
3.921032454414567159e+00
3.813427403764664270e+00
3.691571138289988951e+00
3.556073398602928481e+00
3.407579067644038506e+00
3.246764100593452884e+00
3.074331749860438112e+00
2.891008933717979179e+00
2.697542977530432928e+00
2.494698530768502120e+00
2.283254832743249807e+00
2.064003253561535800e+00
1.837745109668039278e+00
1.605289769940416944e+00
1.367453025436243808e+00
1.125055686364365037e+00
8.789224202985993495e-01
6.298807671326565050e-01
3.787603389984134927e-01
1.263921183765861767e-01
-1.263921184105915307e-01
-3.787603388179418551e-01
-6.298807683774313437e-01
-8.789224191310506251e-01
-1.125055687327175091e+00
-1.367453025717417336e+00
-1.605289769533497557e+00
-1.837745108381265480e+00
-2.064003252611519734e+00
-2.283254833261791905e+00
-2.494698531032283562e+00
-2.697542978498178368e+00
-2.891008933824685823e+00
-3.074331745585233477e+00
-3.246764099792485592e+00
-3.407579064533715840e+00
-3.556073399026033144e+00
-3.691571141007256696e+00
-3.813427402520319642e+00
-3.921032450636288136e+00
-4.013815879068881820e+00
-4.091250983748969006e+00
-4.152859210545089219e+00
-4.198214646247763859e+00
-4.226948508363294721e+00
-4.238753566317067012e+00
-4.233388403587535542e+00
-4.210681542203409400e+00
-4.170535224202787994e+00
-4.112928946580403533e+00
-4.037922540093312307e+00
-3.945658812282196060e+00
-3.836365682787167053e+00
-3.710357712410570219e+00
-3.568037032772773287e+00
-3.409893586833604218e+00
-3.236504671510652020e+00
-3.048533725424031449e+00
-2.846728354370185343e+00
-2.631917635750408824e+00
-2.405008592706924020e+00
-2.166981950957230119e+00
-1.918887169119073643e+00
-1.661836752628982117e+00
-1.396999934189684822e+00
-1.125595747040366579e+00
-8.488855856027678337e-01
-5.681652932852923055e-01
-2.847568886093352347e-01
-4.638198292881868063e-15
-3.390121805783329830e-15
2.728163839761534315e-01
5.443401210169649396e-01
8.132870625255239627e-01
1.078389967092246327e+00
1.338406712081638528e+00
1.592128250554836866e+00
1.838386180338512199e+00
2.076059912873883917e+00
2.304083289371955168e+00
2.521450663775733680e+00
2.727222348326578505e+00
2.920529366936396531e+00
3.100577553851136869e+00
3.266650887224101574e+00
3.418114083733127195e+00
3.554414519821453400e+00
3.675083327505542563e+00
3.779735863741759072e+00
3.868071443356624339e+00
3.939872467804022449e+00
3.995002917841160794e+00
4.033406299905779591e+00
4.055103126080942033e+00
4.060187898545104090e+00
4.048825768688071314e+00
4.021248839694588462e+00
3.977752273493690538e+00
3.918690111296728951e+00
3.844471107397485987e+00
3.755554346010054889e+00
3.652444986857743547e+00
3.535689962144044074e+00
3.405873803570572456e+00
3.263614596201144025e+00
3.109560119846104254e+00
2.944384175502885892e+00
2.768783159008036510e+00
2.583472895140662029e+00
2.389185708669002928e+00
2.186667813937170468e+00
1.976676940585130327e+00
1.759980274570729808e+00
1.537352630218014937e+00
1.309574891987097978e+00
1.077432698331075356e+00
8.417153249741223808e-01
6.032147528536014880e-01
3.627249062602892482e-01
1.210410018526047460e-01
-1.210410019009212773e-01
-3.627249064922717925e-01
-6.032147530060848473e-01
-8.417153243844491817e-01
-1.077432698172420045e+00
-1.309574890209045828e+00
-1.537352628847537650e+00
-1.759980276075984618e+00
-1.976676940871423982e+00
-2.186667811098502945e+00
-2.389185707210083720e+00
-2.583472891974229135e+00
-2.768783162455240365e+00
-2.944384174936676590e+00
-3.109560117153635783e+00
-3.263614594894435061e+00
-3.405873804641271985e+00
-3.535689965774247323e+00
-3.652444981574478611e+00
-3.755554345496427970e+00
-3.844471108814096372e+00
-3.918690116973023052e+00
-3.977752269807933061e+00
-4.021248843657207139e+00
-4.048825765295959833e+00
-4.060187896606608504e+00
-4.055103120418853457e+00
-4.033406301846210518e+00
-3.995002912256830907e+00
-3.939872466687323271e+00
0.000000000000000000e+00
-3.779735863430855769e+00
-3.675083327396003519e+00
-3.554414516463358265e+00
-3.418114081414174166e+00
-3.266650888122674345e+00
-3.100577559105179848e+00
-2.920529368846620066e+00
-2.727222351159803715e+00
-2.521450666988184430e+00
-2.304083290825848174e+00
-2.076059913467822593e+00
-1.838386179743398241e+00
-1.592128249501793658e+00
-1.338406712593088299e+00
-1.078389966329700300e+00
-8.132870644315816078e-01
-5.443401214500781515e-01
-2.728163841092862141e-01
-4.443804622020754876e-15
-3.247948620725156546e-15
2.613678771620276398e-01
5.214966759427819287e-01
7.791554762293686487e-01
1.033129581070044933e+00
1.282228416237529922e+00
1.525293135684204771e+00
1.761203919345218472e+00
1.988886826024181209e+00
2.207320156532008415e+00
2.415540276738109338e+00
2.612646848861794879e+00
2.797807383981525842e+00
2.970261167010123771e+00
3.129322459411195467e+00
3.274382964572997157e+00
3.404913684139274643e+00
3.520465930407565835e+00
3.620671797692865290e+00
3.705243894863892606e+00
3.773974455416994722e+00
3.826733943592809162e+00
3.863469043229988298e+00
3.884200191325356322e+00
3.889018767119987618e+00
3.878083798484051492e+00
3.851618428422995510e+00
3.809906192287140669e+00
3.753286995879268950e+00
3.682153061245685866e+00
3.596944817162464503e+00
3.498146721041005325e+00
3.386283182791117063e+00
3.261914534502136753e+00
3.125633176152726289e+00
2.978059848219941408e+00
2.819840115102144829e+00
2.651641107173221545e+00
2.474148449912568992e+00
2.288063502614709144e+00
2.094100812454199989e+00
1.892985896944738400e+00
1.685453226208539768e+00
1.472244511771730435e+00
1.254107217557409504e+00
1.031793288867495884e+00
8.060581030787068446e-01
5.776595915157366479e-01
3.473575069247557545e-01
1.159128167873302723e-01
-1.159128169818537807e-01
-3.473575071251263635e-01
-5.776595914292068645e-01
-8.060581028314440788e-01
-1.031793288254156504e+00
-1.254107215274451903e+00
-1.472244512722140186e+00
-1.685453226768630852e+00
-1.892985896538467605e+00
-2.094100813925694027e+00
-2.288063502042483766e+00
-2.474148453442464479e+00
-2.651641109197346413e+00
-2.819840114278154619e+00
-2.978059847473368382e+00
-3.125633175686217236e+00
-3.261914537976691619e+00
-3.386283180580802021e+00
-3.498146724769099603e+00
-3.596944815960974928e+00
-3.682153058764957798e+00
-3.753286995654866232e+00
-3.809906192476185893e+00
-3.851618432581703999e+00
-3.878083794376219640e+00
-3.889018762395875850e+00
-3.884200184983917836e+00
-3.863469035125894901e+00
-3.826733943634819557e+00
-3.773974458412038935e+00
-3.705243893639724284e+00
-3.620671802551812313e+00
-3.520465928833486746e+00
-3.404913681300876682e+00
-3.274382966882213086e+00
-3.129322454459710023e+00
-2.970261169688305891e+00
-2.797807381129120419e+00
-2.612646846659770539e+00
-2.415540276106217465e+00
-2.207320153145649222e+00
-1.988886826804890040e+00
-1.761203919114329386e+00
-1.525293135881891526e+00
-1.282228415602989280e+00
-1.033129581725185098e+00
-7.791554761000415441e-01
-5.214966758410261027e-01
-2.613678774928664961e-01
-4.257414973958368914e-15
-3.111620794060028567e-15
2.503904955564267287e-01
4.995933083788646201e-01
7.464285867958343479e-01
9.897320483978092609e-01
1.228362563651513639e+00
1.461209458267615835e+00
1.687199508099732181e+00
1.905303519681180058e+00
2.114542435491288508e+00
2.313992915668389383e+00
2.502792356907276083e+00
2.680143257159291803e+00
2.845316972748764606e+00
2.997656778424324209e+00
3.136580257683751150e+00
3.261581024834750764e+00
3.372229734433564996e+00
3.468174501817476330e+00
3.549140637310623791e+00
3.614929786932783884e+00
3.665418582601514874e+00
3.700556706066118196e+00
3.720364532707997718e+00
3.724930358209993297e+00
3.714407319629424720e+00
3.689009943676931247e+00
3.649010559124498343e+00
3.594735484439733675e+00
3.526561081679309595e+00
3.444909841865301026e+00
3.350246360252248756e+00
3.243073419644324940e+00
3.123928149173462288e+00
2.993378288427330336e+00
2.852018649418968987e+00
2.700467729103222858e+00
2.539364582582376517e+00
2.369365904274862267e+00
2.191143355030714002e+00
2.005381149692673226e+00
1.812773923063654813e+00
1.614024811483846245e+00
1.409843815413888590e+00
1.200946373777889153e+00
9.880521654157297107e-01
7.718841061916801305e-01
5.531675113487219964e-01
3.326294112673325309e-01
1.109979756007975216e-01
-1.109979755743893820e-01
-3.326294112275618442e-01
-5.531675114111295199e-01
-7.718841061494419176e-01
-9.880521657022562909e-01
-1.200946374230748681e+00
-1.409843815033047676e+00
-1.614024810566037527e+00
-1.812773922307377772e+00
-2.005381149177842826e+00
-2.191143354542689270e+00
-2.369365905340427680e+00
-2.539364582220622335e+00
-2.700467727925117689e+00
-2.852018648317232064e+00
-2.993378289036761064e+00
-3.123928146222385571e+00
-3.243073421397708156e+00
-3.350246359202669666e+00
-3.444909842114880938e+00
-3.526561080157708084e+00
-3.594735478521467797e+00
-3.649010559454270552e+00
-3.689009943840368067e+00
-3.714407317763289917e+00
-3.724930363545110090e+00
-3.720364527504205210e+00
-3.700556706862924372e+00
-3.665418587111642701e+00
-3.614929789289737627e+00
-3.549140632617858948e+00
-3.468174502300336748e+00
-3.372229739310323993e+00
-3.261581021406196434e+00
-3.136580259066184428e+00
-2.997656775840396470e+00
-2.845316976245017671e+00
-2.680143258875086865e+00
-2.502792357819868307e+00
-2.313992916636860020e+00
-2.114542433884011086e+00
-1.905303520236983239e+00
-1.687199509427225630e+00
-1.461209459285939927e+00
-1.228362562674853553e+00
-9.897320496312832505e-01
-7.464285854447635371e-01
-4.995933085688384345e-01
-2.503904956886036648e-01
-4.078690244161268071e-15
-2.980894598104726342e-15
2.398645606215620840e-01
4.785907507091672897e-01
7.150477137441040298e-01
9.481195407088045535e-01
1.176712534165808677e+00
1.399762236862724718e+00
1.616240123663077233e+00
1.825159925703834674e+00
2.025583484037693616e+00
2.216626109502835451e+00
2.397461379579751029e+00
2.567325339792773331e+00
2.725520096965712291e+00
2.871416734365927148e+00
3.004457637154604566e+00
3.124158085900226034e+00
3.230107262151386216e+00
3.321968611769393842e+00
3.399479586200243819e+00
3.462450848009539062e+00
3.510764898079864249e+00
3.544374256735513651e+00
3.563299185497672550e+00
3.567625023287002595e+00
3.557499195951106419e+00
3.533127939077109314e+00
3.494772812795223782e+00
3.442747055000161982e+00
3.377411813538474306e+00
3.299172335567694514e+00
3.208474152233915522e+00
3.105799294432169066e+00
2.991662612325042936e+00
2.866608208267592772e+00
2.731206007508891975e+00
2.586048558032936651e+00
2.431748004132554986e+00
2.268933288119091340e+00
2.098247614088053936e+00
1.920346122022236646e+00
1.735893858913854837e+00
1.545563936381870507e+00
1.350035972290656305e+00
1.149994728475873584e+00
9.461289793670790704e-01
7.391305438339371703e-01
5.296935041535077993e-01
3.185135502405699870e-01
1.062874446175618853e-01
-1.062874446443442256e-01
-3.185135503119947420e-01
-5.296935032489953343e-01
-7.391305429050372133e-01
-9.461289786640347810e-01
-1.149994727376139725e+00
-1.350035970730738333e+00
-1.545563935815663870e+00
-1.735893859989627863e+00
-1.920346120676903467e+00
-2.098247611074402386e+00
-2.268933289026051625e+00
-2.431748004430578813e+00
-2.586048558725685176e+00
-2.731206006838172051e+00
-2.866608207913293072e+00
-2.991662615787453294e+00
-3.105799294738819771e+00
-3.208474151004015784e+00
-3.299172336417995233e+00
-3.377411813105431815e+00
-3.442747055097196807e+00
-3.494772814488171786e+00
-3.533127935638720185e+00
-3.557499194325710157e+00
-3.567625023549697350e+00
-3.563299189523261301e+00
-3.544374251999033998e+00
-3.510764894429359018e+00
-3.462450854547414192e+00
-3.399479586601313219e+00
-3.321968610362385999e+00
-3.230107262660581569e+00
-3.124158083365108585e+00
-3.004457636865847103e+00
-2.871416737349378412e+00
-2.725520095157166978e+00
-2.567325338451543537e+00
-2.397461378437411472e+00
-2.216626109051994753e+00
-2.025583482971028193e+00
-1.825159925261488292e+00
-1.616240124041141479e+00
-1.399762236905289114e+00
-1.176712535606972532e+00
-9.481195409135417806e-01
-7.150477129492548434e-01
-4.785907501652825191e-01
-2.398645606533237884e-01
-3.907310706941676055e-15
