4.093773832485000930e-02
3.952416296017606523e-02
3.775497413732465529e-02
3.563613941659768414e-02
3.317975648330730859e-02
3.040502344398380088e-02
2.733925531888385316e-02
2.401889108667051159e-02
2.049042268486694213e-02
1.681113771860335421e-02
1.304953765856739500e-02
9.285251877307080723e-03
5.608236415406140860e-03
2.117019722148264730e-03
-1.084231908765186971e-03
-3.890013870815521146e-03
-6.199214871225327758e-03
-7.922168826085792051e-03
-8.988652852939484419e-03
-9.356150083295053724e-03
-9.017395160127204129e-03
-8.006008628724503237e-03
-6.399001321468337708e-03
-4.315165418776502337e-03
-1.908891731108523131e-03
6.403148685596972639e-04
3.141554241948227907e-03
5.407768213224308299e-03
7.270462395522538437e-03
8.591987657764961137e-03
9.273958524328556816e-03
9.261133545241537202e-03
8.540870924758772048e-03
7.138915039452478628e-03
5.112649781656463874e-03
2.543055818086801222e-03
-4.735254130320047878e-04
-3.832981504847312888e-03
-7.429850129340717819e-03
-1.116233495168654152e-02
-1.493590576741893501e-02
-1.866561556376307787e-02
-2.227734933304327189e-02
-2.570823747638141879e-02
-2.890646674404645858e-02
-3.183067892855119541e-02
-3.444911982905042580e-02
-3.673866101334754414e-02
-3.868377986524219186e-02
-4.027556114058213760e-02
-4.151075853561747575e-02
-4.239093856277972860e-02
-4.292171899481608821e-02
-4.311210578393932791e-02
-4.297392425851789821e-02
-4.252134431761096789e-02
-4.177048651553025294e-02
-4.073910323044248327e-02
-3.944632294268227146e-02
-3.791244633789346563e-02
-3.615877638132643235e-02
-3.420746625089231968e-02
-3.208136177142310169e-02
-2.980381147271671249e-02
-2.739841389351721848e-02
-2.488867043076871052e-02
-2.229751801597139663e-02
-1.964672604966168426e-02
-1.695617198599155134e-02
-1.424304449966110400e-02
-1.152107400614810553e-02
-8.799932127766094472e-03
-6.084966831147121426e-03
-3.377418005686386778e-03
-6.751893569862035946e-04
2.025867796102477983e-03
4.730331025972187020e-03
7.441509948010346237e-03
1.015996383408900028e-02
1.288245987063186410e-02
1.560148244872313142e-02
1.830527248430065257e-02
2.097828112414192037e-02
2.360187443011694391e-02
2.615513219124962832e-02
2.861561742280271936e-02
3.096004484663214540e-02
3.316481322159999662e-02
3.520641272412266404e-02
3.706171910205439263e-02
3.870821194528474563e-02
4.012414420436247880e-02
4.128869462600305573e-02
4.218212560212816070e-02
4.278596815051301239e-02
4.308325035960187260e-02
4.305878257636946982e-02
4.269951321076471962e-02
4.199496132136510546e-02
4.093773834036409931e-02
4.231735385224624779e-02
4.085404516204065029e-02
3.902017416314925574e-02
3.682205865076106782e-02
3.427242274809328554e-02
3.139140345790246422e-02
2.820760036250634720e-02
2.475911811860301986e-02
2.109452385815111311e-02
1.727361135822998855e-02
1.336782606271137361e-02
9.460165930669587817e-03
5.644336513482406566e-03
2.022917557165458680e-03
-1.295699002080220961e-03
-4.201784264679954244e-03
-6.590235852592015928e-03
-8.367907715276567959e-03
-9.461918095225120909e-03
-9.828227815009867030e-03
-9.459468592569603151e-03
-8.390783092298778612e-03
-6.702411803047381329e-03
-4.518009698976085259e-03
-1.998214176388315305e-03
6.702501760929394396e-04
3.288822840300024281e-03
5.662933794215845203e-03
7.617295293280606887e-03
9.008661634959225228e-03
9.734580865177299216e-03
9.737436876552103826e-03
9.003897273523185293e-03
7.560550659327833732e-03
5.466910081725644653e-03
2.807065230769840818e-03
-3.188695791428636564e-04
-3.802642264513142467e-03
-7.534539848037222730e-03
-1.140860864950812500e-02
-1.532640532819847315e-02
-1.919941703207164035e-02
-2.295036805989098677e-02
-2.651366413633828370e-02
-2.983520298358755332e-02
-3.287175932397926048e-02
-3.559010811619508358e-02
-3.796601335293431356e-02
-3.998317394063602426e-02
-4.163219053757808569e-02
-4.290959359500434722e-02
-4.381695753138267757e-02
-4.436011287047155610e-02
-4.454846015056230374e-02
-4.439438435406357214e-02
-4.391276450428869410e-02
-4.312057002237563996e-02
-4.203653588514903727e-02
-4.068090246666574566e-02
-3.907520927521258153e-02
-3.724212454799445682e-02
-3.520528465097592236e-02
-3.298913547261339563e-02
-3.061872087949484011e-02
-2.811940210113378358e-02
-2.551646452547187346e-02
-2.283458431429371063e-02
-2.009713244207269461e-02
-1.732534004235040601e-02
-1.453737630382004840e-02
-1.174745500024486355e-02
-8.965135321348609992e-03
-6.195008411699269406e-03
-3.436939282685731994e-03
-6.869512585420046351e-04
2.061296698944488012e-03
4.814639879025283883e-03
7.578452654405198712e-03
1.035494130993468674e-02
1.314194777521105612e-02
1.593238892263521347e-02
1.871431047653297416e-02
2.147141712570375602e-02
2.418389187367163753e-02
2.682932139365875809e-02
2.938358689586506242e-02
3.182162978208015469e-02
3.411806971226493540e-02
3.624766279066427010e-02
3.818563523122714409e-02
3.990792129406264821e-02
4.139135115073474397e-02
4.261380053070632640e-02
4.355435613896857516e-02
4.419350163823141525e-02
4.451334853256016383e-02
4.449792718925526386e-02
4.413355006234830069e-02
4.340925727230156295e-02
4.231735384609926209e-02
4.371775999116377792e-02
4.220528226236531372e-02
4.030661841577037191e-02
3.802845037927552602e-02
3.538414126018021161e-02
3.239480313777197418e-02
2.909037260507309208e-02
2.551068364795424509e-02
2.170646095992213864e-02
1.774010532662570125e-02
1.368611693196607020e-02
9.630997118674112720e-03
5.672345547322409261e-03
1.916956715311972674e-03
-1.522395690494307736e-03
-4.531592527566566039e-03
-7.001386954275301208e-03
-8.835016261425571518e-03
-9.956837476584316782e-03
-1.032122553048458492e-02
-9.920697661321354471e-03
-8.791970068925849049e-03
-7.018625133534402843e-03
-4.729354342443084155e-03
-2.091265994095404656e-03
7.014344492111715358e-04
3.442249150029536627e-03
5.928824507300920962e-03
7.978834927198332622e-03
9.443236485899741267e-03
1.021536778260090893e-02
1.023515647297902793e-02
9.488560422697515928e-03
8.003049795029807539e-03
5.840352609002941869e-03
3.087787777880560136e-03
-1.506098722896936091e-04
-3.762290369235005150e-03
-7.633123080586157010e-03
-1.165284087732387265e-02
-1.571893482782293211e-02
-1.973917793258444728e-02
-2.363301971735159643e-02
-2.733203077878521361e-02
-3.077972871870975763e-02
-3.393094428382499583e-02
-3.675093734768659914e-02
-3.921430863953143109e-02
-4.130395124349958702e-02
-4.300997586974520531e-02
-4.432868406843137876e-02
-4.526167235866059013e-02
-4.581500619774207805e-02
-4.599850725301867643e-02
-4.582516987055894331e-02
-4.531063941090650304e-02
-4.447280334358980763e-02
-4.333146845604402692e-02
-4.190808147825243746e-02
-4.022553751751146295e-02
-3.830799878995035795e-02
-3.618073820891808817e-02
-3.386996686964788283e-02
-3.140260629385598773e-02
-2.880597413428899120e-02
-2.610733975017966862e-02
-2.333331126077411999e-02
-2.050903661758288199e-02
-1.765723962869496580e-02
-1.479715088576249310e-02
-1.194347151756688756e-02
-9.105557700833384616e-03
-6.287051028116182223e-03
-3.486149829748887673e-03
-6.966236689774507477e-04
2.090484607041361714e-03
4.884702321877765208e-03
7.693871669106260545e-03
1.052218171445412111e-02
1.336879295867852806e-02
1.622719568993808217e-02
1.908528192900086143e-02
2.192596522835514594e-02
2.472813327336615200e-02
2.746772027262053481e-02
3.011873737193524955e-02
3.265415757431492511e-02
3.504662281359052084e-02
3.726896491438608239e-02
3.929458735519049395e-02
4.109772186374824332e-02
4.265363143048647027e-02
4.393876856479037030e-02
4.493093703701901698e-02
4.560948429905042900e-02
4.595552249707502562e-02
4.595224109360171449e-02
4.558526500115479829e-02
4.484311111857245541e-02
4.371776004125072640e-02
4.513530214447467742e-02
4.357472411614218138e-02
4.161162473461495898e-02
3.925303768142465732e-02
3.651300459617635996e-02
3.341364469336854243e-02
2.998627956741829401e-02
2.627253046417086027e-02
2.232536469940818794e-02
1.820988772591403820e-02
1.400378795802962803e-02
9.797196450754596178e-03
5.691762185874135911e-03
1.798643368688491355e-03
-1.764819545505829246e-03
-4.879951744610827417e-03
-7.433200318776356057e-03
-9.324042456103348933e-03
-1.047395923499009306e-02
-1.083567093174966217e-02
-1.040157088389069735e-02
-9.209991951664714752e-03
-7.347974423418695243e-03
-4.949421795234231619e-03
-2.188145457528835845e-03
7.339005997282913377e-04
3.601994918410646868e-03
6.205720708496298595e-03
8.355460972574300926e-03
9.896170780599896494e-03
1.071683140443458436e-02
1.075483400805062918e-02
9.995409411816013820e-03
8.466955373724665765e-03
6.233502441268457678e-03
3.385732874974398728e-03
3.174916302510839063e-05
-3.711423927351169966e-03
-7.725079766641189914e-03
-1.189445371879922254e-02
-1.611281805134070003e-02
-2.028410818249335237e-02
-2.432434651827272004e-02
-2.816216866444642281e-02
-3.173861261493662878e-02
-3.500651411617291403e-02
-3.792952156661643509e-02
-4.048106450472190032e-02
-4.264320139600508153e-02
-4.440552342766886790e-02
-4.576411293448669898e-02
-4.672059611016873143e-02
-4.728129931664550728e-02
-4.745652140751274034e-02
-4.725990817312874376e-02
-4.670793389248285160e-02
-4.581949045993474745e-02
-4.461553849044886527e-02
-4.311885170671146683e-02
-4.135380779295601272e-02
-3.934621462070757303e-02
-3.712315141230256021e-02
-3.471278359757843518e-02
-3.214411771243596422e-02
-2.944665188605654141e-02
-2.664986793337545054e-02
-2.378252862781178242e-02
-2.087176147693824840e-02
-1.794194056224986469e-02
-1.501345034477751146e-02
-1.210148139952665902e-02
-9.215079725580398867e-03
-6.356709795018028290e-03
-3.522558621323549320e-03
-7.037035796224273875e-04
2.111927308258220153e-03
4.937064233630509592e-03
7.782491320674086131e-03
1.065477581941111883e-02
1.355468307400007309e-02
1.647644492541047723e-02
1.940785049656828035e-02
2.233097127983416086e-02
2.522327157885416102e-02
2.805885033756449001e-02
3.080963454499117959e-02
3.344640022690514164e-02
3.593958360292091869e-02
3.825987994935522996e-02
4.037866531912129991e-02
4.226829310338520856e-02
4.390229804641170713e-02
4.525556845205308543e-02
4.630450565487393561e-02
4.702721150335941597e-02
4.740372527998354402e-02
4.741631628462049386e-02
4.704986151255074328e-02
4.629232366262594350e-02
4.513530281759488283e-02
4.656552429311420355e-02
4.495852626291496623e-02
4.293190390943738693e-02
4.049306119855937414e-02
3.765671893076284749e-02
3.444603796644780946e-02
3.089376694864953005e-02
2.704340340529457626e-02
2.295023251555900617e-02
1.868216557728561225e-02
1.432018734418356691e-02
9.958214294127659683e-03
5.702093703485951875e-03
1.667523143906554173e-03
-2.023418939583309078e-03
-5.247319629736769964e-03
-7.886147591915870086e-03
-9.835471467024509487e-03
-1.101377510035410345e-02
-1.137205065687596495e-02
-1.090254048080627203e-02
-9.645244542568012086e-03
-7.690773207396976903e-03
-5.178423501397213385e-03
-2.288945799104675355e-03
7.676799244299701338e-04
3.768213944806471632e-03
6.493886782831892988e-03
8.747532123649544300e-03
1.036789165789139475e-02
1.123944229779065898e-02
1.129695869651222567e-02
1.052493561440939057e-02
8.952742767576070057e-03
6.646819015127175545e-03
3.701342169874569099e-03
2.286547439119420940e-04
-3.649582500987981308e-03
-7.809890777356619067e-03
-1.213284539627142861e-02
-1.650734148256320297e-02
-2.083330833979967628e-02
-2.502322263734398089e-02
-2.900268043993888337e-02
-3.271014761271148763e-02
-3.609636464974292497e-02
-3.912334232126521427e-02
-4.176327431549368974e-02
-4.399736185623823875e-02
-4.581468113344509124e-02
-4.721109272885326558e-02
-4.818827519102553136e-02
-4.875284455634921327e-02
-4.891560964391282462e-02
-4.869093628813205704e-02
-4.809620378251055345e-02
-4.715139225400632322e-02
-4.587873075290496011e-02
-4.430244227123359552e-02
-4.244853449907862869e-02
-4.034463152503282163e-02
-3.801981140297102518e-02
-3.550441201480939585e-02
-3.282976632978215625e-02
-3.002780615125670224e-02
-2.713048875816786998e-02
-2.416899119796905859e-02
-2.117265019644469504e-02
-1.816767414425168176e-02
-1.517570769258331891e-02
-1.221243111689305008e-02
-9.286452539721335928e-03
-6.398789837134002956e-03
-3.543215059750550594e-03
-7.075951534911586842e-04
2.123843053479821091e-03
4.967633919347387225e-03
7.838061887766874236e-03
1.074453739226229922e-02
1.368976977568558961e-02
1.666892984220569307e-02
1.966976474175620090e-02
2.267344813006874973e-02
2.565587179809258184e-02
2.858908926362609126e-02
3.144269589205232751e-02
3.418500774005808068e-02
3.678399546553488136e-02
3.920796710939454532e-02
4.142604673566019358e-02
4.340850021121028107e-02
4.512695450296293209e-02
4.655457400808951651e-02
4.766621941132321433e-02
4.843863540843079685e-02
4.885068201640164337e-02
4.888363227387056142e-02
4.852154969885912050e-02
4.775177937286023688e-02
4.656552245178635641e-02
4.800302317818563175e-02
4.635201623047966596e-02
4.426346473920590024e-02
4.174514579295258987e-02
3.881246922825853235e-02
3.548967187316057897e-02
3.181097893716894331e-02
2.782181819890143515e-02
2.357988825889072160e-02
1.915601012478497511e-02
1.463459718948214097e-02
1.011347403780582174e-02
5.702861508588882855e-03
1.523177124909872934e-03
-2.298583519848392508e-03
-5.634085575362125613e-03
-8.360632865768435895e-03
-1.036972518025750314e-02
-1.157671957955348600e-02
-1.193079267249666682e-02
-1.142401399779497013e-02
-1.009808819540032251e-02
-8.047310611105572623e-03
-5.416555248274112187e-03
-2.393753873865485816e-03
8.028015766751962160e-04
3.941048781453748880e-03
6.793567974462876198e-03
9.155375923533768875e-03
1.085878625424336989e-02
1.178362308668323526e-02
1.186196632825771945e-02
1.107756770937272373e-02
9.460827945943880296e-03
7.080701978416850152e-03
4.035010803573844083e-03
4.405075435523060049e-04
-3.576316242990556019e-03
-7.887033705848143714e-03
-1.236738462119851140e-02
-1.690169016980067399e-02
-2.138573540514140947e-02
-2.572834046061968361e-02
-2.985190040399727379e-02
-3.369225048512800719e-02
-3.719794398429737692e-02
-4.032930513717114529e-02
-4.305725399010271875e-02
-4.536211288453929208e-02
-4.723242650575007473e-02
-4.866384818747561403e-02
-4.965812341377796868e-02
-5.022220118527832150e-02
-5.036746043516759225e-02
-5.010904240862137926e-02
-4.946531999513952005e-02
-4.845746080231405628e-02
-4.710908278325461745e-02
-4.544600434283178197e-02
-4.349603148605008657e-02
-4.128879833418549333e-02
-3.885560255954972897e-02
-3.622920515731535562e-02
-3.344353919541449838e-02
-3.053326537115524583e-02
-2.753312019971467656e-02
-2.447699034901653498e-02
-2.139669568645106990e-02
-1.832048905151553719e-02
-1.527139684809148377e-02
-1.226558856361252905e-02
-9.311082555032077629e-03
-6.407133696705534162e-03
-3.544621062606704079e-03
-7.075920028696912984e-04
2.124119488642286623e-03
4.971560822718344708e-03
7.853174558929911994e-03
1.078176309306419153e-02
1.376237852865997043e-02
1.679136474946847993e-02
1.985649979002477097e-02
2.293799541893508723e-02
2.600999978691705822e-02
2.904227585107735377e-02
3.200179981012020447e-02
3.485412485444386310e-02
3.756445679335653626e-02
4.009842937404479307e-02
4.242265362811752788e-02
4.450506848400139631e-02
4.631518844020208331e-02
4.782427179264399364e-02
4.900548548608781030e-02
4.983408421836909435e-02
5.028763287933710885e-02
5.034631841828167420e-02
4.999332234812708942e-02
4.921530656773192430e-02
4.800302317819228615e-02
4.944128840404113379e-02
4.774955721282645588e-02
4.560149292643210506e-02
4.300521520777778745e-02
3.997686987649029522e-02
3.654176753625840157e-02
3.273567833363285468e-02
2.860601726694159824e-02
2.421296904543211725e-02
1.963039212135421485e-02
1.494623572497172197e-02
1.026240072293857497e-02
5.693636243022006348e-03
1.365253071949222271e-03
-2.590626888576050366e-03
-6.040548848756215235e-03
-8.856966909930777399e-03
-1.092713720429331140e-02
-1.216314383021916204e-02
-1.251225847271276136e-02
-1.196634179162277267e-02
-1.056884017215635983e-02
-8.417844362199729258e-03
-5.663992660050484393e-03
-2.502648298668433847e-03
8.392919628452480147e-04
4.120628364671871137e-03
7.104982957113337508e-03
9.579282221825509078e-03
1.136919210483268959e-02
1.234973185743695398e-02
1.245021538522195041e-02
1.165364981485986044e-02
9.991532011812640293e-03
7.535452192216105655e-03
4.387038816882122064e-03
6.676349401174998645e-04
-3.491243849150090731e-03
-7.956014525492178385e-03
-1.259738756305356366e-02
-1.729496140159808223e-02
-2.194020829544702025e-02
-2.643813119526532487e-02
-3.070784140528957235e-02
-3.468242371074135161e-02
-3.830818864380132471e-02
-4.154369698000666411e-02
-4.435857164975093303e-02
-4.673223174623573201e-02
-4.865269070876699492e-02
-5.011540263665185957e-02
-5.112221493544295836e-02
-5.168045612694621704e-02
-5.180211446517516555e-02
-5.150320166803862981e-02
-5.080317153206912600e-02
-4.972449711011560358e-02
-4.829232704638720258e-02
-4.653423311360455061e-02
-4.448001260005183394e-02
-4.216153123674107328e-02
-3.961256428027434828e-02
-3.686857927780286953e-02
-3.396642539455008158e-02
-3.094383425287809686e-02
-2.783867522406324041e-02
-2.468789182989162417e-02
-2.152609548783405297e-02
-1.838383332857826055e-02
-1.528565567622534351e-02
-1.224821872029858635e-02
-9.278771690230312036e-03
-6.374432848792482668e-03
-3.522624684627130402e-03
-7.028557018288827214e-04
2.110249396314830151e-03
4.943087754213347680e-03
7.819036762968217813e-03
1.075493798980381790e-02
1.375865756458733748e-02
1.682798728691051876e-02
1.995082470794625265e-02
2.310634369360086912e-02
2.626674977042063250e-02
2.939923030497931800e-02
3.246780989787893812e-02
3.543492842177460578e-02
3.826267336107141981e-02
4.091367828071940799e-02
4.335173614896891542e-02
4.554219409828236254e-02
4.745220861972110349e-02
4.905093007170924918e-02
5.030965277310418815e-02
5.120198947393855837e-02
5.170408908943943671e-02
5.179494445016580989e-02
5.145675708809416271e-02
5.067545620444002114e-02
4.944128917442275339e-02
5.087251175204555997e-02
4.914438917063832651e-02
4.694018666982242155e-02
4.426839281328807940e-02
4.114584639009162548e-02
3.759901656735322589e-02
3.366521274790753443e-02
2.939391822628670270e-02
2.484790162222965532e-02
2.010414062192324158e-02
1.525426607275297969e-02
1.040440945061476413e-02
5.674016909019758380e-03
1.193482850382403867e-03
-2.899748884107084153e-03
-6.466888264548970901e-03
-9.375335972666536122e-03
-1.150791754868902075e-02
-1.277329146097580526e-02
-1.311671667301631330e-02
-1.252979800052646947e-02
-1.105775655099241681e-02
-8.802589403066199761e-03
-5.920885777570787135e-03
-2.615696269690114678e-03
8.771737456117042944e-04
4.307062578275447882e-03
7.428317299604215822e-03
1.001948957240167935e-02
1.189937583509839344e-02
1.293804101488556235e-02
1.306196027919580803e-02
1.225340692538934989e-02
1.054505124525641907e-02
8.011250343270727090e-03
4.757610854553306380e-03
9.102681451001121485e-04
-3.394027968491467994e-03
-8.016349790691091465e-03
-1.282216742549088968e-02
-1.768616969859995725e-02
-2.249535771086433669e-02
-2.715077740812758128e-02
-3.156815293742347428e-02
-3.567769196133500909e-02
-3.942340833833640756e-02
-4.276205049764879307e-02
-4.566189424939812169e-02
-4.810144993331081503e-02
-5.006819393277801844e-02
-5.155740522041363932e-02
-5.257106315194088469e-02
-5.311691911025753776e-02
-5.320766201144397356e-02
-5.286024341280333438e-02
-5.209531031725593564e-02
-5.093677409937755196e-02
-4.941147014010580790e-02
-4.754891197264107111e-02
-4.538110576144963743e-02
-4.294240561933682088e-02
-4.026935178937399162e-02
-3.740045485757485105e-02
-3.437584661751185572e-02
-3.123672306662320444e-02
-2.802449452618367351e-02
-2.477956557537606269e-02
-2.153970686908375509e-02
-1.833804744458436553e-02
-1.520082797431619899e-02
-1.214518975586745611e-02
-9.177400371321638856e-03
-6.292000278760864936e-03
-3.472290311595889554e-03
-6.923894947335083525e-04
2.079252215482214287e-03
4.875371235438136740e-03
7.725198288911576047e-03
1.065037866113087602e-02
1.366214888396966032e-02
1.676007388844169901e-02
1.993227367535765210e-02
2.315679742282995487e-02
2.640367333055889526e-02
2.963718103980892901e-02
3.281800356334960145e-02
3.590505624433151105e-02
3.885690771614523642e-02
4.163280888551194187e-02
4.419338267867507775e-02
4.650107066315892212e-02
4.852040433846016576e-02
5.021818433627773387e-02
5.156363253386959250e-02
5.252854373058553350e-02
5.308751386889170448e-02
5.321821328667540596e-02
5.290177963632915897e-02
5.212331884398909571e-02
5.087251413277789347e-02
5.228733973183728734e-02
5.052839915672663329e-02
4.827261562201336925e-02
4.552881488174054941e-02
4.231456245170989172e-02
3.865744895826270927e-02
3.459642659375953416e-02
3.018308575270798461e-02
2.548285205441829654e-02
2.057594792402901371e-02
1.555781537470109395e-02
1.053894730642941473e-02
5.643679008542195133e-03
1.007693524326327625e-03
-3.226021221017673270e-03
-6.913140013905770542e-03
-9.915780633986792658e-03
-1.211213433462451916e-02
-1.340727594906733662e-02
-1.374431746289852055e-02
-1.311456049802055789e-02
-1.156501919947997351e-02
-9.201706053970006016e-03
-6.187350314927895709e-03
-2.732951114187445046e-03
9.164648605723208418e-04
4.500437988043086077e-03
7.763711370290581580e-03
1.047617421700799273e-02
1.244952226516506111e-02
1.354871874513449703e-02
1.369733725513639852e-02
1.287693243984856448e-02
1.112143678474808266e-02
8.508131759773029587e-03
5.146778164361901983e-03
1.168518305260206336e-03
-3.284447097481310151e-03
-8.067607290675047477e-03
-1.304100388384506724e-02
-1.807422308370463734e-02
-2.304962967845434682e-02
-2.786417038933186596e-02
-3.243004515990278308e-02
-3.667451486016866380e-02
-4.053920752314302267e-02
-4.397901685577178255e-02
-4.696083743092036022e-02
-4.946224825639874978e-02
-5.147021496150336328e-02
-5.297984878957481131e-02
-5.399330861202040338e-02
-5.451883314199907488e-02
-5.456988181247159758e-02
-5.416445235060841218e-02
-5.332450991106105903e-02
-5.207555304613524505e-02
-5.044628160119288274e-02
-4.846836526743723145e-02
-4.617627153573700821e-02
-4.360713324245428513e-02
-4.080059757288431038e-02
-3.779859761625505021e-02
-3.464497295435108731e-02
-3.138484410055084051e-02
-2.806364137336599118e-02
-2.472570241772171704e-02
-2.141238641577661306e-02
-1.815974400879324241e-02
-1.499590482665088230e-02
-1.193849007007118102e-02
-8.992538660701820952e-03
-6.149491070734204069e-03
-3.387739443033122629e-03
-6.750061345384176462e-04
2.027577798207196545e-03
4.760260973663133291e-03
7.559215285693333779e-03
1.045179552726957159e-02
1.345326605572341391e-02
1.656534839782742088e-02
1.977650574193903776e-02
2.306355895247275134e-02
2.639408394848451536e-02
2.972905972999992028e-02
3.302537468379106167e-02
3.623793868375803362e-02
3.932132957753373126e-02
4.223096955423212562e-02
4.492391160769704239e-02
4.735932993121600570e-02
4.949881435167208243e-02
5.130654548787854513e-02
5.274943706725091636e-02
5.379728061057933303e-02
5.442294367775171726e-02
5.460263975353379928e-02
5.431633515370663801e-02
5.354821625038375110e-02
5.228733973572965293e-02
5.367459974237059200e-02
5.189190411186093282e-02
4.959049045283856622e-02
4.677949678130649547e-02
4.347721121315534926e-02
3.971238621372350647e-02
3.552561648965542329e-02
3.097066746694533343e-02
2.611573010255454838e-02
2.104434112910445742e-02
1.585591239463745444e-02
1.066546326000344068e-02
5.602381781839916620e-03
8.078703745812874579e-04
-3.569340113398401619e-03
-7.379140413538156154e-03
-1.047814307214811960e-02
-1.273967280186841591e-02
-1.406503410953090574e-02
-1.439506352030531754e-02
-1.372068139781458355e-02
-1.209071338531575619e-02
-9.615284069873254735e-03
-6.463457013507186398e-03
-2.854446663786999825e-03
9.571768665096662236e-04
4.700808235375489828e-03
8.111248379536100186e-03
1.094942506708481908e-02
1.301970297191418213e-02
1.418179468517125237e-02
1.435631504444336883e-02
1.352413320471395133e-02
1.172055347734255078e-02
9.025926122887028766e-03
5.554399954345754127e-03
1.442328524083160216e-03
-3.162375913552967471e-03
-8.109407685532778881e-03
-1.325316480502112919e-02
-1.845792893727615444e-02
-2.360125215016070643e-02
-2.857584589134552072e-02
-3.329025111557783884e-02
-3.766870635467353678e-02
-4.165036923126867741e-02
-4.518822797210899495e-02
-4.824777821736084271e-02
-5.080566563555308224e-02
-5.284833702477115952e-02
-5.437078531964171374e-02
-5.537540091453252433e-02
-5.587096849352134881e-02
-5.587181393392409712e-02
-5.539710112271775677e-02
-5.447025268686681021e-02
-5.311852151055310167e-02
-5.137268100363883566e-02
-4.926680006100330605e-02
-4.683809769315568777e-02
-4.412682471686701219e-02
-4.117612305456695015e-02
-3.803179233545856547e-02
-3.474187643883995535e-02
-3.135595809194717531e-02
-2.792404775839925704e-02
-2.449496956484183141e-02
-2.111417726271338016e-02
-1.782104787687350395e-02
-1.464583213047194153e-02
-1.160663241749739817e-02
-8.706965611157677087e-03
-5.934555814634139871e-03
-3.261953241381210754e-03
-6.492879705780494823e-04
1.950987162997130714e-03
4.588026443058858088e-03
7.306235133238535989e-03
1.013975170195687697e-02
1.310864691375913244e-02
1.621725188779206753e-02
1.945451336347507262e-02
2.279589934445132651e-02
2.620620508408783023e-02
2.964264997539192009e-02
3.305778610335141643e-02
3.640195892769781255e-02
3.962520430734686738e-02
4.267859838609900508e-02
4.551515191234969948e-02
4.809035549047228214e-02
5.036249173876221341e-02
5.229281097523626881e-02
5.384565320090673596e-02
5.498857596994923685e-02
5.569253326289088507e-02
5.593213795796841276e-02
5.568603980243103102e-02
5.493741129987363830e-02
5.367460024859228157e-02
5.502096646919839990e-02
5.322335329897880801e-02
5.088394845466329142e-02
4.801212700740043610e-02
4.462692300030626780e-02
4.075825574878980118e-02
3.644839194461820669e-02
3.175334415778869462e-02
2.674411495695591320e-02
2.150770311139635696e-02
1.614758750079076793e-02
1.078348320475045093e-02
5.550056371345196173e-03
5.941944980628765692e-04
-3.929378537277334466e-03
-7.864485745799780492e-03
-1.106200406674098455e-02
-1.339017009836678505e-02
-1.474628244072821552e-02
-1.506875839308447276e-02
-1.434805053096075561e-02
-1.263479277361969494e-02
-1.004331995614489263e-02
-6.749218665108077525e-03
-2.980192161777996812e-03
9.993131284641550496e-04
4.908186471700539885e-03
8.470936250160729028e-03
1.143922073419300495e-02
1.360984130253884219e-02
1.483711696478755282e-02
1.503865485746593185e-02
1.419468060201998713e-02
1.234199742072054559e-02
9.564218783417165540e-03
5.980089311796598153e-03
1.731441718916268543e-03
-3.027875279192053341e-03
-8.141497376184759702e-03
-1.345794135639879520e-02
-1.883599684562851234e-02
-2.414822766442408647e-02
-2.928294758913737098e-02
-3.414494382444631382e-02
-3.865531124994552037e-02
-4.275068586758844214e-02
-4.638210198751085978e-02
-4.951363422347548893e-02
-5.212100175352162718e-02
-5.419013368995227037e-02
-5.571597413787934827e-02
-5.670116551673808070e-02
-5.715515835205130235e-02
-5.709324319696255923e-02
-5.653587059056881803e-02
-5.550808539199613562e-02
-5.403909745711263368e-02
-5.216198414252359861e-02
-4.991349815812685248e-02
-4.733394020700554955e-02
-4.446707007789267585e-02
-4.135997839663742986e-02
-3.806284938143760649e-02
-3.462850887648689924e-02
-3.111162890718225868e-02
-2.756746222170216448e-02
-2.404997221163094126e-02
-2.060930830854243792e-02
-1.728865374876016603e-02
-1.412066111291307956e-02
-1.112391809169002883e-02
-8.300076168335569424e-03
-5.632413368333006633e-03
-3.086528851419740541e-03
-6.135375828973690894e-04
1.844404928004780451e-03
4.347019208319599995e-03
6.948482968086378171e-03
9.690995354388824701e-03
1.260035729898922700e-02
1.568404419628968011e-02
1.893164918653138934e-02
2.231713411416507559e-02
2.580212417939610134e-02
2.933952703491266370e-02
3.287692753219225578e-02
3.635944453017841277e-02
3.973192104043495043e-02
4.294048369477817401e-02
4.593355198178882687e-02
4.866244842305601781e-02
5.108172612918184669e-02
5.314934389583698265e-02
5.482676210000704542e-02
5.607904745982280476e-02
5.687502619067846127e-02
5.718752525451060997e-02
5.699374252571772631e-02
5.627570406924184421e-02
5.502096647665282586e-02
5.631054771256809727e-02
5.450898813520081015e-02
5.214119083957863970e-02
4.921681518599160809e-02
4.575554315781124592e-02
4.178848436708480774e-02
3.735962033997995702e-02
3.252723961125613544e-02
2.736525460639659471e-02
2.196421215924819134e-02
1.643181240888193576e-02
1.089263127344764631e-02
5.486777023556184754e-03
3.670829958109165484e-04
-4.305476671055850565e-03
-8.368436858935785275e-03
-1.166662910652217430e-02
-1.406293587076461182e-02
-1.545044426661669641e-02
-1.576495172660525787e-02
-1.499634481684324235e-02
-1.319704473166116200e-02
-1.048568767300868745e-02
-7.044569681192264579e-03
-3.110163415568059121e-03
1.042865840327285212e-03
5.122529959905139547e-03
8.842680764822172940e-03
1.194539480437938582e-02
1.421967187726751874e-02
1.551429752953312896e-02
1.574384038888034312e-02
1.488794659044451185e-02
1.298505625348317892e-02
1.012225922612326919e-02
6.423143155596438593e-03
2.035300162240222862e-03
-2.881222428939423166e-03
-8.163740023405984675e-03
-1.365465130974493312e-02
-1.920703372350509447e-02
-2.468828946854540254e-02
-2.998218720730861514e-02
-3.498962964610421306e-02
-3.962848797999121708e-02
-4.383280786213351876e-02
-4.755163140376230529e-02
-5.074759262475385391e-02
-5.339548454948791351e-02
-5.548079537493832980e-02
-5.699839663347550101e-02
-5.795133181301462266e-02
-5.834975698207212069e-02
-5.821006327303165917e-02
-5.755414774081996088e-02
-5.640886183688779976e-02
-5.480559314745575561e-02
-5.277999834858015243e-02
-5.037183384330219671e-02
-4.762486968630536693e-02
-4.458682628167281309e-02
-4.130926996143065300e-02
-3.784737454122775319e-02
-3.425942535097351721e-02
-3.060592566320281122e-02
-2.694814608942477582e-02
-2.334596790599795593e-02
-1.985494996565960110e-02
-1.652265610673928770e-02
-1.338448342973790582e-02
-1.045951640866429888e-02
-7.747137398445590184e-03
-5.225313373980893655e-03
-2.851372765782408426e-03
-5.657158456909792141e-04
1.701734326505040772e-03
4.023249565612887699e-03
6.464618216943006195e-03
9.077623876907704378e-03
1.189489556114518669e-02
1.492768404350141263e-02
1.816641510048548624e-02
2.158335652901507973e-02
2.513649258541074752e-02
2.877376485320449692e-02
3.243703613787524836e-02
3.606541442214417081e-02
3.959778659917820298e-02
4.297461891084567581e-02
4.613909814901156342e-02
4.903781109386359804e-02
5.162109514529265170e-02
5.384319659059794844e-02
5.566234441015426027e-02
5.704081704241632106e-02
5.794506485541040669e-02
5.834592869965681688e-02
5.821897090958541576e-02
5.754496916867466588e-02
5.631054773961818166e-02
5.752439989275636573e-02
5.573239977185474869e-02
5.334825112793872837e-02
5.038179938910659211e-02
4.685339244841285611e-02
4.279531273569699146e-02
3.825326452935275123e-02
3.328787215813041461e-02
2.797601858240043524e-02
2.241191114001808010e-02
1.670759098994290329e-02
1.099267100621900174e-02
5.412915024676021557e-03
1.273320027892551752e-04
-4.696599181150539967e-03
-8.889820667894858877e-03
-1.229083404647344016e-02
-1.475687841554161259e-02
-1.617656069118883835e-02
-1.648285993931068727e-02
-1.566495785142476421e-02
-1.377703361890925300e-02
-1.094209714088996074e-02
-7.349342032526362707e-03
-3.244292598399802115e-03
1.087812699941715982e-03
5.343722337233862765e-03
9.226257269783278911e-03
1.246758845116258466e-02
1.484867716201951522e-02
1.621264473184902410e-02
1.647099926655125335e-02
1.560289230821510116e-02
1.364857837640729744e-02
1.069885782085529952e-02
6.882442081801992163e-03
2.352965081913319274e-03
-2.723014349773114715e-03
-8.176224573327115983e-03
-1.384269827938002656e-02
-1.956957807331543772e-02
-2.521891343925233842e-02
-3.066978070980240847e-02
-3.581907575876307898e-02
-4.058136230944918432e-02
-4.488803778740571571e-02
-4.868611990323495203e-02
-5.193680194149937618e-02
-5.461395888631496304e-02
-5.670266083718718958e-02
-5.819781097702469291e-02
-5.910289487180853119e-02
-5.942891907149128877e-02
-5.919350492475245612e-02
-5.842017417598819456e-02
-5.713778875399579127e-02
-5.538018102086882805e-02
-5.318589423628278245e-02
-5.059806552724155360e-02
-4.766437731456426435e-02
-4.443703869149165375e-02
-4.097270703188592850e-02
-3.733225279549148845e-02
-3.358021954325939723e-02
-2.978381671746269110e-02
-2.601125635982502043e-02
-2.232926238647507666e-02
-1.879966025692006784e-02
-1.547508602549944878e-02
-1.239410124066515385e-02
-9.576309760448159167e-03
-7.018354487370142593e-03
-4.691863034878714610e-03
-2.544315904408444521e-03
-5.033639584141596113e-04
1.515624044102963823e-03
3.599852944430805002e-03
5.828925572983106700e-03
8.266033450726916615e-03
1.095194180191035559e-02
1.390242155298240627e-02
1.710894563400032140e-02
2.054185151634546624e-02
2.415491316808122957e-02
2.789031571629347131e-02
3.168329983387908888e-02
3.546602962824448729e-02
3.917053904967979922e-02
4.273078691596975121e-02
4.608397546253086702e-02
4.917129658007157733e-02
5.193829903525294667e-02
5.433503463049754734e-02
5.631608752904204707e-02
5.784061065618940900e-02
5.887239425468984017e-02
5.938005491675392433e-02
5.933733382499233044e-02
5.872358864578690330e-02
5.752439989367138379e-02
5.863992920230764322e-02
5.687404318210933368e-02
5.448844770623077066e-02
5.149311339591568920e-02
4.790901426247187733e-02
4.376958164420670372e-02
3.912226382356197296e-02
3.403004538142346408e-02
2.857285795511927545e-02
2.284865765193576370e-02
1.697397233644283923e-02
1.108361419529741744e-02
5.329213337067873792e-03
-1.238020100873473035e-04
-5.101158067030773027e-03
-9.426895489661963126e-03
-1.293286816947334696e-02
-1.547034826413714800e-02
-1.692317141606571040e-02
-1.722125156328757969e-02
-1.635291040865487905e-02
-1.437402507258918501e-02
-1.141204040221322630e-02
-7.663228372227734973e-03
-3.382452489987769310e-03
1.134111535998113011e-03
5.571548556916976896e-03
9.621261041864096267e-03
1.300518327065583978e-02
1.549600177916223356e-02
1.693105147364068128e-02
1.721878024962668341e-02
1.633795663997733918e-02
1.433085348649948756e-02
1.129225195774359418e-02
7.356297529032410250e-03
2.682995236377959392e-03
-2.554274976096562559e-03
-8.179354071914623353e-03
-1.402164264246864162e-02
-1.992211800074203051e-02
-2.573728815031483402e-02
-3.134138242794990564e-02
-3.662718310587932680e-02
-4.150585363983452097e-02
-4.590609728054428906e-02
-4.977288019201876051e-02
-5.306596178166817640e-02
-5.575832829990322315e-02
-5.783468362959200137e-02
-5.929003126342479585e-02
-6.012840803610369766e-02
-6.036179575703869149e-02
-6.000921287314456981e-02
-5.909599953113939264e-02
-5.765328575963848262e-02
-5.571763424533832110e-02
-5.333083886006426133e-02
-5.053984766542645585e-02
-4.739677551143560430e-02
-4.395893530753052642e-02
-4.028879827625618526e-02
-3.645375634751477079e-02
-3.252555980026689691e-02
-2.857916135762800583e-02
-2.469081585723528066e-02
-2.093519799624259450e-02
-1.738143156720702714e-02
-1.408806583373625396e-02
-1.109734272903028021e-02
-8.429432196218245368e-03
-6.077686306218021105e-03
-4.006169794706139833e-03
-2.150624618025766700e-03
-4.235043971034819360e-04
1.277172390847029900e-03
3.056413848365789523e-03
5.010290345059960349e-03
7.215590597189352681e-03
9.722779874694225874e-03
1.255303264242063968e-02
1.569910755913260514e-02
1.912911082815745012e-02
2.279191137026834180e-02
2.662298610033373217e-02
3.054987201122985954e-02
3.449667551318085640e-02
3.838749579170031012e-02
4.214880140102309630e-02
4.571091673859230264e-02
4.900886209062591675e-02
5.198273173234709693e-02
5.457781565371105925e-02
5.674458683696229078e-02
5.843866927164897973e-02
5.962086994529296191e-02
6.025730789947012639e-02
6.031969043574096634e-02
5.978576657669649325e-02
5.863992920302166928e-02
5.963015254952434147e-02
5.791060966794440296e-02
5.554193756159961359e-02
5.253416545967806717e-02
4.890883126091501859e-02
4.470049893874454561e-02
3.995834655475293679e-02
3.474775942722550803e-02
2.915176828041765936e-02
2.327217573787881272e-02
1.723012355168315399e-02
1.116579844499944983e-02
5.236912346103485098e-03
-3.844273316572856844e-04
-5.516852329593845312e-03
-9.977171214571999014e-03
-1.359022782736604359e-02
-1.620097793671104736e-02
-1.768814715470755361e-02
-1.797831056099774213e-02
-1.705872829704415880e-02
-1.498689077118958886e-02
-1.189471883763204736e-02
-7.985736706623941875e-03
-3.524436454014781214e-03
1.181693886775465711e-03
5.805661497959030068e-03
1.002704942828106308e-02
1.355721819231832555e-02
1.616034514146558188e-02
1.766787072498521294e-02
1.798520585528255028e-02
1.709088158597929508e-02
1.502942911715382350e-02
1.189992344722138988e-02
7.842292286093158551e-03
3.023264671953733440e-03
-2.376605322930352548e-03
-8.173955077042485348e-03
-1.419127106911607927e-02
-2.026313132462070551e-02
-2.624030553111225683e-02
-3.199202776558358191e-02
-3.740684793530536789e-02
-4.239246183743226870e-02
-4.687482794414998821e-02
-5.079685735702694355e-02
-5.411687979224995282e-02
-5.680704077933895757e-02
-5.885173826195063546e-02
-6.024617133725243545e-02
-6.099504644019503735e-02
-6.111147555953448662e-02
-6.061605717107696606e-02
-5.953618548625718571e-02
-5.790553248478882975e-02
-5.576373923841515534e-02
-5.315626222500155484e-02
-5.013436625460612056e-02
-4.675520002235794559e-02
-4.308189588168419987e-02
-3.918358244161619652e-02
-3.513517147117347500e-02
-3.101672606582874664e-02
-2.691218062011416570e-02
-2.290715261773361780e-02
-1.908560578034794106e-02
-1.552521024782909514e-02
-1.229146206436546734e-02
-9.430922779897852465e-03
-6.964407166774318897e-03
-4.881335903600387757e-03
-3.136748689024802025e-03
-1.652374557603673378e-03
-3.225142220448507500e-04
9.755490471178546825e-04
2.368100644337745638e-03
3.970887814338094554e-03
5.876935247743630096e-03
8.148285122862515203e-03
1.081256136643383818e-02
1.386406974571371964e-02
1.726830887829251121e-02
2.096837857266510563e-02
2.489189262031242522e-02
2.895737121905268482e-02
3.307952735152450141e-02
3.717324470701578731e-02
4.115631406350782340e-02
4.495113425225320120e-02
4.848563730958430074e-02
5.169368378818663123e-02
5.451514372022330662e-02
5.689582294529613171e-02
5.878736654433954628e-02
6.014721659535987586e-02
6.093868716456258411e-02
6.113119571912349615e-02
6.070066998701661304e-02
5.963015256809498649e-02
6.046280582511891905e-02
5.881424968971395856e-02
5.648505885654816344e-02
5.348521728170509831e-02
4.983676369228905861e-02
4.557534692042825020e-02
4.075186968356301481e-02
3.543412495844228127e-02
2.970829257876759014e-02
2.368011054881529256e-02
1.747546174184443774e-02
1.124007808439165569e-02
5.137975788431507068e-03
-6.517839321895829751e-04
-5.940418919618574260e-03
-1.053714273384116773e-02
-1.425940105428599898e-02
-1.694543037073413527e-02
-1.846847070875073243e-02
-1.875143159809675511e-02
-1.778026963794193671e-02
-1.561396785982341849e-02
-1.238894067278477687e-02
-8.316124222845673597e-03
-3.669930564471049397e-03
1.230455342214969343e-03
6.045534862483177736e-03
1.044265808729050345e-02
1.412226874521324213e-02
1.683980486093283879e-02
1.842072495825674422e-02
1.876745568119026625e-02
1.785847463626122691e-02
1.574086088412088302e-02
1.251833824824198985e-02
8.337009464775894246e-03
3.370726896471644418e-03
-2.192403952739402015e-03
-8.161476800261172407e-03
-1.435176039520085975e-02
-2.059119019646925633e-02
-2.672460167458068706e-02
-3.261608024443823223e-02
-3.814984126056243652e-02
-4.323004331171438619e-02
-4.777987127299831993e-02
-5.174017694196143130e-02
-5.506789209311367672e-02
-5.773437463233320466e-02
-5.972380021774559289e-02
-6.103167299006494184e-02
-6.166351084005854133e-02
-6.163372403236074687e-02
-6.096471979317193840e-02
-5.968619912113987819e-02
-5.783470528414088457e-02
-5.545335058837291137e-02
-5.259173773750733250e-02
-4.930602686255716044e-02
-4.565910572594655825e-02
-4.172077150621857772e-02
-3.756781056755141568e-02
-3.328381348034269160e-02
-2.895849331169887339e-02
-2.468624840821722830e-02
-2.056364874566971382e-02
-1.668556284744596510e-02
-1.313973708135935010e-02
-9.999881045244315633e-03
-7.317689559724932687e-03
-5.114750960146333472e-03
-3.375802028027799495e-03
-2.045110353427474510e-03
-1.027643903968399226e-03
-1.959615091788365483e-04
5.975059014181820878e-04
1.504549856810982831e-03
2.664494499128508814e-03
4.189799397593394967e-03
6.156341741065446925e-03
8.599432357796855247e-03
1.151521863567493524e-02
1.486609159088267580e-02
1.858831635978545893e-02
2.260021839707280003e-02
2.680971358584727238e-02
3.112050518643515520e-02
3.543671722375257155e-02
3.966604919982479049e-02
4.372172950140116449e-02
4.752351937717139846e-02
5.099812389386663980e-02
5.407922180420376979e-02
5.670731298622828931e-02
5.882953177284472313e-02
6.039952103280901707e-02
6.137743354095779452e-02
6.173009903102590762e-02
6.143139232982232356e-02
6.046280582616340993e-02
6.109921843172821249e-02
5.955164724535132181e-02
5.728955561922687012e-02
5.432278085727741679e-02
5.067373849351147069e-02
4.637914009473862592e-02
4.149156856068002275e-02
3.608122994332786659e-02
3.023748981949790637e-02
2.407009343171585825e-02
1.770978741042410556e-02
1.130802085957717529e-02
5.035346197895749706e-03
-9.219414316437630650e-04
-6.367302878412442642e-03
-1.110195971439000527e-02
-1.493553105871101884e-02
-1.769908265056473889e-02
-1.925993846074192453e-02
-1.953695562577146758e-02
-1.851449887827796500e-02
-1.625287649793483516e-02
-1.289298149759886790e-02
-8.653307817471336122e-03
-3.818474661346629457e-03
1.280242832926024388e-03
6.290398855227264871e-03
1.086668567150370079e-02
1.469828309665718868e-02
1.753167190436069264e-02
1.918626004975537008e-02
1.956158457882611196e-02
1.863630221933169559e-02
1.646038103332493271e-02
1.314260878413296696e-02
8.835709026843311178e-03
3.721096156892651774e-03
-2.005154511237922967e-03
-8.144220342371583099e-03
-1.450384508921578539e-02
-2.090506231284469316e-02
-2.718657111299629600e-02
-3.320716455684702417e-02
-3.884662544522091837e-02
-4.400551973619246798e-02
-4.860424131169479439e-02
-5.258159477681204758e-02
-5.589316070566400368e-02
-5.850958006754583551e-02
-6.041490904034158699e-02
-6.160508684665462475e-02
-6.208660751336464445e-02
-6.187538692451729355e-02
-6.099587471525393795e-02
-5.948039671579063992e-02
-5.736873408238968297e-02
-5.470792615146957694e-02
-5.155227588398269417e-02
-4.796352100230154292e-02
-4.401111290880875548e-02
-3.977250444971928978e-02
-3.533332321984582192e-02
-3.078722358785230054e-02
-2.623516683515066117e-02
-2.178380052583999554e-02
-1.754257093009884902e-02
-1.361922699520762975e-02
-1.011347030890435809e-02
-7.108803326557081199e-03
-4.663080629022005492e-03
-2.798868128371500424e-03
-1.495352297976565870e-03
-6.839267867505836917e-04
-2.494615302149016901e-04
-3.839221266286674868e-05
1.267409430696796906e-04
4.284133565656717295e-04
1.034293944966534857e-03
2.080173997445599471e-03
3.658494555808379772e-03
5.813729275336394428e-03
8.544168107106953070e-03
1.180844531438912312e-02
1.553465611323466555e-02
1.963007903626970072e-02
2.399007898444290715e-02
2.850538174789894394e-02
3.306748548897873313e-02
3.757231530319814217e-02
4.192242386830612177e-02
4.602812357958317030e-02
4.980788038096917864e-02
5.318827487558887290e-02
5.610375086942245848e-02
5.849631778474791155e-02
6.031531647138300284e-02
6.151732541027590123e-02
6.206625293769740814e-02
6.193364386096266577e-02
6.109921946808165305e-02
6.149292437366860736e-02
6.008283369953278108e-02
5.792161391473072546e-02
5.501878649355249062e-02
5.139710848574560037e-02
4.709420767327416463e-02
4.216432111593976240e-02
3.668004833336354492e-02
3.073396313934625632e-02
2.443988254795122217e-02
1.793352832754107479e-02
1.137223809109521103e-02
4.933324672825744987e-03
-1.189378427720487550e-03
-6.791206183023152342e-03
-1.166496072163079184e-02
-1.561195201032286421e-02
-1.845557792551378098e-02
-2.005674028763385769e-02
-2.032979762821275627e-02
-1.925716609759252698e-02
-1.690025879772421094e-02
-1.340439256243640929e-02
-8.995740371518338996e-03
-3.969409469429806790e-03
1.330836863721198467e-03
6.539152193592745466e-03
1.129713593569882900e-02
1.528235873083897030e-02
1.823213782116205744e-02
1.995979858397938997e-02
2.036212823041801123e-02
1.941825556449289225e-02
1.718144662598927036e-02
1.376603128805908328e-02
9.331857993910246465e-03
4.068408216885081863e-03
-1.819825076064096386e-03
-8.125702154356104559e-03
-1.464910547111542352e-02
-2.120390107164178001e-02
-2.762245525351060202e-02
-3.375812812065025897e-02
-3.948618244544924855e-02
-4.470355039685293408e-02
-4.932783228032183026e-02
-5.329582018055083192e-02
-5.656180732274247724e-02
-5.909581241889889924e-02
-6.088188991429471786e-02
-6.191657478708371271e-02
-6.220752230787127829e-02
-6.177238483739260627e-02
-6.063794682840417671e-02
-5.883950079396693678e-02
-5.642049436591591027e-02
-5.343241932338721467e-02
-4.993492659529871064e-02
-4.599612313393149077e-02
-4.169298936384301102e-02
-3.711180876227682113e-02
-3.234845404640606520e-02
-2.750830381672807190e-02
-2.270548424777396601e-02
-1.806105413015228478e-02
-1.369968845190028955e-02
-9.744441215166191675e-03
-6.309294568385946829e-03
-3.489525481161331530e-03
-1.350468618496934075e-03
8.401421506302154886e-05
8.412932806560223043e-04
1.005379948199663790e-03
7.155758611979883346e-04
1.569502624790904848e-04
-4.569390417653282940e-04
-9.065514207737975470e-04
-9.900045045905209000e-04
-5.434033973556264040e-04
5.455738431293260561e-04
2.332315619003890415e-03
4.817564692948272422e-03
7.955335915747286171e-03
1.166386080629300964e-02
1.583718342142040672e-02
2.035571217453441620e-02
2.509479376478348719e-02
2.993103541161446640e-02
3.474653506198001340e-02
3.943138908097584133e-02
4.388492737785716635e-02
4.801609067600383363e-02
5.174329622846617766e-02
5.499405624696420553e-02
5.770453829185209077e-02
5.981919817293290115e-02
6.129056675309896285e-02
6.207924603195272284e-02
6.215413485466953630e-02
6.149292438174355085e-02
6.158791643028364848e-02
6.035973925219546843e-02
5.834066710638591280e-02
5.553976034881616397e-02
5.197994950227435157e-02
4.769970884346116241e-02
4.275484795630416640e-02
3.722032455744608143e-02
3.119191968165701753e-02
2.478756883693439619e-02
1.814806856885626749e-02
1.143680623920213454e-02
4.838091775255690466e-03
-1.446390306664624772e-03
-7.203459217971440107e-03
-1.221702617911045105e-02
-1.627955982302831117e-02
-1.920621276465577301e-02
-2.085089664266850593e-02
-2.112293881065078691e-02
-2.000237217456501265e-02
-1.755142651228850867e-02
-1.391973580545700570e-02
-9.341240198218681706e-03
-4.121802243176666235e-03
1.381926714115046511e-03
6.790238490215570917e-03
1.173119943720845118e-02
1.587042985829855216e-02
1.893590112909528458e-02
2.073486618105208068e-02
2.116156263308126631e-02
2.019595835098797823e-02
1.789510622533753426e-02
1.437943813224709134e-02
9.816505302606250496e-03
4.404408801190642757e-03
-1.643430670812208059e-03
-8.111126144164586271e-03
-1.479034766950599634e-02
-2.148751847145888294e-02
-2.802847603032797980e-02
-3.426101770375665490e-02
-4.005581368210078125e-02
-4.530614058574087416e-02
-4.992682263009783072e-02
-5.385269849377027906e-02
-5.703685372566647677e-02
-5.944880516797752812e-02
-6.107275632462517978e-02
-6.190601091811149398e-02
-6.195760791155033309e-02
-6.124720617690264379e-02
-5.980424523899315059e-02
-5.766738399149509697e-02
-5.488422738725431266e-02
-5.151132672452291700e-02
-4.761443111333411166e-02
-4.326894148590143541e-02
-3.856050811142999052e-02
-3.358563221692952711e-02
-2.845210812463832423e-02
-2.327903115054682365e-02
-1.819601591459275858e-02
-1.334116584474705908e-02
-8.857267243821435529e-03
-4.885682085607996085e-03
-1.557582886020935503e-03
1.017472670598559489e-03
2.764955571062730454e-03
3.659225864399033579e-03
3.735359150001188715e-03
3.095837215424980526e-03
1.909140103293367708e-03
3.984976126428799387e-04
-1.178731329456692532e-03
-2.558016230516041781e-03
-3.495989762828218255e-03
-3.794763598535578347e-03
-3.318084485728599493e-03
-1.997564774853155881e-03
1.702801975644215580e-04
3.133692601430380746e-03
6.798876786731970941e-03
1.104389012520667381e-02
1.573119674547554525e-02
2.071779874289838425e-02
2.586264292161351633e-02
3.103151828601770010e-02
3.609990595553011494e-02
4.095432237698450051e-02
4.549265462908171770e-02
4.962389858897633954e-02
5.326760542985953945e-02
5.635326955480206290e-02
5.881978568811954688e-02
6.061509099413583956e-02
6.169603781564267364e-02
6.202852558693165708e-02
6.158791643693552198e-02
6.131644068320788593e-02
6.032433754686256089e-02
5.849789774950322346e-02
5.584552902799755358e-02
5.239018221280346277e-02
4.817104145753040717e-02
4.324538481796814937e-02
3.769048524069221195e-02
3.160528999083044022e-02
2.511188609398159327e-02
1.835623550411509541e-02
1.150789867020203007e-02
4.758443091177888377e-03
-1.682283179448205556e-03
-7.592160453916802290e-03
-1.274569478975396374e-02
-1.692592238471102642e-02
-1.993909877707496919e-02
-2.163147612298236058e-02
-2.190672470589408519e-02
-2.074196520089038182e-02
-1.819986999323773211e-02
-1.443421668337333680e-02
-9.686754189801109402e-03
-4.274345283016295002e-03
1.433076568631429194e-03
7.041477604977009440e-03
1.216495097747711564e-02
1.645683798983311324e-02
1.963561844328066963e-02
2.150253717826147368e-02
2.194956054217736194e-02
2.095795427372705230e-02
1.858914394047267785e-02
1.497031484108550352e-02
1.027739140970340692e-02
4.717716852839171082e-03
-1.485804078418673105e-03
-8.108067175612604371e-03
-1.493215718525977773e-02
-2.175678907821111327e-02
-2.840105527614671110e-02
-3.470709647653244523e-02
-4.054093350474693991e-02
-4.579218408822686298e-02
-5.037294533882660796e-02
-5.421617840471047722e-02
-5.727388027074346855e-02
-5.951520634521760555e-02
-6.092468135747385050e-02
-6.150059054922554086e-02
-6.125360758375870962e-02
-6.020569917073642641e-02
-5.838932993779367975e-02
-5.584698046546297812e-02
-5.263097579551636457e-02
-4.880362636493452977e-02
-4.443764908666004293e-02
-3.961682541460588569e-02
-3.443681579622392269e-02
-2.900599160095110318e-02
-2.344607680614908471e-02
-1.789228852312259657e-02
-1.249255514425638008e-02
-7.405255853293447529e-03
-2.794852934151783284e-03
1.175236157311459291e-03
4.352982366410947622e-03
6.611341371858276555e-03
7.864339868828326696e-03
8.083824891674263810e-03
7.313891118662618242e-03
5.679213695923398565e-03
3.383639214264993686e-03
6.968575383211668851e-04
-2.070332098360944204e-03
-4.598486305215443784e-03
-6.593664739228872508e-03
-7.816670449587283589e-03
-8.102345979738174650e-03
-7.366814559692526007e-03
-5.603620410864076397e-03
-2.871857529564982806e-03
7.198563001541720798e-04
5.030099454997300802e-03
9.899646325036639757e-03
1.516347202093322466e-02
2.065945118654129511e-02
2.623403229175251886e-02
3.174546572999261546e-02
3.706525267907567756e-02
4.207840269772923636e-02
4.668299830281711499e-02
5.078942499953893047e-02
5.431952833309305201e-02
5.720586337984292363e-02
5.939114848045658895e-02
6.082797873883189627e-02
6.147884152212453740e-02
6.131644067445253532e-02
6.059619887992350601e-02
5.990632545341683518e-02
5.833435232224638833e-02
5.588781159457632125e-02
5.258947492294997056e-02
4.847909558234162614e-02
4.361530665700513731e-02
3.807755747526841983e-02
3.196794336774536754e-02
2.541267830771164193e-02
1.856293317703041484e-02
1.159463553570839849e-02
4.706780944472839165e-03
-1.882266567512012488e-03
-7.941000664093363776e-03
-1.323396701717039804e-02
-1.753409323872386766e-02
-2.063800173022019638e-02
-2.238351140338547957e-02
-2.266789038985881494e-02
-2.146469928834991714e-02
-1.883657205084690589e-02
-1.494116685257402231e-02
-1.002802314786668640e-02
-4.425210913630308295e-03
1.483677088752454257e-03
7.289824743795441341e-03
1.259292215497095566e-02
1.703373053095639383e-02
2.032113807689306731e-02
2.225052362592253377e-02
2.271195937463655126e-02
2.168858069985723364e-02
1.924689115756705524e-02
1.552159866071060879e-02
1.069775958489017041e-02
4.992674183403707916e-03
-1.360652887406050941e-03
-8.127399620093275767e-03
-1.508167462174644403e-02
-2.201418924453240819e-02
-2.873715763685251792e-02
-3.508692466123825016e-02
-4.092484661215765873e-02
-4.613692185736345541e-02
-5.063259164640331045e-02
-5.434305266635106046e-02
-5.721935632031467656e-02
-5.923046877507483210e-02
-6.036144291374885562e-02
-6.061178575798124857e-02
-5.999409065858039847e-02
-5.853297439812508302e-02
-5.626434741715343607e-02
-5.323502476856662585e-02
-4.950269546763164802e-02
-4.513623278794790666e-02
-4.021633619316958980e-02
-3.483643594311905400e-02
-2.910379228292039530e-02
-2.314061473024123586e-02
-1.708497176795699402e-02
-1.109112249726324807e-02
-5.328765003001491481e-03
1.945563471681032239e-05
4.762958614969535660e-03
8.711554987860324617e-03
1.168769188228052473e-02
1.354269489840103854e-02
1.417615889982043291e-02
1.355631050739552687e-02
1.173773593248206987e-02
8.871847624402698362e-03
5.205571857001676205e-03
1.065495054777204327e-03
-3.171970004028470784e-03
-7.119925367350619580e-03
-1.042239978158767365e-02
-1.278972177846572113e-02
-1.402168122716156672e-02
-1.401594486569301620e-02
-1.276298290991674696e-02
-1.033136550709257487e-02
-6.848184960205889842e-03
-2.478815861919239204e-03
2.591082668690047105e-03
8.169850990641833524e-03
1.407005971790536124e-02
2.011508758281579587e-02
2.614277041730070361e-02
3.200693179759388218e-02
3.757752009286825096e-02
4.273993507124893704e-02
4.739397282003521283e-02
5.145269922258496886e-02
5.484142435451516001e-02
5.749692739529221192e-02
5.936697395679836620e-02
6.041017592850172341e-02
6.059619887100263502e-02
5.932676291199319440e-02
5.902014986101732780e-02
5.777854871863580266e-02
5.560836200986472855e-02
5.253196689029642624e-02
4.858948314452030820e-02
4.384072274170034561e-02
3.836720284828493144e-02
3.227405392239055676e-02
2.569158657346985383e-02
1.877621399224216336e-02
1.171030913762841075e-02
4.700540285210647214e-03
-2.025887194661240339e-03
-8.227611609910775656e-03
-1.365859389453196772e-02
-1.808091805579896058e-02
-2.128072141136342146e-02
-2.308649062659153331e-02
-2.338820183786274529e-02
-2.215506240176201569e-02
-1.944905132564990480e-02
-1.543132961170532932e-02
-1.035912049781686876e-02
-4.571852244165351513e-03
1.532878899742827440e-03
7.531039457535814580e-03
1.300751233680542962e-02
1.759022006083119441e-02
2.097843249585937958e-02
2.296190609207598987e-02
2.342932144041703219e-02
2.236639911663853425e-02
1.984557191441281218e-02
1.600997428036661854e-02
1.105467818379309193e-02
5.207738562450644169e-03
-1.287060487870115861e-03
-8.184628291860189878e-03
-1.524969839336876888e-02
-2.226471298651537881e-02
-2.903482514166531511e-02
-3.539054247843858442e-02
-4.118856123881926845e-02
-4.631132479606431263e-02
-5.066573301451005040e-02
-5.418137107136806324e-02
-5.680852399338788550e-02
-5.851617797042785868e-02
-5.929014927223370118e-02
-5.913143931731797837e-02
-5.805488194596139517e-02
-5.608812934490395308e-02
-5.327100162461964605e-02
-4.965523413764010019e-02
-4.530460847797251889e-02
-4.029548912139072764e-02
-3.471772816635414899e-02
-2.867589604049992913e-02
-2.229073121905101110e-02
-1.570063746244761485e-02
-9.062946343196182086e-03
-2.554518851663097664e-03
3.628917743187910685e-03
9.275491503055623491e-03
1.416291985514859207e-02
1.806825520447986194e-02
2.078241412501696112e-02
2.212967684990917866e-02
2.199118950147970972e-02
2.032989108837982353e-02
1.721247232982544076e-02
1.282265904608457033e-02
7.460146468520259880e-03
1.521671326972202616e-03
-4.535207627993549824e-03
-1.024012019781595298e-02
-1.516047144977783652e-02
-1.894452601383591825e-02
-2.134936802701559166e-02
-2.225067015522735198e-02
-2.163596270715446163e-02
-1.958625655298228824e-02
-1.625194694575803414e-02
-1.182816303896756099e-02
-6.533053571900163982e-03
-5.907369102815693230e-04
5.780764205521423532e-03
1.237714565761899831e-02
1.901192233541209795e-02
2.551801077044761265e-02
3.174767165318442136e-02
3.757151436449097937e-02
4.287707395438419139e-02
4.756730925827216266e-02
5.155924832508756994e-02
5.478290732308699340e-02
5.718057115665269724e-02
5.870645428603463167e-02
5.932676290632219601e-02
5.738495191520964073e-02
5.756119400295958005e-02
5.674342574580194809e-02
5.493663033708900967e-02
5.216253639103343026e-02
4.846139690543650735e-02
4.389399684234859128e-02
3.854374247069675130e-02
3.251865424653518910e-02
2.595305269280226423e-02
1.900856517580109054e-02
1.187408768095996048e-02
4.764147977141281777e-03
-2.084872877509099873e-03
-8.421257850013203622e-03
-1.398773326978051436e-02
-1.853469735817753899e-02
-2.183683592478104923e-02
-2.371224884362502922e-02
-2.404255228093369126e-02
-2.279163342754707625e-02
-2.002001900199252074e-02
-1.589184599919699764e-02
-1.067179562827529418e-02
-4.710719138724939886e-03
1.579497735634589070e-03
7.759214006174150122e-03
1.339815061022707129e-02
1.811120396506631786e-02
2.158810115954178793e-02
2.361335220982771141e-02
2.407492262553726642e-02
2.296200255305781701e-02
2.035399216353910717e-02
1.640352043129423079e-02
1.131669413845971806e-02
5.333234515364764818e-03
-1.291552426651166067e-03
-8.301727441762848589e-03
-1.545223638647880149e-02
-2.251699220278363667e-02
-2.929396149848990244e-02
-3.560778942417532067e-02
-4.131057358549410780e-02
-4.628132156647900286e-02
-5.042455377132942784e-02
-5.366843646756762343e-02
-5.596271065021848207e-02
-5.727662312942562867e-02
-5.759702613563204981e-02
-5.692671963800891022e-02
-5.528313315539464673e-02
-5.269737714199634188e-02
-4.921370419802652274e-02
-4.488941426236191939e-02
-3.979520957556353239e-02
-3.401599980146834817e-02
-2.765215075805419961e-02
-2.082111639072079662e-02
-1.365934357606999987e-02
-6.324255656138977333e-03
1.004012885784838797e-03
8.121632739941491916e-03
1.480156733881270170e-02
2.079649913209421011e-02
2.584536888023400078e-02
2.968478316638605008e-02
3.206632074084812822e-02
3.278004720600636440e-02
3.168318817133611298e-02
2.873087971578197272e-02
2.400362225170790328e-02
1.772432068820153223e-02
1.025773137785372310e-02
2.087755239880333211e-03
-6.226854150626567191e-03
-1.411156186583404151e-02
-2.103835175533113472e-02
-2.657862013513386315e-02
-3.043714125488970745e-02
-3.246339361136522245e-02
-3.264251874875186143e-02
-3.107212532482747300e-02
-2.793238108814220799e-02
-2.345577131053099701e-02
-1.790075966783370720e-02
-1.153134864285453552e-02
-4.602819534479211938e-03
2.647088522849883746e-03
1.000275459103003133e-02
1.727224746493989660e-02
2.428697246980447352e-02
3.090023608042002587e-02
3.698533709545556714e-02
4.243359007150369205e-02
4.715253923549170972e-02
5.106450738770678538e-02
5.410556534889417180e-02
5.622495389272045424e-02
5.738495088692588397e-02
5.461882553395621537e-02
5.540084896682932747e-02
5.512242491963388613e-02
5.378680516627148966e-02
5.141477240690082995e-02
4.804644484914714908e-02
4.374332197061877453e-02
3.859045925588903275e-02
3.269856979864045610e-02
2.620582087930850915e-02
1.927897939119568513e-02
1.211347835792905836e-02
4.931847610681629884e-03
-2.020040693338702713e-03
-8.479617247357493920e-03
-1.417763672079828431e-02
-1.885190142369243260e-02
-2.226452497650911397e-02
-2.422198537985023256e-02
-2.459627847797385761e-02
-2.334475414427649928e-02
-2.052547600892428575e-02
-1.630482446370079899e-02
-1.095454723741509824e-02
-4.836857278124131326e-03
1.621880548046870495e-03
7.966107644526744525e-03
1.375011345983550952e-02
1.857569200286630223e-02
2.212324617402735769e-02
2.417261015660727638e-02
2.461190440144374325e-02
2.343493254519853769e-02
2.072930045736710511e-02
1.665839910406330393e-02
1.144056053698728169e-02
5.328181804311759098e-03
-1.411066710567938573e-03
-8.509796488561080507e-03
-1.571275855988106540e-02
-2.278511027072355546e-02
-2.951755737255371687e-02
-3.572891841529859253e-02
-4.126681320665003677e-02
-4.600699480779454897e-02
-4.985182708940431168e-02
-5.272830948701837106e-02
-5.458589607694574325e-02
-5.539438145563926191e-02
-5.514195444614856251e-02
-5.383355314497877131e-02
-5.148958539165445630e-02
-4.814507478723697997e-02
-4.384927019074173760e-02
-3.866575403378456899e-02
-3.267306543279906855e-02
-2.596585949644527117e-02
-1.865658145959281020e-02
-1.087760848371214367e-02
-2.783740294309857127e-03
5.445183462812068324e-03
1.360191498654223299e-02
2.145027113459467560e-02
2.872531652410158926e-02
3.513642966359668829e-02
4.037471949543152555e-02
4.412638419892198072e-02
4.609338197331493830e-02
4.602195035342631496e-02
4.373783331365892202e-02
3.918455307893298906e-02
3.245809953994460706e-02
2.382905702662375252e-02
1.374299412811072138e-02
2.793084218085265923e-03
-8.334515151810530098e-03
-1.893401983794696514e-02
-2.835747695880621103e-02
-3.608028414254064314e-02
-4.174275645174038013e-02
-4.516321189854249213e-02
-4.632567100473422572e-02
-4.535025042494614245e-02
-4.245567333882035999e-02
-3.792187891736908262e-02
-3.205786579860143287e-02
-2.517708133182018637e-02
-1.758054308520731052e-02
-9.546647603132434740e-03
-1.326126445777809368e-03
6.859413272616203018e-03
1.481668814898090547e-02
2.237870099329674484e-02
2.940218932288765283e-02
3.576503511920454959e-02
4.136392899089763597e-02
4.611245067651682794e-02
4.993965208861481792e-02
5.278916176293685369e-02
5.461882551591454998e-02
5.083983690366171426e-02
5.238008622559155864e-02
5.278441144002403440e-02
5.205399185026848147e-02
5.020833893451095292e-02
4.728711340702469040e-02
4.335222083435598395e-02
3.849006200120998200e-02
3.281375769234718548e-02
2.646508462926665944e-02
1.961577738009153554e-02
1.246773692574878849e-02
5.251586630345746881e-03
-1.777041924289058522e-03
-8.344222645619016679e-03
-1.416798905826678959e-02
-1.897250974556050421e-02
-2.250607249198251919e-02
-2.456207555477753560e-02
-2.500135227850542458e-02
-2.377323135350949482e-02
-2.093200508681877098e-02
-1.664529846946009861e-02
-1.119130227360320452e-02
-4.943336353322680572e-03
1.657714585767769162e-03
8.140197369005877995e-03
1.404284039426688738e-02
1.895442404356777188e-02
2.254646365144459194e-02
2.459492973072967964e-02
2.498926916140426294e-02
2.372930808706603945e-02
2.091239088497848231e-02
1.671418679214988628e-02
1.136660934937269891e-02
5.135894356424365939e-03
-1.697039156505632035e-03
-8.852721149416962337e-03
-1.606532647333929961e-02
-2.309109102842934330e-02
-2.971344500264193680e-02
-3.574550781796719673e-02
-4.103063048202872098e-02
-4.544157697179635608e-02
-4.887885117786078953e-02
-5.126858544655286259e-02
-5.256027465095647333e-02
-5.272457669561259747e-02
-5.175135110056786752e-02
-4.964802725302476516e-02
-4.643839335272855612e-02
-4.216186760842700887e-02
-3.687328986508528472e-02
-3.064329090187968563e-02
-2.355925986656857637e-02
-1.572693919863524595e-02
-7.272642165645389935e-03
1.653955185672852666e-03
1.087656748196437657e-02
2.018885097850577764e-02
2.935117346976366323e-02
3.808832637701894952e-02
4.608919397556150710e-02
5.300983560368553726e-02
5.848182537870588033e-02
6.212788199996198413e-02
6.358663326283042760e-02
6.254740439140375752e-02
5.879385249244403061e-02
5.225207450188102537e-02
4.303496299637996764e-02
3.147136132285169308e-02
1.810806765414418526e-02
3.676645714603184439e-03
-1.097458788126189251e-02
-2.497264145411319178e-02
-3.751719935843349923e-02
-4.796262666096177962e-02
-5.586926060120034343e-02
-6.101843980430653180e-02
-6.339555716228123528e-02
-6.315175067451692104e-02
-6.055641277882142098e-02
-5.595052673855168551e-02
-4.970713807505659776e-02
-4.220159029314413113e-02
-3.379151489616837728e-02
-2.480510759718782682e-02
-1.553566246563620537e-02
-6.240411297794449218e-03
2.858027031763544015e-03
1.156876688903117970e-02
1.972925350384905838e-02
2.720187451786076904e-02
3.387091458424030394e-02
3.964004923954900228e-02
4.443042739912690664e-02
4.817939684559670310e-02
5.083983715314152607e-02
4.581245902095397449e-02
4.830102741913432779e-02
4.956706203313716863e-02
4.960930899368583280e-02
4.844566446537918597e-02
4.611496863059332679e-02
4.267915608607740496e-02
3.822558780529289324e-02
3.286941276024395869e-02
2.675566458816737089e-02
2.006075190186060522e-02
1.299286295341089276e-02
5.790695100178303370e-03
-1.280171278075664795e-03
-7.933982316317514730e-03
-1.387526424742676831e-02
-1.881343118905897879e-02
-2.248149209338818136e-02
-2.465806330974380442e-02
-2.519095957408713088e-02
-2.401963162508487931e-02
-2.119291892948597239e-02
-1.687832458201632066e-02
-1.135952758808027492e-02
-5.020432282368339667e-03
1.683753924632848224e-03
8.265320582144044387e-03
1.424752594843767088e-02
1.920648023956748884e-02
2.280554561877842085e-02
2.481799351671695394e-02
2.513614331684111552e-02
2.376762389597915012e-02
2.082140496316892478e-02
1.648722196337514337e-02
1.101216578736910652e-02
4.677598476413932435e-03
-2.221359691086003969e-03
-9.392533369065949461e-03
-1.655919692284118713e-02
-2.346858142917108980e-02
-2.989695638086395033e-02
-3.565198363124000291e-02
-4.057307259491841483e-02
-4.453036680417402082e-02
-4.742289446969494282e-02
-4.917630924410803378e-02
-4.974050845553421030e-02
-4.908737005206781356e-02
-4.720877441985570078e-02
-4.411500260921463745e-02
-3.983362464124096808e-02
-3.440892449661339669e-02
-2.790193580976812679e-02
-2.039113443793408309e-02
-1.197383576887035839e-02
-2.768346735736689542e-03
7.083135025609496246e-03
1.741088491674643024e-02
2.801343441563245232e-02
3.865301255998396940e-02
4.905115747605298671e-02
5.888532155272106772e-02
6.778772412758621302e-02
7.534823539296907347e-02
8.112360912206793839e-02
8.465572038013431666e-02
8.550132304308506737e-02
8.327474390908506940e-02
7.770242129032009504e-02
6.868408069256812243e-02
5.635023822749395117e-02
4.110120926690293691e-02
2.361183764338355487e-02
4.791010108604000853e-03
-1.430398370637408177e-02
-3.258444404438752551e-02
-4.905413925623863802e-02
-6.291315922470565314e-02
-7.362184261292617493e-02
-8.091785309718040053e-02
-8.479248606841766067e-02
-8.544037839738656548e-02
-8.319856047897143669e-02
-7.848763557744392605e-02
-7.176280580532402864e-02
-6.347770442107714128e-02
-5.406067230982172789e-02
-4.390136184383509194e-02
-3.334499794779623161e-02
-2.269176576510180746e-02
-1.219927150236946138e-02
-2.086561703361138227e-03
7.461326661346569418e-03
1.628892526243262695e-02
2.426639275537207513e-02
3.128623319296042204e-02
3.726077251957737174e-02
4.212038587453672406e-02
4.581245908274646228e-02
3.924040644441758457e-02
4.291579097689833533e-02
4.526816807294956058e-02
4.629351733208147968e-02
4.600775585130410100e-02
4.444850906997863810e-02
4.167729145361720455e-02
3.778194319120280892e-02
3.287913152449291332e-02
2.711664561825589612e-02
2.067511506691748976e-02
1.376866202137984156e-02
6.643870950289684253e-03
-4.236599588489985764e-04
-7.135961752371479047e-03
-1.318327391534479878e-02
-1.825904641506587850e-02
-2.207937123167833665e-02
-2.440607550562080841e-02
-2.507170336104944455e-02
-2.400350890101621282e-02
-2.124269092376571827e-02
-1.695476750378030473e-02
-1.142750123155762514e-02
-5.054445201729644566e-03
1.695425259614256929e-03
8.318713500746754974e-03
1.432364154194450991e-02
1.927437680704040951e-02
2.282728911318890330e-02
2.475460498281730620e-02
2.495354892980136685e-02
2.344184411870339421e-02
2.034238679261149430e-02
1.586113344741767531e-02
1.026218329847716944e-02
3.843451670818733359e-03
-3.084746026445689578e-03
-1.021695364425734796e-02
-1.726532683238711507e-02
-2.396816108931744405e-02
-3.009484243443079007e-02
-3.544798686783497133e-02
-3.986354623982929501e-02
-4.320955317153133551e-02
-4.538406108344183315e-02
-4.631270663414039507e-02
-4.594621197877196001e-02
-4.425805585049603225e-02
-4.124248323019125834e-02
-3.691296611126600874e-02
-3.130120789483207405e-02
-2.445678920626118830e-02
-1.644749054717487349e-02
-7.360407957304404385e-03
2.696118489555567911e-03
1.358964992023148181e-02
2.515986801972348169e-02
3.721387532033625795e-02
4.952068550715310602e-02
6.180519000931208179e-02
7.374218611981613047e-02
8.495139747141657038e-02
9.499503164152839352e-02
1.033800728422712839e-01
1.095682646655718046e-01
1.129972664360023860e-01
1.131164783976946753e-01
1.094397847976646271e-01
1.016144301282541351e-01
8.949985454492372094e-02
7.324341199128371616e-02
5.333347999890394875e-02
3.060869590907658311e-02
6.208197014675520715e-03
-1.853761123971897976e-02
-4.225777748267425804e-02
-6.370065223684229228e-02
-8.186720663299673628e-02
-9.609161913422044343e-02
-1.060603930010202839e-01
-1.117786913033834983e-01
-1.135032261486129401e-01
-1.116628844249503011e-01
-1.067836974028508051e-01
-9.942764165578649171e-02
-9.014850226786948195e-02
-7.946377628686908390e-02
-6.783955748709362410e-02
-5.568481013774650989e-02
-4.335176705813385822e-02
-3.113987292012747668e-02
-1.930140266216355885e-02
-8.047574139931878631e-03
2.445652276366727228e-03
1.203242799103198049e-02
2.059277716644711959e-02
2.802928041231621953e-02
3.426468795586943422e-02
3.924040650574856653e-02
3.074817058685368545e-02
3.591161461762593099e-02
3.963413786613586426e-02
4.190868195166812943e-02
4.274884134462268032e-02
4.219060170388783809e-02
4.029454706890209237e-02
3.714839522238725517e-02
3.286966395611066322e-02
2.760819461983085588e-02
2.154815156172063331e-02
1.490899210830087286e-02
7.944762319051855426e-03
9.409292743285819485e-04
-5.792088231551651041e-03
-1.192952833105924253e-02
-1.714761058303236954e-02
-2.114367502696136783e-02
-2.366040437464704896e-02
-2.451233042200529413e-02
-2.361158743485356620e-02
-2.098888302760137242e-02
-1.680521015256482634e-02
-1.135035353393738962e-02
-5.025983691783714007e-03
1.686254074107602094e-03
8.268164147318872101e-03
1.421389167285201302e-02
1.907695425665287964e-02
2.250852681782041648e-02
2.428209574733384765e-02
2.430252699054533116e-02
2.260054670056586140e-02
1.931584599989245171e-02
1.467316766376005992e-02
8.955727916432031088e-03
2.479548517259302486e-03
-4.428877517409980646e-03
-1.145034837229694409e-02
-1.828587143566191148e-02
-2.466510759250804471e-02
-3.035108354499541777e-02
-3.514202153881511304e-02
-3.887111792774965158e-02
-4.140498602607505657e-02
-4.264134001052653083e-02
-4.250635927773195599e-02
-4.095205953919889980e-02
-3.795389973166179987e-02
-3.350879483455881935e-02
-2.763366180220896973e-02
-2.036459575993533264e-02
-1.175676492363370712e-02
-1.885126567051821070e-03
9.153956468817872963e-03
2.124009088012564911e-02
3.422512831360447622e-02
4.792825140283141216e-02
6.212989641509202021e-02
7.656454500266825225e-02
9.091271984586950239e-02
1.047927958675037435e-01
1.177537479138920096e-01
1.292706713739455726e-01
1.387458199975564188e-01
1.455189353255874618e-01
1.488915312724370943e-01
1.481700248896092309e-01
1.427313732135304380e-01
1.321110803211274221e-01
1.161063988909628447e-01
9.487782099781003065e-02
6.902275871026487819e-02
3.959212196017219965e-02
8.028573319691964527e-03
-2.397488621856462554e-02
-5.467210267505960564e-02
-8.247323603532540071e-02
-1.061185398901865473e-01
-1.247813425973255397e-01
-1.380889912969299749e-01
-1.460742548475685021e-01
-1.490840644207418741e-01
-1.476744160182459076e-01
-1.425132933306867966e-01
-1.343034727182546295e-01
-1.237284303080787157e-01
-1.114192144972067644e-01
-9.793776107383447838e-02
-8.377174344836947617e-02
-6.933670080776725697e-02
-5.498218562012487098e-02
-4.099966377364454295e-02
-2.763071703688425515e-02
-1.507469926335042176e-02
-3.495407827370028680e-03
6.973426574871153735e-03
1.622381913042229146e-02
2.417037387848553626e-02
3.074817056898017029e-02
1.985604666919343550e-02
2.689085409008795668e-02
3.234465128166294501e-02
3.620719482320298305e-02
3.848949401505342288e-02
3.922547788251123935e-02
3.847422227743891449e-02
3.632258657535327590e-02
3.288806545385086766e-02
2.832157954226059357e-02
2.280981965928388297e-02
1.657662279532596053e-02
9.882704250592065295e-03
3.022911647502030813e-03
-3.679929159524877869e-03
-9.885502497906576216e-03
-1.525153783851392053e-02
-1.945459834015316955e-02
-2.221547046889750521e-02
-2.332732504719402938e-02
-2.268347860334283747e-02
-2.030039779886626955e-02
-1.633106102326280576e-02
-1.106429007244754369e-02
-4.907459890033259199e-03
1.647028114251710557e-03
8.067856087294784234e-03
1.383685332652879324e-02
1.849902597376844315e-02
2.170305085950743201e-02
2.322693732553310006e-02
2.298684499816402646e-02
2.103026800391736076e-02
1.751725011162325388e-02
1.269439680943575989e-02
6.866438707727178827e-03
3.691435557424515147e-04
-6.453921610621240687e-03
-1.326957259446279007e-02
-1.976795247158964070e-02
-2.567074647666636386e-02
-3.073551062495940775e-02
-3.475706836405940969e-02
-3.756686043659478863e-02
-3.903101017911686510e-02
-3.904770182851904220e-02
-3.754431526519586698e-02
-3.447465689572391800e-02
-2.981650225464439405e-02
-2.356963839437944616e-02
-1.575451769979192146e-02
-6.411653724651096738e-03
4.398153657182696415e-03
1.659262928358766834e-02
3.006577439388155581e-02
4.468435565291569572e-02
6.028311501270222639e-02
7.665837154671309439e-02
9.356015971651467089e-02
1.106827756687291664e-01
1.276540945909276914e-01
1.440243007912897777e-01
1.592553157916553885e-01
1.727131243887160272e-01
1.836664068872054523e-01
1.912963552857720462e-01
1.947239632035096812e-01
1.930618644997197375e-01
1.854966134627810403e-01
1.714027839481673809e-01
1.504805572655811829e-01
1.228945839355379821e-01
8.937817088347736749e-02
5.126161821047536815e-02
1.039451938831398824e-02
-3.104044929458890309e-02
-7.078978866475657550e-02
-1.068081807336302008e-01
-1.374888329305862800e-01
-1.617973085641219166e-01
-1.792938363923002598e-01
-1.900621641745909862e-01
-1.945828912694593515e-01
-1.935915223339161606e-01
-1.879507953453293800e-01
-1.785521740497761356e-01
-1.662493443132017079e-01
-1.518195275430854196e-01
-1.359457870333667107e-01
-1.192135084322821503e-01
-1.021154336751509545e-01
-8.506112908662136207e-02
-6.838811489980466118e-02
-5.237296110661428944e-02
-3.724139847636444983e-02
-2.317701048125523147e-02
-1.032834313994835176e-02
1.185500556362603479e-03
1.127073808703591903e-02
1.985604664127494506e-02
5.946094642677340024e-03
1.534387652882258923e-02
2.299201322554585147e-02
2.887720519960529017e-02
3.300777772500040202e-02
3.541525376167392603e-02
3.615657617295521542e-02
3.531685548745071290e-02
3.301242684728017407e-02
2.939395397782205294e-02
2.464919416702097618e-02
1.900488922186979734e-02
1.272708197052999785e-02
6.118972466498035813e-03
-4.847118053898341172e-04
-6.727877545410260521e-03
-1.224862799234680173e-02
-1.670058122095858730e-02
-1.977942979481446886e-02
-2.125288523213397437e-02
-2.099072581873084875e-02
-1.899020686489732296e-02
-1.539148821282500246e-02
-1.047809321881053475e-02
-4.659408487192681463e-03
1.564567488703591698e-03
7.652263729928224061e-03
1.307615726410735549e-02
1.737614929880442957e-02
2.020243942264538656e-02
2.134215906603315061e-02
2.072769701487611749e-02
1.842821145237390212e-02
1.462854979595572778e-02
9.600855394843489654e-03
3.674063972686203699e-03
-2.794667718701632740e-03
-9.444038971612368771e-03
-1.592704794009838429e-02
-2.192376759532620872e-02
-2.714911561999603512e-02
-3.135660847896949016e-02
-3.433915304450206596e-02
-3.592784410672144463e-02
-3.598955965773446841e-02
-3.442397047866188609e-02
-3.116041585779334364e-02
-2.615497816595551556e-02
-1.938797570425835476e-02
-1.086204265117917019e-02
-6.009467119399552202e-04
1.135075415985885988e-02
2.492706619311641988e-02
4.003878746717991904e-02
5.657047688226365251e-02
7.437587962173569656e-02
9.327167367674366050e-02
1.130293113236425506e-01
1.333647348206178918e-01
1.539259648802362712e-01
1.742787681332469973e-01
1.938910248836368255e-01
2.121172854042531197e-01
2.281860478408443971e-01
2.411939955461021023e-01
2.501135209491140987e-01
2.538222086680188561e-01
2.511647275121923761e-01
2.410569831933422891e-01
2.226367134361909583e-01
1.954510565863066818e-01
1.596509109773951995e-01
1.161409217926358817e-01
6.662603589147250704e-02
1.351150829307749823e-02
-4.034698744540077958e-02
-9.199791966147563560e-02
-1.387714484997265574e-01
-1.785901094212642981e-01
-2.101463991969654277e-01
-2.329261638431589232e-01
-2.471032957631024707e-01
-2.533602066974596223e-01
-2.526916511633871543e-01
-2.462332802031429180e-01
-2.351341499644535593e-01
-2.204747263059409212e-01
-2.032225547135328714e-01
-1.842149784954765779e-01
-1.641591968233426513e-01
-1.436421547716271729e-01
-1.231450469256699237e-01
-1.030590797387670038e-01
-8.370059153748882208e-02
-6.532446969161294359e-02
-4.813549114269214529e-02
-3.229755574168103466e-02
-1.794083390979793469e-02
-5.167185550537179567e-03
5.946094686618474609e-03
-1.178465681025977520e-02
6.119820872935188318e-04
1.105315772919729204e-02
1.952312564885511775e-02
2.602776130519475484e-02
3.059598626439019933e-02
3.328199364310244907e-02
3.416808568060213103e-02
3.336796767042592843e-02
3.103021780241331518e-02
2.734156072257278719e-02
2.252941306384309561e-02
1.686297860515505870e-02
1.065193930987147139e-02
4.241652647428767985e-03
-1.996386656959362078e-03
-7.679841971926110525e-03
-1.243718617566012125e-02
-1.593533869935085182e-02
-1.791152605502751086e-02
-1.820590639843104944e-02
-1.678989201874388562e-02
-1.378413751994847503e-02
-9.460594108901401039e-03
-4.225046205055496551e-03
1.419906914851154977e-03
6.927123341073445836e-03
1.176451941036390017e-02
1.547217649988224739e-02
1.770776998330593141e-02
1.827407960903662879e-02
1.712644797439311431e-02
1.436212201675470673e-02
1.019635592099719761e-02
4.931208342280809891e-03
-1.077237771894025246e-03
-7.448948398363596825e-03
-1.380469947200985668e-02
-1.978453938473415108e-02
-2.506007668856532686e-02
-2.934151481824573762e-02
-3.238055547400304351e-02
-3.397037459064614767e-02
-3.394369901264159689e-02
-3.216981967673651632e-02
-2.855116127161229367e-02
-2.301986449673508808e-02
-1.553469492426933635e-02
-6.078482582470158546e-03
5.343712497307541963e-03
1.870559225085326877e-02
3.395962417801675487e-02
5.103590667867600322e-02
6.983968467506239397e-02
9.024731816277840879e-02
1.121004200109071564e-01
1.351978456237011850e-01
1.592850951709873786e-01
1.840410388688094312e-01
2.090614742905924361e-01
2.338397823527481600e-01
2.577451010100955120e-01
2.799995931280381822e-01
2.996576534594724839e-01
3.155922150718257768e-01
3.264964345057623785e-01
3.309130388860193062e-01
3.273073930333296189e-01
3.142011629108175663e-01
2.903759879256811449e-01
2.551362887183061257e-01
2.085878081571851950e-01
1.518564514702258617e-01
8.716113062913059817e-02
1.768016501135516796e-02
-5.279086283355239467e-02
-1.203250470752838391e-01
-1.813814465353975058e-01
-2.332309501328156676e-01
-2.741981992630396214e-01
-3.036875131478262158e-01
-3.220269499619876075e-01
-3.302087554017284488e-01
-3.296110236174111252e-01
-3.217612717378129927e-01
-3.081680087005636559e-01
-2.902192852187139849e-01
-2.691336572076808986e-01
-2.459464724470085961e-01
-2.215171446206034289e-01
-1.965472097645475924e-01
-1.716025833226338393e-01
-1.471360689662210564e-01
-1.235081069151311856e-01
-1.010046458822435322e-01
-7.985201776207496993e-02
-6.022884734626757913e-02
-4.227528346612742516e-02
-2.609991222329638080e-02
-1.178465700756921655e-02
-3.438911280152796152e-02
-1.816372412407797621e-02
-4.148660879554827603e-03
7.639331514087173945e-03
1.720449089790087108e-02
2.457331015525672513e-02
2.979668761858223283e-02
3.295289974229793223e-02
3.415113142109964944e-02
3.353537513017434968e-02
3.128831892409147247e-02
2.763472397451334842e-02
2.284353254228823488e-02
1.722774578157043254e-02
1.114082542805972659e-02
4.968252948606461002e-03
-8.870662140542686074e-04
-6.026415562065617383e-03
-1.008379685652446324e-02
-1.275976376343086402e-02
-1.385697863932893771e-02
-1.331201017550193502e-02
-1.121663895768590380e-02
-7.822138791411609171e-03
-3.522243774624957916e-03
1.185613557793622130e-03
5.756118543193074026e-03
9.660158412968225874e-03
1.244606869859025966e-02
1.378781551310390152e-02
1.351313621257249631e-02
1.160959078540085669e-02
8.211047021497309972e-03
3.570255653702265972e-03
-1.975616135677680379e-03
-8.040254640113412080e-03
-1.421969698230340397e-02
-2.011749862886199475e-02
-2.536277591880904680e-02
-2.962157786782650126e-02
-3.260273065660789643e-02
-3.405953429111067271e-02
-3.378862572560200478e-02
-3.162713407944710287e-02
-2.744896654468460470e-02
-2.116086621782272206e-02
-1.269865194618141103e-02
-2.023955876306710380e-03
1.087837202792407872e-02
2.600197717656064014e-02
4.331978468481720301e-02
6.278356402836789141e-02
8.432223624850804233e-02
1.078385288098119149e-01
1.332037941328835240e-01
1.602504983262718063e-01
1.887620485070632403e-01
2.184591893244870742e-01
2.489827263585249750e-01
2.798717406899075555e-01
3.105372825296728312e-01
3.402316388506273492e-01
3.680144709131883407e-01
3.927187939898113545e-01
4.129228670671521995e-01
4.269389978253792517e-01
4.328374430834047160e-01
4.285315165598846399e-01
4.119533821415227726e-01
3.813394014361394802e-01
3.356105017635426235e-01
2.747803093315267509e-01
2.002750222116009005e-01
1.150385068702545893e-01
2.334256685363256950e-02
-6.969051163345893474e-02
-1.587579635082874974e-01
-2.390879340725728663e-01
-3.070295923410508165e-01
-3.603935818548674730e-01
-3.984892497981898929e-01
-4.218979276880419627e-01
-4.320925033618233102e-01
-4.310312194943086150e-01
-4.208199865048259936e-01
-4.034826622249118588e-01
-3.808340846177871164e-01
-3.544292413358260396e-01
-3.255597066753561641e-01
-2.952750709451157363e-01
-2.644150169665798189e-01
-2.336437968137805576e-01
-2.034827594264789763e-01
-1.743389731691260269e-01
-1.465292142223411365e-01
-1.202994967127261478e-01
-9.584040962338251368e-02
-7.329895308150051469e-02
-5.278730577709764282e-02
-3.438911277149235557e-02
-6.326084117793463746e-02
-4.211342220180193385e-02
-2.349675677519297290e-02
-7.425715506231326223e-03
6.104163726397397217e-03
1.711772817606397115e-02
2.566232461192146166e-02
3.181084282648879297e-02
3.566553658526550735e-02
3.736239707347760453e-02
3.707578852734921132e-02
3.502285582157226018e-02
3.146698390078050273e-02
2.671929258490887346e-02
2.113682955155023885e-02
1.511588121784184467e-02
9.078776690888450823e-03
3.452926003444938170e-03
-1.358210270497720680e-03
-5.010866614128442649e-03
-7.259842574216128497e-03
-7.994547454184474169e-03
-7.264598880146732988e-03
-5.287312217232306537e-03
-2.431698942662418542e-03
8.218360384097850605e-04
3.941253665054919586e-03
6.412005492093660226e-03
7.802937853492951034e-03
7.817325704238433162e-03
6.321252571477084699e-03
3.347437421445309189e-03
-9.221815237209563584e-04
-6.188274739506876426e-03
-1.207245246669899630e-02
-1.815517526814989027e-02
-2.400844012583183695e-02
-2.922082630890410898e-02
-3.341445969012691447e-02
-3.625476494134913935e-02
-3.745450486349079927e-02
-3.677375178167249098e-02
-3.401726301598459457e-02
-2.903043977016805596e-02
-2.169473140434485109e-02
-1.192308523667712401e-02
3.441866722469359751e-04
1.514285288400825900e-02
3.248736742032445196e-02
5.237246741685822049e-02
7.477364614075937554e-02
9.964628950737493274e-02
1.269233256113507236e-01
1.565109063644497256e-01
1.882818805858585964e-01
2.220663961588660584e-01
2.576390051718245311e-01
2.947014142549024274e-01
3.328599479484041224e-01
3.715967210832187284e-01
4.102335667662861396e-01
4.478881501226742445e-01
4.834225601004314976e-01
5.153867527657530756e-01
5.419636400925086361e-01
5.609311300601188544e-01
5.696701619098109015e-01
5.652638644951539781e-01
5.447404212457105377e-01
5.054933772606389208e-01
4.458523343095466829e-01
3.656896696405746994e-01
2.668779892562819778e-01
1.534171290756849715e-01
3.114030387826677293e-02
-9.296090298131214069e-02
-2.116507841301866477e-01
-3.184134757664995319e-01
-4.082695055442155385e-01
-4.782728277510152060e-01
-5.275910300544067733e-01
-5.571943765176269325e-01
-5.692986775299099245e-01
-5.667565507770621069e-01
-5.525535339344069818e-01
-5.294777739146706574e-01
-4.999553180321221202e-01
-4.660030118662369381e-01
-4.292481230390993163e-01
-3.909774270830334020e-01
-3.521942076612222805e-01
-3.136727367997560467e-01
-2.760060495448278806e-01
-2.396458892338340363e-01
-2.049350546865470468e-01
-1.721329518886812737e-01
-1.414353764585440654e-01
-1.129894327986717267e-01
-8.690465679718273329e-02
-6.326084118030536607e-02
-1.002619405376062867e-01
-7.273831653157908361e-02
-4.815471259445720104e-02
-2.651886848490631401e-02
-7.822490939641418145e-03
7.959589914637285601e-03
2.087146019966658328e-02
3.097924741237016721e-02
3.837521983823929950e-02
4.318270435843556132e-02
4.556160218217073649e-02
4.571408947202032502e-02
4.388983510348320322e-02
4.038972584356155526e-02
3.556666535362837389e-02
2.982163095494820906e-02
2.359296603985077886e-02
1.733709068957066390e-02
1.149972383255002013e-02
6.478477706488040659e-03
2.580289499918102941e-03
-1.989636575300366295e-05
-1.310465257459612247e-03
-1.455280816758015589e-03
-7.797863797326722588e-04
2.705767248953535068e-04
1.194381656809738977e-03
1.509181545852858637e-03
8.227279913882250793e-04
-1.113135126407497439e-03
-4.374534321895671811e-03
-8.865266876743216340e-03
-1.433962932495877300e-02
-2.043991993622950101e-02
-2.673935908645437218e-02
-3.278269358653528726e-02
-3.811954261449049253e-02
-4.232840678544793483e-02
-4.503147777070543728e-02
-4.590170969050235555e-02
-4.466414688569533831e-02
-4.109345385666945266e-02
-3.500929319611237323e-02
-2.627076370246930748e-02
-1.477072837127884307e-02
-4.305560459462679109e-04
1.680440582511694494e-02
3.696845946477769068e-02
6.007815333036868599e-02
8.613374025853012816e-02
1.151193583353365135e-01
1.470017296731736811e-01
1.817270735602813658e-01
2.192158662887859211e-01
2.593548172455414913e-01
3.019853760702958523e-01
3.468877340709491941e-01
3.937590877608204698e-01
4.421845696057166708e-01
4.915989082951574551e-01
5.412364745633457819e-01
5.900670998874131268e-01
6.367154065803306562e-01
6.793636897409844888e-01
7.156458301570041147e-01
7.425560871602395752e-01
7.564243217967163702e-01
7.530403848308038217e-01
7.280213991485097180e-01
6.774714024553368796e-01
5.988672495540912077e-01
4.919561903248584334e-01
3.593654539516153990e-01
2.066836746545349379e-01
4.195943237095334927e-02
-1.252516233902617182e-01
-2.850811028433712924e-01
-4.285877041690536182e-01
-5.488572793126403893e-01
-6.417543910444724053e-01
-7.061388148391516406e-01
-7.434998291496228706e-01
-7.571650621472286735e-01
-7.513738473365351167e-01
-7.304867478153673765e-01
-6.984726093070032782e-01
-6.586733476463042525e-01
-6.137660491520415817e-01
-5.658294608443354967e-01
-5.164471129112819803e-01
-4.668106121562098365e-01
-4.178088445487382896e-01
-3.701001906808595310e-01
-3.241692595824910983e-01
-2.803707245123107650e-01
-2.389627579844717242e-01
-2.001322130667678723e-01
-1.640133186087765205e-01
-1.307012800546462350e-01
-1.002619403292562689e-01
-1.479043166188232228e-01
-1.120514655393645281e-01
-7.966999964368920439e-02
-5.075130928248296203e-02
-2.527667809318046369e-02
-3.216620206390222950e-03
1.547109092820141141e-02
3.084462140929936785e-02
4.298244824798737318e-02
5.198886455426277031e-02
5.800050971667384397e-02
6.119365947603112171e-02
6.179173681189041589e-02
6.007210383060219289e-02
5.637064813077970193e-02
5.108209796634274186e-02
4.465352888482045784e-02
3.756846168726498542e-02
3.031969485322656699e-02
2.337085045519033885e-02
1.710970508258907036e-02
1.180011583378155586e-02
7.542730547763782344e-03
4.255842008142080891e-03
1.685480931786678899e-03
-5.523319711604000176e-04
-2.902749665573582834e-03
-5.790152012860085191e-03
-9.540690296954174032e-03
-1.432550072963873627e-02
-2.013438836147210878e-02
-2.678118985739232419e-02
-3.393436115490588989e-02
-4.116207614938498238e-02
-4.798068927194042155e-02
-5.389791014447413431e-02
-5.844577634188595494e-02
-6.120204324288575082e-02
-6.180107999148704706e-02
-5.993662388760777338e-02
-5.535903391726358647e-02
-4.786938326333779747e-02
-3.731215633254000852e-02
-2.356775861435433245e-02
-6.545561866204208275e-03
1.382213634660696758e-02
3.758505989251442053e-02
6.477873932269646862e-02
9.542711007828666436e-02
1.295438355035117284e-01
1.671322722273479167e-01
2.081837970731628129e-01
2.526742056183837737e-01
3.005576148916758172e-01
3.517571471295617425e-01
4.061513752273815947e-01
4.635550891830194642e-01
5.236924663327300333e-01
5.861599194744150365e-01
6.503747719257295667e-01
7.155043147960414851e-01
7.803677099390976535e-01
8.433022419333717767e-01
9.019888181936263072e-01
9.532467937573336769e-01
9.928435488206254211e-01
1.015420441536786678e+00
1.014691919323637004e+00
9.840757845683786309e-01
9.177999522620720052e-01
8.123017588898678865e-01
6.675002897229261878e-01
4.874657137849341959e-01
2.802323853566329737e-01
5.687544217712302980e-02
-1.697930383118589348e-01
-3.866136051599609047e-01
-5.814699049924874075e-01
-7.446589347295955452e-01
-8.700520968084782814e-01
-9.556865601440532876e-01
-1.003515338459152861e+00
-1.018384592442598047e+00
-1.006635576902498386e+00
-9.748119136582440447e-01
-9.287844903912533256e-01
-8.733526388193991741e-01
-8.122033275564122246e-01
-7.480600615318629965e-01
-6.828894764824392505e-01
-6.180941080317116088e-01
-5.546664336202793422e-01
-4.933037784029832284e-01
-4.344917846444718568e-01
-3.785647334005440845e-01
-3.257492166803499511e-01
-2.761957286002571510e-01
-2.300014097614734854e-01
-1.872262383020769916e-01
-1.479043166735927173e-01
-2.096080730546965587e-01
-1.627781436888994238e-01
-1.201211987563335498e-01
-8.159647519005328031e-02
-4.716328331801910440e-02
-1.678035600933704130e-02
9.596116649294663195e-03
3.201574739488040333e-02
5.053856786975575999e-02
6.524110735988478127e-02
7.622404840153748640e-02
8.362143097663754521e-02
8.761113733652457769e-02
8.842591568211248532e-02
8.636351302674015462e-02
8.179361252274548744e-02
7.515836575364227834e-02
6.696278354960662205e-02
5.775154203631577970e-02
4.807069645294972937e-02
3.841634416619447989e-02
2.917745594576817703e-02
2.058493543057869982e-02
1.268159161917977590e-02
5.325574817794734295e-03
-1.767603163666178669e-03
-8.950351233362498216e-03
-1.655195991663423183e-02
-2.479317013175683093e-02
-3.372634079075245012e-02
-4.321272452586992496e-02
-5.293697625746577456e-02
-6.244947511628246017e-02
-7.122212921586275336e-02
-7.870386990315902942e-02
-8.436601020653518301e-02
-8.773298920321652428e-02
-8.839841052727377690e-02
-8.602911051823615429e-02
-8.036097354538261628e-02
-7.119005001230499508e-02
-5.836174670642775564e-02
-4.175994445175729847e-02
-2.129709347142829876e-02
3.094230491716064898e-03
3.146818324440915637e-02
6.387098650790921928e-02
1.003448533279361621e-01
1.409305957937826426e-01
1.856689463566527643e-01
2.346004987954256604e-01
2.877640401446293072e-01
3.451928809396958009e-01
4.069085492022893047e-01
4.729108807564494921e-01
5.431631495139787047e-01
6.175701573712374381e-01
6.959461155964840051e-01
7.779672965167511167e-01
8.631012809201941138e-01
9.504998783445188781e-01
1.038836992045939711e+00
1.126069718272333819e+00
1.209110439996370134e+00
1.283435057986483274e+00
1.342731231025410477e+00
1.378799145089701916e+00
1.381995605915508962e+00
1.342451648944881670e+00
1.252012473703549844e+00
1.106410373869419761e+00
9.068587131140321000e-01
6.603733685735799774e-01
3.787433384855322660e-01
7.678096938409664785e-02
-2.293078613220188855e-01
-5.230751448510403412e-01
-7.888385830377934171e-01
-1.013069356760748274e+00
-1.186170441909446982e+00
-1.303975432595013029e+00
-1.368142165395217047e+00
-1.385137731209034051e+00
-1.364247787370591825e+00
-1.315431772809137367e+00
-1.247711806328395845e+00
-1.168358453824202670e+00
-1.082755470845171653e+00
-9.946585917183904391e-01
-9.065868082864958488e-01
-8.201892206669597618e-01
-7.365284013739940017e-01
-6.562783283387038091e-01
-5.798563350711097852e-01
-5.075100340340190641e-01
-4.393751046218484779e-01
-3.755142174613534389e-01
-3.159435813909541868e-01
-2.606510013758199795e-01
-2.096080730017361726e-01
-2.900700767753679465e-01
-2.286417640752929081e-01
-1.723288145343881972e-01
-1.210316285211336385e-01
-7.466774980367914261e-02
-3.317080959811655183e-02
3.511624017899360895e-03
3.542138457750400315e-02
6.259446231766724322e-02
8.506755312420166693e-02
1.028868432002512934e-01
1.161194524672148065e-01
1.248677677658639601e-01
1.292864073295269811e-01
1.296006397758270035e-01
1.261238155306558251e-01
1.192696349504936554e-01
1.095537356640576693e-01
9.757855327947986823e-02
8.399711976221317655e-02
6.945599317500877889e-02
5.452464741634703571e-02
3.962637790954155054e-02
2.499062537338087031e-02
1.064507178365699247e-02
-3.543669411739162022e-03
-1.778693981521816542e-02
-3.226946501819296514e-02
-4.705217193237204443e-02
-6.200850058063094722e-02
-7.680825574951682944e-02
-9.094726597493124620e-02
-1.038083506644820186e-01
-1.147334670149608299e-01
-1.230889744215116072e-01
-1.283126915888883890e-01
-1.299392341284368035e-01
-1.276060912030354821e-01
-1.210459207175858809e-01
-1.100710972558536505e-01
-9.455537288274752650e-02
-7.441596209786983940e-02
-4.959782267685598767e-02
-2.006076898083040613e-02
1.423059455145973644e-02
5.331448319668655178e-02
9.723753091031221707e-02
1.460587993895149928e-01
1.998525001971820925e-01
2.587096000349257130e-01
3.227383027887495981e-01
3.920632320759833145e-01
4.668228917175383241e-01
5.471647046400819336e-01
6.332364568775245006e-01
7.251722116135518315e-01
8.230693958604372584e-01
9.269511766080812398e-01
1.036703421658525803e+00
1.151967576971700824e+00
1.271958999908411991e+00
1.395168644404222835e+00
1.518905435147294813e+00
1.638670080789023098e+00
1.747447016811763509e+00
1.835167347933065018e+00
1.888777972316342035e+00
1.893405027418980646e+00
1.834835344238244792e+00
1.702901470572470988e+00
1.494602144064634652e+00
1.215495220135156762e+00
8.785459304454389384e-01
5.010290931827667826e-01
1.013006349775020659e-01
-3.028108648651666179e-01
-6.937069961955986130e-01
-1.053229767235382530e+00
-1.363232498540048132e+00
-1.608149912956919891e+00
-1.778422478954161168e+00
-1.872791623970101016e+00
-1.898155638838108006e+00
-1.867146127886506690e+00
-1.794692385385034061e+00
-1.694986348791181818e+00
-1.579655754954070623e+00
-1.457201667932300548e+00
-1.333295448562754393e+00
-1.211445215897430927e+00
-1.093682753039675548e+00
-9.811084990491997226e-01
-8.742651475999785315e-01
-7.733718569895826622e-01
-6.784640394612858616e-01
-5.894754232149094220e-01
-5.062866689949550025e-01
-4.287546367288133653e-01
-3.567303642138718311e-01
-2.900700767021551774e-01
-3.957872307189788663e-01
-3.147719354567797834e-01
-2.401596561464708901e-01
-1.717473711301697459e-01
-1.093775217271915345e-01
-5.293562456504602443e-02
-2.347489098880174360e-03
4.242424309613680722e-02
8.138477712439660949e-02
1.145138415313126240e-01
1.417754059644460718e-01
1.631316683252178878e-01
1.785624918780113202e-01
1.880910368561685697e-01
1.918150994543007526e-01
1.899416104492471502e-01
1.828187239439472700e-01
1.709568477865822111e-01
1.550279964066347826e-01
1.358342022845277774e-01
1.142416472680162359e-01
9.108808471269980167e-02
6.708355008957002374e-02
4.273325380474947421e-02
1.831081169836568795e-02
-6.102954591000672724e-03
-3.052238755546107796e-02
-5.492921863217699319e-02
-7.915519662615283503e-02
-1.028115333985836904e-01
-1.252835491957362546e-01
-1.457855941619468076e-01
-1.634531028756945059e-01
-1.774417449779411293e-01
-1.870083685721282418e-01
-1.915599245872484646e-01
-1.906686582794838991e-01
-1.840605852172071399e-01
-1.715876697999420275e-01
-1.531936416694761049e-01
-1.288805809133941327e-01
-9.868026545661637283e-02
-6.263167597799065844e-02
-2.076441452982096328e-02
2.691298745563767275e-02
8.042112424664875359e-02
1.398152765357288940e-01
2.051894006936421655e-01
2.766791990580442229e-01
3.544646817050473575e-01
4.387724050633831085e-01
5.298773393182588665e-01
6.281040567942440811e-01
7.338264813731955050e-01
8.474646535726779728e-01
9.694753033305222312e-01
1.100329634668290923e+00
1.240465020939033991e+00
1.390185336246256842e+00
1.549465952833730675e+00
1.717596695771666182e+00
1.892582531350613273e+00
2.070246107786897660e+00
2.243083434508795992e+00
2.399146174109906937e+00
2.521527624616322960e+00
2.589252270014659185e+00
2.580221967828005614e+00
2.476119342618107400e+00
2.267917525412755264e+00
1.959576552316218967e+00
1.567623132095230298e+00
1.116136638577010398e+00
6.294416098370682056e-01
1.265987005247141139e-01
-3.791060106431988208e-01
-8.758411375350901862e-01
-1.347723189779617803e+00
-1.772639759677935078e+00
-2.125487100159754839e+00
-2.385106869786251416e+00
-2.540895457998266771e+00
-2.595631725580092475e+00
-2.563626608217017822e+00
-2.465786202395493731e+00
-2.324153602381747508e+00
-2.157899864691095626e+00
-1.981456332603930504e+00
-1.804430094146796559e+00
-1.632510617214685933e+00
-1.468653280031095854e+00
-1.314117700104010078e+00
-1.169213392932053619e+00
-1.033768045239709554e+00
-9.073939141103271044e-01
-7.896282375632086570e-01
-6.800030646834940296e-01
-5.780782445365351130e-01
-4.834561045506136079e-01
-3.957872309360401242e-01
-5.357873610390931907e-01
-4.282817842783060436e-01
-3.289680056664540664e-01
-2.374659090559237407e-01
-1.534876434484459540e-01
-7.683203077429009986e-02
-7.380280608697022821e-03
5.490770713878274228e-02
1.099974636444568110e-01
1.577860592176540677e-01
1.981122899836725015e-01
2.307736781240505852e-01
2.555533037914000105e-01
2.722590859037670730e-01
2.807763467417039860e-01
2.811309464411640424e-01
2.735547293330558016e-01
2.585390700173187395e-01
2.368577511945225700e-01
2.095413714772096925e-01
1.777945317432444439e-01
1.428641310144833643e-01
1.058880650707310772e-01
6.776886775282149611e-02
2.911707976961195460e-02
-9.710013061852216035e-03
-4.848240310625664268e-02
-8.692632310801860773e-02
-1.245687831202938051e-01
-1.606518803468436896e-01
-1.941430439543082032e-01
-2.238313820103254026e-01
-2.484725354164830924e-01
-2.669350600836883913e-01
-2.783100273708023487e-01
-2.819650457355800666e-01
-2.775437462018071622e-01
-2.649251076783290526e-01
-2.441618508954043754e-01
-2.154147032736292988e-01
-1.788939168591765216e-01
-1.348132748650077983e-01
-8.335728622587532111e-02
-2.465964894938963564e-02
4.120998029584937994e-02
1.142538167691836415e-01
1.945508478859354073e-01
2.822605766128719051e-01
3.776269159994131708e-01
4.809830512970744709e-01
5.927578383322118505e-01
7.134839755355362190e-01
8.438077645137187499e-01
9.844994448717890867e-01
1.136460980045594482e+00
1.300723748211608966e+00
1.478419415923563740e+00
1.670690475583018975e+00
1.878479998483939761e+00
2.102105444675033574e+00
2.340492880913909168e+00
2.589961829571024055e+00
2.842565034369503252e+00
3.084260387692808969e+00
3.293618119258783672e+00
3.442189658574253741e+00
3.497729461004111418e+00
3.430748408998649523e+00
3.223235824195187949e+00
2.876380336272790661e+00
2.413064726156629369e+00
1.872224604613356602e+00
1.296047133189368594e+00
7.155882395860170275e-01
1.424907281460876252e-01
-4.281519042284190890e-01
-1.005144742846889150e+00
-1.586206459955866510e+00
-2.149595110571407730e+00
-2.657098535616113644e+00
-3.066280714341689251e+00
-3.344999082448909089e+00
-3.481054261491984381e+00
-3.483593594964340845e+00
-3.377489712527523391e+00
-3.194616346692493281e+00
-2.965935444297949530e+00
-2.716586292347167753e+00
-2.464217061256099850e+00
-2.219605284452443872e+00
-1.988335881515434167e+00
-1.772603929151654212e+00
-1.572665750551822450e+00
-1.387819636768227616e+00
-1.216985689813371962e+00
-1.059009901347922389e+00
-9.128043827708813840e-01
-7.774010434537247383e-01
-6.519643801995304022e-01
-5.357873608997695269e-01
-7.226093666812472005e-01
-5.790642905793786932e-01
-4.462327636740281434e-01
-3.234384150230958377e-01
-2.101740987510077041e-01
-1.060898984286055002e-01
-1.098575683350197681e-02
7.519261973171183222e-02
1.523565887022978738e-01
2.202790874921268793e-01
2.786050060195469635e-01
3.268729278274597472e-01
3.645545007846199836e-01
3.911172625536294412e-01
4.061135627883081245e-01
4.092917773243833768e-01
4.007162315591886181e-01
3.808712322516783488e-01
3.507167832332211410e-01
3.116648620011651105e-01
2.654600814257054298e-01
2.139770684283182067e-01
1.589808067976939132e-01
1.019210197899190623e-01
4.383214141117787455e-02
-1.461999379646507398e-02
-7.295654247055539943e-02
-1.306342647981802996e-01
-1.868182603738337000e-01
-2.402627063767359683e-01
-2.893396783724014876e-01
-3.321997180894206148e-01
-3.670041081608674260e-01
-3.921537362026930040e-01
-4.064537708654853976e-01
-4.091846859805722270e-01
-4.000829530225071817e-01
-3.792569146399029645e-01
-3.470711046569325831e-01
-3.040282807462320602e-01
-2.506683248096205907e-01
-1.874923991748882468e-01
-1.149124331961930146e-01
-3.322137799439021238e-02
5.742209681084221168e-02
1.570004401147427897e-01
2.656404514805543737e-01
3.836164392864001571e-01
5.113557497648665295e-01
6.494483149423232460e-01
7.986612956828030851e-01
9.599593419459034882e-01
1.134529721707858041e+00
1.323808872103640288e+00
1.529500799287056623e+00
1.753565221803222274e+00
1.998130829172846346e+00
2.265253256548630745e+00
2.556390834581864446e+00
2.871430341800852659e+00
3.207100924555575272e+00
3.554736078025205970e+00
3.897659162725013005e+00
4.208997070105360727e+00
4.451335912000968342e+00
4.579947658606775107e+00
4.550790392083389868e+00
4.332716273287425146e+00
3.920560289769412954e+00
3.343322811515562876e+00
2.661472048658116929e+00
1.950935123717873143e+00
1.277943286753608021e+00
6.752135715937970240e-01
1.315714808285415593e-01
-3.982898357334713202e-01
-9.674780507235147820e-01
-1.606702668181972049e+00
-2.305105515836100682e+00
-3.010820522896345164e+00
-3.649410193482689913e+00
-4.149920105710101836e+00
-4.466435813263668564e+00
-4.587500419186165246e+00
-4.532753783743441289e+00
-4.341484713129215578e+00
-4.059383891299355618e+00
-3.728210009495242172e+00
-3.380246934227989719e+00
-3.037071846293357247e+00
-2.711030022113505300e+00
-2.407775103940237749e+00
-2.128758520654685960e+00
-1.873150800001192273e+00
-1.639105543937961817e+00
-1.424486249108605440e+00
-1.227230558107040403e+00
-1.045501844742433351e+00
-8.777310185307188872e-01
-7.226093665219582851e-01
-9.734851399988526666e-01
-7.808207550068694269e-01
-6.024587343873312184e-01
-4.372442820284545006e-01
-2.843153901121863725e-01
-1.430805589406653200e-01
-1.320625752528221085e-02
1.053880120648730545e-01
2.125307802520317313e-01
3.078014316620386603e-01
3.905427167555968748e-01
4.598932266874199426e-01
5.148512451113410604e-01
5.543799795011925546e-01
5.775581422355154926e-01
5.837681713193998423e-01
5.728977094620983923e-01
5.455122901105909916e-01
5.029460381308508143e-01
4.472614192096154850e-01
3.810553344013880017e-01
3.071348912780368923e-01
2.281386121821956103e-01
1.462149907045270369e-01
6.286815172849459510e-02
-2.096840177725598289e-02
-1.046502127253655101e-01
-1.874333129478013282e-01
-2.681226166765125485e-01
-3.448862066835604034e-01
-4.152986180326344035e-01
-4.765904511393354026e-01
-5.260134153395799039e-01
-5.612042631435449902e-01
-5.804501402646685682e-01
-5.828053241182247213e-01
-5.680609805966861936e-01
-5.366066220791324559e-01
-4.892368209826200576e-01
-4.269521498615793664e-01
-3.507878651796144109e-01
-2.616859081712182289e-01
-1.604113598229410520e-01
-4.750570038957192126e-02
7.673428422800199211e-02
2.122630211833751723e-01
3.592872589734055766e-01
5.182684881620445161e-01
6.899313188668685370e-01
8.752807174156647108e-01
1.075629454482692759e+00
1.292634923682739689e+00
1.528340183615228165e+00
1.785205364661797134e+00
2.066098874055596113e+00
2.374188952809614950e+00
2.712632627455021872e+00
3.083904642148703523e+00
3.488562875471995284e+00
3.923254423883834274e+00
4.377901535026437863e+00
4.832351313144063631e+00
5.253367777660763238e+00
5.593569392639492044e+00
5.794428996887732275e+00
5.795174298243037647e+00
5.547803650321854185e+00
5.035410070414990891e+00
4.287526664485190153e+00
3.384270222529400129e+00
2.442862895650090405e+00
1.586482290601651801e+00
9.043477536243169634e-01
4.188849543452645707e-01
7.581996508844315863e-02
-2.355842645604152297e-01
-6.387173272841647487e-01
-1.220408067710135880e+00
-1.997209298163430180e+00
-2.910317443517757674e+00
-3.848572650393114358e+00
-4.687020115846920021e+00
-5.324100736760568608e+00
-5.704502883673280067e+00
-5.823325793037857245e+00
-5.715311679586776883e+00
-5.437039549540513050e+00
-5.049678440996096640e+00
-4.606894863764878778e+00
-4.149066918006550253e+00
-3.702588715260022312e+00
-3.282149218903371413e+00
-2.894066031506457470e+00
-2.539434745008914973e+00
-2.216541119025450701e+00
-1.922455258683107182e+00
-1.653957490884884418e+00
-1.408006297966871267e+00
-1.181931911852343253e+00
-9.734851405974922489e-01
-1.311303065352928954e+00
-1.052144413916067611e+00
-8.123652329342343492e-01
-5.900969302775278535e-01
-3.839444852234979444e-01
-1.929558949504729115e-01
-1.660438182775011290e-02
1.452181430841371357e-01
2.922021929342034086e-01
4.236262347452397492e-01
5.383804354830824535e-01
6.350256158264510065e-01
7.119050862675772029e-01
7.673228459281582481e-01
7.997901515399221672e-01
8.083228201351545517e-01
7.927461812978331412e-01
7.539403704419770369e-01
6.939469261247733778e-01
6.158704913696391170e-01
5.235533390966701228e-01
4.210694831072862576e-01
3.121579476499330985e-01
1.997598061762209665e-01
8.581292516325537967e-02
-2.861580582311119836e-02
-1.428967337926147496e-01
-2.562499285613064615e-01
-3.672106873941551886e-01
-4.733343540812527950e-01
-5.712360877971385253e-01
-6.569409603582291313e-01
-7.264202423881044313e-01
-7.761465090940377065e-01
-8.035199955943189698e-01
-8.070815620650497735e-01
-7.865023209047314889e-01
-7.423978966584089401e-01
-6.760437170179923738e-01
-5.890668410406777467e-01
-4.831703063942202614e-01
-3.599199532673458823e-01
-2.206005664161617974e-01
-6.613257378644862849e-02
1.029670524986208147e-01
2.865974764883356674e-01
4.850758367204974220e-01
6.991400917858817676e-01
9.299607143474286630e-01
1.179164969170151345e+00
1.448872725352980506e+00
1.741735343501263467e+00
2.060956610201887251e+00
2.410253368377214045e+00
2.793679537765432208e+00
3.215190192898361055e+00
3.677768609626399510e+00
4.181901063387379658e+00
4.723206960837918800e+00
5.289184795624631619e+00
5.855392222561350835e+00
6.381971631331341932e+00
6.812166544883856645e+00
7.075049782131076270e+00
7.094593712465960600e+00
6.805902371027792164e+00
6.176663877314557460e+00
5.228218181037363799e+00
4.047622341189845763e+00
2.781911466431534308e+00
1.610045067286092646e+00
6.964912676043606421e-01
1.399617535249212952e-01
-6.345657546906129098e-02
-2.585769292274167977e-02
6.418512405545016841e-02
1.220123820547754133e-03
-3.711896333693667782e-01
-1.112717239990992812e+00
-2.173007273073827683e+00
-3.414491726116640979e+00
-4.658936291883038372e+00
-5.738478985730375292e+00
-6.533984049890264600e+00
-6.991828184791315515e+00
-7.119791591066855219e+00
-6.969310613880489669e+00
-6.613289107755818463e+00
-6.126792217688039166e+00
-5.574357487980990733e+00
-5.004314048504868495e+00
-4.448454867551155267e+00
-3.924766219027582714e+00
-3.441233720738745561e+00
-2.999450929427015744e+00
-2.597443174991860726e+00
-2.231596619603215537e+00
-1.897829716593979477e+00
-1.592222362288566506e+00
-1.311303065352802166e+00
-1.763594209846338190e+00
-1.416710590662518809e+00
-1.096046178669791704e+00
-7.988659966169114890e-01
-5.231052689463904226e-01
-2.673601206148406573e-01
-3.087767615213009645e-02
1.864495907340440739e-01
3.840908082452177408e-01
5.608986168988345788e-01
7.151659102579797089e-01
8.447406444574017126e-01
9.472202663024806846e-01
1.020237747615202473e+00
1.061832015974514265e+00
1.070866732029406077e+00
1.047428981023923233e+00
9.931133206955913284e-01
9.110914343398750503e-01
8.058959297495993379e-01
6.829119848455882380e-01
5.476602881806914569e-01
4.050401161547920736e-01
2.587453564564599073e-01
1.110399797976420744e-01
-3.702061964259303894e-02
-1.849803024358071812e-01
-3.321774423495036932e-01
-4.770074034917297090e-01
-6.164906224984022520e-01
-7.462764643693378108e-01
-8.610660746824746470e-01
-9.553096321701086691e-01
-1.023968588578505035e+00
-1.063144673233095139e+00
-1.070446692152714041e+00
-1.045058115223090001e+00
-9.875486597074843997e-01
-8.995200993868852635e-01
-7.831870324493243052e-01
-6.409757476494339912e-01
-4.751934677409422880e-01
-2.877886563698070499e-01
-8.019871220694055336e-02
1.467328566907273868e-01
3.927929768406746569e-01
6.584112953982408367e-01
9.446652379499224095e-01
1.253287672518442308e+00
1.586677895392947901e+00
1.947904538687593723e+00
2.340671684289924226e+00
2.769194305292675740e+00
3.237894355547503267e+00
3.750786250415333978e+00
4.310379733666631630e+00
4.915912045547828235e+00
5.560769752669238564e+00
6.229127938306387335e+00
6.892172027754111419e+00
7.504787273748793730e+00
8.004218066306043156e+00
8.312682833011331596e+00
8.345898983912888980e+00
8.028498808165396738e+00
7.315164184585440488e+00
6.213242750733532382e+00
4.799622297617616162e+00
3.223331316470193109e+00
1.687290408592803992e+00
4.084494813862122320e-01
-4.360673326929358495e-01
-7.614422579557427184e-01
-6.077782023579291204e-01
-1.385476240728618358e-01
3.984111247322971727e-01
7.368792343002573686e-01
6.642401853508326237e-01
7.608679533035338227e-02
-1.003049168405014457e+00
-2.436455487734205949e+00
-4.020020566813440333e+00
-5.537669384476154200e+00
-6.809721602058742995e+00
-7.722345065754023352e+00
-8.234835316461651900e+00
-8.368842941272802705e+00
-8.187583434516479741e+00
-7.773226897517754530e+00
-7.208298141251470170e+00
-6.563722052010912300e+00
-5.893463669370669678e+00
-5.234154631620239861e+00
-4.607643756247559175e+00
-4.024690202561678198e+00
-3.488607197702348728e+00
-2.998251663456928728e+00
-2.550186736609089344e+00
-2.140091673629090252e+00
-1.763594209845988470e+00
-2.353829737875571038e+00
-1.898929864107802734e+00
-1.478113993911891244e+00
-1.088146528284604786e+00
-7.264953526655726357e-01
-3.914302115934459314e-01
-8.206960805413793247e-02
2.016042208506350353e-01
4.587605307053861381e-01
6.877770072791254963e-01
8.863583038030489192e-01
1.051738336168177801e+00
1.180982618500997283e+00
1.271391014899005967e+00
1.320975265832748491e+00
1.328952859746649340e+00
1.296167481377478836e+00
1.225328702348027932e+00
1.120973219290478884e+00
9.890953623831988395e-01
8.364730847473237363e-01
6.698091601090070402e-01
4.948851677764344315e-01
3.159539430975866203e-01
1.355529033337605493e-01
-4.519087205563101367e-02
-2.258404590017303593e-01
-4.057228640076655513e-01
-5.830734752997756010e-01
-7.545045725136837467e-01
-9.149460199941806815e-01
-1.058059751471867704e+00
-1.176993462430636406e+00
-1.265261365547105665e+00
-1.317531027644699426e+00
-1.330154235569009691e+00
-1.301368865421214771e+00
-1.231188150854243268e+00
-1.121057033705779249e+00
-9.733821954076488092e-01
-7.910369314225637050e-01
-5.769158437826727992e-01
-3.335809407244310631e-01
-6.301060899172152008e-02
2.335581819933282288e-01
5.557148247891287030e-01
9.039090703911895064e-01
1.279450436023907844e+00
1.684478486278145004e+00
2.121893943541838023e+00
2.595220325363348568e+00
3.108340504850505059e+00
3.665023196640019965e+00
4.268125399429171019e+00
4.918338700066230196e+00
5.612359436297810866e+00
6.340433296281344333e+00
7.083385795114334194e+00
7.809525729330780486e+00
8.472188882335276006e+00
9.009103294953460406e+00
9.345047950823468952e+00
9.399207371058588834e+00
9.097940755264435353e+00
8.392240760027839030e+00
7.277085376379387682e+00
5.807723964549626139e+00
4.106604546745137085e+00
2.355176874347396421e+00
7.678450180327435204e-01
-4.493778361304719415e-01
-1.146903582305172087e+00
-1.273202818574222572e+00
-8.963788337803495487e-01
-1.964861853678539494e-01
5.720403331579856365e-01
1.138745027477917615e+00
1.280068995479431315e+00
8.690023596929845606e-01
-1.017437230788511560e-01
-1.527367458114543775e+00
-3.224126773326265294e+00
-4.975958482704331054e+00
-6.580591486809530544e+00
-7.883947301607221014e+00
-8.797210232283234177e+00
-9.296870142154299188e+00
-9.412307602341382307e+00
-9.207239706416505243e+00
-8.760822879090985893e+00
-8.152329400310678764e+00
-7.451103172727931323e+00
-6.711702685542760172e+00
-5.973080256245336450e+00
-5.260298719569043158e+00
-4.587430245326578060e+00
-3.960659492524023939e+00
-3.381024470731397447e+00
-2.846560519689638191e+00
-2.353829737875480443e+00
-3.071953757678557384e+00
-2.504741766496751509e+00
-1.977160452054850914e+00
-1.486986044844404331e+00
-1.032281619915695225e+00
-6.117076310725459987e-01
-2.247035495528670324e-01
1.284289631204437454e-01
4.465280329790339842e-01
7.276586179614327188e-01
9.692918465815716367e-01
1.168583549347134376e+00
1.322749718307676403e+00
1.429518712701550953e+00
1.487615718032399670e+00
1.497209698374651676e+00
1.460235216985357631e+00
1.380500735064191353e+00
1.263519092586909309e+00
1.116046561837601425e+00
9.453864951254017379e-01
7.585846558498952064e-01
5.616923169314244069e-01
3.592785463107480148e-01
1.543245186191163631e-01
-5.146201342480676011e-02
-2.569888596598424724e-01
-4.609537686896068021e-01
-6.610761758651224618e-01
-8.535944469038156956e-01
-1.033159141075602694e+00
-1.193141253542093549e+00
-1.326265433674046479e+00
-1.425404334880193691e+00
-1.484348876621333524e+00
-1.498398566556884415e+00
-1.464679101515593995e+00
-1.382167523879387350e+00
-1.251466976405765097e+00
-1.074410804215542470e+00
-8.535867250608517587e-01
-5.918612932006984684e-01
-2.919621266483576338e-01
4.385030006843546740e-02
4.140110866091282760e-01
8.177830184778616118e-01
1.255300471254891859e+00
1.727529533965338260e+00
2.236138273142171951e+00
2.783255604509586423e+00
3.371079138848863899e+00
4.001275021318984493e+00
4.674101669479767907e+00
5.387193007261346978e+00
6.133967243106371647e+00
6.901698441200799117e+00
7.669411976086827565e+00
8.405943529678884474e+00
9.068716069479217268e+00
9.603990120760162341e+00
9.949442776837509328e+00
1.003981606295440976e+01
9.815935553275107139e+00
9.236585128261944888e+00
8.291609119229018887e+00
7.013449463387026128e+00
5.483529822708389290e+00
3.829955023332814790e+00
2.214264804471902881e+00
8.074809166768132096e-01
-2.410721586121986892e-01
-8.356746906006499165e-01
-9.587253146477133781e-01
-6.804287465860919815e-01
-1.494344650748783143e-01
4.348149564469218631e-01
8.620492192574968904e-01
9.538014937747947286e-01
5.982491269697440828e-01
-2.308430226143574071e-01
-1.474528726134345602e+00
-3.006564513275580719e+00
-4.662653419599402937e+00
-6.272948060733719799e+00
-7.690259309182982506e+00
-8.808880330727477670e+00
-9.572207882278750191e+00
-9.970307639947991518e+00
-1.003048321407606203e+01
-9.804543373614160728e+00
-9.356034214256931492e+00
-8.749663544300421592e+00
-8.043962751683000789e+00
-7.287246869388016357e+00
-6.516306147450958264e+00
-5.756996716366193922e+00
-5.025905625587368419e+00
-4.332429060156123057e+00
-3.680818929242219095e+00
-3.071953757678581809e+00
-3.811434453361294938e+00
-3.171302601608100513e+00
-2.567961446774484457e+00
-2.002538083184802975e+00
-1.475600112315694101e+00
-9.876246741235924498e-01
-5.393124116228005249e-01
-1.317636658919788262e-01
2.334690847276374159e-01
5.544419239944262667e-01
8.289833576755338829e-01
1.054947716970199512e+00
1.230536176546705551e+00
1.354651601674900396e+00
1.427240764106616266e+00
1.449568175809035075e+00
1.424364585908283631e+00
1.355804277861816898e+00
1.249290083510438798e+00
1.111061394855167972e+00
9.476812372501191017e-01
7.654933619700821090e-01
5.701579383488493136e-01
3.663664649765547843e-01
1.578012312231061032e-01
-5.265121748717136591e-02
-2.624855952889938449e-01
-4.690667375859743360e-01
-6.691514123960724536e-01
-8.585640556152642766e-01
-1.032107531776834453e+00
-1.183730972674797099e+00
-1.306915449569512111e+00
-1.395191315839124924e+00
-1.442679121615080717e+00
-1.444551536259002900e+00
-1.397341301833745497e+00
-1.299059498305480176e+00
-1.149128152406905912e+00
-9.481623210839498217e-01
-6.976547764094288562e-01
-3.996209524562989723e-01
-5.625597254846097239e-02
3.303559843174187494e-01
7.584524327915541653e-01
1.226706223501888404e+00
1.734230872971290083e+00
2.280467751523229225e+00
2.864942992554988521e+00
3.486878286400830973e+00
4.144637588275310591e+00
4.834995310796005974e+00
5.552225550274651589e+00
6.287040773206938660e+00
7.025456321715292773e+00
7.747723813778879531e+00
8.427557251292073559e+00
9.031955287093294871e+00
9.521976386161796313e+00
9.854816851231245067e+00
9.987435625825137109e+00
9.881735933947394912e+00
9.510950935397980643e+00
8.866428083065510890e+00
7.963562299968081959e+00
6.845334845222177833e+00
5.581931392611314102e+00
4.265363269954209890e+00
2.998919862511728152e+00
1.882510007498955584e+00
9.962205959463371618e-01
3.853495033933213576e-01
5.039129374156048335e-02
-5.524036566903969825e-02
-1.852110779255063122e-02
4.802098600401397133e-02
2.646193116517359459e-02
-1.852237923449145118e-01
-6.552072514619248222e-01
-1.406804175846285032e+00
-2.416299416481721529e+00
-3.619361214131249227e+00
-4.923945539687532680e+00
-6.226441420597183196e+00
-7.427582759919744149e+00
-8.445266314551767906e+00
-9.222565289130688626e+00
-9.730521700098332616e+00
-9.966394231056298736e+00
-9.948721294272019122e+00
-9.710782229506387253e+00
-9.293882248722781014e+00
-8.741497549940429934e+00
-8.094853513118033916e+00
-7.390092388405694379e+00
-6.656886534091782437e+00
-5.918185694886959780e+00
-5.190735147999260057e+00
-4.486029087206632404e+00
-3.811434453361983277e+00
-4.301829912780701370e+00
-3.692459062513057333e+00
-3.105412036107319196e+00
-2.545817841734383080e+00
-2.017677251447526299e+00
-1.524212448044089285e+00
-1.068135915180221440e+00
-6.518314999478506122e-01
-2.774479575512933671e-01
5.308891669496247634e-02
3.381343197221455821e-01
5.764363733505941667e-01
7.672808242412160196e-01
9.106432617359065951e-01
1.007321301497860144e+00
1.059019945211604918e+00
1.068368190206051116e+00
1.038854291390189699e+00
9.746801736513169834e-01
8.805504389771355855e-01
7.614252728257969727e-01
6.222759608667047804e-01
4.678837891144343453e-01
3.027163426656488965e-01
1.309002866591795211e-01
-4.371050284032065164e-02
-2.173935099583486907e-01
-3.863814338220670774e-01
-5.466978455019606553e-01
-6.940484577188261728e-01
-8.237991761091564280e-01
-9.310527573644767907e-01
-1.010814696605367269e+00
-1.058220903583075412e+00
-1.068788657604174297e+00
-1.038650044588987686e+00
-9.647331089686936867e-01
-8.448680000064993090e-01
-6.778102080719922151e-01
-4.631873198563172811e-01
-2.013870973038024426e-01
1.065882058423942569e-01
4.592736600094716182e-01
8.548729033011981393e-01
1.291345469243764255e+00
1.766431456783297937e+00
2.277599783146914803e+00
2.821911306096503758e+00
3.395793474482023289e+00
3.994729623009702468e+00
4.612874609721909103e+00
5.242620249420243184e+00
5.874149511521865819e+00
6.495037446612537124e+00
7.089977490942073857e+00
7.640730543361080151e+00
8.126405291011446153e+00
8.524174153073289517e+00
8.810502242389016914e+00
8.962910064809134880e+00
8.962203139508053695e+00
8.794988644076877193e+00
8.456176708848856194e+00
7.951058666016741050e+00
7.296499176238596895e+00
6.520807298515109096e+00
5.661986117765790638e+00
4.764302101029622705e+00
3.873435206611430814e+00
3.030809757073479549e+00
2.267982499162608967e+00
1.602095669823364821e+00
1.033328450979800861e+00
5.449855303171624588e-01
1.063902347913250751e-01
-3.218007866850502996e-01
-7.807457041677792198e-01
-1.306240620720998002e+00
-1.922499938425542343e+00
-2.637970514627796970e+00
-3.443827769553161833e+00
-4.315259287622844830e+00
-5.215115757579034117e+00
-6.099116992546361971e+00
-6.921614528991001158e+00
-7.640945873803931754e+00
-8.223629035311162738e+00
-8.646964397125728397e+00
-8.899949585380193540e+00
-8.982699264352531188e+00
-8.904751533433206134e+00
-8.682722155525679497e+00
-8.337750414107270913e+00
-7.893095819523773926e+00
-7.372126967835426647e+00
-6.796823565572816861e+00
-6.186810823384447211e+00
-5.558873324176507147e+00
-4.926854067994186792e+00
-4.301829912781236054e+00
-4.147674270270578667e+00
-3.705020471312744146e+00
-3.265916150916203353e+00
-2.836390273508349047e+00
-2.421648193872085297e+00
-2.026145817924691173e+00
-1.653663282660681411e+00
-1.307368492764317214e+00
-9.898642572422534647e-01
-7.032169985661603784e-01
-4.489682231157974823e-01
-2.281327327139869576e-01
-4.118940621763079318e-02
1.119284120871587435e-01
2.318358870672731220e-01
3.196869820059390355e-01
3.771478580394775348e-01
4.063519689675632596e-01
4.098383541792387508e-01
3.904776566908638169e-01
3.513923821101495037e-01
2.958794948216348919e-01
2.273425394457360693e-01
1.492391610896787180e-01
6.504673605439900697e-02
-2.175470798459944177e-02
-1.076865434977252178e-01
-1.892695024453239505e-01
-2.630236975389815268e-01
-3.254784659050193318e-01
-3.731977619425483894e-01
-4.028237072472568014e-01
-4.111373133909025368e-01
-3.951320031168039093e-01
-3.520931597188982631e-01
-2.796759149993888749e-01
-1.759737236271957939e-01
-3.957205906561644948e-02
1.304158450210219644e-01
3.343311984402696502e-01
5.719669420034504403e-01
8.425748927783974773e-01
1.144876045039110224e+00
1.477066927516184736e+00
1.836815344405054784e+00
2.221240760778183887e+00
2.626876091354698683e+00
3.049612107305297304e+00
3.484627699715867610e+00
3.926314483477905792e+00
4.368207585665351722e+00
4.802938800627748250e+00
5.222231528058932426e+00
5.616958569185486638e+00
5.977284023611169061e+00
6.292907252936942974e+00
6.553419833278197437e+00
6.748774424129415195e+00
6.869851139340653390e+00
6.909086292724378353e+00
6.861110527492369826e+00
6.723327181059162605e+00
6.496348903833476740e+00
6.184213606202183300e+00
5.794309328775564261e+00
5.336970643211818022e+00
4.824745927857907013e+00
4.271387916896580705e+00
3.690668159572147555e+00
3.095159371820185079e+00
2.495151550948487174e+00
1.897864849252708597e+00
1.307089310844015140e+00
7.233225914799785716e-01
1.444000423427549140e-01
-4.334689167808678523e-01
-1.014413218360390223e+00
-1.601560022070853462e+00
-2.195849898069901052e+00
-2.795188074559575409e+00
-3.394054726681822398e+00
-3.983620592282305140e+00
-4.552333798959628197e+00
-5.086874362802426219e+00
-5.573326225454151128e+00
-5.998398677754942732e+00
-6.350539568722001427e+00
-6.620815971627910912e+00
-6.803485482867144718e+00
-6.896233067936495154e+00
-6.900093193118111756e+00
-6.819114340924230966e+00
-6.659840755183987326e+00
-6.430695041362983311e+00
-6.141336368304122217e+00
-5.802057981692044564e+00
-5.423266228442594539e+00
-5.015066703987397290e+00
-4.586964750863095297e+00
-4.147674270277582842e+00
-3.060485473939689616e+00
-2.857781843553153234e+00
-2.648589848928277757e+00
-2.436106601726818699e+00
-2.223315387000447174e+00
-2.012953137706038120e+00
-1.807486375044183857e+00
-1.609094210125843194e+00
-1.419657128384187894e+00
-1.240750499859120781e+00
-1.073642061454567420e+00
-9.192928184329979269e-01
-7.783611222792995443e-01
-6.512098744172025722e-01
-5.379166875820562410e-01
-4.382871148461271460e-01
-3.518707877842446319e-01
-2.779802906093252757e-01
-2.157123723987181829e-01
-1.639711000251965201e-01
-1.214923578794695480e-01
-8.686915087545635239e-02
-5.857718396845127545e-02
-3.500030886180843098e-02
-1.445558172877605373e-02
4.782148969385252579e-03
2.445604460935224198e-02
4.630326880078496077e-02
7.203091479214417114e-02
1.032916313764791899e-01
1.416588008530182408e-01
1.886012648000855441e-01
2.454577705559133627e-01
3.134114689147980970e-01
3.934649399502770928e-01
4.864163102334908562e-01
5.928369751875750548e-01
7.130515486134720859e-01
8.471202707524597697e-01
9.948243720233681531e-01
1.155654286162341338e+00
1.328801048652418215e+00
1.513150624365432018e+00
1.707281341605422886e+00
1.909464733111181367e+00
2.117669915972435479e+00
2.329572338321985292e+00
2.542567739046124320e+00
2.753792506006609297e+00
2.960151791059741466e+00
3.158356791764187488e+00
3.344972487623699031e+00
3.516476753426708068e+00
3.669331164650093680e+00
3.800062948653566419e+00
3.905356431858717059e+00
3.982151095953011311e+00
4.027742070733586921e+00
4.039877703129372222e+00
4.016848133660483100e+00
3.957557795230527198e+00
3.861576393516502392e+00
3.729161847532627139e+00
3.561252583185895215e+00
3.359427478775981246e+00
3.125835653858288765e+00
2.863100780508433196e+00
2.574207893598615460e+00
2.262382684767124452e+00
1.930974431163425820e+00
1.583353451117636590e+00
1.222832438037831482e+00
8.526179697222459053e-01
4.757946019152675121e-01
9.533955443570281407e-02
-2.858382143933448361e-01
-6.648441656054838722e-01
-1.038741274878174137e+00
-1.404502205065242482e+00
-1.758981411911513693e+00
-2.098915229411713046e+00
-2.420954096632338626e+00
-2.721726690048748232e+00
-2.997931597731323450e+00
-3.246448285742685957e+00
-3.464457533007234691e+00
-3.649559724584777953e+00
-3.799880245440825810e+00
-3.914153551053234370e+00
-3.991778432242794938e+00
-4.032842118099588369e+00
-4.038112316284455439e+00
-4.008999491625968581e+00
-3.947494678437687199e+00
-3.856087918093823674e+00
-3.737674422325487189e+00
-3.595454808804189994e+00
-3.432835227536068956e+00
-3.253332166862398900e+00
-3.060485473939686951e+00
-1.132325939987801178e+00
-1.105659145948749478e+00
-1.074907655245727955e+00
-1.040485816796268281e+00
-1.002810011130939483e+00
-9.622924798711413041e-01
-9.193355626020804916e-01
-8.743264258404560563e-01
-8.276323479490824697e-01
-7.795966137177845479e-01
-7.305350600125943838e-01
-6.807332952829830974e-01
-6.304446045964148260e-01
-5.798885461856958523e-01
-5.292502249357668997e-01
-4.786802278166355507e-01
-4.282951988959609602e-01
-3.781789866283504220e-01
-3.283844077473849765e-01
-2.789354694614077923e-01
-2.298300812083213240e-01
-1.810431777045594104e-01
-1.325301963380985937e-01
-8.423083743874648643e-02
-3.607308422596191416e-02
1.202262487299970636e-02
6.013910616297070411e-02
1.083580872409874302e-01
1.567558922862680171e-01
2.053991903471334146e-01
2.543408985630354335e-01
3.036162872954259462e-01
3.532393467730907122e-01
4.031994854081803470e-01
4.534585983609522031e-01
5.039486111299731341e-01
5.545694513810357495e-01
6.051876159450990666e-01
6.556352909398491802e-01
7.057100963802270810e-01
7.551754773741343740e-01
8.037617687043011605e-01
8.511679432238182796e-01
8.970640494682363686e-01
9.410943326135845499e-01
9.828810185157516033e-01
1.022028728062415848e+00
1.058129479322990507e+00
1.090768213136831921e+00
1.119528771879737095e+00
1.144000237673187925e+00
1.163783529744169210e+00
1.178498146136013114e+00
1.187788920985638264e+00
1.191332666289195430e+00
1.188844559898390996e+00
1.180084141325500990e+00
1.164860794700665059e+00
1.143038507685182337e+00
1.114540010492030220e+00
1.079349911156392672e+00
1.037516969976549186e+00
9.891553771099865777e-01
9.344450234790894205e-01
8.736307683502722021e-01
8.070207274192068292e-01
7.349836275730228241e-01
6.579453280388827263e-01
5.763845060083382377e-01
4.908277210467774654e-01
4.018438496448275554e-01
3.100380489867359257e-01
2.160453210891367937e-01
1.205237635797286599e-01
2.414760145103052313e-02
-7.239993302419059362e-02
-1.684338020866100460e-01
-2.632743804038968904e-01
-3.562546244510875204e-01
-4.467271263158620886e-01
-5.340709787616981785e-01
-6.176983821382426854e-01
-6.970608941285161286e-01
-7.716552400430239933e-01
-8.410285588539759827e-01
-9.047830817666967507e-01
-9.625799988872149049e-01
-1.014142547984898224e+00
-1.059258200533654160e+00
-1.097779887021957945e+00
-1.129626229151294625e+00
-1.154780764780865887e+00
-1.173290174294673527e+00
-1.185261531722171524e+00
-1.190858729925836412e+00
-1.190297945307084326e+00
-1.183842539070102839e+00
-1.171797292842397420e+00
-1.154502201662611860e+00
-1.132325939982287588e+00
1.132325939999121456e+00
1.154502201735976730e+00
1.171797293029820608e+00
1.183842539154658757e+00
1.190297945365963450e+00
1.190858730028866663e+00
1.185261531797605405e+00
1.173290174291946819e+00
1.154780764789143266e+00
1.129626229146474037e+00
1.097779886999903809e+00
1.059258200526955296e+00
1.014142547997417099e+00
9.625799988912596694e-01
9.047830817685152960e-01
8.410285588529705647e-01
7.716552391246090936e-01
6.970608941659421909e-01
6.176983820391933611e-01
5.340709787656162666e-01
4.467271272384191749e-01
3.562546244526287875e-01
2.632743803996103193e-01
1.684338020865178975e-01
7.239993302426961375e-02
-2.414760145089593635e-02
-1.205237635794066398e-01
-2.160453210904900168e-01
-3.100380489819509755e-01
-4.018438497761204209e-01
-4.908277210511154953e-01
-5.763845060765602213e-01
-6.579453280847963326e-01
-7.349836276385978140e-01
-8.070207275551402049e-01
-8.736307683661869161e-01
-9.344450235102004232e-01
-9.891553771154212304e-01
-1.037516969998508287e+00
-1.079349911172709175e+00
-1.114540010504734724e+00
-1.143038507680792959e+00
-1.164860794714361880e+00
-1.180084141396820829e+00
-1.188844559857701766e+00
-1.191332666247495453e+00
-1.187788920867843157e+00
-1.178498146167029414e+00
-1.163783529749010448e+00
-1.144000237579462231e+00
-1.119528771757653418e+00
-1.090768213132633502e+00
-1.058129479272377660e+00
-1.022028728192504454e+00
-9.828810186277088246e-01
-9.410943328316028200e-01
-8.970640494053161440e-01
-8.511679431305773091e-01
-8.037617687055986782e-01
-7.551754773510210850e-01
-7.057100964186577841e-01
-6.556352909831568709e-01
-6.051876159027415047e-01
-5.545694513152197302e-01
-5.039486111048048222e-01
-4.534585983383833674e-01
-4.031994854064193112e-01
-3.532393467847594892e-01
-3.036162873016821084e-01
-2.543408985588740401e-01
-2.053991904670484647e-01
-1.567558922857420212e-01
-1.083580872306795367e-01
-6.013910616382710933e-02
-1.202262487308448577e-02
3.607308422594256159e-02
8.423083739789567759e-02
1.325301963327179255e-01
1.810431777025580946e-01
2.298300812091275680e-01
2.789354694680153957e-01
3.283844077432274688e-01
3.781789866344684170e-01
4.282951988884347028e-01
4.786802277925289451e-01
5.292502249435925288e-01
5.798885461351652726e-01
6.304446046455167707e-01
6.807332953156876032e-01
7.305350600414950435e-01
7.795966135954948140e-01
8.276323479766442004e-01
8.743264258601899375e-01
9.193355625276239396e-01
9.622924798498178056e-01
1.002810011295367287e+00
1.040485816754571413e+00
1.074907655133239270e+00
1.105659146021732653e+00
1.132325939858081609e+00
3.060485473954352109e+00
3.253332166876475640e+00
3.432835227549499546e+00
3.595454808816937575e+00
3.737674422761378512e+00
3.856087918117514057e+00
3.947494678913623378e+00
4.008999492107284013e+00
4.038112316261647017e+00
4.032842118199515546e+00
3.991778431306649555e+00
3.914153551104453843e+00
3.799880245239321663e+00
3.649559724398166782e+00
3.464457533009747348e+00
3.246448285739106154e+00
2.997931597927609104e+00
2.721726690079109723e+00
2.420954096521585441e+00
2.098915229130126292e+00
1.758981411910756520e+00
1.404502205197128095e+00
1.038741274745729859e+00
6.648441656045482873e-01
2.858382143931081920e-01
-9.533955443659564155e-02
-4.757946019131248927e-01
-8.526179698290248243e-01
-1.222832438037076752e+00
-1.583353451151857660e+00
-1.930974431152019388e+00
-2.262382684465879645e+00
-2.574207893598416952e+00
-2.863100780841058235e+00
-3.125835653725681951e+00
-3.359427478858078686e+00
-3.561252583121663484e+00
-3.729161847586336176e+00
-3.861576389765283501e+00
-3.957557808681806399e+00
-4.016848131981294756e+00
-4.039877702870866116e+00
-4.027742070743067337e+00
-3.982151095962666254e+00
-3.905356432314636805e+00
-3.800062949097182674e+00
-3.669331165093778324e+00
-3.516476753834290481e+00
-3.344972488021779267e+00
-3.158356791766522065e+00
-2.960151791050111836e+00
-2.753792506331780299e+00
-2.542567739061964538e+00
-2.329572338600690795e+00
-2.117669916206147196e+00
-1.909464733127344660e+00
-1.707281341790764406e+00
-1.513150624384514753e+00
-1.328801048654631778e+00
-1.155654286178929402e+00
-9.948243713932691801e-01
-8.471202706895425427e-01
-7.130515485929573849e-01
-5.928369751938211696e-01
-4.864163102378463721e-01
-3.934649399466121911e-01
-3.134114689481155569e-01
-2.454577705809796451e-01
-1.886012648015848725e-01
-1.416588008552648603e-01
-1.032916313737918118e-01
-7.203091479009138265e-02
-4.630326879982398641e-02
-2.445604460783949372e-02
-4.782148969536944606e-03
1.445558172552281057e-02
3.500030886145580333e-02
5.857718396427381846e-02
8.686915087898230969e-02
1.214923578727679365e-01
1.639711000251965201e-01
2.157123723836067153e-01
2.779802905602575258e-01
3.518707877894214908e-01
4.382871148924593063e-01
5.379166875434044925e-01
6.512098742608883883e-01
7.783611222737896185e-01
9.192928184551909521e-01
1.073642061467766418e+00
1.240750499801247297e+00
1.419657128381881517e+00
1.609094210142133496e+00
1.807486375065277429e+00
2.012953137730543851e+00
2.223315387248213870e+00
2.436106602012833466e+00
2.648589849236536065e+00
2.857781843568415248e+00
3.060485473954350333e+00
4.147674270275286013e+00
4.586964750822142278e+00
5.015066704560781297e+00
5.423266217802408917e+00
5.802057981675970311e+00
6.141336368310586380e+00
6.430695041298006842e+00
6.659840755294180958e+00
6.819114340642308036e+00
6.900093192969362299e+00
6.896233067575955111e+00
6.803485482327478628e+00
6.620815975543460574e+00
6.350539568900439136e+00
5.998398677389412903e+00
5.573326225397106981e+00
5.086874362815058781e+00
4.552333798942134635e+00
3.983620592254671244e+00
3.394054727060038967e+00
2.795188074580672311e+00
2.195849898074788253e+00
1.601560022247067838e+00
1.014413218339929257e+00
4.334689168251262270e-01
-1.444000423380809583e-01
-7.233225914826597602e-01
-1.307089310839486984e+00
-1.897864849364042206e+00
-2.495151550916754335e+00
-3.095159371760679345e+00
-3.690668159614313826e+00
-4.271387916887976921e+00
-4.824745927863230754e+00
-5.336970643216111476e+00
-5.794309339238754575e+00
-6.184213604088318661e+00
-6.496348904146874936e+00
-6.723327181049537415e+00
-6.861110527601452347e+00
-6.909086293066511786e+00
-6.869851139753394342e+00
-6.748774423977423886e+00
-6.553419832146187396e+00
-6.292907252861914102e+00
-5.977284024005106389e+00
-5.616958493010510090e+00
-5.222231528071896278e+00
-4.802938821843550699e+00
-4.368207585536606707e+00
-3.926314483489428131e+00
-3.484627699669061052e+00
-3.049612107288121710e+00
-2.626876082405348090e+00
-2.221240760779058743e+00
-1.836815370349127008e+00
-1.477066928129101120e+00
-1.144876045038984991e+00
-8.425748927824560086e-01
-5.719669420135695681e-01
-3.343311984346601928e-01
-1.304158450251099444e-01
3.957206144074604942e-02
1.759737249481113652e-01
2.796759145333528318e-01
3.520931596031276478e-01
3.951320030702163977e-01
4.111373133837303295e-01
4.028237072574198940e-01
3.731977620351943359e-01
3.254784662400092010e-01
2.630236975447527992e-01
1.892695024642665202e-01
1.076865434971265856e-01
2.175470798473457326e-02
-6.504673605069187514e-02
-1.492391610888144926e-01
-2.273425394544215383e-01
-2.958794948209148012e-01
-3.513923818157873580e-01
-3.904776565921423415e-01
-4.098383541437203847e-01
-4.063519688946244934e-01
-3.771478581859162293e-01
-3.196869819981165151e-01
-2.318358870732591670e-01
-1.119284120881251371e-01
4.118940619901594741e-02
2.281327327105639458e-01
4.489682231152493097e-01
7.032169985968428350e-01
9.898642572473645984e-01
1.307368492774217517e+00
1.653663282705632787e+00
2.026145817916489733e+00
2.421648210488886122e+00
2.836390272322311112e+00
3.265916150815464380e+00
3.705020471292071793e+00
4.147674270329010149e+00
4.301829912780643639e+00
4.926854067991325969e+00
5.558873324177890041e+00
6.186810823364682577e+00
6.796823565585320637e+00
7.372126967836950762e+00
7.893095819511335876e+00
8.337750414107411245e+00
8.682722155526846564e+00
8.904751533424239085e+00
8.982699264360096691e+00
8.899949585383543749e+00
8.646964397119283774e+00
8.223629035310031199e+00
7.640945873801962662e+00
6.921614528990653881e+00
6.099116992033278173e+00
5.215115757588438150e+00
4.315259287629439555e+00
3.443827769547718631e+00
2.637970514625237684e+00
1.922499938428450239e+00
1.306240620720711343e+00
7.807457041604312087e-01
3.218007866854474264e-01
-1.063902347913648350e-01
-5.449855303135073825e-01
-1.033328450973818313e+00
-1.602095669824755708e+00
-2.267982499160829502e+00
-3.030809757076883937e+00
-3.873435206611057779e+00
-4.764302101014785684e+00
-5.661986117767437321e+00
-6.520807298527022233e+00
-7.296499176236253881e+00
-7.951058666014705345e+00
-8.456176708078547932e+00
-8.794988644057751159e+00
-8.962203139509508532e+00
-8.962910064817576128e+00
-8.810502242390665373e+00
-8.524174153073396099e+00
-8.126405290996590480e+00
-7.640730543361007321e+00
-7.089977490920619907e+00
-6.495037446615564924e+00
-5.874149511523239831e+00
-5.242620249428400214e+00
-4.612874609723021102e+00
-3.994729623009341868e+00
-3.395793474490940156e+00
-2.821911306096479777e+00
-2.277599783146762924e+00
-1.766431456785388932e+00
-1.291345469244763011e+00
-8.548729032896108526e-01
-4.592736600179915807e-01
-1.065882058426140255e-01
2.013870973050507218e-01
4.631873198738628572e-01
6.778102080654927475e-01
8.448680000054265005e-01
9.647331089663822024e-01
1.038650044597563049e+00
1.068788657591173585e+00
1.058220903578072747e+00
1.010814696605001339e+00
9.310527573660916101e-01
8.237991761074836550e-01
6.940484577262615584e-01
5.466978455112930790e-01
3.863814341556758292e-01
2.173935098651459119e-01
4.371050284102546979e-02
-1.309002866590510961e-01
-3.027163428321781868e-01
-4.678837891153755923e-01
-6.222759608763410721e-01
-7.614252728266782677e-01
-8.805504389956896327e-01
-9.746801736613992517e-01
-1.038854291412145914e+00
-1.068368190199912915e+00
-1.059019945203655721e+00
-1.007321301505554878e+00
-9.106432617230727500e-01
-7.672808242368787113e-01
-5.764363733466659756e-01
-3.381343197263516620e-01
-5.308891671026767095e-02
2.774479575472809656e-01
6.518314999478063143e-01
1.068135915185537632e+00
1.524212448044044654e+00
2.017677251447598241e+00
2.545817841739034471e+00
3.105412036103540441e+00
3.692459062517116308e+00
4.301829912785952281e+00
3.811434453170130521e+00
4.486029088329729575e+00
5.190735147928662307e+00
5.918185702003996518e+00
6.656886533852922838e+00
7.390092383958709377e+00
8.094853512563508602e+00
8.741497550009954765e+00
9.293882248718556838e+00
9.710782231705746170e+00
9.948721294528876768e+00
9.966394231207505783e+00
9.730521701501674059e+00
9.222565289321508430e+00
8.445266314705312638e+00
7.427582754802070752e+00
6.226441420663695325e+00
4.923945539689210449e+00
3.619361214153409723e+00
2.416299416530975464e+00
1.406804175857244932e+00
6.552072514634075251e-01
1.852237923504798101e-01
-2.646193116700462991e-02
-4.802098600463128308e-02
1.852110779270473365e-02
5.524036566954833999e-02
-5.039129374426300906e-02
-3.853495033915408374e-01
-9.962205959456564841e-01
-1.882510007413312092e+00
-2.998919862591902685e+00
-4.265363269985581240e+00
-5.581931392595834041e+00
-6.845334845270017787e+00
-7.963562300062635657e+00
-8.866428083173692798e+00
-9.510950935488816427e+00
-9.881735924316545905e+00
-9.987435625983787091e+00
-9.854816851501723818e+00
-9.521976386220408983e+00
-9.031955287151946621e+00
-8.427557263318618652e+00
-7.747723813258394543e+00
-7.025456321547346228e+00
-6.287040772629866936e+00
-5.552225550065732484e+00
-4.834995310627867582e+00
-4.144637588132144224e+00
-3.486878286119894810e+00
-2.864942994680843569e+00
-2.280467751474723581e+00
-1.734230874968538005e+00
-1.226706223469366641e+00
-7.584524327884833994e-01
-3.303559843175195576e-01
5.625597253066876025e-02
3.996209524271254199e-01
6.976547763637357402e-01
9.481623210435607962e-01
1.149128152400115344e+00
1.299059498367082011e+00
1.397341301878836983e+00
1.444551536327611130e+00
1.442679121674189435e+00
1.395191315922455155e+00
1.306915449510793970e+00
1.183730972733629816e+00
1.032107531824740576e+00
8.585640554910992650e-01
6.691514124290792731e-01
4.690667366661856463e-01
2.624855952803322179e-01
5.265121748841465610e-02
-1.578012312327366218e-01
-3.663664642432776786e-01
-5.701579383646254717e-01
-7.654933620169549480e-01
-9.476812373027204695e-01
-1.111061394887440823e+00
-1.249290083557626607e+00
-1.355804277081070541e+00
-1.424364585984255305e+00
-1.449568176056901025e+00
-1.427240764190647493e+00
-1.354651600562888802e+00
-1.230536176655566916e+00
-1.054947716824795378e+00
-8.289833576178406993e-01
-5.544419239316383807e-01
-2.334690847043812412e-01
1.317636658976052422e-01
5.393124116238454668e-01
9.876246741182518329e-01
1.475600112291958421e+00
2.002538085600215734e+00
2.567961445749104232e+00
3.171302601252090181e+00
3.811434453168458081e+00
3.071953757678564489e+00
3.680818929242227533e+00
4.332429060156090195e+00
5.025905625587369308e+00
5.756996716366193922e+00
6.516306147450953823e+00
7.287246869388039450e+00
8.043962751682981249e+00
8.749663544300403828e+00
9.356034214256922610e+00
9.804543373614166057e+00
1.003048321407592347e+01
9.970307639947980860e+00
9.572207882278608082e+00
8.808880330727481223e+00
7.690259309182993164e+00
6.272948060733718911e+00
4.662653419599399385e+00
3.006564513274460726e+00
1.474528726134375356e+00
2.308430226173732169e-01
-5.982491269719713012e-01
-9.538014937747967270e-01
-8.620492192574978896e-01
-4.348149564469313000e-01
1.494344650748734016e-01
6.804287465870624274e-01
9.587253146477098253e-01
8.356746906006516928e-01
2.410721586122069326e-01
-8.074809166749832290e-01
-2.214264804471893555e+00
-3.829955023332796138e+00
-5.483529822707335910e+00
-7.013449463386993266e+00
-8.291609119228994018e+00
-9.236585128261953770e+00
-9.815935553275101810e+00
-1.003981606295440265e+01
-9.949442776837296165e+00
-9.603990120760192539e+00
-9.068716069479211939e+00
-8.405943529678911119e+00
-7.669411976086841776e+00
-6.901698441200806222e+00
-6.133967243106371647e+00
-5.387193007261362077e+00
-4.674101669479785670e+00
-4.001275021319008474e+00
-3.371079138848658729e+00
-2.783255604509519365e+00
-2.236138273142162181e+00
-1.727529533965331376e+00
-1.255300471254870098e+00
-8.177830184778798195e-01
-4.140110866091365471e-01
-4.385030006843633477e-02
2.919621266484114797e-01
5.918612932006942495e-01
8.535867250608223378e-01
1.074410804215549575e+00
1.251466976405791964e+00
1.382167523879413329e+00
1.464679101515544479e+00
1.498398566556849776e+00
1.484348876621355284e+00
1.425404334880218782e+00
1.326265433673944782e+00
1.193141253542064906e+00
1.033159141075596699e+00
8.535944469038057036e-01
6.610761758651054754e-01
4.609537686896026387e-01
2.569888596598343122e-01
5.146201342480880014e-02
-1.543245186186253670e-01
-3.592785463107583954e-01
-5.616923169314294029e-01
-7.585846558498704484e-01
-9.453864951253986293e-01
-1.116046561837578333e+00
-1.263519092586903536e+00
-1.380500735064189799e+00
-1.460235216985392492e+00
-1.497209698374653453e+00
-1.487615718032403000e+00
-1.429518712701513872e+00
-1.322749718307709488e+00
-1.168583549347112616e+00
-9.692918465816185991e-01
-7.276586179614267236e-01
-4.465280329790912717e-01
-1.284289631204567905e-01
2.247035495528913462e-01
6.117076310725191313e-01
1.032281619915738746e+00
1.486986044844385235e+00
1.977160452054820938e+00
2.504741766496793254e+00
3.071953757678548058e+00
2.353829737875490213e+00
2.846560519688779323e+00
3.381024470691791350e+00
3.960659492527093928e+00
4.587430245331078460e+00
5.260298719572954695e+00
5.973080256244127639e+00
6.711702685543457392e+00
7.451103172724828028e+00
8.152329400308511609e+00
8.760822879088586035e+00
9.207239706416199709e+00
9.412307602339719637e+00
9.296870142151449912e+00
8.797210232273586783e+00
7.883947301610518821e+00
6.580591486817419344e+00
4.975958482699184060e+00
3.224126773334835772e+00
1.527367458118789489e+00
1.017437230498774436e-01
-8.690023597150892121e-01
-1.280068995481216998e+00
-1.138745027479675764e+00
-5.720403331585429685e-01
1.964861853679539527e-01
8.963788337798930250e-01
1.273202818574679984e+00
1.146903582291320056e+00
4.493778361294933910e-01
-7.678450180364890798e-01
-2.355176874357011396e+00
-4.106604546754351936e+00
-5.807723964528677563e+00
-7.277085376382149917e+00
-8.392240760025279300e+00
-9.097940755261701540e+00
-9.399207371057345384e+00
-9.345047950820662308e+00
-9.009103294953549224e+00
-8.472188882341367133e+00
-7.809525729331507904e+00
-7.083385795107616012e+00
-6.340433296282163234e+00
-5.612359436300824456e+00
-4.918338700063499047e+00
-4.268125399431890621e+00
-3.665023196641522762e+00
-3.108340504838510210e+00
-2.595220325360924729e+00
-2.121893943547205730e+00
-1.684478486279664455e+00
-1.279450436023827242e+00
-9.039090703906405011e-01
-5.557148247863489265e-01
-2.335581819946073723e-01
6.301060899390623082e-02
3.335809407263243820e-01
5.769158437852102139e-01
7.910369314214406034e-01
9.733821954081665062e-01
1.121057033725226137e+00
1.231188150795932357e+00
1.301368865367014793e+00
1.330154236664463197e+00
1.317531027643476182e+00
1.265261365476771482e+00
1.176993462373340238e+00
1.058059751460380227e+00
9.149460582786754781e-01
7.545045725135620662e-01
5.830734753037773999e-01
4.057228640105468020e-01
2.258404589996520773e-01
4.519087205581327760e-02
-1.355529033335738931e-01
-3.159539431009494859e-01
-4.948851677721065045e-01
-6.698091601088883573e-01
-8.364730847415008386e-01
-9.890953623765181835e-01
-1.120973219308416535e+00
-1.225328702507299861e+00
-1.296167481366643059e+00
-1.328952859687946075e+00
-1.320975265833874257e+00
-1.271391014897547578e+00
-1.180982618449046173e+00
-1.051738336168896115e+00
-8.863583038108791001e-01
-6.877770072784540334e-01
-4.587605307049570369e-01
-2.016042208515970713e-01
8.206960805305729689e-02
3.914302115935945348e-01
7.264953526653159521e-01
1.088146528282633918e+00
1.478113993911828850e+00
1.898929864114141663e+00
2.353829737875510641e+00
1.763594209845190663e+00
2.140091673628085722e+00
2.550186736611374627e+00
2.998251663456318994e+00
3.488607197703446516e+00
4.024690202569080277e+00
4.607643763058090869e+00
5.234154631647183642e+00
5.893463669351941547e+00
6.563722051999087093e+00
7.208298141249129820e+00
7.773226897515082001e+00
8.187583434515774528e+00
8.368842941271646296e+00
8.234835316461417420e+00
7.722345065756217153e+00
6.809721602060204937e+00
5.537669384480542689e+00
4.020020566816016050e+00
2.436455487723919955e+00
1.003049168326132445e+00
-7.608679528698214511e-02
-6.642401853132008371e-01
-7.368792341729938355e-01
-3.984111247851191417e-01
1.385476240579029683e-01
6.077782024558554541e-01
7.614422580856716749e-01
4.360673326934537686e-01
-4.084494813072623298e-01
-1.687290408569729783e+00
-3.223331318850698679e+00
-4.799622297662619275e+00
-6.213242750733644293e+00
-7.315164184586040008e+00
-8.028498808164851397e+00
-8.345898983912340086e+00
-8.312682833011189487e+00
-8.004218066307226209e+00
-7.504787273748070753e+00
-6.892172027745377960e+00
-6.229127938310005774e+00
-5.560769752496287133e+00
-4.915912045545832498e+00
-4.310379733657866197e+00
-3.750786250413418621e+00
-3.237894355543748937e+00
-2.769194305294513825e+00
-2.340671684291145027e+00
-1.947904538688486342e+00
-1.586677895392149873e+00
-1.253287672519455498e+00
-9.446652379502833430e-01
-6.584112953966611004e-01
-3.927929768399327504e-01
-1.467328566909154586e-01
8.019871220648494559e-02
2.877886563718879964e-01
4.751934677425697640e-01
6.409757476516808605e-01
7.831870324464526023e-01
8.995200994203240707e-01
9.875486596947934403e-01
1.045058115151793032e+00
1.070446692169200409e+00
1.063144673243484606e+00
1.023968588582172545e+00
9.553096321780782940e-01
8.610660746769329688e-01
7.462764643766963690e-01
6.164906224984070260e-01
4.770074034981266475e-01
3.321774423480718941e-01
1.849803024326744372e-01
3.702061964245818154e-02
-1.110399797979488706e-01
-2.587453564504251236e-01
-4.050401161489500801e-01
-5.476602881939115486e-01
-6.829119848460984965e-01
-8.058959297440732028e-01
-9.110914343288885053e-01
-9.931133206923228318e-01
-1.047428981005784854e+00
-1.070866732010423039e+00
-1.061832015971304166e+00
-1.020237747614960000e+00
-9.472202662861859412e-01
-8.447406449325276512e-01
-7.151659102710172800e-01
-5.608986168965334196e-01
-3.840908082470775864e-01
-1.864495907334698943e-01
3.087767615255401082e-02
2.673601206155712395e-01
5.231052689458657312e-01
7.988659966163881299e-01
1.096046178669710658e+00
1.416710590662787039e+00
1.763594209845852800e+00
1.311303065352808161e+00
1.592222361962570387e+00
1.897829716593622651e+00
2.231596619603381182e+00
2.597443174990293091e+00
2.999450929427325718e+00
3.441233720740012991e+00
3.924766219029428349e+00
4.448454867552674052e+00
5.004314048505732693e+00
5.574357487980044823e+00
6.126792217688087128e+00
6.613289107756957996e+00
6.969310613878691107e+00
7.119791591068015180e+00
6.991828184790859879e+00
6.533984049890126933e+00
5.738478978356559956e+00
4.658936292401122614e+00
3.414491728851633656e+00
2.173007273073861878e+00
1.112717239803690639e+00
3.711896333693784356e-01
-1.220123820536155989e-03
-6.418512405510763685e-02
2.585769292274074649e-02
6.345657546905944524e-02
-1.399617535553391301e-01
-6.964912676043664153e-01
-1.610045066717062268e+00
-2.781911464486919172e+00
-4.047622341189831552e+00
-5.228218181037319390e+00
-6.176663876988149227e+00
-6.805902371028265563e+00
-7.094593712465694146e+00
-7.075049782130299114e+00
-6.812166544885922548e+00
-6.381971631327175487e+00
-5.855392222560913851e+00
-5.289184795626155733e+00
-4.723206960837659452e+00
-4.181901063387298834e+00
-3.677768609623267793e+00
-3.215190192897346755e+00
-2.793679537765353160e+00
-2.410253368377594629e+00
-2.060956610201760242e+00
-1.741735343501539246e+00
-1.448872724186565319e+00
-1.179164969170091615e+00
-9.299607143477860438e-01
-6.991400917000073489e-01
-4.850758367204930921e-01
-2.865974764883625348e-01
-1.029670524987432861e-01
6.613257378632093897e-02
2.206005664172963066e-01
3.599199532652896938e-01
4.831703063946850008e-01
5.890668410402060129e-01
6.760437170169638632e-01
7.423978966584114936e-01
7.865023209042402152e-01
8.070815620640946486e-01
8.035199955944262173e-01
7.761465090054102678e-01
7.264202423880027348e-01
6.569409603585470991e-01
5.712360877971254247e-01
4.733343540792807058e-01
3.672106873941541338e-01
2.562499285612908073e-01
1.428967337926155268e-01
2.861580582311092774e-02
-8.581292516324630359e-02
-1.997598061762309862e-01
-3.121579476499340977e-01
-4.210694831072890887e-01
-5.235533390959096200e-01
-6.158704913696725347e-01
-6.939469261248130127e-01
-7.539403704460115874e-01
-7.927461812978430222e-01
-8.083228201346810415e-01
-7.997901515415457574e-01
-7.673228459333064633e-01
-7.119050862774566335e-01
-6.350256158265282780e-01
-5.383804354804968550e-01
-4.236262347455220789e-01
-2.922021929315166133e-01
-1.452181430831642195e-01
1.660438182670727000e-02
1.929558949505365828e-01
3.839444852232992145e-01
5.900969302775326275e-01
8.123652329834284425e-01
1.052144414156645613e+00
1.311303065352637631e+00
9.734851403248588886e-01
1.181931912344318825e+00
1.408006297287665909e+00
1.653957490653857665e+00
1.922455258441806203e+00
2.216541116442491521e+00
2.539434748261695685e+00
2.894066032564097668e+00
3.282149218898690712e+00
3.702588715259306440e+00
4.149066918004059801e+00
4.606894863763692172e+00
5.049678440996919093e+00
5.437039554020592469e+00
5.715311685009982767e+00
5.823325793491013869e+00
5.704502888764739765e+00
5.324100740764466266e+00
4.687020145058079734e+00
3.848572654093776801e+00
2.910317442764437601e+00
1.997209298123845178e+00
1.220408071011080287e+00
6.387173262236149895e-01
2.355842650345090772e-01
-7.581996487369752069e-02
-4.188849536276123553e-01
-9.043477554712485711e-01
-1.586482289775802634e+00
-2.442862893491060117e+00
-3.384270221673546963e+00
-4.287526662946271827e+00
-5.035410072885831312e+00
-5.547803678464918065e+00
-5.795174286727076129e+00
-5.794428995438484442e+00
-5.593569371392612233e+00
-5.253367777669876837e+00
-4.832351313143475657e+00
-4.377901535026643032e+00
-3.923254419390978853e+00
-3.488562875471996172e+00
-3.083904642904445659e+00
-2.712632627848274858e+00
-2.374188952114000273e+00
-2.066098874661054907e+00
-1.785205364441481146e+00
-1.528340183183744649e+00
-1.292634923547506309e+00
-1.075629454323148826e+00
-8.752807173287576736e-01
-6.899313188672483443e-01
-5.182684881886432393e-01
-3.592872589594779398e-01
-2.122630211807652600e-01
-7.673428395075621022e-02
4.750570047323839085e-02
1.604113594577879220e-01
2.616859079938577137e-01
3.507878638992724674e-01
4.269521503696845355e-01
4.892368213866574167e-01
5.366066224741956603e-01
5.680609793294433274e-01
5.828053248582666379e-01
5.804501401901102087e-01
5.612042635712424232e-01
5.260134147904794721e-01
4.765904512687268446e-01
4.152986181234681884e-01
3.448862066679355687e-01
2.681226166783345910e-01
1.874333129445684420e-01
1.046502127239859886e-01
2.096840177707688310e-02
-6.286815172936045804e-02
-1.462149907052937292e-01
-2.281386121827183311e-01
-3.071348912705376133e-01
-3.810553344611899984e-01
-4.472614188990882145e-01
-5.029460385849325865e-01
-5.455122895651475234e-01
-5.728977089706331904e-01
-5.837681714255958942e-01
-5.775581420358660845e-01
-5.543799794016792681e-01
-5.148512451349981367e-01
-4.598932263923444230e-01
-3.905427169173529278e-01
-3.078014314279475805e-01
-2.125307803283613683e-01
-1.053880120192046271e-01
1.320625768457816401e-02
1.430805589427392721e-01
2.843153900758112473e-01
4.372442820168891964e-01
6.024587344498474328e-01
7.808207544721338378e-01
9.734851406324223078e-01
7.226093666149290273e-01
8.777310178406252383e-01
1.045501845313930644e+00
1.227230558481944955e+00
1.424486248910952213e+00
1.639105544537591053e+00
1.873150800715833064e+00
2.128758520777218610e+00
2.407775110588122214e+00
2.711030019843697847e+00
3.037071846207838099e+00
3.380246934153122051e+00
3.728210005360700130e+00
4.059383853569309863e+00
4.341484712730196982e+00
4.532753776363318998e+00
4.587500414830929074e+00
4.466435766573649602e+00
4.149920104980071578e+00
3.649410217378813659e+00
3.010820523117942127e+00
2.305105513034295228e+00
1.606702662715295382e+00
9.674780505597609936e-01
3.982898359720194459e-01
-1.315714800647444782e-01
-6.752135711607766266e-01
-1.277943279305540747e+00
-1.950935123897254098e+00
-2.661472052962956969e+00
-3.343322808773345756e+00
-3.920560284669965423e+00
-4.332716268391662240e+00
-4.550790431034938521e+00
-4.579947654184171490e+00
-4.451335921947547902e+00
-4.208997076556450168e+00
-3.897659165830019923e+00
-3.554736079114573677e+00
-3.207100924575505552e+00
-2.871430344013376601e+00
-2.556390834589889138e+00
-2.265253255546427535e+00
-1.998130829503584449e+00
-1.753565221036311517e+00
-1.529500798881924251e+00
-1.323808871443175939e+00
-1.134529721791035506e+00
-9.599593430634100200e-01
-7.986612959901313591e-01
-6.494483147010547963e-01
-5.113557498869291118e-01
-3.836164392604016760e-01
-2.656404514761028790e-01
-1.570004401147477580e-01
-5.742209683486412808e-02
3.322137808243480483e-02
1.149124330831848839e-01
1.874923991365618769e-01
2.506683245556003414e-01
3.040282806662437665e-01
3.470711048079383465e-01
3.792569148715559391e-01
4.000829531957623142e-01
4.091846854386864685e-01
4.064537709048720582e-01
3.921537361042896075e-01
3.670041085871620368e-01
3.321997191831033147e-01
2.893396784397284094e-01
2.402627063894440251e-01
1.868182603408085896e-01
1.306342647981728056e-01
7.295654251131075685e-02
1.461999379646474959e-02
-4.383214141117437040e-02
-1.019210197899158149e-01
-1.589808068625541138e-01
-2.139770682510615252e-01
-2.654600817291999926e-01
-3.116648620905954625e-01
-3.507167830885449811e-01
-3.808712321876300266e-01
-4.007162312455590514e-01
-4.092917773925215941e-01
-4.061135621252390804e-01
-3.911172629433734560e-01
-3.645545007894039902e-01
-3.268729279342649230e-01
-2.786050066572928197e-01
-2.202790875963837880e-01
-1.523565887566741550e-01
-7.519261980287393621e-02
1.098575696187634523e-02
1.060898984286311325e-01
2.101740987764130209e-01
3.234384150510837830e-01
4.462327636572257505e-01
5.790642908996701532e-01
7.226093663618620155e-01
5.357873609297032491e-01
6.519643803026876627e-01
7.774010435368482463e-01
9.128043831577550282e-01
1.059009901198932235e+00
1.216985689512920965e+00
1.387819637589880140e+00
1.572665750266549534e+00
1.772603929619533947e+00
1.988335885227612954e+00
2.219605283279155294e+00
2.464217059933069720e+00
2.716586292135398928e+00
2.965935432647614167e+00
3.194616343737638697e+00
3.377489714398917542e+00
3.483593590956245656e+00
3.481054250903764302e+00
3.344999083153834540e+00
3.066280714275956054e+00
2.657098536656069321e+00
2.149595097195895033e+00
1.586206460880538849e+00
1.005144742831370896e+00
4.281519041892439814e-01
-1.424907278497880569e-01
-7.155882381331051256e-01
-1.296047133099665682e+00
-1.872224602918744374e+00
-2.413064719389112156e+00
-2.876380348054295766e+00
-3.223235824279050199e+00
-3.430748409078027361e+00
-3.497729463364833258e+00
-3.442189660241298910e+00
-3.293618119228296504e+00
-3.084260387641601486e+00
-2.842565038979219860e+00
-2.589961822997496554e+00
-2.340492883319451156e+00
-2.102105443633901505e+00
-1.878479997953648173e+00
-1.670690477127001472e+00
-1.478419416426748123e+00
-1.300723747730317292e+00
-1.136460979514237524e+00
-9.844994451954459658e-01
-8.438077640130364765e-01
-7.134839756745265937e-01
-5.927578381405423924e-01
-4.809830512525283819e-01
-3.776269160811178693e-01
-2.822605765781281972e-01
-1.945508478690981813e-01
-1.142538167318496029e-01
-4.120998029540907243e-02
2.465964897000547107e-02
8.335728611956096101e-02
1.348132746059909626e-01
1.788939166915623491e-01
2.154147032436995457e-01
2.441618514947356544e-01
2.649251080349875886e-01
2.775437463845249475e-01
2.819650459659036601e-01
2.783100274466963064e-01
2.669350598459269142e-01
2.484725355402880309e-01
2.238313825392099221e-01
1.941430439824665122e-01
1.606518805960462648e-01
1.245687831202957480e-01
8.692632328403211706e-02
4.848240310625571287e-02
9.710013061852615021e-03
-2.911707976960777391e-02
-6.776886775282242592e-02
-1.058880650707419435e-01
-1.428641311291494742e-01
-1.777945318767119587e-01
-2.095413714726561127e-01
-2.368577510353456483e-01
-2.585390699324854324e-01
-2.735547290891157113e-01
-2.811309458388905336e-01
-2.807763470088789903e-01
-2.722590856398902082e-01
-2.555533038887096708e-01
-2.307736781166055962e-01
-1.981122900702599055e-01
-1.577860591118789568e-01
-1.099974636648378967e-01
-5.490770722252803770e-02
7.380280575213712946e-03
7.683203079985878592e-02
1.534876434143233048e-01
2.374659091462602289e-01
3.289680057504186794e-01
4.282817842752058568e-01
5.357873610615453419e-01
3.957872308586859456e-01
4.834561044203165570e-01
5.780782443051382113e-01
6.800030653239864664e-01
7.896282376529305536e-01
9.073939142836745519e-01
1.033768046262561580e+00
1.169213393225159381e+00
1.314117700690565771e+00
1.468653280296414732e+00
1.632510616999085951e+00
1.804430094786140248e+00
1.981456332474925253e+00
2.157899858006535165e+00
2.324153602694196685e+00
2.465786202381849979e+00
2.563626608317226996e+00
2.595631726515042370e+00
2.540895449698680864e+00
2.385106879131374757e+00
2.125487097521839619e+00
1.772639771964886091e+00
1.347723188464802657e+00
8.758411376932706549e-01
3.791060106575085964e-01
-1.265987005378689523e-01
-6.294416097483822581e-01
-1.116136638609592335e+00
-1.567623126729610572e+00
-1.959576552977749797e+00
-2.267917529772486507e+00
-2.476119344481325868e+00
-2.580221968498121576e+00
-2.589252291546301432e+00
-2.521527625837495457e+00
-2.399146134569810851e+00
-2.243083439827403325e+00
-2.070246109711945781e+00
-1.892582529858735541e+00
-1.717596695076105240e+00
-1.549465952972093552e+00
-1.390185337239137731e+00
-1.240465020729379253e+00
-1.100329634690753844e+00
-9.694753024317180889e-01
-8.474646535448269180e-01
-7.338264814012384063e-01
-6.281040576302798772e-01
-5.298773391464856042e-01
-4.387724047940410044e-01
-3.544646820876422577e-01
-2.766791989654775463e-01
-2.051894006911410273e-01
-1.398152765391106334e-01
-8.042112424755727684e-02
-2.691298745697141490e-02
2.076441453476665991e-02
6.263167592756328783e-02
9.868026548678797416e-02
1.288805807830541716e-01
1.531936416340731189e-01
1.715876700257485676e-01
1.840605850640696373e-01
1.906686581384661738e-01
1.915599245247479321e-01
1.870083687265548245e-01
1.774417448392077989e-01
1.634531027885508803e-01
1.457855941520051490e-01
1.252835493440236925e-01
1.028115334630131245e-01
7.915519646111755792e-02
5.492921851787321147e-02
3.052238755177996005e-02
6.102954590177114488e-03
-1.831081169080272728e-02
-4.273325378237299160e-02
-6.708355011505912069e-02
-9.108808463910766928e-02
-1.142416473574553726e-01
-1.358342021073721817e-01
-1.550279963282570062e-01
-1.709568475858589121e-01
-1.828187236543065697e-01
-1.899416103017508572e-01
-1.918150995940652026e-01
-1.880910370912532159e-01
-1.785624918279782314e-01
-1.631316683321014649e-01
-1.417754059578081871e-01
-1.145138414136103733e-01
-8.138477721526210518e-02
-4.242424301512533885e-02
2.347489083161275955e-03
5.293562454740996515e-02
1.093775217386932369e-01
1.717473710991105906e-01
2.401596561521506246e-01
3.147719352143708016e-01
3.957872308830205355e-01
2.900700766836784017e-01
3.567303643483015207e-01
4.287546366223978778e-01
5.062866684646227800e-01
5.894754235101288264e-01
6.784640393118901436e-01
7.733718576303048042e-01
8.742651475228667701e-01
9.811084985910635270e-01
1.093682754280955516e+00
1.211445216079940268e+00
1.333295448213517087e+00
1.457201667859173932e+00
1.579655754270208101e+00
1.694986348646838836e+00
1.794692392901128031e+00
1.867146127893586582e+00
1.898155656650021061e+00
1.872791628721096391e+00
1.778422478955875796e+00
1.608149927628047982e+00
1.363232498028737139e+00
1.053229765047717370e+00
6.937069939198747814e-01
3.028108645044002012e-01
-1.013006345271461328e-01
-5.010290968075126194e-01
-8.785459313955682470e-01
-1.215495219035120256e+00
-1.494602142811921164e+00
-1.702901474754069611e+00
-1.834835352780917583e+00
-1.893405030824625745e+00
-1.888777975966887013e+00
-1.835167348947374322e+00
-1.747447016955437027e+00
-1.638670081646068200e+00
-1.518905436462344438e+00
-1.395168644261418844e+00
-1.271958999030780912e+00
-1.151967577129274556e+00
-1.036703420892293837e+00
-9.269511757260261442e-01
-8.230693967967218638e-01
-7.251722118984109677e-01
-6.332364572655352353e-01
-5.471647052731007932e-01
-4.668228915137781487e-01
-3.920632324001562807e-01
-3.227383023461318778e-01
-2.587096000876422108e-01
-1.998525002936222539e-01
-1.460587993671411677e-01
-9.723753094660331220e-02
-5.331448314642977387e-02
-1.423059456065010539e-02
2.006076902714329022e-02
4.959782260129752540e-02
7.441596213776005553e-02
9.455537292188981313e-02
1.100710974552554788e-01
1.210459208805248488e-01
1.276060912324834540e-01
1.299392339914079431e-01
1.283126911922740088e-01
1.230889744562305016e-01
1.147334670111579830e-01
1.038083504453301970e-01
9.094726573921456392e-02
7.680825587271053467e-02
6.200850048540794412e-02
4.705217206445549971e-02
3.226946509131718710e-02
1.778693985195957741e-02
3.543669410193693407e-03
-1.064507176020746716e-02
-2.499062534702607002e-02
-3.962637791640646889e-02
-5.452464750623973316e-02
-6.945599316840349313e-02
-8.399711961926352444e-02
-9.757855328440656617e-02
-1.095537357420362651e-01
-1.192696349924748794e-01
-1.261238153489170899e-01
-1.296006397375339680e-01
-1.292864073656743995e-01
-1.248677682442618370e-01
-1.161194526319473674e-01
-1.028868431045039389e-01
-8.506755331373121176e-02
-6.259446226268920721e-02
-3.542138453761388417e-02
-3.511624022432326478e-03
3.317080959401260548e-02
7.466774980753047852e-02
1.210316283718728264e-01
1.723288144863777127e-01
2.286417640612939395e-01
2.900700766974667055e-01
2.096080730715249030e-01
2.606510014204310721e-01
3.159435815479755272e-01
3.755142176084487748e-01
4.393751043779700605e-01
5.075100341901582768e-01
5.798563345049532192e-01
6.562783281139495939e-01
7.365284010579919993e-01
8.201892202119637210e-01
9.065868077822506477e-01
9.946585914499121994e-01
1.082755469428394290e+00
1.168358453359389149e+00
1.247711804867008389e+00
1.315431767982604860e+00
1.364247781809195148e+00
1.385137725910099871e+00
1.368142159073902242e+00
1.303975437897083589e+00
1.186170441299070344e+00
1.013069363726736283e+00
7.888385832641372497e-01
5.230751461609838282e-01
2.293078611377831755e-01
-7.678096936958143937e-02
-3.787433389075255952e-01
-6.603733606074605467e-01
-9.068587188630978790e-01
-1.106410380640998170e+00
-1.252012487772517169e+00
-1.342451656724680920e+00
-1.381995598672621783e+00
-1.378799144434339041e+00
-1.342731229903515677e+00
-1.283435058132726292e+00
-1.209110440579517887e+00
-1.126069718463028169e+00
-1.038836991532260168e+00
-9.504998780372170275e-01
-8.631012812996796679e-01
-7.779672967429418495e-01
-6.959461158337315601e-01
-6.175701574343367417e-01
-5.431631495919574393e-01
-4.729108805426552875e-01
-4.069085487191609896e-01
-3.451928804918830695e-01
-2.877640398298059177e-01
-2.346004988151584036e-01
-1.856689458806496662e-01
-1.409305957435035006e-01
-1.003448533193745523e-01
-6.387098651647295233e-02
-3.146818321481392733e-02
-3.094230499720799794e-03
2.129709348651409942e-02
4.175994453035048598e-02
5.836174677454689791e-02
7.119004997202713070e-02
8.036097354946841742e-02
8.602911056663732625e-02
8.839841053461343356e-02
8.773298894409674309e-02
8.436601024605579202e-02
7.870386977783337679e-02
7.122212910137654118e-02
6.244947503677967388e-02
5.293697631726060338e-02
4.321272450950522370e-02
3.372634082605986683e-02
2.479317025357514331e-02
1.655195975699794847e-02
8.950351195970231849e-03
1.767603157145769023e-03
-5.325574798255089219e-03
-1.268159166495603542e-02
-2.058493542676846991e-02
-2.917745589672439410e-02
-3.841634408933624484e-02
-4.807069638397831052e-02
-5.775154207734462669e-02
-6.696278343796836785e-02
-7.515836571925826881e-02
-8.179361251789850351e-02
-8.636351309959586220e-02
-8.842591565809686249e-02
-8.761113738572592902e-02
-8.362143086723124175e-02
-7.622404842788496615e-02
-6.524110735285784668e-02
-5.053856791527880365e-02
-3.201574735476535316e-02
-9.596116611483613765e-03
1.678035601045383199e-02
4.716328328988975832e-02
8.159647517149636042e-02
1.201211986838450207e-01
1.627781436768512835e-01
2.096080730396461811e-01
1.479043166294695677e-01
1.872262383856884149e-01
2.300014100962107233e-01
2.761957285101462323e-01
3.257492166112566090e-01
3.785647336175000932e-01
4.344917848185801401e-01
4.933037788378363819e-01
5.546664345316258959e-01
6.180941072939435399e-01
6.828894776349631046e-01
7.480600612724652709e-01
8.122033286864177581e-01
8.733526398414197534e-01
9.287844916053273892e-01
9.748119148214295926e-01
1.006635576728020620e+00
1.018384594835869850e+00
1.003515339683229923e+00
9.556865597930266354e-01
8.700520974915911809e-01
7.446589357123859498e-01
5.814699058973157308e-01
3.866136044095132562e-01
1.697930384730385323e-01
-5.687544212587245657e-02
-2.802323856875699182e-01
-4.874657117451390298e-01
-6.675002916972686551e-01
-8.123017581241722684e-01
-9.177999501825273576e-01
-9.840757863620754886e-01
-1.014691920063154118e+00
-1.015420441042106603e+00
-9.928435496950860362e-01
-9.532467936049864310e-01
-9.019888175128745189e-01
-8.433022429895157268e-01
-7.803677095713991152e-01
-7.155043153368654263e-01
-6.503747717361711977e-01
-5.861599195140241303e-01
-5.236924661724107199e-01
-4.635550885692580891e-01
-4.061513750279585611e-01
-3.517571473133047077e-01
-3.005576149140887221e-01
-2.526742059550688979e-01
-2.081837970983927977e-01
-1.671322721826676017e-01
-1.295438353911854135e-01
-9.542711009346283024e-02
-6.477873939078385157e-02
-3.758506000795865803e-02
-1.382213634354347541e-02
6.545561859772426952e-03
2.356775859562341285e-02
3.731215645318957524e-02
4.786938305077113875e-02
5.535903404361040836e-02
5.993662377735636121e-02
6.180108003094152147e-02
6.120204317322222587e-02
5.844577633034950953e-02
5.389791019279844414e-02
4.798068929309972502e-02
4.116207611351840878e-02
3.393436122763780066e-02
2.678118990037074709e-02
2.013438854491386709e-02
1.432550078523406670e-02
9.540690313346783524e-03
5.790151968787975514e-03
2.902749650974013884e-03
5.523319702556575908e-04
-1.685480935950443718e-03
-4.255842030785326677e-03
-7.542730611823813928e-03
-1.180011586906991837e-02
-1.710970514162821199e-02
-2.337085049774620046e-02
-3.031969475308659429e-02
-3.756846176521953795e-02
-4.465352882139998758e-02
-5.108209809070567847e-02
-5.637064822270423242e-02
-6.007210404268222698e-02
-6.179173670240593885e-02
-6.119365951024557937e-02
-5.800050975900634953e-02
-5.198886458546515821e-02
-4.298244821441394442e-02
-3.084462145769414215e-02
-1.547109093289605886e-02
3.216620210519471109e-03
2.527667810620804270e-02
5.075130925000144455e-02
7.966999959235719631e-02
1.120514653475723349e-01
1.479043168556954113e-01
1.002619405376072026e-01
1.307012800546460685e-01
1.640133185589959242e-01
2.001322130526999588e-01
2.389627576504052830e-01
2.803707244566079893e-01
3.241692594054738086e-01
3.701001903596664033e-01
4.178088443167252142e-01
4.668106122119721757e-01
5.164471126847642868e-01
5.658294604883015166e-01
6.137660486866203247e-01
6.586733470845167471e-01
6.984726098808785588e-01
7.304867488298577571e-01
7.513738466739149358e-01
7.571650624146191166e-01
7.434998282277343051e-01
7.061388171208585751e-01
6.417543941965013765e-01
5.488572790916221855e-01
4.285877040136103489e-01
2.850811019867251495e-01
1.252516238885997835e-01
-4.195943234956960033e-02
-2.066836746488417975e-01
-3.593654537425173823e-01
-4.919561897519389437e-01
-5.988672466735501798e-01
-6.774714030691251221e-01
-7.280213969000149943e-01
-7.530403842240599444e-01
-7.564243223623408063e-01
-7.425560900629585293e-01
-7.156458309674930129e-01
-6.793636896274040105e-01
-6.367154062981598139e-01
-5.900671005561277660e-01
-5.412364745924236331e-01
-4.915989085683808435e-01
-4.421845694262485638e-01
-3.937590873602145880e-01
-3.468877343915978684e-01
-3.019853762910435502e-01
-2.593548167990318842e-01
-2.192158662724150442e-01
-1.817270734606880878e-01
-1.470017297148221158e-01
-1.151193581699610086e-01
-8.613374028327785981e-02
-6.007815317982564268e-02
-3.696845942595245599e-02
-1.680440583169626537e-02
4.305560929938347082e-04
1.477072837626303148e-02
2.627076368829415337e-02
3.500929318146200203e-02
4.109345384001970858e-02
4.466414686771397191e-02
4.590170967238553501e-02
4.503147785618466514e-02
4.232840689555665559e-02
3.811954261258945070e-02
3.278269372812980809e-02
2.673935917850692526e-02
2.043991999206045893e-02
1.433962924286650772e-02
8.865266870466764759e-03
4.374534308454224203e-03
1.113135126593773998e-03
-8.227279679852418605e-04
-1.509181503384785525e-03
-1.194381646033142348e-03
-2.705767297080254150e-04
7.797863775873155583e-04
1.455280841271328843e-03
1.310465140693652933e-03
1.989635769660963720e-05
-2.580289405228632267e-03
-6.478477794945471276e-03
-1.149972395760143207e-02
-1.733709084151257435e-02
-2.359296599002377523e-02
-2.982163095638217659e-02
-3.556666541103397500e-02
-4.038972582919686527e-02
-4.388983514278056025e-02
-4.571408934982414130e-02
-4.556160218167689541e-02
-4.318270433347607545e-02
-3.837521990751296269e-02
-3.097924746026121945e-02
-2.087146017162574280e-02
-7.959589897477364548e-03
7.822490895465827876e-03
2.651886844399021365e-02
4.815471249420244515e-02
7.273831653157911137e-02
1.002619406467792074e-01
6.326084117984863420e-02
8.690465679923618791e-02
1.129894327986775276e-01
1.414353763361921590e-01
1.721329518875946152e-01
2.049350546862616362e-01
2.396458892342614166e-01
2.760060495443004136e-01
3.136727368001764882e-01
3.521942076604728245e-01
3.909774270826559261e-01
4.292481230398489944e-01
4.660030118664235665e-01
4.999553180341736458e-01
5.294777739168237130e-01
5.525535339355565068e-01
5.667565507758962617e-01
5.692986768680846632e-01
5.571943765184451669e-01
5.275910300570669786e-01
4.782728277512629522e-01
4.082695055442288612e-01
3.184134757652021808e-01
2.116507841308570559e-01
9.296090298132195229e-02
-3.114030387818854731e-02
-1.534171290761643380e-01
-2.668779892569296819e-01
-3.656896696421279569e-01
-4.458523343088109936e-01
-5.054933772601025721e-01
-5.447404213962728781e-01
-5.652638643368858018e-01
-5.696701619058899269e-01
-5.609311300615454909e-01
-5.419636400953382616e-01
-5.153867527653388514e-01
-4.834225601000931571e-01
-4.478881501217659156e-01
-4.102335667669179120e-01
-3.715967210845075308e-01
-3.328599479486898383e-01
-2.947014142550172244e-01
-2.576390051728707498e-01
-2.220663961578823731e-01
-1.882818805846101784e-01
-1.565109063656202337e-01
-1.269233256092403284e-01
-9.964628950922996276e-02
-7.477364598851642119e-02
-5.237246741512299048e-02
-3.248736742031684693e-02
-1.514285288575318265e-02
-3.441866748486730517e-04
1.192308523294230947e-02
2.169473140463810956e-02
2.903043976837076448e-02
3.401726301385649825e-02
3.677375178347466744e-02
3.745450486343830654e-02
3.625476494159948077e-02
3.341445969004758904e-02
2.922082630893961530e-02
2.400844012558980139e-02
1.815517526791084191e-02
1.207245246704397208e-02
6.188274740559981946e-03
9.221815237585807758e-04
-3.347437422314798999e-03
-6.321252574196718245e-03
-7.817325706674904326e-03
-7.802937853500634124e-03
-6.412005492329220062e-03
-3.941253665047169709e-03
-8.218360384108166789e-04
2.431698942662126675e-03
5.287312217230528445e-03
7.264598880154714451e-03
7.994547453592173655e-03
7.259842575947398138e-03
5.010866614495024414e-03
1.358210270988305032e-03
-3.452926003190687990e-03
-9.078776691598320486e-03
-1.511588121810293617e-02
-2.113682955162993898e-02
-2.671929258482488509e-02
-3.146698390070813006e-02
-3.502285582120290980e-02
-3.707578852749438686e-02
-3.736239707380113045e-02
-3.566553658436631691e-02
-3.181084282418576714e-02
-2.566232460683577632e-02
-1.711772817362627874e-02
-6.104163724723053394e-03
7.425715508141569887e-03
2.349675677741876537e-02
4.211342220383106766e-02
6.326084117856731193e-02
3.438911279521460196e-02
5.278730571534503979e-02
7.329895308403397425e-02
9.584040962203094205e-02
1.202994967230429507e-01
1.465292144911335692e-01
1.743389731179507129e-01
2.034827594253038330e-01
2.336437968125649467e-01
2.644150169674566730e-01
2.952750709452549027e-01
3.255597066746758195e-01
3.544292413400758068e-01
3.808340846168259408e-01
4.034826622234974347e-01
4.208199865046204913e-01
4.310312194939571739e-01
4.320925033581460850e-01
4.218979276837252490e-01
3.984892497978527737e-01
3.603935818530099588e-01
3.070295923408186134e-01
2.390879340751094484e-01
1.587579635086754093e-01
6.969051163398803928e-02
-2.334256685373646209e-02
-1.150385068702104857e-01
-2.002750261393083098e-01
-2.747803093331572799e-01
-3.356105017630685028e-01
-3.813394014405971366e-01
-4.119533821386234806e-01
-4.285315165576862872e-01
-4.328374430838723419e-01
-4.269389978260399454e-01
-4.129228670636449494e-01
-3.927187939864193456e-01
-3.680144709147824544e-01
-3.402316388494941446e-01
-3.105372825286068506e-01
-2.798717406897093252e-01
-2.489827263572170213e-01
-2.184591893242991134e-01
-1.887620486220138172e-01
-1.602504983263390026e-01
-1.332037941219376409e-01
-1.078385288089059174e-01
-8.432223624791584937e-02
-6.278356403141727160e-02
-4.331978468132712673e-02
-2.600197717503847927e-02
-1.087837209111445699e-02
2.023955877130336704e-03
1.269865194555511168e-02
2.116086621860884670e-02
2.744896655838277924e-02
3.162713408382764047e-02
3.378862572758578597e-02
3.405953430127010156e-02
3.260273065661012382e-02
2.962157786728634654e-02
2.536277591853058552e-02
2.011749862922243906e-02
1.421969698284339390e-02
8.040254639151625873e-03
1.975616136003705177e-03
-3.570255654912710911e-03
-8.211047018697650163e-03
-1.160959078621711174e-02
-1.351313621288228670e-02
-1.378781551610555600e-02
-1.244606869777462738e-02
-9.660158412201958616e-03
-5.756118544104633049e-03
-1.185613557890141711e-03
3.522243774506162751e-03
7.822138792668039894e-03
1.121663895711493865e-02
1.331201017743017904e-02
1.385697863860565690e-02
1.275976376015598365e-02
1.008379685564547018e-02
6.026415562303308326e-03
8.870662144023903125e-04
-4.968252948347161475e-03
-1.114082542857588488e-02
-1.722774578167532433e-02
-2.284353254252261683e-02
-2.763472397419296928e-02
-3.128831892453501351e-02
-3.353537508040956711e-02
-3.415113138291080846e-02
-3.295289973930067701e-02
-2.979668762036641327e-02
-2.457331015399936980e-02
-1.720449087658205631e-02
-7.639329599888032736e-03
4.148663036300701511e-03
1.816372414734336929e-02
3.438911282442721346e-02
1.178465704916396850e-02
2.609991207147704245e-02
4.227528346733302328e-02
6.022884735783159277e-02
7.985201776380478067e-02
1.010046460593733014e-01
1.235081071155962051e-01
1.471360689639004404e-01
1.716025831075738695e-01
1.965472097640351967e-01
2.215171446192777116e-01
2.459464724461365159e-01
2.691336572072328681e-01
2.902192852222162389e-01
3.081680086995389201e-01
3.217612717395814115e-01
3.296110236190281095e-01
3.302087554045464723e-01
3.220269499600074692e-01
3.036875131476495238e-01
2.741981992647415933e-01
2.332309501309168809e-01
1.813814465347660665e-01
1.203250469387508043e-01
5.279086288693319445e-02
-1.768016501127780277e-02
-8.716113073599883465e-02
-1.518564514707871627e-01
-2.085878081606331036e-01
-2.551362887154390857e-01
-2.903759879247908571e-01
-3.142011629127637873e-01
-3.273073930311746760e-01
-3.309130388860293537e-01
-3.264964345070706098e-01
-3.155922150758172506e-01
-2.996576534560271288e-01
-2.799995931331316634e-01
-2.577451010099836570e-01
-2.338397823549007437e-01
-2.090614742890326561e-01
-1.840410390849396005e-01
-1.592850951564818152e-01
-1.351978455432152892e-01
-1.121004200092551306e-01
-9.024731801022202460e-02
-6.983968469248941213e-02
-5.103590663115647325e-02
-3.395962425997835904e-02
-1.870559237424347307e-02
-5.343712367415946220e-03
6.078482542031901636e-03
1.553469494202024299e-02
2.301986447961171939e-02
2.855116127338382104e-02
3.216981966435026458e-02
3.394369903706831448e-02
3.397037459062839798e-02
3.238055544551143861e-02
2.934151476792679417e-02
2.506007673403931602e-02
1.978453938125581194e-02
1.380469947164257062e-02
7.448948379066869414e-03
1.077237771460773288e-03
-4.931208343109554082e-03
-1.019635591973797051e-02
-1.436212201596663053e-02
-1.712644794814494748e-02
-1.827407960807874918e-02
-1.770776998329509980e-02
-1.547217649988235667e-02
-1.176451941035480675e-02
-6.927123341074274167e-03
-1.419906914850927512e-03
4.225046205054946644e-03
9.460594108906898378e-03
1.378413751996223832e-02
1.678989201655471664e-02
1.820590639794676321e-02
1.791152605558093969e-02
1.593533875678554770e-02
1.243718617532123087e-02
7.679841972201236801e-03
1.996386656318497113e-03
-4.241652648215136351e-03
-1.065193931001192328e-02
-1.686297863226932092e-02
-2.252941306463071211e-02
-2.734156074422229576e-02
-3.103021781494273365e-02
-3.336796767131678526e-02
-3.416808565891217564e-02
-3.328199364894108420e-02
-3.059598627201325083e-02
-2.602776130713328404e-02
-1.952312563217602215e-02
-1.105315764879204882e-02
-6.119820291238736243e-04
1.178465701708767202e-02
-5.946094655238958436e-03
5.167185538718958686e-03
1.794083391496833352e-02
3.229755576049000987e-02
4.813549120666059389e-02
6.532446961916592298e-02
8.370059165201157447e-02
1.030590795420574385e-01
1.231450467259172649e-01
1.436421547676259569e-01
1.641591968247785582e-01
1.842149784965276815e-01
2.032225547140016075e-01
2.204747263098275067e-01
2.351341499647820465e-01
2.462332802023016465e-01
2.526916511631555617e-01
2.533602066974949829e-01
2.471032957604267777e-01
2.329261638452934657e-01
2.101463991967453815e-01
1.785901094679444578e-01
1.387714485113372698e-01
9.199791979746213544e-02
4.034698750694175329e-02
-1.351150829658192935e-02
-6.662603588570201185e-02
-1.161409217336454996e-01
-1.596509113211505848e-01
-1.954510565881641126e-01
-2.226367134369846013e-01
-2.410569831953580100e-01
-2.511647275113640942e-01
-2.538222086680467227e-01
-2.501135209491636702e-01
-2.411939955443015704e-01
-2.281860478376539769e-01
-2.121172854083374359e-01
-1.938910248831943739e-01
-1.742787681345522310e-01
-1.539259648797905722e-01
-1.333647347649901393e-01
-1.130293113256899407e-01
-9.327167360831938037e-02
-7.437587946422047347e-02
-5.657047697102145223e-02
-4.003878758095452683e-02
-2.492706631925658764e-02
-1.135075405291461649e-02
6.009467366784964053e-04
1.086204266602697720e-02
1.938797568660459783e-02
2.615497814348861222e-02
3.116041580200110475e-02
3.442397048978367707e-02
3.598955963275383280e-02
3.592784409852425864e-02
3.433915304742675423e-02
3.135660846692321646e-02
2.714911565399729179e-02
2.192376759246112902e-02
1.592704796608926041e-02
9.444039015276526131e-03
2.794667736626830958e-03
-3.674063976729832846e-03
-9.600855332107456272e-03
-1.462854983209636688e-02
-1.842821145462477522e-02
-2.072769699931167886e-02
-2.134215903388388125e-02
-2.020243942338008358e-02
-1.737614929798292004e-02
-1.307615726468934828e-02
-7.652263730118811190e-03
-1.564567488558383851e-03
4.659408486964593081e-03
1.047809321844843898e-02
1.539148818413296586e-02
1.899020686400087685e-02
2.099072581781635111e-02
2.125288526376423529e-02
1.977942980375107726e-02
1.670058115828072787e-02
1.224862799425883650e-02
6.727877597772057711e-03
4.847117878573047609e-04
-6.118972487057437216e-03
-1.272708189913926771e-02
-1.900488916695091887e-02
-2.464919423314283417e-02
-2.939395398676873314e-02
-3.301242687647122642e-02
-3.531685550708458382e-02
-3.615657617087389419e-02
-3.541525375810534310e-02
-3.300777768030521003e-02
-2.887720523769487027e-02
-2.299201323540140188e-02
-1.534387650522404424e-02
-5.946094698480668995e-03
-1.985604666901902987e-02
-1.127073817206492717e-02
-1.185500514850117322e-03
1.032834306094016635e-02
2.317701047917099244e-02
3.724139843340935202e-02
5.237296107183487398e-02
6.838811495234467519e-02
8.506112912798678705e-02
1.021154337216230029e-01
1.192135084322690219e-01
1.359457870833501725e-01
1.518195275309461578e-01
1.662493441824462737e-01
1.785521740277349889e-01
1.879507953196718761e-01
1.935915222041392769e-01
1.945828913053985476e-01
1.900621641402363837e-01
1.792938365521734301e-01
1.617973086722276910e-01
1.374888329784424712e-01
1.068081807182417048e-01
7.078978864642873625e-02
3.104044932855771349e-02
-1.039451939634082785e-02
-5.126161819898274186e-02
-8.937817095105886345e-02
-1.228945838300245230e-01
-1.504805571815813481e-01
-1.714027837849986802e-01
-1.854966133167090803e-01
-1.930618646189587728e-01
-1.947239632063451908e-01
-1.912963550261600754e-01
-1.836664072286618987e-01
-1.727131244041014424e-01
-1.592553158498736521e-01
-1.440243007315337720e-01
-1.276540946764073148e-01
-1.106827756687349396e-01
-9.356015971650051555e-02
-7.665837155243283851e-02
-6.028311492400940941e-02
-4.468435563966631496e-02
-3.006577440493494666e-02
-1.659262912849926788e-02
-4.398153679468851975e-03
6.411653674810442564e-03
1.575451779808046890e-02
2.356963837596844080e-02
2.981650220563470885e-02
3.447465690282987272e-02
3.754431524010545806e-02
3.904770182764729508e-02
3.903101017042042570e-02
3.756686044601445507e-02
3.475706835093222979e-02
3.073551060693425693e-02
2.567074653271954332e-02
1.976795247705838768e-02
1.326957258866348632e-02
6.453921631417737156e-03
-3.691436296086602915e-04
-6.866438802729481726e-03
-1.269439679085175403e-02
-1.751725005892810355e-02
-2.103026804556896306e-02
-2.298684496182357498e-02
-2.322693737145144210e-02
-2.170305085978225731e-02
-1.849902597096821436e-02
-1.383685334344434033e-02
-8.067856093746883506e-03
-1.647028115788469558e-03
4.907459887943238334e-03
1.106429007710354843e-02
1.633106103347691657e-02
2.030039780821662337e-02
2.268347859833192565e-02
2.332732507384384715e-02
2.221547047469956543e-02
1.945459832908708400e-02
1.525153781782009194e-02
9.885502508120244669e-03
3.679929189041190873e-03
-3.022911662010348104e-03
-9.882704239819213934e-03
-1.657662276338948970e-02
-2.280981969334100468e-02
-2.832157956060749049e-02
-3.288806543959307827e-02
-3.632258657471948426e-02
-3.847422227671604827e-02
-3.922547787687258314e-02
-3.848949400817455735e-02
-3.620719482823935020e-02
-3.234465122002130877e-02
-2.689085409612711891e-02
-1.985604665138968050e-02
-3.074817060158058571e-02
-2.417037395336549613e-02
-1.622381911477159891e-02
-6.973426513398337315e-03
3.495407763362653759e-03
1.507469924978066707e-02
2.763071679760403104e-02
4.099966368786522181e-02
5.498218558534892497e-02
6.933670088338339532e-02
8.377174346454722975e-02
9.793776107382826113e-02
1.114192144971973553e-01
1.237284303550939546e-01
1.343034728231303487e-01
1.425132933864624862e-01
1.476744160406273654e-01
1.490840642903784041e-01
1.460742549238084054e-01
1.380889912934010200e-01
1.247813425311278118e-01
1.061185400001291718e-01
8.247323609132367617e-02
5.467210273525344860e-02
2.397488621807208897e-02
-8.028573321099356092e-03
-3.959212194343853658e-02
-6.902275875775801262e-02
-9.487782104312712794e-02
-1.161063988268237757e-01
-1.321110804090547819e-01
-1.427313730982901208e-01
-1.481700247889022604e-01
-1.488915313344829350e-01
-1.455189355958467212e-01
-1.387458199801538949e-01
-1.292706714888436914e-01
-1.177537479461838871e-01
-1.047927958675003712e-01
-9.091271984586196675e-02
-7.656454485243475994e-02
-6.212989644522185634e-02
-4.792825138058503381e-02
-3.422512832175547692e-02
-2.124009092133102156e-02
-9.153956513860679253e-03
1.885126608269239003e-03
1.175676495162481655e-02
2.036459579186119043e-02
2.763366180390779137e-02
3.350879482101629114e-02
3.795389969911757561e-02
4.095205956935019098e-02
4.250635927363926453e-02
4.264134002384052657e-02
4.140498601844833093e-02
3.887111793677629212e-02
3.514202155627110802e-02
3.035108355052206636e-02
2.466510758884196339e-02
1.828587142753651182e-02
1.145034838339454436e-02
4.428877534033115806e-03
-2.479548509557626384e-03
-8.955727921840728883e-03
-1.467316773049001828e-02
-1.931584599764373314e-02
-2.260054669702123500e-02
-2.430252697093803968e-02
-2.428209574777894994e-02
-2.250852680712914222e-02
-1.907695424896894976e-02
-1.421389166653447451e-02
-8.268164147708765080e-03
-1.686254075087412728e-03
5.025983696518427496e-03
1.135035353172632495e-02
1.680521014237474839e-02
2.098888303411926629e-02
2.361158742431469781e-02
2.451233044417340176e-02
2.366040438193420248e-02
2.114367505032786754e-02
1.714761054692607103e-02
1.192952829846757531e-02
5.792088235611405310e-03
-9.409292661156634305e-04
-7.944762286621191369e-03
-1.490899212632413630e-02
-2.154815156174592211e-02
-2.760819461569929967e-02
-3.286966396859356682e-02
-3.714839521537650208e-02
-4.029454707168354105e-02
-4.219060171055102892e-02
-4.274884133626331156e-02
-4.190868196779556215e-02
-3.963413786439003855e-02
-3.591161455096332500e-02
-3.074817055396445592e-02
-3.924040645742177258e-02
-3.426468798060973431e-02
-2.802928042224351809e-02
-2.059277668056475399e-02
-1.203242801068635931e-02
-2.445652360372135327e-03
8.047573989893792509e-03
1.930140264461204305e-02
3.113987297150735620e-02
4.335176708142784302e-02
5.568481018257243065e-02
6.783955738495717203e-02
7.946377623801237355e-02
9.014850228732640414e-02
9.942764155101960211e-02
1.067836974340784090e-01
1.116628844870346249e-01
1.135032261593192232e-01
1.117786912639389812e-01
1.060603929250724248e-01
9.609161916224621958e-02
8.186720673205469256e-02
6.370065214232666084e-02
4.225777749105345815e-02
1.853761125018988862e-02
-6.208197020972260755e-03
-3.060869592031885411e-02
-5.333347993681743227e-02
-7.324341200607280278e-02
-8.949985459004496102e-02
-1.016144301506442249e-01
-1.094397848802231288e-01
-1.131164783398354440e-01
-1.129972664507465779e-01
-1.095682648037506063e-01
-1.033800729276899699e-01
-9.499503159065712798e-02
-8.495139754622636763e-02
-7.374218614473081190e-02
-6.180519001661420597e-02
-4.952068547525306785e-02
-3.721387525537619978e-02
-2.515986793137607244e-02
-1.358964989900018731e-02
-2.696118499234823572e-03
7.360408059146329902e-03
1.644749060768829069e-02
2.445678933779873304e-02
3.130120794691521741e-02
3.691296607161343585e-02
4.124248320179046967e-02
4.425805584541084303e-02
4.594621198327180495e-02
4.631270664360245815e-02
4.538406108792256144e-02
4.320955318503676146e-02
3.986354624192024049e-02
3.544798688070741055e-02
3.009484244827181562e-02
2.396816109135494963e-02
1.726532681010255199e-02
1.021695364664834856e-02
3.084746013393054650e-03
-3.843451694363772108e-03
-1.026218328728089289e-02
-1.586113351807174124e-02
-2.034238679826172805e-02
-2.344184414513399498e-02
-2.495354892506608177e-02
-2.475460499465719985e-02
-2.282728913692457645e-02
-1.927437679670553072e-02
-1.432364154172244275e-02
-8.318713496889677123e-03
-1.695425258070890366e-03
5.054445204844741288e-03
1.142750123210208371e-02
1.695476751392534578e-02
2.124269094014717696e-02
2.400350889546075048e-02
2.507170334496271538e-02
2.440607550509789336e-02
2.207937122622781814e-02
1.825904641304869347e-02
1.318327393402110234e-02
7.135961756606475082e-03
4.236599700373609874e-04
-6.643870941528088638e-03
-1.376866200383198950e-02
-2.067511506738253096e-02
-2.711664560267021754e-02
-3.287913150114844113e-02
-3.778194318264101875e-02
-4.167729145824550924e-02
-4.444850907087014719e-02
-4.600775586000518946e-02
-4.629351732587892038e-02
-4.526816807896912043e-02
-4.291579096692078876e-02
-3.924040648884317972e-02
-4.581245901836512174e-02
-4.212038585243767230e-02
-3.726077246572180590e-02
-3.128623319910932288e-02
-2.426639280709589827e-02
-1.628892522483035496e-02
-7.461326601150120898e-03
2.086561724930388086e-03
1.219927156280878507e-02
2.269176583301550296e-02
3.334499797784349490e-02
4.390136190454970583e-02
5.406067223709495190e-02
6.347770446183574611e-02
7.176280579956581529e-02
7.848763555233977118e-02
8.319856039674881909e-02
8.544037837961543369e-02
8.479248612333376012e-02
8.091785317812549838e-02
7.362184255134265887e-02
6.291315924954418715e-02
4.905413918816645819e-02
3.258444402786964122e-02
1.430398370537649087e-02
-4.791010108562097740e-03
-2.361183765384819097e-02
-4.110120931285144580e-02
-5.635023822200398158e-02
-6.868408072403622833e-02
-7.770242126217957734e-02
-8.327474400465698090e-02
-8.550132311733631141e-02
-8.465572045033936677e-02
-8.112360900713182221e-02
-7.534823530858211771e-02
-6.778772406875287204e-02
-5.888532153024130661e-02
-4.905115735766537449e-02
-3.865301254533010794e-02
-2.801343445146430716e-02
-1.741088485529933283e-02
-7.083134977772805908e-03
2.768346707256679091e-03
1.197383579779456170e-02
2.039113440794420445e-02
2.790193582764727634e-02
3.440892451150093928e-02
3.983362459245186338e-02
4.411500259766458487e-02
4.720877443768203147e-02
4.908737004806976167e-02
4.974050842624903879e-02
4.917630922548744260e-02
4.742289442477819195e-02
4.453036679134939752e-02
4.057307260239500363e-02
3.565198364969259653e-02
2.989695637792319158e-02
2.346858141180714966e-02
1.655919692295259454e-02
9.392533378631058583e-03
2.221359695234064770e-03
-4.677598458874914454e-03
-1.101216578269775120e-02
-1.648722198341855127e-02
-2.082140496117626180e-02
-2.376762391810409436e-02
-2.513614332033954624e-02
-2.481799353868350752e-02
-2.280554560930139404e-02
-1.920648023400645110e-02
-1.424752595274793657e-02
-8.265320577582505740e-03
-1.683753925643402928e-03
5.020432281138235975e-03
1.135952758228173272e-02
1.687832457978371073e-02
2.119291892860004911e-02
2.401963161700758354e-02
2.519095957889403922e-02
2.465806334243469261e-02
2.248149210139569962e-02
1.881343119449693790e-02
1.387526423131110222e-02
7.933982296956139380e-03
1.280171286826116764e-03
-5.790695106396240126e-03
-1.299286295150972777e-02
-2.006075188818742458e-02
-2.675566458264745651e-02
-3.286941275223028563e-02
-3.822558779458734568e-02
-4.267915609236520857e-02
-4.611496862412324538e-02
-4.844566447290060696e-02
-4.960930900027780976e-02
-4.956706202117268367e-02
-4.830102740949204082e-02
-4.581245902466167530e-02
-5.083983713880910887e-02
-4.817939680311324885e-02
-4.443042837907055370e-02
-3.964004919020744366e-02
-3.387091544930451170e-02
-2.720187453402761815e-02
-1.972925404192609269e-02
-1.156876693619171559e-02
-2.858027016668233163e-03
6.240410973514362927e-03
1.553566242126813539e-02
2.480510510578935388e-02
3.379151488222192912e-02
4.220158996657849548e-02
4.970713805026742704e-02
5.595052597990177179e-02
6.055641271165157491e-02
6.315175121843323580e-02
6.339555759812535995e-02
6.101843985096344625e-02
5.586926054129680991e-02
4.796262660765088920e-02
3.751719930541255743e-02
2.497264116568040024e-02
1.097458774369709268e-02
-3.676645713754943257e-03
-1.810806764788517806e-02
-3.147136106763263191e-02
-4.303496245885128635e-02
-5.225207448607693816e-02
-5.879385252709451448e-02
-6.254740439202317870e-02
-6.358663387995509841e-02
-6.212788179706023317e-02
-5.848182601306972650e-02
-5.300983546442884081e-02
-4.608919395826347604e-02
-3.808832685916891531e-02
-2.935117344817845045e-02
-2.018884885959051217e-02
-1.087656714762440247e-02
-1.653955224183118605e-03
7.272642288766890777e-03
1.572693933007462616e-02
2.355926079335966122e-02
3.064329180019646076e-02
3.687329054845515930e-02
4.216186848643208029e-02
4.643839335204783675e-02
4.964802787058509442e-02
5.175134878785606768e-02
5.272457673448417009e-02
5.256027464079589262e-02
5.126858608685836566e-02
4.887885066249447047e-02
4.544157641691905919e-02
4.103063095119751508e-02
3.574550781622703316e-02
2.971344564824777296e-02
2.309109300981440974e-02
1.606532646495863192e-02
8.852722595435312536e-03
1.697040360805314148e-03
-5.135893605613825463e-03
-1.136660914739011895e-02
-1.671418669578989685e-02
-2.091239088539363980e-02
-2.372930808807754977e-02
-2.498926916215913480e-02
-2.459492973685748277e-02
-2.254646366351734446e-02
-1.895442403809901796e-02
-1.404284102297400152e-02
-8.140197686105167529e-03
-1.657714585701073814e-03
4.943336540915393637e-03
1.119130273299462699e-02
1.664529845022648044e-02
2.093200589140072065e-02
2.377323136253662456e-02
2.500135227620169792e-02
2.456207568050854453e-02
2.250607244062154469e-02
1.897250963727372536e-02
1.416798894819408343e-02
8.344222671143278203e-03
1.777040841221480625e-03
-5.251587940257243861e-03
-1.246773690814994250e-02
-1.961577903639620188e-02
-2.646508599264364020e-02
-3.281375771481619824e-02
-3.849006178211029222e-02
-4.335222089725908334e-02
-4.728711347471965115e-02
-5.020833855187036010e-02
-5.205399166107500114e-02
-5.278441251032828935e-02
-5.238008629473299427e-02
-5.083983713113176400e-02
-5.461882553395571577e-02
-5.278916174079432977e-02
-4.993965209319893572e-02
-4.611245069587446149e-02
-4.136392901064878114e-02
-3.576503511920399447e-02
-2.940218929552566862e-02
-2.237870094470287979e-02
-1.481668814414342956e-02
-6.859413324243033433e-03
1.326126442353993233e-03
9.546647611716807535e-03
1.758054305785327828e-02
2.517708128976007750e-02
3.205786581363513632e-02
3.792187892962702728e-02
4.245567334082874650e-02
4.535025035093107060e-02
4.632567095747400221e-02
4.516321189679011611e-02
4.174275645848610217e-02
3.608028413516101846e-02
2.835747694245738942e-02
1.893401983188218105e-02
8.334515158204457153e-03
-2.793084217863414306e-03
-1.374299414027421208e-02
-2.382905702754955710e-02
-3.245809953526081204e-02
-3.918455305563661034e-02
-4.373783329289254729e-02
-4.602195037255287641e-02
-4.609338198290646033e-02
-4.412638415526620728e-02
-4.037471950654263758e-02
-3.513642967693340197e-02
-2.872531650671981615e-02
-2.145027115740281987e-02
-1.360191497989170911e-02
-5.445183462644143622e-03
2.783740277015847153e-03
1.087760847998552743e-02
1.865658144050182099e-02
2.596585948686748468e-02
3.267306543138111946e-02
3.866575400660623996e-02
4.384927019443030094e-02
4.814507481591409621e-02
5.148958543942526445e-02
5.383355316231801246e-02
5.514195448175661374e-02
5.539438146852292133e-02
5.458589607942047200e-02
5.272830948959841141e-02
4.985182708932400092e-02
4.600699480722215268e-02
4.126681321237522793e-02
3.572891841023123627e-02
2.951755735320839985e-02
2.278511027603272177e-02
1.571275856260767601e-02
8.509796495657947005e-03
1.411066716504194617e-03
-5.328181812963548453e-03
-1.144056054004124502e-02
-1.665839909414046013e-02
-2.072930047073512361e-02
-2.343493252240892374e-02
-2.461190439672822361e-02
-2.417261014918781550e-02
-2.212324616714708703e-02
-1.857569200070848664e-02
-1.375011344742316753e-02
-7.966107642786957391e-03
-1.621880548929287898e-03
4.836857277565975374e-03
1.095454724246825405e-02
1.630482446364259902e-02
2.052547601484109099e-02
2.334475414891755418e-02
2.459627847636477668e-02
2.422198538936705045e-02
2.226452496484321655e-02
1.885190141394469873e-02
1.417763673071263317e-02
8.479617260005692381e-03
2.020040697533929779e-03
-4.931847599631427465e-03
-1.211347835277808496e-02
-1.927897938951899509e-02
-2.620582088645139612e-02
-3.269856978819338927e-02
-3.859045924764253205e-02
-4.374332196005580736e-02
-4.804644484914720459e-02
-5.141477240503231766e-02
-5.378680515946295676e-02
-5.512242490280091362e-02
-5.540084896682927196e-02
-5.461882551824678855e-02
-5.738495191520936317e-02
-5.622495391316786190e-02
-5.410556535344897278e-02
-5.106450656124499055e-02
-4.715253924308795974e-02
-4.243359007150309531e-02
-3.698533705479483541e-02
-3.090023615410713437e-02
-2.428697242654699953e-02
-1.727224754416807964e-02
-1.000275459959750445e-02
-2.647088580775682452e-03
4.602819487581667930e-03
1.153134858195649717e-02
1.790075969139542575e-02
2.345577130184856723e-02
2.793238107509948484e-02
3.107212536321963398e-02
3.264251869916328513e-02
3.246339359470087893e-02
3.043714127736966285e-02
2.657862011974414934e-02
2.103835179764328850e-02
1.411156188306619472e-02
6.226854148471361490e-03
-2.087755239571107910e-03
-1.025773137676374257e-02
-1.772432068134869795e-02
-2.400362226979493169e-02
-2.873087970982887360e-02
-3.168318819404077752e-02
-3.278004721695995660e-02
-3.206632071834406017e-02
-2.968478316248365431e-02
-2.584536894854241179e-02
-2.079649916761042855e-02
-1.480156735285128276e-02
-8.121632769722424844e-03
-1.004012953951424238e-03
6.324255670662726724e-03
1.365934352744149760e-02
2.082111636018778994e-02
2.765215075829131897e-02
3.401599974535703813e-02
3.979520956614797378e-02
4.488941426758747549e-02
4.921370421589962851e-02
5.269737714881055080e-02
5.528313317579891528e-02
5.692671878211623404e-02
5.759702447826539617e-02
5.727662309370518123e-02
5.596271039579242546e-02
5.366843720310709998e-02
5.042455376618604906e-02
4.628132156763926225e-02
4.131057358908656746e-02
3.560778944987548489e-02
2.929396150573549892e-02
2.251699359939108441e-02
1.545223638900693024e-02
8.301727301806581527e-03
1.291552388076346730e-03
-5.333234556454316717e-03
-1.131669454817675960e-02
-1.640352027627691930e-02
-2.035399199399298698e-02
-2.296200530942268600e-02
-2.407492263085332998e-02
-2.361335221454167674e-02
-2.158810043281258334e-02
-1.811120397046737940e-02
-1.339815061323440873e-02
-7.759214002883887962e-03
-1.579497735537110188e-03
4.710719137002704685e-03
1.067179562688250899e-02
1.589184599885877167e-02
2.002001899164459336e-02
2.279163342473764647e-02
2.404255220124720122e-02
2.371224627449677533e-02
2.183683592059893278e-02
1.853469761566872709e-02
1.398773718421539823e-02
8.421257850650946952e-03
2.084868591670688710e-03
-4.764147970783181966e-03
-1.187408779489451324e-02
-1.900856654951200986e-02
-2.595305269624470154e-02
-3.251865425257847303e-02
-3.854374158166942038e-02
-4.389399786516622742e-02
-4.846139690543584122e-02
-5.216253538016171060e-02
-5.493663099168590719e-02
-5.674342577710381197e-02
-5.756119401823994036e-02
-5.738495089570910812e-02
-5.932676291739669150e-02
-5.870645426786834375e-02
-5.718057115333504553e-02
-5.478290732992338596e-02
-5.155924829772878804e-02
-4.756730926728711117e-02
-4.287707394437296343e-02
-3.757151435911102594e-02
-3.174767166705706745e-02
-2.551801079440033093e-02
-1.901192238364771137e-02
-1.237714562524088943e-02
-5.780764291373581380e-03
5.907369110872658698e-04
6.533053560411783423e-03
1.182816303079416674e-02
1.625194696536211292e-02
1.958625656155684944e-02
2.163596271416440633e-02
2.225067015108271595e-02
2.134936802174325701e-02
1.894452603730681362e-02
1.516047144747025878e-02
1.024012019729211506e-02
4.535207627950539958e-03
-1.521671327605929411e-03
-7.460146471960520977e-03
-1.282265905723796624e-02
-1.721247233799892348e-02
-2.032989107600957635e-02
-2.199118951525354249e-02
-2.212967684080421535e-02
-2.078241418741584925e-02
-1.806825525421123027e-02
-1.416291991337037190e-02
-9.275491451412791119e-03
-3.628917769891642792e-03
2.554518846828036926e-03
9.062946381344690744e-03
1.570063748066480303e-02
2.229073114904492683e-02
2.867589605158588420e-02
3.471772817591629867e-02
4.029548910557789049e-02
4.530460846736693997e-02
4.965523412236543671e-02
5.327100165780404573e-02
5.608812934021329549e-02
5.805488193412106090e-02
5.913143927755496604e-02
5.929014930701811958e-02
5.851617797955414868e-02
5.680852398703572365e-02
5.418137106869653358e-02
5.066573301663167966e-02
4.631132478270520714e-02
4.118856124323169721e-02
3.539054247851736862e-02
2.903482514038236914e-02
2.226471299010956278e-02
1.524969838446564238e-02
8.184628287787073034e-03
1.287060491473320184e-03
-5.207738557013645228e-03
-1.105467818671275818e-02
-1.600997429889907189e-02
-1.984557192091962810e-02
-2.236639914444721322e-02
-2.342932143614697565e-02
-2.296190609788844803e-02
-2.097843250577168320e-02
-1.759022005788826379e-02
-1.300751233715507181e-02
-7.531039457366271381e-03
-1.532878899061748115e-03
4.571852244343579605e-03
1.035912050029528034e-02
1.543132960802871476e-02
1.944905133253372817e-02
2.215506240283004677e-02
2.338820183065577762e-02
2.308649062228997420e-02
2.128072140266691267e-02
1.808091806222869233e-02
1.365859389514114015e-02
8.227611612710883024e-03
2.025887189532784519e-03
-4.700540281649397828e-03
-1.171030913029397387e-02
-1.877621397847048165e-02
-2.569158658333548645e-02
-3.227405391718084909e-02
-3.836720285072026115e-02
-4.384072274020874710e-02
-4.858948314856011141e-02
-5.253196690368435590e-02
-5.560836202472408535e-02
-5.777854870124107811e-02
-5.902014990290279511e-02
-5.932676288792021468e-02
-6.059619889284853511e-02
-6.041017593761125598e-02
-5.936697393925331051e-02
-5.749692738341590642e-02
-5.484142435524515941e-02
-5.145269927578242919e-02
-4.739397283769015978e-02
-4.273993506061181391e-02
-3.757752012787694135e-02
-3.200693182906299422e-02
-2.614277041843326641e-02
-2.011508757130044817e-02
-1.407005971828462730e-02
-8.169850990618014036e-03
-2.591082695687690809e-03
2.478815838200641372e-03
6.848184951310505413e-03
1.033136550247143980e-02
1.276298295972556028e-02
1.401594493419590880e-02
1.402168123660991680e-02
1.278972178975458854e-02
1.042239978557862705e-02
7.119925366381407023e-03
3.171969999263438665e-03
-1.065495055583316015e-03
-5.205571857511626793e-03
-8.871847636044932414e-03
-1.173773592236632655e-02
-1.355631051021044878e-02
-1.417615887715391494e-02
-1.354269490912571663e-02
-1.168769191213772651e-02
-8.711554966700023675e-03
-4.762958594299039096e-03
-1.945561565662031161e-05
5.328764976476183489e-03
1.109112248071370682e-02
1.708497175847012786e-02
2.314061468211707495e-02
2.910379230687706181e-02
3.483643593202119526e-02
4.021633617485705081e-02
4.513623279671943184e-02
4.950269543931108684e-02
5.323502476325311927e-02
5.626434741635157749e-02
5.853297442231867459e-02
5.999409064817522175e-02
6.061178576747749958e-02
6.036144289080835890e-02
5.923046878802720738e-02
5.721935632535707361e-02
5.434305265908319360e-02
5.063259164952890745e-02
4.613692185896259290e-02
4.092484660988843226e-02
3.508692465959403067e-02
2.873715764847223353e-02
2.201418925749422037e-02
1.508167463412585403e-02
8.127399620188659538e-03
1.360652883477195220e-03
-4.992674207655087466e-03
-1.069775958705909517e-02
-1.552159865686765852e-02
-1.924689115810167966e-02
-2.168858069955526338e-02
-2.271195936981353081e-02
-2.225052362131157285e-02
-2.032113807448332130e-02
-1.703373052492548889e-02
-1.259292215617493528e-02
-7.289824744658186979e-03
-1.483677088808087706e-03
4.425210913983834531e-03
1.002802315071354110e-02
1.494116685139581374e-02
1.883657204142565045e-02
2.146469929177814706e-02
2.266789037912019661e-02
2.238351140168438544e-02
2.063800172202972724e-02
1.753409324860986593e-02
1.323396700143951617e-02
7.941000647807701721e-03
1.882264399589476120e-03
-4.706780939334665424e-03
-1.159463554204614999e-02
-1.856293317966397835e-02
-2.541267832261455070e-02
-3.196794337265685543e-02
-3.807755747194410678e-02
-4.361530665732372275e-02
-4.847909558399796093e-02
-5.258947492554532505e-02
-5.588781159596222653e-02
-5.833435232267768916e-02
-5.990632545914723051e-02
-6.059619888436475893e-02
-6.131644068418064253e-02
-6.147884151997345947e-02
-6.082797872967211916e-02
-5.939114849069439261e-02
-5.720586338367374818e-02
-5.431952830815628408e-02
-5.078942498557117990e-02
-4.668299831589815124e-02
-4.207840271297310503e-02
-3.706525266837053245e-02
-3.174546576638324208e-02
-2.623403226777287073e-02
-2.065945113369829778e-02
-1.516347201174033169e-02
-9.899646327070361906e-03
-5.030099439513290895e-03
-7.198563089087027089e-04
2.871857478218416485e-03
5.603620385838108987e-03
7.366814558623397714e-03
8.102345981883120329e-03
7.816670462644746686e-03
6.593664744311037232e-03
4.598486318914379867e-03
2.070332100610344089e-03
-6.968575389701155533e-04
-3.383639215990860531e-03
-5.679213706291478224e-03
-7.313891104518251141e-03
-8.083824883507142317e-03
-7.864339856148483410e-03
-6.611341396250423712e-03
-4.352982410548872708e-03
-1.175236128090244650e-03
2.794852932226730285e-03
7.405255836724095736e-03
1.249255512471018036e-02
1.789228853295037752e-02
2.344607678740574450e-02
2.900599164608901742e-02
3.443681579779873242e-02
3.961682540908007671e-02
4.443764907787833840e-02
4.880362638409807552e-02
5.263097579912666413e-02
5.584698045160314123e-02
5.838932993726338866e-02
6.020569918667233178e-02
6.125360757953634411e-02
6.150059056370264787e-02
6.092468135886383584e-02
5.951520635430042339e-02
5.727388027102524315e-02
5.421617839438058056e-02
5.037294548670719074e-02
4.579218389143654283e-02
4.054093578593970237e-02
3.470709686690726103e-02
2.840105523430639864e-02
2.175679066804973860e-02
1.493215716005373041e-02
8.108067188932888483e-03
1.485804080043943987e-03
-4.717716860284268572e-03
-1.027739139404918248e-02
-1.497031484096128691e-02
-1.858914382421685343e-02
-2.095795426854762944e-02
-2.194956054276517299e-02
-2.150253717614286630e-02
-1.963561844981428356e-02
-1.645683799124461957e-02
-1.216495097667114750e-02
-7.041477607892474185e-03
-1.433076568691335050e-03
4.274345283387977722e-03
9.686754189600608328e-03
1.443421668370368886e-02
1.819986999319861409e-02
2.074196519879274031e-02
2.190672471533056456e-02
2.163147613330394098e-02
1.993909880015743569e-02
1.692592238379832595e-02
1.274569521817892591e-02
7.592160452457691680e-03
1.682283185603205026e-03
-4.758443041064188729e-03
-1.150789867209099995e-02
-1.835623532652772005e-02
-2.511188655636415260e-02
-3.160528994596756985e-02
-3.769048205009060959e-02
-4.324538439322366673e-02
-4.817104125196187969e-02
-5.239017705836856997e-02
-5.584552902658903445e-02
-5.849789772141432420e-02
-6.032433754005740029e-02
-6.131644068652613438e-02
-6.158791642425550522e-02
-6.202852557443313403e-02
-6.169603787025922798e-02
-6.061509098529866552e-02
-5.881978566772533279e-02
-5.635326951996874612e-02
-5.326760540290857021e-02
-4.962389859595135733e-02
-4.549265460792164401e-02
-4.095432240544130686e-02
-3.609990602641170027e-02
-3.103151827710222410e-02
-2.586264292663736919e-02
-2.071779873423068921e-02
-1.573119675948102952e-02
-1.104389011737183859e-02
-6.798876776834283236e-03
-3.133692632837881912e-03
-1.702802189071240114e-04
1.997564803969878802e-03
3.318084478895086571e-03
3.794763594553417826e-03
3.495989759644000609e-03
2.558016223566416877e-03
1.178731333096045457e-03
-3.984976128114905611e-04
-1.909140092833577990e-03
-3.095837213608227615e-03
-3.735359149880364358e-03
-3.659225857151868471e-03
-2.764955567495552217e-03
-1.017472704743412667e-03
1.557582914635794466e-03
4.885682094150869091e-03
8.857267226546684455e-03
1.334116586320081843e-02
1.819601595491690191e-02
2.327903119565722170e-02
2.845210811657123209e-02
3.358563221968289408e-02
3.856050813484206835e-02
4.326894150082173651e-02
4.761443108024888266e-02
5.151132674740251105e-02
5.488422736712967459e-02
5.766738404330686019e-02
5.980424521979021274e-02
6.124720616976965515e-02
6.195760791488798963e-02
6.190601090303812781e-02
6.107275633533945647e-02
5.944880523762843816e-02
5.703685372663921949e-02
5.385269849656074831e-02
4.992682261814168632e-02
4.530614058782388848e-02
4.005581368932741720e-02
3.426101770712888794e-02
2.802847602620798725e-02
2.148751846657650372e-02
1.479034767162098855e-02
8.111126140440636303e-03
1.643430668510102938e-03
-4.404408815366590499e-03
-9.816505304934178278e-03
-1.437943812965040459e-02
-1.789510614757242740e-02
-2.019595835325714919e-02
-2.116156263275209906e-02
-2.073486618482725877e-02
-1.893590112957618116e-02
-1.587042986270233505e-02
-1.173119943836129116e-02
-6.790238491212434967e-03
-1.381926714196697777e-03
4.121802241942544055e-03
9.341240196316945993e-03
1.391973580542354462e-02
1.755142651315465263e-02
2.000237217347245605e-02
2.112293884601337129e-02
2.085089663636227955e-02
1.920621270812241169e-02
1.627955981531587631e-02
1.221702616526108669e-02
7.203459218324098114e-03
1.446390301139506866e-03
-4.838091776855867922e-03
-1.143680596161896455e-02
-1.814806842286458693e-02
-2.478756883584440004e-02
-3.119191968125295880e-02
-3.722032455604947637e-02
-4.275484796307925384e-02
-4.769970884486417206e-02
-5.197994950434758898e-02
-5.553975987269350878e-02
-5.834066712366473700e-02
-6.035973920677899923e-02
-6.158791644117853764e-02
-6.149292440801489013e-02
-6.215413486882393618e-02
-6.207924601832658790e-02
-6.129056673496082602e-02
-5.981919814577331407e-02
-5.770453830690178143e-02
-5.499405624810439763e-02
-5.174329620956115428e-02
-4.801609068765849003e-02
-4.388492740472550030e-02
-3.943138910954761128e-02
-3.474653504110349761e-02
-2.993103539474151892e-02
-2.509479378395076607e-02
-2.035571213509291752e-02
-1.583718341796012605e-02
-1.166386079011704630e-02
-7.955335864935762780e-03
-4.817564687414117690e-03
-2.332315601935440463e-03
-5.455738298954401723e-04
5.434033989709486463e-04
9.900044985254158846e-04
9.065514216928391910e-04
4.569390430134264900e-04
-1.569502626751699656e-04
-7.155758612324443881e-04
-1.005379958149537831e-03
-8.412932841562208077e-04
-8.401422473733023916e-05
1.350468623014972579e-03
3.489525467570417112e-03
6.309294600783723998e-03
9.744441216334132419e-03
1.369968845081633892e-02
1.806105415424761468e-02
2.270548423078505226e-02
2.750830383645493440e-02
3.234845407515166832e-02
3.711180874272858310e-02
4.169298936196536021e-02
4.599612321212364491e-02
4.993492659111766624e-02
5.343241930189518429e-02
5.642049436777844124e-02
5.883950081264398280e-02
6.063794683133982150e-02
6.177238483629845373e-02
6.220752230295039514e-02
6.191657479675773124e-02
6.088188990183374116e-02
5.909581243175084098e-02
5.656180732007506234e-02
5.329582018551180800e-02
4.932783227025670791e-02
4.470355040063623414e-02
3.948618244334863026e-02
3.375812813048329614e-02
2.762245524725840534e-02
2.120390106031936825e-02
1.464910547244323638e-02
8.125702150530156320e-03
1.819825070645689344e-03
-4.068408216972657643e-03
-9.331858000151196930e-03
-1.376603128754375939e-02
-1.718144662015839638e-02
-1.941825556530170360e-02
-2.036212822665003919e-02
-1.995979858704285612e-02
-1.823213781530520425e-02
-1.528235873478359791e-02
-1.129713593651266237e-02
-6.539152192617503877e-03
-1.330836863766481472e-03
3.969409470631585918e-03
8.995740378369587731e-03
1.340439256145366936e-02
1.690025880252984600e-02
1.925716609207518693e-02
2.032979763188352482e-02
2.005674028259446517e-02
1.845557792487146145e-02
1.561195201153636226e-02
1.166496071531056798e-02
6.791206181119732212e-03
1.189378434038302311e-03
-4.933324671848369689e-03
-1.137223808698297617e-02
-1.793352833544118591e-02
-2.443988255081961866e-02
-3.073396314344844366e-02
-3.668004833145958876e-02
-4.216432110321300525e-02
-4.709420767683004244e-02
-5.139710847556764467e-02
-5.501878648340100680e-02
-5.792161391663826209e-02
-6.008283367624815685e-02
-6.149292438233224661e-02
-6.109921842255769397e-02
-6.193364493728720915e-02
-6.206625294165617895e-02
-6.151732545289580883e-02
-6.031531647335339197e-02
-5.849631777638222146e-02
-5.610375088929130810e-02
-5.318827485847018449e-02
-4.980788036931517448e-02
-4.602812360864839969e-02
-4.192242396108008390e-02
-3.757231533862865486e-02
-3.306748548680434052e-02
-2.850538177475112067e-02
-2.399007898644944792e-02
-1.963007902296739007e-02
-1.553465611210244450e-02
-1.180844529238860539e-02
-8.544168106423019257e-03
-5.813729323906500698e-03
-3.658494608415574414e-03
-2.080173976652650077e-03
-1.034293938146082668e-03
-4.284133182405659452e-04
-1.267409441869879493e-04
3.839221228819747250e-05
2.494615289285436258e-04
6.839267534951894850e-04
1.495352304654819957e-03
2.798868200275177447e-03
4.663080462064957479e-03
7.108803320572796951e-03
1.011347062373123967e-02
1.361922699917903802e-02
1.754257091751437736e-02
2.178380054253540796e-02
2.623516684108703756e-02
3.078722360869069405e-02
3.533332322362794931e-02
3.977250445319929772e-02
4.401111294456810930e-02
4.796352146499965885e-02
5.155227588314442028e-02
5.470792616514716378e-02
5.736873501510265233e-02
5.948039673005803968e-02
6.099587472170692887e-02
6.187538689910161011e-02
6.208660752693258289e-02
6.160508684493296722e-02
6.041490904330887313e-02
5.850958048305339443e-02
5.589315990273691775e-02
5.258159475310600350e-02
4.860424104820320473e-02
4.400551972500391096e-02
3.884662536667071731e-02
3.320716453488505027e-02
2.718657113662064501e-02
2.090506228710927589e-02
1.450384508670340272e-02
8.144220344734573111e-03
2.005154515879496550e-03
-3.721096153857995480e-03
-8.835707669201400827e-03
-1.314260878878449612e-02
-1.646038103571330347e-02
-1.863630222079744672e-02
-1.956158458138435724e-02
-1.918626000023688008e-02
-1.753167188260547696e-02
-1.469828309353169750e-02
-1.086668566652038322e-02
-6.290398853590247960e-03
-1.280242832874629302e-03
3.818474659546920637e-03
8.653307815794217608e-03
1.289298149409730601e-02
1.625287650292332048e-02
1.851449889516168512e-02
1.953695561163789826e-02
1.925993846597025619e-02
1.769908264007689566e-02
1.493553105891542304e-02
1.110195971725607376e-02
6.367302869097548300e-03
9.219435391568971258e-04
-5.035346200543082580e-03
-1.130802182042245189e-02
-1.770978741131989942e-02
-2.407009342576912209e-02
-3.023748989267611292e-02
-3.608122994971370290e-02
-4.149156855980859482e-02
-4.637914008969333535e-02
-5.067373849049326695e-02
-5.432276897969156443e-02
-5.728955562042070682e-02
-5.955164718460698170e-02
-6.109921845595212703e-02
-6.046280583057603297e-02
-6.143139233681752659e-02
-6.173009931455937516e-02
-6.137743138448616131e-02
-6.039952105268197452e-02
-5.882953176159505526e-02
-5.670731286214322070e-02
-5.407922179951889230e-02
-5.099812389518291328e-02
-4.752351934298376657e-02
-4.372172949802999309e-02
-3.966604922406809230e-02
-3.543671705045680492e-02
-3.112050518048627493e-02
-2.680971360407179496e-02
-2.260021802667242299e-02
-1.858831637138093351e-02
-1.486609157871365827e-02
-1.151521862462603560e-02
-8.599432538044782942e-03
-6.156341739770818458e-03
-4.189799516190763004e-03
-2.664494509080814286e-03
-1.504549851034091496e-03
-5.975059018949747383e-04
1.959615097089418862e-04
1.027643907577923581e-03
2.045110358660317314e-03
3.375802029168431355e-03
5.114750837929623629e-03
7.317689381629651109e-03
9.999881039779020750e-03
1.313973742566615192e-02
1.668556285789112026e-02
2.056364856119562504e-02
2.468624839755662395e-02
2.895849330675066141e-02
3.328381347560927656e-02
3.756781057223645276e-02
4.172077153588486798e-02
4.565910557504791051e-02
4.930602648944108768e-02
5.259173761796673979e-02
5.545335102061764443e-02
5.783470528311793202e-02
5.968619913172003993e-02
6.096471980239188265e-02
6.163372534212328141e-02
6.166351075042451890e-02
6.103167295794983266e-02
5.972380021205365291e-02
5.773437462423765265e-02
5.506789208711469763e-02
5.174017711466238206e-02
4.777987127358791775e-02
4.323004331392497901e-02
3.814984126715105506e-02
3.261608023850648408e-02
2.672460127381691766e-02
2.059119019287987407e-02
1.435176039701615419e-02
8.161475696298469903e-03
2.192403956692682426e-03
-3.370726896462876692e-03
-8.337009461938431343e-03
-1.251833824340091959e-02
-1.574086012480712185e-02
-1.785847459139093193e-02
-1.876745563010728118e-02
-1.842072495149741848e-02
-1.683980491233760118e-02
-1.412226874716438277e-02
-1.044265808898297426e-02
-6.045534861214586601e-03
-1.230455342273433211e-03
3.669930564487033139e-03
8.316124222492227158e-03
1.238894066929945199e-02
1.561396787302504058e-02
1.778026963596273866e-02
1.875143155040742346e-02
1.846847076147348915e-02
1.694543037353545348e-02
1.425940105594032670e-02
1.053714273195743671e-02
5.940418912564940541e-03
6.517839364081114964e-04
-5.137975785543241053e-03
-1.124007775732497640e-02
-1.747546111004607411e-02
-2.368011055234278336e-02
-2.970829258348964622e-02
-3.543412496080900614e-02
-4.075186975873108797e-02
-4.557534691993347931e-02
-4.983676388955703834e-02
-5.348521727632641470e-02
-5.648505871902837622e-02
-5.881424967524583047e-02
-6.046280632478342326e-02
-5.963015255896773198e-02
-6.070066998316568652e-02
-6.113119617879332612e-02
-6.093868716347343450e-02
-6.014721656718506615e-02
-5.878736648201770415e-02
-5.689582296204024475e-02
-5.451514384338403824e-02
-5.169368409875692988e-02
-4.848563732397816184e-02
-4.495113428103283959e-02
-4.115631405027578987e-02
-3.717324473271432783e-02
-3.307952734360537772e-02
-2.895737121036289635e-02
-2.489189261698235636e-02
-2.096837909542065281e-02
-1.726830888071854281e-02
-1.386406973157480391e-02
-1.081256136615798592e-02
-8.148286460103940435e-03
-5.876935254470284919e-03
-3.970887815358345278e-03
-2.368100644556480391e-03
-9.755490468195479473e-04
3.225142225342948472e-04
1.652374560571898219e-03
3.136748686840276894e-03
4.881335898435619838e-03
6.964407154367015414e-03
9.430922783394928358e-03
1.229146206999256856e-02
1.552521026666842281e-02
1.908560579462466322e-02
2.290715265938535194e-02
2.691218061312664750e-02
3.101672606545834848e-02
3.513517146400246816e-02
3.918358240477174542e-02
4.308189588966120781e-02
4.675519978317665276e-02
5.013436620258968773e-02
5.315626223075806123e-02
5.576373923733539406e-02
5.790553247847625429e-02
5.953618547605007971e-02
6.061605715427065277e-02
6.111147468361620427e-02
6.099504744381899213e-02
6.024617132940498360e-02
5.885173827639497701e-02
5.680704014512826666e-02
5.411687980004919324e-02
5.079685683264698742e-02
4.687482796193317980e-02
4.239245994586313820e-02
3.740684793590751817e-02
3.199202776519934066e-02
2.624030553654651057e-02
2.026313108819278661e-02
1.419127105983828893e-02
8.173955075285153221e-03
2.376605383151593736e-03
-3.023264672121482501e-03
-7.842292293660065722e-03
-1.189992344552860855e-02
-1.502942912586969874e-02
-1.709088159285667569e-02
-1.798520638309137124e-02
-1.766787072920085813e-02
-1.616034514488024973e-02
-1.355721819167890300e-02
-1.002704942967289244e-02
-5.805661531079140021e-03
-1.181693886664404811e-03
3.524436453972572356e-03
7.985736692272055876e-03
1.189471883583830165e-02
1.498689079205702337e-02
1.705872834306617139e-02
1.797831056287183329e-02
1.768814715676771815e-02
1.620097793063887681e-02
1.359022782103670030e-02
9.977171214314356149e-03
5.516852308382243393e-03
3.844273365895565847e-04
-5.236912390615420902e-03
-1.116579830474922520e-02
-1.723012330743039708e-02
-2.327217521025166241e-02
-2.915176827152900565e-02
-3.474775941041725880e-02
-3.995834561496439813e-02
-4.470049893393738399e-02
-4.890883175795891075e-02
-5.253416486755748543e-02
-5.554193694666507974e-02
-5.791060903261958936e-02
-5.963015256357860616e-02
-5.863992889577126361e-02
-5.978576631184560203e-02
-6.031969035053057204e-02
-6.025730761836819993e-02
-5.962086972752089070e-02
-5.843866965949393033e-02
-5.674458682612037314e-02
-5.457781608267996826e-02
-5.198273191052579095e-02
-4.900886197202319883e-02
-4.571091612668855969e-02
-4.214880203065587277e-02
-3.838749578432904680e-02
-3.449667548591878186e-02
-3.054987187653579114e-02
-2.662298609875418665e-02
-2.279191089207421861e-02
-1.912911122747194478e-02
-1.569910755856419177e-02
-1.255303356077314830e-02
-9.722779871958983286e-03
-7.215590393076314578e-03
-5.010290342706725554e-03
-3.056413712471230028e-03
-1.277172390500970998e-03
4.235043785246872918e-04
2.150624608325704765e-03
4.006169796160956136e-03
6.077686300513782808e-03
8.429432188729506573e-03
1.109734272647575071e-02
1.408806685770510117e-02
1.738143156003231146e-02
2.093519802524606427e-02
2.469081587956157772e-02
2.857916124104436725e-02
3.252555982106967308e-02
3.645375559803130938e-02
4.028879844766939528e-02
4.395893604565365848e-02
4.739677625705902148e-02
5.053984766725975325e-02
5.333083884144634856e-02
5.571763454311652597e-02
5.765328616240579518e-02
5.909599873727178210e-02
6.000921255168307350e-02
6.036179368201300549e-02
6.012840595073618705e-02
5.929003078538959415e-02
5.783468353358896252e-02
5.575832830049444466e-02
5.306596167133819514e-02
4.977288019863977675e-02
4.590609640089968191e-02
4.150585364107559072e-02
3.662718127620357561e-02
3.134138087171423753e-02
2.573728752593710395e-02
1.992211679449609751e-02
1.402164138987160337e-02
8.179354306414900189e-03
2.554274023782809964e-03
-2.682995653293557790e-03
-7.356298564969995964e-03
-1.129225238598545455e-02
-1.433085347864169155e-02
-1.633795723237068537e-02
-1.721878092440559324e-02
-1.693105169107045338e-02
-1.549600178110198227e-02
-1.300518301027012158e-02
-9.621260854756487346e-03
-5.571548557142064206e-03
-1.134111544665441802e-03
3.382452448921993531e-03
7.663228272330987849e-03
1.141204025325658587e-02
1.437402485861919745e-02
1.635291064749927470e-02
1.722125177241279337e-02
1.692317141186622936e-02
1.547034846350585705e-02
1.293286814577696356e-02
9.426896629077866768e-03
5.101158072426753565e-03
1.238026282080532091e-04
-5.329212160127765920e-03
-1.108361263075346818e-02
-1.697397105327723421e-02
-2.284865612146199862e-02
-2.857285580740100486e-02
-3.403004358777424188e-02
-3.912226312982911708e-02
-4.376958273376107406e-02
-4.790901432959339401e-02
-5.149311344793781192e-02
-5.448844776275021257e-02
-5.687404547800969240e-02
-5.863992889210603576e-02
-5.752439990744959153e-02
-5.872358865284121182e-02
-5.933733382819018909e-02
-5.938005493239986721e-02
-5.887239429815477321e-02
-5.784061067039814041e-02
-5.631608749551493542e-02
-5.433503329250430336e-02
-5.193829973837722769e-02
-4.917129599052805222e-02
-4.608397544265967899e-02
-4.273078708791365476e-02
-3.917053906400176644e-02
-3.546602953011786935e-02
-3.168329985121842024e-02
-2.789031503736494680e-02
-2.415491317001842650e-02
-2.054185147642238404e-02
-1.710894565337417114e-02
-1.390242156708357442e-02
-1.095194180343319300e-02
-8.266033572868789620e-03
-5.828925663856378281e-03
-3.599852940978346197e-03
-1.515624045598020723e-03
5.033639581004567716e-04
2.544315903970920372e-03
4.691862994490365694e-03
7.018354476843126702e-03
9.576309929579914643e-03
1.239410132643240479e-02
1.547508601354620483e-02
1.879966085080700400e-02
2.232926175138581423e-02
2.601125557672847449e-02
2.978381659383961058e-02
3.358021935010317011e-02
3.733225282354695612e-02
4.097270703379742723e-02
4.443703872119365156e-02
4.766437782067381446e-02
5.059806554641097659e-02
5.318589553428504368e-02
5.538018101385215608e-02
5.713779029039762342e-02
5.842017415083638338e-02
5.919350640766531113e-02
5.942891906343270719e-02
5.910289488736591990e-02
5.819781175607355306e-02
5.670266081968217825e-02
5.461395889414635829e-02
5.193680338429558507e-02
4.868611991027353009e-02
4.488803777652347615e-02
4.058136231055965021e-02
3.581907582475050283e-02
3.066978099004583069e-02
2.521891339622414283e-02
1.956957780047080889e-02
1.384269829693444281e-02
8.176223978956528513e-03
2.723014349578739817e-03
-2.352965087960210994e-03
-6.882442077759735183e-03
-1.069885790402213405e-02
-1.364857812850451234e-02
-1.560289303270847444e-02
-1.647099946224349007e-02
-1.621264442958209387e-02
-1.484867716957466097e-02
-1.246758845112779478e-02
-9.226257264103737005e-03
-5.343722316819261332e-03
-1.087812692020738957e-03
3.244292622788034434e-03
7.349342057005452469e-03
1.094209702780182467e-02
1.377703360437614911e-02
1.566495789552445686e-02
1.648285993013770198e-02
1.617656064659692486e-02
1.475687879597469519e-02
1.229083370067260601e-02
8.889821224183613521e-03
4.696598705775103903e-03
-1.273313334671583778e-04
-5.412915034461971385e-03
-1.099267140882327111e-02
-1.670759074197657179e-02
-2.241191105113170962e-02
-2.797601855628572415e-02
-3.328787252416233466e-02
-3.825326466332692327e-02
-4.279531271821326172e-02
-4.685339246547754605e-02
-5.038179759471102248e-02
-5.334824972812349242e-02
-5.573239980064036148e-02
-5.752439989135466752e-02
-5.631054775541676632e-02
-5.754496917045635873e-02
-5.821897056960951417e-02
-5.834592870531051662e-02
-5.794506485464221562e-02
-5.704081705352485182e-02
-5.566234441816689249e-02
-5.384319650906630589e-02
-5.162109514869001742e-02
-4.903781100780113533e-02
-4.613909791141294903e-02
-4.297461891792294514e-02
-3.959778657920343808e-02
-3.606541383200980583e-02
-3.243703614643195926e-02
-2.877376480578752727e-02
-2.513649259423075474e-02
-2.158335653124775211e-02
-1.816641512480032805e-02
-1.492768403951515166e-02
-1.189489553379963899e-02
-9.077623910314162534e-03
-6.464618220115459814e-03
-4.023249574515675060e-03
-1.701734327400497007e-03
5.657158452732586685e-04
2.851372768317533314e-03
5.225313376757249190e-03
7.747137403828096257e-03
1.045951640138339384e-02
1.338448342346553258e-02
1.652265612215743362e-02
1.985494997199602207e-02
2.334596789653472018e-02
2.694814608688667415e-02
3.060592622984128347e-02
3.425942517717121827e-02
3.784737454786233496e-02
4.130926996169150683e-02
4.458682584799845278e-02
4.762486968584965508e-02
5.037183327260794097e-02
5.277999843267623670e-02
5.480559312870067479e-02
5.640886185740190406e-02
5.755414776260483339e-02
5.821006333750267797e-02
5.834975699723759374e-02
5.795133213517219412e-02
5.699839727538174444e-02
5.548079488102179713e-02
5.339548508377282843e-02
5.074759594396175549e-02
4.755163152583521957e-02
4.383280894935678851e-02
3.962848770489386246e-02
3.498962965191947799e-02
2.998218763823110034e-02
2.468828956367424485e-02
1.920703393875832637e-02
1.365465131545666455e-02
8.163740023243774152e-03
2.881221935292475195e-03
-2.035300163875168079e-03
-6.423143083793589336e-03
-1.012225924755498323e-02
-1.298505625548446001e-02
-1.488794656697602428e-02
-1.574384033599104948e-02
-1.551429756259557237e-02
-1.421967180330220223e-02
-1.194539485273993056e-02
-8.842680786253848818e-03
-5.122529969149218140e-03
-1.042865836553859846e-03
3.110163407176666939e-03
7.044569683560692082e-03
1.048568769830198442e-02
1.319704473763328931e-02
1.499634488348789742e-02
1.576495170108200769e-02
1.545044368312922280e-02
1.406293586845334086e-02
1.166662910969600009e-02
8.368437111502056991e-03
4.305476202388716818e-03
-3.670830533502613649e-04
-5.486777022322971570e-03
-1.089263126701973602e-02
-1.643181255733427645e-02
-2.196421207211447443e-02
-2.736525464773174876e-02
-3.252723961457101853e-02
-3.735962036534488245e-02
-4.178848434632474046e-02
-4.575554441274157919e-02
-4.921681515814751301e-02
-5.214118848768582032e-02
-5.450898747351513862e-02
-5.631054775907925330e-02
-5.502096641187371323e-02
-5.627570407361511678e-02
-5.699373361441268521e-02
-5.718752523336538551e-02
-5.687503131471059736e-02
-5.607904745197707375e-02
-5.482676211052414650e-02
-5.314934356545748806e-02
-5.108172624212613949e-02
-4.866244761928084639e-02
-4.593355199519658788e-02
-4.294048369757673400e-02
-3.973192103976751904e-02
-3.635944456350026499e-02
-3.287692753406569468e-02
-2.933952751127727118e-02
-2.580212420752570762e-02
-2.231713411361832197e-02
-1.893164918899920349e-02
-1.568404419694811522e-02
-1.260035727289204530e-02
-9.690995355561140417e-03
-6.948482964367046037e-03
-4.347019208984686037e-03
-1.844404926184427555e-03
6.135375830041248394e-04
3.086528851734529101e-03
5.632413286589063421e-03
8.300076166657016294e-03
1.112391809015648644e-02
1.412066067141422125e-02
1.728865341370857192e-02
2.060930830966264254e-02
2.404997189523135070e-02
2.756746168436773406e-02
3.111162891828762878e-02
3.462850836309271790e-02
3.806284900873563304e-02
4.135997793284822838e-02
4.446707005547347741e-02
4.733394070158593314e-02
4.991350007760435997e-02
5.216198414100237796e-02
5.403909768880230807e-02
5.550808514802251653e-02
5.653587035897390117e-02
5.709324320076988868e-02
5.715515833494565906e-02
5.670116552520269859e-02
5.571597410039315357e-02
5.419013333041976244e-02
5.212099247696708182e-02
4.951363401131299302e-02
4.638210202039899643e-02
4.275068560286009178e-02
3.865531125302427290e-02
3.414494516858838924e-02
2.928294761235858412e-02
2.414822765391155465e-02
1.883599686893772801e-02
1.345794136627803325e-02
8.141497491196173289e-03
3.027877834502860476e-03
-1.731446081901553014e-03
-5.980085732554027422e-03
-9.564218766522233905e-03
-1.234200135480524249e-02
-1.419468060376593600e-02
-1.503865486804238302e-02
-1.483711693999683993e-02
-1.360984055016659089e-02
-1.143922059065863826e-02
-8.470936244583176719e-03
-4.908186470073029259e-03
-9.993131312971751095e-04
2.980192161279599048e-03
6.749218662940531001e-03
1.004332025420514272e-02
1.263479277601824852e-02
1.434805053960692620e-02
1.506875724078975305e-02
1.474628243920109681e-02
1.339017009484538834e-02
1.106200406045223204e-02
7.864485741519778791e-03
3.929377841294497999e-03
-5.941944953780146877e-04
-5.550056479857296519e-03
-1.078348320997608682e-02
-1.614758750025802742e-02
-2.150770312076328086e-02
-2.674411496262918755e-02
-3.175334431185523193e-02
-3.644839196563088440e-02
-4.075825576839260667e-02
-4.462692361283141645e-02
-4.801212698728180017e-02
-5.088393643162637814e-02
-5.322335327668353128e-02
-5.502097213103518403e-02
-5.367460249646321263e-02
-5.493741139074329038e-02
-5.568603910893166198e-02
-5.593213867629210495e-02
-5.569253374849013338e-02
-5.498857622874246676e-02
-5.384565395918072123e-02
-5.229281125852822815e-02
-5.036249174138512225e-02
-4.809035549621614586e-02
-4.551515216686670418e-02
-4.267859889572147430e-02
-3.962520437333244550e-02
-3.640195892077075640e-02
-3.305778623992496751e-02
-2.964265041845020113e-02
-2.620620623642652344e-02
-2.279589975487848058e-02
-1.945451370670995758e-02
-1.621725173986468885e-02
-1.310864664914557914e-02
-1.013975149586169092e-02
-7.306235036377965210e-03
-4.588026443619139944e-03
-1.950987162523685429e-03
6.492879531240857522e-04
3.261953276909416999e-03
5.934555813224557351e-03
8.706965555161427783e-03
1.160663241530930992e-02
1.464583189980426733e-02
1.782104837144710477e-02
2.111417754319476828e-02
2.449496980950789660e-02
2.792404835398710344e-02
3.135595859469799546e-02
3.474187713825261509e-02
3.803179219796051780e-02
4.117612329201007781e-02
4.412682518345667493e-02
4.683809834614383050e-02
4.926680039535713540e-02
5.137268135592474444e-02
5.311852150713492621e-02
5.447025218695827203e-02
5.539710241705509547e-02
5.587181442181764213e-02
5.587096618223801742e-02
5.537539881937474789e-02
5.437078668101401335e-02
5.284833739570445055e-02
5.080566769452522780e-02
4.824777727129715699e-02
4.518822878178759689e-02
4.165037580872101020e-02
3.766870662331178038e-02
3.329025056699926044e-02
2.857584554890576709e-02
2.360124779258649871e-02
1.845792892087467704e-02
1.325316371591738623e-02
8.109408792842463798e-03
3.162375945045596288e-03
-1.442330507418171631e-03
-5.554400031987103206e-03
-9.025925501801644255e-03
-1.172055091204056605e-02
-1.352413153111013851e-02
-1.435631425619324913e-02
-1.418179433192799307e-02
-1.301970244376866349e-02
-1.094942420857596306e-02
-8.111248133748093919e-03
-4.700808310183600056e-03
-9.571768619232282234e-04
2.854446667066904818e-03
6.463456934032268432e-03
9.615283757171811871e-03
1.209071212540479071e-02
1.372068158167276918e-02
1.439506260629994962e-02
1.406503331162680184e-02
1.273967401049583108e-02
1.047814334273062045e-02
7.379142883045382469e-03
3.569345145001970743e-03
-8.078703857388373853e-04
-5.602389180153288274e-03
-1.066545842272062852e-02
-1.585591154206481002e-02
-2.104434028012108424e-02
-2.611573035521821615e-02
-3.097066740233987703e-02
-3.552561649125911963e-02
-3.971238922781284569e-02
-4.347721240052353220e-02
-4.677949655976239990e-02
-4.959049211116623584e-02
-5.189190162518109162e-02
-5.367460243492748473e-02
-5.228733975935379724e-02
-5.354821625522208917e-02
-5.431633517856368498e-02
-5.460263998748768333e-02
-5.442294370319873675e-02
-5.379727986889779046e-02
-5.274943708206681486e-02
-5.130654461319744675e-02
-4.949881435691936421e-02
-4.735932991505582834e-02
-4.492391211329765238e-02
-4.223096956949209946e-02
-3.932132959450208853e-02
-3.623793868601461743e-02
-3.302537524522124179e-02
-2.972905950185256163e-02
-2.639408392154169933e-02
-2.306355895614147639e-02
-1.977650573963667113e-02
-1.656534840161944661e-02
-1.345326598778062883e-02
-1.045179552434084662e-02
-7.559215312523026760e-03
-4.760260973509311024e-03
-2.027577795977063366e-03
6.750061226544766578e-04
3.387739442804634828e-03
6.149491042117679121e-03
8.992538664529746775e-03
1.193849007042845772e-02
1.499590483333368592e-02
1.815974399884800333e-02
2.141238643246302573e-02
2.472570240425559646e-02
2.806364143093406996e-02
3.138484404818232820e-02
3.464497251960617363e-02
3.779859762863965744e-02
4.080059819037813729e-02
4.360713326490638780e-02
4.617627154043668636e-02
4.846836510901939010e-02
5.044628161382502807e-02
5.207555303786777501e-02
5.332451062370790335e-02
5.416445224182896145e-02
5.456988179886332335e-02
5.451883434478758256e-02
5.399330972423019293e-02
5.297984876799136100e-02
5.147021476386037103e-02
4.946224794162458471e-02
4.696084081872271832e-02
4.397901695628161217e-02
4.053920748714934241e-02
3.667451418635937765e-02
3.243004512461202665e-02
2.786417036327755448e-02
2.304962968339476642e-02
1.807422220881981303e-02
1.304099773031742321e-02
8.067605079369306528e-03
3.284447547547852345e-03
-1.168518302495883494e-03
-5.146778215010875714e-03
-8.508130653124701057e-03
-1.112143679557708528e-02
-1.287693330025616034e-02
-1.369733703476992172e-02
-1.354871892625847396e-02
-1.244952278937084406e-02
-1.047617413422228735e-02
-7.763711361092538212e-03
-4.500437817050126701e-03
-9.164648277174671301e-04
2.732951088834522594e-03
6.187350312686567926e-03
9.201705953586334155e-03
1.156501965360584756e-02
1.311456048703760549e-02
1.374431743444852125e-02
1.340727563502090020e-02
1.211213377580755944e-02
9.915781546627070245e-03
6.913139934706356154e-03
3.226021222150954673e-03
-1.007693620237293209e-03
-5.643673889287122332e-03
-1.053894667794720401e-02
-1.555781537632578045e-02
-2.057594821478293465e-02
-2.548285573006815047e-02
-3.018308574540078809e-02
-3.459642661791564183e-02
-3.865744921175009313e-02
-4.231456245579579001e-02
-4.552881481166914240e-02
-4.827261428175245311e-02
-5.052839915116404124e-02
-5.228733973150315184e-02
-5.087251173769848089e-02
-5.212331888566750643e-02
-5.290178045138609064e-02
-5.321821328179349164e-02
-5.308751502899702185e-02
-5.252854385757686068e-02
-5.156363161872610373e-02
-5.021818415017024334e-02
-4.852040402380572437e-02
-4.650107066496702440e-02
-4.419338260508225147e-02
-4.163280855374032474e-02
-3.885690816658270152e-02
-3.590505626236221298e-02
-3.281800388835647703e-02
-2.963718105012477441e-02
-2.640367341198258597e-02
-2.315679743030708837e-02
-1.993227373446685227e-02
-1.676007408206475063e-02
-1.366214894937940912e-02
-1.065037866279124924e-02
-7.725198292356307526e-03
-4.875371294203792276e-03
-2.079252213227884317e-03
6.923894945593203230e-04
3.472290310017499791e-03
6.292000271450919752e-03
9.177400426106985254e-03
1.214518975398539216e-02
1.520082798847027100e-02
1.833804709301903313e-02
2.153970685449932421e-02
2.477956561008053810e-02
2.802449439375264903e-02
3.123672354990882430e-02
3.437584676309055759e-02
3.740045536652576025e-02
4.026935203336226565e-02
4.294240543785313863e-02
4.538110567535275086e-02
4.754891141120149572e-02
4.941147013894231499e-02
5.093677439957929043e-02
5.209530976040665368e-02
5.286024344044472356e-02
5.320766199730541518e-02
5.311691911317220627e-02
5.257106250612225695e-02
5.155740522611994975e-02
5.006819582340416713e-02
4.810145087512508050e-02
4.566189480385808575e-02
4.276205279015245220e-02
3.942340830498652221e-02
3.567769197006892545e-02
3.156815296748614191e-02
2.715077728043341354e-02
2.249535844779579352e-02
1.768616472300004253e-02
1.282216743365815863e-02
8.016351337413286232e-03
3.394031228718399299e-03
-9.102663706810541723e-04
-4.757610716701531246e-03
-8.011250165886666524e-03
-1.054505216089268727e-02
-1.225340683987939834e-02
-1.306196076162746168e-02
-1.293804108618473378e-02
-1.189937576543944990e-02
-1.001948965481094279e-02
-7.428317284750090080e-03
-4.307062484663205792e-03
-8.771737333947154805e-04
2.615696272865511689e-03
5.920885728011740165e-03
8.802589399334932729e-03
1.105775657565669264e-02
1.252979766299654185e-02
1.311671666669782244e-02
1.277329191709910931e-02
1.150791744119310754e-02
9.375335436048669660e-03
6.466889240232388640e-03
2.899747477213888893e-03
-1.193482969880532924e-03
-5.674016912085353900e-03
-1.040441582232227991e-02
-1.525427265536561522e-02
-2.010414105342629709e-02
-2.484790165885025076e-02
-2.939391822670515964e-02
-3.366521285319173246e-02
-3.759901651472221523e-02
-4.114584683520507158e-02
-4.426839280505125845e-02
-4.694018772968666653e-02
-4.914438908906800657e-02
-5.087251403909005820e-02
-4.944128859945216142e-02
-5.067545620898929876e-02
-5.145675712438266963e-02
-5.179494449999026001e-02
-5.170408908320766467e-02
-5.120198947920283350e-02
-5.030965295542770555e-02
-4.905093108072473840e-02
-4.745220862948580642e-02
-4.554219404011126959e-02
-4.335173615850571038e-02
-4.091367823136022458e-02
-3.826267332331377558e-02
-3.543492838729091904e-02
-3.246780987880423797e-02
-2.939923001994002374e-02
-2.626674982500599997e-02
-2.310634359714660788e-02
-1.995082462350816419e-02
-1.682798727135020531e-02
-1.375865757806299904e-02
-1.075493797850925540e-02
-7.819036748273959850e-03
-4.943087750311643200e-03
-2.110249391950944596e-03
7.028556971441397849e-04
3.522624687555570011e-03
6.374432836543752860e-03
9.278771677406672316e-03
1.224821870337304552e-02
1.528565568545495017e-02
1.838383329414572387e-02
2.152609548324399893e-02
2.468789181782164027e-02
2.783867520367762360e-02
3.094383427335978959e-02
3.396642541471185661e-02
3.686857927305052518e-02
3.961256426088197863e-02
4.216153122234769096e-02
4.448001222241679264e-02
4.653423310285245695e-02
4.829232706353952381e-02
4.972449701082423679e-02
5.080317154270545810e-02
5.150320166432145741e-02
5.180211449631944715e-02
5.168045471366199822e-02
5.112221496989089592e-02
5.011540262102235493e-02
4.865269071255078764e-02
4.673223176142485974e-02
4.435857237038001721e-02
4.154370043516388694e-02
3.830818864880485702e-02
3.468242365453311216e-02
3.070784015291502453e-02
2.643813120694281371e-02
2.194020817938852411e-02
1.729496140136892873e-02
1.259738755509070933e-02
7.956014527087527238e-03
3.491243509122268426e-03
-6.676347536676601390e-04
-4.387038255887182325e-03
-7.535452152072728317e-03
-9.991531371497015118e-03
-1.165364980928839007e-02
-1.245021519522589853e-02
-1.234973186452800742e-02
-1.136919237260091385e-02
-9.579282022192339707e-03
-7.104982979764885680e-03
-4.120628370819984405e-03
-8.392919604250031291e-04
2.502648256021127154e-03
5.663992644962177053e-03
8.417844529569361300e-03
1.056884029858155827e-02
1.196634197785938040e-02
1.251225848488229236e-02
1.216314504904133197e-02
1.092713719600882719e-02
8.856966644691649862e-03
6.040548501176286854e-03
2.590627044492143337e-03
-1.365253064352408468e-03
-5.693636241932098670e-03
-1.026239852383535427e-02
-1.494623576387003015e-02
-1.963039217438251882e-02
-2.421296905988696777e-02
-2.860601726054453828e-02
-3.273567833335779692e-02
-3.654176754097642615e-02
-3.997686987998521485e-02
-4.300521521406445308e-02
-4.560149136530375347e-02
-4.774955720860980107e-02
-4.944128855561052277e-02
-4.800302325891047522e-02
-4.921530694736705319e-02
-4.999332235996876289e-02
-5.034631758150855119e-02
-5.028763282322369632e-02
-4.983408442848812070e-02
-4.900548538070974292e-02
-4.782427132392978730e-02
-4.631518817821203560e-02
-4.450506848588226677e-02
-4.242265337652128404e-02
-4.009842937109629746e-02
-3.756445671853324980e-02
-3.485412485308177211e-02
-3.200179962809154843e-02
-2.904227585279740495e-02
-2.600999981683330825e-02
-2.293799539229031403e-02
-1.985649979365030487e-02
-1.679136473157181314e-02
-1.376237853138275076e-02
-1.078176307390186703e-02
-7.853174576925445877e-03
-4.971560824279489151e-03
-2.124119484028567494e-03
7.075920030216969851e-04
3.544621056188384210e-03
6.407133682109210013e-03
9.311082535788493472e-03
1.226558859853091668e-02
1.527139692843296204e-02
1.832048913553445055e-02
2.139669568391142085e-02
2.447699038062638860e-02
2.753311992620482984e-02
3.053326537149890149e-02
3.344353917505893392e-02
3.622920474901587112e-02
3.885560237960995755e-02
4.128879829344034302e-02
4.349603177289869393e-02
4.544600459192871950e-02
4.710908363360632317e-02
4.845745944413053230e-02
4.946532021828542458e-02
5.010904237638904440e-02
5.036746044302527897e-02
5.022220118810587913e-02
4.965812331337964708e-02
4.866384824219656402e-02
4.723242726700412064e-02
4.536211466782823221e-02
4.305725380743576775e-02
4.032930511476809365e-02
3.719794399117339750e-02
3.369225061208641625e-02
2.985190048537151447e-02
2.572834008626946958e-02
2.138573406093317517e-02
1.690169017358990333e-02
1.236738464751328294e-02
7.887033144578649291e-03
3.576316238703610220e-03
-4.405075417919022246e-04
-4.035010809104426152e-03
-7.080701985947572726e-03
-9.460827942801421780e-03
-1.107756772499449843e-02
-1.186196633529550994e-02
-1.178362308044176091e-02
-1.085878625488537023e-02
-9.155375931035074008e-03
-6.793567980556577263e-03
-3.941048770559640348e-03
-8.028015692332134221e-04
2.393753873354486153e-03
5.416555208704636019e-03
8.047310612662630924e-03
1.009808839552264401e-02
1.142401399520114220e-02
1.193079267285839830e-02
1.157671953714873962e-02
1.036972517781509229e-02
8.360632867585154546e-03
5.634085458667686779e-03
2.298583520975107115e-03
-1.523177127256764929e-03
-5.702861519989941771e-03
-1.011347402737197004e-02
-1.463459718125835300e-02
-1.915601003977319278e-02
-2.357988826077268840e-02
-2.782181818738131349e-02
-3.181097894199594323e-02
-3.548967149424412520e-02
-3.881246928155160369e-02
-4.174514584591965810e-02
-4.426346474229837791e-02
-4.635201572958298072e-02
-4.800302276946293717e-02
-4.656552147170367473e-02
-4.775178112089996374e-02
-4.852155079376470337e-02
-4.888363043457635143e-02
-4.885068203248327939e-02
-4.843863499244514120e-02
-4.766621834373221261e-02
-4.655457296819936336e-02
-4.512695439213355170e-02
-4.340850014292821357e-02
-4.142604679802219803e-02
-3.920796713492306906e-02
-3.678399550602926005e-02
-3.418500769597040273e-02
-3.144269573715402499e-02
-2.858908934156338330e-02
-2.565587180606240109e-02
-2.267344808547744686e-02
-1.966976475699475091e-02
-1.666892981638768215e-02
-1.368976982839181095e-02
-1.074453738976485426e-02
-7.838061899499555035e-03
-4.967633955873819278e-03
-2.123843049219540594e-03
7.075951527200235753e-04
3.543215068259231333e-03
6.398789843053889065e-03
9.286452539267020523e-03
1.221243111696455712e-02
1.517570779698868520e-02
1.816767417055016251e-02
2.117265013236580701e-02
2.416899111488349933e-02
2.713048875215301123e-02
3.002780649040327071e-02
3.282976630088785264e-02
3.550441207537022303e-02
3.801981134941501139e-02
4.034463181036542639e-02
4.244853509847439782e-02
4.430244213369188833e-02
4.587873074945486573e-02
4.715139263432521072e-02
4.809620499400758115e-02
4.869093558908051123e-02
4.891560967947319871e-02
4.875284359239020343e-02
4.818827509441110657e-02
4.721109526962266600e-02
4.581468130337516820e-02
4.399736226381766035e-02
4.176327438819009419e-02
3.912334089388150304e-02
3.609636465208133915e-02
3.271014757740097617e-02
2.900268049972016746e-02
2.502322150035015888e-02
2.083330842436648470e-02
1.650734147984372555e-02
1.213284560304540502e-02
7.809890786137841344e-03
3.649582556012962407e-03
-2.286549287820413036e-04
-3.701342389920662425e-03
-6.646819413839354269e-03
-8.952742765436895803e-03
-1.052493588344956266e-02
-1.129695890527943059e-02
-1.123944230083446724e-02
-1.036789165138668652e-02
-8.747532082656502006e-03
-6.493886783856182149e-03
-3.768213955005548892e-03
-7.676799216053886363e-04
2.288945779886916027e-03
5.178423505358673018e-03
7.690773179573858094e-03
9.645244541301278840e-03
1.090254041122095709e-02
1.137205065402609010e-02
1.101377515243565780e-02
9.835471456109313657e-03
7.886147110653518935e-03
5.247319589918298527e-03
2.023419226587363281e-03
-1.667523149834917659e-03
-5.702093675194791662e-03
-9.958214212699269610e-03
-1.432018739179047317e-02
-1.868216674352523102e-02
-2.295023088979813303e-02
-2.704340238550540301e-02
-3.089376911575691942e-02
-3.444603796832373249e-02
-3.765672099341171170e-02
-4.049305943133411217e-02
-4.293190389559099762e-02
-4.495852489641206928e-02
-4.656552306097938576e-02
-4.513530268439933796e-02
-4.629232495693547111e-02
-4.704986159977059268e-02
-4.741631564510907781e-02
-4.740372472372934159e-02
-4.702721152040789665e-02
-4.630450564901970184e-02
-4.525556854252332784e-02
-4.390229786647403126e-02
-4.226829304131747567e-02
-4.037866512696842991e-02
-3.825987952920308771e-02
-3.593958368102096596e-02
-3.344640060397509329e-02
-3.080963458500058857e-02
-2.805885035348232998e-02
-2.522327154417530054e-02
-2.233097145010667570e-02
-1.940785046449995319e-02
-1.647644501606526646e-02
-1.355468306476927641e-02
-1.065477583920528687e-02
-7.782491324896935632e-03
-4.937064235916126601e-03
-2.111927306570455642e-03
7.037035804220762546e-04
3.522558623949382465e-03
6.356709688838528202e-03
9.215079728739037149e-03
1.210148137696476223e-02
1.501345030063452185e-02
1.794194051490164560e-02
2.087176145235595040e-02
2.378252862829043079e-02
2.664986748108490872e-02
2.944665187823380589e-02
3.214411770042540500e-02
3.471278343206262579e-02
3.712315132328803530e-02
3.934621463425409804e-02
4.135380766886541382e-02
4.311885220680199138e-02
4.461553770350827619e-02
4.581948948560707335e-02
4.670793384944713772e-02
4.725990718162775828e-02
4.745652139540523784e-02
4.728129888035616929e-02
4.672059830160339711e-02
4.576411370725063515e-02
4.440552308212662724e-02
4.264320087898027661e-02
4.048106444708095969e-02
3.792952105385428291e-02
3.500651223745192275e-02
3.173861259286708120e-02
2.816216866615187456e-02
2.432434651342959414e-02
2.028410790004691114e-02
1.611281806613389100e-02
1.189445372004501768e-02
7.725079797220572690e-03
3.711424420563420954e-03
-3.174978824459508109e-05
-3.385730675295138808e-03
-6.233502539943565693e-03
-8.466954594709606707e-03
-9.995409512489344603e-03
-1.075483400720017059e-02
-1.071683140310598047e-02
-9.896170763353584476e-03
-8.355460970977911239e-03
-6.205720653586770282e-03
-3.601994918569714939e-03
-7.339005997618544422e-04
2.188145468360537700e-03
4.949421802762531651e-03
7.347974419024583433e-03
9.209991954604155109e-03
1.040157088161612446e-02
1.083567093357016772e-02
1.047395878316294097e-02
9.324042914430797843e-03
7.433200013408394237e-03
4.879951720671818656e-03
1.764819158285437862e-03
-1.798643950352376815e-03
-5.691762062115709661e-03
-9.797196450421404371e-03
-1.400378795964871657e-02
-1.820988774602247048e-02
-2.232536470672162945e-02
-2.627253047094196825e-02
-2.998628002441227486e-02
-3.341364454978097004e-02
-3.651300686232109710e-02
-3.925303676989146118e-02
-4.161162517724021487e-02
-4.357472450677132153e-02
-4.513530257105859145e-02
-4.371776194602931820e-02
-4.484311167905058459e-02
-4.558526469293112948e-02
-4.595224111959616414e-02
-4.595552250772992620e-02
-4.560948413698222986e-02
-4.493093666563047900e-02
-4.393876836123584290e-02
-4.265363170671365722e-02
-4.109772135393388592e-02
-3.929458674818715053e-02
-3.726896488357224480e-02
-3.504662246775844953e-02
-3.265415757735767172e-02
-3.011873731881052618e-02
-2.746772013340017735e-02
-2.472813305689026617e-02
-2.192596540300912819e-02
-1.908528189981156808e-02
-1.622719562826141840e-02
-1.336879291455464643e-02
-1.052218196090375611e-02
-7.693871626683343803e-03
-4.884702349340081483e-03
-2.090484585583263829e-03
6.966236688391674826e-04
3.486149783679992013e-03
6.287051038360690590e-03
9.105557707837746984e-03
1.194347141239696444e-02
1.479715091522104328e-02
1.765723960375991525e-02
2.050903667320947560e-02
2.333331130900160449e-02
2.610733970737231374e-02
2.880597393453647459e-02
3.140260613669081796e-02
3.386996707097939679e-02
3.618073827744072019e-02
3.830799848812920655e-02
4.022553726801338797e-02
4.190808165016090409e-02
4.333146807863747646e-02
4.447280323683081710e-02
4.531063941287231944e-02
4.582516995954559469e-02
4.599850719709333569e-02
4.581500618651564855e-02
4.526167239304246248e-02
4.432868472446820779e-02
4.300997785452911892e-02
4.130395091737543850e-02
3.921430864494035440e-02
3.675093725759698976e-02
3.393094426350985737e-02
3.077972854586114027e-02
2.733203078069854769e-02
2.363301971994968137e-02
1.973917793349673488e-02
1.571893494771147218e-02
1.165284067239458383e-02
7.633123064237430817e-03
3.762290363683268562e-03
1.506094756997577229e-04
-3.087787786278177807e-03
-5.840352602389418772e-03
-8.003049773984171819e-03
-9.488560714301942298e-03
-1.023515643788597447e-02
-1.021536780634154859e-02
-9.443236390714024320e-03
-7.978834460413192567e-03
-5.928824516837613579e-03
-3.442249117152162627e-03
-7.014344486106190504e-04
2.091265962016605837e-03
4.729354256135315931e-03
7.018625154180133628e-03
8.791970049806757323e-03
9.920697544096097192e-03
1.032122558216947740e-02
9.956837551106569734e-03
8.835016260029667293e-03
7.001386977204465852e-03
4.531592112650114149e-03
1.522395530259146226e-03
-1.916956717346637645e-03
-5.672345545815757686e-03
-9.630996244622953145e-03
-1.368611877087523229e-02
-1.774010580271187520e-02
-2.170646090620391086e-02
-2.551068366113450753e-02
-2.909037259465018996e-02
-3.239480314594343074e-02
-3.538414090078297047e-02
-3.802845039769408436e-02
-4.030662261204388808e-02
-4.220528115901824723e-02
-4.371775945660893309e-02
-4.231735385225009194e-02
-4.340925727232359393e-02
-4.413355006874897235e-02
-4.449792720087604458e-02
-4.451334852305695311e-02
-4.419350163822535066e-02
-4.355435614418506213e-02
-4.261380053475245788e-02
-4.139135114622185391e-02
-3.990792120561631462e-02
-3.818563527625221804e-02
-3.624766278221022014e-02
-3.411806976942510089e-02
-3.182162978962430749e-02
-2.938358696397071201e-02
-2.682932197726603865e-02
-2.418389186577458994e-02
-2.147141711289644525e-02
-1.871431047958183047e-02
-1.593238892330241935e-02
-1.314194776710824429e-02
-1.035494130584828712e-02
-7.578452653462680079e-03
-4.814639879003386469e-03
-2.061296697864286546e-03
6.869512569732610192e-04
3.436939262330341877e-03
6.195008464142479770e-03
8.965135318073032267e-03
1.174745501768950998e-02
1.453737630138977194e-02
1.732534003985412158e-02
2.009713243878070640e-02
2.283458430863736371e-02
2.551646449314055876e-02
2.811940212380616144e-02
3.061872088191747165e-02
3.298913551575018838e-02
3.520528467209627782e-02
3.724212454846712039e-02
3.907520924991565725e-02
4.068090246033655849e-02
4.203653590103861859e-02
4.312057001610347662e-02
4.391276452009488379e-02
4.439438436044879088e-02
4.454846015428966938e-02
4.436011287883503268e-02
4.381695753599536280e-02
4.290959357936836166e-02
4.163219054404753566e-02
3.998317394149972226e-02
3.796601334668314731e-02
3.559010812551260949e-02
3.287175930228931897e-02
2.983520297262496485e-02
2.651366410909400395e-02
2.295036805079089109e-02
1.919941703613255168e-02
1.532640551475715138e-02
1.140860865429880674e-02
7.534539846853909734e-03
3.802642152760313688e-03
3.188695739197395856e-04
-2.807065223226812116e-03
-5.466910073132617322e-03
-7.560550658617762841e-03
-9.003897272345883981e-03
-9.737436880558459837e-03
-9.734580863150876784e-03
-9.008661599870732353e-03
-7.617295260409241535e-03
-5.662933792289100848e-03
-3.288822840753799319e-03
-6.702501761111120775e-04
1.998214177575103386e-03
4.518009698942373510e-03
6.702411798919177474e-03
8.390783097134502447e-03
9.459468598026703201e-03
9.828227816392033980e-03
9.461918100851580277e-03
8.367907668894865661e-03
6.590235852143818025e-03
4.201784266819969839e-03
1.295699001434521321e-03
-2.022917550361309422e-03
-5.644336502063594489e-03
-9.460165929775110616e-03
-1.336782605871807139e-02
-1.727361135946596168e-02
-2.109452385746456160e-02
-2.475911811692639228e-02
-2.820760036070056945e-02
-3.139140344670499766e-02
-3.427242277448828978e-02
-3.682205863097278570e-02
-3.902017417509361791e-02
-4.085404516204003272e-02
-4.231735385851316533e-02
-4.093773832487528769e-02
-4.199496129360089092e-02
-4.269951318841154475e-02
-4.305878256461172920e-02
-4.308325034026070505e-02
-4.278596815053737484e-02
-4.218212560261620780e-02
-4.128869462891288089e-02
-4.012414420290448536e-02
-3.870821196258672492e-02
-3.706171910953262594e-02
-3.520641272778187586e-02
-3.316481322867106951e-02
-3.096004485459596250e-02
-2.861561763111760553e-02
-2.615513219011917495e-02
-2.360187442861834059e-02
-2.097828112585868598e-02
-1.830527249067951182e-02
-1.560148242945512582e-02
-1.288245987654345302e-02
-1.015996384360395161e-02
-7.441509946668470842e-03
-4.730331026532867862e-03
-2.025867796044801897e-03
6.751893577144221868e-04
3.377418005519848120e-03
6.084966842647700561e-03
8.799932127466929266e-03
1.152107400785745521e-02
1.424304450150105060e-02
1.695617196293719084e-02
1.964672604869069361e-02
2.229751802059342161e-02
2.488867043273420079e-02
2.739841388512168421e-02
2.980381146920859509e-02
3.208136176877091073e-02
3.420746623152696314e-02
3.615877638487249163e-02
3.791244635338087560e-02
3.944632295770426206e-02
4.073910323304630321e-02
4.177048650098837829e-02
4.252134488341849372e-02
4.297392429434407357e-02
4.311210577346192424e-02
4.292171899704642912e-02
4.239093856634022772e-02
4.151075853318108438e-02
4.027556111486550044e-02
3.868377985191864821e-02
3.673866101944377183e-02
3.444911983324792232e-02
3.183067881444839875e-02
2.890646674693585910e-02
2.570823745552235431e-02
2.227734933745221385e-02
1.866561558709084814e-02
1.493590578958667488e-02
1.116233493426091461e-02
7.429850134020718998e-03
3.832981503079560277e-03
4.735254192474788867e-04
-2.543055821454694859e-03
-5.112649688097792647e-03
-7.138915038409970534e-03
-8.540870923606589532e-03
-9.261133547910001609e-03
-9.273958529766689399e-03
-8.591987652612747411e-03
-7.270462397578310657e-03
-5.407768211837349175e-03
-3.141554249757498064e-03
-6.403148688160789853e-04
1.908891727897445460e-03
4.315165421136633525e-03
6.399001321135502386e-03
8.006008635456503611e-03
9.017395117432311369e-03
9.356150073975347259e-03
8.988652854424251590e-03
7.922168809773144638e-03
6.199214920262399904e-03
3.890013878901837484e-03
1.084231906100560422e-03
-2.117019724749848609e-03
-5.608236412980744170e-03
-9.285251906234510619e-03
-1.304953765825127635e-02
-1.681113777065165044e-02
-2.049042268845758380e-02
-2.401889107442625737e-02
-2.733925531720714924e-02
-3.040502342935155408e-02
-3.317975629880841326e-02
-3.563613940061250568e-02
-3.775497395033861753e-02
-3.952416298626367647e-02
-4.093773826144006533e-02
