1.204227120032284499e-16
1.336413907178159442e-17
1.412699306829727604e-16
7.488590280133028985e-17
-7.555203856281937306e-17
-9.675069814165791165e-17
-1.804865001609660464e-16
-1.592459238637175718e-16
2.540239827416192150e-17
-5.786631432117141256e-17
-5.916288344622161897e-16
-2.840551102515907358e-16
-1.758050542403997887e-16
-4.140296334194934725e-16
2.019241492255277724e-16
-1.137952088543645328e-15
-4.642048578345806038e-16
-5.333709086157177907e-16
-5.765501804684239173e-17
-2.355361045031124728e-17
1.477746902097137184e-16
3.727647913257125813e-17
-2.189203331098563158e-16
-7.926808841084507119e-17
-2.954424581317896772e-17
4.936642275333889417e-17
1.165362618849397203e-16
1.562799924629136916e-18
3.211882840889873974e-16
3.031558240651432187e-16
-2.597122971369514343e-16
2.689787232947659410e-16
3.792129897382898857e-18
-3.363925777550309985e-16
5.124521025003652334e-16
4.007622148738225597e-16
-2.321610975059485135e-16
-2.084611097727064308e-16
6.259837057682474678e-16
3.956936172093922865e-16
9.372118326152967924e-17
-8.449030875004436979e-33
6.117399895580250570e-16
6.272010121046014481e-16
-6.511589055382209017e-17
2.579899821425088276e-16
2.345576468638788252e-16
1.461984652500213233e-16
-3.330500856870065060e-17
1.824271055234873244e-16
1.293953485179109504e-16
-8.642846199457886054e-18
-1.852796432134587848e-16
-1.961444787831092075e-16
3.828590016819687369e-17
1.045523360995228262e-16
-1.851795048243716555e-16
-9.311681979115639511e-16
1.516769939187976269e-16
-8.690394416631426462e-16
-9.851632623490917200e-16
-4.959832298799334330e-16
-6.924258374303120793e-16
-6.171649297193545031e-16
-1.664727295388667951e-16
-1.015576871554353186e-15
-5.874220143223118028e-16
6.259568202781131583e-17
-1.787378848594692197e-16
-1.727549362207370523e-16
-2.948503767962863544e-16
-1.204600387826968123e-16
-2.293522310013784181e-16
-1.816646650678836264e-16
-4.006441613060536365e-17
-2.280939146298314734e-17
9.861188224065861391e-18
3.266535133944672691e-17
2.296603602676676076e-16
2.269379012122919996e-18
1.495929736879780737e-17
4.155453417643871252e-16
2.719519849749809796e-16
4.907364075724825306e-16
1.102036949958076197e-16
1.204127719337776436e-15
-2.250029534026641672e-16
2.065649948775277774e-16
-5.148369496712260035e-16
4.490139446675800817e-16
1.129634210018419516e-15
1.450584981377454862e-16
6.244087105212458178e-16
-1.802115469901310111e-16
2.262125923747399898e-16
4.204628987493412552e-16
1.800133462877013187e-16
-1.954352783499170766e-16
-3.665256819591126272e-17
1.368266501200129924e-16
-8.519219713058254206e-02
-2.335817359602583576e-02
3.869021629172568477e-02
1.004121788059404441e-01
1.612713613424708592e-01
2.207428727388410783e-01
2.783201255309352140e-01
3.335213976197053953e-01
3.858959923111423551e-01
4.350299072438801873e-01
4.805509366018129169e-01
5.221330704404537615e-01
5.595001758702689010e-01
5.924288549159295592e-01
6.207504453828837088e-01
6.443521415082960058e-01
6.631772037959173804e-01
6.772242818749668603e-01
6.865458684952366886e-01
6.912459336069237681e-01
6.914767975879794193e-01
6.874353196872848848e-01
6.793584971481015922e-01
6.675185673888636151e-01
6.522177207076784722e-01
6.337825263188608949e-01
6.125581799562563878e-01
5.889026830129564516e-01
5.631810365676404029e-01
5.357595616400857574e-01
5.070004118249290537e-01
4.772563603810984212e-01
4.468659339959728527e-01
4.161489335957490043e-01
3.854024141749837762e-01
3.548971381979640349e-01
3.248745544090672066e-01
2.955443165316622989e-01
2.670823634688330173e-01
2.396295752758497988e-01
2.132910038197052827e-01
1.881356854906551246e-01
1.641970221463291413e-01
1.414737313503125204e-01
1.199313325864386354e-01
9.950415697722068964e-02
8.009784979260281546e-02
6.159232720289715968e-02
4.384514935566432431e-02
2.669526187467945177e-02
9.967050135930397015e-03
-6.525348414329074781e-03
-2.297354060849838078e-02
-3.957025082612587730e-02
-5.650464177945599409e-02
-7.395765978227622495e-02
-9.209748118832343511e-02
-1.110751347285446194e-01
-1.310203767585825241e-01
-1.520378984776767084e-01
-1.742039176594883942e-01
-1.975632392499737655e-01
-2.221268249246535209e-01
-2.478699287882159819e-01
-2.747308343706352241e-01
-3.026102271433863677e-01
-3.313712163877735595e-01
-3.608400236561302155e-01
-3.908073326152725624e-01
-4.210302990897621389e-01
-4.512351852081240011e-01
-4.811206123359486053e-01
-5.103613768153215657e-01
-5.386127921773062877e-01
-5.655155035095892346e-01
-5.907007081680446525e-01
-6.137957117531919193e-01
-6.344297389619697469e-01
-6.522399288139776319e-01
-6.668773878328541072e-01
-6.780132390124757880e-01
-6.853445313838730790e-01
-6.885999239011095785e-01
-6.875450198920182165e-01
-6.819872507460957856e-01
-6.717802231341594155e-01
-6.568273985968720030e-01
-6.370850571836687015e-01
-6.125644594517468677e-01
-5.833331490730599977e-01
-5.495153678277723275e-01
-5.112915662509331938e-01
-4.688969819193705701e-01
-4.226193762949733701e-01
-3.727958778224893521e-01
-3.198090578620760294e-01
-2.640822623542152803e-01
-2.060743325975415707e-01
-1.462737214474623959e-01
-8.519219712811632039e-02
-2.301640308625295395e-01
-6.362365422245833124e-02
1.036080485835143700e-01
2.697232479507045699e-01
4.329294804281311748e-01
5.914731734388078976e-01
7.436633111850465827e-01
8.878951917339011901e-01
1.022674055564844364e+00
1.146638175626292000e+00
1.258580819977287435e+00
1.357470360625242956e+00
1.442467729976117496e+00
1.512940433908457338e+00
1.568472420008598656e+00
1.608869262976693193e+00
1.634158354399071200e+00
1.644583992240121972e+00
1.640597672656123551e+00
1.622843786302799129e+00
1.592141633404375423e+00
1.549464300094064217e+00
1.495915208786181116e+00
1.432703434316652036e+00
1.361118344199973684e+00
1.282504398568049986e+00
1.198236726276403097e+00
1.109697916645797422e+00
1.018256379805857481e+00
9.252465092924389012e-01
8.319507398448725555e-01
7.395835317532124531e-01
6.492772575558032333e-01
5.620699249477175696e-01
4.788946092830902446e-01
4.005706203094726581e-01
3.277962134878907308e-01
2.611428840432449827e-01
2.010511846083605225e-01
1.478280611520686183e-01
1.016457051155901931e-01
6.254194861017170481e-02
3.042220137680928110e-02
5.062946918220036924e-03
-1.388319361793282150e-02
-2.688083546841770269e-02
-3.450364905938922699e-02
-3.742464495912544570e-02
-3.640495808930317018e-02
-3.228118122315250943e-02
-2.595132056600301523e-02
-1.835947634724957589e-02
-1.047938952447575837e-02
-3.297041391971814069e-03
2.207456243758534626e-03
5.078390129394476371e-03
4.403055029415295189e-03
-6.699352069661883031e-04
-1.091303840465239483e-02
-2.700328608222322263e-02
-4.950728978985237394e-02
-7.886810843486984079e-02
-1.153942697887075652e-01
-1.592511750388573566e-01
-2.104550251737709599e-01
-2.688693235360499201e-01
-3.342039475227556733e-01
-4.060166925783009195e-01
-4.837171652979359582e-01
-5.665728944162045089e-01
-6.537174421976172933e-01
-7.441604699378944199e-01
-8.367995576565681048e-01
-9.304337587659858855e-01
-1.023778828255904383e+00
-1.115484115243760677e+00
-1.204151113182442057e+00
-1.288353645587354546e+00
-1.366659621109546086e+00
-1.437654220765068214e+00
-1.499964277099017584e+00
-1.552283477828678704e+00
-1.593397958515319290e+00
-1.622211615745944302e+00
-1.637770407001349682e+00
-1.639284945216279876e+00
-1.626150472828355786e+00
-1.597963429573054484e+00
-1.554533977893172603e+00
-1.495893881947327753e+00
-1.422299428297394419e+00
-1.334229287673573294e+00
-1.232377475959724134e+00
-1.117641813787064509e+00
-9.911084854362387508e-01
-8.540334370040565393e-01
-7.078214159791008653e-01
-5.540034341729024314e-01
-3.942133398621488483e-01
-2.301640308636628274e-01
-4.155244016061777623e-01
-1.143469717707528838e-01
1.880888227061665030e-01
4.884142284124033950e-01
7.832678236539734051e-01
1.069310098470725778e+00
1.343246971231127240e+00
1.601865746492135756e+00
1.842084781899723911e+00
2.061015643243664375e+00
2.256034197206521430e+00
2.424855295369205077e+00
2.565604691519284941e+00
2.676881734216619790e+00
2.757807139872276103e+00
2.808051614496251958e+00
2.827842994314819780e+00
2.817951622188104910e+00
2.779655584630164711e+00
2.714689007112110808e+00
2.625177483484856022e+00
2.513565754483649606e+00
2.382541695831060125e+00
2.234961379661134728e+00
2.073778321638185762e+00
1.901979463724836839e+00
1.722529359440934771e+00
1.538323113765768690e+00
1.352147788618832447e+00
1.166651596182199713e+00
9.843195995588082114e-01
8.074546941643672149e-01
6.381624823246278000e-01
4.783390086578220290e-01
3.296603779104476106e-01
1.935737140616100305e-01
7.128916133189712456e-02
-3.622709085148079211e-02
-1.282585771813020969e-01
-2.043428098965642536e-01
-2.642736647744516332e-01
-3.081015806075579344e-01
-3.361313396636891326e-01
-3.489173086515653943e-01
-3.472561253733351117e-01
-3.321768855109984986e-01
-3.049288969116302206e-01
-2.669670183394719509e-01
-2.199344968755888863e-01
-1.656430897816763004e-01
-1.060501414628453459e-01
-4.323222777817058160e-02
2.064498382325419615e-02
8.336085551340702282e-02
1.426778047526409410e-01
1.963827870738430181e-01
2.423313676741143396e-01
2.784931035375199371e-01
3.029966249989884397e-01
3.141726089896225704e-01
3.105928155780044997e-01
2.911035299201650273e-01
2.548520974574912112e-01
2.013057216860752729e-01
1.302622495441252692e-01
4.185323042557075046e-02
-6.345996743678919416e-02
-1.848958239068123899e-01
-3.213667415569762542e-01
-4.714961224725864875e-01
-6.336371757491791046e-01
-8.058924878887483434e-01
-9.861338057613514563e-01
-1.172021959013149983e+00
-1.361027348129701497e+00
-1.550451925322945845e+00
-1.737453830693551193e+00
-1.919076275060825676e+00
-2.092282082678571520e+00
-2.253995230825672547e+00
-2.401150321421589684e+00
-2.530749979329192545e+00
-2.639930084230966756e+00
-2.726030416293163228e+00
-2.786668808924418261e+00
-2.819814773389715867e+00
-2.823858402131363743e+00
-2.797669827119040775e+00
-2.740644639537402227e+00
-2.652731334910090499e+00
-2.534438059055781345e+00
-2.386817612537678546e+00
-2.211431649100947361e+00
-2.010297033982658910e+00
-1.785819118877533418e+00
-1.540717949295850042e+00
-1.277953915433853060e+00
-1.000658955024857688e+00
-7.120781312556240250e-01
-4.155244016124212125e-01
-6.064263350210989945e-01
-1.661805546442612636e-01
2.755631821193461617e-01
7.148244329752403425e-01
1.147515053206198177e+00
1.569300369195897105e+00
1.975517311084207694e+00
2.361172060438219589e+00
2.721026074807542106e+00
3.049764515246767616e+00
3.342227883399209620e+00
3.593678137623939950e+00
3.800066393695127775e+00
3.958270220616962654e+00
4.066274217516959055e+00
4.123277061453237025e+00
4.129717815028602246e+00
4.087224964628033419e+00
3.998499613702337196e+00
3.867149750752667092e+00
3.697495093775549080e+00
3.494361824219008206e+00
3.262883951041336328e+00
3.008324305620976968e+00
2.735923633663667420e+00
2.450781790009377570e+00
2.157771257145117083e+00
1.861480082564842986e+00
1.566179388398742267e+00
1.275809487930623209e+00
9.939784052486752008e-01
7.239670407667110341e-01
4.687361089657097191e-01
2.309312070588667165e-01
1.288373085263404619e-02
-1.833932916387590317e-01
-3.562141315779899231e-01
-5.042327354185490718e-01
-6.264565407668564179e-01
-7.222594128757481302e-01
-7.913915971801334104e-01
-8.339847562641166112e-01
-8.505514449824128631e-01
-8.419787857982984347e-01
-8.095172981591716166e-01
-7.547663264098262159e-01
-6.796577619877999243e-01
-5.864394651037221351e-01
-4.776589951322683936e-01
-3.561471194505614890e-01
-2.249993102600523209e-01
-8.755235966027259675e-02
5.264734974718959098e-02
1.918872632387749189e-01
3.263461936681130715e-01
4.521667843828963695e-01
5.655415962337849711e-01
6.628093104239357602e-01
7.405556123170989880e-01
7.957120932067573982e-01
8.256460932276266096e-01
8.282350402805617184e-01
8.019204926290676161e-01
7.457388638456491359e-01
6.593286082632374701e-01
5.429159989805311115e-01
3.972832070947290295e-01
2.237243031663223025e-01
2.399509322196344274e-02
-1.997373003670643299e-01
-4.449399890307522698e-01
-7.087511989965845638e-01
-9.880063416647666408e-01
-1.279252995232660117e+00
-1.578756427891600644e+00
-1.882499074920448656e+00
-2.186178966613249841e+00
-2.485213323481121339e+00
-2.774754282661944682e+00
-3.049723840343862680e+00
-3.304874455975382208e+00
-3.534880177934978995e+00
-3.734460691142470257e+00
-3.898537176543533267e+00
-4.022414664827850039e+00
-4.101980958841397573e+00
-4.133907756827320590e+00
-4.115836172535622062e+00
-4.046526901509042595e+00
-3.925955599382640049e+00
-3.755338914753811430e+00
-3.537080709716867943e+00
-3.274639355532750873e+00
-2.972325862038851074e+00
-2.635053278828683787e+00
-2.268065813300863098e+00
-1.876680519065935249e+00
-1.466073709343338916e+00
-1.041138169641097511e+00
-6.064263348947787069e-01
-7.543196783967683894e-01
-2.068036559742922054e-01
3.413519960238945994e-01
8.888126725120922833e-01
1.433719622481502531e+00
1.972993971663023149e+00
2.501863064846436835e+00
3.013693970961246915e+00
3.500162955692863065e+00
3.951731076652389429e+00
4.358346432977485918e+00
4.710261824243382911e+00
4.998846933578212415e+00
5.217285932262612391e+00
5.361079719938623533e+00
5.428309444638600212e+00
5.419656533921942021e+00
5.338207450862062053e+00
5.189094364412810023e+00
4.979034179044544040e+00
4.715828673610566568e+00
4.407880276621908955e+00
4.063764529291624683e+00
3.691884813335597038e+00
3.300220126866303172e+00
2.896164368764438724e+00
2.486446651053689560e+00
2.077116700923266723e+00
1.673577063971580570e+00
1.280643889318470174e+00
9.026198422160949253e-01
5.433654879276791361e-01
2.063588233419743345e-01
-1.052638537624520643e-01
-3.886890709637228492e-01
-6.414293519050668912e-01
-8.613455303942670893e-01
-1.046682860854444952e+00
-1.196113851993303001e+00
-1.308779975661587436e+00
-1.384324776461571593e+00
-1.422912507720510034e+00
-1.425229128725046479e+00
-1.392465950403701358e+00
-1.326289803525506850e+00
-1.228806555547364621e+00
-1.102526344550792015e+00
-9.503384505236299740e-01
-7.755010992177525653e-01
-5.816470223542097306e-01
-3.728001331059717649e-01
-1.533934524900219809e-01
7.172522922894757069e-02
2.973144515028062762e-01
5.177992003065772231e-01
7.273770299579472853e-01
9.201697949518751196e-01
1.090412554610492357e+00
1.232664156391838350e+00
1.342019371182317400e+00
1.414301153565785008e+00
1.446213818158770037e+00
1.435443133213733624e+00
1.380696459693771194e+00
1.281683782590899989e+00
1.139047498284860183e+00
9.542541471446726042e-01
7.294643587780841321e-01
4.673980078520896808e-01
1.712102449015624750e-01
-1.556088189535223820e-01
-5.093018364284112032e-01
-8.858746864164003254e-01
-1.281089293643135951e+00
-1.690422514795804965e+00
-2.108998596963168826e+00
-2.531506207426885258e+00
-2.952114195380591166e+00
-3.364402957212842882e+00
-3.761330248498990780e+00
-4.135251043347357935e+00
-4.478009937764506176e+00
-4.781120916527698661e+00
-5.036042458383326093e+00
-5.234545663470663079e+00
-5.369159705374062064e+00
-5.433663593114508750e+00
-5.423578064276473043e+00
-5.336599331345907693e+00
-5.172910681859621107e+00
-4.935311681041255838e+00
-4.629119920261747900e+00
-4.261826889584074962e+00
-3.842525044460615380e+00
-3.381162217537026393e+00
-2.887714870979221526e+00
-2.371395314968551826e+00
-1.840013112553913643e+00
-1.299593800530265630e+00
-7.543196783885763868e-01
-8.068112350158777035e-01
-2.230205231234589913e-01
3.583956773689448427e-01
9.451566046235688745e-01
1.543422235225773598e+00
2.155722066287850236e+00
2.779535835748936368e+00
3.406762899970336100e+00
4.024142565419422723e+00
4.614511288529519639e+00
5.158642339655731490e+00
5.637335223314752675e+00
6.033415350284964340e+00
6.333360453031969151e+00
6.528369950714152381e+00
6.614807445762036942e+00
6.594053895407729016e+00
6.471887858038178898e+00
6.257553635557471239e+00
5.962686152723410515e+00
5.600243600724378545e+00
5.183560805832727603e+00
4.725593859793612239e+00
4.238384843964048798e+00
3.732742153884443415e+00
3.218109144764880192e+00
2.702580728868955173e+00
2.193023720602518267e+00
1.695259091187913736e+00
1.214268839329114336e+00
7.543994883651246042e-01
3.195391224649241635e-01
-8.674569982597642170e-02
-4.611225444151643704e-01
-8.004578597786642380e-01
-1.101831925127748635e+00
-1.362597070123649834e+00
-1.580467428604738211e+00
-1.753624942561260003e+00
-1.880823701426584948e+00
-1.961474528681306007e+00
-1.995694367732810282e+00
-1.984310830585228169e+00
-1.928820795164684965e+00
-1.831311875592867011e+00
-1.694364882000296335e+00
-1.520961659768723440e+00
-1.314423497451687517e+00
-1.078400044592656704e+00
-8.169166653347675888e-01
-5.344726750934601922e-01
-2.361665295879856186e-01
7.218843834074428756e-02
3.839992478194531045e-01
6.919166251109006849e-01
9.879700694315763920e-01
1.263818190801583530e+00
1.511095590641034381e+00
1.721818558962497692e+00
1.888799487530953725e+00
2.006017699844109714e+00
2.068901450035217859e+00
2.074490697645052784e+00
2.021469149724140379e+00
1.910073086599137326e+00
1.741900241486883161e+00
1.519652267556886427e+00
1.246848490931387055e+00
9.275468573699812147e-01
5.661026087961892328e-01
1.669869417771287501e-01
-2.653208179057062743e-01
-7.263619123071992645e-01
-1.211649215081743503e+00
-1.716547715725775136e+00
-2.236096358342058554e+00
-2.764787846732085885e+00
-3.296327758434209887e+00
-3.823400782732730097e+00
-4.337477013006483695e+00
-4.828698429604826536e+00
-5.285888392403782277e+00
-5.696728307037626671e+00
-6.048137172419200347e+00
-6.326874746378358338e+00
-6.520362065397611318e+00
-6.617676784379296961e+00
-6.610637893067667470e+00
-6.494852590415398197e+00
-6.270565978383825012e+00
-5.943142625413997848e+00
-5.523030526458231115e+00
-5.025112455237962905e+00
-4.467440692126888102e+00
-3.869462296829123460e+00
-3.249955061002455015e+00
-2.624981884141064370e+00
-2.006208714158663309e+00
-1.399900775981177237e+00
-8.068112350022751400e-01
-7.250533613383415288e-01
-2.049867652503014059e-01
3.065066221541857261e-01
8.356558701426933800e-01
1.405092564589760284e+00
2.029099282440514074e+00
2.710413147282176194e+00
3.439118582739379981e+00
4.193722409259781791e+00
4.944074226546920414e+00
5.655474248704933871e+00
6.293161813523314940e+00
6.826411295174567684e+00
7.231644555449505241e+00
7.494235485558967014e+00
7.608960712452017106e+00
7.579281249988680358e+00
7.415786490133496223e+00
7.134185665795500064e+00
6.753206583682842101e+00
6.292682743143102719e+00
5.772008063462785721e+00
5.209038399497070593e+00
4.619437399559782165e+00
4.016409519902510716e+00
3.410733564333886747e+00
2.811003351349318002e+00
2.223989121169339001e+00
1.655048553521796473e+00
1.108533770147687392e+00
5.881570450651714133e-01
9.729106199996841176e-02
-3.608104340504171836e-01
-7.828786497797175503e-01
-1.165583827629763647e+00
-1.505573504598784584e+00
-1.799584987179511097e+00
-2.044615401470011751e+00
-2.238124940212525171e+00
-2.378242805688242534e+00
-2.463941643766730749e+00
-2.495147985879129671e+00
-2.472764675224063513e+00
-2.398596755339076569e+00
-2.275193067501871003e+00
-2.105637517792595670e+00
-1.893341479941885064e+00
-1.641895484460299981e+00
-1.355030657904596536e+00
-1.036717135490837771e+00
-6.913921595227136008e-01
-3.242723910011224286e-01
5.832630621234131951e-02
4.487533394265674769e-01
8.379567198383004456e-01
1.215640853949505606e+00
1.570659840984298006e+00
1.891608181426328361e+00
2.167529038394039098e+00
2.388636017302538050e+00
2.546942435451275966e+00
2.636711579240465397e+00
2.654676011842869165e+00
2.600015049880059603e+00
2.474117348625604063e+00
2.280183533568137744e+00
2.022738284693273325e+00
1.707122368744547813e+00
1.339025764012297115e+00
9.241072646069621310e-01
4.677288371443899528e-01
-2.518301155319266002e-02
-5.501484571564421167e-01
-1.103025812443856335e+00
-1.679795237032949196e+00
-2.276249528215023687e+00
-2.887609588729595167e+00
-3.508087142482491316e+00
-4.130425597514692626e+00
-4.745462414242032523e+00
-5.341772011216014526e+00
-5.905464660438812352e+00
-6.420229942237090093e+00
-6.867716310722196127e+00
-7.228324969024044755e+00
-7.482459143578767957e+00
-7.612205995468048769e+00
-7.603339642431690137e+00
-7.447431034856791143e+00
-7.143753227133275097e+00
-6.700606167579973516e+00
-6.135683604366575672e+00
-5.475188495961958779e+00
-4.751580311085711550e+00
-4.000088946890651087e+00
-3.254412717844220815e+00
-2.542264336401973690e+00
-1.881568306021413894e+00
-1.278088260464213866e+00
-7.250533613382555975e-01
-5.027179456952043379e-01
-1.510365650908404855e-01
1.822065919069434659e-01
5.526202418221032309e-01
1.008872168375238854e+00
1.583593398288981824e+00
2.287426844400438419e+00
3.107238336072126295e+00
4.008568134624302282e+00
4.941515828684326372e+00
5.848637455763284088e+00
6.673210164882412698e+00
7.366386081977949196e+00
7.892210758099357903e+00
8.230064775774783570e+00
8.374640952369780678e+00
8.333977580280778952e+00
8.126277263330816680e+00
7.776257974156474795e+00
7.311658999616248877e+00
6.760323924755082814e+00
6.148071840907266328e+00
5.497387238202663617e+00
4.826834598705202595e+00
4.151037068732334134e+00
3.481040474830934706e+00
2.824899109790656837e+00
2.188352469224817298e+00
1.575499717777185671e+00
9.894122746184473849e-01
4.326513154834546460e-01
-9.232572917914867727e-02
-5.828757124283648894e-01
-1.035998724562532836e+00
-1.448284590860897003e+00
-1.815973500407437768e+00
-2.135122388051882591e+00
-2.401860173181395108e+00
-2.612703232034237377e+00
-2.764889413534600937e+00
-2.856678317251196475e+00
-2.887561976397245989e+00
-2.858337994754951872e+00
-2.771018965100020992e+00
-2.628586277263681215e+00
-2.434637069219230288e+00
-2.193009688700676918e+00
-1.907493330940120524e+00
-1.581721265312676872e+00
-1.219310333109917099e+00
-8.242475335131913550e-01
-4.014521588452139023e-01
4.262044938333708899e-02
4.994998796993408430e-01
9.585025679226808482e-01
1.406917795996539766e+00
1.830597745997748715e+00
2.214880435415405024e+00
2.545699627805760645e+00
2.810696486186468945e+00
3.000151836707980468e+00
3.107601027013206174e+00
3.130061227859655570e+00
3.067874911035683994e+00
2.924235836604014427e+00
2.704503782771747744e+00
2.415427712588736231e+00
2.064387461384442179e+00
1.658738768914689965e+00
1.205315112228600327e+00
7.101098259204231544e-01
1.781389987008854814e-01
-3.865283351728513450e-01
-9.805916051464205196e-01
-1.601209765680480235e+00
-2.245576398487957537e+00
-2.910390311901315030e+00
-3.591234550241209966e+00
-4.281885416566061586e+00
-4.973591363705186730e+00
-5.654389158731284226e+00
-6.308560318143581647e+00
-6.916367859105242211e+00
-7.454242380842121207e+00
-7.895592491404769042e+00
-8.212383648726502727e+00
-8.377543211912461985e+00
-8.368106765151855697e+00
-8.168826203955019238e+00
-7.775746668746584156e+00
-7.199076900651142807e+00
-6.464592991756734186e+00
-5.612892208678757378e+00
-4.696090184909847309e+00
-3.772020183914900127e+00
-2.896572414204012791e+00
-2.115370532202188070e+00
-1.456357313505257656e+00
-9.249062927125182298e-01
-5.027179456951424985e-01
-1.769736965708277876e-01
-7.058706101004294520e-02
4.398096083179012065e-03
1.421356096697889149e-01
4.251749226063639142e-01
9.093866006139667002e-01
1.614413475803735620e+00
2.521329248930111344e+00
3.577455561579129917e+00
4.706715359656254982e+00
5.822889749100370160e+00
6.842891916217599402e+00
7.697626357388939411e+00
8.338926509840678847e+00
8.742137785586150400e+00
8.904843721987484528e+00
8.842834716175890009e+00
8.584637913995411651e+00
8.165820378194274198e+00
7.623965633854873580e+00
6.994837585823709958e+00
6.309890898280606564e+00
5.595024819045697484e+00
4.870326735529684647e+00
4.150499884494696978e+00
3.445688016394921505e+00
2.762466850820286979e+00
2.104841530017687479e+00
1.475153327534298286e+00
8.748484967609517771e-01
3.050948251358179819e-01
-2.327511827992999605e-01
-7.368178252337642675e-01
-1.204525197616614918e+00
-1.632522660389545965e+00
-2.016756790434702573e+00
-2.352668308153983645e+00
-2.635508226819010869e+00
-2.860748069565526741e+00
-3.024538488130455338e+00
-3.124149915337854466e+00
-3.158315377796373280e+00
-3.127397535676040619e+00
-3.033325698720965580e+00
-2.879294951256691881e+00
-2.669281555869961409e+00
-2.407491084460354092e+00
-2.097897572064069571e+00
-1.744033932031760381e+00
-1.349145665396031868e+00
-9.167269221272629220e-01
-4.513426807101041938e-01
4.046256000023949750e-02
5.494256366705578820e-01
1.063237833187489212e+00
1.566788481763542462e+00
2.043003732718922549e+00
2.474160901025497239e+00
2.843445301983376972e+00
3.136464356799955500e+00
3.342453274783940831e+00
3.454986293453388591e+00
3.472120091211032822e+00
3.396009229408807339e+00
3.232120307149243477e+00
2.988217025324749532e+00
2.673291375504810219e+00
2.296586296695816376e+00
1.866807418298343402e+00
1.391571006881456407e+00
8.770932832108842003e-01
3.280988798396768935e-01
-2.520856183707914089e-01
-8.612859326037258789e-01
-1.498105339106893030e+00
-2.161431012154636733e+00
-2.849820104145873945e+00
-3.560759097588505284e+00
-4.289795618928754273e+00
-5.029562244740619192e+00
-5.768749576157679471e+00
-6.491141056432189416e+00
-7.174889863822710545e+00
-7.792286703775132217e+00
-8.310315648062980287e+00
-8.692294578891605283e+00
-8.900815490099972749e+00
-8.902012934503014563e+00
-8.670892359604794208e+00
-8.197075845211831080e+00
-7.489947595772355804e+00
-6.581922382528964555e+00
-5.528549805755282875e+00
-4.404510961076627318e+00
-3.295286887048217928e+00
-2.285283124556557244e+00
-1.444255405768195777e+00
-8.146852045449498592e-01
-4.029937775726492588e-01
-1.769736965708281207e-01
1.766231481118943902e-01
1.704716465106275239e-02
-1.881892796743279417e-01
-3.025835788551492489e-01
-2.067903436544714924e-01
1.792936183007035056e-01
8.830228664656069038e-01
1.876525760513213070e+00
3.084905519030239684e+00
4.402312886465303166e+00
5.711630618986000663e+00
6.903330723836037741e+00
7.890004467292918378e+00
8.614664747999361438e+00
9.052624315289300228e+00
9.208102007775281095e+00
9.107455344092779015e+00
8.791065819485682553e+00
8.305563225300209851e+00
7.697494104116055169e+00
7.008927548290273535e+00
6.274995143075281057e+00
5.523045380098757562e+00
4.772954397441846019e+00
4.038132603539064114e+00
3.326845688904794596e+00
2.643579380323465955e+00
1.990285340047599716e+00
1.367432029710802466e+00
7.748429753620094118e-01
2.123374931011641764e-01
-3.197988338670530450e-01
-8.204882298330375967e-01
-1.287662963663144255e+00
-1.718191113748156473e+00
-2.107930875114399250e+00
-2.451921982815945089e+00
-2.744717133074269899e+00
-2.980839747798869066e+00
-3.155328253789435156e+00
-3.264296367047200054e+00
-3.305412932415891625e+00
-3.278195802647775992e+00
-3.184033102728632159e+00
-3.025897334324880728e+00
-2.807797326525934611e+00
-2.534101158012812771e+00
-2.208930822744441969e+00
-1.835846260173497058e+00
-1.417983188305202757e+00
-9.586890564860870434e-01
-4.625438241368625136e-01
6.349367765886197723e-02
6.091550230009648015e-01
1.160471228745479033e+00
1.700126989528771837e+00
2.208578431299655698e+00
2.665754671933596942e+00
3.053015283681647318e+00
3.354979557210455710e+00
3.560889211670856369e+00
3.665291355325048794e+00
3.667989459986878309e+00
3.573359328464199791e+00
3.389229111820136975e+00
3.125562109708709624e+00
2.793163023127849254e+00
2.402571795508491093e+00
1.963237066215925752e+00
1.482994288339943623e+00
9.678245630659579879e-01
4.218440010475746349e-01
-1.525317746539746611e-01
-7.542929077619681122e-01
-1.383435735538814049e+00
-2.040461255158892317e+00
-2.725754476741217847e+00
-3.438814743726491763e+00
-4.177306632442366663e+00
-4.935918462451128974e+00
-5.705056499116885504e+00
-6.469471765667456076e+00
-7.207012292798484765e+00
-7.887806531113309205e+00
-8.474289553268125275e+00
-8.922542537527773376e+00
-9.185375211145382579e+00
-9.217387271575480767e+00
-8.981866573042275093e+00
-8.458836108218088512e+00
-7.652940252149684319e+00
-6.599332995001573998e+00
-5.365522300813259982e+00
-4.047446089272605185e+00
-2.759013125248086507e+00
-1.615847195139772374e+00
-7.157016393400357224e-01
-1.194542995569379401e-01
1.627973499192139906e-01
1.766231481116909141e-01
4.662491277283414837e-01
8.825086504826593070e-02
-3.482663210737211301e-01
-6.686491381670034428e-01
-7.209726110726664139e-01
-4.050261086594887927e-01
3.106055246736777464e-01
1.386551793817148104e+00
2.724912938520719141e+00
4.191504964998329363e+00
5.641990134129118317e+00
6.945831538404734218e+00
8.003608853828742653e+00
8.755635154519566754e+00
9.182184550142510560e+00
9.297349614493255032e+00
9.139323382567859255e+00
8.759813437100030242e+00
8.214633254150401243e+00
7.556628351656233811e+00
6.831270159178406409e+00
6.074656739160353425e+00
5.313341920338682023e+00
4.565333701882580364e+00
3.841678373018805992e+00
3.148197599747383890e+00
2.487107832072629865e+00
1.858388627266482684e+00
1.260863371695216228e+00
6.930134164486630999e-01
1.535719876153529562e-01
-3.580521988682141554e-01
-8.414816746258367841e-01
-1.295183718295176645e+00
-1.716384825984470508e+00
-2.101095588407425385e+00
-2.444264040812280658e+00
-2.740074070945069717e+00
-2.982391010464108039e+00
-3.165328761165619564e+00
-3.283875932900279793e+00
-3.334481512054356056e+00
-3.315478771408257419e+00
-3.227234157737920217e+00
-3.071956592717826506e+00
-2.853189635385886103e+00
-2.575115061424948948e+00
-2.241886559790431388e+00
-1.857247007286819240e+00
-1.424633094091879215e+00
-9.478356380404234782e-01
-4.320963812066526133e-01
1.146562050130360971e-01
6.808307863812532723e-01
1.250833268480444405e+00
1.805590992521985738e+00
2.323937674599370062e+00
2.784617442665201725e+00
3.168498672617536371e+00
3.460541158108932702e+00
3.651139724231314165e+00
3.736637398422688605e+00
3.719001685726445849e+00
3.604828599059222594e+00
3.403940747199595496e+00
3.127867012176158923e+00
2.788446112870039961e+00
2.396712938954801420e+00
1.962135746775535372e+00
1.492196745493537868e+00
9.922604118308530063e-01
4.656546986505816221e-01
-8.610555414471868230e-02
-6.630039560229660234e-01
-1.266140305312847048e+00
-1.897275516984209265e+00
-2.558272627287570433e+00
-3.250383603681539224e+00
-3.973323751821602468e+00
-4.724085488612374206e+00
-5.495479258142283108e+00
-6.274460668892848147e+00
-7.040415228717873397e+00
-7.763721097777401603e+00
-8.405075185057187426e+00
-8.916202565776783828e+00
-9.242603323091854506e+00
-9.328840199967869395e+00
-9.126462579700801214e+00
-8.603982052874910025e+00
-7.757444200289264735e+00
-6.619290543774003055e+00
-5.262693539220589578e+00
-3.798720350234542131e+00
-2.364772385298126167e+00
-1.104723871332462082e+00
-1.436483166975292547e-01
4.377451391926478474e-01
6.226894762663310878e-01
4.662491277270698342e-01
6.146989018694356544e-01
1.230453168471421221e-01
-4.358036151364573785e-01
-8.614825493118657418e-01
-9.808484208005054938e-01
-6.823761490482886938e-01
6.434363463167806774e-02
1.207735195701089337e+00
2.630518949639275128e+00
4.177405418764705836e+00
5.686375360318584704e+00
7.016122588051485032e+00
8.064570178761215402e+00
8.776557159453716395e+00
9.141720827229191215e+00
9.185513868998446796e+00
8.956952749674774950e+00
8.516295509147219889e+00
7.924835553715529279e+00
7.237838517197141996e+00
6.500681744491159542e+00
5.747639894388595572e+00
5.002501237949365631e+00
4.280209895929758979e+00
3.588892325238524972e+00
2.931840253959668186e+00
2.309219352793037583e+00
1.719421107290620476e+00
1.160068547561992736e+00
6.287331655891683635e-01
1.234340790331976689e-01
-3.570158402467964454e-01
-8.127688625300331093e-01
-1.242779063153771624e+00
-1.644710353982812290e+00
-2.014927550377420218e+00
-2.348594415302814653e+00
-2.639905563408966316e+00
-2.882469163294748338e+00
-3.069832599827341024e+00
-3.196105695146190584e+00
-3.256593730688067900e+00
-3.248320010900217270e+00
-3.170312734921930442e+00
-3.023568086991351045e+00
-2.810683433973420353e+00
-2.535264407012162824e+00
-2.201311916604697494e+00
-1.812844580506380199e+00
-1.373972775567186000e+00
-8.895059627719117401e-01
-3.659788187369432122e-01
1.872083566177692171e-01
7.569465962050624386e-01
1.326255432340839757e+00
1.875015539336748693e+00
2.381558011908954331e+00
2.824818390355001263e+00
3.186598601707042899e+00
3.453454851233336953e+00
3.617842706631268612e+00
3.678353309070912847e+00
3.639094734112025442e+00
3.508443998181046020e+00
3.297480261035550697e+00
3.018404547119625025e+00
2.683179672833074569e+00
2.302522047390536120e+00
1.885278077138005548e+00
1.438144415078472127e+00
9.656514739423081028e-01
4.703207885735763427e-01
-4.707964657732547492e-02
-5.872317749002827769e-01
-1.151934391432085869e+00
-1.743728644650115012e+00
-2.365442440624615283e+00
-3.019591319465122048e+00
-3.707558941647637329e+00
-4.428480435889971645e+00
-5.177776555913719214e+00
-5.945348870446674816e+00
-6.713558606474078871e+00
-7.455278737542066381e+00
-8.132517950291932252e+00
-8.696321550775280684e+00
-9.088780828940883794e+00
-9.247916329208523578e+00
-9.115830665633012586e+00
-8.649787112110811194e+00
-7.834812381074658383e+00
-6.695265278305481793e+00
-5.301949051429589943e+00
-3.771253252405937673e+00
-2.253879176387810102e+00
-9.130044774594205936e-01
1.051369144198247563e-01
7.022467929528659614e-01
8.527128685902672922e-01
6.146989018668282956e-01
5.854409775251534498e-01
1.118659284287870925e-01
-4.314734526260804448e-01
-8.366282046739921263e-01
-9.253246713911471577e-01
-5.861117017526251693e-01
2.054198272392763480e-01
1.387305005207808861e+00
2.830632355550251500e+00
4.370790087396792423e+00
5.841471171068520540e+00
7.103216195243362563e+00
8.061266172685334297e+00
8.671274654351813993e+00
8.934674729496993706e+00
8.887404700646234446e+00
8.586107802654437293e+00
8.095186029577135400e+00
7.476784755459743970e+00
6.784455968009322824e+00
6.060242883737453568e+00
5.334371258430496532e+00
4.626575529460402514e+00
3.948198683669367881e+00
3.304440856860909381e+00
2.696384227131728206e+00
2.122628872371373099e+00
1.580514422248031403e+00
1.066979801333077793e+00
5.791439155957820439e-01
1.146912269859934747e-01
-3.278681965667935017e-01
-7.490151768342400151e-01
-1.148087331441956627e+00
-1.523187925159552591e+00
-1.871149252295917220e+00
-2.187575748876153359e+00
-2.466998341887491009e+00
-2.703166868967079584e+00
-2.889488694244376710e+00
-3.019588839010825421e+00
-3.087925583961051323e+00
-3.090358000641619363e+00
-3.024545698869381738e+00
-2.890082793954216633e+00
-2.688334327296152182e+00
-2.422042460166969668e+00
-2.094869546742473165e+00
-1.711101278870476916e+00
-1.275707175988259889e+00
-7.948370849341013233e-01
-2.766512417363876652e-01
2.677961038686880735e-01
8.239964755338684554e-01
1.374090806970738265e+00
1.897806251660832721e+00
2.374145549752161077e+00
2.783510081433549388e+00
3.109797625563741175e+00
3.342020072727872382e+00
3.475124491329468768e+00
3.509915582560831027e+00
3.452192381347249928e+00
3.311363293013480646e+00
3.098860461791745013e+00
2.826642666394771464e+00
2.505986357013624044e+00
2.146656181132403862e+00
1.756451839361404810e+00
1.341065476834014891e+00
9.041565892648918412e-01
4.475531303182393450e-01
-2.849242734212862130e-02
-5.250348319301576527e-01
-1.044168227090005008e+00
-1.588742935162955616e+00
-2.162025088179685639e+00
-2.767234192743772692e+00
-3.406875074526391156e+00
-4.081771697320756509e+00
-4.789721171476693407e+00
-5.523731920150119379e+00
-6.269907984462754769e+00
-7.005205126082211464e+00
-7.695511253872566293e+00
-8.294760442947715973e+00
-8.745999095838369541e+00
-8.985361795887181202e+00
-8.949637398396305343e+00
-8.587399123718869376e+00
-7.872535951558862877e+00
-6.817651828946266868e+00
-5.483616575563051931e+00
-3.981136330007229773e+00
-2.461098015126957250e+00
-1.092841124360953042e+00
-3.305243680534003525e-02
6.083415519293805529e-01
7.964901573640245092e-01
5.854409775251445680e-01
3.924368842719516692e-01
5.819656788513561524e-02
-3.418406213037346597e-01
-6.115182633229268028e-01
-5.842686507605096002e-01
-1.598047126074404467e-01
6.767484706698918551e-01
1.857113673707438961e+00
3.250866554811393083e+00
4.697587477485973828e+00
6.040626452956231240e+00
7.154194109210123109e+00
7.958915153715018675e+00
8.425022095821235624e+00
8.565623739146777993e+00
8.424184207835528682e+00
8.060452802621387747e+00
7.538071584083415821e+00
6.915619745467087576e+00
6.241494003632214849e+00
5.552089745681251465e+00
4.872307805901219702e+00
4.217369504165015215e+00
3.595115684045289584e+00
3.008243012348549072e+00
2.456190547143421554e+00
1.936582775269440226e+00
1.446253211639602299e+00
9.819284377544854614e-01
5.406664787753330259e-01
1.201342734678086666e-01
-2.812100711495233996e-01
-6.639859088348079030e-01
-1.027785475759923850e+00
-1.371090170268702169e+00
-1.691217635747021664e+00
-1.984322472972221307e+00
-2.245481350141699028e+00
-2.468893074208529992e+00
-2.648212425480204413e+00
-2.777011662708837925e+00
-2.849328436092582795e+00
-2.860222544245536458e+00
-2.806241310841644854e+00
-2.685700217434777937e+00
-2.498730799278083836e+00
-2.247125377997600815e+00
-1.934092714571504112e+00
-1.564091783552690629e+00
-1.142897151214293583e+00
-6.779565516483703203e-01
-1.789535234035493916e-01
3.416569517445445237e-01
8.684455983374185228e-01
1.383400842951279852e+00
1.867018366946946228e+00
2.299969859713593134e+00
2.665033646121615085e+00
2.948869260974678053e+00
3.143251140773046348e+00
3.245524992037867040e+00
3.258254459695813843e+00
3.188213576323034815e+00
3.044997571362121125e+00
2.839550618949481464e+00
2.582857455782498146e+00
2.284950463815798472e+00
1.954282066415942154e+00
1.597431649909908158e+00
1.219069154023722623e+00
8.220830878682997556e-01
4.077902626223389726e-01
-2.383282526194921425e-02
-4.739300927244519679e-01
-9.445644819271457049e-01
-1.438518459266326710e+00
-1.959057951055302782e+00
-2.509600184029789904e+00
-3.093205892556399217e+00
-3.711801136787985733e+00
-4.365032378133103741e+00
-5.048685384130159548e+00
-5.752673710931884621e+00
-6.458745236429773939e+00
-7.138273419815587495e+00
-7.750773754667279469e+00
-8.244049828786154777e+00
-8.557007392219821540e+00
-8.626018091139384225e+00
-8.395116036086267997e+00
-7.829216558243649260e+00
-6.928102213882931792e+00
-5.737531065892759408e+00
-4.353106125548686478e+00
-2.913142200425189454e+00
-1.579019601179422416e+00
-5.051523754230428098e-01
1.952871909498922753e-01
4.798796631001563395e-01
3.924368842719493933e-01
9.071572063038049749e-02
-2.377607798275636897e-02
-1.946869482765166692e-01
-2.536699090426164371e-01
-5.946025002739498133e-02
4.688638003170402246e-01
1.335327525243162450e+00
2.470604640101234484e+00
3.752745929893869015e+00
5.037512209439334754e+00
6.189138715907930965e+00
7.103885867137907262e+00
7.722263266768321088e+00
8.029748177230999318e+00
8.048796201801057038e+00
7.826300634871127926e+00
7.420473318687566433e+00
6.889951023088672244e+00
6.286455429520112936e+00
5.651076590869918981e+00
5.013465125726566995e+00
4.392919376579738966e+00
3.800411194111400270e+00
3.240833456918610356e+00
2.715035474610672850e+00
2.221451011122045571e+00
1.757286553752404945e+00
1.319326545634832870e+00
9.044465793023629407e-01
5.099263189894863713e-01
1.336386383787220578e-01
-2.258288344608852805e-01
-5.690832081952388322e-01
-8.958473683863321657e-01
-1.204887649722347964e+00
-1.493955904089615316e+00
-1.759764571735733973e+00
-1.998021371144367508e+00
-2.203552781261594706e+00
-2.370539903267554482e+00
-2.492873555674004926e+00
-2.564609216016677795e+00
-2.580471719237993788e+00
-2.536335476998737182e+00
-2.429602074294342717e+00
-2.259421626337537958e+00
-2.026756862820579652e+00
-1.734350441258152298e+00
-1.386699046283564440e+00
-9.901326740367304424e-01
-5.530333327852765546e-01
-8.612170588954386197e-02
3.973614348896440940e-01
8.817966702729869155e-01
1.349819360164409066e+00
1.783478060753952876e+00
2.165774612153398060e+00
2.482295921393467886e+00
2.722590326191955512e+00
2.880996021304094601e+00
2.956772046355349293e+00
2.953558141325069553e+00
2.878337776606128440e+00
2.740158036547629905e+00
2.548859128186953260e+00
2.314005803390836835e+00
2.044123181811888124e+00
1.746253139040291558e+00
1.425785253650065698e+00
1.086484955192691171e+00
7.306372353225231153e-01
3.592378074208480432e-01
-2.781476042005941174e-02
-4.315495702209839468e-01
-8.537796057721119825e-01
-1.296968604238655010e+00
-1.764076618792656204e+00
-2.258334683180801772e+00
-2.782880044750326576e+00
-3.340165473266644813e+00
-3.931045955699699501e+00
-4.553456936361301999e+00
-5.200648760277914562e+00
-5.859054471705518630e+00
-6.506057293462299995e+00
-7.108183499213097001e+00
-7.620527452052549222e+00
-7.988413531699286807e+00
-8.152257933438274762e+00
-8.056144034717387825e+00
-7.659672201390656632e+00
-6.951272198158451765e+00
-5.959721933834644325e+00
-4.759695880842740756e+00
-3.467446208253674111e+00
-2.224637178848751784e+00
-1.171758312589490814e+00
-4.165197702978949423e-01
-5.674091597875660468e-03
9.071572063038038647e-02
-2.460454485836806315e-01
-1.149188889706829475e-01
-2.760501360582384017e-02
1.468952961901160981e-01
5.167733202097030132e-01
1.139687015960488603e+00
2.009666966571129088e+00
3.061407576931056695e+00
4.189054432073812784e+00
5.272559931711983339e+00
6.203497166730215895e+00
6.903848852575870332e+00
7.334605079374422409e+00
7.494510186729932855e+00
7.411793163053181921e+00
7.132684110308326275e+00
6.710129053652949871e+00
6.194934292242835205e+00
5.630226898476966113e+00
5.049054667304965882e+00
4.474349736701181079e+00
3.920312785880013973e+00
3.394396546905688261e+00
2.899316160294686195e+00
2.434771121566549290e+00
1.998763421242820248e+00
1.588522185755304239e+00
1.201106107837065506e+00
8.337718474983597527e-01
4.841891108148939638e-01
1.505657211144337537e-01
-1.682728170633519815e-01
-4.728212686070626392e-01
-7.628355390938270641e-01
-1.037272807304135291e+00
-1.294236685257876163e+00
-1.530941574090011636e+00
-1.743717346972439186e+00
-1.928079372366248379e+00
-2.078887242674157587e+00
-2.190606194408468266e+00
-2.257667317866095313e+00
-2.274899554743263330e+00
-2.237984664412518310e+00
-2.143876187923650978e+00
-1.991131834456338678e+00
-1.780137762993742045e+00
-1.513241738906641487e+00
-1.194841522447449567e+00
-8.314747369524307929e-01
-4.319180831283577215e-01
-7.239348523734512840e-03
4.293134461916305322e-01
8.627177104515474371e-01
1.276959407301108573e+00
1.656168977606294668e+00
1.985958564684823235e+00
2.254715169796122964e+00
2.454585067805052923e+00
2.581950184098335210e+00
2.637322532447341050e+00
2.624721694298715935e+00
2.550705753341295789e+00
2.423271653666299041e+00
2.250822882783098056e+00
2.041342204695105966e+00
1.801830998251714666e+00
1.538009602285679289e+00
1.254229064655818959e+00
9.535262073252755988e-01
6.377559190818619106e-01
3.077486003458405062e-01
-3.654090217989832551e-02
-3.959087880189658959e-01
-7.718029974475908439e-01
-1.166236978215480002e+00
-1.581692017494894520e+00
-2.020969837744968967e+00
-2.486940847001319899e+00
-2.982115748837094404e+00
-3.507953898337763388e+00
-4.063821286743483086e+00
-4.645540614861650042e+00
-5.243556568185796962e+00
-5.840889624663813784e+00
-6.411274540919136733e+00
-6.918143993159975302e+00
-7.315341014540552855e+00
-7.550488639503946331e+00
-7.571648255833796526e+00
-7.337140337508745169e+00
-6.827212257813936702e+00
-6.054884633365715807e+00
-5.072314966007667181e+00
-3.969023970151384084e+00
-2.859812918868184894e+00
-1.863122804860617654e+00
-1.074190384883675353e+00
-5.402790736244474923e-01
-2.460454485851526485e-01
-5.499162806447138729e-01
-1.974815971787086955e-01
1.245143562322985342e-01
5.074783506502198449e-01
1.025129489044256381e+00
1.712241800088967203e+00
2.555215142367631476e+00
3.496526306133757700e+00
4.450454937822685864e+00
5.324252226088472817e+00
6.038137089062847629e+00
6.539049128629494056e+00
6.805943135407876099e+00
6.847288472444047258e+00
6.693360506718965652e+00
6.386520303639904306e+00
5.972187461863269320e+00
5.492139600858436665e+00
4.980649547078710881e+00
4.463143597558212328e+00
3.956646351324628608e+00
3.471211318089128639e+00
3.011685242272367891e+00
2.579381746861557634e+00
2.173453129013731999e+00
1.791903849482791689e+00
1.432278987173680074e+00
1.092098996855878745e+00
7.691173122831284070e-01
4.614662121997274991e-01
1.677399275801138567e-01
-1.129518419985759414e-01
-3.809397788475348268e-01
-6.359499124011158688e-01
-8.770552777326579008e-01
-1.102628522769468100e+00
-1.310305860356358432e+00
-1.496978283478738625e+00
-1.658829926077932226e+00
-1.791444128902682342e+00
-1.889993193700163943e+00
-1.949516956487774566e+00
-1.965279176092683322e+00
-1.933173196937650884e+00
-1.850135723117852127e+00
-1.714525675670217630e+00
-1.526436233383893892e+00
-1.287927589137988882e+00
-1.003184705755024053e+00
-6.786063749076024498e-01
-3.228136015119552615e-01
5.346576172146927375e-02
4.377035350133362535e-01
8.161313169020583125e-01
1.174570459545587697e+00
1.499469777897840528e+00
1.779006845297959494e+00
2.004058918253686095e+00
2.168856915373370331e+00
2.271201812062162873e+00
2.312224271834295575e+00
2.295769606482773284e+00
2.227558752936431574e+00
2.114295893527593506e+00
1.962867984939446586e+00
1.779728142265923907e+00
1.570495385248767528e+00
1.339754711002136389e+00
1.091012385700257381e+00
8.267517792086152006e-01
5.485398174003855987e-01
2.571464482157198583e-01
-4.734620090854831098e-02
-3.654553875562663312e-01
-6.982299202113777525e-01
-1.047193988163187095e+00
-1.414285049257278715e+00
-1.801757906966187983e+00
-2.212014081850863789e+00
-2.647300100640570530e+00
-3.109203519856776676e+00
-3.597868806861557633e+00
-4.110869572853175669e+00
-4.641726864604050817e+00
-5.178173803946144460e+00
-5.700442949806712178e+00
-6.180078192855748220e+00
-6.579987418665922405e+00
-6.856546451919165008e+00
-6.964395757046339064e+00
-6.864017595903882274e+00
-6.531233430290851238e+00
-5.966604779491306410e+00
-5.201777362874551613e+00
-4.299630753767258895e+00
-3.346138773275995959e+00
-2.434156966899354568e+00
-1.642358832103495647e+00
-1.015108897647749142e+00
-5.499162806493547162e-01
-7.755678775208251219e-01
-2.595163674412402366e-01
2.381987414154287108e-01
7.731812862663426378e-01
1.388422077648454156e+00
2.099345622977598413e+00
2.887700354237948019e+00
3.705691157592310159e+00
4.488198172766996841e+00
5.168540303394272506e+00
5.692789581657126341e+00
6.028970152643871927e+00
6.169744130147350347e+00
6.129373212144850314e+00
5.937115613432369265e+00
5.629545739085330069e+00
5.243787483492839741e+00
4.812764939254618568e+00
4.362707849969033269e+00
3.912551252202931984e+00
3.474601831428526300e+00
3.055841216249708392e+00
2.659382496960587261e+00
2.285784795642374245e+00
1.934094687498933318e+00
1.602595079115995746e+00
1.289302281845138287e+00
9.922736094291483289e-01
7.097866595629361841e-01
4.404400007604221123e-01
1.832111730038231689e-01
-6.250440419543888682e-02
-2.968596374776154567e-01
-5.195202393532858398e-01
-7.296260994395769028e-01
-9.257527753950790528e-01
-1.105880660040324148e+00
-1.267383513187658073e+00
-1.407051467177137027e+00
-1.521165196498431404e+00
-1.605636222166496152e+00
-1.656222185362071775e+00
-1.668815311523285549e+00
-1.639789082476536208e+00
-1.566375787864126234e+00
-1.447040362902044519e+00
-1.281815940822593314e+00
-1.072572802059417851e+00
-8.231998779785720810e-01
-5.396806437767748266e-01
-2.300404296625308265e-01
9.586594217736475743e-02
4.267581775356703022e-01
7.505406064370439001e-01
1.055092861246960334e+00
1.329162239217341002e+00
1.563231820951503481e+00
1.750219695168684142e+00
1.885886764356750067e+00
1.968889944553669613e+00
2.000493422000648724e+00
1.984021410161526111e+00
1.924174235818332912e+00
1.826335751554229336e+00
1.695972935270867010e+00
1.538186093160399670e+00
1.357424479803800210e+00
1.157348970252294329e+00
9.408052232978030283e-01
7.098664512596187803e-01
4.659100470155348450e-01
2.097019774573173623e-01
-5.852682227316371305e-02
-3.390188937685956194e-01
-6.324433135878808621e-01
-9.398572702373694243e-01
-1.262664146497703532e+00
-1.602548746571644367e+00
-1.961360485989075420e+00
-2.340902978168524218e+00
-2.742575346415834225e+00
-3.166801790347044232e+00
-3.612190901755622185e+00
-4.074398859868973766e+00
-4.544746770907485356e+00
-5.008772509175872578e+00
-5.445074270596561128e+00
-5.824987378275327643e+00
-6.113745922162553192e+00
-6.273703515761120286e+00
-6.269813532543123458e+00
-6.076867656004324658e+00
-5.687080593872402723e+00
-5.115799640641855106e+00
-4.402850289336821099e+00
-3.607694205957802325e+00
-2.798267908645519775e+00
-2.035686159146020913e+00
-1.359070243475812179e+00
-7.755678775183579843e-01
-9.056189188595872297e-01
-2.963260482851294286e-01
3.042330759086397940e-01
9.232741236423500641e-01
1.579785850406945746e+00
2.274951099285312139e+00
2.988685489489242286e+00
3.683159701998563129e+00
4.311654692102745656e+00
4.829467756338837958e+00
5.203370897328831290e+00
5.417171140465167234e+00
5.472593167307868711e+00
5.386248053651806700e+00
5.184355947796027486e+00
4.897027485290815996e+00
4.553471990713298112e+00
4.178821677685418123e+00
3.792637665645149259e+00
3.408760039021926591e+00
3.036007986517563761e+00
2.679265916201919673e+00
2.340616664815660997e+00
2.020327255102766451e+00
1.717610859259064204e+00
1.431165113227920171e+00
1.159525087054004366e+00
9.012804499807730574e-01
6.552025915985814075e-01
4.203175978326274542e-01
1.959503311409561410e-01
-1.824417521274799073e-02
-2.222526471626349309e-01
-4.156744447317726743e-01
-5.976907585882053064e-01
-7.670347064755888011e-01
-9.219677973985090924e-01
-1.060271449129801757e+00
-1.179264615363408986e+00
-1.275860491368777216e+00
-1.346674755286731973e+00
-1.388194550262343174e+00
-1.397010486562353604e+00
-1.370104374641719192e+00
-1.305174694209652042e+00
-1.200972646714518532e+00
-1.057616259454657870e+00
-8.768488157952872841e-01
-6.622098486729330880e-01
-4.190897566831030541e-01
-1.546420530317366704e-01
1.224676282905615282e-01
4.024848378339179744e-01
6.751486037039766686e-01
9.303872635397960611e-01
1.159048352424852268e+00
1.353559942676132000e+00
1.508420604698179179e+00
1.620442378181840670e+00
1.688719621306602470e+00
1.714351557977209506e+00
1.699990797900652773e+00
1.649312085946474493e+00
1.566492142649514197e+00
1.455768518573097303e+00
1.321113494327689208e+00
1.166028738727518332e+00
9.934446011804367593e-01
8.056968660733775378e-01
6.045520716378979253e-01
3.912568085135639251e-01
1.665933462510879592e-01
-6.906899849600020569e-02
-3.157313914416710054e-01
-5.737319012769013238e-01
-8.437169334937740794e-01
-1.126609801930503085e+00
-1.423563441780800298e+00
-1.735877201813933679e+00
-2.064848396863922186e+00
-2.411518868090774426e+00
-2.776268410758703897e+00
-3.158207065281252390e+00
-3.554337045380688842e+00
-3.958504839119749263e+00
-4.360254600933392233e+00
-4.743823781747570578e+00
-5.087666693658119854e+00
-5.364995242076528115e+00
-5.545804274671175982e+00
-5.600614981685081872e+00
-5.505684303574453153e+00
-5.248760899036990502e+00
-4.833831431823839786e+00
-4.283019029129868649e+00
-3.634177054729208045e+00
-2.933869698321426522e+00
-2.227090362357443176e+00
-1.546620738161966546e+00
-9.056189188592025374e-01
-9.462038364637299637e-01
-3.093615716397956628e-01
3.254677240784586978e-01
9.656455184786773005e-01
1.613688583449050640e+00
2.261779916298872539e+00
2.890189314951957300e+00
3.470080176162092300e+00
3.969525020684442129e+00
4.360522868129968366e+00
4.624740118309514258e+00
4.756465406479767566e+00
4.762414593164628229e+00
4.659037842388466188e+00
4.468532356108655179e+00
4.214790175651685900e+00
3.920162840491991929e+00
3.603440357366292535e+00
3.279020147600542057e+00
2.956985503216435607e+00
2.643729814936486733e+00
2.342802501462154297e+00
2.055750100222755172e+00
1.782829483467442966e+00
1.523551031542503154e+00
1.277059620979780874e+00
1.042384616908955453e+00
8.185954464322636737e-01
6.048952226823390843e-01
4.006772894479708746e-01
2.055618816807862903e-01
1.942376720895583331e-02
-1.575829913157635320e-01
-3.250004399843496317e-01
-4.820421838018788541e-01
-6.275709578575470182e-01
-7.600824920793386452e-01
-8.777019406949126967e-01
-9.782010986749023473e-01
-1.059045995429582776e+00
-1.117484553224640464e+00
-1.150682075959935435e+00
-1.155907841534582703e+00
-1.130769095838196403e+00
-1.073480051575495198e+00
-9.831447388903380435e-01
-8.600253962446060552e-01
-7.057639326818669900e-01
-5.235233624457886759e-01
-3.180190137372463921e-01
-9.541584066496727745e-02
1.369208551255241824e-01
3.708175224573966866e-01
5.978016542790904886e-01
8.096784018555925888e-01
9.991042573119031101e-01
1.160078802647197316e+00
1.288284055221328606e+00
1.381226968930194587e+00
1.438177828885004006e+00
1.459934970390661668e+00
1.448473785211748410e+00
1.406548886185100988e+00
1.337312266523988269e+00
1.243992306672868198e+00
1.129655925920939552e+00
9.970558347390412468e-01
8.485507928277994383e-01
6.860800466073100345e-01
5.111724442981848693e-01
3.249738187224376351e-01
1.282808650655346827e-01
-7.842564224375746240e-02
-2.949515709506985717e-01
-5.213643676822732331e-01
-7.579698833348872400e-01
-1.005286091639579826e+00
-1.264005184376276070e+00
-1.534930627328679353e+00
-1.818869209412887766e+00
-2.116450442426815570e+00
-2.427838861578182517e+00
-2.752303072856999488e+00
-3.087615709028027400e+00
-3.429289730889361731e+00
-3.769716664637728254e+00
-4.097362488660164281e+00
-4.396282799614924741e+00
-4.646304057671788001e+00
-4.824224250546847337e+00
-4.906249450902305576e+00
-4.871567146917860747e+00
-4.706497963618406111e+00
-4.408202079655042738e+00
-3.986667101513332589e+00
-3.463894530856665988e+00
-2.869927258444814999e+00
-2.236467249010277936e+00
-1.589916754094417684e+00
-9.462038364603808649e-01
-9.175704691550404801e-01
-3.038029228349622413e-01
3.120424157359753536e-01
9.252509467706635515e-01
1.528612462151583307e+00
2.109732144703970746e+00
2.650637466989609781e+00
3.129901149583635078e+00
3.526494043988038563e+00
3.823980703478488063e+00
4.013682933237534556e+00
4.095958017503972037e+00
4.079477365493789698e+00
3.979014527232793252e+00
3.812562079898753176e+00
3.598569017849980511e+00
3.353834839676139712e+00
3.092270596374624425e+00
2.824467208933326035e+00
2.557857279669740080e+00
2.297216599357791988e+00
2.045288727222236869e+00
1.803386477717662473e+00
1.571894547043495516e+00
1.350650550953239160e+00
1.139213428726863375e+00
9.370421553983584451e-01
7.436101834302696334e-01
5.584776471083189309e-01
3.813379915455788471e-01
2.120504496416006357e-01
5.066552629028169691e-02
-1.025525394364586868e-01
-2.471047012778276597e-01
-3.822375915865565688e-01
-5.069272785851115515e-01
-6.198694804365812994e-01
-7.194808816084973246e-01
-8.039175489292809118e-01
-8.711174062769047044e-01
-9.188738447900224315e-01
-9.449462749045223209e-01
-9.472103048240126943e-01
-9.238451100874283117e-01
-8.735488136433631201e-01
-7.957652740342937570e-01
-6.908989432007882625e-01
-5.604898522772142622e-01
-4.073195214154590182e-01
-2.354214827184094028e-01
-4.997760062868171482e-02
1.429064597618554810e-01
3.365370268057102376e-01
5.240513953554344351e-01
6.988745778447708057e-01
8.551569352556438464e-01
9.881345149541673756e-01
1.094364995622504999e+00
1.171813902965715304e+00
1.219792827776067901e+00
1.238776464981690140e+00
1.230141976667398662e+00
1.195879217861359756e+00
1.138314469267462936e+00
1.059877269870385996e+00
9.629246581678341244e-01
8.496238054511345839e-01
7.218850284715934151e-01
5.813329341103521397e-01
4.293030488401928246e-01
2.668532349602771858e-01
9.478210129345428225e-02
-8.635047509589172110e-02
-2.762031373923890532e-01
-4.746335920462977920e-01
-6.816786323343254628e-01
-8.975305359817600248e-01
-1.122504356228941624e+00
-1.356987319416953719e+00
-1.601357103699843742e+00
-1.855850479139134146e+00
-2.120358839020136887e+00
-2.394125209574678337e+00
-2.675322922595850361e+00
-2.960515305501553840e+00
-3.244034313825880478e+00
-3.517375788969454575e+00
-3.768782154633727455e+00
-3.983247303723660426e+00
-4.143195167847097515e+00
-4.230008810946019437e+00
-4.226392159013696137e+00
-4.119247796849817789e+00
-3.902434770497338778e+00
-3.578572760237122452e+00
-3.159135306569389900e+00
-2.662500072987644018e+00
-2.110315506400779917e+00
-1.523250011084433142e+00
-9.175704691550441439e-01
-8.444994310512741187e-01
-2.860696063389123744e-01
2.764857455846715939e-01
8.324101126869607459e-01
1.369920783072291037e+00
1.875239631494952208e+00
2.332846762891487735e+00
2.727026630401134799e+00
3.044210255198029014e+00
3.275299970571396102e+00
3.417207242714804138e+00
3.473171763325909378e+00
3.451875440834442088e+00
3.365723979837751845e+00
3.228827643248352253e+00
3.055167099378392592e+00
2.857253581100353657e+00
2.645384245808767520e+00
2.427428469246733389e+00
2.208992330569939710e+00
1.993791619680252980e+00
1.784093272178229217e+00
1.581133092506175952e+00
1.385463508885089734e+00
1.197218791165161500e+00
1.016304851020770172e+00
8.425291609815463989e-01
6.756874981961886739e-01
5.156219434860459527e-01
3.622609355580082013e-01
2.156488356709592713e-01
7.596964793585685161e-02
-5.643255733449492606e-02
-1.810355806608379414e-01
-2.971236951750328426e-01
-4.037763276431549087e-01
-4.998632668970358073e-01
-5.840498492252904628e-01
-6.548164648632243123e-01
-7.104973112949299896e-01
-7.493432941677494741e-01
-7.696130202911275475e-01
-7.696934394008814184e-01
-7.482479550933622825e-01
-7.043846882841240387e-01
-6.378318048004798513e-01
-5.491013771849485581e-01
-4.396194163056975635e-01
-3.117987184111295496e-01
-1.690339738509566148e-01
-1.560560416459911941e-02
1.435102513122401280e-01
3.029144757476579519e-01
4.571150559090337850e-01
6.008773140247805067e-01
7.295509720677729737e-01
8.393326334610591299e-01
9.274326076908715466e-01
9.921316990889962328e-01
1.032732518782412789e+00
1.049426279423601560e+00
1.043106135246687938e+00
1.015160396906270579e+00
9.672743154275277311e-01
9.012602113062569975e-01
8.189256989113513630e-01
7.219811441439866195e-01
6.119816910675132116e-01
4.902963823493006745e-01
3.580964836734302215e-01
2.163561879284458811e-01
6.586057754985266688e-02
-9.278251507302355539e-02
-2.591285664886547324e-01
-4.328808685496930431e-01
-6.138728489340916639e-01
-8.020463220315783293e-01
-9.974221919821500970e-01
-1.200057947426800942e+00
-1.409983416029630732e+00
-1.627102712398762918e+00
-1.851047171039343242e+00
-2.080962365760984145e+00
-2.315215615572047358e+00
-2.551021976212883846e+00
-2.784010878717600335e+00
-3.007793817249301949e+00
-3.213641676565333505e+00
-3.390424966494975489e+00
-3.524987724691367230e+00
-3.603087552435388474e+00
-3.610919418265373881e+00
-3.537055563313839635e+00
-3.374425607233833890e+00
-3.121816582843317534e+00
-2.784388828954284634e+00
-2.372934362521296414e+00
-1.902009749672622929e+00
-1.387508933557161317e+00
-8.444994310511559910e-01
-7.494560738738949013e-01
-2.620263689365386339e-01
2.301955110491236689e-01
7.144834375632335144e-01
1.177902468017282045e+00
1.607269922266556073e+00
1.989688954085112371e+00
2.313647182771658706e+00
2.570381472434910552e+00
2.755062992787292941e+00
2.867407382338069244e+00
2.911522984727800800e+00
2.895063384564509068e+00
2.827944794721843902e+00
2.720960433791132171e+00
2.584578777885934375e+00
2.428096471028169390e+00
2.259188453625622373e+00
2.083800597974956759e+00
1.906280996034163344e+00
1.729640139141710442e+00
1.555851399009358094e+00
1.386134331672293829e+00
1.221192232835736302e+00
1.061396332110441598e+00
9.069211021733720735e-01
7.578404314617041004e-01
6.141950881491421432e-01
4.760405155282081968e-01
3.434818135260683802e-01
2.167006555443251326e-01
9.597710907374569500e-02
-1.829203793294716801e-02
-1.255779317280021345e-01
-2.252076518547203865e-01
-3.163567042067227386e-01
-3.980478832043981563e-01
-4.691590510623938615e-01
-5.284429332320746964e-01
-5.745623254705159999e-01
-6.061439445090677225e-01
-6.218532846762458988e-01
-6.204910399305090252e-01
-6.011088045961689996e-01
-5.631379993670814210e-01
-5.065217115407359971e-01
-4.318351573413126143e-01
-3.403777409245002938e-01
-2.342192281653806551e-01
-1.161851388331168050e-01
1.022761479563075865e-02
1.410049734533065924e-01
2.718294497892054240e-01
3.983326048107305728e-01
5.163578134094988226e-01
6.222017589534353244e-01
7.128058583825629402e-01
7.858771538785418453e-01
8.399302694958542537e-01
8.742549050100282271e-01
8.888239832884792246e-01
8.841638055884679659e-01
8.612086970371489736e-01
8.211594258088736886e-01
7.653588902158279250e-01
6.951921437776656942e-01
6.120123066822453772e-01
5.170901100332373490e-01
4.115828504861517301e-01
2.965180480733682900e-01
1.727875642115428989e-01
4.114884923405774664e-02
-9.776898209587865651e-02
-2.434556259967640413e-01
-3.955071283501870316e-01
-5.536102438234563605e-01
-7.175224959326335084e-01
-8.870457822048471996e-01
-1.061989921784327162e+00
-1.242120783022688357e+00
-1.427085433215995236e+00
-1.616304730296783010e+00
-1.808822960110324285e+00
-2.003105931646401938e+00
-2.196786241575249488e+00
-2.386369282282879478e+00
-2.566937430549701915e+00
-2.731920430951320977e+00
-2.873029483625736180e+00
-2.980466817072950469e+00
-3.043503840544347749e+00
-3.051455589571458127e+00
-2.994968448487354884e+00
-2.867407940292434176e+00
-2.666033885054899244e+00
-2.392640036153864891e+00
-2.053449387663474734e+00
-1.658280542256017176e+00
-1.219251797539587345e+00
-7.494560738738973438e-01
-6.492267974270967690e-01
-2.360899443364005701e-01
1.816982867382739564e-01
5.918169200741316693e-01
9.821245507309387390e-01
1.341038837828495867e+00
1.658131311765831839e+00
1.924897990441009954e+00
2.135532976210436917e+00
2.287476046441375033e+00
2.381552524277478877e+00
2.421645416402014916e+00
2.413978521115555775e+00
2.366185882373692984e+00
2.286370322789694320e+00
2.182316065620943935e+00
2.060946835018947265e+00
1.928044254315320227e+00
1.788185422016225434e+00
1.644831767777332532e+00
1.500499885027915647e+00
1.356958930256552565e+00
1.215418806433443022e+00
1.076690821933864894e+00
9.413155850143051229e-01
8.096602752896754351e-01
6.819908414028326149e-01
5.585252746366201615e-01
4.394733905897417192e-01
3.250673133909831036e-01
2.155856088766456014e-01
1.113729259385116271e-01
1.285611069472412417e-02
-7.944295296782880045e-02
-1.648981488919054605e-01
-2.427744984106991466e-01
-3.122295139887111826e-01
-3.723223905190936045e-01
-4.220332004436760931e-01
-4.602943513002213938e-01
-4.860363002450251435e-01
-4.982487409848260218e-01
-4.960570614099192310e-01
-4.788117149808433504e-01
-4.461854671115229598e-01
-3.982704483828334863e-01
-3.356642374625785075e-01
-2.595324880970778514e-01
-1.716355956575174591e-01
-7.430919771627145232e-02
2.960703983740067824e-02
1.368912095237904136e-01
2.441027585410944500e-01
3.477720184922255542e-01
4.445948371549063860e-01
5.316100056477293112e-01
6.063397371831368288e-01
6.668796243042587335e-01
7.119328469520751490e-01
7.407919920593959429e-01
7.532787593418627248e-01
7.496558195785125722e-01
7.305258005759887041e-01
6.967304286748151609e-01
6.492592067415965396e-01
5.891730220363454729e-01
5.175445186344659332e-01
4.354145548959396095e-01
3.437626251008973344e-01
2.434886054729807070e-01
1.354032798842788321e-01
2.022552723948247214e-02
-1.014153971414014505e-01
-2.289734958471729143e-01
-3.619760582023474615e-01
-5.000100377187682854e-01
-6.427041540386587704e-01
-7.897054095789014516e-01
-9.406478110991530750e-01
-1.095110000459273980e+00
-1.252557234693551180e+00
-1.412262022779620319e+00
-1.573197375835329925e+00
-1.733897912707682565e+00
-1.892288666945174613e+00
-2.045490551368303489e+00
-2.189626197372434468e+00
-2.319668496758556131e+00
-2.429392961503855197e+00
-2.511505028078027113e+00
-2.558004606791217661e+00
-2.560813702520909896e+00
-2.512628474155115033e+00
-2.407878210854192957e+00
-2.243607936185489482e+00
-2.020082889036172169e+00
-1.740964070576680900e+00
-1.413019688632946691e+00
-1.045477592766842267e+00
-6.492267974630411276e-01
-5.543533004416280052e-01
-2.110654677483748132e-01
1.363444997265959302e-01
4.770974390880730609e-01
8.007309704400648043e-01
1.097603276772454395e+00
1.359437881158836126e+00
1.579862706240208414e+00
1.754845674244233322e+00
1.882917538842270533e+00
1.965110251716723822e+00
2.004609574675054073e+00
2.006192520271967705e+00
1.975565610925226867e+00
1.918726127933599868e+00
1.841440343620918796e+00
1.748887090643094888e+00
1.645470193762016420e+00
1.534771449392409393e+00
1.419601057956532575e+00
1.302102507689028688e+00
1.183877503934890107e+00
1.066108226403658987e+00
9.496648706156527453e-01
8.351942935418931180e-01
7.231902329994072121e-01
6.140478772947229880e-01
5.081060987225444192e-01
4.056804533209031338e-01
3.070893791237975234e-01
2.126753557934728533e-01
1.228221302937727855e-01
3.796856257069466944e-02
-4.138083366071950570e-02
-1.146490009777502289e-01
-1.811838224261370645e-01
-2.402610344007779231e-01
-2.910938909861552348e-01
-3.328510419292174394e-01
-3.646840654199803300e-01
-3.857657727697502148e-01
-3.953397255981457858e-01
-3.927802806565207083e-01
-3.776609026186832918e-01
-3.498265593373313109e-01
-3.094639780480863966e-01
-2.571618002306841344e-01
-1.939517002988669081e-01
-1.213218390901298072e-01
-4.119592279263395440e-02
4.412531322375670695e-02
1.320585797250822258e-01
2.198615184153717983e-01
3.047735237746453940e-01
3.841590993434094714e-01
4.556382798390010702e-01
5.171906743518466243e-01
5.672239971317514229e-01
6.046035683004652439e-01
6.286449229066752853e-01
6.390761944849593368e-01
6.359795873297606761e-01
6.197218571961107259e-01
5.908826155605624297e-01
5.501871300485680072e-01
4.984478106060042935e-01
4.365163192359438060e-01
3.652465489843951807e-01
2.854676325411912297e-01
1.979656607129782475e-01
1.034726584756564816e-01
2.661524938736954671e-03
-1.038541024651737504e-01
-2.155157873411999991e-01
-3.318124430209105635e-01
-4.522687497939760770e-01
-5.764295336857973018e-01
-7.038393454666780347e-01
-8.340159440714146610e-01
-9.664157500457252192e-01
-1.100388674535046185e+00
-1.235119140443630359e+00
-1.369550135329834051e+00
-1.502288076554409324e+00
-1.631489364462504588e+00
-1.754735001408789241e+00
-1.868908692362778234e+00
-1.970104990960256819e+00
-2.053605491586704801e+00
-2.113967222452745709e+00
-2.145263517267779196e+00
-2.141496953050100238e+00
-2.097167140969074417e+00
-2.007929169984729700e+00
-1.871236441055712296e+00
-1.686843480969118403e+00
-1.457063332972180714e+00
-1.186730912644898384e+00
-8.828986281828564708e-01
-5.543533006122627338e-01
-4.701708497228895278e-01
-1.884051035281845698e-01
9.683003248629976079e-02
3.766523431296029956e-01
6.425049402062950055e-01
8.866382923696194407e-01
1.102561699528477712e+00
1.285421918255524876e+00
1.432254073180950771e+00
1.542056374504215732e+00
1.615668293306590453e+00
1.655471877132384639e+00
1.664972878674611634e+00
1.648336457268266608e+00
1.609952260979261807e+00
1.554081898975348430e+00
1.484615859224242662e+00
1.404939203255791025e+00
1.317888224325001634e+00
1.225771394857334995e+00
1.130428249862433177e+00
1.033304786342335690e+00
9.355307692496678262e-01
8.379906621754342755e-01
7.413846554927523425e-01
6.462792554043272908e-01
5.531484266741755196e-01
4.624068810489461723e-01
3.744370968517254927e-01
2.896113812795544917e-01
2.083099524159459648e-01
1.309356449628809316e-01
5.792551218083354103e-02
-1.024070971744027621e-02
-7.303558550716147957e-02
-1.298829745849744421e-01
-1.801618005823308055e-01
-2.232155127571595898e-01
-2.583681921246671620e-01
-2.849481555483782125e-01
-3.023195850256703010e-01
-3.099221444691377392e-01
-3.073176667540535312e-01
-2.942418326820544494e-01
-2.706574743306219832e-01
-2.368047319963847153e-01
-1.932423062703121641e-01
-1.408735169091759887e-01
-8.095136870549042574e-02
-1.505831292207283553e-02
5.494096710248427828e-02
1.269720853674046190e-01
1.988435210305415646e-01
2.683508442976637043e-01
3.333822783592473860e-01
3.920149814840185321e-01
4.425928933831670409e-01
4.837798998170894649e-01
5.145857605911614563e-01
5.343659759277078480e-01
5.427997239837875076e-01
5.398518766266303670e-01
5.257255869776751300e-01
5.008114953221456389e-01
4.656383060789090478e-01
4.208280447975618066e-01
3.670578508821778496e-01
3.050290196832453060e-01
2.354432144232019575e-01
1.589853146201483658e-01
7.631215566762046543e-02
-1.195357266113344918e-02
-1.052249469841463198e-01
-2.029484451901751862e-01
-3.045979253688361199e-01
-4.096650650013691775e-01
-5.176461359757620340e-01
-6.280247317252843908e-01
-7.402497371954392946e-01
-8.537075064174043382e-01
-9.676868814769903349e-01
-1.081335486738050689e+00
-1.193605894545205270e+00
-1.303191090891349546e+00
-1.408450625498621989e+00
-1.507332398411240559e+00
-1.597300363427068381e+00
-1.675284956155248306e+00
-1.737679848747341493e+00
-1.780412060978756594e+00
-1.799110398851739401e+00
-1.789385309796464263e+00
-1.747212643874730853e+00
-1.669385141958044327e+00
-1.553970093286897391e+00
-1.400696342532282257e+00
-1.211198849862199944e+00
-9.890754956852400026e-01
-7.397497207098460148e-01
-4.701708497228949124e-01
-3.983980111101359523e-01
-1.686151897344372041e-01
6.400473785944148231e-02
2.924081096469537400e-01
5.098209931185277988e-01
7.101520365155123971e-01
8.883448977941004188e-01
1.040646381221664418e+00
1.164758900951788245e+00
1.259857492822360481e+00
1.326471724589912915e+00
1.366255554360418900e+00
1.381686735457764659e+00
1.375744702624485116e+00
1.351612261786699243e+00
1.312432601625104889e+00
1.261137091303240032e+00
1.200343246485176429e+00
1.132312099663228766e+00
1.058949059824394023e+00
9.818322455205836796e-01
9.022549067819637392e-01
8.212724303515294144e-01
7.397480477275152344e-01
6.583942489595059344e-01
5.778088387381624669e-01
4.985056215260958989e-01
4.209402726105282433e-01
3.455320307516051570e-01
2.726818336207300630e-01
2.027873550637866173e-01
1.362552137419227316e-01
7.351044053241365117e-02
1.500310536215417739e-02
-3.878817370004400411e-02
-8.735626476036607857e-02
-1.301696479004213203e-01
-1.666812386736211404e-01
-1.963425038124950173e-01
-2.186233122743427293e-01
-2.330376780526868252e-01
-2.391750909238321288e-01
-2.367364397393838527e-01
-2.255727446969044703e-01
-2.057239922414136613e-01
-1.774545233697042146e-01
-1.412808106920613038e-01
-9.798731176351062333e-02
-4.862652864943187853e-02
5.499386937687965674e-03
6.287629161148670931e-02
1.218334618922380930e-01
1.806128562883146660e-01
2.374463084831128501e-01
2.906335217528419057e-01
3.386136084375138688e-01
3.800239099430341994e-01
4.137417522148761906e-01
4.389071987547894516e-01
4.549272916892229124e-01
4.614642721918020829e-01
4.584115632823805853e-01
4.458617867104106014e-01
4.240709429129203567e-01
3.934221833225667875e-01
3.543917574330622267e-01
3.075188080200507712e-01
2.533799158175248922e-01
1.925687082910121917e-01
1.256804620481526136e-01
5.330140601111930249e-02
-2.399766708132093640e-02
-1.056638659093232790e-01
-1.911610884394737142e-01
-2.799655812049594572e-01
-3.715583032273800934e-01
-4.654140979016929136e-01
-5.609875187855517531e-01
-6.576949893686445670e-01
-7.548928360205019450e-01
-8.518505882568352394e-01
-9.477189676106734240e-01
-1.041492201100473913e+00
-1.131964979114788772e+00
-1.217685721089521333e+00
-1.296910003513320753e+00
-1.367561195591625145e+00
-1.427209153077557469e+00
-1.473081468646183056e+00
-1.502123610334974657e+00
-1.511122927490448964e+00
-1.496904420155107163e+00
-1.456594147067459932e+00
-1.387929397858971736e+00
-1.289578781714878275e+00
-1.161424666701030839e+00
-1.004759906118330326e+00
-8.223625095015330011e-01
-6.184325047832489597e-01
-3.983980111101355637e-01
-3.386234276213332950e-01
-1.516403720966668089e-01
3.763117312385271668e-02
2.237127968794616062e-01
4.013459805577828110e-01
5.658049625578771558e-01
7.131616192976296675e-01
8.404770745727117021e-01
9.459014898003523797e-01
1.028674662985419763e+00
1.089033761029855496e+00
1.128047979437208026e+00
1.147409096686796026e+00
1.149209770470444925e+00
1.135737630859254388e+00
1.109304789359026877e+00
1.072122184370367437e+00
1.026219132571408732e+00
9.734020318737220956e-01
9.152430414564725059e-01
8.530891120463014454e-01
7.880830670337070076e-01
7.211904147207810478e-01
6.532277022788329779e-01
5.848899136053766767e-01
5.167756455658317760e-01
4.494095611287832193e-01
3.832620584777757244e-01
3.187662717255373979e-01
2.563325789608099647e-01
1.963607462678887416e-01
1.392497723604431692e-01
8.540539522482147594e-02
3.524512177044437922e-02
-1.079945826912332048e-02
-5.228339629495587504e-02
-8.875252549097578658e-02
-1.197514095615452301e-01
-1.448354270083662410e-01
-1.635871837596610812e-01
-1.756371842992047738e-01
-1.806883159741621281e-01
-1.785432233223371856e-01
-1.691330546851452787e-01
-1.525454809668056189e-01
-1.290493611253390183e-01
-9.911309314529613557e-02
-6.341370347409742980e-02
-2.283414770136809463e-02
2.155280002823669119e-02
6.851438065453933912e-02
1.167001429639405452e-01
1.646938502813976024e-01
2.110708623497379033e-01
2.544560786804788144e-01
2.935774807879974468e-01
3.273109629047146196e-01
3.547133772649022632e-01
3.750422866318307569e-01
3.877625096167753305e-01
3.925408844654538210e-01
3.892316132314557198e-01
3.778549881087728268e-01
3.585723051462244571e-01
3.316594623900337435e-01
2.974812232462852868e-01
2.564675911766244876e-01
2.090932082835005590e-01
1.558602724867722555e-01
9.728515652999590591e-02
3.388869414596414747e-02
-3.381001930826176699e-02
-1.052965220415284509e-01
-1.800607904870203946e-01
-2.575941450672106781e-01
-3.373833875944581839e-01
-4.189022503467640934e-01
-5.016001447063338503e-01
-5.848881487046674321e-01
-6.681221067179459183e-01
-7.505827170575628537e-01
-8.314525740660320130e-01
-9.097903887788795219e-01
-9.845031236860359858e-01
-1.054317709840813855e+00
-1.117755373813287267e+00
-1.173113470625898325e+00
-1.218461842284383367e+00
-1.251662589110281720e+00
-1.270423007315344188e+00
-1.272390163560415122e+00
-1.255291400120021494e+00
-1.217117779665019883e+00
-1.156337494426644685e+00
-1.072116668901253789e+00
-9.645175124826875779e-01
-8.346421533090686573e-01
-6.846955889128352180e-01
-5.179520935588206587e-01
-3.386234276213351269e-01
-2.894143032608451072e-01
-1.371515867637845831e-01
1.695116308195229043e-02
1.686903353137283179e-01
3.140264143914470174e-01
4.493165733656580008e-01
5.715090431220140044e-01
6.782811686721511579e-01
7.681097444554587650e-01
8.402709863969323179e-01
8.947767364301119075e-01
9.322615271823251337e-01
9.538400753366914619e-01
9.609557819148010216e-01
9.552380788813523704e-01
9.383812057082997482e-01
9.120508892426509862e-01
8.778199261871211245e-01
8.371297056480652143e-01
7.912726074559318645e-01
7.413896111971872704e-01
6.884779816734686309e-01
6.334048536828210674e-01
5.769237276129617342e-01
5.196918368485174966e-01
4.622871697192479923e-01
4.052244286113518279e-01
3.489695632579558060e-01
2.939527070887361648e-01
2.405794256315715862e-01
1.892402224992125181e-01
1.403182247499865642e-01
9.419493953052862634e-02
5.125392389052482039e-02
1.188216303871183523e-02
-2.353108520762210026e-02
-5.459823461667166755e-02
-8.094033808322097234e-02
-1.021972387730608056e-01
-1.180409308293807191e-01
-1.281919395695564068e-01
-1.324382511087618675e-01
-1.306559524392933436e-01
-1.228303633387638760e-01
-1.090760411237289840e-01
-8.965374041586261777e-02
-6.498224486274782608e-02
-3.564307562883192726e-02
-2.376436470441313075e-03
3.393256800272714813e-02
7.227749499392838173e-02
1.115628948747187377e-01
1.506433619693291481e-01
1.883664104497304315e-01
2.236158003465104627e-01
2.553518988597049399e-01
2.826460895207146273e-01
3.047070341644056990e-01
3.208976015573466456e-01
3.307423279782477632e-01
3.339261877509453469e-01
3.302861217784847092e-01
3.197971517764867655e-01
3.025549969867740163e-01
2.787569827844901815e-01
2.486827679218735765e-01
2.126760717377325638e-01
1.711282494553409139e-01
1.244642586230561426e-01
7.313131415289315929e-02
1.759034708921608861e-02
-4.168974530166521392e-02
-1.042351456243451324e-01
-1.695675865310884156e-01
-2.372023801356995532e-01
-3.066441390838930969e-01
-3.773802962214538592e-01
-4.488725142523714018e-01
-5.205460584499522758e-01
-5.917772254910207419e-01
-6.618789601234207343e-01
-7.300849150586321556e-01
-7.955324664420790892e-01
-8.572455477465626972e-01
-9.141188214553698232e-01
-9.649055243581331487e-01
-1.008212400325319447e+00
-1.042506250104331622e+00
-1.066137513516282276e+00
-1.077386510089797467e+00
-1.074536911410965745e+00
-1.055978312404886710e+00
-1.020335227458402105e+00
-9.666140898599624443e-01
-8.943536612872017288e-01
-8.037598595133585988e-01
-6.958042317591506265e-01
-5.722677729444110017e-01
-4.357177922630993683e-01
-2.894143032608482713e-01
-2.490176637070961319e-01
-1.247291855956451090e-01
1.044530692675624652e-03
1.250946788273475940e-01
2.443311252149849844e-01
3.559508470098313171e-01
4.575785049195230103e-01
5.473665826234415110e-01
6.240477933914569952e-01
6.869386542111087790e-01
7.358992572785197916e-01
7.712592374191119537e-01
7.937227442951699796e-01
8.042656936134767731e-01
8.040368282599235084e-01
7.942709629269421034e-01
7.762191359789403222e-01
7.510970431082050203e-01
7.200506238989664576e-01
6.841361999290835882e-01
6.443119393605931666e-01
6.014375209619011731e-01
5.562792718489226740e-01
5.095186496529651166e-01
4.617625082337594722e-01
4.135540306619333584e-01
3.653836161497662216e-01
3.176992211054416870e-01
2.709158485321285781e-01
2.254239613448445478e-01
1.815966525776295526e-01
1.397954243948188735e-01
1.003744249611117217e-01
6.368298217113813053e-02
3.006625926303646557e-02
-1.361469441186931577e-04
-2.659383324759929945e-02
-4.899157016316988550e-02
-6.703768843100527119e-02
-8.047480283682413582e-02
-8.909263486137876387e-02
-9.274247999055776348e-02
-9.135261151045652450e-02
-8.494364638478622831e-02
-7.364265789384880079e-02
-5.769464275411345655e-02
-3.746989099987979577e-02
-1.346591450011276787e-02
1.369711509835854456e-02
4.328798390892586029e-02
7.448303518883458985e-02
1.063909649063211060e-01
1.380823427297212802e-01
1.686218399843583404e-01
1.971008337775613517e-01
2.226680312566775843e-01
2.445560259866858543e-01
2.621022043821876757e-01
2.747630759872990436e-01
2.821217913391698695e-01
2.838892382642828616e-01
2.798995922045585116e-01
2.701014998015821011e-01
2.545462040620412036e-01
2.333738919764284658e-01
2.067994119859332680e-01
1.750983118819471052e-01
1.385939301072489638e-01
9.764605974564986857e-02
5.264152179255860570e-02
3.986831276093861023e-03
-4.789697437654077267e-02
-1.025773570036322829e-01
-1.596112155193349369e-01
-2.185438395619875851e-01
-2.789059931720683227e-01
-3.402092582603390980e-01
-4.019397722429092767e-01
-4.635505215599395323e-01
-5.244523812235972748e-01
-5.840041752888442961e-01
-6.415021439630874678e-01
-6.961693986651880106e-01
-7.471462390570658973e-01
-7.934825917182523058e-01
-8.341343465376870325e-01
-8.679659367761730637e-01
-8.937620626059858964e-01
-9.102517875795271829e-01
-9.161481252714498424e-01
-9.102053591279642974e-01
-8.912945041048293549e-01
-8.584945187496311192e-01
-8.111933574505872935e-01
-7.491893226694869012e-01
-6.727804413464348876e-01
-5.828284574687268016e-01
-4.807853162702345751e-01
-3.686735762058037658e-01
-2.490176637070988519e-01
-2.157388757973401072e-01
-1.139624642160343704e-01
-1.097718477001525389e-02
9.076892238452356765e-02
1.889120574083881510e-01
2.812928198304835981e-01
3.660570741409076567e-01
4.417289682789338756e-01
5.072512375996580669e-01
5.619921380137096190e-01
6.057222991937639689e-01
6.385679603955179973e-01
6.609487632591287687e-01
6.735086490621261524e-01
6.770473864032638955e-01
6.724584271501864441e-01
6.606766338904149771e-01
6.426373752008800455e-01
6.192468551457078751e-01
5.913625078738553587e-01
5.597817258509365512e-01
5.252370656051007503e-01
4.883961939634215987e-01
4.498650985719422901e-01
4.101933813459966993e-01
3.698807303571127192e-01
3.293838967631559922e-01
2.891236845487030749e-01
2.494915873820810204e-01
2.108558009001013644e-01
1.735663913736408825e-01
1.379594379542553595e-01
1.043599826850746537e-01
7.308363348536994764e-02
4.443667238320957863e-02
1.871453592484061818e-02
-3.801437464398807562e-03
-2.284905463484286289e-02
-3.819209539011309690e-02
-4.962880838920891852e-02
-5.700182663172679437e-02
-6.020909779534817236e-02
-5.921524744141835189e-02
-5.406261671516177092e-02
-4.488107044605633283e-02
-3.189557645462640090e-02
-1.543055213919559271e-02
4.089920680877158835e-03
2.614667984673259629e-02
5.013518378178839080e-02
7.538020754195351447e-02
1.011549335850155107e-01
1.267033845731384001e-01
1.512647881866954203e-01
1.740982591442982452e-01
1.945061629639032730e-01
2.118546951938232725e-01
2.255905281237437221e-01
2.352528102142717459e-01
2.404802494745885144e-01
2.410134528774180995e-01
2.366930353473833126e-01
2.274542567722413200e-01
2.133190716896503358e-01
1.943865019395380755e-01
1.708221844535016409e-01
1.428478387028402075e-01
1.107312602814101710e-01
7.477730327850209968e-02
3.532017665231221293e-02
-7.282736778897400294e-03
-5.265543202496975744e-02
-1.004061713080398321e-01
-1.501287388380301291e-01
-2.014021308790495679e-01
-2.537887817998856210e-01
-3.068314567332602327e-01
-3.600489669261822123e-01
-4.129309007519730290e-01
-4.649316113879792267e-01
-5.154637789858413921e-01
-5.638919664917957375e-01
-6.095267361993679245e-01
-6.516200968310839059e-01
-6.893632854969130586e-01
-7.218881910008876357e-01
-7.482739985436897001e-01
-7.675608724778032466e-01
-7.787725360732264956e-01
-7.809493629338177811e-01
-7.731928723251437763e-01
-7.547213027004240349e-01
-7.249341095033184912e-01
-6.834811707240926459e-01
-6.303303092945512498e-01
-5.658251571584990147e-01
-4.907248054879252419e-01
-4.062174404098531366e-01
-3.139024413983559914e-01
-2.157388757973420501e-01
-1.881066076035363688e-01
-1.044936337502236773e-01
-1.988628900552933190e-02
6.384369955061414137e-02
1.448837803516733747e-01
2.215656545130678390e-01
2.924374053324007017e-01
3.563169324751480627e-01
4.123233835483779974e-01
4.598859837078960178e-01
4.987322608291244741e-01
5.288595901107271402e-01
5.504952528355184782e-01
5.640504079227569578e-01
5.700729514412803400e-01
5.692031598916157398e-01
5.621347987259820433e-01
5.495831006811111585e-01
5.322599796981135611e-01
5.108561074438229266e-01
4.860290028662050399e-01
4.583960877976258064e-01
4.285316534451145132e-01
3.969667221080269148e-01
3.641909676592037792e-01
3.306559749036258600e-01
2.967792804364861592e-01
2.629487370920052802e-01
2.295268557736446224e-01
1.968548412253963709e-01
1.652560923475603349e-01
1.350389787716199108e-01
1.064987287394141002e-01
7.991828588147048551e-02
5.556801229816805965e-02
3.370413989337595062e-02
1.456590501806590519e-02
-1.628651227530091613e-03
-1.468817057938616444e-02
-2.445462359758833124e-02
-3.081088183301350023e-02
-3.368887919189032798e-02
-3.307787835636932794e-02
-2.903228648821151031e-02
-2.167834008494250175e-02
-1.121894969987860535e-02
2.063967602736475632e-03
1.781029625839926009e-02
3.558605746196673303e-02
5.489146173897953979e-02
7.517253999764782202e-02
9.583590086140747477e-02
1.162658612887214477e-01
1.358429633808368731e-01
1.539627542103784996e-01
1.700536888123710955e-01
1.835931207108321417e-01
1.941205495730572717e-01
2.012475702439792957e-01
2.046642810228778142e-01
2.041421716169366241e-01
1.995338254079232487e-01
1.907698719875302595e-01
1.778538231596172303e-01
1.608553964273825854e-01
1.399029831986125239e-01
1.151758118127658298e-01
8.689629632058550046e-02
5.532296289551572044e-02
2.074424485368000712e-02
-1.652665035726121751e-02
-5.615568420144920886e-02
-9.779068101393580126e-02
-1.410627839919800786e-01
-1.855867136037957776e-01
-2.309599223493160880e-01
-2.767607608601915792e-01
-3.225458195660991234e-01
-3.678466357407350062e-01
-4.121660216587850756e-01
-4.549743183599709306e-01
-4.957059780763193313e-01
-5.337569690689085711e-01
-5.684836379647906224e-01
-5.992037973228651060e-01
-6.252009576923340806e-01
-6.457327500284296695e-01
-6.600446218293265499e-01
-6.673898274572683809e-01
-6.670564368406062261e-01
-6.584015427574262391e-01
-6.408919903899685799e-01
-6.141498285135817969e-01
-5.779993887765367822e-01
-5.325117171104560843e-01
-4.780411671735276813e-01
-4.152487169209628792e-01
-3.451071717349445955e-01
-2.688848528570894625e-01
-1.881066076035337875e-01
-1.649158582594754119e-01
-9.602993159691618208e-02
-2.631690912599011709e-02
4.278711620393296083e-02
1.098873953081185850e-01
1.736906000429746799e-01
2.330563729101877701e-01
2.870365324298971843e-01
3.348996365624255511e-01
3.761403581194052159e-01
4.104747251279982634e-01
4.378236159309541464e-01
4.582876266042072988e-01
4.721167982299904198e-01
4.796784061957286016e-01
4.814255393362828483e-01
4.778684247277481534e-01
4.695497483304735820e-01
4.570245029344496834e-01
4.408444137005256835e-01
4.215466057794755028e-01
3.996459727176006616e-01
3.756306194873029747e-01
3.499597396987756959e-01
3.230633288386507429e-01
2.953432161612695728e-01
2.671749504844841416e-01
2.389101755998913057e-01
2.108791718390749248e-01
1.833933135953144111e-01
1.567472182716320994e-01
1.312204176501986508e-01
1.070783909054949939e-01
8.457283977486218518e-02
6.394110084562161511e-02
4.540462661781352605e-02
2.916649577005826777e-02
1.540795832477030378e-02
4.284077697694219956e-03
-4.081404544300278742e-03
-9.601778873966442668e-03
-1.223337242146286218e-02
-1.198147744275942887e-02
-8.905776832773540028e-03
-3.124787038318611269e-03
5.181199288364548433e-03
1.576911769966754182e-02
2.833448414823842160e-02
4.251536051466703325e-02
5.789900836620866242e-02
7.403110978765199690e-02
9.042721584819177205e-02
1.065858840763987819e-01
1.220028127700242687e-01
1.361851872188055146e-01
1.486654424296522947e-01
1.590137094449297350e-01
1.668483419431788517e-01
1.718440988285647175e-01
1.737377709194850572e-01
1.723312212888467310e-01
1.674920112425699881e-01
1.591518916425379016e-01
1.473035834672389854e-01
1.319962678739112771e-01
1.133302434182172219e-01
9.145118500743945611e-02
6.654437526171053108e-02
3.882922824769571152e-02
8.554355492111464024e-03
-2.400664753792135578e-02
-5.855857423218922830e-02
-9.478707578339345963e-02
-1.323602276754822782e-01
-1.709292102279875714e-01
-2.101281888697044686e-01
-2.495734964133156653e-01
-2.888622641133856694e-01
-3.275706844242063376e-01
-3.652521344215192145e-01
-4.014354421983756804e-01
-4.356236373819437624e-01
-4.672935971247947906e-01
-4.958970762096182039e-01
-5.208636887791378012e-01
-5.416064625929853937e-01
-5.575306234138325268e-01
-5.680462245577664326e-01
-5.725851313844072532e-01
-5.706225804573735738e-01
-5.617031424163718700e-01
-5.454703348182078360e-01
-5.216984104676444245e-01
-4.903241109858109126e-01
-4.514754762868204985e-01
-4.054943641128711529e-01
-3.529492807923066411e-01
-2.946355599473565734e-01
-2.315609247903895884e-01
-1.649158582594759392e-01
-1.452116415122512716e-01
-8.834012848907979443e-02
-3.077337057486897662e-02
2.638269184114448024e-02
8.205092374012279421e-02
1.352254258854642122e-01
1.850084169146358759e-01
2.306390337597809814e-01
2.715124684330552096e-01
3.071889347433597317e-01
3.373929808194917057e-01
3.620044933757452510e-01
3.810433247850744110e-01
3.946496609717235482e-01
4.030622681307288180e-01
4.065964548864328121e-01
4.056231813257634156e-01
4.005503407808324590e-01
3.918067626894648492e-01
3.798291919208479639e-01
3.650521578709789994e-01
3.479005285420028182e-01
3.287843883411011858e-01
3.080958630235471896e-01
2.862074896977822025e-01
2.634717614633089178e-01
2.402215022421419210e-01
2.167707774037577195e-01
1.934160748694362386e-01
1.704375377768569122e-01
1.481000603885153921e-01
1.266540864167048919e-01
1.063359784533119134e-01
8.736785245110140208e-02
6.995679491907695613e-02
5.429341078537021359e-02
4.054968149689666679e-02
2.887615104144737252e-02
1.939850274940002964e-02
1.221364143839261986e-02
7.385442601357775950e-03
4.940409116723732015e-03
4.863498940567980225e-03
7.094439616528411784e-03
1.152490208814045680e-02
1.799684827157432832e-02
2.630238934212620477e-02
3.618540155747081155e-02
4.734505713758960233e-02
5.944130405757366842e-02
7.210218535696424902e-02
8.493274563999510252e-02
9.752513967461751143e-02
1.094694563370975787e-01
1.203647105306002857e-01
1.298294446815936309e-01
1.375114208964390294e-01
1.430959684332561432e-01
1.463126674279264239e-01
1.469401853195814178e-01
1.448092168791480228e-01
1.398036161954585299e-01
1.318598759981811919e-01
1.209652570335458394e-01
1.071548316696160214e-01
9.050777672214292691e-02
7.114323805835452708e-02
4.921604280156419847e-02
2.491251457199920513e-02
-1.553407641119359563e-03
-2.994359227919881836e-02
-5.999857463441741340e-02
-9.143979338928638623e-02
-1.239711892606794458e-01
-1.572801872141381396e-01
-1.910381197755014471e-01
-2.249001874153241654e-01
-2.585050746795126142e-01
-2.914743902608852855e-01
-3.234121235379701642e-01
-3.539043525255914369e-01
-3.825194847201672244e-01
-4.088093512088878390e-01
-4.323115092815222882e-01
-4.525531619016069929e-01
-4.690570766661173452e-01
-4.813499200654326460e-01
-4.889733046894186308e-01
-4.914977533793377651e-01
-4.885395615323605556e-01
-4.797802218754411707e-01
-4.649877204180517531e-01
-4.440385500652941353e-01
-4.169388662451660177e-01
-3.838428340270683692e-01
-3.450660228075050906e-01
-3.010917419705816389e-01
-2.525685640566429080e-01
-2.002979288811399250e-01
-1.452116415122511883e-01
-1.282501682008214960e-01
-8.124502809342681875e-02
-3.365009996969722111e-02
1.368026336725304722e-02
5.991173820559873159e-02
1.042600417025422166e-01
1.460173578617852130e-01
1.845735062499392343e-01
2.194307594990409505e-01
2.502118771517801155e-01
2.766615592648606348e-01
2.986420636254764061e-01
3.161241202763287461e-01
3.291744653330475057e-01
3.379413564682841042e-01
3.426393110166964240e-01
3.435340993447846825e-01
3.409287841391313023e-01
3.351513034569159610e-01
3.265439008447060254e-01
3.154544705859974596e-01
3.022297713990422796e-01
2.872103422372702664e-01
2.707269053395133240e-01
2.530980053696453291e-01
2.346286360416622585e-01
2.156096052408860153e-01
1.963174180478257647e-01
1.770144674890591907e-01
1.579493591438414224e-01
1.393572085211056688e-01
1.214597820378158777e-01
1.044653687477739012e-01
8.856829712557828804e-02
7.394803203800877356e-02
6.076781396132406587e-02
4.917283099540107477e-02
3.928794508447496642e-02
3.121503097168473392e-02
2.503002265972502360e-02
2.077980367761350991e-02
1.847911462391050100e-02
1.810768493138749727e-02
1.960782269527959823e-02
2.288270437591747794e-02
2.779560291985351539e-02
3.417026495338316289e-02
4.179259754276190564e-02
5.041375754830852013e-02
5.975464721739401353e-02
6.951172695749099906e-02
7.936395572944607291e-02
8.898058586304147255e-02
9.802946936712395032e-02
1.061854930986504547e-01
1.131387521300492999e-01
1.186020937153555305e-01
1.223177190482595267e-01
1.240626037961936740e-01
1.236525891396944438e-01
1.209450875648003104e-01
1.158404351626022705e-01
1.082819977957777263e-01
9.825519771329901952e-02
8.578566420736906395e-02
7.093673288182390790e-02
5.380651923413808796e-02
3.452478109019366248e-02
1.324975845643341921e-02
-9.834848044065093789e-03
-3.452263598254007998e-02
-6.058690838847506643e-02
-8.778267597220880403e-02
-1.158482384997613079e-01
-1.445063570775955708e-01
-1.734650643318141616e-01
-2.024181879558193675e-01
-2.310456908016821076e-01
-2.590139592229822041e-01
-2.859761986160852532e-01
-3.115731258894803846e-01
-3.354341706953642421e-01
-3.571794249576681901e-01
-3.764225913158478765e-01
-3.927751963249875855e-01
-4.058523124298257789e-01
-4.152799972557363328e-01
-4.207045953381932102e-01
-4.218039194160994598e-01
-4.183001762267301582e-01
-4.099742806880362078e-01
-3.966809716046776901e-01
-3.783638601616816644e-01
-3.550693020229136465e-01
-3.269578128776668979e-01
-2.943116541827836552e-01
-2.575373159616364815e-01
-2.171618759615429883e-01
-1.738226550557312455e-01
-1.282501682008295452e-01
-1.134564353462984287e-01
-7.460691791386082905e-02
-3.525340172245685494e-02
3.942819006235350095e-03
4.233433696977894484e-02
7.930889443897001789e-02
1.143083375066603208e-01
1.468441657640457143e-01
1.765089240459943865e-01
2.029830820118576074e-01
2.260374501843680772e-01
2.455315166212645728e-01
2.614083594514832742e-01
2.736869389012905329e-01
2.824526332697477327e-01
2.878468371357669753e-01
2.900563575788758786e-01
2.893031768063065168e-01
2.858350192706965442e-01
2.799169907624580733e-01
2.718244369963596641e-01
2.618370469566080327e-01
2.502341572121409286e-01
2.372911414047721435e-01
2.232767530121901600e-01
2.084512481418741570e-01
1.930651335043137296e-01
1.773583721177495187e-01
1.615598929072923351e-01
1.458872734766364365e-01
1.305464650427471118e-01
1.157314593861789864e-01
1.016238077651061694e-01
8.839192458316323664e-02
7.619012433033552079e-02
6.515736751307187047e-02
5.541571004247375365e-02
4.706847888439994604e-02
4.019822306208527263e-02
3.486451668381895103e-02
3.110171964593548208e-02
2.891682623153338932e-02
2.828755318113007969e-02
2.916083216188781677e-02
3.145187559848160175e-02
3.504397562361667717e-02
3.978917328124811914e-02
4.550989872988060736e-02
5.200163249869971943e-02
5.903657882372242982e-02
6.636827715590719323e-02
7.373701306758727314e-02
8.087583347764346065e-02
8.751692486868396792e-02
9.339808836221710764e-02
9.826903795357418148e-02
1.018972631729821443e-01
1.040732311245114172e-01
1.046147523808978880e-01
1.033703939952495682e-01
1.002218836141167552e-01
9.508551253168046058e-02
8.791259631604325664e-02
7.868909742851902533e-02
6.743454388046794812e-02
5.420039706343719732e-02
3.906802798448531094e-02
2.214645591719719211e-02
3.569990832178158296e-03
-1.650409882682644588e-02
-3.789779593810198299e-02
-6.041434871393153161e-02
-8.384004881657354524e-02
-1.079457508587607362e-01
-1.324881462916461528e-01
-1.572108248369856742e-01
-1.818451808785238599e-01
-2.061112467029299344e-01
-2.297185562460986596e-01
-2.523671599778193331e-01
-2.737489336404775320e-01
-2.935493368897414967e-01
-3.114497903716443306e-01
-3.271308330938263453e-01
-3.402762319506212330e-01
-3.505781738460240216e-01
-3.577436394638588979e-01
-3.615019935790360628e-01
-3.616137271301883005e-01
-3.578801774303594918e-01
-3.501539091961782257e-01
-3.383492733199316427e-01
-3.224525296252042650e-01
-3.025307620140090803e-01
-2.787387493807976790e-01
-2.513229414678571638e-01
-2.206217734431930033e-01
-1.870617479366813163e-01
-1.511490005933722180e-01
-1.134564353462971104e-01
-1.003863449836350924e-01
-6.832010165197409390e-02
-3.582092641381845466e-02
-3.400862937777861597e-03
2.843762438991119176e-02
5.921672626887301144e-02
8.849688598390978433e-02
1.158881975852542323e-01
1.410590946657846734e-01
1.637420511493075659e-01
1.837362684347121078e-01
2.009075345169576143e-01
2.151856204486300717e-01
2.265596923991001210e-01
2.350722773728497195e-01
2.408123171800276019e-01
2.439078066359645081e-01
2.445184353479895323e-01
2.428285639966012988e-01
2.390407753079867859e-01
2.333701452084486760e-01
2.260393109273592105e-01
2.172743400279706638e-01
2.073013675702770897e-01
1.963439240853429302e-01
1.846208628963530995e-01
1.723447809657713548e-01
1.597208237663126640e-01
1.469457674956321791e-01
1.342072776062791795e-01
1.216832532737326111e-01
1.095411769946691288e-01
9.793740359619075575e-02
8.701633626689268819e-02
7.690945391818501675e-02
6.773417188482643014e-02
5.959253373768849671e-02
5.256975622455056785e-02
4.673266578163740026e-02
4.212808545530532384e-02
3.878125290095998240e-02
3.669436305951883498e-02
3.584534404024950632e-02
3.618698059454208971e-02
3.764649980473449425e-02
4.012572333046195150e-02
4.350187475773359402e-02
4.762910073554675605e-02
5.234073214784969175e-02
5.745226949667389671e-02
6.276503199643654329e-02
6.807037132471953356e-02
7.315430896901709001e-02
7.780242981111451517e-02
8.180484596174092404e-02
8.496104064713398685e-02
8.708440975304915233e-02
8.800634336057472362e-02
8.757971533916471263e-02
8.568169361781302618e-02
8.221582078301843677e-02
7.711335900447996439e-02
7.033392879116352747e-02
6.186550444580150160e-02
5.172385166747314744e-02
3.995150995735064631e-02
2.661642734084159953e-02
1.181035797648286555e-02
-4.352878001564273146e-03
-2.173918185064202188e-02
-4.019593565435498894e-02
-5.955368208398820890e-02
-7.962768536678307973e-02
-1.002193608298254379e-01
-1.211175763121859483e-01
-1.420998499419937056e-01
-1.629334888627911315e-01
-1.833767258271519207e-01
-2.031799334020014114e-01
-2.220870009677437529e-01
-2.398369781197610129e-01
-2.561660910151259962e-01
-2.708102407899595776e-01
-2.835080873893903175e-01
-2.940048145735881246e-01
-3.020566354640428219e-01
-3.074360760691233763e-01
-3.099380029762480726e-01
-3.093863112037700258e-01
-3.056410934954441050e-01
-2.986060310216405722e-01
-2.882356418133621423e-01
-2.745419510756304526e-01
-2.576000652519149225e-01
-2.375521185643666711e-01
-2.146090647275380736e-01
-1.890498731485193706e-01
-1.612178157455714522e-01
-1.315137262055565970e-01
-1.003863449796171120e-01
-8.869582991112001658e-02
-6.230318895426768810e-02
-3.553758136371438364e-02
-8.794836225167959251e-03
1.753576725168451075e-02
4.308218138654232310e-02
6.749932847666921532e-02
9.047742697138518031e-02
1.117485592269017308e-01
1.310912739924356418e-01
1.483331672586403194e-01
1.633515211574078085e-01
1.760721956422541257e-01
1.864670496251123466e-01
1.945502210981469582e-01
2.003735996527120922e-01
2.040218297159275829e-01
2.056071305260410431e-01
2.052641814572368772e-01
2.031452610683867344e-01
1.994157766723984593e-01
1.942502647395690507e-01
1.878289026725855071e-01
1.803345264483455779e-01
1.719501370807391960e-01
1.628568358493963364e-01
1.532321364688496168e-01
1.432485804562636245e-01
1.330725877266073776e-01
1.228634727783289721e-01
1.127725627326015834e-01
1.029423606491052384e-01
9.350570549882639138e-02
8.458489355326294368e-02
7.629073405259008400e-02
6.872152875791322224e-02
6.196197527543904904e-02
5.608201239447224706e-02
5.113563624352589904e-02
4.715973241422045936e-02
4.417298096957869569e-02
4.217490145089863168e-02
4.114511260710113777e-02
4.104288387835127588e-02
4.180705408766239445e-02
4.335638455233530031e-02
4.559039980958136395e-02
4.839075035528520030e-02
5.162310670288015185e-02
5.513956810348878690e-02
5.878153835070985128e-02
6.238299589881066143e-02
6.577405910090169949e-02
6.878472995637509302e-02
7.124868742607616545e-02
7.300699861100985733e-02
7.391162141846346900e-02
7.382858581987591928e-02
7.264075999230233671e-02
7.025013424823191299e-02
6.657958121068593971e-02
6.157407898678423502e-02
5.520141057784906657e-02
4.745237447785725926e-02
3.834055940987862732e-02
2.790174856112986185e-02
1.619302591468437316e-02
3.291658214387693186e-03
-1.070617616646324030e-02
-2.568674894338565315e-02
-4.152017804177658006e-02
-5.806182031214410233e-02
-7.515363108263449499e-02
-9.262547789748903915e-02
-1.102964116330059224e-01
-1.279759094162155053e-01
-1.454651193085224059e-01
-1.625581496399192416e-01
-1.790434528467690356e-01
-1.947053678633038909e-01
-2.093258850936692561e-01
-2.226867030975305251e-01
-2.345716449511550394e-01
-2.447694901187884298e-01
-2.530772690721792562e-01
-2.593040383506081126e-01
-2.632751308512630839e-01
-2.648368293447108668e-01
-2.638613705988845370e-01
-2.602521266911079767e-01
-2.539487624576975966e-01
-2.449321061896935214e-01
-2.332284314886614029e-01
-2.189128164290638223e-01
-2.021112442455674230e-01
-1.830011327718951419e-01
-1.618100413749140043e-01
-1.388123960396137613e-01
-1.143241992034532695e-01
-8.869582991112426318e-02
-7.811685294078611619e-02
-5.649311499188664626e-02
-3.454792976139338390e-02
-1.258605237165364571e-02
9.092177427113455612e-03
3.019838119559150463e-02
5.046308970288649470e-02
6.964179035512452209e-02
8.751984215445240967e-02
1.039161068563646678e-01
1.186852390643569621e-01
1.317186560657234162e-01
1.429442877639261200e-01
1.523252590784894833e-01
1.598577001030066780e-01
1.655678914136213542e-01
1.695089600644953953e-01
1.717573210127270600e-01
1.724090397779911021e-01
1.715762593404800973e-01
1.693838004879534287e-01
1.659660152349878848e-01
1.614639364438302249e-01
1.560227481441843200e-01
1.497895709154699051e-01
1.429115472071406101e-01
1.355341943606259703e-01
1.277999872578846896e-01
1.198471288246037159e-01
1.118084639256409218e-01
1.038104961921310632e-01
9.597246943654447193e-02
8.840548221373688287e-02
8.121161057410092310e-02
7.448302300525186381e-02
6.830108035452203685e-02
6.273542306334785323e-02
5.784305910265618439e-02
5.366747438043105445e-02
5.023779796332453890e-02
4.756806143456968061e-02
4.565659859663610820e-02
4.448563485646616494e-02
4.402111687514255467e-02
4.421283016434615631e-02
4.499484567456438905e-02
4.628632666656845585e-02
4.799271310121822065e-02
5.000728482382374440e-02
5.221308642634708147e-02
5.448517804419163862e-02
5.669315875662265386e-02
5.870389315964452681e-02
6.038436049681989576e-02
6.160453762142826389e-02
6.224022539911309992e-02
6.217573119192632697e-02
6.130632836731171598e-02
5.954042639156027078e-02
5.680140080206587394e-02
5.302905010388851703e-02
4.818066469986970884e-02
4.223171054712959727e-02
3.517614553225487800e-02
2.702639946255019215e-02
1.781305792067858218e-02
7.584296031477263424e-03
-3.594889300670348845e-03
-1.564360111267297515e-02
-2.846607462549372372e-02
-4.195278196942126003e-02
-5.598158024125938353e-02
-7.041888226678197360e-02
-8.512083868766949502e-02
-9.993453310554305247e-02
-1.146991964551056786e-01
-1.292474613037312980e-01
-1.434066822679836151e-01
-1.570003551635399675e-01
-1.698496734488187665e-01
-1.817752612964436409e-01
-1.925991246240815469e-01
-2.021468530274199982e-01
-2.102501019075048161e-01
-2.167493675890815874e-01
-2.214970521236091783e-01
-2.243607922522174170e-01
-2.252269941537689557e-01
-2.240044933061267063e-01
-2.206282189612114863e-01
-2.150627097223737627e-01
-2.073053016759794087e-01
-1.973887873469493681e-01
-1.853833340475981029e-01
-1.713974569240793999e-01
-1.555778657883472305e-01
-1.381080502003898536e-01
-1.192055287276802544e-01
-9.911776666155634741e-02
-7.811685294078342390e-02
-6.843922426075899068e-02
-5.084063862896083530e-02
-3.296563641216769536e-02
-1.504722325479553556e-02
2.684506957430758938e-03
2.000767114062074539e-02
3.671352081330932909e-02
5.261079738588935600e-02
6.752936509183311842e-02
8.132301631181358681e-02
9.387139581996654936e-02
1.050810423420892731e-01
1.148855911970412258e-01
1.232452198182729802e-01
1.301454463900369452e-01
1.355954058427440989e-01
1.396257369225606393e-01
1.422862070089308262e-01
1.436431955016977124e-01
1.437771367666988154e-01
1.427800053887860188e-01
1.407529122593921544e-01
1.378038525622470312e-01
1.340456359525091234e-01
1.295940084719184593e-01
1.245659672732697537e-01
1.190782567950034038e-01
1.132460280782902617e-01
1.071816398598126746e-01
1.009935772604837051e-01
9.478546291786155154e-02
8.865513881512712691e-02
8.269379943605953409e-02
7.698516131616704727e-02
7.160465983699304537e-02
6.661866853865354432e-02
6.208374760274480014e-02
5.804592651173270251e-02
5.454004035203703638e-02
5.158914020843795994e-02
4.920400438091027118e-02
4.738278041277068503e-02
4.611078975988988637e-02
4.536052610950046943e-02
4.509187655048837312e-02
4.525258901294860331e-02
4.577900281458968657e-02
4.659704932913513037e-02
4.762351978361184512e-02
4.876758436133818431e-02
4.993253595806401712e-02
5.101771999457525852e-02
5.192060223207186492e-02
5.253891904926617090e-02
5.277284997511703241e-02
5.252715092981555256e-02
5.171318844047109731e-02
5.025082015066383717e-02
4.807007502440231034e-02
4.511259564506166220e-02
4.133281735751025143e-02
3.669886971735585035e-02
3.119319757278939467e-02
2.481290930567917052e-02
1.756986894284156414e-02
9.490555092211021282e-03
6.157149478810403217e-04
-9.000156496420266480e-03
-1.928948153017217074e-02
-3.017237936723540445e-02
-4.155753755720199144e-02
-5.334315138549707014e-02
-6.541791802556530533e-02
-7.766207724798465661e-02
-8.994849507830446345e-02
-1.021437958855779538e-01
-1.141095519370828038e-01
-1.257035452825137622e-01
-1.367811207501876680e-01
-1.471966506284034804e-01
-1.568051320808148408e-01
-1.654639355322722882e-01
-1.730347199432741567e-01
-1.793855213772373169e-01
-1.843930118624759196e-01
-1.879449128665197921e-01
-1.899425310543363110e-01
-1.903033674574281242e-01
-1.889637270464499252e-01
-1.858812465007475823e-01
-1.810372258419500890e-01
-1.744386494795626963e-01
-1.661197639769622092e-01
-1.561430855879113455e-01
-1.445997155921100730e-01
-1.316088651769866391e-01
-1.173165192505963572e-01
-1.018932114891031443e-01
-8.553092986159566147e-02
-6.843922426076082255e-02
-5.949698917802750953e-02
-4.530699825949883325e-02
-3.088058459052550608e-02
-1.639401158875861478e-02
-2.021696735173258118e-03
1.206749399945715971e-02
2.571368490328204692e-02
3.876909269521309348e-02
5.110067149903246841e-02
6.259223166311632391e-02
7.314599008409183867e-02
8.268353979569863232e-02
9.114625540597455500e-02
9.849517295839682607e-02
1.047104052662924806e-01
1.097901625321658498e-01
1.137494587902802140e-01
1.166185819447321248e-01
1.184414082714160404e-01
1.192736268029894880e-01
1.191809372294777430e-01
1.182372698065272121e-01
1.165230658983853890e-01
1.141236458402365567e-01
1.111276813013280795e-01
1.076257810877544602e-01
1.037091898198853751e-01
9.946859694807835828e-02
9.499304513297676666e-02
9.036892909412565233e-02
8.567907249717135465e-02
8.100187093548096018e-02
7.641049191970501753e-02
7.197212445689962768e-02
6.774727336200349337e-02
6.378909823437960147e-02
6.014280011811415361e-02
5.684506317643607531e-02
5.392356221015896095e-02
5.139655070529378783e-02
4.927254588652656142e-02
4.755012971240264730e-02
4.621788478503108949e-02
4.525448355858011085e-02
4.462894696548501405e-02
4.430108499104885161e-02
4.422212682734327771e-02
4.433554181203005345e-02
4.457804601883440937e-02
4.488078131581773461e-02
4.517064989066924691e-02
4.537175511305911041e-02
4.540698121830418627e-02
4.519956490345372613e-02
4.467472751087769173e-02
4.376126101773557958e-02
4.239304929729919430e-02
4.051048433684870109e-02
3.806174480532450999e-02
3.500391027867783694e-02
3.130389168232847186e-02
2.693916512921106302e-02
2.189830434884538699e-02
1.618131310225037409e-02
9.799765172482551023e-03
2.776764256836929904e-03
-4.853260563799204237e-03
-1.304490577891188018e-02
-2.174227216958221978e-02
-3.087955367553933683e-02
-4.038171906017849755e-02
-5.016527357962256156e-02
-6.013908915068224420e-02
-7.020529664494364053e-02
-8.026023612341080804e-02
-9.019546672166731116e-02
-9.989883813146985259e-02
-1.092556315691521479e-01
-1.181497768014963534e-01
-1.264651547900434991e-01
-1.340869928142282563e-01
-1.409033593924616523e-01
-1.468067581542180644e-01
-1.516958195493704475e-01
-1.554770771945018504e-01
-1.580668100015710231e-01
-1.593929183383156478e-01
-1.593967956665020280e-01
-1.580351393587568765e-01
-1.552816420668731712e-01
-1.511284897365614277e-01
-1.455875887327576224e-01
-1.386914456278054431e-01
-1.304936203665560124e-01
-1.210686887765485137e-01
-1.105116600087372031e-01
-9.893681844376528423e-02
-8.647598363789647802e-02
-7.327621083969304561e-02
-5.949698917802070247e-02
-5.115826211467449508e-02
-3.986142667116259614e-02
-2.836420920494975642e-02
-1.679792396458222245e-02
-5.292767805368811876e-03
6.024713112886902200e-03
1.703400020978937737e-02
2.762277143122101805e-02
3.768878896658624245e-02
4.714145973912352294e-02
5.590303674746824325e-02
6.390944712443247244e-02
7.111074976077390308e-02
7.747123897937686909e-02
8.296922414933241563e-02
8.759652374395519858e-02
9.135771869271379353e-02
9.426921187818712577e-02
9.635814213977741960e-02
9.766119750958411616e-02
9.822336877825013635e-02
9.809667898912761974e-02
9.733891853512212367e-02
9.601240916372917600e-02
9.418281384004942303e-02
9.191800362576126038e-02
8.928698966623892230e-02
8.635892119416230250e-02
8.320215052962140478e-02
7.988336227932098244e-02
7.646676338333972811e-02
7.301332994818898747e-02
6.958010789927150663e-02
6.621956486079547122e-02
6.297899274934802560e-02
5.989996215011909875e-02
5.701783168810686114e-02
5.436131797501966845e-02
5.195213318234265243e-02
4.980469945578743646e-02
4.792595029897731007e-02
4.631522974761416445e-02
4.496430005543015918e-02
4.385746773387877440e-02
4.297183602872559072e-02
4.227768939337789994e-02
4.173901224564426776e-02
4.131414039162861068e-02
4.095653920511020674e-02
4.061569809456079538e-02
4.023812742343997606e-02
3.976843259879668524e-02
3.915045774926641242e-02
3.832845851147433786e-02
3.724827790206283740e-02
3.585851198797280343e-02
3.411162428957622422e-02
3.196499003259533483e-02
2.938184699428895638e-02
2.633213425550840620e-02
2.279320408915935445e-02
1.875039698877909236e-02
1.419747385879377606e-02
9.136904044003607561e-03
3.580011342777649711e-03
-2.453016280801895328e-03
-8.933245386851810382e-03
-1.582323433848181055e-02
-2.307737866883259603e-02
-3.064235352855167530e-02
-3.845764337520728160e-02
-4.645614935194946477e-02
-5.456486737139545212e-02
-6.270563049160585156e-02
-7.079591234527893295e-02
-7.874968894591614921e-02
-8.647835906657734550e-02
-9.389172298912619452e-02
-1.008990208554302742e-01
-1.074100324322528471e-01
-1.133362367857351505e-01
-1.185920305511243833e-01
-1.230959990128737136e-01
-1.267722326615325357e-01
-1.295516727936243950e-01
-1.313734694248815116e-01
-1.321863252231753327e-01
-1.319497935043889014e-01
-1.306354949445197589e-01
-1.282282096263859528e-01
-1.247267997451129984e-01
-1.201449154767253308e-01
-1.145114385834500731e-01
-1.078706209525388121e-01
-1.002818832885134931e-01
-9.181924918470640851e-02
-8.257040216524591525e-02
-7.263537022448270097e-02
-6.212485738962418569e-02
-5.115826211467282975e-02
-4.331768302044064489e-02
-3.447936074422586206e-02
-2.547355697650429546e-02
-1.639599945721231106e-02
-7.341794623818800880e-03
1.596257780064358608e-03
1.032927997035129608e-02
1.877379044422217494e-02
2.685301758800758345e-02
3.449801393014777229e-02
4.164854983203633565e-02
4.825377501149911985e-02
5.427264383554059046e-02
5.967411033762884398e-02
6.443710598438640025e-02
6.855031939254029039e-02
7.201180063726297931e-02
7.482841839543238893e-02
7.701519558123094689e-02
7.859455233757156600e-02
7.959548142982415808e-02
8.005268112423656601e-02
8.000566564187250318e-02
7.949787130269804492e-02
7.857577327532160039e-02
7.728802411330536193e-02
7.568462242971468745e-02
7.381611796488418697e-02
7.173285695741746237e-02
6.948426980303434863e-02
6.711820264800247293e-02
6.468029415667120308e-02
6.221339653067184394e-02
5.975704359679971656e-02
5.734696587368855181e-02
5.501465581976898445e-02
5.278698561518698623e-02
5.068588195387657008e-02
4.872806242926426556e-02
4.692483900700212401e-02
4.528199424942083023e-02
4.379973621030320424e-02
4.247273739607586307e-02
4.129026226584476406e-02
4.023638677233716543e-02
3.929031131585206810e-02
3.842676681054280757e-02
3.761651085240898945e-02
3.682690862610658172e-02
3.602259037191648389e-02
3.516617581630041012e-02
3.421904649482603034e-02
3.314216610125461648e-02
3.189691213997561392e-02
3.044591578518469205e-02
2.875389148923879548e-02
2.678842643689922573e-02
2.452073157618962079e-02
2.192632565668850217e-02
1.898564491618940156e-02
1.568456694513115438e-02
1.201484079027764947e-02
7.974417969424482666e-03
3.567681657603962667e-03
-1.194426405821463841e-03
-6.294379318027840294e-03
-1.170813575611982620e-02
-1.740530283792002947e-02
-2.334938582360756784e-02
-2.949811850796194707e-02
-3.580386818471979066e-02
-4.221410956469160564e-02
-4.867196160929716797e-02
-5.511678381557253564e-02
-6.148482653249309066e-02
-6.770993314846103506e-02
-7.372429042618637574e-02
-7.945922476906859544e-02
-8.484604184374940072e-02
-8.981690558390570400e-02
-9.430575328335356888e-02
-9.824923962738836558e-02
-1.015877038802389665e-01
-1.042661479699237836e-01
-1.062352139567267068e-01
-1.074521446414806319e-01
-1.078817077623034776e-01
-1.074970623312071355e-01
-1.062805421991164234e-01
-1.042243311767021563e-01
-1.013310011446158787e-01
-9.761388800178892600e-02
-9.309727848890621271e-02
-8.781638783573192386e-02
-8.181710991753599060e-02
-7.515553133121262441e-02
-6.789720559163991975e-02
-6.011619544692769351e-02
-5.189389846539942813e-02
-4.331768302044292779e-02
-3.589073489932866762e-02
-2.914108613139509973e-02
-2.225432727024652391e-02
-1.529812623304173218e-02
-8.339862869352492741e-03
-1.445536686957381474e-03
5.321286088110999124e-03
1.190044491807149690e-02
1.823606514553841387e-02
2.427732195356141487e-02
2.997907491707042446e-02
3.530236318044340654e-02
4.021475687718212982e-02
4.469056503543988867e-02
4.871090448068120943e-02
5.226363827238957038e-02
5.534319441938091028e-02
5.795027905681619795e-02
6.009149822395460500e-02
6.177890417277571988e-02
6.302948165263856650e-02
6.386458865230208726e-02
6.430936578869449194e-02
6.439212681816895711e-02
6.414374107933244751e-02
6.359701725953785523e-02
6.278609702227620770e-02
6.174586411963456367e-02
6.051137494352658991e-02
5.911731449520690046e-02
5.759748109398134946e-02
5.598430340865472032e-02
5.430839127216843115e-02
5.259812401055273534e-02
5.087927748428287822e-02
4.917469357448277928e-02
4.750399378204073209e-02
4.588334081637636397e-02
4.432525060737381450e-02
4.283845826244097460e-02
4.142784086758475454e-02
4.009439994326573914e-02
3.883530598634038489e-02
3.764400655665928880e-02
3.651039882589766916e-02
3.542106617220820708e-02
3.435957708609108097e-02
3.330684353217302357e-02
3.224153409072962051e-02
3.114053600140145872e-02
2.997945916703367852e-02
2.873317043603368023e-02
2.737635610739200601e-02
2.588409180973979054e-02
2.423241612718423504e-02
2.239889612863071519e-02
2.036316808813878193e-02
1.810745125844900189e-02
1.561701886946196063e-02
1.288062009596829469e-02
9.890845480630161210e-03
6.644429923550308585e-03
3.142488804256135353e-03
-6.093155721395071339e-04
-4.600678661468192258e-03
-8.816629660396832144e-03
-1.323757781376161576e-02
-1.783942704105397764e-02
-2.259375632611349688e-02
-2.746806257234011769e-02
-3.242606246031980860e-02
-3.742804952370955979e-02
-4.243130260667598436e-02
-4.739054218255955159e-02
-5.225843056675107123e-02
-5.698611227912204341e-02
-6.152379115130845316e-02
-6.582133974497661466e-02
-6.982893749813992579e-02
-7.349773163128689446e-02
-7.678051676035746453e-02
-7.963242491665525891e-02
-8.201162010967426308e-02
-8.387998656687305210e-02
-8.520380179749530158e-02
-8.595438172328777326e-02
-8.610868465282991990e-02
-8.564986085205722466e-02
-8.456773085885796459e-02
-8.285917907642371960e-02
-8.052844576576202729e-02
-7.758730433946255112e-02
-7.405511078917845214e-02
-6.995871537855843925e-02
-6.533222975205195404e-02
-6.021664644232500169e-02
-5.465931254693304903e-02
-4.871326386898781891e-02
-4.243643108421111393e-02
-3.589073489932766148e-02
-2.880950772420131853e-02
-2.383077159266268341e-02
-1.874322563117481605e-02
-1.359261259472719155e-02
-8.424596054961536531e-03
-3.284085071802444154e-03
1.785413525332017054e-03
6.742409446994500864e-03
1.154798528416104905e-02
1.616629274985534326e-02
2.056497615904105680e-02
2.471551736448063946e-02
2.859349829377621707e-02
3.217877928166451573e-02
3.545559437313510615e-02
3.841256581921725227e-02
4.104264316751587982e-02
4.334297192295427648e-02
4.531470046973806731e-02
4.696273160886126063e-02
4.829542835592903066e-02
4.932428076126346705e-02
5.006354424913617152e-02
5.052985542491019583e-02
5.074183314209562007e-02
5.071967295732123654e-02
5.048473877487878736e-02
5.005915970925926828e-02
4.946543486001993978e-02
4.872605140467128892e-02
4.786312021240653192e-02
4.689803069120900697e-02
4.585113000694549662e-02
4.474142763625083702e-02
4.358632897540122564e-02
4.240139999918750985e-02
4.120016510429126005e-02
3.999394089696357846e-02
3.879170692400989162e-02
3.760001608195670530e-02
3.642294581384519087e-02
3.526209110723866474e-02
3.411660038138734224e-02
3.298325436807051508e-02
3.185658755675565418e-02
3.072905124621220369e-02
2.959121636657880208e-02
2.843201354948237877e-02
2.723900743439782932e-02
2.599869849600011662e-02
2.469685416237982906e-02
2.331885476263110060e-02
2.185005501080289000e-02
2.027615179668728132e-02
1.858355224039636919e-02
1.675973469978457933e-02
1.479359814369079172e-02
1.267578855734256826e-02
1.039900298749985193e-02
7.958260846428512336e-03
5.351139733168218393e-03
2.577971283533824539e-03
-3.580058504302681432e-04
-3.450538535672670673e-03
-6.690298692952056751e-03
-1.006487067038927194e-02
-1.355878622784061592e-02
-1.715360705665023786e-02
-2.082805329835041991e-02
-2.455817651336783189e-02
-2.831757528617633024e-02
-3.207765069339367503e-02
-3.580789944530473473e-02
-3.947624125874547862e-02
-4.304937832368839479e-02
-4.649318208406990477e-02
-4.977310517535955131e-02
-5.285461368851859104e-02
-5.570363574121199590e-02
-5.828702221492766677e-02
-6.057301388527651376e-02
-6.253170916949703229e-02
-6.413552710164091564e-02
-6.535965820340051968e-02
-6.618249558927558063e-02
-6.658603927198412931e-02
-6.655626420415025613e-02
-6.608344507287614022e-02
-6.516242786065708226e-02
-6.379284143386947104e-02
-6.197923968211967172e-02
-5.973116927069076904e-02
-5.706315615469475383e-02
-5.399460749222953493e-02
-5.054962671378452482e-02
-4.675674188305703471e-02
-4.264855002543684048e-02
-3.826128200020866704e-02
-3.363429635041171456e-02
-2.880950772420199854e-02
-2.201950506966894594e-02
-1.853575949690156044e-02
-1.496977294251553361e-02
-1.135043804348640113e-02
-7.706684180122371115e-03
-4.067093554595463227e-03
-4.595287359011011874e-04
3.089218741027526579e-03
6.553757936463009033e-03
9.910392512579590391e-03
1.313738016590897811e-02
1.621515130679743177e-02
1.912648445160268149e-02
2.185663692707952299e-02
2.439343015857335997e-02
2.672728998156446295e-02
2.885124370592333579e-02
3.076087584339307762e-02
3.245424565681225698e-02
3.393177000988516212e-02
3.519607533985770476e-02
3.625182307611317378e-02
3.710551266880233318e-02
3.776526680883752346e-02
3.824060285683190952e-02
3.854219505867630124e-02
3.868163118147403823e-02
3.867116759436530632e-02
3.852348618770964905e-02
3.825145654900215936e-02
3.786790628546163329e-02
3.738540241014064180e-02
3.681604621332956739e-02
3.617128404585961271e-02
3.546173605783428662e-02
3.469704482081009678e-02
3.388574548120590335e-02
3.303515897762519804e-02
3.215130950392568882e-02
3.123886724992906705e-02
3.030111715650279230e-02
2.933995408816155587e-02
2.835590463189698734e-02
2.734817506868226361e-02
2.631472521482600135e-02
2.525236688662525070e-02
2.415688565665327289e-02
2.302318409717829181e-02
2.184544459596009583e-02
2.061730707146968919e-02
1.933206394115442178e-02
1.798286193454140883e-02
1.656291264893456142e-02
1.506570605820289031e-02
1.348522345591775772e-02
1.181614613246915677e-02
1.005405566441200035e-02
8.195623857130436909e-03
6.238784877499692523e-03
4.182891757654923388e-03
2.028850512228961081e-03
-2.207693149493327269e-04
-2.561649390653098022e-03
-4.987664915822350407e-03
-7.490855274400929319e-03
-1.006142394418799504e-02
-1.268776798562163202e-02
-1.535653690505712522e-02
-1.805272071895096600e-02
-2.075976590313974995e-02
-2.345971863847327518e-02
-2.613339341374112251e-02
-2.876056545158561795e-02
-3.132018487766490000e-02
-3.379061034227437421e-02
-3.614985956615247853e-02
-3.837587400918306135e-02
-4.044679470841731905e-02
-4.234124590543381778e-02
-4.403862306670448118e-02
-4.551938147802301465e-02
-4.676532145482829167e-02
-4.775986597022312263e-02
-4.848832635344127451e-02
-4.893815148620855870e-02
-4.909915604127497446e-02
-4.896372308610837804e-02
-4.852697666818743538e-02
-4.778692014016761719e-02
-4.674453632233378092e-02
-4.540384614430129778e-02
-4.377192296557102374e-02
-4.185886057360373863e-02
-3.967769378273396097e-02
-3.724427132422977044e-02
-3.457708226237524163e-02
-3.169703769376156638e-02
-2.862721155031212536e-02
-2.539254189308989829e-02
-2.201950506966820001e-02
-1.547725039196030765e-02
-1.324606527945915851e-02
-1.095772228415461090e-02
-8.628536395228897371e-03
-6.274906264886095063e-03
-3.913123804717259964e-03
-1.559188474332398209e-03
7.713705048662160627e-04
3.063661322548984992e-03
5.303582493251564854e-03
7.477961454523698176e-03
9.574673904670158789e-03
1.158274462461073538e-02
1.349242776033609918e-02
1.529526614599955453e-02
1.698412926148483784e-02
1.855323028067950089e-02
1.999812252112483785e-02
2.131567650444201115e-02
2.250403855298243813e-02
2.356257272487061183e-02
2.449178737936247643e-02
2.529324885660734143e-02
2.596948352276885405e-02
2.652387082449782219e-02
2.696052907366325996e-02
2.728419640136727289e-02
2.750010847157878177e-02
2.761387535894148718e-02
2.763135951177162278e-02
2.755855618154290365e-02
2.740147875904986804e-02
2.716604991968902399e-02
2.685800051744883024e-02
2.648277744652405286e-02
2.604546159385287551e-02
2.555069688183775334e-02
2.500263153405975908e-02
2.440487196149760882e-02
2.376044998936767405e-02
2.307180375226360741e-02
2.234077229191492805e-02
2.156860406900769703e-02
2.075597883526238141e-02
1.990304271999331770e-02
1.900945569688963083e-02
1.807445082585579926e-02
1.709690315665315236e-02
1.607540986770890010e-02
1.500837645147183944e-02
1.389411031191440694e-02
1.273091896077808462e-02
1.151721124040113071e-02
1.025159975820465891e-02
8.933002691026488418e-03
7.560743043059484775e-03
6.134643565039133925e-03
4.655115519104829035e-03
3.123239519621682364e-03
1.540837393924479604e-03
-8.946773925996573190e-05
-1.764202481554675564e-03
-3.479008030536679102e-03
-5.228618805972987116e-03
-7.006856060529384998e-03
-8.806636449973329062e-03
-1.061999622872404452e-02
-1.243813073857518228e-02
-1.425144915080534674e-02
-1.604964395735310537e-02
-1.782177465564221269e-02
-1.955636459214188383e-02
-2.124151012448846285e-02
-2.286500091509531193e-02
-2.441444965406305845e-02
-2.587742997076395574e-02
-2.724162087224536039e-02
-2.849495540840575256e-02
-2.962577224984127081e-02
-3.062296765803803472e-02
-3.147614569702358173e-02
-3.217576486724669366e-02
-3.271327842357443089e-02
-3.308126640561630250e-02
-3.327355703679230059e-02
-3.328533532246622656e-02
-3.311323675336213385e-02
-3.275542425594608203e-02
-3.221164645780619923e-02
-3.148327603807477004e-02
-3.057332669459782507e-02
-2.948644808607357379e-02
-2.822889801207212682e-02
-2.680849194812644221e-02
-2.523453002642098153e-02
-2.351770257384010535e-02
-2.166997524794822896e-02
-1.970445443049813339e-02
-1.763523813727472384e-02
-1.547725039195989478e-02
-9.148497703295005792e-03
-7.954032181719118688e-03
-6.726175070800530405e-03
-5.472334290116806152e-03
-4.199996366184804812e-03
-2.916654960180355659e-03
-1.629740594966352409e-03
-3.465526611021870710e-04
9.258054311483657380e-04
2.180486944631099613e-03
3.410957713836846889e-03
4.611046377632443266e-03
5.774988950348810927e-03
6.897464360703097451e-03
7.973627855998895522e-03
8.999132285152155325e-03
9.970144589787208883e-03
1.088335453911002532e-02
1.173597637724855050e-02
1.252574362985717921e-02
1.325089745782074765e-02
1.391016901997848589e-02
1.450275636096715580e-02
1.502829646377017159e-02
1.548683308334223262e-02
1.587878113395109481e-02
1.620488826978733546e-02
1.646619449350615258e-02
1.666399050736522627e-02
1.679977549098430126e-02
1.687521518078987509e-02
1.689210080196218086e-02
1.685230958017666647e-02
1.675776747265109862e-02
1.661041464562077949e-02
1.641217420938393193e-02
1.616492469354023631e-02
1.587047659705489999e-02
1.553055332749134036e-02
1.514677676352744681e-02
1.472065759518861178e-02
1.425359101467811411e-02
1.374685455366109373e-02
1.320161597375727261e-02
1.261894044131132119e-02
1.199980456898358354e-02
1.134511397762795991e-02
1.065572440265281223e-02
9.932465945428582341e-03
9.176169941274110384e-03
8.387697887026132615e-03
7.567971828877965990e-03
6.718005580100444227e-03
5.838936120947346188e-03
4.932054511171028201e-03
3.998835669036455640e-03
3.040966354819429028e-03
2.060370727870088157e-03
1.059232906677174757e-03
4.001593836217658525e-05
-9.945232815248006286e-04
-2.041323637073013970e-03
-3.097014743846162547e-03
-4.157914799618199313e-03
-5.220038543427846754e-03
-6.279106047965443693e-03
-7.330559532213731799e-03
-8.369585292202679286e-03
-9.391141122298692426e-03
-1.038998899870589160e-02
-1.136073278227177179e-02
-1.229786052373728344e-02
-1.319579094677609393e-02
-1.404892354740146579e-02
-1.485169181343690484e-02
-1.559861877204600338e-02
-1.628437426795116896e-02
-1.690383314486218133e-02
-1.745213360198839478e-02
-1.792473484534421596e-02
-1.831747327863174346e-02
-1.862661625581179745e-02
-1.884891279730927308e-02
-1.898164020966674331e-02
-1.902264605915320733e-02
-1.897038458242225611e-02
-1.882394707351157243e-02
-1.858308549222812550e-02
-1.824822892410609895e-02
-1.782049238174745337e-02
-1.730167779376368814e-02
-1.669426747471141476e-02
-1.600140670443871843e-02
-1.522688389309041421e-02
-1.437509743385746372e-02
-1.345101789866690219e-02
-1.246014270603828557e-02
-1.140844452573805748e-02
-1.030231400143988112e-02
-9.148497703295321512e-03
-3.006910813694338262e-03
-2.654108800501272982e-03
-2.290468481185415663e-03
-1.917719640064079450e-03
-1.537626139098417950e-03
-1.151974518108328646e-03
-7.625626198993576974e-04
-3.711883557376374244e-04
2.036127724166409173e-05
4.103208205806325114e-04
7.969565200764563246e-04
1.178575952985478573e-03
1.553537003626407785e-03
1.920256163529124446e-03
2.277216058623859982e-03
2.622972169616813540e-03
2.956158711825732002e-03
3.275493649053366589e-03
3.579782831097845595e-03
3.867923264386911343e-03
4.138905507818420142e-03
4.391815257308906255e-03
4.625834116248853968e-03
4.840239621532398118e-03
5.034404572256380439e-03
5.207795721419410627e-03
5.359971903099907189e-03
5.490581662819325054e-03
5.599360476991991319e-03
5.686127616764700965e-03
5.750782774404530374e-03
5.793302491393698475e-03
5.813736488935585499e-03
5.812203966443798414e-03
5.788889938394217553e-03
5.744041673362772736e-03
5.677965292666394687e-03
5.591022577921570154e-03
5.483628035979608989e-03
5.356246235522331943e-03
5.209389476578388765e-03
5.043615761779173153e-03
4.859527119130149959e-03
4.657768245742347976e-03
4.439025464916710254e-03
4.204025990661543373e-03
3.953537448816404204e-03
3.688367632880234018e-03
3.409364446875039808e-03
3.117415982639383173e-03
2.813450679846001001e-03
2.498437508113464985e-03
2.173386111348529597e-03
1.839346845084443779e-03
1.497410651549527889e-03
1.148708701535503538e-03
7.944117413197428635e-04
4.357290936364977951e-04
7.390724929999518034e-05
-2.897719937635777495e-04
-6.539938884059456631e-04
-1.017413627883050238e-03
-1.378659794088246508e-03
-1.736338382338167017e-03
-2.089037411135279219e-03
-2.435332115387353440e-03
-2.773790711495832673e-03
-3.102980710773139104e-03
-3.421475752822781321e-03
-3.727862909284537177e-03
-4.020750412367427550e-03
-4.298775742237514845e-03
-4.560614004231749660e-03
-4.804986517593664783e-03
-5.030669528769181852e-03
-5.236502967509997983e-03
-5.421399130818406811e-03
-5.584351215474452935e-03
-5.724441595595550561e-03
-5.840849736794781824e-03
-5.932859638720476211e-03
-5.999866740935219829e-03
-6.041384167302469091e-03
-6.057048221621200330e-03
-6.046623084626411015e-03
-6.010004601440518263e-03
-5.947223119670076545e-03
-5.858445316593646583e-03
-5.743974981840784672e-03
-5.604252707196578746e-03
-5.439854500145775533e-03
-5.251489286185935003e-03
-5.039995330575463943e-03
-4.806335597224781035e-03
-4.551592087510141632e-03
-4.276959201509699000e-03
-3.983736194932256842e-03
-3.673318804462968531e-03
-3.347190121183751723e-03
-3.006910813694338262e-03
2.966875827135631149e-03
2.657262929408981279e-03
2.337101894485599154e-03
2.007422726297124465e-03
1.669296103113918680e-03
1.323833142504026329e-03
9.721849047417293038e-04
6.155415743861705107e-04
2.551312610776266610e-04
-1.077816280320410759e-04
-4.718984934165555527e-04
-8.358891617872994109e-04
-1.198395054721450781e-03
-1.558032920996428638e-03
-1.913399154679776238e-03
-2.263074697198000189e-03
-2.605630518509139976e-03
-2.939633660171936305e-03
-3.263653812956956134e-03
-3.576270391366906214e-03
-3.876080057426466424e-03
-4.161704635474861545e-03
-4.431799359136987665e-03
-4.685061353950077494e-03
-4.920238310705306491e-03
-5.136137224591483252e-03
-5.331633128969831895e-03
-5.505677719284222081e-03
-5.657307766822098315e-03
-5.785653230672199200e-03
-5.889944940932826702e-03
-5.969521796662467100e-03
-6.023837341532795736e-03
-6.052465650586748465e-03
-6.055106435683296068e-03
-6.031589293446533960e-03
-5.981877027567920196e-03
-5.906067987244034007e-03
-5.804397374653475113e-03
-5.677237485470830979e-03
-5.525096865176989253e-03
-5.348618359573270760e-03
-5.148576076958175270e-03
-4.925871278071555434e-03
-4.681527215272098322e-03
-4.416682976595329678e-03
-4.132586387455439852e-03
-3.830586040238350386e-03
-3.512122532259895780e-03
-3.178719002412080073e-03
-2.831971065393580275e-03
-2.473536249530095075e-03
-2.105123049482315357e-03
-1.728479711129358954e-03
-1.345382860727306921e-03
-9.576261053346092492e-04
-5.670087139363347772e-04
-1.753244931823908989e-04
2.156490283654022527e-04
6.041610053296742880e-04
9.884971833949186826e-04
1.366989211234054865e-03
1.738023288578139031e-03
2.100048082262739781e-03
2.451581857037494344e-03
2.791218779716429701e-03
3.117634367746456320e-03
3.429590063068482450e-03
3.725936946073720238e-03
4.005618546134554099e-03
4.267672845621945862e-03
4.511233445709632306e-03
4.735529958409641187e-03
4.939887676800459003e-03
5.123726577403961771e-03
5.286559720820350160e-03
5.427991120114524295e-03
5.547713159802334683e-03
5.645503617873665059e-03
5.721222416881110995e-03
5.774808127154422606e-03
5.806274340250731393e-03
5.815705979409990616e-03
5.803255604638474056e-03
5.769139792754012994e-03
5.713635654855477031e-03
5.637077523971806801e-03
5.539853894701900205e-03
5.422404617170648380e-03
5.285218401134108082e-03
5.128830626163797916e-03
4.953821499478802681e-03
4.760814532018795703e-03
4.550475343929296507e-03
4.323510781387008076e-03
4.080668306171388558e-03
3.822735646547369744e-03
3.550540648918085098e-03
3.264951294884453539e-03
2.966875827135560459e-03
8.785900075004153195e-03
7.981680764672805656e-03
7.146700920245655474e-03
6.282032029026050554e-03
5.388884299856872007e-03
4.468637099656018810e-03
3.522867904545965746e-03
2.553379156727979705e-03
1.562222381640363889e-03
5.517190402675001574e-04
-4.755224902579621347e-04
-1.516594202876362643e-03
-2.568280495929175806e-03
-3.627055653406095412e-03
-4.689084474864141545e-03
-5.750232903618081488e-03
-6.806079695783543229e-03
-7.851936018622204805e-03
-8.882870154364367818e-03
-9.893737582120433124e-03
-1.087921621146404998e-02
-1.183384643974373131e-02
-1.275207559439269119e-02
-1.362830631745726682e-02
-1.445694829631941070e-02
-1.523247270570952071e-02
-1.594946876586331164e-02
-1.660270149325633604e-02
-1.718717016642710635e-02
-1.769816633773494893e-02
-1.813133091925640469e-02
-1.848270924262338313e-02
-1.874880339856674002e-02
-1.892662099469023806e-02
-1.901371954894674060e-02
-1.900824576685545761e-02
-1.890896904602747466e-02
-1.871530848309814130e-02
-1.842735302225182586e-02
-1.804587408553898209e-02
-1.757233052890565250e-02
-1.700886558368334620e-02
-1.635829629139703284e-02
-1.562409204905169588e-02
-1.481035087221232310e-02
-1.392176248274644770e-02
-1.296356696140888061e-02
-1.194150616682211098e-02
-1.086176923147784933e-02
-9.730932789871469743e-03
-8.555896852401915012e-03
-7.343817264038399531e-03
-6.102035731902401110e-03
-4.838008451891528082e-03
-3.559234400130045078e-03
-2.273184333878615435e-03
-9.872315355739535482e-04
2.914147343104184456e-04
1.555772090590548488e-03
2.799143434461401781e-03
4.015170099349060426e-03
5.197879058000690923e-03
6.341724252340831362e-03
7.441618692003822838e-03
8.492964206563523646e-03
9.491669149517399651e-03
1.043416123336815375e-02
1.131739269313321479e-02
1.213883847399116478e-02
1.289648776310437644e-02
1.358882928145162261e-02
1.421483083711098418e-02
1.477391371326946916e-02
1.526592253809597004e-02
1.569109128565340794e-02
1.605000617886542802e-02
1.634356620954325809e-02
1.657294197281077366e-02
1.673953368351804166e-02
1.684492901182815805e-02
1.689086148568650150e-02
1.687917014260677251e-02
1.681176107711641540e-02
1.669057146410271933e-02
1.651753662848878465e-02
1.629456059095553411e-02
1.602349052299424301e-02
1.570609547567003439e-02
1.534404960320312310e-02
1.493892009688159266e-02
1.449215992712842363e-02
1.400510597696223193e-02
1.347897920266952210e-02
1.291489490160050400e-02
1.231387201309785094e-02
1.167684923066435523e-02
1.100470438306675250e-02
1.029827718421799133e-02
9.558394849980941105e-03
8.785900075005228724e-03
1.445725443128047412e-02
1.331873330927827413e-02
1.213047233572913698e-02
1.089096942543747205e-02
9.598977363242536601e-03
8.253604554985517067e-03
6.854412365306328421e-03
5.401507146934964899e-03
3.895625236411956200e-03
2.338209697118672631e-03
7.314760175624575658e-04
-9.215327583750922971e-04
-2.616904106537315620e-03
-4.349827563837367107e-03
-6.114580835322679618e-03
-7.904530850026639244e-03
-9.712150056646391694e-03
-1.152904837689752715e-02
-1.334602027901837622e-02
-1.515310702921972633e-02
-1.693967328171817888e-02
-1.869449753922825322e-02
-2.040587534863232133e-02
-2.206173401752825960e-02
-2.364975793141525784e-02
-2.515752262850295268e-02
-2.657263599895402784e-02
-2.788288530662283438e-02
-2.907638737518730698e-02
-3.014174070496869473e-02
-3.106817689658044473e-02
-3.184570922065890070e-02
-3.246527646959650876e-02
-3.291887944207810140e-02
-3.319970780260769749e-02
-3.330225548766777011e-02
-3.322242204479363553e-02
-3.295759818507074113e-02
-3.250673360792787070e-02
-3.187038548679613920e-02
-3.105074624515692314e-02
-3.005164964547936066e-02
-2.887855427167287936e-02
-2.753850451754760037e-02
-2.604006865688732186e-02
-2.439325505588646470e-02
-2.260940742534075024e-02
-2.070107924415364939e-02
-1.868189281610800959e-02
-1.656638042126269347e-02
-1.436981373841443935e-02
-1.210802304122227287e-02
-9.797209501932673675e-03
-7.453753907097927615e-03
-5.094025127180704625e-03
-2.734191633341977352e-03
-3.900393874336238764e-04
1.923201083322633766e-03
4.191014635197162080e-03
6.399748368135894407e-03
8.536739918792578263e-03
1.059042820779982665e-02
1.255044397176076874e-02
1.440767960009558049e-02
1.615433783946448876e-02
1.778395919116856558e-02
1.929142856241748347e-02
2.067296194779853075e-02
2.192607402532159230e-02
2.304952822645239818e-02
2.404327079996899236e-02
2.490835067162741612e-02
2.564682702788343219e-02
2.626166664721688027e-02
2.675663305667818834e-02
2.713616959443481205e-02
2.740527855527877948e-02
2.756939814929355859e-02
2.763427982338170427e-02
2.760586705339798316e-02
2.749017822682377210e-02
2.729319447138205817e-02
2.702075468718944870e-02
2.667845867397490925e-02
2.627157988775631961e-02
2.580498884978906643e-02
2.528308823816753301e-02
2.470976027826280591e-02
2.408832734371331788e-02
2.342152595863175243e-02
2.271149449781522181e-02
2.195977480925879674e-02
2.116732743522926896e-02
2.033456013463541892e-02
1.946136927406445088e-02
1.854719340558230040e-02
1.759107696230413284e-02
1.659174595039605848e-02
1.554769029505229626e-02
1.445725443128021738e-02
1.998225107083732160e-02
1.866588608605487809e-02
1.728214660648486750e-02
1.582435667439725108e-02
1.428622548925294160e-02
1.266205865431742177e-02
1.094696333448310840e-02
9.137043083311103750e-03
7.229580632665468833e-03
5.223201286081607421e-03
3.118019179846488916e-03
9.157598219137363287e-04
-1.380141796912144440e-03
-3.764469584041414078e-03
-6.230182694767804827e-03
-8.768400710849498167e-03
-1.136841838523362444e-02
-1.401774979624724818e-02
-1.670220192976844611e-02
-1.940597678934059128e-02
-2.211180119967663671e-02
-2.480108287088135521e-02
-2.745409119927839578e-02
-3.005016081944590634e-02
-3.256791579703691153e-02
-3.498551203968166406e-02
-3.728089528985746581e-02
-3.943207174659362629e-02
-4.141738824214113296e-02
-4.321581849356100069e-02
-4.480725191808467706e-02
-4.617278104851771370e-02
-4.729498345914884966e-02
-4.815819401260219151e-02
-4.874876286721764596e-02
-4.905529477082272438e-02
-4.906886503635876640e-02
-4.878320770725767114e-02
-4.819487145972005393e-02
-4.730333942619773663e-02
-4.611110883993691650e-02
-4.462372791133339955e-02
-4.284978717238761142e-02
-4.080086382834836878e-02
-3.849141847279762690e-02
-3.593864459199099665e-02
-3.316227219740788129e-02
-3.018432846605233547e-02
-2.702885933400508978e-02
-2.372161414135750407e-02
-2.028970614220652197e-02
-1.676124596059431343e-02
-1.316496227241517256e-02
-9.529814521403286165e-03
-5.884605924050108350e-03
-2.257604537056704525e-03
1.323820506488664235e-03
4.833538346024089660e-03
8.246970760851046398e-03
1.154136850250462275e-02
1.469605093416763431e-02
1.769260336214906193e-02
2.051503022470045623e-02
2.314986305337560918e-02
2.558622318549784794e-02
2.781584022146156923e-02
2.983302806050416520e-02
3.163462114431263295e-02
3.321987421754701159e-02
3.459032920019792373e-02
3.574965332948728397e-02
3.670345290046574116e-02
3.745906677849958344e-02
3.802534423255603951e-02
3.841241124246173866e-02
3.863142941308878725e-02
3.869435138866250679e-02
3.861367642965717051e-02
3.840220956428867100e-02
3.807282747174937920e-02
3.763825400330193111e-02
3.711084800525062816e-02
3.650240587495050953e-02
3.582398107696230238e-02
3.508572257737500172e-02
3.429673405814914755e-02
3.346495542430487358e-02
3.259706799671049926e-02
3.169842451159746860e-02
3.077300479909998027e-02
2.982339770352053498e-02
2.885080957167554874e-02
2.785509919910634374e-02
2.683483883615773655e-02
2.578740053460696832e-02
2.470906634663895887e-02
2.359516117720379322e-02
2.244020628768301009e-02
2.123808895696467289e-02
1.998225107083922980e-02
2.535637709528560865e-02
2.401829287642295169e-02
2.259671121938585173e-02
2.107711180961043679e-02
1.944550092031461716e-02
1.768877693265173343e-02
1.579508560670934980e-02
1.375416032761328337e-02
1.155763643520630116e-02
9.199340350749277140e-03
6.675543493234736836e-03
3.985178634613980100e-03
1.130014589408883828e-03
-1.885213283350206529e-03
-5.052718957382185128e-03
-8.361629164887840124e-03
-1.179799457895726149e-02
-1.534484870181196045e-02
-1.898231356276885301e-02
-2.268775067837981024e-02
-2.643595565607626680e-02
-3.019939392499041211e-02
-3.394847549890782357e-02
-3.765186568033694614e-02
-4.127682865248580996e-02
-4.478960124293347722e-02
-4.815579264535222587e-02
-5.134080691848669220e-02
-5.431028437485207333e-02
-5.703055641678785037e-02
-5.946911027219568130e-02
-6.159505711231831604e-02
-6.337959847459542773e-02
-6.479648384183650522e-02
-6.582245262589801749e-02
-6.643765292663506017e-02
-6.662602865009668862e-02
-6.637566716908961661e-02
-6.567909852531013393e-02
-6.453353779976693516e-02
-6.294106307140215351e-02
-6.090872116013654886e-02
-5.844855525670916707e-02
-5.557754960948507739e-02
-5.231748805685375314e-02
-4.869472563124115777e-02
-4.473987445784250588e-02
-4.048740756999977958e-02
-3.597518680095097843e-02
-3.124392430004313548e-02
-2.633658418150707642e-02
-2.129774706929824998e-02
-1.617293868353929590e-02
-1.100794747478694643e-02
-5.848143175713805576e-03
-7.378120622029676196e-04
4.280473112924895913e-03
9.166442635021353549e-03
1.388265608105897914e-02
1.839496328968804467e-02
2.267288927443190591e-02
2.668993836671705241e-02
3.042381467332138864e-02
3.385655862119058002e-02
3.697460139408801499e-02
3.976874101046184301e-02
4.223404545087286466e-02
4.436968949954894076e-02
4.617873287914632530e-02
4.766784786840404242e-02
4.884700448190733985e-02
4.972912250225267061e-02
5.032969690450588701e-02
5.066640588414107749e-02
5.075870765162861231e-02
5.062743276961602368e-02
5.029437778149441901e-02
4.978190539149305455e-02
4.911255553887907549e-02
4.830867162155789291e-02
4.739204550238747260e-02
4.638358402957871995e-02
4.530300069417979997e-02
4.416853433125399186e-02
4.299669801011881537e-02
4.180206004733653252e-02
4.059705942942869183e-02
3.939185791705288042e-02
3.819423045534288408e-02
3.700949571746449396e-02
3.584048811265187762e-02
3.468757217882833394e-02
3.354869994904593339e-02
3.241951121946299447e-02
3.129347597226843358e-02
3.016207757135854275e-02
2.901503458792707019e-02
2.784055823514609840e-02
2.662564210776570753e-02
2.535637709528737113e-02
3.056906760764437070e-02
2.936855076184593030e-02
2.807015262244574177e-02
2.664868202833100067e-02
2.507962494901584682e-02
2.333971413475447246e-02
2.140748568703479057e-02
1.926380547408158492e-02
1.689236372859493837e-02
1.428012227471664626e-02
1.141770907178578376e-02
8.299753072889930194e-03
4.925154199588235859e-03
1.297284919827332468e-03
-2.575878788714684037e-03
-6.681697827661023381e-03
-1.100288130655368950e-02
-1.551756729189388007e-02
-2.019947070157263047e-02
-2.501809534103216839e-02
-2.993900678161890913e-02
-3.492416211835432799e-02
-3.993229342845414781e-02
-4.491934060645100951e-02
-4.983892973550428651e-02
-5.464289443562010684e-02
-5.928183459856451593e-02
-6.370571036779523744e-02
-6.786446633536075135e-02
-7.170868199921628938e-02
-7.519024244490311870e-02
-7.826302440470912780e-02
-8.088358906191807363e-02
-8.301187527104246511e-02
-8.461188126608873428e-02
-8.565232531469786637e-02
-8.610727201319783031e-02
-8.595671123202333619e-02
-8.518707336061989710e-02
-8.379166774042855204e-02
-8.177102706171118784e-02
-7.913314369290636030e-02
-7.589358456039332901e-02
-7.207547279379913907e-02
-6.770932761141065792e-02
-6.283275790322812027e-02
-5.749000819036325510e-02
-5.173136149588329624e-02
-4.561240771171652664e-02
-3.919319152647226384e-02
-3.253725929959996183e-02
-2.571062251794078643e-02
-1.878067600645640101e-02
-1.181508275749083153e-02
-4.880665978026209675e-03
1.957663323182434485e-03
8.637925659019166785e-03
1.510200036513318148e-02
2.129644997208225352e-02
2.717322112939100573e-02
3.269021020864369687e-02
3.781168694921611950e-02
4.250857378851775198e-02
4.675858344187760335e-02
5.054622131290482240e-02
5.386266253879243987e-02
5.670551613616790082e-02
5.907849045533711263e-02
6.099097546949287796e-02
6.245755722690667783e-02
6.349747921705889420e-02
6.413406597235374318e-02
6.439412165208641126e-02
6.430731506038529777e-02
6.390556183553136593e-02
6.322241205948160581e-02
6.229245119041924850e-02
6.115071889130195559e-02
5.983215214359259571e-02
5.837105509187125868e-02
5.680059954348921220e-02
5.515235858342204533e-02
5.345587594580507307e-02
5.173827320136906854e-02
5.002389784262249728e-02
4.833401446611062385e-02
4.668654188830658608e-02
4.509583962026490755e-02
4.357254646488178951e-02
4.212347447891029439e-02
4.075156135071637126e-02
3.945588357379394007e-02
3.823173263349559370e-02
3.707075530441132638e-02
3.596115834073040918e-02
3.488797650882936863e-02
3.383340169491635269e-02
3.277716931242441456e-02
3.169699673797106432e-02
3.056906760764632747e-02
3.560328974243790606e-02
3.470639007279859023e-02
3.369925867499687366e-02
3.254296050631595022e-02
3.119939492154255936e-02
2.963213441075435509e-02
2.780723164774356188e-02
2.569399631357184924e-02
2.326571207145400680e-02
2.050028533530399641e-02
1.738081326008518099e-02
1.389606148492761317e-02
1.004084524183889750e-02
5.816309646584591833e-03
1.230107635313222418e-03
-3.703523625854480451e-03
-8.963785304107104238e-03
-1.452343434562114108e-02
-2.034899058317675771e-02
-2.640102744878998486e-02
-3.263454039552991098e-02
-3.899938711755615572e-02
-4.544079350156064734e-02
-5.189992087923108594e-02
-5.831448956705061193e-02
-6.461945550380360226e-02
-7.074773704286110854e-02
-7.663098848821787989e-02
-8.220041838822672586e-02
-8.738764931442433159e-02
-9.212561548911143983e-02
-9.634949318645483207e-02
-9.999765771831799210e-02
-1.030126568705601597e-01
-1.053421913095424489e-01
-1.069400850327988234e-01
-1.077672310315051368e-01
-1.077924887757706895e-01
-1.069935130265003143e-01
-1.053574860591473678e-01
-1.028817280036544990e-01
-9.957415697322966053e-02
-9.545357370265300512e-02
-9.054974570946448809e-02
-8.490327340744303897e-02
-7.856522289036145523e-02
-7.159651960803815884e-02
-6.406710548627356228e-02
-5.605487011397489172e-02
-4.764437714628464576e-02
-3.892541713960071675e-02
-2.999141669351432921e-02
-2.093776857552525142e-02
-1.186010381516187061e-02
-2.852584689780016114e-03
5.993758029120372852e-03
1.459256874689587348e-02
2.286356863204610373e-02
3.073377220725916070e-02
3.813849350471848476e-02
4.502212479796859068e-02
5.133867946018860068e-02
5.705210133223744678e-02
6.213634884892263455e-02
6.657527107581255599e-02
7.036229665957137447e-02
7.349996115040637046e-02
7.599929979572442318e-02
7.787913352515918319e-02
7.916527505318575464e-02
7.988968015315191240e-02
8.008956700554435704e-02
7.980652208089182575e-02
7.908561058511462405e-02
7.797450221815092897e-02
7.652262434534670699e-02
7.478034809142963812e-02
7.279821315272046178e-02
7.062619411643068779e-02
6.831301008322838986e-02
6.590547857411598043e-02
6.344791442661110170e-02
6.098157432573395736e-02
5.854414796080045780e-02
5.616929800955576535e-02
5.388625100974539506e-02
5.171944337810920750e-02
4.968822614688766376e-02
4.780663427303889074e-02
4.608322567279384691e-02
4.452099617371942791e-02
4.311737574094304248e-02
4.186431122475854638e-02
4.074843957880336376e-02
3.975135398873427123e-02
3.884996363102406064e-02
3.801694528207553297e-02
3.722128271791676213e-02
3.642888706123688369e-02
3.560328974244160449e-02
4.043493409826956486e-02
4.001830088941148861e-02
3.948148714784440599e-02
3.876839710675209633e-02
3.782393148222391865e-02
3.659516742550355389e-02
3.503249917577109379e-02
3.309072093472174847e-02
3.073002697508747660e-02
2.791690849045433756e-02
2.462493055601136863e-02
2.083537652912976698e-02
1.653775207895283664e-02
1.173014533062832071e-02
6.419443274882250146e-03
6.214087903606796241e-04
-5.639374884728577675e-03
-1.232968360054149254e-02
-1.940794473381581703e-02
-2.682463272894362524e-02
-3.452275607651417166e-02
-4.243842709261810148e-02
-5.050150541348211869e-02
-5.863630883038606356e-02
-6.676238661098482519e-02
-7.479535213501059543e-02
-8.264777426357705625e-02
-9.023012628601395635e-02
-9.745179487510877148e-02
-1.042221488268961216e-01
-1.104516688172664379e-01
-1.160531368598415602e-01
-1.209428819948691058e-01
-1.250420753649605088e-01
-1.282780632961568745e-01
-1.305857220062745239e-01
-1.319088119043807239e-01
-1.322013028307548188e-01
-1.314286364840450971e-01
-1.295688862273833286e-01
-1.266137703170601980e-01
-1.225694720276741673e-01
-1.174572200104678360e-01
-1.113135843068648878e-01
-1.041904486884719511e-01
-9.615462960331555564e-02
-8.728712197583333998e-02
-7.768196871773831724e-02
-6.744476517141549665e-02
-5.669082746298528819e-02
-4.554307264592277749e-02
-3.412966233794133275e-02
-2.258150717079832753e-02
-1.102968143965774028e-02
3.971324055414225110e-04
1.157511672959975202e-02
2.238759652685350793e-02
3.272707531827799554e-02
4.249696451141042608e-02
5.161296717381665816e-02
6.000409317840840751e-02
6.761330111486764383e-02
7.439777555514898166e-02
8.032886484213565270e-02
8.539171222649549753e-02
8.958462407119376081e-02
9.291821992052073931e-02
9.541441374255318908e-02
9.710527199740422166e-02
9.803179212312213009e-02
9.824264009660575725e-02
9.779287946180717506e-02
9.674271828485980773e-02
9.515629428054259153e-02
9.310051203137560683e-02
9.064394224331158434e-02
8.785578603503169104e-02
8.480490696878362211e-02
8.155892849098796138e-02
7.818339398217254155e-02
7.474098565793214910e-02
7.129079872028291909e-02
6.788766779667802787e-02
6.458154415768072032e-02
6.141692390378467037e-02
5.843232934365059222e-02
5.565984781722734670e-02
5.312473444208637430e-02
5.084508689078481164e-02
4.883160196145340526e-02
4.708742448784370566e-02
4.560809947012661736e-02
4.438163779545521020e-02
4.338870463232387398e-02
4.260293738997000118e-02
4.199139727715999609e-02
4.151515486749168815e-02
4.113000591299832698e-02
4.078730924183576745e-02
4.043493409826721952e-02
4.503201821392494725e-02
4.528710859611800865e-02
4.541492848651070696e-02
4.533834233376582423e-02
4.498137628373866798e-02
4.427084169618421966e-02
4.313789207636951201e-02
4.151949622208643553e-02
3.935978936511897591e-02
3.661127248437821835e-02
3.323583658240273492e-02
2.920559599863412764e-02
2.450352172486494964e-02
1.912387321808482407e-02
1.307243334157393889e-02
6.366556517945687853e-03
-9.649557047817885732e-04
-8.882134723850932181e-03
-1.733426203381370836e-02
-2.626040532711318432e-02
-3.559005533870962523e-02
-4.524384945088668480e-02
-5.513436842418437817e-02
-6.516699847839767246e-02
-7.524085260000402953e-02
-8.524975047551335006e-02
-9.508325839741771368e-02
-1.046277946151723537e-01
-1.137678074463275291e-01
-1.223870335723157565e-01
-1.303698467532633798e-01
-1.376027018996200946e-01
-1.439756793512277921e-01
-1.493841291785718006e-01
-1.537304067031820265e-01
-1.569256849037143631e-01
-1.588918180509236444e-01
-1.595632216086499133e-01
-1.588887204452074653e-01
-1.568333085793059689e-01
-1.533797530680641730e-01
-1.485299665702523586e-01
-1.423060704971812196e-01
-1.347510707753069303e-01
-1.259290730012893877e-01
-1.159249779630788096e-01
-1.048436137608985130e-01
-9.280828574975730216e-02
-7.995875195518188649e-02
-6.644866223480840051e-02
-5.244253238924054955e-02
-3.811232825518198059e-02
-2.363383114967989793e-02
-9.182846205102164136e-03
5.068530483717817448e-03
1.895551773555776212e-02
3.232392500460769258e-02
4.503303863836968790e-02
5.695801095633470229e-02
6.799169806694128904e-02
7.804591978209585168e-02
8.705214318403975415e-02
9.496161925116422542e-02
1.017450219686829582e-01
1.073916568191537607e-01
1.119083140879743449e-01
1.153178475688356047e-01
1.176575573782794731e-01
1.189774508546347781e-01
1.193384472632997989e-01
1.188105811164698461e-01
1.174712483444285832e-01
1.154035272997584738e-01
1.126945981153944926e-01
1.094342707943350007e-01
1.057136274562167216e-01
1.016237777028465294e-01
9.725471802179048997e-02
9.269428708570508213e-02
8.802720527416200980e-02
8.333418533216051249e-02
7.869110571079571126e-02
7.416823557400509248e-02
6.982950729405440482e-02
6.573183287247667816e-02
6.192446605703556123e-02
5.844841541604706842e-02
5.533591733065849894e-02
5.260998181047513156e-02
5.028402677332159676e-02
4.836161870031833315e-02
4.683633871384344088e-02
4.569179294552021264e-02
4.490178462438743773e-02
4.443066239942096429e-02
4.423385514441742494e-02
4.425859765960386133e-02
4.444484567023381655e-02
4.472637067982686288e-02
4.503201821391931287e-02
4.935367136152769146e-02
5.049148819582040260e-02
5.149837216052784161e-02
5.227165270108018874e-02
5.271001722481293700e-02
5.271567163999462541e-02
5.219643128905154111e-02
5.106768473518241008e-02
4.925417939188581062e-02
4.669158667090259063e-02
4.332781535484644952e-02
3.912405279572478412e-02
3.405552588782378987e-02
2.811198420470274739e-02
2.129791763213332786e-02
1.363252860072761315e-02
5.149484934695386373e-03
-4.103517489253731380e-03
-1.406535146284863813e-02
-2.466218361311974319e-02
-3.580830419600658510e-02
-4.740703331137644666e-02
-5.935168990113660198e-02
-7.152660963340336242e-02
-8.380820713242083386e-02
-9.606608286502327232e-02
-1.081641822119390889e-01
-1.199620193110950694e-01
-1.313159821916435877e-01
-1.420807384143692453e-01
-1.521107639706008041e-01
-1.612620140012240577e-01
-1.693937529630588634e-01
-1.763705564905140022e-01
-1.820644861441500506e-01
-1.863574281701181612e-01
-1.891435737265939609e-01
-1.903319987692253801e-01
-1.898492830698147449e-01
-1.876420906298509328e-01
-1.836796151058500970e-01
-1.779557705193288153e-01
-1.704910080259783023e-01
-1.613336235850798828e-01
-1.505604337924086045e-01
-1.382767071549377558e-01
-1.246152640041350151e-01
-1.097346972039311558e-01
-9.381670654943692622e-02
-7.706259316363152367e-02
-5.968901102114902019e-02
-4.192312221217539547e-02
-2.399734366577007186e-02
-6.143902591887693936e-03
1.141056868045230155e-02
2.845017026472316732e-02
4.477439638876621469e-02
6.020214555403811257e-02
7.457494982925777505e-02
8.775934296791497446e-02
9.964834057001713263e-02
1.101620537056862276e-01
1.192475015518031228e-01
1.268777177411543333e-01
1.330502717031329663e-01
1.377853335967023640e-01
1.411234150996475423e-01
1.431229087820609647e-01
1.438575403073455716e-01
1.434138226667758531e-01
1.418885905344283438e-01
1.393866675098305030e-01
1.360187028375468843e-01
1.318991970888347964e-01
1.271447207222067000e-01
1.218723217885653159e-01
1.161981061633561713e-01
1.102359708472941124e-01
1.040964664284659141e-01
9.788576563430258226e-02
9.170471176191877238e-02
8.564792896831925628e-02
7.980297469670424859e-02
7.424952391927432116e-02
6.905857677426438523e-02
6.429169253763337977e-02
6.000025268595526179e-02
5.622476838870669319e-02
5.299425083111111018e-02
5.032566833486964292e-02
4.822351916995479965e-02
4.667955086215513222e-02
4.567265786094950458e-02
4.516898805022503266e-02
4.512228433380516268e-02
4.547448217187304020e-02
4.615657492541729023e-02
4.708974922894550164e-02
4.818678106407835865e-02
4.935367136153130663e-02
5.334889919715789935e-02
5.560547214238215769e-02
5.773153207086256788e-02
5.959364052896816422e-02
6.105991662275212645e-02
6.200290292819056470e-02
6.230233045969414685e-02
6.184769884891299502e-02
6.054059852120461521e-02
5.829671598707458768e-02
5.504748027052241283e-02
5.074132654443726936e-02
4.534457107169052870e-02
3.884190810350484496e-02
3.123655353382085928e-02
2.255007130757026926e-02
1.282192630786082102e-02
2.108811240826280291e-03
-9.516203919888109250e-03
-2.196465387444394152e-02
-3.513375097353698545e-02
-4.890751453259265663e-02
-6.315793222586238431e-02
-7.774613751646235194e-02
-9.252359711814552024e-02
-1.073333145501928348e-01
-1.220110613390005261e-01
-1.363866608176620143e-01
-1.502853529698568447e-01
-1.635292778792913071e-01
-1.759391151649871143e-01
-1.873359208142016397e-01
-1.975432004707727562e-01
-2.063892481518189714e-01
-2.137097742067557149e-01
-2.193508278645673326e-01
-2.231719972812918618e-01
-2.250498523996567191e-01
-2.248815523797860483e-01
-2.225885276049092143e-01
-2.181200882091954285e-01
-2.114568011687973648e-01
-2.026134398239168577e-01
-1.916412987090585218e-01
-1.786296641237917204e-01
-1.637062439095751942e-01
-1.470363972350087756e-01
-1.288210563438439427e-01
-1.092933041407770089e-01
-8.871365470181263868e-02
-6.736417151608474485e-02
-4.554164362410387246e-02
-2.355011234745548604e-02
-1.693092420216265855e-03
1.973414348060450671e-02
4.045185289183313160e-02
6.020235527492628219e-02
7.875553717255469321e-02
9.591313849822769022e-02
1.115117152765837394e-01
1.254242614670463829e-01
1.375605527228956071e-01
1.478663406892890553e-01
1.563215729247099950e-01
1.629378447001239016e-01
1.677552932579060574e-01
1.708391430164364899e-01
1.722760875272647263e-01
1.721706694412224736e-01
1.706417811743244639e-01
1.678193843863616530e-01
1.638415082991137861e-01
1.588515575119638368e-01
1.529959417278857203e-01
1.464220143442112598e-01
1.392762956595520740e-01
1.317029464616882861e-01
1.238424491525990101e-01
1.158304560384764148e-01
1.077967595634566345e-01
9.986434538999645893e-02
9.214849439839992162e-02
8.475590372940099149e-02
7.778380726200458117e-02
7.131908309856412054e-02
6.543734635387961351e-02
6.020203449084659403e-02
5.566350303577773107e-02
5.185815898426221482e-02
4.880766757197839423e-02
4.651827588945450093e-02
4.498030100441986756e-02
4.416783331518986389e-02
4.403870450389360536e-02
4.453476505157914767e-02
4.558250783919827465e-02
4.709406256837022492e-02
4.896857052436283386e-02
5.109393188500801347e-02
5.334889919715804507e-02
5.695510754337648751e-02
6.059790166293412689e-02
6.411549348357822864e-02
6.733746903894215208e-02
7.009519669345114223e-02
7.222559578637399724e-02
7.357475867090675081e-02
7.400130555681848354e-02
7.337936868783409561e-02
7.160112393072894099e-02
6.857881630723092203e-02
6.424625155137904386e-02
5.855975441034135670e-02
5.149861798429256760e-02
4.306508885198413045e-02
3.328394777613923050e-02
2.220175577719161325e-02
9.885839127594409428e-03
-3.576913533894431410e-03
-1.808137571850827394e-02
-3.350556681321112396e-02
-4.971205186247715929e-02
-6.654931973953649715e-02
-8.385312036316283635e-02
-1.014477566636637768e-01
-1.191473377873421696e-01
-1.367570192422987441e-01
-1.540742632791229083e-01
-1.708901689304620775e-01
-1.869909269740780977e-01
-2.021594646528345196e-01
-2.161773483782529759e-01
-2.288270122082291524e-01
-2.398943755406393319e-01
-2.491719010555178693e-01
-2.564621308571754521e-01
-2.615817000278091720e-01
-2.643658082691266453e-01
-2.646730748729994587e-01
-2.623906524524452499e-01
-2.574394264762166484e-01
-2.497790637333238140e-01
-2.394126291984421950e-01
-2.263904502184560796e-01
-2.108128860744726274e-01
-1.928316802121551876e-01
-1.726496041612853860e-01
-1.505181866658429068e-01
-1.267334270350376213e-01
-1.016295269611480062e-01
-7.557082274329117444e-02
-4.894224242858698226e-02
-2.213873901468638508e-02
4.445760005601605107e-03
3.042930289030271879e-02
5.545218809910264918e-02
7.918604861518421800e-02
1.013413336447230029e-01
1.216729101748714043e-01
1.399836526606961506e-01
1.561260351016143799e-01
1.700018663338035418e-01
1.815604074177081806e-01
1.907951806188936117e-01
1.977398013445314517e-01
2.024631800964654949e-01
2.050643966732963730e-01
2.056675276810117914e-01
2.044166382212249111e-01
2.014711013386489002e-01
1.970013580090966832e-01
1.911851687267084321e-01
1.842043813628993498e-01
1.762421987191932216e-01
1.674809041905726270e-01
1.580999960867888743e-01
1.482746585849176735e-01
1.381745042396320677e-01
1.279625154821351918e-01
1.177941191417578720e-01
1.078163342643137096e-01
9.816693837993922811e-02
8.897361273565937423e-02
8.035303281290190336e-02
7.240988637678871798e-02
6.523581462252887875e-02
5.890828271812306727e-02
5.348940625326285836e-02
4.902476903004440723e-02
4.554228368528988324e-02
4.305115776138260936e-02
4.154103651783019879e-02
4.098139882285887353e-02
4.132128334983461299e-02
4.248941652318900808e-02
4.439480412929689562e-02
4.692783003597757185e-02
4.996188509825855162e-02
5.335552248674271802e-02
5.695510754337493320e-02
6.009635716619031454e-02
6.543193482363400537e-02
7.065346435800139158e-02
7.554612839917243527e-02
7.989715803546444672e-02
8.350076033985895374e-02
8.616283224299231547e-02
8.770529135104181140e-02
8.796987396503794243e-02
8.682129476559587167e-02
8.414969516759419899e-02
7.987235477845575082e-02
7.393467698806956145e-02
6.631049691361259879e-02
5.700178583738003263e-02
4.603784776432858633e-02
3.347411461761246737e-02
1.939064853902805474e-02
3.890459100251733755e-03
-1.290227124903785272e-02
-3.084396787175774923e-02
-4.977339008123718433e-02
-6.951325442128769572e-02
-8.987173025027000994e-02
-1.106438036949605325e-01
-1.316125229159089138e-01
-1.525501600500027144e-01
-1.732193400269291250e-01
-1.933742060050713807e-01
-2.127617021568855293e-01
-2.311230720057101395e-01
-2.481956742092951695e-01
-2.637152253136745839e-01
-2.774185798890064225e-01
-2.890471439797088204e-01
-2.983510048328398279e-01
-3.050938229617227715e-01
-3.090584977385824050e-01
-3.100535383723447280e-01
-3.079200213234444816e-01
-3.025389091690851018e-01
-2.938384204661482202e-01
-2.818010490503097265e-01
-2.664697528505456381e-01
-2.479527821430522749e-01
-2.264266096486764468e-01
-2.021364745225469883e-01
-1.753941501947491599e-01
-1.465727195974766972e-01
-1.160983483293039908e-01
-8.443928779551516939e-02
-5.209258639957767278e-02
-1.956919526917448235e-02
1.262168718382474832e-02
4.398811315852773490e-02
7.406982275985984909e-02
1.024508198173806062e-01
1.287694651782810562e-01
1.527256907247274975e-01
1.740851815336724451e-01
1.926806139060781575e-01
2.084102292970206327e-01
2.212341724795952036e-01
2.311691142246266872e-01
2.382816938408086060e-01
2.426813082976016778e-01
2.445127053631572234e-01
2.439487568780925597e-01
2.411836982271345908e-01
2.364270255780653307e-01
2.298981615801789502e-01
2.218219260262976333e-01
2.124247951995899275e-01
2.019318959636222932e-01
1.905646461595564001e-01
1.785389414735492342e-01
1.660637828305104591e-01
1.533402324728631028e-01
1.405605966505744098e-01
1.279077375230562863e-01
1.155544296060064396e-01
1.036626864938686859e-01
9.238299879535666337e-02
8.185343941024744718e-02
7.219860844063930028e-02
6.352840895893120676e-02
5.593666094085875118e-02
4.949958595440270143e-02
4.427421065151149193e-02
4.029675769278629610e-02
3.758111365273596877e-02
3.611747398028845174e-02
3.587127845662396730e-02
3.678255165879798505e-02
3.876575975992772177e-02
4.171028089585091664e-02
4.548156390174869224e-02
4.992301873058672956e-02
5.485864470314404107e-02
6.009635716619306234e-02
6.268132357460740045e-02
7.006460394006573666e-02
7.735195699909087896e-02
8.427518966392967548e-02
9.056849109703572764e-02
9.597485311239077610e-02
1.002521811260150414e-01
1.031788518872239768e-01
1.045585161226342541e-01
1.042239986050233491e-01
1.020402094583694741e-01
9.790604368198865814e-02
9.175530236999963896e-02
8.355671907678910437e-02
7.331321240483143487e-02
6.106050924511172845e-02
4.686529712497884692e-02
3.082306296744620824e-02
1.305576712433199546e-02
-6.290515423157600969e-03
-2.704787631690733218e-02
-4.902869373539264775e-02
-7.202753117614678346e-02
-9.582278782414339890e-02
-1.201780917397755888e-01
-1.448434621653153509e-01
-1.695562845300707944e-01
-1.940421688740793238e-01
-2.180157841168185728e-01
-2.411817805915479895e-01
-2.632359333824235148e-01
-2.838666557973577587e-01
-3.027570462714189170e-01
-3.195876336517048943e-01
-3.340399925551318927e-01
-3.458013785803056295e-01
-3.545705026844752639e-01
-3.600645141860132070e-01
-3.620271811588322008e-01
-3.602381523270526964e-01
-3.545230568087960332e-01
-3.447640435550054505e-01
-3.309102091422517211e-01
-3.129872182220979626e-01
-2.911053049835530815e-01
-2.654647992932124834e-01
-2.363583585285547184e-01
-2.041692208311564893e-01
-1.693650433890488693e-01
-1.324872164820411757e-01
-9.413594228671225139e-02
-5.495176257409644521e-02
-1.559458367995187993e-02
2.327849216220054598e-02
6.103508952268850429e-02
9.708782404747862138e-02
1.309116719655479266e-01
1.620575094870337629e-01
1.901612687641038857e-01
2.149485554569366408e-01
2.362349583571269340e-01
2.539225800074762507e-01
2.679935331977920665e-01
2.785012473379113174e-01
2.855604373439198929e-01
2.893365177063782490e-01
2.900351216067206250e-01
2.878922186188916932e-01
2.831651946736447600e-01
2.761250900703339783e-01
2.670500822452148704e-01
2.562202002827786984e-01
2.439131873247399607e-01
2.304013865151270934e-01
2.159494936507831142e-01
2.008130154034808157e-01
1.852372629652121738e-01
1.694567295070880386e-01
1.536947030271411663e-01
1.381629834167203141e-01
1.230615914485472390e-01
1.085783706581013308e-01
9.488840678715677879e-02
8.215320246213016209e-02
7.051957068976918985e-02
6.011823137361199665e-02
5.106211960999119948e-02
4.344444087578044206e-02
3.733653675113787762e-02
3.278565199344242453e-02
2.981272144874645355e-02
2.841031825432727143e-02
2.854092318953932797e-02
3.013568273614111379e-02
3.309382278297417351e-02
3.728286745231017968e-02
4.253978407589812522e-02
4.867313103691997545e-02
5.546623038665603189e-02
6.268132357461314585e-02
6.460090615954201809e-02
7.444648769038819669e-02
8.422254623732546019e-02
9.359657838652953032e-02
1.022389065060125002e-01
1.098310311215803803e-01
1.160735327571782161e-01
1.206931796478278168e-01
1.234489633534019554e-01
1.241368672044352583e-01
1.225932662133995821e-01
1.186969467304954118e-01
1.123698184673420780e-01
1.035764569473739960e-01
9.232266519817007577e-02
7.865326999772859207e-02
6.264938073626800941e-02
4.442533185007088714e-02
2.412551190193795367e-02
1.921255030489409576e-03
-2.199206278364361500e-02
-4.739761519539465590e-02
-7.405933555932717183e-02
-1.017237072639698564e-01
-1.301211383734321159e-01
-1.589669444620067928e-01
-1.879620046669562838e-01
-2.167931780977029599e-01
-2.451336012014555810e-01
-2.726430060377617037e-01
-2.989682408459392038e-01
-3.237441881547575284e-01
-3.465953081297089566e-01
-3.671380566775463428e-01
-3.849844334001568669e-01
-3.997469190011045947e-01
-4.110450346711300718e-01
-4.185137002380836524e-01
-4.218134814335501859e-01
-4.206426752124917123e-01
-4.147509854657100425e-01
-4.039543313485092213e-01
-3.881500510207238630e-01
-3.673315163205346234e-01
-3.416009427278606791e-01
-3.111790625443107139e-01
-2.764103034594831976e-01
-2.377623169727690611e-01
-1.958190216038633580e-01
-1.512668673932547614e-01
-1.048746397002553038e-01
-5.746778850136795985e-02
-9.898868582908859973e-03
3.698388417074431611e-02
8.236759410698885064e-02
1.255032044234613564e-01
1.657294490443483037e-01
2.024909440456523213e-01
2.353496242252648141e-01
2.639894252490124771e-01
2.882146973770779441e-01
3.079433137973169310e-01
3.231957235011070351e-01
3.340813092438486565e-01
3.407833713934853570e-01
3.435438795196028572e-01
3.426489082606263836e-01
3.384153988030810245e-01
3.311796429335333580e-01
3.212876727234149632e-01
3.090875512848594853e-01
2.949234648191211283e-01
2.791314100502892415e-01
2.620362478520075755e-01
2.439498679490377520e-01
2.251702126918659064e-01
2.059809293962580057e-01
1.866514311459229192e-01
1.674371747698311375e-01
1.485799909137148211e-01
1.303083171175788146e-01
1.128372175662085836e-01
9.636808666785329214e-02
8.108796180572815093e-02
6.716839520012163334e-02
5.476385831938831300e-02
4.400968650119016501e-02
3.501960162015398115e-02
2.788289066412296541e-02
2.266135467208683224e-02
1.938618322573666675e-02
1.805494694674720027e-02
1.862892803595991159e-02
2.103102911915359294e-02
2.514450408124586922e-02
3.081273669082967154e-02
3.784025662126686007e-02
4.599512070276975950e-02
5.501271092782639149e-02
6.460090615954754145e-02
6.572542477065156097e-02
7.852156849298913555e-02
9.128441385368446515e-02
1.036037059362465151e-01
1.150726342169005462e-01
1.252986976267125574e-01
1.339139120313235787e-01
1.405838775930710050e-01
1.450153263731990827e-01
1.469618965858288384e-01
1.462280190170598682e-01
1.426709322763570209e-01
1.362009692854672382e-01
1.267803148544178748e-01
1.144205580980314912e-01
9.917932287237547773e-02
8.115630237976788341e-02
6.048901807268647346e-02
3.734855370867928848e-02
1.193550011366502003e-02
-1.552371313568680355e-02
-4.477996816907627020e-02
-7.556401253917793825e-02
-1.075883756171768929e-01
-1.405486539992596706e-01
-1.741242054548647056e-01
-2.079783258452961581e-01
-2.417580208520986595e-01
-2.750935113234114215e-01
-3.075976545293372388e-01
-3.388654941293282596e-01
-3.684741979843709769e-01
-3.959836810846495414e-01
-4.209382593241930426e-01
-4.428697065023687318e-01
-4.613021266536284637e-01
-4.757590312353471851e-01
-4.857729986660359045e-01
-4.908981667583441899e-01
-4.907256651558568605e-01
-4.849018210742187529e-01
-4.731486353057914318e-01
-4.552856068960156599e-01
-4.312515424066282743e-01
-4.011245669236302436e-01
-3.651382679760084571e-01
-3.236918083096871901e-01
-2.773520427675912892e-01
-2.268461657579772250e-01
-1.730442234391395551e-01
-1.169318136336085917e-01
-5.957438040510418947e-02
-2.075489345274017083e-03
5.446779133963112335e-02
1.090089183682929480e-01
1.605918971614543611e-01
2.083843847439704744e-01
2.517017896156314993e-01
2.900213209772621870e-01
3.229860034584935979e-01
3.503996290601035790e-01
3.722143038613953681e-01
3.885126822809865099e-01
3.994870144263754086e-01
4.054170517203282698e-01
4.066484219215045215e-01
4.035727289602829559e-01
3.966101504820140899e-01
3.861949168284943834e-01
3.727637563405267196e-01
3.567471451292088536e-01
3.385630678228569446e-01
3.186129208006876490e-01
2.972791579319377098e-01
2.749242913512011666e-01
2.518908925511581520e-01
2.285022703842994884e-01
2.050635453746647296e-01
1.818628834111004622e-01
1.591726819676508309e-01
1.372505337048681162e-01
1.163398270643224430e-01
9.666985885490575470e-02
7.845536931105705214e-02
6.189542855079535610e-02
4.717164047402546551e-02
3.444565977201987511e-02
2.385606198674036782e-02
1.551465593555020027e-02
9.502376151675885271e-03
5.864950747276696102e-03
4.608606824210483184e-03
5.696106063565074470e-03
9.043433329450322952e-03
1.451752428766806512e-02
2.193532847488158244e-02
3.106452033775614421e-02
4.162606010915055610e-02
5.329870365040732805e-02
6.572542477065060340e-02
6.590122139911355759e-02
8.222726661028974260e-02
9.856785053786984441e-02
1.144183020678614521e-01
1.292782877362690930e-01
1.426659638709782685e-01
1.541311655760162214e-01
1.632669578703906388e-01
1.697190322508993765e-01
1.731926226678212610e-01
1.734568320045601630e-01
1.703464388031052656e-01
1.637614013471651031e-01
1.536644506523120735e-01
1.400771647512130402e-01
1.230749847545287989e-01
1.027816253112265460e-01
7.936327466669476638e-02
5.302293682026613941e-02
2.399519957477747045e-02
-7.458357226043521235e-03
-4.105296620146799136e-02
-7.648359854337201391e-02
-1.134269779948192669e-01
-1.515426995190495285e-01
-1.904734974853428131e-01
-2.298447615857253934e-01
-2.692634229439437310e-01
-3.083163752353070275e-01
-3.465686356869078777e-01
-3.835615024657194061e-01
-4.188110151413571014e-01
-4.518070966347166317e-01
-4.820138279227452749e-01
-5.088713733230613157e-01
-5.318001740570875713e-01
-5.502080316137177851e-01
-5.635007439712433897e-01
-5.710968631913010407e-01
-5.724469596173891173e-01
-5.670574381657665919e-01
-5.545184618826769496e-01
-5.345348840736399154e-01
-5.069583419755511189e-01
-4.718179363948835081e-01
-4.293463306268712198e-01
-3.799978323263548119e-01
-3.244552214073041507e-01
-2.636227869655741185e-01
-1.986042595228011409e-01
-1.306659126300297458e-01
-6.118682415145269143e-02
8.400103663328255948e-03
7.667159102162926509e-02
1.422765164059542620e-01
2.039922936397595976e-01
2.607706326308903977e-01
3.117696075755088114e-01
3.563705877033440106e-01
3.941803212060205341e-01
4.250199424058648812e-01
4.489037314184423089e-01
4.660109831831312777e-01
4.766543876394214729e-01
4.812479220700660587e-01
4.802765971322028316e-01
4.742696788849197209e-01
4.637782352557403565e-01
4.493572952744627758e-01
4.315524557336611888e-01
4.108904726411306552e-01
3.878732481736995030e-01
3.629745682633841453e-01
3.366389700090246517e-01
3.092821738790990649e-01
2.812925940054227247e-01
2.530335133211394361e-01
2.248455753192724893e-01
1.970493157403059858e-01
1.699474868650819870e-01
1.438269915011258782e-01
1.189602508506849843e-01
9.560587257387392901e-02
7.400850627370082757e-02
5.439779674071204552e-02
3.698638164357198610e-02
2.196691580423187212e-02
9.508153224248720378e-03
-2.498202269919309383e-04
-7.201039465583866823e-03
-1.127955731046876783e-02
-1.246546361922222165e-02
-1.079061678555550373e-02
-6.343645039534684740e-03
7.263059167854086628e-04
1.020754117589691042e-02
2.182595940343155794e-02
3.524768515073962993e-02
5.008438266884103485e-02
6.590122139910875587e-02
6.494639597278631382e-02
8.549460571143248366e-02
1.061189053908473678e-01
1.261993664001008486e-01
1.451217145515250051e-01
1.622958102892068377e-01
1.771727140347400531e-01
1.892593930796244439e-01
1.981303708562266452e-01
2.034359156987164963e-01
2.049066691408530927e-01
2.023548913573064989e-01
1.956727163462598229e-01
1.848279684306272097e-01
1.698581661482262140e-01
1.508633362332835459e-01
1.279982669704713416e-01
1.014647080017870712e-01
7.150396493243542373e-02
3.839022991414562519e-02
2.424892374910567975e-03
-3.606800893250890205e-02
-7.674510868443376599e-02
-1.192457845547394424e-01
-1.631930079064386474e-01
-2.081930358722657304e-01
-2.538340549742140184e-01
-2.996839124910259944e-01
-3.452871143899137185e-01
-3.901613074846447815e-01
-4.337935258942415273e-01
-4.756365559785428188e-01
-5.151058563979680205e-01
-5.515776091449621221e-01
-5.843885826563576247e-01
-6.128386757665429396e-01
-6.361970999309572994e-01
-6.537133118264824017e-01
-6.646337358601250855e-01
-6.682252039533115306e-01
-6.638055873141736063e-01
-6.507814115740164773e-01
-6.286912524675815073e-01
-5.972524654238966502e-01
-5.564075504758241308e-01
-5.063653373530362378e-01
-4.476316071299695776e-01
-3.810238904668159510e-01
-3.076662092299770612e-01
-2.289614129797463149e-01
-1.465412370116847829e-01
-6.219694212212626555e-02
2.220408954674821245e-02
1.048085528814211159e-01
1.838660379342076379e-01
2.578084806766183790e-01
3.253135222906450852e-01
3.853471872754083427e-01
4.371839215533274703e-01
4.804047270078954934e-01
5.148764542482869855e-01
5.407169334072126077e-01
5.582513136813451737e-01
5.679649176770110719e-01
5.704570799769747014e-01
5.663992764200019847e-01
5.564995522460944866e-01
5.414741368103369590e-01
5.220261632019479459e-01
4.988308790218317634e-01
4.725263540741153068e-01
4.437086221119467266e-01
4.129302092211751818e-01
3.807011260164381850e-01
3.474915326530818027e-01
3.137354557014889744e-01
2.798350382120818325e-01
2.461649331330775514e-01
2.130765220268228954e-01
1.809017100456281613e-01
1.499560868350884313e-01
1.205412762559631007e-01
9.294632708002925625e-02
6.744800521125358939e-02
4.430988261861483479e-02
2.378013522287133336e-02
6.088009155578133838e-03
-8.561033480947536148e-03
-1.999140316685077065e-02
-2.806452912931152802e-02
-3.268677323648877531e-02
-3.381771546713939480e-02
-3.147826756758334565e-02
-2.575801339964188877e-02
-1.682106375364366205e-02
-4.909724782015861648e-03
9.654674226643081281e-03
2.647431180107555002e-02
4.508106664953915460e-02
6.494639597278593912e-02
6.264509727837933029e-02
8.824820285486444094e-02
1.140051711227701853e-01
1.391545228468053785e-01
1.629423890463018720e-01
1.846467323604231714e-01
2.035994840935061445e-01
2.192052766399360531e-01
2.309558268665578840e-01
2.384394823409798081e-01
2.413458881632469244e-01
2.394661284635979104e-01
2.326889941072165235e-01
2.209942121190471009e-01
2.044435442972784289e-01
1.831706475770908116e-01
1.573704963770274634e-01
1.272890464276567601e-01
9.321367382178671890e-02
5.546478141689588359e-02
1.438883751106910351e-02
-2.964699910238724131e-02
-7.625859911945723213e-02
-1.250469287526571605e-01
-1.755985112840805773e-01
-2.274843703277539819e-01
-2.802575715353090025e-01
-3.334495057184919120e-01
-3.865650837335747880e-01
-4.390770630481823367e-01
-4.904197767011150288e-01
-5.399826325018541873e-01
-5.871038653189077916e-01
-6.310652113432906329e-01
-6.710883769537208110e-01
-7.063344607010169085e-01
-7.359077736004918657e-01
-7.588657671151420869e-01
-7.742369376151948535e-01
-7.810484922489699944e-01
-7.783650983594881945e-01
-7.653390552329114582e-01
-7.412707280624890593e-01
-7.056760672489121866e-01
-6.583558865001883920e-01
-5.994596170881353325e-01
-5.295351298974287912e-01
-4.495562354847450481e-01
-3.609210536865497532e-01
-2.654173142166143529e-01
-1.651545653658807455e-01
-6.246744946939675192e-02
4.020195436825530627e-02
1.404319151569698998e-01
2.359467811785442848e-01
3.247287560325179956e-01
4.051056961941760792e-01
4.758081257415673337e-01
5.359926737688820442e-01
5.852333305477078751e-01
6.234855453621692689e-01
6.510306578560545177e-01
6.684092169359536761e-01
6.763513497918849371e-01
6.757108741812563046e-01
6.674077850715159910e-01
6.523815914991268894e-01
6.315561219973210294e-01
6.058150824308706772e-01
5.759868469101210309e-01
5.428366553669814465e-01
5.070643909130483351e-01
4.693063245938274841e-01
4.301394980742945240e-01
3.900877021176176740e-01
3.496282738791811062e-01
3.091991317817824325e-01
2.692056285279467720e-01
2.300269051575027091e-01
1.920215070219184750e-01
1.555320595764834724e-01
1.208888353490457090e-01
8.841204906155919474e-02
5.841273099509647349e-02
3.119203662535433713e-02
7.038871634270228717e-03
-1.377425489966240153e-02
-3.099717446900409484e-02
-4.440974293581832766e-02
-5.383108679137420943e-02
-5.913008726653361247e-02
-6.023661127060609549e-02
-5.715281661525566104e-02
-4.996369560348877525e-02
-3.884589637921640609e-02
-2.407380735719772888e-02
-6.021939197648593263e-03
1.483719602048650527e-02
3.794021301780468869e-02
6.264509727837910824e-02
5.873943509284144243e-02
9.040545600829641426e-02
1.223224287091412427e-01
1.535538653585235003e-01
1.831737848958005788e-01
2.102986117402974309e-01
2.341159997539847548e-01
2.539087234007725846e-01
2.690723673054779552e-01
2.791262389277577305e-01
2.837175917875198183e-01
2.826198169170551777e-01
2.757256494571421190e-01
2.630366584812764974e-01
2.446503297100025287e-01
2.207459659772806615e-01
1.915704593458426030e-01
1.574247781381746536e-01
1.186517916998390682e-01
7.562585740646182719e-02
2.874442534046961137e-02
-2.157821720004446733e-02
-7.491503692276595128e-02
-1.308282237173256091e-01
-1.888691223582146805e-01
-2.485762360047043262e-01
-3.094714230489811757e-01
-3.710544210963230283e-01
-4.327958382982586838e-01
-4.941287944234117324e-01
-5.544394291639807015e-01
-6.130566093754467039e-01
-6.692412982315794068e-01
-7.221763150783320206e-01
-7.709575222163073116e-01
-8.145879584012981622e-01
-8.519769638340010109e-01
-8.819469439537006572e-01
-9.032508673380648112e-01
-9.146037525689914016e-01
-9.147309313467294478e-01
-9.024345370376491982e-01
-8.766773616049631235e-01
-8.366799471703272317e-01
-7.820231911466021257e-01
-7.127453608758882453e-01
-6.294204326802315119e-01
-5.332046783946949864e-01
-4.258408713215794394e-01
-3.096141150661151920e-01
-1.872593421638698574e-01
-6.182674694234178286e-02
6.348303881905023593e-02
1.854983516040265845e-01
3.012529544543449123e-01
4.081423808649969343e-01
5.040455697492749465e-01
5.874016701366250315e-01
6.572377699703445542e-01
7.131495963885756684e-01
7.552428960151814641e-01
7.840472227779231584e-01
8.004154519915402943e-01
8.054216717661534242e-01
8.002675172315953933e-01
7.862035029770541028e-01
7.644683205152295047e-01
7.362461064904187724e-01
7.026396899064805135e-01
6.646568001014501181e-01
6.232060046866773062e-01
5.790994098386992306e-01
5.330597073148469756e-01
4.857297066872111602e-01
4.376830488778086781e-01
3.894351896820063552e-01
3.414540603622487902e-01
2.941700183777142819e-01
2.479848187185634545e-01
2.032794267028908697e-01
1.604205102197972799e-01
1.197654674087926807e-01
8.166583272675849436e-02
4.646889418446791681e-02
1.451734254803943927e-02
-1.385322414466460053e-02
-3.831909148669936788e-02
-5.857561259021738104e-02
-7.434678057109282701e-02
-8.539704436222501915e-02
-9.154502581379277137e-02
-9.267856052586639914e-02
-8.877021991298730819e-02
-7.989221644583983928e-02
-6.622937428634431689e-02
-4.808872650869987914e-02
-2.590431887562582094e-02
-2.359980090188427331e-04
2.823864474505677000e-02
5.873943509284214326e-02
5.291735169151710882e-02
9.187354453392911069e-02
1.312011234937970894e-01
1.697456731940332753e-01
2.063675239581345133e-01
2.399840030564548143e-01
2.696071540516313814e-01
2.943742851728372578e-01
3.135696458241293838e-01
3.266365763442709569e-01
3.331804783033089357e-01
3.329637515436352779e-01
3.258943767960229554e-01
3.120100429381462148e-01
2.914597019164786862e-01
2.644842163693333914e-01
2.313974596392888994e-01
1.925688825901631374e-01
1.484082320090657769e-01
9.935283805800505796e-02
4.585766545090413232e-02
-1.161182446221028369e-02
-7.258405794488612117e-02
-1.365830894967985376e-01
-2.031278346537617463e-01
-2.717289312411610425e-01
-3.418833450833783649e-01
-4.130668275647906285e-01
-4.847242938943193691e-01
-5.562582153926539652e-01
-6.270151151069855988e-01
-6.962703643783343388e-01
-7.632116401535324890e-01
-8.269217016908733120e-01
-8.863616651560392024e-01
-9.403566466174371197e-01
-9.875866654157466895e-01
-1.026586741386923407e+00
-1.055761260141618640e+00
-1.073418203353167621e+00
-1.077828564218435980e+00
-1.067314374861151771e+00
-1.040365167570505012e+00
-9.957774266038315059e-01
-9.328054343092472278e-01
-8.513064726802022086e-01
-7.518600075283752293e-01
-6.358408223619832489e-01
-5.054303927673411412e-01
-3.635583680004356166e-01
-2.137752936450653118e-01
-6.006653672430269791e-02
9.337537328133779790e-02
2.423982505389983555e-01
3.831337515763300061e-01
5.122134456663389734e-01
6.269369239167029706e-01
7.253769084781982457e-01
8.064141534472892836e-01
8.697041568581455051e-01
9.155865569392264147e-01
9.449548231127169462e-01
9.591067578391458959e-01
9.595954980745031726e-01
9.480963718477448676e-01
9.262991835328461265e-01
8.958295280845147701e-01
8.581978680475701449e-01
8.147722091806129940e-01
7.667687878654627642e-01
7.152553148266157512e-01
6.611620510065612244e-01
6.052971611206506841e-01
5.483638397280427013e-01
4.909776260339308029e-01
4.336829538743374735e-01
3.769684289017554146e-01
3.212805804578848790e-01
2.670359591259294785e-01
2.146315231557813785e-01
1.644532444160317075e-01
1.168828467126057091e-01
7.230254124815442551e-02
3.109757927595856869e-02
-6.343604854574903112e-03
-3.963191207229740942e-02
-6.838300827366719514e-02
-9.222587066009713119e-02
-1.108145515180182644e-01
-1.238430887067987207e-01
-1.310632405974236914e-01
-1.323044001128257374e-01
-1.274946569802699881e-01
-1.166815920133516676e-01
-1.000510122618461645e-01
-7.794160957760465358e-02
-5.085346306738089406e-02
-1.944853722342827079e-02
1.545816890341869185e-02
5.291735169152220891e-02
4.479397644782927290e-02
9.254186941298828128e-02
1.408105352604992755e-01
1.881722086193839127e-01
2.332199390452998622e-01
2.746239301972368541e-01
3.111811978471950568e-01
3.418547991342537062e-01
3.658003175567594578e-01
3.823789091674456020e-01
3.911577075455680563e-01
3.918995472241374456e-01
3.845446351032393295e-01
3.691870372268221678e-01
3.460486490758808986e-01
3.154529133327287904e-01
2.777999943155601836e-01
2.335445770299610091e-01
1.831769869530684158e-01
1.272079501645673738e-01
6.615705989342197946e-02
5.448440178588460784e-04
-6.911175505166654298e-02
-1.423007041772267611e-01
-2.185132138208892016e-01
-2.972392470688056121e-01
-3.779603079397187426e-01
-4.601395438175903685e-01
-5.432091294852965380e-01
-6.265548244035095138e-01
-7.094975791940101306e-01
-7.912720974250626593e-01
-8.710024098764143075e-01
-9.476749147711206467e-01
-1.020110022827222407e+00
-1.086934691543060216e+00
-1.146559763646480601e+00
-1.197168056334462216e+00
-1.236721222607305215e+00
-1.262994906965169362e+00
-1.273651622919369952e+00
-1.266358159870349498e+00
-1.238948488385791080e+00
-1.189624458566158172e+00
-1.117176285317114992e+00
-1.021196056004054498e+00
-9.022524944309142647e-01
-7.619971108586145458e-01
-6.031800166466186885e-01
-4.295665159305833147e-01
-2.457598669759134824e-01
-5.694697762127383378e-02
1.314083694083466591e-01
3.138966961115484677e-01
4.854891066477237671e-01
6.418295961106601499e-01
7.794661271337549602e-01
8.959980476714742847e-01
9.901263880312938248e-01
1.061606328908209163e+00
1.111115221708218304e+00
1.140061236011112866e+00
1.150363876021849308e+00
1.144237171422154198e+00
1.123999592151992299e+00
1.091925463956083364e+00
1.050142335564030471e+00
1.000571117942762323e+00
9.449010170453582269e-01
8.845895318503196325e-01
8.208784367875365806e-01
7.548183710443120420e-01
6.872968379735607813e-01
6.190662978243882675e-01
5.507705592244208637e-01
4.829686205614854844e-01
4.161557245220006140e-01
3.507816720957007139e-01
2.872665560726201939e-01
2.260140743744636638e-01
1.674225228096538620e-01
1.118934819346944637e-01
5.983810847049848142e-02
1.168084293791633171e-02
-3.213975060480472185e-02
-7.117336779419833337e-02
-1.049639614916172276e-01
-1.330597237431375979e-01
-1.550273241625384768e-01
-1.704704794326739881e-01
-1.790526163563655737e-01
-1.805229507705585212e-01
-1.747447752142194388e-01
-1.617241396012400190e-01
-1.416365498370650566e-01
-1.148488523179126974e-01
-8.193330926890456112e-02
-4.367106286235649532e-02
-1.042859969435880026e-03
4.479397644784490623e-02
3.388297267063252599e-02
9.226605718534046374e-02
1.513565825598447434e-01
2.093815711210904595e-01
2.645972823273642915e-01
3.153648483345427023e-01
3.602161347775452160e-01
3.979044281867756272e-01
4.274367741526090558e-01
4.480872733808815567e-01
4.593929042896306991e-01
4.611350989785337751e-01
4.533112080225618068e-01
4.361001161917734681e-01
4.098258430374779326e-01
3.749221332414597874e-01
3.319001753372000096e-01
2.813206983753779866e-01
2.237710379174215614e-01
1.598472685429468410e-01
9.014120193514199575e-02
1.523189257931480134e-02
-6.431873944179915259e-02
-1.479665492044792141e-01
-2.351823654215404180e-01
-3.254459431337435871e-01
-4.182367413013219348e-01
-5.130214493368012718e-01
-6.092380308881419904e-01
-7.062758879322115213e-01
-8.034516056246249205e-01
-8.999796620434392658e-01
-9.949375966467128851e-01
-1.087225539016103637e+00
-1.175520999931867872e+00
-1.258231554442552635e+00
-1.333450768964743016e+00
-1.398926259811790862e+00
-1.452052671960951225e+00
-1.489905336552078463e+00
-1.509330727822625562e+00
-1.507106059558364297e+00
-1.480170321110469089e+00
-1.425914746297151758e+00
-1.342503451555268956e+00
-1.229180949362712383e+00
-1.086517240212272695e+00
-9.165469329464861481e-01
-7.227755317206829844e-01
-5.100487102931973160e-01
-2.843014805731461925e-01
-5.221737829545584908e-02
1.791683077065433505e-01
4.028895269224545550e-01
6.124656616323511660e-01
8.022832746846786378e-01
9.679106614963055577e-01
1.106311571693604501e+00
1.215931355862288843e+00
1.296644834702599169e+00
1.349578107076294886e+00
1.376837057110113172e+00
1.381190037306092133e+00
1.365752535700388126e+00
1.333713640057883287e+00
1.288127623757473694e+00
1.231777627883085202e+00
1.167105148883209154e+00
1.096191218769700271e+00
1.020772916215048509e+00
9.422801567232381714e-01
8.618813656970047976e-01
7.805303634378435440e-01
6.990101592224683413e-01
6.179717388174520432e-01
5.379673867953529420e-01
4.594788861709946381e-01
3.829412165621735586e-01
3.087624020193017738e-01
2.373400499268659980e-01
1.690749514591145253e-01
1.043819208503443535e-01
4.369786683597445820e-02
-1.251309553261593412e-02
-6.375784510349062628e-02
-1.095162610249565405e-01
-1.492476204451065880e-01
-1.824019997006405547e-01
-2.084372155459753573e-01
-2.268416282518919969e-01
-2.371627549456582773e-01
-2.390410658892666018e-01
-2.322475935092576660e-01
-2.167231116288544646e-01
-1.926157315534035297e-01
-1.603130358269550249e-01
-1.204644143213824958e-01
-7.398944912938791585e-02
-2.206897728911742101e-02
3.388297267063882651e-02
1.955378782341048866e-02
9.083795956168749797e-02
1.630664949274339137e-01
2.340280526672289807e-01
3.015516745108280938e-01
3.636089816166149236e-01
4.184022296140946784e-01
4.644303744631709807e-01
5.005286930658342515e-01
5.258813286864953973e-01
5.400095240004454400e-01
5.427407952535250324e-01
5.341654211109292394e-01
5.145866553831239809e-01
4.844701160950166119e-01
4.443963813242001182e-01
3.950193618834572651e-01
3.370316878724338716e-01
2.711373815181624125e-01
1.980314719618560537e-01
1.183858847011800414e-01
3.284085102320629529e-02
-5.799887871147205165e-02
-1.535636114480564973e-01
-2.533144888522919635e-01
-3.567356973339230741e-01
-4.633231049884199981e-01
-5.725690799988335522e-01
-6.839429491352839730e-01
-7.968662223195143168e-01
-9.106813783609903901e-01
-1.024612718424488866e+00
-1.137717741170817476e+00
-1.248827943797689688e+00
-1.356479263739197583e+00
-1.458835149285131250e+00
-1.553609617899036843e+00
-1.638003793289076526e+00
-1.708676180287174384e+00
-1.761772737074347228e+00
-1.793043422676617427e+00
-1.798065958824956567e+00
-1.772580056219081879e+00
-1.712911476983801196e+00
-1.616435668272663495e+00
-1.482009675702679719e+00
-1.310295994013540133e+00
-1.103916390918212809e+00
-8.674099407196966816e-01
-6.070086721011151987e-01
-3.302760996907434521e-01
-4.566418132222588994e-02
2.379659437809630851e-01
5.118336436305676029e-01
7.677266181522546251e-01
9.984716537856825891e-01
1.198356089158665094e+00
1.363449634142571698e+00
1.491771926306729945e+00
1.583268913688459678e+00
1.639597945744001306e+00
1.663759939978556091e+00
1.659648137384779787e+00
1.631590077055409704e+00
1.583948917567078896e+00
1.520824031297300039e+00
1.445863725809698686e+00
1.362179418554388288e+00
1.272337925505924616e+00
1.178404436297354030e+00
1.082011910137358424e+00
9.844388370466500282e-01
8.866840381237065527e-01
7.895328808103527773e-01
6.936130121126881098e-01
5.994400551636340779e-01
5.074546129492832902e-01
4.180522404086257637e-01
3.316078401031712364e-01
2.484956348212591093e-01
1.691055096688882375e-01
9.385615045614288665e-02
2.320509862760813252e-02
-4.234445189389125092e-02
-1.022405607871127442e-01
-1.558838151407163086e-01
-2.026338252290082187e-01
-2.418218919480225049e-01
-2.727707691338245310e-01
-2.948222431887998485e-01
-3.073728101437257498e-01
-3.099170074440881217e-01
-3.020969328154405331e-01
-2.837552513578965874e-01
-2.549875932591910699e-01
-2.161890236318397551e-01
-1.680884831979314042e-01
-1.117650092122021294e-01
-4.864054087518647485e-02
1.955378782340646757e-02
9.714428818274628173e-04
8.793471147285655820e-02
1.761501563051947328e-01
2.628481664777969073e-01
3.453132280538669385e-01
4.210226823488361081e-01
4.877654136387871708e-01
5.437289435271159821e-01
5.875485184057931409e-01
6.183175761969391671e-01
6.355641953819495260e-01
6.392017741761307770e-01
6.294638028967678434e-01
6.068322748894480201e-01
5.719675548864389114e-01
5.256451548591328793e-01
4.687024078845369313e-01
4.019960648488005717e-01
3.263704333117702916e-01
2.426349242681799800e-01
1.515495729218536147e-01
5.381714526896437534e-02
-4.991934903514619326e-02
-1.590746232493070733e-01
-2.731151275531917277e-01
-3.915493469826535899e-01
-5.139142640848120003e-01
-6.397574635837578461e-01
-7.686138621054964259e-01
-8.999754648781053135e-01
-1.033251867634205734e+00
-1.167718601343188167e+00
-1.302450035671661288e+00
-1.436233979883697831e+00
-1.567467006270626406e+00
-1.694033760240516440e+00
-1.813180715813675681e+00
-1.921405248557072065e+00
-2.014392418167048504e+00
-2.087041769880164210e+00
-2.133627732305408031e+00
-2.148126012208231295e+00
-2.124709003701929610e+00
-2.058369863524038390e+00
-1.945588334509945172e+00
-1.784918913408321206e+00
-1.577381303682706681e+00
-1.326572289596619436e+00
-1.038487348848315950e+00
-7.211132090096304958e-01
-3.838977142378427465e-01
-3.720024220811408294e-02
3.082201006936005627e-01
6.416822084861966147e-01
9.530681006915753262e-01
1.233349072977262706e+00
1.475137252971893354e+00
1.673187070073951510e+00
1.824736838633658431e+00
1.929594362129486429e+00
1.989927737935202279e+00
2.009797851799760782e+00
1.994530425312438515e+00
1.950051601978401106e+00
1.882298603305177842e+00
1.796777611175313760e+00
1.698293694417624566e+00
1.590838390120316248e+00
1.477597050401017187e+00
1.361031482798282788e+00
1.242998442722463182e+00
1.124875332845409304e+00
1.007676052218709817e+00
8.921492448166786771e-01
7.788574863676395177e-01
6.682392677507404954e-01
5.606569822547907700e-01
4.564341937847043451e-01
3.558849724353361776e-01
2.593373972195995858e-01
1.671526463531973483e-01
7.974049579694006407e-02
-2.428469730864996502e-03
-7.881407354546582367e-02
-1.488017322321425195e-01
-2.117025023458501132e-01
-2.667591936006782349e-01
-3.131599503578591515e-01
-3.500607921960682822e-01
-3.766184250609945217e-01
-3.920341548541060872e-01
-3.956088445402985987e-01
-3.868074877431519898e-01
-3.653302168297227759e-01
-3.311845252358802671e-01
-2.847515547498655764e-01
-2.268378642675428769e-01
-1.587037156704058094e-01
-8.205998518198998060e-02
9.714428818432074928e-04
-2.298065342928881649e-02
8.304018480740400776e-02
1.907245444342412222e-01
2.965927797639889008e-01
3.972342141909149804e-01
4.894958927247238800e-01
5.706436885974769391e-01
6.384787265041715898e-01
6.913995630120381986e-01
7.284092893155947879e-01
7.490746854748737693e-01
7.534500964819387248e-01
7.419810562161291978e-01
7.154019267725125752e-01
6.746388850390575564e-01
6.207256354362644668e-01
5.547353530333560823e-01
4.777293000385519073e-01
3.907205793613552358e-01
2.946505533698313140e-01
1.903752768814171159e-01
7.865958431060425526e-02
-3.982301497264891660e-02
-1.644859207630528786e-01
-2.948212462886268814e-01
-4.303880615391756370e-01
-5.707967479355917639e-01
-7.156885269310617748e-01
-8.647084127872849413e-01
-1.017468886370902048e+00
-1.173500335611966650e+00
-1.332183138699517322e+00
-1.492655332377789801e+00
-1.653690190676664784e+00
-1.813540752669259071e+00
-1.969755040800143631e+00
-2.118977665945263045e+00
-2.256770445060800601e+00
-2.377504284129930312e+00
-2.474390097356648166e+00
-2.539718518133947445e+00
-2.565356209150602140e+00
-2.543495394590184588e+00
-2.467578868399666892e+00
-2.333246357565962548e+00
-2.139101809892983930e+00
-1.887116245544843363e+00
-1.582566776460433200e+00
-1.233547382692142369e+00
-8.502164910750348303e-01
-4.440095760693172355e-01
-2.700624920338727183e-02
3.884828637485426284e-01
7.901899587818604909e-01
1.166193166057106323e+00
1.505399011003632381e+00
1.798239551016757476e+00
2.037471963981797973e+00
2.218867151065483156e+00
2.341569722456100511e+00
2.408002425480375575e+00
2.423326417052168225e+00
2.394592190024164235e+00
2.329779326639732862e+00
2.236915615672064206e+00
2.123406053519857561e+00
1.995623395021674185e+00
1.858743638163288692e+00
1.716768307029462592e+00
1.572662327823594275e+00
1.428543855882672187e+00
1.285880374016677763e+00
1.145664441661510491e+00
1.008558049773688126e+00
8.750046470977232982e-01
7.453130958166273023e-01
6.197196635777983964e-01
4.984339453951126542e-01
3.816735531570874529e-01
2.696911275594077173e-01
1.627960551031926439e-01
6.137227179103251634e-02
-3.410724989710145483e-02
-1.230694016337538776e-01
-2.048338795809261093e-01
-2.786113394713129465e-01
-3.435084140556758370e-01
-3.985416231724068781e-01
-4.426624240760210771e-01
-4.747955829190493859e-01
-4.938925456566781169e-01
-4.990004058278771915e-01
-4.893452650386303504e-01
-4.644263659548899525e-01
-4.241144320129628942e-01
-3.687447197143331468e-01
-2.991929864145001505e-01
-2.169216126112891718e-01
-1.239842255289429485e-01
-2.298065350034277088e-02
-5.378508250113515216e-02
7.533628259914355862e-02
2.066862609569500853e-01
3.358889562989379463e-01
4.586495833299545355e-01
5.710105121525834715e-01
6.695709230580989546e-01
7.516448254445416977e-01
8.153427089399708505e-01
8.595749601851803146e-01
8.839872847746339524e-01
8.888470016814417063e-01
8.749027493806615929e-01
8.432389325111255829e-01
7.951414960730248671e-01
7.319852773534835100e-01
6.551470628963159681e-01
5.659437615401788912e-01
4.655922406931050639e-01
3.551862078406061718e-01
2.356855771324624371e-01
1.079145050851802179e-01
-2.743472365038435862e-02
-1.697937761814446445e-01
-3.187072649071605035e-01
-4.738187771939748050e-01
-6.348532819497569868e-01
-8.015943150326894084e-01
-9.738531046574648853e-01
-1.151425213036868733e+00
-1.334028253175224776e+00
-1.521212056888975095e+00
-1.712231067882900248e+00
-1.905868972640115455e+00
-2.100209824481491960e+00
-2.292360695501859613e+00
-2.478150282705321228e+00
-2.651855686606371609e+00
-2.806041005852293768e+00
-2.931615384822611858e+00
-3.018218144615463228e+00
-3.054997644772421861e+00
-3.031760915517029975e+00
-2.940345708765954136e+00
-2.775944392788943560e+00
-2.538047705343199123e+00
-2.230726030818343641e+00
-1.862142209227493073e+00
-1.443439516425655933e+00
-9.873729963486552741e-01
-5.071362829154856255e-01
-1.572053557338254706e-02
4.741319394806102205e-01
9.496227996503178170e-01
1.397665976069083271e+00
1.805115680928009114e+00
2.159603692020576560e+00
2.450822027963026617e+00
2.671855170052977346e+00
2.820116486146610146e+00
2.897584814962768984e+00
2.910281815938396299e+00
2.867166900516094241e+00
2.778762054485662158e+00
2.655828605586067148e+00
2.508329810141090466e+00
2.344784187920267993e+00
2.171997969398437700e+00
1.995091258553054914e+00
1.817706582113068459e+00
1.642298407973540542e+00
1.470430266931018304e+00
1.303037231030369059e+00
1.140636784342886401e+00
9.834875645514356002e-01
8.317037594074647711e-01
6.853356814799170804e-01
5.444263965607968325e-01
4.090523962014400716e-01
2.793540728873708523e-01
1.555598116347488014e-01
3.800593654727516674e-02
-7.284645870660803879e-02
-1.763977419128605895e-01
-2.718997982276210590e-01
-3.584514297814553885e-01
-4.350013192439854404e-01
-5.003614032788599175e-01
-5.532339460084346738e-01
-5.922556987241854864e-01
-6.160620469207619410e-01
-6.233727330807828926e-01
-6.130984213124998083e-01
-5.844640292518328284e-01
-5.371406664531872543e-01
-4.713737842029412928e-01
-3.880916574797290131e-01
-2.889766026253121622e-01
-1.764823292343548899e-01
-5.378508250114384659e-02
-9.335519983142757938e-02
6.357258775348248458e-02
2.235214999834821969e-01
3.810024737785258631e-01
5.306087968739362504e-01
6.673602564750734656e-01
7.870026283758752017e-01
8.862252790450633189e-01
9.627735816563528504e-01
1.015451259157939656e+00
1.044026008084500523e+00
1.049065357386659736e+00
1.031735933453113319e+00
9.935978663550468770e-01
9.364189108062664912e-01
8.620229975830709934e-01
7.721783679823945867e-01
6.685231406987144354e-01
5.525218914188954056e-01
4.254453186766733452e-01
2.883655113956013483e-01
1.421608090127825796e-01
-1.247397008212642981e-02
-1.750144862466329054e-01
-3.450921679290602784e-01
-5.224777805066812553e-01
-7.070620285855137022e-01
-8.988306003435770908e-01
-1.097829120879709741e+00
-1.304111068481460967e+00
-1.517658349786022987e+00
-1.738260796883940751e+00
-1.965338223012448982e+00
-2.197688898633668675e+00
-2.433155372242933101e+00
-2.668215945107358156e+00
-2.897541399815213303e+00
-3.113600827636398005e+00
-3.306449186977817867e+00
-3.463863787871638955e+00
-3.571989976505467013e+00
-3.616581121310084690e+00
-3.584764761891187757e+00
-3.467061322890145902e+00
-3.259192953429248973e+00
-2.963145192381536841e+00
-2.587065784124425338e+00
-2.143915044271906822e+00
-1.649225430055142771e+00
-1.118699001999734266e+00
-5.664750580374990907e-01
-4.641835719430898073e-03
5.559728705605425647e-01
1.104277683932878062e+00
1.627545854126054126e+00
2.111010194747101387e+00
2.538792922933551743e+00
2.895939761741638918e+00
3.170860850999444924e+00
3.357342131228596482e+00
3.455499957424346569e+00
3.471469606345042536e+00
3.416041281011121367e+00
3.302723517265393482e+00
3.145764891731034574e+00
2.958541722079783831e+00
2.752515162649891600e+00
2.536767479317136420e+00
2.317999022306877155e+00
2.100817073304897420e+00
1.888157721276627621e+00
1.681723875636598642e+00
1.482371342485700350e+00
1.290415342670093057e+00
1.105856386743393927e+00
9.285380045054455467e-01
7.582530667713223149e-01
5.948145875977484121e-01
4.381036139532661911e-01
2.881032961804625425e-01
1.449250976018207071e-01
8.830655731417169640e-03
-1.197490064221741618e-01
-2.401966408478292403e-01
-3.516951737882004214e-01
-4.532192805265182756e-01
-5.435350916218725237e-01
-6.212119466841858895e-01
-6.846508982795996845e-01
-7.321349475569465248e-01
-7.619056264390565714e-01
-7.722688089894015340e-01
-7.617296607790287055e-01
-7.291520944305043272e-01
-6.739325637073346753e-01
-5.961722670552499492e-01
-4.968270314866452542e-01
-3.778115931022638652e-01
-2.420358049017265201e-01
-9.335519983142670508e-02
-1.440293793772124131e-01
4.594357830670737358e-02
2.400586865810035997e-01
4.314817849941873229e-01
6.134367211993119184e-01
7.796600144678008659e-01
9.248067100067968171e-01
1.044753250454165672e+00
1.136760073242446323e+00
1.199481910352787617e+00
1.232840767360898759e+00
1.237798088544167729e+00
1.216073629593529271e+00
1.169857811588586038e+00
1.101554263875152762e+00
1.013574489099451581e+00
9.081918548497746047e-01
7.874507883047972001e-01
6.531204841149658158e-01
5.066802876332500150e-01
3.493248821060663811e-01
1.819799868551951194e-01
5.322267450463438569e-03
-1.802001282774124968e-01
-3.743477899850063961e-01
-5.770705942802017985e-01
-7.884864342772535117e-01
-1.008853930027373558e+00
-1.238532122061072549e+00
-1.477916281764854123e+00
-1.727334026193218186e+00
-1.986880572414079005e+00
-2.256168078257022813e+00
-2.533965156207252267e+00
-2.817714230970012501e+00
-3.102942695151952091e+00
-3.382633200747563684e+00
-3.646686694806177353e+00
-3.881684187157033783e+00
-4.071199085385271310e+00
-4.196888170977585375e+00
-4.240456108826848869e+00
-4.186335706389423095e+00
-4.024602360873275053e+00
-3.753362375868499079e+00
-3.379777894303294783e+00
-2.919140855478929097e+00
-2.391988937831557305e+00
-1.819994915168049010e+00
-1.221946652520810028e+00
-6.112470269834584524e-01
4.139186896107365822e-03
6.193277497278133481e-01
1.228798208124225466e+00
1.822958657025823159e+00
2.386509595270930539e+00
2.899349380456482717e+00
3.339711302033296025e+00
3.688375106571241346e+00
3.932494905389560369e+00
4.067881259784575043e+00
4.099249199809306354e+00
4.038660009874359247e+00
3.902865899989437448e+00
3.710400658276286734e+00
3.479098853695945515e+00
3.224416355511971144e+00
2.958615049531791996e+00
2.690659462611729058e+00
2.426579095109643536e+00
2.170054451586544531e+00
1.923043663458673835e+00
1.686340195921282259e+00
1.460015060507733109e+00
1.243739197518240136e+00
1.037003815203611179e+00
8.392639182176482304e-01
6.500291982334402974e-01
4.689217130417279167e-01
2.957143046283294274e-01
1.303589075227797323e-01
-2.698981197774935961e-02
-1.759527706460009555e-01
-3.159060537656886436e-01
-4.459627303100618945e-01
-5.649593485543805693e-01
-6.714510312225485666e-01
-7.637205181890042160e-01
-8.398077085964695820e-01
-8.975668591771843730e-01
-9.347580874642487103e-01
-9.491776761058671186e-01
-9.388275432440901236e-01
-9.021182275567292130e-01
-8.380925022211987985e-01
-7.466494688474952790e-01
-6.287431406818941859e-01
-4.865264644076471301e-01
-3.234124676843029844e-01
-1.440293793772187136e-01
-2.084186477125160586e-01
2.003321261322103461e-02
2.542032998635646024e-01
4.856992700478782732e-01
7.061137276388838036e-01
9.076090611601742575e-01
1.083459941395380044e+00
1.228476415313919157e+00
1.339248210396286609e+00
1.414183608968420103e+00
1.453355138374152977e+00
1.458198082401134021e+00
1.431127476519196806e+00
1.375141340968468739e+00
1.293465050411002126e+00
1.189270511792354990e+00
1.065481673818095221e+00
9.246603795441076246e-01
7.689562266848627425e-01
6.001006483554153226e-01
4.194269372423966025e-01
2.279020456610170720e-01
2.616076511397345469e-02
-1.854628215324607698e-01
-4.069083063515234189e-01
-6.383652730969571198e-01
-8.802493977118218682e-01
-1.133171682589118712e+00
-1.397890075194285764e+00
-1.675227018930216971e+00
-1.965929045487624149e+00
-2.270437295425538071e+00
-2.588532412536741489e+00
-2.918820927220765693e+00
-3.258049688217747430e+00
-3.600279873648578377e+00
-3.936028327071521726e+00
-4.251583381975575726e+00
-4.528807283067352252e+00
-4.745787182190942310e+00
-4.878642269834060130e+00
-4.904567520581742279e+00
-4.805797277593899075e+00
-4.573685845787055726e+00
-4.211714290189322085e+00
-3.736179816969464440e+00
-3.173783401883131017e+00
-2.556284360972097769e+00
-1.913548928683702188e+00
-1.267189043220285027e+00
-6.270822770880567498e-01
7.814758606824234732e-03
6.445374013015976455e-01
1.288889578027981875e+00
1.938694910981677566e+00
2.580093340018164927e+00
3.188205924739137664e+00
3.731778782827169572e+00
4.180002634322728561e+00
4.509144251549135340e+00
4.707013771528174573e+00
4.774318391412824880e+00
4.723089506313922215e+00
4.573179269120365653e+00
4.348102847069253762e+00
4.071314265334502025e+00
3.763558061462921156e+00
3.441466679965145659e+00
3.117228061682581597e+00
2.798982078044026878e+00
2.491590665471274946e+00
2.197502869447722773e+00
1.917541617681641775e+00
1.651533344549915405e+00
1.398767100965252252e+00
1.158305498122934152e+00
9.291830352361641898e-01
7.105270850740557087e-01
5.016303715532526297e-01
3.019958570273264531e-01
1.113678661051712426e-01
-7.024224047827652695e-02
-2.425315500930846357e-01
-4.048808976634289403e-01
-5.563309858705804967e-01
-6.955624502090071992e-01
-8.208850930167221893e-01
-9.302435721114343803e-01
-1.021248562642705249e+00
-1.091243236450064602e+00
-1.137414082567833162e+00
-1.156951920607911966e+00
-1.147263179878190043e+00
-1.106223506714693050e+00
-1.032456840827928879e+00
-9.256149149102272933e-01
-7.866263630408363294e-01
-6.178822060751522072e-01
-4.233256324762556533e-01
-2.084186477121314496e-01
-2.890215728825334396e-01
-1.707970525720499053e-02
2.627499911987740688e-01
5.403784398738931127e-01
8.055479950306808634e-01
1.048557100030860001e+00
1.260969380566886677e+00
1.436201071664704232e+00
1.569894259199398068e+00
1.660022692015747259e+00
1.706730798088704537e+00
1.711958202097489945e+00
1.678936226540142629e+00
1.611651920682315664e+00
1.514360831747613600e+00
1.391200916322439030e+00
1.245927717997891815e+00
1.081764297395930718e+00
9.013429446151047797e-01
7.067096570075087625e-01
4.993641139733498990e-01
2.803138868868821354e-01
5.012885528050729095e-02
-1.910116111702450381e-01
-4.432808790968099655e-01
-7.071746985218485548e-01
-9.834824724004442853e-01
-1.273249912516169147e+00
-1.577716830699650741e+00
-1.898205624886303733e+00
-2.235925934498642409e+00
-2.591650944973409310e+00
-2.965215651895136695e+00
-3.354795384643633582e+00
-3.755955614555601674e+00
-4.160533467978925870e+00
-4.555522938020095225e+00
-4.922277938682241505e+00
-5.236480627263762955e+00
-5.469374826095508624e+00
-5.590645799800806337e+00
-5.572967391405631687e+00
-5.397643643335041652e+00
-5.060084485337478455e+00
-4.573352306688723168e+00
-3.968035361992036769e+00
-3.287476002888575000e+00
-2.578842729466867212e+00
-1.882234649269444393e+00
-1.221215122676199138e+00
-5.981986969367314444e-01
3.293794920033859056e-03
6.099274076042944248e-01
1.246279459473766282e+00
1.923302390992187805e+00
2.631530301403814498e+00
3.341168596459214157e+00
4.008621310506409685e+00
4.586830132926139392e+00
5.035852090655793312e+00
5.330576090617252127e+00
5.463934523353345618e+00
5.445659078652497875e+00
5.297891530324219111e+00
5.049478714632807730e+00
4.730586611047297829e+00
4.368673384980807484e+00
3.986177583303269323e+00
3.599753507177895884e+00
3.220609490918437956e+00
2.855452427444018504e+00
2.507630521637230103e+00
2.178208787050056383e+00
1.866846653381682097e+00
1.572444990317188207e+00
1.293585640400718662e+00
1.028810439202442639e+00
7.767881221380626977e-01
5.364105861197142611e-01
3.068488773782022672e-01
8.758938064256399647e-02
-1.215372708564124576e-01
-3.203278895117499525e-01
-5.081766431564225250e-01
-6.840441858267634068e-01
-8.464300662058527047e-01
-9.933554710161830448e-01
-1.122366247588167498e+00
-1.230568431616454017e+00
-1.314709283046111121e+00
-1.371315105794719491e+00
-1.396891993967091405e+00
-1.388187291466935758e+00
-1.342499050997114196e+00
-1.258010755406501202e+00
-1.134120386727494045e+00
-9.717310736014657113e-01
-7.734694779995237024e-01
-5.438020672842587278e-01
-2.890215728815200835e-01
-3.875488791209251715e-01
-6.844275261323307102e-02
2.614342132674107866e-01
5.903052903682047825e-01
9.059547808354649900e-01
1.196582763966599794e+00
1.451703130199373470e+00
1.662944947868137069e+00
1.824618311712971064e+00
1.933948031641065546e+00
1.990949486652413336e+00
1.997996974292999939e+00
1.959191569346529604e+00
1.879658084072073132e+00
1.764888398894520982e+00
1.620211930721920934e+00
1.450429098131731820e+00
1.259604259412188121e+00
1.050988754202499376e+00
8.270338202113421966e-01
5.894542094237886776e-01
3.393112970511827919e-01
7.709484313147692280e-02
-1.972076593772462139e-01
-4.840571463490417892e-01
-7.843214140943641777e-01
-1.099236861300140422e+00
-1.430358112029900930e+00
-1.779471595175963872e+00
-2.148437971013479331e+00
-2.538915151459217423e+00
-2.951901828758954682e+00
-3.387038029886287216e+00
-3.841616036178133964e+00
-4.309307543613009273e+00
-4.778715478844658193e+00
-5.232014946658092747e+00
-5.644135895425603344e+00
-5.983099852076415814e+00
-6.212154858701042670e+00
-6.294137503808991951e+00
-6.197949796537305822e+00
-5.906205063432413915e+00
-5.422187561824000746e+00
-4.773674702375332757e+00
-4.011333015894599008e+00
-3.200594441308107552e+00
-2.408006639157969087e+00
-1.685375503374971551e+00
-1.056577148221598650e+00
-5.118035574231050155e-01
-1.191912859630019084e-02
4.978391852607153001e-01
1.069037047072860735e+00
1.732275161519302387e+00
2.486252063579859062e+00
3.296835413859127151e+00
4.105697063035944616e+00
4.844948047788290246e+00
5.452752912640012717e+00
5.885412495808144406e+00
6.123331619663359149e+00
6.170634169456842955e+00
6.050028347717430144e+00
5.795370442533113398e+00
5.444244151131628406e+00
5.032123119525299337e+00
4.588764570419957778e+00
4.136731013933461654e+00
3.691506726520081827e+00
3.262554254239594442e+00
2.854742990763198485e+00
2.469760301790175472e+00
2.107297622142911830e+00
1.765943174372434088e+00
1.443797799258635495e+00
1.138869204612068753e+00
8.493083501404202762e-01
5.735440859393862167e-01
3.103588361208983737e-01
5.893477011464284127e-02
-1.811110974657835493e-01
-4.096927345353034156e-01
-6.262178904404289703e-01
-8.295488489266200638e-01
-1.017966549914479435e+00
-1.189147732532793489e+00
-1.340168660516033672e+00
-1.467551635411583844e+00
-1.567370633240013911e+00
-1.635428559930769632e+00
-1.667510143437009873e+00
-1.659702214037167334e+00
-1.608759847328400605e+00
-1.512486560051897744e+00
-1.370093039198517770e+00
-1.182502417219029045e+00
-9.525777653902400832e-01
-6.852531982187020088e-01
-3.875488791208999695e-01
-5.039882023891906204e-01
-1.364887132300868222e-01
2.454297703000052899e-01
6.285316448125651823e-01
9.987241660652931285e-01
1.342004528402380270e+00
1.645551641619117822e+00
1.898787510578910043e+00
2.094210098041553447e+00
2.227837677257267668e+00
2.299192477983093674e+00
2.310857382414142958e+00
2.267727618423253766e+00
2.176124408868043147e+00
2.042933332399452073e+00
1.874888086814737731e+00
1.678061431523607983e+00
1.457569409379609882e+00
1.217455677308059370e+00
9.607038639670307800e-01
6.893242842772860923e-01
4.044707022352350689e-01
1.065566967657244207e-01
-2.046449528072610269e-01
-5.299247224360056352e-01
-8.705759824526502211e-01
-1.228338642528963964e+00
-1.605324361253361420e+00
-2.003889311526444228e+00
-2.426406059573087859e+00
-2.874870353839293902e+00
-3.350266598005969154e+00
-3.851617659499410706e+00
-4.374676026401997042e+00
-4.910293263330724578e+00
-5.442648043222225951e+00
-5.947718367921087435e+00
-6.392614000876027269e+00
-6.736556121336882086e+00
-6.934272188172715623e+00
-6.942222909279679222e+00
-6.727318339257266189e+00
-6.276689316321820478e+00
-5.605965609832781915e+00
-4.762881723833123360e+00
-3.823425580445793504e+00
-2.879452625620744222e+00
-2.019458618933715144e+00
-1.307154064013259953e+00
-7.643378442776039838e-01
-3.642211709819829779e-01
-3.849960307017696870e-02
3.030581518454646961e-01
7.462033611122405041e-01
1.347205393644718141e+00
2.116952835604096972e+00
3.018513379955123810e+00
3.977800604462589096e+00
4.902860671407118787e+00
5.705230706399874840e+00
6.317284193387026292e+00
6.701838046483712397e+00
6.853316586343909833e+00
6.792254901179031634e+00
6.556195168752540603e+00
6.190034985187641503e+00
5.738033493479299807e+00
5.238526888513708180e+00
4.721401378869495957e+00
4.207747491362709091e+00
3.710891876090114838e+00
3.238062567960620974e+00
2.792146605853648378e+00
2.373227896075246868e+00
1.979779878039180430e+00
1.609508968008089846e+00
1.259906371121843005e+00
9.285851619253731037e-01
6.134748369090675668e-01
3.129307218555730796e-01
2.579902209683582193e-02
-2.485361871716927074e-01
-5.101091227314857868e-01
-7.583254740413175599e-01
-9.919136103633472423e-01
-1.208881194455194041e+00
-1.406490475547674146e+00
-1.581270449992914884e+00
-1.729086643415215230e+00
-1.845287557156605640e+00
-1.924939105576026988e+00
-1.963144600669438411e+00
-1.955430327485104147e+00
-1.898160833527307245e+00
-1.788940211806993252e+00
-1.626960409379277772e+00
-1.413273929069455148e+00
-1.150987951403689369e+00
-8.453876432990898859e-01
-5.039882023889700191e-01
-6.355819377798516134e-01
-2.219390509025955249e-01
2.104573687360072332e-01
6.473986130465337885e-01
1.073244332766243536e+00
1.471893219316237289e+00
1.828045759122956415e+00
2.128553352737242665e+00
2.363587946265994777e+00
2.527390411491695854e+00
2.618456265081822831e+00
2.639155594146011197e+00
2.594911673816279407e+00
2.493139353635397182e+00
2.342157399683389762e+00
2.150246246635856728e+00
1.924950964849825530e+00
1.672655158090326166e+00
1.398394941780307432e+00
1.105851118356897311e+00
7.974504240514499465e-01
4.745157847190534794e-01
1.374225520676601309e-01
-2.142637979988396280e-01
-5.816765046946935636e-01
-9.665570309138273863e-01
-1.371166985287145756e+00
-1.798171331725188837e+00
-2.250446747647009360e+00
-2.730751653969605286e+00
-3.241177543890564561e+00
-3.782292129492034416e+00
-4.351896977935957089e+00
-4.943374687040337889e+00
-5.543714389520240537e+00
-6.131492148202474013e+00
-6.675333178846019067e+00
-7.133640541906363985e+00
-7.456528836749417799e+00
-7.590795194228745935e+00
-7.488240560481889574e+00
-7.116664262821403852e+00
-6.471532510469461208e+00
-5.585071372843810167e+00
-4.528963365414739428e+00
-3.407536549782276936e+00
-2.340585849922725448e+00
-1.438369247193057809e+00
-7.747778553442185023e-01
-3.666917110703987182e-01
-1.668694116736134381e-01
-7.411166323669829414e-02
4.106867762533450428e-02
3.023861814315191854e-01
7.954493587868479709e-01
1.546647990382550075e+00
2.518774822659541446e+00
3.623237020246030671e+00
4.743640110466141202e+00
5.762841494785236662e+00
6.585876938288545368e+00
7.153818007788039779e+00
7.447212546467242511e+00
7.480871810525873578e+00
7.293516752046837581e+00
6.936030211367866016e+00
6.461194269456331796e+00
5.916458304152072856e+00
5.340040072322553399e+00
4.759823613181021429e+00
4.194148263105078378e+00
3.653580887471800764e+00
3.142967462569793646e+00
2.663324432295627986e+00
2.213363588544649652e+00
1.790607079397103618e+00
1.392140194540668174e+00
1.015085851816192264e+00
6.568872321943826087e-01
3.154711447255428292e-01
-1.065411281786618827e-02
-3.223305400304390389e-01
-6.196909392315714804e-01
-9.020992608313718186e-01
-1.168091977927334879e+00
-1.415330594263346509e+00
-1.640583177967438022e+00
-1.839758532770187749e+00
-2.008018047116963078e+00
-2.139984900217695607e+00
-2.230056858599086755e+00
-2.272807160052386699e+00
-2.263435120664159417e+00
-2.198210522378897913e+00
-2.074854127759844680e+00
-1.892816376040362014e+00
-1.653451648829402432e+00
-1.360122386239354775e+00
-1.018283959071791589e+00
-6.355819377799127867e-01
-7.760375635308446318e-01
-3.225360086675558291e-01
1.544736470371958492e-01
6.405155989058942678e-01
1.118984567813854358e+00
1.572048458806336368e+00
1.982026217968006154e+00
2.333016180794656780e+00
2.612442678096370319e+00
2.812187552195398954e+00
2.929077622947918069e+00
2.964666270290778005e+00
2.924416195384435202e+00
2.816507549060561111e+00
2.650533662370006649e+00
2.436312879756191485e+00
2.182965124040221472e+00
1.898310586910025188e+00
1.588571828404628183e+00
1.258313793464769015e+00
9.105394014821672766e-01
5.468642345502494617e-01
1.677125345693441794e-01
-2.275003936235346358e-01
-6.402123489554991664e-01
-1.072578715671667515e+00
-1.527333746307696138e+00
-2.007608032202840231e+00
-2.516643221792316698e+00
-3.057326040817832435e+00
-3.631448387845537251e+00
-4.238598578680863760e+00
-4.874616747695249330e+00
-5.529626387667816445e+00
-6.185803810592041430e+00
-6.815274617783357414e+00
-7.378805853989684138e+00
-7.826218819580208930e+00
-8.099547350771770127e+00
-8.139739815232843512e+00
-7.897005134210465904e+00
-7.343715065559347721e+00
-6.487304764052354678e+00
-5.379346276539779481e+00
-4.116570865807334556e+00
-2.830689254590315507e+00
-1.666586284499834703e+00
-7.523180388641805827e-01
-1.680564395782825626e-01
7.690315629917700291e-02
5.098331548401612012e-02
-1.128653776419025895e-01
-2.480874508872288331e-01
-1.949768788300649536e-01
1.608278021305376559e-01
8.626159063894333068e-01
1.876083969871492396e+00
3.102189944550163059e+00
4.403810483871652970e+00
5.637405187547551932e+00
6.680937593213810644e+00
7.452021654739630740e+00
7.914195161492628472e+00
8.072809388196143132e+00
7.964225081119516325e+00
7.642543949674453607e+00
7.167344307371018353e+00
6.594486297108342221e+00
5.970636172656591967e+00
5.331122370136334609e+00
4.700204749409230942e+00
4.092737889047256772e+00
3.516379444738924498e+00
2.973769266838149239e+00
2.464373481651600084e+00
1.985889567097746111e+00
1.535232842581326862e+00
1.109183710221254504e+00
7.047899800445106555e-01
3.196095793877968827e-01
-4.813985108204599239e-02
-3.994783682072154396e-01
-7.345804657518913983e-01
-1.052699214150309759e+00
-1.352099434162444824e+00
-1.630013351063099414e+00
-1.882641816666635437e+00
-2.105229895623074388e+00
-2.292244318062430786e+00
-2.437669639188079884e+00
-2.535417466396717057e+00
-2.579814504408670661e+00
-2.566105056210298496e+00
-2.490888955896993551e+00
-2.352424905946040923e+00
-2.150769469789008514e+00
-1.887781660027217923e+00
-1.567079642063011757e+00
-1.194057810473316827e+00
-7.760375635324838761e-01
-9.153494109083208929e-01
-4.320041180452256491e-01
7.954661986195504797e-02
6.053536096641890518e-01
1.128603757034682964e+00
1.630361292768095716e+00
2.090975701121395414e+00
2.491930342603966064e+00
2.817748401760201471e+00
3.057537993463975923e+00
3.205854436083162451e+00
3.262742912330827583e+00
3.233029193636618892e+00
3.125083452633596881e+00
2.949353968151597449e+00
2.716951336355597935e+00
2.438485472487472272e+00
2.123254875155709431e+00
1.778793905618279325e+00
1.410719361416509221e+00
1.022787645641689558e+00
6.170727522702462720e-01
1.941926704327829045e-01
-2.464625163516063477e-01
-7.065206419872402943e-01
-1.188430483478399191e+00
-1.695250111687987671e+00
-2.230371519102410716e+00
-2.797111723726512622e+00
-3.398082190350405263e+00
-4.034238522213475342e+00
-4.703522810372038343e+00
-5.399059455364549009e+00
-6.106972195783341384e+00
-6.804070855112871463e+00
-7.455907270707950119e+00
-8.015980313758298337e+00
-8.427087138297968849e+00
-8.625827569441689491e+00
-8.550906113094999483e+00
-8.155026438581414183e+00
-7.418870295186403396e+00
-6.364168914448050884e+00
-5.061736791294486615e+00
-3.630208718344817509e+00
-2.222635612593440335e+00
-1.001121020184191357e+00
-1.036745203608391286e-01
3.888983091854936180e-01
4.765370682234683075e-01
2.457352260475569594e-01
-1.460366522502914988e-01
-5.045757710929799078e-01
-6.431571486733915766e-01
-4.246981144863635760e-01
2.094484601890651831e-01
1.230994903418079822e+00
2.537050749520080917e+00
3.977851298744105701e+00
5.390897124865179357e+00
6.632237555191093925e+00
7.598143984261231942e+00
8.234351545330344635e+00
8.533839341754822172e+00
8.526647143216544933e+00
8.266094623918453621e+00
7.815235415445451750e+00
7.236055773622036114e+00
6.582457307931481871e+00
5.896893160543469570e+00
5.209844007925408249e+00
4.541097629083788334e+00
3.901892135114192417e+00
3.297234518829449179e+00
2.727984075101187678e+00
2.192519884997244706e+00
1.687966412120634807e+00
1.211035721769816886e+00
7.585771639932297195e-01
3.279257768101072612e-01
-8.287472615852843616e-02
-4.749193738931264952e-01
-8.483257890051546513e-01
-1.202139730225090686e+00
-1.534264640293127258e+00
-1.841432044842829852e+00
-2.119240396651388636e+00
-2.362294276350897171e+00
-2.564470248937653185e+00
-2.719317326886743214e+00
-2.820569231501856677e+00
-2.862708356831626944e+00
-2.841489789161284918e+00
-2.754324066868491627e+00
-2.600443144711630072e+00
-2.380837477147895953e+00
-2.098037415747660006e+00
-1.755886009483882404e+00
-1.359473437814370467e+00
-9.153494109083261110e-01
-1.040504706695989823e+00
-5.397946634753474360e-01
-6.887120083424588465e-03
5.454716461351901691e-01
1.101034057774338049e+00
1.640565045914023967e+00
2.143181515649259961e+00
2.588310277891899602e+00
2.957859104218472535e+00
3.238125311234446357e+00
3.421042219073883395e+00
3.504549359466353486e+00
3.492096455746212413e+00
3.391480416730215275e+00
3.213320102529600764e+00
2.969483512377670387e+00
2.671716568097021405e+00
2.330618996007218779e+00
1.955008179029434467e+00
1.551631994466486253e+00
1.125147044061326040e+00
6.782671229856641615e-01
2.119990287380370542e-01
-2.740918324463005873e-01
-7.816136592763035518e-01
-1.313076393645334461e+00
-1.871586668091277383e+00
-2.460455828268303335e+00
-3.082646010236664402e+00
-3.739964527371932856e+00
-4.431916162288809247e+00
-5.154149059007417932e+00
-5.896499603068876993e+00
-6.640771518494453574e+00
-7.358581551435302792e+00
-8.009852602098989749e+00
-8.542780873891892668e+00
-8.896245424335910812e+00
-9.005527393935135905e+00
-8.811723510507389889e+00
-8.274306233670072785e+00
-7.384990434223269951e+00
-6.179724071850402289e+00
-4.744745289751931772e+00
-3.212830013812294716e+00
-1.747502395104640449e+00
-5.160388441343162214e-01
3.441329479607702080e-01
7.578087649137636994e-01
7.340395527480647608e-01
3.703049964427844731e-01
-1.642596773279224043e-01
-6.636615175373752340e-01
-9.294014403298664906e-01
-8.128677357565323724e-01
-2.448882446659904344e-01
7.543860948019008861e-01
2.086147359802273726e+00
3.599339772912900859e+00
5.124429639052916485e+00
6.505555496716652009e+00
7.624144641789889931e+00
8.410648949220366433e+00
8.844704438546489911e+00
8.946656076392569545e+00
8.764531525635073095e+00
8.360320618042154095e+00
7.798322686543200710e+00
7.136949901908397287e+00
6.424178758910489506e+00
5.696057733364196629e+00
4.977335084212411331e+00
4.283266176442749540e+00
3.621849486495697601e+00
2.995995477607301449e+00
2.405367274701180058e+00
1.847806412563544498e+00
1.320364200786967146e+00
8.200110102377490273e-01
3.441095774132719720e-01
-1.092696646615776007e-01
-5.411315584954151658e-01
-9.513994777169850758e-01
-1.338802307471384845e+00
-1.700808130041225219e+00
-2.033623715839288248e+00
-2.332289306370269433e+00
-2.590899462702672462e+00
-2.802969319664250669e+00
-2.961939541045000901e+00
-3.061775065784920535e+00
-3.097571346761111233e+00
-3.066052635078531097e+00
-2.965847958472596968e+00
-2.797474578816037560e+00
-2.563044167469294088e+00
-2.265811487434845173e+00
-1.909768993275114290e+00
-1.499509373253177236e+00
-1.040504706696009585e+00
-1.137084524221387838e+00
-6.321169537865271026e-01
-9.236634524563508419e-02
4.709831483341893610e-01
1.042853493242736462e+00
1.604545557645112641e+00
2.134921886258154267e+00
2.612328058744780357e+00
3.016862877737771509e+00
3.332509311614180625e+00
3.548685699829440487e+00
3.660942940529544387e+00
3.670754060362806825e+00
3.584545143622110963e+00
3.412247534811129857e+00
3.165689433649445217e+00
2.857102619636794572e+00
2.497928440570145625e+00
2.098003174281460215e+00
1.665114739420271217e+00
1.204865842632229178e+00
7.207551528347004854e-01
2.143916902300530281e-01
-3.142213835491490248e-01
-8.663680377377003250e-01
-1.444268898110058652e+00
-2.050672727648898519e+00
-2.688338022774934721e+00
-3.359333734990345821e+00
-4.064079957436778301e+00
-4.800060333745891583e+00
-5.560179717524524001e+00
-6.330826685357811456e+00
-7.089840330664039847e+00
-7.804772351294459121e+00
-8.432050276256507715e+00
-8.917826963588078470e+00
-9.201346016379513770e+00
-9.221447817440866501e+00
-8.926288508923493126e+00
-8.285429704529288841e+00
-7.302310382740391681e+00
-6.024044537781714226e+00
-4.544950921454749881e+00
-3.000675264143711551e+00
-1.551469002285607690e+00
-3.559845678233415356e-01
4.598372043710231005e-01
8.316493721575566322e-01
7.754215043999036494e-01
3.897342211153038138e-01
-1.606670456986406537e-01
-6.772084860496020431e-01
-9.681850280609876069e-01
-8.877467717755320731e-01
-3.636277640605318773e-01
5.925325448164965314e-01
1.893386646585929256e+00
3.398773814020849215e+00
4.946215779461203610e+00
6.381094218588733824e+00
7.580073241220603997e+00
8.464238394649763464e+00
9.001604243847937781e+00
9.201126767361953895e+00
9.101641285921552083e+00
8.759230449759837001e+00
8.235760520780326388e+00
7.590186065802629223e+00
6.873128080777813231e+00
6.124429936839723254e+00
5.372964521836669505e+00
4.637856161865226312e+00
3.930382034387423396e+00
3.256017110822155836e+00
2.616298221751840014e+00
2.010357587308941429e+00
1.436096431152118269e+00
8.910376707896244808e-01
3.729251332469044611e-01
-1.198609983768663123e-01
-5.880153133791624631e-01
-1.031107023314430826e+00
-1.447451881767425785e+00
-1.834059333380659185e+00
-2.186673629624649617e+00
-2.499935726110267709e+00
-2.767689667629901429e+00
-2.983439858605752448e+00
-3.140933862749375916e+00
-3.234803945947109849e+00
-3.261161089487897069e+00
-3.218014113518402830e+00
-3.105401519403054422e+00
-2.925183842735213702e+00
-2.680543726780842295e+00
-2.375352369712911305e+00
-2.013642423613830612e+00
-1.599435577458018676e+00
-1.137084524221437132e+00
-1.191478433766074430e+00
-6.944148983068123560e-01
-1.619660089607196651e-01
3.961982235641632322e-01
9.664764352599444219e-01
1.531412887591476979e+00
2.070668161476484137e+00
2.562756760072384399e+00
2.987213289728274823e+00
3.326737760503764463e+00
3.568888946516751037e+00
3.707026053541932153e+00
3.740392278789256508e+00
3.673426118534756313e+00
3.514525996606472358e+00
3.274554763543717772e+00
2.965355741648036059e+00
2.598483583065789304e+00
2.184262887052276891e+00
1.731201657845138131e+00
1.245724590432684353e+00
7.321573862124751697e-01
1.928869126613784180e-01
-3.713649832468725598e-01
-9.611918888279568085e-01
-1.578086542659613123e+00
-2.223939093965052738e+00
-2.900408117040234934e+00
-3.608108374084559422e+00
-4.345559418660127626e+00
-5.107860920862252740e+00
-5.885113285552229456e+00
-6.660693532173626252e+00
-7.409628709031606419e+00
-8.097469747902152903e+00
-8.680226303750586681e+00
-9.106017177391082740e+00
-9.319043607277951224e+00
-9.266219569945022272e+00
-8.906246478862865246e+00
-8.220125732315603173e+00
-7.221207959219801964e+00
-5.962152523502122214e+00
-4.535962030251311283e+00
-3.068872537666616829e+00
-1.704439900143243536e+00
-5.804561331809487967e-01
1.972162779843358582e-01
5.780089316489693818e-01
5.809823727720850872e-01
2.954306555883046692e-01
-1.337457503781384338e-01
-5.333872021012903142e-01
-7.360638578163422041e-01
-6.127081625253514297e-01
-9.628782472646402191e-02
8.085121421451085810e-01
2.030769661322618269e+00
3.451267807473273219e+00
4.927486025625284149e+00
6.319329360992118616e+00
7.510179936717701565e+00
8.419962951925789696e+00
9.009402783231704959e+00
9.276742202081114996e+00
9.249450639674346775e+00
8.973765871084706802e+00
8.504495210833127317e+00
7.896685132956055675e+00
7.199883304740135159e+00
6.454994599400899702e+00
5.693278150044718267e+00
4.936841363917066516e+00
4.199995625800759136e+00
3.490960573212454232e+00
2.813566750532134453e+00
2.168759093667808280e+00
1.555821561777004147e+00
9.733197412973538798e-01
4.197984193668296005e-01
-1.057154728596532700e-01
-6.033584901778862308e-01
-1.072192601734906603e+00
-1.510068850595076340e+00
-1.913595105162906096e+00
-2.278222730084348946e+00
-2.598470972695923198e+00
-2.868300138031024904e+00
-3.081623344255962405e+00
-3.232913399140220356e+00
-3.317823076608382937e+00
-3.333705409124950947e+00
-3.279912226505684369e+00
-3.157776606018966259e+00
-2.970254306409264355e+00
-2.721299065122170902e+00
-2.415149988146416682e+00
-2.055776298869865570e+00
-1.646719503116577554e+00
-1.191478433767106715e+00
-1.193271258416146674e+00
-7.148564833300242727e-01
-2.027052928278352262e-01
3.346579461012553214e-01
8.851196564446786041e-01
1.432943699061799414e+00
1.959517952237102900e+00
2.444797493405375555e+00
2.869181057672507862e+00
3.215451820048588427e+00
3.470409264859593002e+00
3.625908873590149462e+00
3.679175519320986965e+00
3.632417020801287144e+00
3.491893314090647849e+00
3.266667953736070107e+00
2.967277947251345527e+00
2.604517723035755239e+00
2.188465752722624558e+00
1.727810791806879465e+00
1.229475526069020441e+00
6.984977085605111879e-01
1.381136526938264442e-01
-4.500076268250980394e-01
-1.065415498564910912e+00
-1.708428167122385766e+00
-2.379574751781591502e+00
-3.078904243224541482e+00
-3.805129311722395435e+00
-4.554580681669669673e+00
-5.319976361716349800e+00
-6.089064603996166447e+00
-6.843282477903829708e+00
-7.556678309461816845e+00
-8.195459678998354036e+00
-8.718617003824444822e+00
-9.080088771110869317e+00
-9.232823178611059944e+00
-9.134806548850880503e+00
-8.756660621047492654e+00
-8.089810545083832238e+00
-7.153625015158474376e+00
-5.999532656581154200e+00
-4.710152893235136418e+00
-3.392116324909268066e+00
-2.162506835051111409e+00
-1.130528971435756480e+00
-3.776605007075503062e-01
5.936064345657098701e-02
1.983334353138954953e-01
1.110364767366286420e-01
-8.849816579540988049e-02
-2.648939476407471405e-01
-2.870956694344920512e-01
-5.306569471768608770e-02
4.919488060958248088e-01
1.347290938418081341e+00
2.459970530505213304e+00
3.737271543097421933e+00
5.065204267460575949e+00
6.328294241008729948e+00
7.426622306305119103e+00
8.287368050880298043e+00
8.869827983698117535e+00
9.164451742824711644e+00
9.187502900556889784e+00
8.973377445230422467e+00
8.566481153125637960e+00
8.014077488061756682e+00
7.360897947512275330e+00
6.645739550908145610e+00
5.899864480985322679e+00
5.146792579712391458e+00
4.403013948269355993e+00
3.679193779914323059e+00
2.981541945479955658e+00
2.313132631737242484e+00
1.675057917695793597e+00
1.067371939387265822e+00
4.898273396631486754e-01
-5.757268910480642377e-02
-5.741789519189485214e-01
-1.058435719679287734e+00
-1.507744609516863177e+00
-1.918453585976616971e+00
-2.285978863525404137e+00
-2.605066747716612952e+00
-2.870191375584888682e+00
-3.076062634338857738e+00
-3.218189106034605729e+00
-3.293411301461540042e+00
-3.300301291334334586e+00
-3.239328624979152860e+00
-3.112727846426548872e+00
-2.924070282969389201e+00
-2.677629756468463906e+00
-2.377713724590692745e+00
-2.028177016317999293e+00
-1.632318367570190665e+00
-1.193271258416962466e+00
-1.137378214906899832e+00
-6.878029896741213456e-01
-2.082338105730118238e-01
2.934971335093995437e-01
8.066114091500888872e-01
1.317330510225567464e+00
1.809423232037892237e+00
2.265305435130825717e+00
2.667509701403495637e+00
3.000256879923788311e+00
3.250845357062056351e+00
3.410626121058439431e+00
3.475431833536424264e+00
3.445444985620658152e+00
3.324592970613648113e+00
3.119625055816357406e+00
2.839049867129330718e+00
2.492096896545989537e+00
2.087824748065133740e+00
1.634448012454173149e+00
1.138907340187652384e+00
6.066721948366325945e-01
4.174629362593469672e-02
-5.531591065852715650e-01
-1.176312862691641259e+00
-1.826529289725933314e+00
-2.502615063392499284e+00
-3.202692692443865674e+00
-3.923395316203278860e+00
-4.658940140401893082e+00
-5.400116650610432778e+00
-6.133272454270187524e+00
-6.839442129047471397e+00
-7.493834664591579653e+00
-8.065956648722405475e+00
-8.520676172173958562e+00
-8.820495316673305553e+00
-8.929167125330268462e+00
-8.816549768252205155e+00
-8.464248526106025849e+00
-7.871209094820618368e+00
-7.058092125786446402e+00
-6.069108096017349574e+00
-4.970148936383808724e+00
-3.842589902071686048e+00
-2.773019624193417965e+00
-1.840224449976159748e+00
-1.101726715633032594e+00
-5.827318849565263914e-01
-2.702160022819525276e-01
-1.139959694031485726e-01
-3.512360541359380028e-02
5.979419811152016789e-02
2.612305697119290393e-01
6.399930587025439710e-01
1.234601068882385411e+00
2.045236615321026186e+00
3.035095867104858680e+00
4.138256974341937067e+00
5.271848437261450471e+00
6.349661387601183371e+00
7.294469699372471361e+00
8.047049349401158125e+00
8.570928531541971651e+00
8.852933451802382336e+00
8.900375904729179055e+00
8.736138018622749968e+00
8.392953549411588554e+00
7.907959047073890524e+00
7.318223700362409545e+00
6.657585562040658544e+00
5.954808525777382400e+00
5.232867995058396282e+00
4.509074829748250579e+00
3.795734427166026048e+00
3.101079254043359601e+00
2.430279127623087732e+00
1.786401894155781100e+00
1.171254661629921090e+00
5.860768988440351324e-01
3.208135820008369693e-02
-4.891502018194581747e-01
-9.754079290491968202e-01
-1.423726224154947761e+00
-1.830386405098661129e+00
-2.191049677101519766e+00
-2.501015695242023273e+00
-2.755590097553503703e+00
-2.950525997664386058e+00
-3.082483027288967836e+00
-3.149429385394276970e+00
-3.150905580755552826e+00
-3.088080835152509529e+00
-2.963568483452245772e+00
-2.781022350679786204e+00
-2.544600615539665434e+00
-2.258438424843704606e+00
-1.926294462105794247e+00
-1.551513952551721420e+00
-1.137378214906898277e+00
-1.025582076134329501e+00
-6.159555996538347289e-01
-1.815973585546229452e-01
2.700753201488731992e-01
7.294877463824387398e-01
1.184893653207881536e+00
1.622766530722221212e+00
2.028570339462401506e+00
2.387797614641772537e+00
2.687104171025001431e+00
2.915351791997363939e+00
3.064395168492098698e+00
3.129507047903957506e+00
3.109408810521944844e+00
3.005943802764179829e+00
2.823482963370306020e+00
2.568178948702398046e+00
2.247186121539769932e+00
1.867945211163642760e+00
1.437602070659714126e+00
9.625983463736248469e-01
4.484450089058882871e-01
-1.003288779575239043e-01
-6.800693711670359187e-01
-1.287751816464883570e+00
-1.920612382506010407e+00
-2.575669530877029434e+00
-3.249146844726488847e+00
-3.935813469820967470e+00
-4.628271586815342786e+00
-5.316243331183996723e+00
-5.985941987809270337e+00
-6.619648840503034926e+00
-7.195652379022092759e+00
-7.688725485971474427e+00
-8.071306230618018773e+00
-8.315489943527337502e+00
-8.395826906898131270e+00
-8.292747787501234313e+00
-7.996230685010291772e+00
-7.509117570460094093e+00
-6.849345975274927056e+00
-6.050350752126125720e+00
-5.159065204422579320e+00
-4.231327114001838474e+00
-3.325030984226700514e+00
-2.491956624720988334e+00
-1.769691870764902086e+00
-1.175291933478460615e+00
-7.021639060586665204e-01
-3.211120808326449749e-01
1.437264518134452607e-02
3.594444264720277893e-01
7.675125803881175379e-01
1.280201077360610284e+00
1.919643854712849596e+00
2.684544457257074246e+00
3.550557050208297483e+00
4.474602222000816809e+00
5.401959334235014509e+00
6.274550943626301169e+00
7.038813520026366177e+00
7.651876283164030568e+00
8.085309454941251417e+00
8.326289742719616527e+00
8.376522585561412271e+00
8.249571908755775951e+00
7.967356852801926514e+00
7.556514138679813364e+00
7.045153108423054533e+00
6.460319020122393674e+00
5.826278893963088734e+00
5.163590918281109055e+00
4.488823370540731439e+00
3.814747898627870448e+00
3.150833013559914519e+00
2.503889390454405284e+00
1.878754888034797510e+00
1.278943628942596167e+00
7.072139332428167835e-01
1.660315408316150876e-01
-3.420820396631244487e-01
-8.143192761155324533e-01
-1.247474557820031249e+00
-1.637948424050900131e+00
-1.981862567749580917e+00
-2.275273418481815746e+00
-2.514461908735018625e+00
-2.696264193895288042e+00
-2.818395781607731632e+00
-2.879713811647226063e+00
-2.880363929786307509e+00
-2.821772939625912802e+00
-2.706476906164881235e+00
-2.537812915458053542e+00
-2.319542817919025168e+00
-2.055507252186671519e+00
-1.749416245246768087e+00
-1.404861148051484321e+00
-1.025582076133411125e+00
-8.671272355779268137e-01
-5.101910435581332726e-01
-1.344628120962834683e-01
2.530948577605010574e-01
6.441258145195591922e-01
1.028921498394232747e+00
1.396698214123351711e+00
1.736096821896840670e+00
2.035844193245908151e+00
2.285481934042873142e+00
2.476054342576826439e+00
2.600657142935721922e+00
2.654776178943811793e+00
2.636384658464257846e+00
2.545807767539348010e+00
2.385397177011724601e+00
2.159079365511360038e+00
1.871849257604464745e+00
1.529276029304932116e+00
1.137074914656402314e+00
7.007816889763853752e-01
2.255498445877379410e-01
-2.839237729432809720e-01
-8.233490327286722144e-01
-1.388678388703170619e+00
-1.975842133107637233e+00
-2.580399086677024556e+00
-3.197122441837352724e+00
-3.819547003820908948e+00
-4.439514446072990062e+00
-5.046767560548490295e+00
-5.628660710495966057e+00
-6.170069481725566796e+00
-6.653591072011900920e+00
-7.060122962748614839e+00
-7.369882704610311031e+00
-7.563881385002733992e+00
-7.625786353545538354e+00
-7.544010892428913095e+00
-7.313765935747546187e+00
-6.938723928792892792e+00
-6.431908818467610978e+00
-5.815464987906615590e+00
-5.119088773637320955e+00
-4.377124636571731564e+00
-3.624601839100939582e+00
-2.892761355395920386e+00
-2.204824436313899572e+00
-1.572816462226126699e+00
-9.961425866561056663e-01
-4.623169335354513354e-01
5.017074200922505556e-02
5.673140548144709472e-01
1.114203146601098204e+00
1.709809106055729222e+00
2.362918341400684685e+00
3.069940450761211803e+00
3.814908949452943787e+00
4.571544687236220206e+00
5.306865942206286491e+00
5.985589387244243831e+00
6.574510396379237065e+00
7.046165548183382477e+00
7.381313736677916459e+00
7.570053467469815445e+00
7.611654532057816169e+00
7.513373990598483765e+00
7.288625708727353825e+00
6.954884531447406815e+00
6.531650212613159034e+00
6.038702474329904035e+00
5.494774915525162839e+00
4.916683048823681013e+00
4.318873328651734234e+00
3.713318065404258572e+00
3.109664083706344950e+00
2.515543672857562196e+00
1.936968611867949441e+00
1.378744805223639514e+00
8.448623963687852401e-01
3.388310660165596011e-01
-1.360582294251885260e-01
-5.765554379345622094e-01
-9.793616044449706681e-01
-1.341125884469378526e+00
-1.658522576735980358e+00
-1.928394901439585807e+00
-2.147945167564193181e+00
-2.314943488287950935e+00
-2.427922285135953651e+00
-2.486322428588315869e+00
-2.490561861437978308e+00
-2.442009606829506296e+00
-2.342866597808495488e+00
-2.195976572377245084e+00
-2.004610766077274064e+00
-1.772282787475171872e+00
-1.502650004633725667e+00
-1.199542012911691824e+00
-8.671272355788152142e-01
-6.780116385606469454e-01
-3.869569019627476791e-01
-8.285159314035449307e-02
2.281044720378731516e-01
5.389306059474521238e-01
8.419426485220328216e-01
1.128946646131824716e+00
1.391541102258333051e+00
1.621498944446061463e+00
1.811184252035094699e+00
1.953951165591897521e+00
2.044475174334748235e+00
2.078978170931845781e+00
2.055326068128589867e+00
1.972997198940178887e+00
1.832937473947460205e+00
1.637331453932559411e+00
1.389325785143385117e+00
1.092742208720820285e+00
7.518141832902972554e-01
3.709732114235546052e-01
-4.529687628333731175e-02
-4.925283974367050677e-01
-9.662591727018059462e-01
-1.461947068438739894e+00
-1.974819388834883060e+00
-2.499671351403717434e+00
-3.030632450169056913e+00
-3.560925438905810481e+00
-4.082647899148099668e+00
-4.586613393869122923e+00
-5.062293862845361758e+00
-5.497907763784474433e+00
-5.880694013095183692e+00
-6.197402536001566986e+00
-6.435008702890372412e+00
-6.581629380580765520e+00
-6.627576212694216373e+00
-6.566439762392717761e+00
-6.396059070173552463e+00
-6.119208045265105866e+00
-5.743834488505205726e+00
-5.282724525157393103e+00
-4.752539580873215819e+00
-4.172275626982408170e+00
-3.561309895505132772e+00
-2.937303799392778636e+00
-2.314296149394450719e+00
-1.701325627140901187e+00
-1.101855206953397115e+00
-5.141400131476574487e-01
6.749262700746998245e-02
6.506598441645794484e-01
1.242587582646669020e+00
1.847846131263945146e+00
2.466565592100042892e+00
3.093441708133585877e+00
3.717684389811779067e+00
4.323880737991379064e+00
4.893581819555588019e+00
5.407310899346981614e+00
5.846648163453935787e+00
6.196073735075072086e+00
6.444331402956373189e+00
6.585186164722329316e+00
6.617561640093482467e+00
6.545138576990061630e+00
6.375557753599860433e+00
6.119395778895428961e+00
5.789077262756384457e+00
5.397856233584183983e+00
4.958959048048858342e+00
4.484937797637626566e+00
3.987245081026079774e+00
3.476012915557256999e+00
2.960000842373671670e+00
2.446669869190106539e+00
1.942338794081849507e+00
1.452382866206997747e+00
9.814421415041252317e-01
5.336140123184615058e-01
1.126116715578626554e-01
-2.781230705733556685e-01
-6.353583797903064045e-01
-9.560628353995059836e-01
-1.237443164299316667e+00
-1.477019966686280883e+00
-1.672727700222421010e+00
-1.823022164112680255e+00
-1.926977132473389753e+00
-1.984352980750186290e+00
-1.995624377878938427e+00
-1.961961389321942084e+00
-1.885167783729976287e+00
-1.767590209265080592e+00
-1.612020257909363430e+00
-1.421614309862141434e+00
-1.199855597779480032e+00
-9.505721612618363014e-01
-6.780116385559458170e-01
-4.788303661751322493e-01
-2.641234184715662292e-01
-4.122925727487854880e-02
1.848026548269108282e-01
4.085537750616449193e-01
6.243191534081513616e-01
8.262369153205396666e-01
1.008460117497981257e+00
1.165358788925114686e+00
1.291733971261464387e+00
1.383022535838655198e+00
1.435472037093078468e+00
1.446268681807766798e+00
1.413607819729072679e+00
1.336703954545632511e+00
1.215744788808856836e+00
1.051800086980143822e+00
8.467003819545828591e-01
6.029024411768776348e-01
3.233580527483252975e-01
1.140051036924954672e-02
-3.293402614904508141e-01
-6.949871138377035074e-01
-1.081427099796433033e+00
-1.484286619400339902e+00
-1.898875928079630793e+00
-2.320112299923100974e+00
-2.742434470852618489e+00
-3.159723947990428439e+00
-3.565251160016258414e+00
-3.951665860157002275e+00
-4.311051106596977434e+00
-4.635057843104615216e+00
-4.915131901830775085e+00
-5.142836681062835424e+00
-5.310262830406260015e+00
-5.410501715615938068e+00
-5.438143885045840342e+00
-5.389749720982656811e+00
-5.264230130703931643e+00
-5.063073809656373214e+00
-4.790366936078651605e+00
-4.452572223481226388e+00
-4.058065820628778297e+00
-3.616468640032770576e+00
-3.137846911420234530e+00
-2.631887210774802810e+00
-2.107166278997247844e+00
-1.570630138534433673e+00
-1.027368854850933433e+00
-4.807261889443595337e-01
6.727450377906839252e-02
6.152641271168185488e-01
1.161742298103270121e+00
1.704315879633149233e+00
2.239100491216774014e+00
2.760393124056148562e+00
3.260673777790824790e+00
3.730935160905815007e+00
4.161284025746651238e+00
4.541716164824525670e+00
4.862946168364606692e+00
5.117174493891296194e+00
5.298695265655576137e+00
5.404282101497770441e+00
5.433328226330244703e+00
5.387753635665319507e+00
5.271720430492308651e+00
5.091214607327590791e+00
4.853558151034817136e+00
4.566910933609235279e+00
4.239810657576050801e+00
3.880784221222077779e+00
3.498048464860387341e+00
3.099304536052227110e+00
2.691619418326132163e+00
2.281380993140494695e+00
1.874309172241963362e+00
1.475504590406153449e+00
1.089517353712670333e+00
7.204206940791361147e-01
3.718774993179478905e-01
4.719114444864970503e-02
-2.506644314395868323e-01
-5.190370615541390897e-01
-7.556096234487470475e-01
-9.584300471752235095e-01
-1.125951744845747449e+00
-1.257076868253254709e+00
-1.351194580741501561e+00
-1.408207518113269163e+00
-1.428541796361582517e+00
-1.413139067754797917e+00
-1.363432734442358907e+00
-1.281313800223032651e+00
-1.169094176576956468e+00
-1.029475859496988388e+00
-8.655328489533694603e-01
-6.807090595007223577e-01
-4.788303661751331375e-01
-2.915744905078128113e-01
-1.568460465761049305e-01
-1.756785848668216549e-02
1.226243361710027124e-01
2.599555369800027327e-01
3.905765058487818409e-01
5.106433444301606839e-01
6.164092098821868371e-01
7.043236338594940360e-01
7.711332961820119847e-01
8.139772683203356785e-01
8.304698067162100683e-01
8.187650760995160981e-01
7.775997050368401720e-01
7.063116326664250488e-01
6.048362703613053837e-01
4.736826711783976851e-01
3.138949999190126516e-01
1.270046131690009406e-01
-8.502092021323737203e-02
-3.198263713985838308e-01
-5.747104464133181434e-01
-8.466574134108975080e-01
-1.132357546336473009e+00
-1.428217055473950836e+00
-1.730360057641231464e+00
-2.034626816655161097e+00
-2.336573914617551484e+00
-2.631483029401130658e+00
-2.914385395800630274e+00
-3.180108842976457684e+00
-3.423353199566447902e+00
-3.638797760703682549e+00
-3.821241649314870870e+00
-3.965773853286614248e+00
-4.067965353455301525e+00
-4.124071433086335503e+00
-4.131226870252898919e+00
-4.087616927157539770e+00
-3.992601784009889521e+00
-3.846779325220119894e+00
-3.651971500834552131e+00
-3.411130711584114739e+00
-3.128170517879523604e+00
-2.807736284120517567e+00
-2.454940503282835085e+00
-2.075094006738798846e+00
-1.673466255177494366e+00
-1.255104474081875754e+00
-8.247327840711763391e-01
-3.867397182514912823e-01
5.475220519562261356e-02
4.957552695929683950e-01
9.322549053270153818e-01
1.360054166195608261e+00
1.774659824407404551e+00
2.171238238736557857e+00
2.544657017665569398e+00
2.889613880950244518e+00
3.200839794799829274e+00
3.473351839908197292e+00
3.702724303437202380e+00
3.885344921972797128e+00
4.018626440564418090e+00
4.101152125626613021e+00
4.132742712512045280e+00
4.114442659712822525e+00
4.048434916852063026e+00
3.937897046760012731e+00
3.786818357804957458e+00
3.599797406577782244e+00
3.381838135237299703e+00
3.138159732579908212e+00
2.874030888976297771e+00
2.594634697434059056e+00
2.304966203532157643e+00
2.009761138687338633e+00
1.713451839226369788e+00
1.420144841170282612e+00
1.133613954013929837e+00
8.573027849084138285e-01
5.943313200640323313e-01
3.475023044079021406e-01
1.193044310574768868e-01
-8.808924892411648666e-02
-2.728279843755640477e-01
-4.333941934870131907e-01
-5.686168385021150851e-01
-6.776851134792893916e-01
-7.601600748104059280e-01
-8.159824007035293425e-01
-8.454746335349295761e-01
-8.493377351364773675e-01
-8.286421751446455541e-01
-7.848148529581882027e-01
-7.196234649205491829e-01
-6.351599426244862734e-01
-5.338240155365790995e-01
-4.183069779739701510e-01
-2.915744905035806411e-01
-1.363819827604338952e-01
-7.491065890522266568e-02
-1.128810551453096611e-02
5.228800983037800582e-02
1.135835923587569518e-01
1.703679560537104676e-01
2.204567360191449499e-01
2.617567985078443904e-01
2.923116902375531567e-01
3.103458974366549161e-01
3.143060731048432088e-01
3.028974656417718903e-01
2.751140438909168151e-01
2.302612336511004887e-01
1.679707078543195564e-01
8.820723970175335660e-02
-8.731834530368269218e-03
-1.222235532542356312e-01
-2.513313787225838758e-01
-3.948209435162570724e-01
-5.511781360040802769e-01
-7.186283872687579954e-01
-8.951563864446402397e-01
-1.078525911872585175e+00
-1.266299948248938545e+00
-1.455861798595998957e+00
-1.644438201305686631e+00
-1.829125875313145189e+00
-2.006923144879094068e+00
-2.174767721411799748e+00
-2.329582194858152100e+00
-2.468327523162217485e+00
-2.588064381669134661e+00
-2.686021498622623405e+00
-2.759668344974470333e+00
-2.806789575733212860e+00
-2.825556858775861713e+00
-2.814593648710697948e+00
-2.773028172325317620e+00
-2.700530289955903385e+00
-2.597328835583243123e+00
-2.464207503580510217e+00
-2.302479203583344347e+00
-2.113940847600579875e+00
-1.900812477341684348e+00
-1.665666202658086625e+00
-1.411351320298495748e+00
-1.140922037813744794e+00
-8.575733728179499860e-01
-5.645891200130741527e-01
-2.653035210126598042e-01
3.692421809432933771e-02
3.387257232686565755e-01
6.367344565174268833e-01
9.275976758442757708e-01
1.207994926468539010e+00
1.474667469022120869e+00
1.724461088135855968e+00
1.954382309806025342e+00
2.161665597786030180e+00
2.343846994039471721e+00
2.498838241662863613e+00
2.624994868608914622e+00
2.721172054326257861e+00
2.786763244337210566e+00
2.821718194486235287e+00
2.826539139249182320e+00
2.802255788485006338e+00
2.750381606680709190e+00
2.672855155667371196e+00
2.571970960566121178e+00
2.450304846795944513e+00
2.310637971595930207e+00
2.155883596423167514e+00
1.989019464632893142e+00
1.813027757477541302e+00
1.630843635125927449e+00
1.445312506390490581e+00
1.259155419500552986e+00
1.074941688626778191e+00
8.950673791693655179e-01
7.217384567232728587e-01
5.569571306752298945e-01
4.025106773693951645e-01
2.599617749071347350e-01
1.306399951125054582e-01
1.563430757896970905e-02
-8.421332575765735906e-02
-1.683130052187922499e-01
-2.363302565611994643e-01
-2.881873591218888642e-01
-3.240623581306893985e-01
-3.443855833071162165e-01
-3.498336090434675527e-01
-3.413206820558846721e-01
-3.199876852004654437e-01
-2.871886872945439984e-01
-2.444750497623462970e-01
-1.935769410672058544e-01
-1.363819827598762302e-01
-2.933389775337175848e-02
-2.225278248613387494e-02
-1.439391690072073030e-02
-6.739387700486328993e-03
-2.745387681308159044e-04
4.030387740538310219e-03
5.238865793817119344e-03
2.466595049316890227e-03
-5.100487693143138275e-03
-1.818910419518499771e-02
-3.742284179144762107e-02
-6.330804841833213847e-02
-9.622174541131847669e-02
-1.364018164161336644e-01
-1.839396608530814159e-01
-2.387754057086245718e-01
-3.006957028321571301e-01
-3.693340417734484182e-01
-4.441734991993847026e-01
-5.245517448212575484e-01
-6.096681877541784145e-01
-6.985930710818855083e-01
-7.902784265303841593e-01
-8.835707719025625018e-01
-9.772255035995127681e-01
-1.069922958283136216e+00
-1.160286135348971737e+00
-1.246900069856794246e+00
-1.328332814631426384e+00
-1.403157934144035890e+00
-1.469978323655702024e+00
-1.527451068444475535e+00
-1.574312871290702631e+00
-1.609405621890758420e+00
-1.631701314722195484e+00
-1.640325542735151743e+00
-1.634578942027101300e+00
-1.613955512465788722e+00
-1.578157272289670399e+00
-1.527104504312215338e+00
-1.460941185748174664e+00
-1.380035375482217441e+00
-1.284974589990565574e+00
-1.176556449939453186e+00
-1.055775103957740546e+00
-9.238041088234733023e-01
-7.819765474593841637e-01
-6.317631868343883683e-01
-4.747494182683291708e-01
-3.126115948471682171e-01
-1.470932066275276451e-01
2.001885598961772317e-02
1.869178753745279198e-01
3.518007714473405656e-01
5.128915773224014263e-01
6.684650318920267731e-01
8.168703073329852682e-01
9.565547411636550201e-01
1.086087258625733742e+00
1.204180982516077858e+00
1.309714366004510078e+00
1.401750076559843405e+00
1.479550825918779733e+00
1.542591389674701441e+00
1.590566188774819700e+00
1.623392002881802965e+00
1.641205596965195523e+00
1.644356376160961197e+00
1.633394331447383552e+00
1.609053768110700666e+00
1.572233672441364138e+00
1.523975334858601594e+00
1.465438155137362974e+00
1.397874524449859379e+00
1.322604471040600638e+00
1.240990778764300195e+00
1.154415114207502757e+00
1.064255572569533737e+00
9.718659193177142663e-01
8.785566901205822399e-01
7.855782154936343797e-01
6.941055593768312715e-01
6.052253371901670231e-01
5.199242974754807456e-01
4.390796466661744946e-01
3.634509730622766943e-01
2.936737698994920098e-01
2.302544940318898281e-01
1.735671277613666519e-01
1.238512886918094469e-01
8.121184350677136676e-02
4.562007370444574883e-02
1.691639071369742744e-02
-5.185383542341065292e-03
-2.109217203264677695e-02
-3.132423671108734708e-02
-3.650622720089365808e-02
-3.735671029508606106e-02
-3.467622129720668300e-02
-2.933389775351595910e-02
1.828987465425708017e-02
1.703268802362856247e-03
-1.474289650734184227e-02
-3.124136999351288108e-02
-4.798368051058724687e-02
-6.515545971684523485e-02
-8.293182907687811356e-02
-1.014729241615983379e-01
-1.209196347164009505e-01
-1.413896349935921670e-01
-1.629737782806484903e-01
-1.857329128737131851e-01
-2.096951907634804213e-01
-2.348539169569378582e-01
-2.611659786061319988e-01
-2.885508995885316397e-01
-3.168905313298922000e-01
-3.460294119170354565e-01
-3.757757853342980070e-01
-4.059032785702114676e-01
-4.361532326060438836e-01
-4.662376465583558671e-01
-4.958427176884274701e-01
-5.246329274824426125e-01
-5.522556281832817771e-01
-5.783460640978044243e-01
-6.025327728645679670e-01
-6.244432823777321673e-01
-6.437100180313721776e-01
-6.599763432026982679e-01
-6.729026238888057287e-01
-6.821722190905049610e-01
-6.874972906826428698e-01
-6.886243278302001114e-01
-6.853392701769041029e-01
-6.774721336796380999e-01
-6.649010353963075159e-01
-6.475555218913635613e-01
-6.254191472480293834e-01
-5.985312055404958809e-01
-5.669875946990091675e-01
-5.309407805610540931e-01
-4.905988341438514144e-01
-4.462236013240031829e-01
-3.981279672416086490e-01
-3.466723174659500084e-01
-2.922602450490101589e-01
-2.353335336496845953e-01
-1.763665969118951848e-01
-1.158603570089510593e-01
-5.433575972413646343e-02
7.673046167790111005e-03
6.962570984232432925e-02
1.309827732349300999e-01
1.912127438585510819e-01
2.497990461643801730e-01
3.062467240838159799e-01
3.600888275445527364e-01
4.108923336499846202e-01
4.582635383844585464e-01
5.018528297459379228e-01
5.413587276367223255e-01
5.765311600728885155e-01
6.071739022178277434e-01
6.331461368003330481e-01
6.543631210100165907e-01
6.707959478078227011e-01
6.824704355253328192e-01
6.894651640110610602e-01
6.919087082555303025e-01
6.899761750948634198e-01
6.838850769425373066e-01
6.738906709624394864e-01
6.602808529346151367e-01
6.433707111094768560e-01
6.234968540721166352e-01
6.010116094719787361e-01
5.762771981528714837e-01
5.496599823562938747e-01
5.215248684973106119e-01
4.922299525570447143e-01
4.621214682392175699e-01
4.315291111549999781e-01
4.007617867983717663e-01
3.701038112793102464e-01
3.398116361441830824e-01
3.101110872347556668e-01
2.811951661072150666e-01
2.532224131942779621e-01
2.263158548930728209e-01
2.005625230656545577e-01
1.760135538064483973e-01
1.526848535546800889e-01
1.305583208087728875e-01
1.095835991481932808e-01
8.968033467258473834e-02
7.074091109481166206e-02
5.263362084827613585e-02
3.520622846689587526e-02
1.828987465220868747e-02
4.049308123471870487e-16
6.080683277504773088e-17
-5.230176734559871534e-18
-2.800081582932561667e-16
-6.321923725366870518e-16
-7.453655556532420411e-16
-8.482865507565364961e-16
-1.530715156320694398e-15
-8.072043529265777050e-16
-1.068465505066902707e-15
-1.709725153741239070e-15
-2.010684463118641831e-15
-1.980031782605959033e-15
-2.367743465556118402e-15
-2.036381292174644509e-15
-3.544184534569948837e-15
-1.984000812633144482e-15
-2.490484788953783990e-15
-2.187194796940202088e-15
-2.101616341712466243e-15
-2.253460454559142377e-15
-2.111107075136369435e-15
-2.519131949444670340e-15
-2.516721425924543147e-15
-2.610253964071135848e-15
-2.297706875972578512e-15
-2.360251267485665424e-15
-2.227947019852856919e-15
-2.270421812178125415e-15
-2.034858353385179241e-15
-2.347591494491861636e-15
-2.256442823631867413e-15
-2.475776791015972339e-15
-2.423731946122951867e-15
-1.871741244112948486e-15
-2.091423750902847448e-15
-2.663080907901612746e-15
-2.764538862634853760e-15
-7.867444263691671352e-16
-1.321396324526384879e-15
-1.366196883908295948e-15
-1.681017791861021732e-15
-9.626649877007842666e-16
-1.330072494352238583e-15
-1.361507330343552472e-15
-6.841104468824090859e-16
-7.672114617589742688e-16
-5.374551524122352265e-16
-4.374312928335919755e-16
-1.503826691103984289e-16
-2.261333319275312757e-17
-8.787103051326730463e-17
3.448284773521005265e-17
3.242940681064214847e-16
3.873092948038742943e-16
8.883170274546761438e-16
6.543738667251548014e-16
3.545951183365791752e-16
1.153033202838564643e-15
1.040158570318176974e-15
8.511896338946026407e-16
1.860153882259821589e-15
1.487993730678183785e-15
1.256776153970037351e-15
1.759951113133075006e-15
1.609586979528309242e-15
1.802811708141891672e-15
1.975169273506879813e-15
2.116758230518261133e-15
2.156735570475812524e-15
1.735929621447531419e-15
1.927404914009790261e-15
1.840047425930775071e-15
2.024248845604016515e-15
2.055714793418954673e-15
2.080168861177392892e-15
2.363643930489298834e-15
2.139388232790778235e-15
2.453580345801427717e-15
2.214470456447791476e-15
2.202408515902843514e-15
2.354420386645789498e-15
2.973750827787645214e-15
2.465789789749822050e-15
2.806936210897686341e-15
3.302236223048928942e-15
2.055483999662978203e-15
2.091722678987122623e-15
2.107785505236267687e-15
2.366945871323400439e-15
2.840144884114169498e-15
2.137662321598352975e-15
1.843569677294057760e-15
1.071497897807732017e-15
1.441400654714701347e-15
1.624066628008526952e-15
8.589640220615109008e-16
5.081317237242234972e-16
4.593024952050089089e-16
4.213347504639686082e-16
