1.000000000000000000e+03
1.000000000000000000e+03
3.400411932703709681e+02
6.650018030431118632e+01
4.155455334718870830e+01
4.213321743847289014e+01
5.043159487171358535e+01
1.000000000000000000e+03
1.000000000000000000e+03
2.508415059277541275e+02
5.404216420705915169e+01
2.860595535175744786e+01
2.900430493863991543e+01
3.471686818926559681e+01
7.275483529196233121e+02
6.248788072006888115e+02
2.010496416260496915e+02
4.771760948938740654e+01
2.324697059985650327e+01
2.357069413996727647e+01
2.744343303228362529e+01
4.871780218794630741e+02
4.361537789208005620e+02
1.703065029252842635e+02
4.331483223376402947e+01
2.024446509976801778e+01
2.052637752709252084e+01
2.357069413996727647e+01
3.544455673970435328e+02
3.307649780744242776e+02
1.483102514336102900e+02
4.042095839796309775e+01
1.812417547374235838e+01
1.837656200388172323e+01
2.081221569986337272e+01
2.763385290053172412e+02
2.614673211801091952e+02
1.291549665014882748e+02
3.772042493417001197e+01
1.668100537200059108e+01
1.691329517029647178e+01
1.889192776207664437e+01
2.245697995539771625e+02
2.154434690031882269e+02
1.156280131207375348e+02
3.569049345675229290e+01
1.556654359271061949e+01
1.578331405652116537e+01
1.762975375287203761e+01
1.876174691439119613e+02
1.799928506782476347e+02
1.049593230558226651e+02
3.376980310825087628e+01
1.472882723907501834e+01
1.493393216124253264e+01
1.645190587753660694e+01
1.611414277253019804e+02
1.567455410205595001e+02
9.527500472427300338e+01
3.239742629528195295e+01
1.413025990599533621e+01
1.432702953409829405e+01
1.556654359271061949e+01
1.403289084785873229e+02
1.365007806546013853e+02
8.768856094587427208e+01
3.108082173869063780e+01
1.355601785329368880e+01
1.374479092677536585e+01
1.493393216124253264e+01
1.256316602474121424e+02
1.222044686631488730e+02
8.070620141149507276e+01
2.981772290019673477e+01
1.318621401394748460e+01
1.318621401394748460e+01
1.432702953409829405e+01
1.124737178364750747e+02
1.094054707205743568e+02
7.531420165974375891e+01
2.900430493863991543e+01
1.282649830528059809e+01
1.282649830528059809e+01
1.393619274224143467e+01
1.006938631476027126e+02
9.931091813749800679e+01
7.028244264308352740e+01
2.821307675939470627e+01
1.247659552630868518e+01
1.247659552630868518e+01
1.355601785329368880e+01
9.267593301146882823e+01
9.140310748756222381e+01
6.650018030431118632e+01
2.706652070033241131e+01
1.213623798344241678e+01
1.213623798344241678e+01
1.318621401394748460e+01
8.529644499741016261e+01
8.412497049736118981e+01
6.205728806776500761e+01
2.632815465648020137e+01
1.180516528568805512e+01
1.196955702359042739e+01
1.282649830528059809e+01
7.850456200204509116e+01
7.742636826811278183e+01
5.871766390733249352e+01
2.560993100258456678e+01
1.164303132920875683e+01
1.164303132920875683e+01
1.247659552630868518e+01
7.325965428215229736e+01
7.225349491787206091e+01
5.633142670601351654e+01
2.525820026962784581e+01
1.148312414543511117e+01
1.148312414543511117e+01
1.230524004359261525e+01
6.836516004510238531e+01
6.742622241778335024e+01
5.329994080844092963e+01
2.456916462982790250e+01
1.116986818467822573e+01
1.132541315152812622e+01
1.196955702359042739e+01
6.468607661546320742e+01
6.379766808606282069e+01
5.113387538414320943e+01
2.389892566231047866e+01
1.101645949633656940e+01
1.116986818467822573e+01
1.180516528568805512e+01
6.120498372476702542e+01
6.036438506075863586e+01
4.838209664925957298e+01
2.357069413996727647e+01
1.086515774652537303e+01
1.101645949633656940e+01
1.164303132920875683e+01
5.791122647641758192e+01
5.711586478126434940e+01
4.641588833612782139e+01
2.292769312865648601e+01
1.071593399822671167e+01
1.086515774652537303e+01
1.148312414543511117e+01
5.479472336900281704e+01
5.404216420705915169e+01
4.452958509942650522e+01
2.261280066337279493e+01
1.056875971184805074e+01
1.071593399822671167e+01
1.132541315152812622e+01
5.184593543892913203e+01
5.184593543892913203e+01
4.271993966306776969e+01
2.199593068030074861e+01
1.056875971184805074e+01
1.056875971184805074e+01
1.116986818467822573e+01
4.973895958790068050e+01
4.905583706365045771e+01
4.155455334718870830e+01
2.169383518385182086e+01
1.042360673976401131e+01
1.042360673976401131e+01
1.101645949633656940e+01
4.771760948938740654e+01
4.706224849841281355e+01
3.986581073580438783e+01
2.139588871343421417e+01
1.028044732093309754e+01
1.028044732093309754e+01
1.086515774652537303e+01
4.577840538376616308e+01
4.514967772036101934e+01
3.877828414589453132e+01
2.081221569986337272e+01
1.013925407558814307e+01
1.013925407558814307e+01
1.071593399822671167e+01
4.391800892596086214e+01
4.331483223376402947e+01
3.720236681413065583e+01
2.052637752709252084e+01
1.013925407558814307e+01
1.013925407558814307e+01
1.056875971184805074e+01
4.213321743847289014e+01
4.213321743847289014e+01
3.618749812411276423e+01
2.024446509976801778e+01
1.000000000000000000e+01
1.000000000000000000e+01
1.042360673976401131e+01
4.098383671757261482e+01
4.042095839796309775e+01
3.520031472796682692e+01
1.996642450109793288e+01
9.862658461312820535e+00
9.862658461312820535e+00
1.028044732093309754e+01
3.931828755705770106e+01
3.931828755705770106e+01
3.424006137971425545e+01
1.969220255479173431e+01
9.862658461312820535e+00
9.862658461312820535e+00
1.013925407558814307e+01
3.824569722466998911e+01
3.772042493417001197e+01
3.330600343624588788e+01
1.942174681489024479e+01
9.727203192450536662e+00
9.727203192450536662e+00
1.000000000000000000e+01
3.669142378402494131e+01
3.669142378402494131e+01
3.239742629528195295e+01
1.915500555573527919e+01
9.593608287093147169e+00
9.593608287093147169e+00
1.000000000000000000e+01
3.569049345675229290e+01
3.569049345675229290e+01
3.151363484866476128e+01
1.889192776207664437e+01
9.593608287093147169e+00
9.593608287093147169e+00
9.862658461312820535e+00
3.471686818926559681e+01
3.471686818926559681e+01
3.065395295056529790e+01
1.863246311931559873e+01
9.461848194722001892e+00
9.461848194722001892e+00
9.727203192450536662e+00
3.376980310825087628e+01
3.376980310825087628e+01
3.023294684405776422e+01
1.837656200388172323e+01
9.461848194722001892e+00
9.461848194722001892e+00
9.727203192450536662e+00
3.284857366030046677e+01
3.284857366030046677e+01
2.940820170587060645e+01
1.812417547374235838e+01
9.331897715733239451e+00
9.331897715733239451e+00
9.593608287093147169e+00
3.195247505759213524e+01
3.195247505759213524e+01
2.860595535175744786e+01
1.787525525904235479e+01
9.331897715733239451e+00
9.331897715733239451e+00
9.461848194722001892e+00
3.108082173869063780e+01
3.108082173869063780e+01
2.821307675939470627e+01
1.762975375287203761e+01
9.203731996618220279e+00
9.203731996618220279e+00
9.461848194722001892e+00
3.023294684405776422e+01
3.023294684405776422e+01
2.744343303228362529e+01
1.738762400216250370e+01
9.203731996618220279e+00
9.203731996618220279e+00
9.331897715733239451e+00
2.981772290019673477e+01
2.940820170587060645e+01
2.706652070033241131e+01
1.714881969870540956e+01
9.077326525210223096e+00
9.077326525210223096e+00
9.203731996618220279e+00
2.900430493863991543e+01
2.900430493863991543e+01
2.632815465648020137e+01
1.691329517029647178e+01
9.077326525210223096e+00
9.077326525210223096e+00
9.203731996618220279e+00
2.860595535175744786e+01
2.821307675939470627e+01
2.596655972934872381e+01
1.691329517029647178e+01
9.077326525210223096e+00
8.952657125996392296e+00
9.077326525210223096e+00
2.782559402207125743e+01
2.782559402207125743e+01
2.525820026962784581e+01
1.668100537200059108e+01
8.952657125996392296e+00
8.952657125996392296e+00
9.077326525210223096e+00
2.706652070033241131e+01
2.706652070033241131e+01
2.491130026067791192e+01
1.645190587753660694e+01
8.952657125996392296e+00
8.829699955494092478e+00
8.952657125996392296e+00
2.669478494034323646e+01
2.669478494034323646e+01
2.456916462982790250e+01
1.622595287078087267e+01
8.829699955494092478e+00
8.829699955494092478e+00
8.829699955494092478e+00
2.632815465648020137e+01
2.596655972934872381e+01
2.423172794237600769e+01
1.622595287078087267e+01
8.829699955494092478e+00
8.829699955494092478e+00
8.829699955494092478e+00
2.560993100258456678e+01
2.560993100258456678e+01
2.357069413996727647e+01
1.600310313738701851e+01
8.829699955494092478e+00
8.708431497690723333e+00
8.708431497690723333e+00
2.525820026962784581e+01
2.525820026962784581e+01
2.324697059985650327e+01
1.578331405652116537e+01
8.708431497690723333e+00
8.708431497690723333e+00
8.708431497690723333e+00
2.491130026067791192e+01
2.456916462982790250e+01
2.292769312865648601e+01
1.578331405652116537e+01
8.708431497690723333e+00
8.588828559546250574e+00
8.588828559546250574e+00
2.423172794237600769e+01
2.423172794237600769e+01
2.261280066337279493e+01
1.556654359271061949e+01
8.588828559546250574e+00
8.588828559546250574e+00
8.588828559546250574e+00
2.389892566231047866e+01
2.389892566231047866e+01
2.230223297965936169e+01
1.535275028780421103e+01
8.588828559546250574e+00
8.588828559546250574e+00
8.470868266557403103e+00
2.357069413996727647e+01
2.357069413996727647e+01
2.199593068030074861e+01
1.535275028780421103e+01
8.588828559546250574e+00
8.470868266557403103e+00
8.470868266557403103e+00
2.324697059985650327e+01
2.292769312865648601e+01
2.169383518385182086e+01
1.514189325304351996e+01
8.470868266557403103e+00
8.470868266557403103e+00
8.354528058382863165e+00
2.292769312865648601e+01
2.261280066337279493e+01
2.139588871343421417e+01
1.493393216124253264e+01
8.470868266557403103e+00
8.354528058382863165e+00
8.354528058382863165e+00
2.230223297965936169e+01
2.230223297965936169e+01
2.110203428568596706e+01
1.493393216124253264e+01
8.470868266557403103e+00
8.354528058382863165e+00
8.239785684528520449e+00
2.199593068030074861e+01
2.199593068030074861e+01
2.081221569986337272e+01
1.472882723907501834e+01
8.354528058382863165e+00
8.354528058382863165e+00
8.239785684528520449e+00
2.169383518385182086e+01
2.169383518385182086e+01
2.052637752709252084e+01
1.472882723907501834e+01
8.354528058382863165e+00
8.239785684528520449e+00
8.239785684528520449e+00
2.139588871343421417e+01
2.139588871343421417e+01
2.024446509976801778e+01
1.452653925946781222e+01
8.354528058382863165e+00
8.239785684528520449e+00
8.126619200091946382e+00
2.110203428568596706e+01
2.110203428568596706e+01
1.996642450109793288e+01
1.452653925946781222e+01
8.239785684528520449e+00
8.239785684528520449e+00
8.126619200091946382e+00
2.081221569986337272e+01
2.081221569986337272e+01
1.969220255479173431e+01
1.432702953409829405e+01
8.239785684528520449e+00
8.126619200091946382e+00
8.015006961565404708e+00
2.052637752709252084e+01
2.052637752709252084e+01
1.942174681489024479e+01
1.432702953409829405e+01
8.239785684528520449e+00
8.126619200091946382e+00
8.015006961565404708e+00
2.024446509976801778e+01
2.024446509976801778e+01
1.915500555573527919e+01
1.413025990599533621e+01
8.126619200091946382e+00
8.126619200091946382e+00
7.904927622696420464e+00
1.996642450109793288e+01
1.996642450109793288e+01
1.889192776207664437e+01
1.393619274224143467e+01
8.126619200091946382e+00
8.015006961565404708e+00
7.904927622696420464e+00
1.996642450109793288e+01
1.969220255479173431e+01
1.889192776207664437e+01
1.393619274224143467e+01
8.126619200091946382e+00
8.015006961565404708e+00
7.904927622696420464e+00
1.969220255479173431e+01
1.942174681489024479e+01
1.863246311931559873e+01
1.374479092677536585e+01
8.126619200091946382e+00
8.015006961565404708e+00
7.796360130405228794e+00
1.942174681489024479e+01
1.942174681489024479e+01
1.837656200388172323e+01
1.374479092677536585e+01
8.015006961565404708e+00
7.904927622696420464e+00
7.796360130405228794e+00
1.915500555573527919e+01
1.915500555573527919e+01
1.812417547374235838e+01
1.374479092677536585e+01
8.015006961565404708e+00
7.904927622696420464e+00
7.689283720758313123e+00
1.889192776207664437e+01
1.889192776207664437e+01
1.787525525904235479e+01
1.355601785329368880e+01
8.015006961565404708e+00
7.904927622696420464e+00
7.689283720758313123e+00
1.863246311931559873e+01
1.863246311931559873e+01
1.787525525904235479e+01
1.355601785329368880e+01
7.904927622696420464e+00
7.904927622696420464e+00
7.689283720758313123e+00
1.863246311931559873e+01
1.837656200388172323e+01
1.762975375287203761e+01
1.336983741824945149e+01
7.904927622696420464e+00
7.796360130405228794e+00
7.583677914997190683e+00
1.837656200388172323e+01
1.837656200388172323e+01
1.738762400216250370e+01
1.336983741824945149e+01
7.904927622696420464e+00
7.796360130405228794e+00
7.583677914997190683e+00
1.812417547374235838e+01
1.812417547374235838e+01
1.738762400216250370e+01
1.318621401394748460e+01
7.904927622696420464e+00
7.796360130405228794e+00
7.583677914997190683e+00
1.787525525904235479e+01
1.787525525904235479e+01
1.714881969870540956e+01
1.318621401394748460e+01
7.796360130405228794e+00
7.689283720758313123e+00
7.479522515621821022e+00
1.787525525904235479e+01
1.762975375287203761e+01
1.691329517029647178e+01
1.300511252173409815e+01
7.796360130405228794e+00
7.689283720758313123e+00
7.479522515621821022e+00
1.762975375287203761e+01
1.762975375287203761e+01
1.691329517029647178e+01
1.300511252173409815e+01
7.796360130405228794e+00
7.689283720758313123e+00
7.479522515621821022e+00
1.738762400216250370e+01
1.738762400216250370e+01
1.668100537200059108e+01
1.282649830528059809e+01
7.796360130405228794e+00
7.689283720758313123e+00
7.376797602527730646e+00
1.714881969870540956e+01
1.714881969870540956e+01
1.645190587753660694e+01
1.282649830528059809e+01
7.689283720758313123e+00
7.583677914997190683e+00
7.376797602527730646e+00
1.714881969870540956e+01
1.714881969870540956e+01
1.645190587753660694e+01
1.282649830528059809e+01
7.689283720758313123e+00
7.583677914997190683e+00
7.376797602527730646e+00
1.691329517029647178e+01
1.691329517029647178e+01
1.622595287078087267e+01
1.265033720395903849e+01
7.689283720758313123e+00
7.583677914997190683e+00
7.275483529196224985e+00
1.668100537200059108e+01
1.668100537200059108e+01
1.600310313738701851e+01
1.265033720395903849e+01
7.689283720758313123e+00
7.479522515621821022e+00
7.275483529196224985e+00
1.668100537200059108e+01
1.668100537200059108e+01
1.600310313738701851e+01
1.247659552630868518e+01
7.583677914997190683e+00
7.479522515621821022e+00
7.275483529196224985e+00
1.645190587753660694e+01
1.645190587753660694e+01
1.578331405652116537e+01
1.247659552630868518e+01
7.583677914997190683e+00
7.479522515621821022e+00
7.175560918936928267e+00
1.645190587753660694e+01
1.622595287078087267e+01
1.578331405652116537e+01
1.247659552630868518e+01
7.583677914997190683e+00
7.479522515621821022e+00
7.175560918936928267e+00
1.622595287078087267e+01
1.622595287078087267e+01
1.556654359271061949e+01
1.230524004359261525e+01
7.583677914997190683e+00
7.376797602527730646e+00
7.175560918936928267e+00
1.600310313738701851e+01
1.600310313738701851e+01
1.556654359271061949e+01
1.230524004359261525e+01
7.479522515621821022e+00
7.376797602527730646e+00
7.077010661181889262e+00
1.600310313738701851e+01
1.600310313738701851e+01
1.535275028780421103e+01
1.230524004359261525e+01
7.479522515621821022e+00
7.376797602527730646e+00
7.077010661181889262e+00
1.578331405652116537e+01
1.578331405652116537e+01
1.514189325304351996e+01
1.213623798344241678e+01
7.479522515621821022e+00
7.376797602527730646e+00
7.077010661181889262e+00
1.578331405652116537e+01
1.556654359271061949e+01
1.514189325304351996e+01
1.213623798344241678e+01
7.479522515621821022e+00
7.275483529196224985e+00
6.979813907830660469e+00
1.556654359271061949e+01
1.556654359271061949e+01
1.493393216124253264e+01
1.213623798344241678e+01
7.479522515621821022e+00
7.275483529196224985e+00
6.979813907830660469e+00
1.535275028780421103e+01
1.535275028780421103e+01
1.493393216124253264e+01
1.196955702359042739e+01
7.376797602527730646e+00
7.275483529196224985e+00
6.979813907830660469e+00
1.535275028780421103e+01
1.535275028780421103e+01
1.472882723907501834e+01
1.196955702359042739e+01
7.376797602527730646e+00
7.275483529196224985e+00
6.883952069645496330e+00
1.514189325304351996e+01
1.514189325304351996e+01
1.472882723907501834e+01
1.196955702359042739e+01
7.376797602527730646e+00
7.175560918936928267e+00
6.883952069645496330e+00
1.514189325304351996e+01
1.514189325304351996e+01
1.452653925946781222e+01
1.180516528568805512e+01
7.376797602527730646e+00
7.175560918936928267e+00
6.883952069645496330e+00
1.493393216124253264e+01
1.493393216124253264e+01
1.452653925946781222e+01
1.180516528568805512e+01
7.275483529196224985e+00
7.175560918936928267e+00
6.883952069645496330e+00
1.493393216124253264e+01
1.493393216124253264e+01
1.432702953409829405e+01
1.180516528568805512e+01
7.275483529196224985e+00
7.175560918936928267e+00
6.789406812696105575e+00
1.472882723907501834e+01
1.472882723907501834e+01
1.432702953409829405e+01
1.164303132920875683e+01
7.275483529196224985e+00
7.175560918936928267e+00
6.789406812696105575e+00
1.472882723907501834e+01
1.472882723907501834e+01
1.413025990599533621e+01
1.164303132920875683e+01
7.275483529196224985e+00
7.077010661181889262e+00
6.789406812696105575e+00
1.452653925946781222e+01
1.452653925946781222e+01
1.413025990599533621e+01
1.164303132920875683e+01
7.275483529196224985e+00
7.077010661181889262e+00
6.696160054853222299e+00
1.452653925946781222e+01
1.452653925946781222e+01
1.413025990599533621e+01
1.148312414543511117e+01
7.175560918936928267e+00
7.077010661181889262e+00
6.696160054853222299e+00
1.432702953409829405e+01
1.432702953409829405e+01
1.393619274224143467e+01
1.148312414543511117e+01
7.175560918936928267e+00
7.077010661181889262e+00
6.696160054853222299e+00
1.000000000000000000e+01
9.862658461312820535e+00
9.727203192450536662e+00
8.829699955494092478e+00
5.912508413831875309e+00
5.672228971644543094e+00
5.148867450137492696e+00
8.588828559546250574e+00
8.588828559546250574e+00
8.470868266557403103e+00
7.796360130405228794e+00
5.293266058360561743e+00
5.008407989848212338e+00
4.422273980505896596e+00
7.904927622696420464e+00
7.904927622696420464e+00
7.904927622696420464e+00
7.275483529196224985e+00
4.871780218794630635e+00
4.609604486828433600e+00
4.014242490499322358e+00
7.689283720758313123e+00
7.689283720758313123e+00
7.583677914997190683e+00
7.077010661181889262e+00
4.609604486828433600e+00
4.361537789208005833e+00
3.694601205199302463e+00
7.583677914997190683e+00
7.583677914997190683e+00
7.479522515621821022e+00
6.979813907830660469e+00
4.422273980505896596e+00
4.126820845702951601e+00
3.447764054734464345e+00
7.583677914997190683e+00
7.583677914997190683e+00
7.479522515621821022e+00
6.979813907830660469e+00
4.301635758106795215e+00
4.014242490499322358e+00
3.262222009711670090e+00
7.689283720758313123e+00
7.689283720758313123e+00
7.583677914997190683e+00
6.979813907830660469e+00
4.184288507901579912e+00
3.904735236885560123e+00
3.086664943337274369e+00
7.904927622696420464e+00
7.904927622696420464e+00
7.796360130405228794e+00
7.175560918936928267e+00
4.126820845702951601e+00
3.798215306190736218e+00
2.961225437988034503e+00
8.126619200091946382e+00
8.126619200091946382e+00
8.015006961565404708e+00
7.275483529196224985e+00
4.070142453219438572e+00
3.694601205199302463e+00
2.880444153396297668e+00
8.470868266557403103e+00
8.470868266557403103e+00
8.354528058382863165e+00
7.479522515621821022e+00
4.014242490499322358e+00
3.643858983763544224e+00
2.763385290053169907e+00
8.829699955494092478e+00
8.708431497690723333e+00
8.708431497690723333e+00
7.796360130405228794e+00
3.959110266468458761e+00
3.593813663804625858e+00
2.688001021537604895e+00
9.203731996618220279e+00
9.203731996618220279e+00
9.077326525210223096e+00
8.015006961565404708e+00
3.904735236885560123e+00
3.544455673970435594e+00
2.614673211801092023e+00
9.593608287093147169e+00
9.593608287093147169e+00
9.461848194722001892e+00
8.354528058382863165e+00
3.904735236885560123e+00
3.495775574363275240e+00
2.543345761304648178e+00
1.000000000000000000e+01
1.000000000000000000e+01
9.862658461312820535e+00
8.708431497690723333e+00
3.851107002325568907e+00
3.447764054734464345e+00
2.508415059277538717e+00
1.042360673976401131e+01
1.042360673976401131e+01
1.028044732093309754e+01
8.952657125996392296e+00
3.851107002325568907e+00
3.400411932703705897e+00
2.439986297259550074e+00
1.086515774652537303e+01
1.086515774652537303e+01
1.071593399822671167e+01
9.331897715733239451e+00
3.851107002325568907e+00
3.400411932703705897e+00
2.406475150015424003e+00
1.132541315152812622e+01
1.132541315152812622e+01
1.116986818467822573e+01
9.727203192450536662e+00
3.851107002325568907e+00
3.353710152002928879e+00
2.340827276178291783e+00
1.180516528568805512e+01
1.180516528568805512e+01
1.164303132920875683e+01
1.000000000000000000e+01
3.798215306190736218e+00
3.353710152002928879e+00
2.308677994187169791e+00
1.230524004359261525e+01
1.230524004359261525e+01
1.213623798344241678e+01
1.042360673976401131e+01
3.798215306190736218e+00
3.307649780744242651e+00
2.276970255381680186e+00
1.282649830528059809e+01
1.282649830528059809e+01
1.265033720395903849e+01
1.086515774652537303e+01
3.798215306190736218e+00
3.307649780744242651e+00
2.214855233726359174e+00
1.336983741824945149e+01
1.336983741824945149e+01
1.300511252173409815e+01
1.116986818467822573e+01
3.798215306190736218e+00
3.307649780744242651e+00
2.184436071149426173e+00
1.374479092677536585e+01
1.374479092677536585e+01
1.355601785329368880e+01
1.164303132920875683e+01
3.798215306190736218e+00
3.307649780744242651e+00
2.154434690031884259e+00
1.432702953409829405e+01
1.432702953409829405e+01
1.413025990599533621e+01
1.196955702359042739e+01
3.798215306190736218e+00
3.262222009711670090e+00
2.124845352498883067e+00
1.472882723907501834e+01
1.472882723907501834e+01
1.452653925946781222e+01
1.247659552630868518e+01
3.851107002325568907e+00
3.262222009711670090e+00
2.095662399480433091e+00
1.535275028780421103e+01
1.535275028780421103e+01
1.514189325304351996e+01
1.282649830528059809e+01
3.851107002325568907e+00
3.262222009711670090e+00
2.066880249629082122e+00
1.578331405652116537e+01
1.578331405652116537e+01
1.556654359271061949e+01
1.336983741824945149e+01
3.851107002325568907e+00
3.262222009711670090e+00
2.038493398252462008e+00
1.622595287078087267e+01
1.622595287078087267e+01
1.600310313738701851e+01
1.374479092677536585e+01
3.851107002325568907e+00
3.262222009711670090e+00
2.038493398252462008e+00
1.691329517029647178e+01
1.691329517029647178e+01
1.645190587753660694e+01
1.432702953409829405e+01
3.851107002325568907e+00
3.262222009711670090e+00
2.010496416260499242e+00
1.738762400216250370e+01
1.738762400216250370e+01
1.714881969870540956e+01
1.472882723907501834e+01
3.851107002325568907e+00
3.217418150676371713e+00
1.982883949127071332e+00
1.787525525904235479e+01
1.787525525904235479e+01
1.762975375287203761e+01
1.514189325304351996e+01
3.851107002325568907e+00
3.217418150676371713e+00
1.955650715865949074e+00
1.837656200388172323e+01
1.837656200388172323e+01
1.812417547374235838e+01
1.578331405652116537e+01
3.851107002325568907e+00
3.217418150676371713e+00
1.928791508020777812e+00
1.889192776207664437e+01
1.889192776207664437e+01
1.863246311931559873e+01
1.622595287078087267e+01
3.904735236885560123e+00
3.217418150676371713e+00
1.928791508020777812e+00
1.942174681489024479e+01
1.942174681489024479e+01
1.915500555573527919e+01
1.691329517029647178e+01
3.904735236885560123e+00
3.217418150676371713e+00
1.902301188668943821e+00
1.996642450109793288e+01
1.969220255479173431e+01
1.969220255479173431e+01
1.738762400216250370e+01
3.904735236885560123e+00
3.217418150676371713e+00
1.876174691439121522e+00
2.024446509976801778e+01
2.024446509976801778e+01
1.996642450109793288e+01
1.787525525904235479e+01
3.904735236885560123e+00
3.217418150676371713e+00
1.876174691439121522e+00
2.081221569986337272e+01
2.081221569986337272e+01
2.052637752709252084e+01
1.863246311931559873e+01
3.904735236885560123e+00
3.217418150676371713e+00
1.850407019542302134e+00
2.139588871343421417e+01
2.139588871343421417e+01
2.110203428568596706e+01
1.915500555573527919e+01
3.959110266468458761e+00
3.217418150676371713e+00
1.824993244816152327e+00
2.199593068030074861e+01
2.169383518385182086e+01
2.169383518385182086e+01
1.996642450109793288e+01
3.959110266468458761e+00
3.217418150676371713e+00
1.824993244816152327e+00
2.230223297965936169e+01
2.230223297965936169e+01
2.199593068030074861e+01
2.052637752709252084e+01
3.959110266468458761e+00
3.217418150676371713e+00
1.799928506782476401e+00
2.292769312865648601e+01
2.292769312865648601e+01
2.261280066337279493e+01
2.139588871343421417e+01
3.959110266468458761e+00
3.217418150676371713e+00
1.775208011717634093e+00
2.324697059985650327e+01
2.324697059985650327e+01
2.324697059985650327e+01
2.199593068030074861e+01
3.959110266468458761e+00
3.217418150676371713e+00
1.775208011717634093e+00
2.389892566231047866e+01
2.389892566231047866e+01
2.357069413996727647e+01
2.292769312865648601e+01
3.959110266468458761e+00
3.217418150676371713e+00
1.750827031735725070e+00
2.423172794237600769e+01
2.423172794237600769e+01
2.423172794237600769e+01
2.389892566231047866e+01
4.014242490499322358e+00
3.217418150676371713e+00
1.750827031735725070e+00
2.491130026067791192e+01
2.491130026067791192e+01
2.456916462982790250e+01
2.491130026067791192e+01
4.014242490499322358e+00
3.217418150676371713e+00
1.726780903884356011e+00
2.525820026962784581e+01
2.525820026962784581e+01
2.525820026962784581e+01
2.596655972934872381e+01
4.014242490499322358e+00
3.217418150676371713e+00
1.726780903884356011e+00
2.596655972934872381e+01
2.596655972934872381e+01
2.560993100258456678e+01
2.744343303228362529e+01
4.014242490499322358e+00
3.217418150676371713e+00
1.703065029252844420e+00
2.632815465648020137e+01
2.632815465648020137e+01
2.596655972934872381e+01
2.860595535175744786e+01
4.014242490499322358e+00
3.217418150676371713e+00
1.703065029252844420e+00
2.669478494034323646e+01
2.669478494034323646e+01
2.669478494034323646e+01
3.065395295056529790e+01
4.070142453219438572e+00
3.217418150676371713e+00
1.679674872092653093e+00
2.744343303228362529e+01
2.744343303228362529e+01
2.706652070033241131e+01
3.239742629528195295e+01
4.070142453219438572e+00
3.217418150676371713e+00
1.679674872092653093e+00
2.782559402207125743e+01
2.782559402207125743e+01
2.782559402207125743e+01
3.520031472796682692e+01
4.070142453219438572e+00
3.262222009711670090e+00
1.656605958949913582e+00
2.821307675939470627e+01
2.821307675939470627e+01
2.821307675939470627e+01
3.877828414589453132e+01
4.070142453219438572e+00
3.262222009711670090e+00
1.656605958949913582e+00
2.860595535175744786e+01
2.860595535175744786e+01
2.860595535175744786e+01
4.577840538376616308e+01
4.070142453219438572e+00
3.262222009711670090e+00
1.633853877809862132e+00
2.940820170587060645e+01
2.940820170587060645e+01
2.900430493863991543e+01
1.000000000000000000e+03
4.126820845702951601e+00
3.262222009711670090e+00
1.633853877809862132e+00
2.981772290019673477e+01
2.981772290019673477e+01
2.981772290019673477e+01
1.000000000000000000e+03
4.126820845702951601e+00
3.262222009711670090e+00
1.633853877809862132e+00
3.023294684405776422e+01
3.023294684405776422e+01
3.023294684405776422e+01
1.000000000000000000e+03
4.126820845702951601e+00
3.262222009711670090e+00
1.611414277253019778e+00
3.065395295056529790e+01
3.065395295056529790e+01
3.065395295056529790e+01
1.000000000000000000e+03
4.126820845702951601e+00
3.262222009711670090e+00
1.611414277253019778e+00
3.108082173869063780e+01
3.108082173869063780e+01
3.108082173869063780e+01
1.000000000000000000e+03
4.126820845702951601e+00
3.262222009711670090e+00
1.589282865622978047e+00
3.151363484866476128e+01
3.151363484866476128e+01
3.195247505759213524e+01
1.000000000000000000e+03
4.184288507901579912e+00
3.262222009711670090e+00
1.589282865622978047e+00
3.239742629528195295e+01
3.239742629528195295e+01
3.239742629528195295e+01
1.000000000000000000e+03
4.184288507901579912e+00
3.262222009711670090e+00
1.589282865622978047e+00
3.284857366030046677e+01
3.284857366030046677e+01
3.284857366030046677e+01
1.000000000000000000e+03
4.184288507901579912e+00
3.262222009711670090e+00
1.567455410205595090e+00
3.330600343624588788e+01
3.330600343624588788e+01
3.330600343624588788e+01
1.000000000000000000e+03
4.184288507901579912e+00
3.262222009711670090e+00
1.567455410205595090e+00
3.376980310825087628e+01
3.376980310825087628e+01
3.376980310825087628e+01
1.000000000000000000e+03
4.184288507901579912e+00
3.262222009711670090e+00
1.545927736419477005e+00
3.424006137971425545e+01
3.424006137971425545e+01
3.424006137971425545e+01
1.000000000000000000e+03
4.184288507901579912e+00
3.262222009711670090e+00
1.545927736419477005e+00
3.471686818926559681e+01
3.471686818926559681e+01
3.471686818926559681e+01
1.000000000000000000e+03
4.242556430717777438e+00
3.262222009711670090e+00
1.545927736419477005e+00
3.520031472796682692e+01
3.520031472796682692e+01
3.520031472796682692e+01
1.000000000000000000e+03
4.242556430717777438e+00
3.307649780744242651e+00
1.524695727017572944e+00
3.569049345675229290e+01
3.569049345675229290e+01
3.569049345675229290e+01
1.000000000000000000e+03
4.242556430717777438e+00
3.307649780744242651e+00
1.524695727017572944e+00
3.618749812411276423e+01
3.618749812411276423e+01
3.618749812411276423e+01
1.000000000000000000e+03
4.242556430717777438e+00
3.307649780744242651e+00
1.524695727017572944e+00
3.669142378402494131e+01
3.669142378402494131e+01
3.669142378402494131e+01
1.000000000000000000e+03
4.242556430717777438e+00
3.307649780744242651e+00
1.503755321299738323e+00
3.720236681413065583e+01
3.720236681413065583e+01
3.720236681413065583e+01
1.000000000000000000e+03
4.301635758106795215e+00
3.307649780744242651e+00
1.503755321299738323e+00
3.772042493417001197e+01
3.772042493417001197e+01
3.772042493417001197e+01
1.000000000000000000e+03
4.301635758106795215e+00
3.307649780744242651e+00
1.503755321299738323e+00
3.772042493417001197e+01
3.772042493417001197e+01
3.824569722466998911e+01
1.000000000000000000e+03
4.301635758106795215e+00
3.307649780744242651e+00
1.483102514336104516e+00
3.824569722466998911e+01
3.824569722466998911e+01
3.877828414589453132e+01
1.000000000000000000e+03
4.301635758106795215e+00
3.307649780744242651e+00
1.483102514336104516e+00
3.877828414589453132e+01
3.877828414589453132e+01
3.931828755705770106e+01
1.000000000000000000e+03
4.301635758106795215e+00
3.307649780744242651e+00
1.483102514336104516e+00
3.931828755705770106e+01
3.931828755705770106e+01
3.986581073580438783e+01
1.000000000000000000e+03
4.301635758106795215e+00
3.307649780744242651e+00
1.462733356201129986e+00
3.986581073580438783e+01
3.986581073580438783e+01
4.042095839796309775e+01
1.000000000000000000e+03
4.361537789208005833e+00
3.307649780744242651e+00
1.462733356201129986e+00
4.042095839796309775e+01
4.042095839796309775e+01
4.098383671757261482e+01
1.000000000000000000e+03
4.361537789208005833e+00
3.307649780744242651e+00
1.462733356201129986e+00
4.098383671757261482e+01
4.098383671757261482e+01
4.155455334718870830e+01
1.000000000000000000e+03
4.361537789208005833e+00
3.307649780744242651e+00
1.462733356201129986e+00
4.098383671757261482e+01
4.155455334718870830e+01
4.213321743847289014e+01
1.000000000000000000e+03
4.361537789208005833e+00
3.353710152002928879e+00
1.442643951218157250e+00
4.155455334718870830e+01
4.155455334718870830e+01
4.271993966306776969e+01
1.000000000000000000e+03
4.361537789208005833e+00
3.353710152002928879e+00
1.442643951218157250e+00
4.213321743847289014e+01
4.213321743847289014e+01
4.331483223376402947e+01
1.000000000000000000e+03
4.361537789208005833e+00
3.353710152002928879e+00
1.442643951218157250e+00
4.271993966306776969e+01
4.271993966306776969e+01
4.331483223376402947e+01
1.000000000000000000e+03
4.361537789208005833e+00
3.353710152002928879e+00
1.422830457214351974e+00
4.331483223376402947e+01
4.331483223376402947e+01
4.391800892596086214e+01
1.000000000000000000e+03
4.422273980505896596e+00
3.353710152002928879e+00
1.422830457214351974e+00
4.331483223376402947e+01
4.331483223376402947e+01
4.452958509942650522e+01
1.000000000000000000e+03
4.422273980505896596e+00
3.353710152002928879e+00
1.422830457214351974e+00
4.391800892596086214e+01
4.391800892596086214e+01
4.514967772036101934e+01
1.000000000000000000e+03
4.422273980505896596e+00
3.353710152002928879e+00
1.422830457214351974e+00
4.452958509942650522e+01
4.452958509942650522e+01
4.577840538376616308e+01
1.000000000000000000e+03
4.422273980505896596e+00
3.353710152002928879e+00
1.403289084785873220e+00
4.514967772036101934e+01
4.514967772036101934e+01
4.641588833612782139e+01
1.000000000000000000e+03
4.422273980505896596e+00
3.353710152002928879e+00
1.403289084785873220e+00
4.514967772036101934e+01
4.577840538376616308e+01
4.641588833612782139e+01
1.000000000000000000e+03
4.422273980505896596e+00
3.353710152002928879e+00
1.403289084785873220e+00
4.577840538376616308e+01
4.577840538376616308e+01
4.706224849841281355e+01
1.000000000000000000e+03
4.483855948021186144e+00
3.353710152002928879e+00
1.403289084785873220e+00
4.641588833612782139e+01
4.641588833612782139e+01
4.771760948938740654e+01
1.000000000000000000e+03
4.483855948021186144e+00
3.353710152002928879e+00
1.384016096573131627e+00
4.706224849841281355e+01
4.706224849841281355e+01
4.838209664925957298e+01
1.000000000000000000e+03
4.483855948021186144e+00
3.400411932703705897e+00
1.384016096573131627e+00
4.706224849841281355e+01
4.706224849841281355e+01
4.905583706365045771e+01
1.000000000000000000e+03
4.483855948021186144e+00
3.400411932703705897e+00
1.384016096573131627e+00
4.771760948938740654e+01
4.771760948938740654e+01
4.905583706365045771e+01
1.000000000000000000e+03
4.483855948021186144e+00
3.400411932703705897e+00
1.384016096573131627e+00
4.838209664925957298e+01
4.838209664925957298e+01
4.973895958790068050e+01
1.000000000000000000e+03
4.483855948021186144e+00
3.400411932703705897e+00
1.365007806546013835e+00
4.838209664925957298e+01
4.838209664925957298e+01
5.043159487171358535e+01
1.000000000000000000e+03
4.483855948021186144e+00
3.400411932703705897e+00
1.365007806546013835e+00
4.905583706365045771e+01
4.905583706365045771e+01
5.113387538414320943e+01
1.000000000000000000e+03
4.546295469532399380e+00
3.400411932703705897e+00
1.365007806546013835e+00
4.973895958790068050e+01
4.973895958790068050e+01
5.113387538414320943e+01
1.000000000000000000e+03
4.546295469532399380e+00
3.400411932703705897e+00
1.365007806546013835e+00
4.973895958790068050e+01
4.973895958790068050e+01
5.184593543892913203e+01
1.000000000000000000e+03
4.546295469532399380e+00
3.400411932703705897e+00
1.346260579298909743e+00
5.043159487171358535e+01
5.043159487171358535e+01
5.256791122018419316e+01
1.000000000000000000e+03
4.546295469532399380e+00
3.400411932703705897e+00
1.346260579298909743e+00
5.113387538414320943e+01
5.113387538414320943e+01
5.329994080844092963e+01
1.000000000000000000e+03
4.546295469532399380e+00
3.400411932703705897e+00
1.346260579298909743e+00
5.113387538414320943e+01
5.113387538414320943e+01
5.329994080844092963e+01
1.000000000000000000e+03
4.546295469532399380e+00
3.400411932703705897e+00
1.346260579298909743e+00
5.184593543892913203e+01
5.184593543892913203e+01
5.404216420705915169e+01
1.000000000000000000e+03
4.546295469532399380e+00
3.400411932703705897e+00
1.327770829355429116e+00
5.256791122018419316e+01
5.256791122018419316e+01
5.479472336900281704e+01
1.000000000000000000e+03
4.546295469532399380e+00
3.400411932703705897e+00
1.327770829355429116e+00
5.256791122018419316e+01
5.256791122018419316e+01
5.479472336900281704e+01
1.000000000000000000e+03
4.609604486828433600e+00
3.447764054734464345e+00
1.327770829355429116e+00
5.329994080844092963e+01
5.329994080844092963e+01
5.555776222398877451e+01
1.000000000000000000e+03
4.609604486828433600e+00
3.447764054734464345e+00
1.327770829355429116e+00
5.329994080844092963e+01
5.404216420705915169e+01
5.633142670601351654e+01
1.000000000000000000e+03
4.609604486828433600e+00
3.447764054734464345e+00
1.327770829355429116e+00
5.404216420705915169e+01
5.404216420705915169e+01
5.711586478126434940e+01
1.000000000000000000e+03
4.609604486828433600e+00
3.447764054734464345e+00
1.309535020482667678e+00
5.479472336900281704e+01
5.479472336900281704e+01
5.711586478126434940e+01
1.000000000000000000e+03
4.609604486828433600e+00
3.447764054734464345e+00
1.309535020482667678e+00
5.479472336900281704e+01
5.479472336900281704e+01
5.791122647641758192e+01
1.000000000000000000e+03
4.609604486828433600e+00
3.447764054734464345e+00
1.309535020482667678e+00
5.555776222398877451e+01
5.555776222398877451e+01
5.871766390733249352e+01
1.000000000000000000e+03
4.609604486828433600e+00
3.447764054734464345e+00
1.309535020482667678e+00
5.555776222398877451e+01
5.633142670601351654e+01
5.871766390733249352e+01
1.000000000000000000e+03
4.673795107992464004e+00
3.447764054734464345e+00
1.291549665014884107e+00
5.633142670601351654e+01
5.633142670601351654e+01
5.953533130814370367e+01
1.000000000000000000e+03
4.673795107992464004e+00
3.447764054734464345e+00
1.291549665014884107e+00
5.711586478126434940e+01
5.711586478126434940e+01
6.036438506075863586e+01
1.000000000000000000e+03
4.673795107992464004e+00
3.447764054734464345e+00
1.291549665014884107e+00
5.711586478126434940e+01
5.711586478126434940e+01
6.036438506075863586e+01
1.000000000000000000e+03
4.673795107992464004e+00
3.447764054734464345e+00
1.291549665014884107e+00
5.791122647641758192e+01
5.791122647641758192e+01
6.120498372476702542e+01
1.000000000000000000e+03
4.673795107992464004e+00
3.447764054734464345e+00
1.291549665014884107e+00
5.791122647641758192e+01
5.791122647641758192e+01
6.205728806776500761e+01
1.000000000000000000e+03
4.673795107992464004e+00
3.447764054734464345e+00
1.273811323186478495e+00
5.871766390733249352e+01
5.871766390733249352e+01
6.205728806776500761e+01
1.000000000000000000e+03
4.673795107992464004e+00
3.495775574363275240e+00
1.273811323186478495e+00
5.871766390733249352e+01
5.871766390733249352e+01
6.292146109610337845e+01
1.000000000000000000e+03
4.673795107992464004e+00
3.495775574363275240e+00
1.273811323186478495e+00
5.953533130814370367e+01
5.953533130814370367e+01
6.292146109610337845e+01
1.000000000000000000e+03
4.673795107992464004e+00
3.495775574363275240e+00
1.273811323186478495e+00
5.953533130814370367e+01
6.036438506075863586e+01
6.379766808606282069e+01
1.000000000000000000e+03
4.738879609717651320e+00
3.495775574363275240e+00
1.273811323186478495e+00
6.036438506075863586e+01
6.036438506075863586e+01
6.468607661546320742e+01
1.000000000000000000e+03
4.738879609717651320e+00
3.495775574363275240e+00
1.273811323186478495e+00
6.036438506075863586e+01
6.120498372476702542e+01
6.468607661546320742e+01
1.000000000000000000e+03
4.738879609717651320e+00
3.495775574363275240e+00
1.256316602474120137e+00
6.120498372476702542e+01
6.120498372476702542e+01
6.558685659571435167e+01
1.000000000000000000e+03
4.738879609717651320e+00
3.495775574363275240e+00
1.256316602474120137e+00
6.205728806776500761e+01
6.205728806776500761e+01
6.650018030431118632e+01
1.000000000000000000e+03
4.738879609717651320e+00
3.495775574363275240e+00
1.256316602474120137e+00
6.205728806776500761e+01
6.205728806776500761e+01
6.650018030431118632e+01
1.000000000000000000e+03
4.738879609717651320e+00
3.495775574363275240e+00
1.256316602474120137e+00
6.292146109610337845e+01
6.292146109610337845e+01
6.742622241778335024e+01
1.000000000000000000e+03
4.738879609717651320e+00
3.495775574363275240e+00
1.256316602474120137e+00
6.292146109610337845e+01
6.292146109610337845e+01
6.742622241778335024e+01
1.000000000000000000e+03
4.738879609717651320e+00
3.495775574363275240e+00
1.239062156947915661e+00
6.379766808606282069e+01
6.379766808606282069e+01
6.836516004510238531e+01
1.000000000000000000e+03
4.738879609717651320e+00
3.495775574363275240e+00
1.239062156947915661e+00
6.379766808606282069e+01
6.379766808606282069e+01
6.931717276155400498e+01
1.000000000000000000e+03
4.804870439655129388e+00
3.495775574363275240e+00
1.239062156947915661e+00
6.468607661546320742e+01
6.468607661546320742e+01
6.931717276155400498e+01
1.000000000000000000e+03
4.804870439655129388e+00
3.495775574363275240e+00
1.239062156947915661e+00
6.468607661546320742e+01
6.468607661546320742e+01
7.028244264308352740e+01
1.000000000000000000e+03
4.804870439655129388e+00
3.544455673970435594e+00
1.239062156947915661e+00
6.558685659571435167e+01
6.558685659571435167e+01
7.028244264308352740e+01
1.000000000000000000e+03
4.804870439655129388e+00
3.544455673970435594e+00
1.239062156947915661e+00
6.558685659571435167e+01
6.558685659571435167e+01
7.126115430111745752e+01
1.000000000000000000e+03
4.804870439655129388e+00
3.544455673970435594e+00
1.222044686631488686e+00
6.558685659571435167e+01
6.650018030431118632e+01
7.126115430111745752e+01
1.000000000000000000e+03
4.804870439655129388e+00
3.544455673970435594e+00
1.222044686631488686e+00
6.650018030431118632e+01
6.650018030431118632e+01
7.225349491787206091e+01
1.000000000000000000e+03
4.804870439655129388e+00
3.544455673970435594e+00
1.222044686631488686e+00
6.650018030431118632e+01
6.742622241778335024e+01
7.325965428215229736e+01
1.000000000000000000e+03
4.804870439655129388e+00
3.544455673970435594e+00
1.222044686631488686e+00
6.742622241778335024e+01
6.742622241778335024e+01
7.325965428215229736e+01
1.000000000000000000e+03
4.804870439655129388e+00
3.544455673970435594e+00
1.222044686631488686e+00
6.742622241778335024e+01
6.742622241778335024e+01
7.427982482564910072e+01
1.000000000000000000e+03
4.871780218794630635e+00
3.544455673970435594e+00
1.222044686631488686e+00
6.836516004510238531e+01
6.836516004510238531e+01
7.427982482564910072e+01
1.000000000000000000e+03
4.871780218794630635e+00
3.544455673970435594e+00
1.205260936870842681e+00
6.836516004510238531e+01
6.836516004510238531e+01
7.531420165974375891e+01
1.000000000000000000e+03
4.871780218794630635e+00
3.544455673970435594e+00
1.205260936870842681e+00
6.931717276155400498e+01
6.931717276155400498e+01
7.531420165974375891e+01
1.000000000000000000e+03
4.871780218794630635e+00
3.544455673970435594e+00
1.205260936870842681e+00
6.931717276155400498e+01
6.931717276155400498e+01
7.636298261282242095e+01
1.000000000000000000e+03
4.871780218794630635e+00
3.544455673970435594e+00
1.205260936870842681e+00
7.028244264308352740e+01
7.028244264308352740e+01
7.636298261282242095e+01
1.000000000000000000e+03
4.871780218794630635e+00
3.544455673970435594e+00
1.205260936870842681e+00
7.028244264308352740e+01
7.028244264308352740e+01
7.742636826811278183e+01
1.000000000000000000e+03
4.871780218794630635e+00
3.544455673970435594e+00
1.205260936870842681e+00
7.028244264308352740e+01
7.126115430111745752e+01
7.850456200204509116e+01
1.000000000000000000e+03
4.871780218794630635e+00
3.544455673970435594e+00
1.188707697711903322e+00
7.126115430111745752e+01
7.126115430111745752e+01
7.850456200204509116e+01
1.000000000000000000e+03
4.871780218794630635e+00
3.593813663804625858e+00
1.188707697711903322e+00
7.126115430111745752e+01
7.225349491787206091e+01
7.959777002314977778e+01
1.000000000000000000e+03
4.871780218794630635e+00
3.593813663804625858e+00
1.188707697711903322e+00
7.225349491787206091e+01
7.225349491787206091e+01
7.959777002314977778e+01
1.000000000000000000e+03
4.939621743878320537e+00
3.593813663804625858e+00
1.188707697711903322e+00
7.225349491787206091e+01
7.225349491787206091e+01
8.070620141149507276e+01
1.000000000000000000e+03
4.939621743878320537e+00
3.593813663804625858e+00
1.188707697711903322e+00
7.325965428215229736e+01
7.325965428215229736e+01
8.070620141149507276e+01
1.000000000000000000e+03
4.939621743878320537e+00
3.593813663804625858e+00
1.188707697711903322e+00
7.325965428215229736e+01
7.325965428215229736e+01
8.183006815867389605e+01
1.000000000000000000e+03
4.939621743878320537e+00
3.593813663804625858e+00
1.188707697711903322e+00
7.325965428215229736e+01
7.427982482564910072e+01
8.183006815867389605e+01
1.000000000000000000e+03
4.939621743878320537e+00
3.593813663804625858e+00
1.172381803286598467e+00
7.427982482564910072e+01
7.427982482564910072e+01
8.296958520834914452e+01
1.000000000000000000e+03
4.939621743878320537e+00
3.593813663804625858e+00
1.172381803286598467e+00
7.427982482564910072e+01
7.427982482564910072e+01
8.296958520834914452e+01
1.000000000000000000e+03
4.939621743878320537e+00
3.593813663804625858e+00
1.172381803286598467e+00
7.531420165974375891e+01
7.531420165974375891e+01
8.412497049736118981e+01
1.000000000000000000e+03
4.939621743878320537e+00
3.593813663804625858e+00
1.172381803286598467e+00
7.531420165974375891e+01
7.531420165974375891e+01
8.412497049736118981e+01
1.000000000000000000e+03
4.939621743878320537e+00
3.593813663804625858e+00
1.172381803286598467e+00
7.636298261282242095e+01
7.636298261282242095e+01
8.529644499741016261e+01
1.000000000000000000e+03
4.939621743878320537e+00
3.593813663804625858e+00
1.172381803286598467e+00
7.636298261282242095e+01
7.636298261282242095e+01
8.529644499741016261e+01
1.000000000000000000e+03
5.008407989848212338e+00
3.593813663804625858e+00
1.172381803286598467e+00
7.636298261282242095e+01
7.636298261282242095e+01
8.648423275731727244e+01
1.000000000000000000e+03
5.008407989848212338e+00
3.593813663804625858e+00
1.156280131207375383e+00
7.742636826811278183e+01
7.742636826811278183e+01
8.648423275731727244e+01
1.000000000000000000e+03
5.008407989848212338e+00
3.593813663804625858e+00
1.156280131207375383e+00
7.742636826811278183e+01
7.742636826811278183e+01
8.768856094587427208e+01
1.000000000000000000e+03
5.008407989848212338e+00
3.643858983763544224e+00
1.156280131207375383e+00
7.742636826811278183e+01
7.850456200204509116e+01
8.890965989529166791e+01
1.000000000000000000e+03
5.008407989848212338e+00
3.643858983763544224e+00
1.156280131207375383e+00
7.850456200204509116e+01
7.850456200204509116e+01
8.890965989529166791e+01
1.000000000000000000e+03
5.008407989848212338e+00
3.643858983763544224e+00
1.156280131207375383e+00
7.850456200204509116e+01
7.850456200204509116e+01
9.014776314524917211e+01
1.000000000000000000e+03
5.008407989848212338e+00
3.643858983763544224e+00
1.156280131207375383e+00
7.959777002314977778e+01
7.959777002314977778e+01
9.014776314524917211e+01
1.000000000000000000e+03
5.008407989848212338e+00
3.643858983763544224e+00
1.156280131207375383e+00
7.959777002314977778e+01
7.959777002314977778e+01
9.140310748756222381e+01
1.000000000000000000e+03
5.008407989848212338e+00
3.643858983763544224e+00
1.140399601970033094e+00
7.959777002314977778e+01
8.070620141149507276e+01
9.140310748756222381e+01
1.000000000000000000e+03
5.008407989848212338e+00
3.643858983763544224e+00
1.140399601970033094e+00
8.070620141149507276e+01
8.070620141149507276e+01
9.267593301146882823e+01
1.000000000000000000e+03
5.008407989848212338e+00
3.643858983763544224e+00
1.140399601970033094e+00
8.070620141149507276e+01
8.070620141149507276e+01
9.267593301146882823e+01
1.000000000000000000e+03
5.008407989848212338e+00
3.643858983763544224e+00
1.140399601970033094e+00
8.183006815867389605e+01
8.183006815867389605e+01
9.396648314954690306e+01
1.000000000000000000e+03
5.078152112327670942e+00
3.643858983763544224e+00
1.140399601970033094e+00
8.183006815867389605e+01
8.183006815867389605e+01
9.396648314954690306e+01
1.000000000000000000e+03
5.078152112327670942e+00
3.643858983763544224e+00
1.140399601970033094e+00
8.183006815867389605e+01
8.183006815867389605e+01
9.527500472427300338e+01
1.000000000000000000e+03
5.078152112327670942e+00
3.643858983763544224e+00
1.140399601970033094e+00
8.296958520834914452e+01
8.296958520834914452e+01
9.527500472427300338e+01
1.000000000000000000e+03
5.078152112327670942e+00
3.643858983763544224e+00
1.124737178364751955e+00
8.296958520834914452e+01
8.296958520834914452e+01
9.527500472427300338e+01
1.000000000000000000e+03
5.078152112327670942e+00
3.643858983763544224e+00
1.124737178364751955e+00
8.296958520834914452e+01
8.412497049736118981e+01
9.660174799522646083e+01
1.000000000000000000e+03
5.078152112327670942e+00
3.643858983763544224e+00
1.124737178364751955e+00
8.412497049736118981e+01
8.412497049736118981e+01
9.660174799522646083e+01
1.000000000000000000e+03
5.078152112327670942e+00
3.643858983763544224e+00
1.124737178364751955e+00
8.412497049736118981e+01
8.412497049736118981e+01
9.794696670695385876e+01
1.000000000000000000e+03
5.078152112327670942e+00
3.643858983763544224e+00
1.124737178364751955e+00
8.412497049736118981e+01
8.529644499741016261e+01
9.794696670695385876e+01
1.000000000000000000e+03
5.078152112327670942e+00
3.694601205199302463e+00
1.124737178364751955e+00
8.529644499741016261e+01
8.529644499741016261e+01
9.931091813749800679e+01
1.000000000000000000e+03
5.078152112327670942e+00
3.694601205199302463e+00
1.124737178364751955e+00
8.529644499741016261e+01
8.529644499741016261e+01
9.931091813749800679e+01
1.000000000000000000e+03
5.078152112327670942e+00
3.694601205199302463e+00
1.124737178364751955e+00
8.529644499741016261e+01
8.648423275731727244e+01
1.006938631476027126e+02
1.000000000000000000e+03
5.078152112327670942e+00
3.694601205199302463e+00
1.109289864895222744e+00
8.648423275731727244e+01
8.648423275731727244e+01
1.006938631476027126e+02
1.000000000000000000e+03
5.148867450137492696e+00
3.694601205199302463e+00
1.109289864895222744e+00
8.648423275731727244e+01
8.648423275731727244e+01
1.020960662306047624e+02
1.000000000000000000e+03
5.148867450137492696e+00
3.694601205199302463e+00
1.109289864895222744e+00
8.648423275731727244e+01
8.768856094587427208e+01
1.020960662306047624e+02
1.000000000000000000e+03
5.148867450137492696e+00
3.694601205199302463e+00
1.109289864895222744e+00
8.768856094587427208e+01
8.768856094587427208e+01
1.035177955630176285e+02
1.000000000000000000e+03
5.148867450137492696e+00
3.694601205199302463e+00
1.109289864895222744e+00
8.768856094587427208e+01
8.768856094587427208e+01
1.035177955630176285e+02
1.000000000000000000e+03
5.148867450137492696e+00
3.694601205199302463e+00
1.109289864895222744e+00
8.890965989529166791e+01
8.890965989529166791e+01
1.049593230558226651e+02
1.000000000000000000e+03
5.148867450137492696e+00
3.694601205199302463e+00
1.109289864895222744e+00
8.890965989529166791e+01
8.890965989529166791e+01
1.049593230558226651e+02
1.000000000000000000e+03
5.148867450137492696e+00
3.694601205199302463e+00
1.109289864895222744e+00
8.890965989529166791e+01
8.890965989529166791e+01
1.064209244064724658e+02
1.000000000000000000e+03
5.148867450137492696e+00
3.694601205199302463e+00
1.094054707205742494e+00
9.014776314524917211e+01
9.014776314524917211e+01
1.064209244064724658e+02
1.000000000000000000e+03
5.148867450137492696e+00
3.694601205199302463e+00
1.094054707205742494e+00
9.014776314524917211e+01
9.014776314524917211e+01
1.079028791516183645e+02
1.000000000000000000e+03
5.148867450137492696e+00
3.694601205199302463e+00
1.094054707205742494e+00
9.014776314524917211e+01
9.014776314524917211e+01
1.079028791516183645e+02
1.000000000000000000e+03
5.148867450137492696e+00
3.694601205199302463e+00
1.094054707205742494e+00
9.014776314524917211e+01
9.140310748756222381e+01
1.094054707205743568e+02
1.000000000000000000e+03
5.148867450137492696e+00
3.694601205199302463e+00
1.094054707205742494e+00
9.140310748756222381e+01
9.140310748756222381e+01
1.094054707205743568e+02
1.000000000000000000e+03
5.148867450137492696e+00
3.694601205199302463e+00
1.094054707205742494e+00
9.140310748756222381e+01
9.140310748756222381e+01
1.109289864895222735e+02
1.000000000000000000e+03
5.220567527846974976e+00
3.694601205199302463e+00
1.094054707205742494e+00
9.140310748756222381e+01
9.267593301146882823e+01
1.109289864895222735e+02
1.000000000000000000e+03
5.220567527846974976e+00
3.746050032748993175e+00
1.094054707205742494e+00
9.267593301146882823e+01
9.267593301146882823e+01
1.109289864895222735e+02
1.000000000000000000e+03
5.220567527846974976e+00
3.746050032748993175e+00
1.094054707205742494e+00
9.267593301146882823e+01
9.267593301146882823e+01
1.124737178364750747e+02
1.000000000000000000e+03
5.220567527846974976e+00
3.746050032748993175e+00
1.079028791516183583e+00
9.267593301146882823e+01
9.396648314954690306e+01
1.124737178364750747e+02
1.000000000000000000e+03
5.220567527846974976e+00
3.746050032748993175e+00
1.079028791516183583e+00
9.396648314954690306e+01
9.396648314954690306e+01
1.140399601970033103e+02
1.000000000000000000e+03
5.220567527846974976e+00
3.746050032748993175e+00
1.079028791516183583e+00
9.396648314954690306e+01
9.396648314954690306e+01
1.140399601970033103e+02
1.000000000000000000e+03
5.220567527846974976e+00
3.746050032748993175e+00
1.079028791516183583e+00
9.396648314954690306e+01
9.527500472427300338e+01
1.156280131207375348e+02
1.000000000000000000e+03
5.220567527846974976e+00
3.746050032748993175e+00
1.079028791516183583e+00
9.527500472427300338e+01
9.527500472427300338e+01
1.156280131207375348e+02
1.000000000000000000e+03
5.220567527846974976e+00
3.746050032748993175e+00
1.079028791516183583e+00
9.527500472427300338e+01
9.527500472427300338e+01
1.172381803286599791e+02
1.000000000000000000e+03
5.220567527846974976e+00
3.746050032748993175e+00
1.079028791516183583e+00
9.527500472427300338e+01
9.660174799522646083e+01
1.172381803286599791e+02
1.000000000000000000e+03
5.220567527846974976e+00
3.746050032748993175e+00
1.079028791516183583e+00
9.660174799522646083e+01
9.660174799522646083e+01
1.188707697711903251e+02
1.000000000000000000e+03
5.220567527846974976e+00
3.746050032748993175e+00
1.079028791516183583e+00
9.660174799522646083e+01
9.660174799522646083e+01
1.188707697711903251e+02
1.000000000000000000e+03
5.220567527846974976e+00
3.746050032748993175e+00
1.064209244064724613e+00
9.660174799522646083e+01
9.660174799522646083e+01
1.205260936870841419e+02
1.000000000000000000e+03
5.220567527846974976e+00
3.746050032748993175e+00
1.064209244064724613e+00
9.660174799522646083e+01
9.794696670695385876e+01
1.205260936870841419e+02
1.000000000000000000e+03
5.293266058360561743e+00
3.746050032748993175e+00
1.064209244064724613e+00
9.794696670695385876e+01
9.794696670695385876e+01
1.205260936870841419e+02
1.000000000000000000e+03
5.293266058360561743e+00
3.746050032748993175e+00
1.064209244064724613e+00
9.794696670695385876e+01
9.794696670695385876e+01
1.222044686631488730e+02
1.000000000000000000e+03
5.293266058360561743e+00
3.746050032748993175e+00
1.064209244064724613e+00
9.794696670695385876e+01
9.931091813749800679e+01
1.222044686631488730e+02
1.000000000000000000e+03
5.293266058360561743e+00
3.746050032748993175e+00
1.064209244064724613e+00
9.931091813749800679e+01
9.931091813749800679e+01
1.239062156947915696e+02
1.000000000000000000e+03
5.293266058360561743e+00
3.746050032748993175e+00
1.064209244064724613e+00
9.931091813749800679e+01
9.931091813749800679e+01
1.239062156947915696e+02
1.000000000000000000e+03
5.293266058360561743e+00
3.746050032748993175e+00
1.064209244064724613e+00
9.931091813749800679e+01
1.006938631476027126e+02
1.256316602474121424e+02
1.000000000000000000e+03
5.293266058360561743e+00
3.746050032748993175e+00
1.064209244064724613e+00
1.006938631476027126e+02
1.006938631476027126e+02
1.256316602474121424e+02
1.000000000000000000e+03
5.293266058360561743e+00
3.798215306190736218e+00
1.064209244064724613e+00
1.006938631476027126e+02
1.006938631476027126e+02
1.273811323186478432e+02
1.000000000000000000e+03
5.293266058360561743e+00
3.798215306190736218e+00
1.049593230558227619e+00
1.006938631476027126e+02
1.006938631476027126e+02
1.273811323186478432e+02
1.000000000000000000e+03
5.293266058360561743e+00
3.798215306190736218e+00
1.049593230558227619e+00
1.006938631476027126e+02
1.020960662306047624e+02
1.291549665014882748e+02
1.000000000000000000e+03
5.293266058360561743e+00
3.798215306190736218e+00
1.049593230558227619e+00
1.020960662306047624e+02
1.020960662306047624e+02
1.291549665014882748e+02
1.000000000000000000e+03
5.293266058360561743e+00
3.798215306190736218e+00
1.049593230558227619e+00
1.020960662306047624e+02
1.020960662306047624e+02
1.309535020482667562e+02
1.000000000000000000e+03
5.293266058360561743e+00
3.798215306190736218e+00
1.049593230558227619e+00
1.020960662306047624e+02
1.035177955630176285e+02
1.309535020482667562e+02
1.000000000000000000e+03
5.293266058360561743e+00
3.798215306190736218e+00
1.049593230558227619e+00
1.020960662306047624e+02
1.035177955630176285e+02
1.309535020482667562e+02
1.000000000000000000e+03
5.293266058360561743e+00
3.798215306190736218e+00
1.049593230558227619e+00
1.035177955630176285e+02
1.035177955630176285e+02
1.327770829355428930e+02
1.000000000000000000e+03
5.366976945540476329e+00
3.798215306190736218e+00
1.049593230558227619e+00
1.035177955630176285e+02
1.035177955630176285e+02
1.327770829355428930e+02
1.000000000000000000e+03
5.366976945540476329e+00
3.798215306190736218e+00
1.049593230558227619e+00
1.035177955630176285e+02
1.049593230558226651e+02
1.346260579298910898e+02
1.000000000000000000e+03
5.366976945540476329e+00
3.798215306190736218e+00
1.035177955630176339e+00
1.049593230558226651e+02
1.049593230558226651e+02
1.346260579298910898e+02
1.000000000000000000e+03
5.366976945540476329e+00
3.798215306190736218e+00
1.035177955630176339e+00
1.049593230558226651e+02
1.049593230558226651e+02
1.365007806546013853e+02
1.000000000000000000e+03
5.366976945540476329e+00
3.798215306190736218e+00
1.035177955630176339e+00
1.049593230558226651e+02
1.049593230558226651e+02
1.365007806546013853e+02
1.000000000000000000e+03
5.366976945540476329e+00
3.798215306190736218e+00
1.035177955630176339e+00
1.049593230558226651e+02
1.064209244064724658e+02
1.384016096573130028e+02
1.000000000000000000e+03
5.366976945540476329e+00
3.798215306190736218e+00
1.035177955630176339e+00
1.064209244064724658e+02
1.064209244064724658e+02
1.384016096573130028e+02
1.000000000000000000e+03
5.366976945540476329e+00
3.798215306190736218e+00
1.035177955630176339e+00
1.064209244064724658e+02
1.064209244064724658e+02
1.403289084785873229e+02
1.000000000000000000e+03
5.366976945540476329e+00
3.798215306190736218e+00
1.035177955630176339e+00
1.064209244064724658e+02
1.079028791516183645e+02
1.403289084785873229e+02
1.000000000000000000e+03
5.366976945540476329e+00
3.798215306190736218e+00
1.035177955630176339e+00
1.064209244064724658e+02
1.079028791516183645e+02
1.422830457214352009e+02
1.000000000000000000e+03
5.366976945540476329e+00
3.798215306190736218e+00
1.035177955630176339e+00
1.079028791516183645e+02
1.079028791516183645e+02
1.422830457214352009e+02
1.000000000000000000e+03
5.366976945540476329e+00
3.798215306190736218e+00
1.035177955630176339e+00
1.079028791516183645e+02
1.079028791516183645e+02
1.422830457214352009e+02
1.000000000000000000e+03
5.366976945540476329e+00
3.798215306190736218e+00
1.035177955630176339e+00
1.079028791516183645e+02
1.094054707205743568e+02
1.442643951218158804e+02
1.000000000000000000e+03
5.366976945540476329e+00
3.851107002325568907e+00
1.020960662306046540e+00
1.094054707205743568e+02
1.094054707205743568e+02
1.442643951218158804e+02
1.000000000000000000e+03
5.366976945540476329e+00
3.851107002325568907e+00
1.020960662306046540e+00
1.094054707205743568e+02
1.094054707205743568e+02
1.462733356201129880e+02
1.000000000000000000e+03
5.366976945540476329e+00
3.851107002325568907e+00
1.020960662306046540e+00
1.094054707205743568e+02
1.094054707205743568e+02
1.462733356201129880e+02
1.000000000000000000e+03
5.441714286865892980e+00
3.851107002325568907e+00
1.020960662306046540e+00
1.094054707205743568e+02
1.109289864895222735e+02
1.483102514336102900e+02
1.000000000000000000e+03
5.441714286865892980e+00
3.851107002325568907e+00
1.020960662306046540e+00
1.109289864895222735e+02
1.109289864895222735e+02
1.483102514336102900e+02
1.000000000000000000e+03
5.441714286865892980e+00
3.851107002325568907e+00
1.020960662306046540e+00
1.109289864895222735e+02
1.109289864895222735e+02
1.503755321299738341e+02
1.000000000000000000e+03
5.441714286865892980e+00
3.851107002325568907e+00
1.020960662306046540e+00
1.109289864895222735e+02
1.109289864895222735e+02
1.503755321299738341e+02
1.000000000000000000e+03
5.441714286865892980e+00
3.851107002325568907e+00
1.020960662306046540e+00
1.109289864895222735e+02
1.124737178364750747e+02
1.524695727017573006e+02
1.000000000000000000e+03
5.441714286865892980e+00
3.851107002325568907e+00
1.020960662306046540e+00
1.124737178364750747e+02
1.124737178364750747e+02
1.524695727017573006e+02
1.000000000000000000e+03
5.441714286865892980e+00
3.851107002325568907e+00
1.020960662306046540e+00
1.124737178364750747e+02
1.124737178364750747e+02
1.545927736419478435e+02
1.000000000000000000e+03
5.441714286865892980e+00
3.851107002325568907e+00
1.020960662306046540e+00
1.124737178364750747e+02
1.124737178364750747e+02
1.545927736419478435e+02
1.000000000000000000e+03
5.441714286865892980e+00
3.851107002325568907e+00
1.006938631476027135e+00
1.124737178364750747e+02
1.140399601970033103e+02
1.567455410205595001e+02
1.000000000000000000e+03
5.441714286865892980e+00
3.851107002325568907e+00
1.006938631476027135e+00
1.140399601970033103e+02
1.140399601970033103e+02
1.567455410205595001e+02
1.000000000000000000e+03
5.441714286865892980e+00
3.851107002325568907e+00
1.006938631476027135e+00
1.140399601970033103e+02
1.140399601970033103e+02
1.589282865622976431e+02
1.000000000000000000e+03
5.441714286865892980e+00
3.851107002325568907e+00
1.006938631476027135e+00
1.140399601970033103e+02
1.140399601970033103e+02
1.589282865622976431e+02
1.000000000000000000e+03
5.441714286865892980e+00
3.851107002325568907e+00
1.006938631476027135e+00
1.140399601970033103e+02
1.156280131207375348e+02
1.611414277253019804e+02
1.000000000000000000e+03
5.441714286865892980e+00
3.851107002325568907e+00
1.006938631476027135e+00
1.156280131207375348e+02
1.156280131207375348e+02
1.611414277253019804e+02
1.000000000000000000e+03
5.441714286865892980e+00
3.851107002325568907e+00
1.006938631476027135e+00
1.156280131207375348e+02
1.156280131207375348e+02
1.633853877809860364e+02
1.000000000000000000e+03
5.441714286865892980e+00
3.851107002325568907e+00
1.006938631476027135e+00
1.156280131207375348e+02
1.156280131207375348e+02
1.633853877809860364e+02
1.000000000000000000e+03
5.441714286865892980e+00
3.851107002325568907e+00
1.006938631476027135e+00
1.156280131207375348e+02
1.172381803286599791e+02
1.633853877809860364e+02
1.000000000000000000e+03
5.517492376129123244e+00
3.851107002325568907e+00
1.006938631476027135e+00
1.172381803286599791e+02
1.172381803286599791e+02
1.656605958949915305e+02
1.000000000000000000e+03
5.517492376129123244e+00
3.851107002325568907e+00
1.006938631476027135e+00
1.172381803286599791e+02
1.172381803286599791e+02
1.656605958949915305e+02
1.000000000000000000e+03
5.517492376129123244e+00
3.904735236885560123e+00
9.931091813749800545e-01
1.172381803286599791e+02
1.172381803286599791e+02
1.679674872092653288e+02
1.000000000000000000e+03
5.517492376129123244e+00
3.904735236885560123e+00
9.931091813749800545e-01
1.172381803286599791e+02
1.188707697711903251e+02
1.679674872092653288e+02
1.000000000000000000e+03
5.517492376129123244e+00
3.904735236885560123e+00
9.931091813749800545e-01
1.172381803286599791e+02
1.188707697711903251e+02
1.703065029252842635e+02
1.000000000000000000e+03
5.517492376129123244e+00
3.904735236885560123e+00
9.931091813749800545e-01
1.188707697711903251e+02
1.188707697711903251e+02
1.703065029252842635e+02
1.000000000000000000e+03
5.517492376129123244e+00
3.904735236885560123e+00
9.931091813749800545e-01
1.188707697711903251e+02
1.188707697711903251e+02
1.726780903884356064e+02
1.000000000000000000e+03
5.517492376129123244e+00
3.904735236885560123e+00
9.931091813749800545e-01
1.188707697711903251e+02
1.205260936870841419e+02
1.726780903884356064e+02
1.000000000000000000e+03
5.517492376129123244e+00
3.904735236885560123e+00
9.931091813749800545e-01
1.188707697711903251e+02
1.205260936870841419e+02
1.750827031735723267e+02
1.000000000000000000e+03
5.517492376129123244e+00
3.904735236885560123e+00
9.931091813749800545e-01
1.205260936870841419e+02
1.205260936870841419e+02
1.750827031735723267e+02
1.000000000000000000e+03
5.517492376129123244e+00
3.904735236885560123e+00
9.931091813749800545e-01
1.205260936870841419e+02
1.205260936870841419e+02
1.775208011717635941e+02
1.000000000000000000e+03
5.517492376129123244e+00
3.904735236885560123e+00
9.931091813749800545e-01
1.205260936870841419e+02
1.222044686631488730e+02
1.775208011717635941e+02
1.000000000000000000e+03
5.517492376129123244e+00
3.904735236885560123e+00
9.931091813749800545e-01
1.205260936870841419e+02
1.222044686631488730e+02
1.799928506782476347e+02
1.000000000000000000e+03
5.517492376129123244e+00
3.904735236885560123e+00
9.931091813749800545e-01
1.222044686631488730e+02
1.222044686631488730e+02
1.824993244816150479e+02
1.000000000000000000e+03
5.517492376129123244e+00
3.904735236885560123e+00
9.794696670695395291e-01
1.222044686631488730e+02
1.222044686631488730e+02
1.824993244816150479e+02
1.000000000000000000e+03
5.517492376129123244e+00
3.904735236885560123e+00
9.794696670695395291e-01
1.222044686631488730e+02
1.222044686631488730e+02
1.850407019542302010e+02
1.000000000000000000e+03
5.517492376129123244e+00
3.904735236885560123e+00
9.794696670695395291e-01
1.222044686631488730e+02
1.239062156947915696e+02
1.850407019542302010e+02
1.000000000000000000e+03
5.517492376129123244e+00
3.904735236885560123e+00
9.794696670695395291e-01
1.222044686631488730e+02
1.239062156947915696e+02
1.876174691439119613e+02
1.000000000000000000e+03
5.517492376129123244e+00
3.904735236885560123e+00
9.794696670695395291e-01
1.239062156947915696e+02
1.239062156947915696e+02
1.876174691439119613e+02
1.000000000000000000e+03
5.594325706169377632e+00
3.904735236885560123e+00
9.794696670695395291e-01
1.239062156947915696e+02
1.239062156947915696e+02
1.902301188668945713e+02
1.000000000000000000e+03
5.594325706169377632e+00
3.904735236885560123e+00
9.794696670695395291e-01
1.239062156947915696e+02
1.256316602474121424e+02
1.902301188668945713e+02
1.000000000000000000e+03
5.594325706169377632e+00
3.904735236885560123e+00
9.794696670695395291e-01
1.239062156947915696e+02
1.256316602474121424e+02
1.928791508020777599e+02
1.000000000000000000e+03
5.594325706169377632e+00
3.904735236885560123e+00
9.794696670695395291e-01
1.256316602474121424e+02
1.256316602474121424e+02
1.928791508020777599e+02
1.000000000000000000e+03
5.594325706169377632e+00
3.904735236885560123e+00
9.794696670695395291e-01
1.256316602474121424e+02
1.256316602474121424e+02
1.955650715865947120e+02
1.000000000000000000e+03
5.594325706169377632e+00
3.904735236885560123e+00
9.794696670695395291e-01
1.256316602474121424e+02
1.256316602474121424e+02
1.955650715865947120e+02
1.000000000000000000e+03
5.594325706169377632e+00
3.904735236885560123e+00
9.794696670695395291e-01
1.256316602474121424e+02
1.273811323186478432e+02
1.982883949127071332e+02
1.000000000000000000e+03
5.594325706169377632e+00
3.904735236885560123e+00
9.660174799522646127e-01
1.256316602474121424e+02
1.273811323186478432e+02
2.010496416260496915e+02
1.000000000000000000e+03
5.594325706169377632e+00
3.959110266468458761e+00
9.660174799522646127e-01
1.273811323186478432e+02
1.273811323186478432e+02
2.010496416260496915e+02
1.000000000000000000e+03
5.594325706169377632e+00
3.959110266468458761e+00
9.660174799522646127e-01
1.273811323186478432e+02
1.273811323186478432e+02
2.038493398252464317e+02
1.000000000000000000e+03
5.594325706169377632e+00
3.959110266468458761e+00
9.660174799522646127e-01
1.273811323186478432e+02
1.291549665014882748e+02
2.038493398252464317e+02
1.000000000000000000e+03
5.594325706169377632e+00
3.959110266468458761e+00
9.660174799522646127e-01
1.273811323186478432e+02
1.291549665014882748e+02
2.066880249629082016e+02
1.000000000000000000e+03
5.594325706169377632e+00
3.959110266468458761e+00
9.660174799522646127e-01
1.291549665014882748e+02
1.291549665014882748e+02
2.066880249629082016e+02
1.000000000000000000e+03
5.594325706169377632e+00
3.959110266468458761e+00
9.660174799522646127e-01
1.291549665014882748e+02
1.291549665014882748e+02
2.095662399480430906e+02
1.000000000000000000e+03
5.594325706169377632e+00
3.959110266468458761e+00
9.660174799522646127e-01
1.291549665014882748e+02
1.291549665014882748e+02
2.124845352498882960e+02
1.000000000000000000e+03
5.594325706169377632e+00
3.959110266468458761e+00
9.660174799522646127e-01
1.291549665014882748e+02
1.309535020482667562e+02
2.124845352498882960e+02
1.000000000000000000e+03
5.594325706169377632e+00
3.959110266468458761e+00
9.660174799522646127e-01
1.291549665014882748e+02
1.309535020482667562e+02
2.154434690031882269e+02
1.000000000000000000e+03
5.594325706169377632e+00
3.959110266468458761e+00
9.660174799522646127e-01
1.309535020482667562e+02
1.309535020482667562e+02
2.154434690031882269e+02
1.000000000000000000e+03
5.594325706169377632e+00
3.959110266468458761e+00
9.660174799522646127e-01
1.309535020482667562e+02
1.309535020482667562e+02
2.184436071149428358e+02
1.000000000000000000e+03
5.594325706169377632e+00
3.959110266468458761e+00
9.660174799522646127e-01
1.309535020482667562e+02
1.309535020482667562e+02
2.214855233726359245e+02
1.000000000000000000e+03
5.672228971644543094e+00
3.959110266468458761e+00
9.527500472427290479e-01
1.309535020482667562e+02
1.327770829355428930e+02
2.214855233726359245e+02
1.000000000000000000e+03
5.672228971644543094e+00
3.959110266468458761e+00
9.527500472427290479e-01
1.309535020482667562e+02
1.327770829355428930e+02
2.245697995539771625e+02
1.000000000000000000e+03
5.672228971644543094e+00
3.959110266468458761e+00
9.527500472427290479e-01
1.327770829355428930e+02
1.327770829355428930e+02
2.276970255381679920e+02
1.000000000000000000e+03
5.672228971644543094e+00
3.959110266468458761e+00
9.527500472427290479e-01
1.327770829355428930e+02
1.327770829355428930e+02
2.276970255381679920e+02
1.000000000000000000e+03
5.672228971644543094e+00
3.959110266468458761e+00
9.527500472427290479e-01
1.327770829355428930e+02
1.327770829355428930e+02
2.308677994187167428e+02
1.000000000000000000e+03
5.672228971644543094e+00
3.959110266468458761e+00
9.527500472427290479e-01
1.327770829355428930e+02
1.346260579298910898e+02
2.340827276178294198e+02
1.000000000000000000e+03
5.672228971644543094e+00
3.959110266468458761e+00
9.527500472427290479e-01
1.327770829355428930e+02
1.346260579298910898e+02
2.340827276178294198e+02
1.000000000000000000e+03
5.672228971644543094e+00
3.959110266468458761e+00
9.527500472427290479e-01
1.346260579298910898e+02
1.346260579298910898e+02
2.373424250023866193e+02
1.000000000000000000e+03
5.672228971644543094e+00
3.959110266468458761e+00
9.527500472427290479e-01
1.346260579298910898e+02
1.346260579298910898e+02
2.406475150015421605e+02
1.000000000000000000e+03
5.672228971644543094e+00
3.959110266468458761e+00
9.527500472427290479e-01
1.346260579298910898e+02
1.346260579298910898e+02
2.406475150015421605e+02
1.000000000000000000e+03
5.672228971644543094e+00
3.959110266468458761e+00
9.527500472427290479e-01
1.346260579298910898e+02
1.365007806546013853e+02
2.439986297259550270e+02
1.000000000000000000e+03
5.672228971644543094e+00
3.959110266468458761e+00
9.527500472427290479e-01
1.346260579298910898e+02
1.365007806546013853e+02
2.473964100886811650e+02
1.000000000000000000e+03
5.672228971644543094e+00
3.959110266468458761e+00
9.527500472427290479e-01
1.365007806546013853e+02
1.365007806546013853e+02
2.508415059277541275e+02
1.000000000000000000e+03
5.672228971644543094e+00
3.959110266468458761e+00
9.527500472427290479e-01
1.365007806546013853e+02
1.365007806546013853e+02
2.508415059277541275e+02
1.000000000000000000e+03
5.672228971644543094e+00
4.014242490499322358e+00
9.396648314954690884e-01
1.365007806546013853e+02
1.365007806546013853e+02
2.543345761304648249e+02
1.000000000000000000e+03
5.672228971644543094e+00
4.014242490499322358e+00
9.396648314954690884e-01
1.365007806546013853e+02
1.384016096573130028e+02
2.578762887593803725e+02
1.000000000000000000e+03
5.672228971644543094e+00
4.014242490499322358e+00
9.396648314954690884e-01
1.365007806546013853e+02
1.384016096573130028e+02
2.614673211801091952e+02
1.000000000000000000e+03
5.672228971644543094e+00
4.014242490499322358e+00
9.396648314954690884e-01
1.384016096573130028e+02
1.384016096573130028e+02
2.651083601908536025e+02
1.000000000000000000e+03
5.672228971644543094e+00
4.014242490499322358e+00
9.396648314954690884e-01
1.384016096573130028e+02
1.384016096573130028e+02
2.688001021537607471e+02
1.000000000000000000e+03
5.672228971644543094e+00
4.014242490499322358e+00
9.396648314954690884e-01
1.384016096573130028e+02
1.384016096573130028e+02
2.688001021537607471e+02
1.000000000000000000e+03
5.672228971644543094e+00
4.014242490499322358e+00
9.396648314954690884e-01
1.384016096573130028e+02
1.403289084785873229e+02
2.725432531281027764e+02
1.000000000000000000e+03
5.751217071841614015e+00
4.014242490499322358e+00
9.396648314954690884e-01
1.384016096573130028e+02
1.403289084785873229e+02
2.763385290053172412e+02
1.000000000000000000e+03
5.751217071841614015e+00
4.014242490499322358e+00
9.396648314954690884e-01
1.403289084785873229e+02
1.403289084785873229e+02
2.801866556459195294e+02
1.000000000000000000e+03
5.751217071841614015e+00
4.014242490499322358e+00
9.396648314954690884e-01
1.403289084785873229e+02
1.403289084785873229e+02
2.840883690183301269e+02
1.000000000000000000e+03
5.751217071841614015e+00
4.014242490499322358e+00
9.396648314954690884e-01
1.403289084785873229e+02
1.403289084785873229e+02
2.880444153396297793e+02
1.000000000000000000e+03
5.751217071841614015e+00
4.014242490499322358e+00
9.396648314954690884e-01
1.403289084785873229e+02
1.422830457214352009e+02
2.920555512182745019e+02
1.000000000000000000e+03
5.751217071841614015e+00
4.014242490499322358e+00
9.396648314954690884e-01
1.403289084785873229e+02
1.422830457214352009e+02
2.961225437988037470e+02
1.000000000000000000e+03
5.751217071841614015e+00
4.014242490499322358e+00
9.396648314954690884e-01
1.422830457214352009e+02
1.422830457214352009e+02
3.002461709085549160e+02
1.000000000000000000e+03
5.751217071841614015e+00
4.014242490499322358e+00
9.267593301146883622e-01
1.422830457214352009e+02
1.422830457214352009e+02
3.086664943337274281e+02
1.000000000000000000e+03
5.751217071841614015e+00
4.014242490499322358e+00
9.267593301146883622e-01
1.422830457214352009e+02
1.422830457214352009e+02
3.129648010670750296e+02
1.000000000000000000e+03
5.751217071841614015e+00
4.014242490499322358e+00
9.267593301146883622e-01
1.422830457214352009e+02
1.442643951218158804e+02
3.173229634734979641e+02
1.000000000000000000e+03
5.751217071841614015e+00
4.014242490499322358e+00
9.267593301146883622e-01
1.422830457214352009e+02
1.442643951218158804e+02
3.217418150676371624e+02
1.000000000000000000e+03
5.751217071841614015e+00
4.014242490499322358e+00
9.267593301146883622e-01
1.422830457214352009e+02
1.442643951218158804e+02
3.307649780744242776e+02
1.000000000000000000e+03
5.751217071841614015e+00
4.014242490499322358e+00
9.267593301146883622e-01
1.442643951218158804e+02
1.442643951218158804e+02
3.353710152002929021e+02
1.000000000000000000e+03
5.751217071841614015e+00
4.014242490499322358e+00
9.267593301146883622e-01
1.442643951218158804e+02
1.442643951218158804e+02
3.447764054734464025e+02
1.000000000000000000e+03
5.751217071841614015e+00
4.014242490499322358e+00
9.267593301146883622e-01
1.442643951218158804e+02
1.462733356201129880e+02
3.495775574363271403e+02
1.000000000000000000e+03
5.751217071841614015e+00
4.014242490499322358e+00
9.267593301146883622e-01
1.442643951218158804e+02
1.462733356201129880e+02
3.593813663804625662e+02
1.000000000000000000e+03
5.751217071841614015e+00
4.014242490499322358e+00
9.267593301146883622e-01
1.442643951218158804e+02
1.462733356201129880e+02
3.694601205199302285e+02
1.000000000000000000e+03
5.751217071841614015e+00
4.014242490499322358e+00
9.267593301146883622e-01
1.462733356201129880e+02
1.462733356201129880e+02
3.798215306190735987e+02
1.000000000000000000e+03
5.751217071841614015e+00
4.014242490499322358e+00
9.267593301146883622e-01
1.462733356201129880e+02
1.462733356201129880e+02
3.904735236885563836e+02
1.000000000000000000e+03
5.751217071841614015e+00
4.014242490499322358e+00
9.267593301146883622e-01
1.462733356201129880e+02
1.462733356201129880e+02
4.070142453219438607e+02
1.000000000000000000e+03
5.751217071841614015e+00
4.014242490499322358e+00
9.267593301146883622e-01
1.462733356201129880e+02
1.483102514336102900e+02
4.242556430717776834e+02
1.000000000000000000e+03
5.751217071841614015e+00
4.014242490499322358e+00
9.267593301146883622e-01
1.462733356201129880e+02
1.483102514336102900e+02
4.422273980505897271e+02
1.000000000000000000e+03
5.751217071841614015e+00
4.070142453219438572e+00
9.140310748756231840e-01
1.462733356201129880e+02
1.483102514336102900e+02
4.738879609717650965e+02
1.000000000000000000e+03
5.751217071841614015e+00
4.070142453219438572e+00
9.140310748756231840e-01
1.483102514336102900e+02
1.483102514336102900e+02
5.148867450137497599e+02
1.000000000000000000e+03
5.831305113526224382e+00
4.070142453219438572e+00
9.140310748756231840e-01
1.483102514336102900e+02
1.483102514336102900e+02
6.162966255132942024e+02
1.000000000000000000e+03
5.831305113526224382e+00
4.070142453219438572e+00
9.140310748756231840e-01
1.483102514336102900e+02
1.503755321299738341e+02
1.000000000000000000e+03
1.000000000000000000e+03
5.831305113526224382e+00
4.070142453219438572e+00
9.140310748756231840e-01
1.483102514336102900e+02
1.503755321299738341e+02
1.000000000000000000e+03
1.000000000000000000e+03
5.831305113526224382e+00
4.070142453219438572e+00
9.140310748756231840e-01
1.483102514336102900e+02
1.503755321299738341e+02
1.000000000000000000e+03
1.000000000000000000e+03
5.831305113526224382e+00
4.070142453219438572e+00
9.140310748756231840e-01
1.503755321299738341e+02
1.503755321299738341e+02
1.000000000000000000e+03
1.000000000000000000e+03
5.831305113526224382e+00
4.070142453219438572e+00
9.140310748756231840e-01
1.503755321299738341e+02
1.503755321299738341e+02
1.000000000000000000e+03
1.000000000000000000e+03
5.831305113526224382e+00
4.070142453219438572e+00
9.140310748756231840e-01
1.503755321299738341e+02
1.503755321299738341e+02
1.000000000000000000e+03
1.000000000000000000e+03
5.831305113526224382e+00
4.070142453219438572e+00
9.140310748756231840e-01
1.503755321299738341e+02
1.524695727017573006e+02
1.000000000000000000e+03
1.000000000000000000e+03
5.831305113526224382e+00
4.070142453219438572e+00
9.140310748756231840e-01
1.503755321299738341e+02
1.524695727017573006e+02
1.000000000000000000e+03
1.000000000000000000e+03
5.831305113526224382e+00
4.070142453219438572e+00
9.140310748756231840e-01
1.503755321299738341e+02
1.524695727017573006e+02
1.000000000000000000e+03
1.000000000000000000e+03
5.831305113526224382e+00
4.070142453219438572e+00
9.140310748756231840e-01
1.524695727017573006e+02
1.524695727017573006e+02
1.000000000000000000e+03
1.000000000000000000e+03
5.831305113526224382e+00
4.070142453219438572e+00
9.140310748756231840e-01
1.524695727017573006e+02
1.524695727017573006e+02
1.000000000000000000e+03
1.000000000000000000e+03
5.831305113526224382e+00
4.070142453219438572e+00
9.140310748756231840e-01
1.524695727017573006e+02
1.524695727017573006e+02
1.000000000000000000e+03
1.000000000000000000e+03
5.831305113526224382e+00
4.070142453219438572e+00
9.140310748756231840e-01
1.524695727017573006e+02
1.545927736419478435e+02
1.000000000000000000e+03
1.000000000000000000e+03
5.831305113526224382e+00
4.070142453219438572e+00
9.014776314524917122e-01
1.524695727017573006e+02
1.545927736419478435e+02
1.000000000000000000e+03
1.000000000000000000e+03
5.831305113526224382e+00
4.070142453219438572e+00
9.014776314524917122e-01
1.524695727017573006e+02
1.545927736419478435e+02
1.000000000000000000e+03
1.000000000000000000e+03
5.831305113526224382e+00
4.070142453219438572e+00
9.014776314524917122e-01
1.545927736419478435e+02
1.545927736419478435e+02
1.000000000000000000e+03
1.000000000000000000e+03
5.831305113526224382e+00
4.070142453219438572e+00
9.014776314524917122e-01
1.545927736419478435e+02
1.545927736419478435e+02
1.000000000000000000e+03
1.000000000000000000e+03
5.831305113526224382e+00
4.070142453219438572e+00
9.014776314524917122e-01
1.545927736419478435e+02
1.567455410205595001e+02
1.000000000000000000e+03
1.000000000000000000e+03
5.831305113526224382e+00
4.070142453219438572e+00
9.014776314524917122e-01
1.545927736419478435e+02
1.567455410205595001e+02
1.000000000000000000e+03
1.000000000000000000e+03
5.831305113526224382e+00
4.070142453219438572e+00
9.014776314524917122e-01
1.545927736419478435e+02
1.567455410205595001e+02
1.000000000000000000e+03
1.000000000000000000e+03
5.831305113526224382e+00
4.070142453219438572e+00
9.014776314524917122e-01
1.545927736419478435e+02
1.567455410205595001e+02
1.000000000000000000e+03
1.000000000000000000e+03
5.831305113526224382e+00
4.070142453219438572e+00
9.014776314524917122e-01
1.567455410205595001e+02
1.567455410205595001e+02
1.000000000000000000e+03
1.000000000000000000e+03
5.831305113526224382e+00
4.070142453219438572e+00
9.014776314524917122e-01
1.567455410205595001e+02
1.567455410205595001e+02
1.000000000000000000e+03
1.000000000000000000e+03
5.831305113526224382e+00
4.070142453219438572e+00
9.014776314524917122e-01
1.567455410205595001e+02
1.589282865622976431e+02
1.000000000000000000e+03
1.000000000000000000e+03
5.912508413831875309e+00
4.070142453219438572e+00
9.014776314524917122e-01
1.567455410205595001e+02
1.589282865622976431e+02
1.000000000000000000e+03
1.000000000000000000e+03
5.912508413831875309e+00
4.070142453219438572e+00
9.014776314524917122e-01
1.567455410205595001e+02
1.589282865622976431e+02
1.000000000000000000e+03
1.000000000000000000e+03
5.912508413831875309e+00
4.070142453219438572e+00
9.014776314524917122e-01
1.567455410205595001e+02
1.589282865622976431e+02
1.000000000000000000e+03
1.000000000000000000e+03
5.912508413831875309e+00
4.070142453219438572e+00
9.014776314524917122e-01
1.589282865622976431e+02
1.589282865622976431e+02
1.000000000000000000e+03
1.000000000000000000e+03
5.912508413831875309e+00
4.070142453219438572e+00
9.014776314524917122e-01
1.589282865622976431e+02
1.589282865622976431e+02
1.000000000000000000e+03
1.000000000000000000e+03
5.912508413831875309e+00
4.126820845702951601e+00
8.890965989529158175e-01
1.589282865622976431e+02
1.611414277253019804e+02
1.000000000000000000e+03
1.000000000000000000e+03
5.912508413831875309e+00
4.126820845702951601e+00
8.890965989529158175e-01
1.589282865622976431e+02
1.611414277253019804e+02
1.000000000000000000e+03
1.000000000000000000e+03
5.912508413831875309e+00
4.126820845702951601e+00
8.890965989529158175e-01
1.589282865622976431e+02
1.611414277253019804e+02
1.000000000000000000e+03
1.000000000000000000e+03
5.912508413831875309e+00
4.126820845702951601e+00
8.890965989529158175e-01
1.589282865622976431e+02
1.611414277253019804e+02
1.000000000000000000e+03
1.000000000000000000e+03
5.912508413831875309e+00
4.126820845702951601e+00
8.890965989529158175e-01
1.611414277253019804e+02
1.611414277253019804e+02
1.000000000000000000e+03
1.000000000000000000e+03
5.912508413831875309e+00
4.126820845702951601e+00
8.890965989529158175e-01
1.611414277253019804e+02
1.611414277253019804e+02
1.000000000000000000e+03
1.000000000000000000e+03
5.912508413831875309e+00
4.126820845702951601e+00
8.890965989529158175e-01
1.611414277253019804e+02
1.633853877809860364e+02
1.000000000000000000e+03
1.000000000000000000e+03
5.912508413831875309e+00
4.126820845702951601e+00
8.890965989529158175e-01
1.611414277253019804e+02
1.633853877809860364e+02
1.000000000000000000e+03
1.000000000000000000e+03
5.912508413831875309e+00
4.126820845702951601e+00
8.890965989529158175e-01
1.611414277253019804e+02
1.633853877809860364e+02
1.000000000000000000e+03
1.000000000000000000e+03
5.912508413831875309e+00
4.126820845702951601e+00
8.890965989529158175e-01
1.611414277253019804e+02
1.633853877809860364e+02
1.000000000000000000e+03
1.000000000000000000e+03
5.912508413831875309e+00
4.126820845702951601e+00
8.890965989529158175e-01
1.633853877809860364e+02
1.633853877809860364e+02
1.000000000000000000e+03
1.000000000000000000e+03
5.912508413831875309e+00
4.126820845702951601e+00
8.890965989529158175e-01
1.633853877809860364e+02
1.633853877809860364e+02
1.000000000000000000e+03
1.000000000000000000e+03
5.912508413831875309e+00
4.126820845702951601e+00
8.890965989529158175e-01
1.633853877809860364e+02
1.633853877809860364e+02
1.000000000000000000e+03
1.000000000000000000e+03
5.912508413831875309e+00
4.126820845702951601e+00
8.890965989529158175e-01
1.633853877809860364e+02
1.656605958949915305e+02
1.000000000000000000e+03
1.000000000000000000e+03
5.912508413831875309e+00
4.126820845702951601e+00
8.890965989529158175e-01
1.633853877809860364e+02
1.656605958949915305e+02
1.000000000000000000e+03
1.000000000000000000e+03
5.912508413831875309e+00
4.126820845702951601e+00
8.890965989529158175e-01
1.633853877809860364e+02
1.656605958949915305e+02
1.000000000000000000e+03
1.000000000000000000e+03
5.912508413831875309e+00
4.126820845702951601e+00
8.890965989529158175e-01
1.633853877809860364e+02
1.656605958949915305e+02
1.000000000000000000e+03
1.000000000000000000e+03
5.912508413831875309e+00
4.126820845702951601e+00
8.890965989529158175e-01
1.656605958949915305e+02
1.656605958949915305e+02
1.000000000000000000e+03
1.000000000000000000e+03
5.912508413831875309e+00
4.126820845702951601e+00
8.768856094587426098e-01
1.656605958949915305e+02
1.656605958949915305e+02
1.000000000000000000e+03
1.000000000000000000e+03
5.912508413831875309e+00
4.126820845702951601e+00
8.768856094587426098e-01
1.656605958949915305e+02
1.679674872092653288e+02
1.000000000000000000e+03
1.000000000000000000e+03
5.912508413831875309e+00
4.126820845702951601e+00
8.768856094587426098e-01
1.656605958949915305e+02
1.679674872092653288e+02
1.000000000000000000e+03
1.000000000000000000e+03
5.912508413831875309e+00
4.126820845702951601e+00
8.768856094587426098e-01
1.656605958949915305e+02
1.679674872092653288e+02
1.000000000000000000e+03
1.000000000000000000e+03
5.994842503189408589e+00
4.126820845702951601e+00
8.768856094587426098e-01
1.656605958949915305e+02
1.679674872092653288e+02
1.000000000000000000e+03
1.000000000000000000e+03
5.994842503189408589e+00
4.126820845702951601e+00
8.768856094587426098e-01
1.679674872092653288e+02
1.679674872092653288e+02
1.000000000000000000e+03
1.000000000000000000e+03
5.994842503189408589e+00
4.126820845702951601e+00
8.768856094587426098e-01
1.679674872092653288e+02
1.679674872092653288e+02
1.000000000000000000e+03
1.000000000000000000e+03
5.994842503189408589e+00
4.126820845702951601e+00
8.768856094587426098e-01
1.679674872092653288e+02
1.703065029252842635e+02
1.000000000000000000e+03
1.000000000000000000e+03
5.994842503189408589e+00
4.126820845702951601e+00
8.768856094587426098e-01
1.679674872092653288e+02
1.703065029252842635e+02
1.000000000000000000e+03
1.000000000000000000e+03
5.994842503189408589e+00
4.126820845702951601e+00
8.768856094587426098e-01
1.679674872092653288e+02
1.703065029252842635e+02
1.000000000000000000e+03
1.000000000000000000e+03
5.994842503189408589e+00
4.126820845702951601e+00
8.768856094587426098e-01
1.679674872092653288e+02
1.703065029252842635e+02
1.000000000000000000e+03
1.000000000000000000e+03
5.994842503189408589e+00
4.126820845702951601e+00
8.768856094587426098e-01
1.679674872092653288e+02
1.703065029252842635e+02
1.000000000000000000e+03
1.000000000000000000e+03
5.994842503189408589e+00
4.126820845702951601e+00
8.768856094587426098e-01
1.703065029252842635e+02
1.703065029252842635e+02
1.000000000000000000e+03
1.000000000000000000e+03
5.994842503189408589e+00
4.126820845702951601e+00
8.768856094587426098e-01
1.703065029252842635e+02
1.703065029252842635e+02
1.000000000000000000e+03
1.000000000000000000e+03
5.994842503189408589e+00
4.126820845702951601e+00
8.768856094587426098e-01
1.703065029252842635e+02
1.726780903884356064e+02
1.000000000000000000e+03
1.000000000000000000e+03
5.994842503189408589e+00
4.126820845702951601e+00
8.768856094587426098e-01
1.703065029252842635e+02
1.726780903884356064e+02
1.000000000000000000e+03
1.000000000000000000e+03
5.994842503189408589e+00
4.184288507901579912e+00
8.768856094587426098e-01
1.703065029252842635e+02
1.726780903884356064e+02
1.000000000000000000e+03
1.000000000000000000e+03
5.994842503189408589e+00
4.184288507901579912e+00
8.768856094587426098e-01
1.703065029252842635e+02
1.726780903884356064e+02
1.000000000000000000e+03
1.000000000000000000e+03
5.994842503189408589e+00
4.184288507901579912e+00
8.648423275731718096e-01
1.726780903884356064e+02
1.726780903884356064e+02
1.000000000000000000e+03
1.000000000000000000e+03
5.994842503189408589e+00
4.184288507901579912e+00
8.648423275731718096e-01
1.726780903884356064e+02
1.726780903884356064e+02
1.000000000000000000e+03
1.000000000000000000e+03
5.994842503189408589e+00
4.184288507901579912e+00
8.648423275731718096e-01
1.726780903884356064e+02
1.726780903884356064e+02
1.000000000000000000e+03
1.000000000000000000e+03
5.994842503189408589e+00
4.184288507901579912e+00
8.648423275731718096e-01
1.726780903884356064e+02
1.750827031735723267e+02
1.000000000000000000e+03
1.000000000000000000e+03
5.994842503189408589e+00
4.184288507901579912e+00
8.648423275731718096e-01
1.726780903884356064e+02
1.750827031735723267e+02
1.000000000000000000e+03
1.000000000000000000e+03
5.994842503189408589e+00
4.184288507901579912e+00
8.648423275731718096e-01
1.726780903884356064e+02
1.750827031735723267e+02
1.000000000000000000e+03
1.000000000000000000e+03
5.994842503189408589e+00
4.184288507901579912e+00
8.648423275731718096e-01
1.726780903884356064e+02
1.750827031735723267e+02
1.000000000000000000e+03
1.000000000000000000e+03
5.994842503189408589e+00
4.184288507901579912e+00
8.648423275731718096e-01
1.750827031735723267e+02
1.750827031735723267e+02
1.000000000000000000e+03
1.000000000000000000e+03
5.994842503189408589e+00
4.184288507901579912e+00
8.648423275731718096e-01
1.750827031735723267e+02
1.750827031735723267e+02
1.000000000000000000e+03
1.000000000000000000e+03
5.994842503189408589e+00
4.184288507901579912e+00
8.648423275731718096e-01
1.750827031735723267e+02
1.775208011717635941e+02
1.000000000000000000e+03
1.000000000000000000e+03
5.994842503189408589e+00
4.184288507901579912e+00
8.648423275731718096e-01
1.750827031735723267e+02
1.775208011717635941e+02
1.000000000000000000e+03
1.000000000000000000e+03
5.994842503189408589e+00
4.184288507901579912e+00
8.648423275731718096e-01
1.750827031735723267e+02
1.775208011717635941e+02
1.000000000000000000e+03
1.000000000000000000e+03
5.994842503189408589e+00
4.184288507901579912e+00
8.648423275731718096e-01
1.750827031735723267e+02
1.775208011717635941e+02
1.000000000000000000e+03
1.000000000000000000e+03
5.994842503189408589e+00
4.184288507901579912e+00
8.648423275731718096e-01
1.750827031735723267e+02
1.775208011717635941e+02
1.000000000000000000e+03
1.000000000000000000e+03
5.994842503189408589e+00
4.184288507901579912e+00
8.648423275731718096e-01
1.775208011717635941e+02
1.775208011717635941e+02
1.000000000000000000e+03
1.000000000000000000e+03
5.994842503189408589e+00
4.184288507901579912e+00
8.648423275731718096e-01
1.775208011717635941e+02
1.775208011717635941e+02
1.000000000000000000e+03
1.000000000000000000e+03
6.078323128297229871e+00
4.184288507901579912e+00
8.648423275731718096e-01
1.775208011717635941e+02
1.799928506782476347e+02
1.000000000000000000e+03
1.000000000000000000e+03
6.078323128297229871e+00
4.184288507901579912e+00
8.648423275731718096e-01
1.775208011717635941e+02
1.799928506782476347e+02
1.000000000000000000e+03
1.000000000000000000e+03
6.078323128297229871e+00
4.184288507901579912e+00
8.648423275731718096e-01
1.775208011717635941e+02
1.799928506782476347e+02
1.000000000000000000e+03
1.000000000000000000e+03
6.078323128297229871e+00
4.184288507901579912e+00
8.529644499741024788e-01
1.775208011717635941e+02
1.799928506782476347e+02
1.000000000000000000e+03
1.000000000000000000e+03
6.078323128297229871e+00
4.184288507901579912e+00
8.529644499741024788e-01
1.775208011717635941e+02
1.799928506782476347e+02
1.000000000000000000e+03
1.000000000000000000e+03
6.078323128297229871e+00
4.184288507901579912e+00
8.529644499741024788e-01
1.799928506782476347e+02
1.799928506782476347e+02
1.000000000000000000e+03
1.000000000000000000e+03
6.078323128297229871e+00
4.184288507901579912e+00
8.529644499741024788e-01
1.799928506782476347e+02
1.799928506782476347e+02
1.000000000000000000e+03
1.000000000000000000e+03
6.078323128297229871e+00
4.184288507901579912e+00
8.529644499741024788e-01
1.799928506782476347e+02
1.824993244816150479e+02
1.000000000000000000e+03
1.000000000000000000e+03
6.078323128297229871e+00
4.184288507901579912e+00
8.529644499741024788e-01
1.799928506782476347e+02
1.824993244816150479e+02
1.000000000000000000e+03
1.000000000000000000e+03
6.078323128297229871e+00
4.184288507901579912e+00
8.529644499741024788e-01
1.799928506782476347e+02
1.824993244816150479e+02
1.000000000000000000e+03
1.000000000000000000e+03
6.078323128297229871e+00
4.184288507901579912e+00
8.529644499741024788e-01
1.799928506782476347e+02
1.824993244816150479e+02
1.000000000000000000e+03
1.000000000000000000e+03
6.078323128297229871e+00
4.184288507901579912e+00
8.529644499741024788e-01
1.799928506782476347e+02
1.824993244816150479e+02
1.000000000000000000e+03
1.000000000000000000e+03
6.078323128297229871e+00
4.184288507901579912e+00
8.529644499741024788e-01
1.824993244816150479e+02
1.824993244816150479e+02
1.000000000000000000e+03
1.000000000000000000e+03
6.078323128297229871e+00
4.184288507901579912e+00
8.529644499741024788e-01
1.824993244816150479e+02
1.824993244816150479e+02
1.000000000000000000e+03
1.000000000000000000e+03
6.078323128297229871e+00
4.184288507901579912e+00
8.529644499741024788e-01
1.824993244816150479e+02
1.850407019542302010e+02
1.000000000000000000e+03
1.000000000000000000e+03
6.078323128297229871e+00
4.184288507901579912e+00
8.529644499741024788e-01
1.824993244816150479e+02
1.850407019542302010e+02
1.000000000000000000e+03
1.000000000000000000e+03
6.078323128297229871e+00
4.184288507901579912e+00
8.529644499741024788e-01
1.824993244816150479e+02
1.850407019542302010e+02
1.000000000000000000e+03
1.000000000000000000e+03
6.078323128297229871e+00
4.184288507901579912e+00
8.529644499741024788e-01
1.824993244816150479e+02
1.850407019542302010e+02
1.000000000000000000e+03
1.000000000000000000e+03
6.078323128297229871e+00
4.184288507901579912e+00
8.529644499741024788e-01
1.824993244816150479e+02
1.850407019542302010e+02
1.000000000000000000e+03
1.000000000000000000e+03
6.078323128297229871e+00
4.242556430717777438e+00
8.529644499741024788e-01
1.824993244816150479e+02
1.850407019542302010e+02
1.000000000000000000e+03
1.000000000000000000e+03
6.078323128297229871e+00
4.242556430717777438e+00
8.529644499741024788e-01
1.850407019542302010e+02
1.850407019542302010e+02
1.000000000000000000e+03
1.000000000000000000e+03
6.078323128297229871e+00
4.242556430717777438e+00
8.529644499741024788e-01
1.850407019542302010e+02
1.876174691439119613e+02
1.000000000000000000e+03
1.000000000000000000e+03
6.078323128297229871e+00
4.242556430717777438e+00
8.412497049736118448e-01
1.850407019542302010e+02
1.876174691439119613e+02
1.000000000000000000e+03
1.000000000000000000e+03
6.078323128297229871e+00
4.242556430717777438e+00
8.412497049736118448e-01
1.850407019542302010e+02
1.876174691439119613e+02
1.000000000000000000e+03
1.000000000000000000e+03
6.078323128297229871e+00
4.242556430717777438e+00
8.412497049736118448e-01
1.850407019542302010e+02
1.876174691439119613e+02
1.000000000000000000e+03
1.000000000000000000e+03
6.078323128297229871e+00
4.242556430717777438e+00
8.412497049736118448e-01
1.850407019542302010e+02
1.876174691439119613e+02
1.000000000000000000e+03
1.000000000000000000e+03
6.078323128297229871e+00
4.242556430717777438e+00
8.412497049736118448e-01
1.850407019542302010e+02
1.876174691439119613e+02
1.000000000000000000e+03
1.000000000000000000e+03
6.078323128297229871e+00
4.242556430717777438e+00
8.412497049736118448e-01
1.876174691439119613e+02
1.876174691439119613e+02
1.000000000000000000e+03
1.000000000000000000e+03
6.078323128297229871e+00
4.242556430717777438e+00
8.412497049736118448e-01
1.876174691439119613e+02
1.876174691439119613e+02
1.000000000000000000e+03
1.000000000000000000e+03
6.078323128297229871e+00
4.242556430717777438e+00
8.412497049736118448e-01
1.876174691439119613e+02
1.902301188668945713e+02
1.000000000000000000e+03
1.000000000000000000e+03
6.078323128297229871e+00
4.242556430717777438e+00
8.412497049736118448e-01
1.876174691439119613e+02
1.902301188668945713e+02
1.000000000000000000e+03
1.000000000000000000e+03
6.078323128297229871e+00
4.242556430717777438e+00
8.412497049736118448e-01
1.876174691439119613e+02
1.902301188668945713e+02
1.000000000000000000e+03
1.000000000000000000e+03
6.162966255132942273e+00
4.242556430717777438e+00
8.412497049736118448e-01
1.876174691439119613e+02
1.902301188668945713e+02
1.000000000000000000e+03
1.000000000000000000e+03
6.162966255132942273e+00
4.242556430717777438e+00
8.412497049736118448e-01
1.876174691439119613e+02
1.902301188668945713e+02
1.000000000000000000e+03
1.000000000000000000e+03
6.162966255132942273e+00
4.242556430717777438e+00
8.412497049736118448e-01
1.876174691439119613e+02
1.902301188668945713e+02
1.000000000000000000e+03
1.000000000000000000e+03
6.162966255132942273e+00
4.242556430717777438e+00
8.412497049736118448e-01
1.902301188668945713e+02
1.902301188668945713e+02
1.000000000000000000e+03
1.000000000000000000e+03
6.162966255132942273e+00
4.242556430717777438e+00
8.412497049736118448e-01
1.902301188668945713e+02
1.928791508020777599e+02
1.000000000000000000e+03
1.000000000000000000e+03
6.162966255132942273e+00
4.242556430717777438e+00
8.412497049736118448e-01
1.902301188668945713e+02
1.928791508020777599e+02
1.000000000000000000e+03
1.000000000000000000e+03
6.162966255132942273e+00
4.242556430717777438e+00
8.412497049736118448e-01
1.902301188668945713e+02
1.928791508020777599e+02
1.000000000000000000e+03
1.000000000000000000e+03
6.162966255132942273e+00
4.242556430717777438e+00
8.412497049736118448e-01
1.902301188668945713e+02
1.928791508020777599e+02
1.000000000000000000e+03
1.000000000000000000e+03
6.162966255132942273e+00
4.242556430717777438e+00
8.412497049736118448e-01
1.902301188668945713e+02
1.928791508020777599e+02
1.000000000000000000e+03
1.000000000000000000e+03
6.162966255132942273e+00
4.242556430717777438e+00
8.412497049736118448e-01
1.902301188668945713e+02
1.928791508020777599e+02
1.000000000000000000e+03
1.000000000000000000e+03
6.162966255132942273e+00
4.242556430717777438e+00
8.412497049736118448e-01
1.928791508020777599e+02
1.928791508020777599e+02
1.000000000000000000e+03
1.000000000000000000e+03
6.162966255132942273e+00
4.242556430717777438e+00
8.296958520834906148e-01
1.928791508020777599e+02
1.928791508020777599e+02
1.000000000000000000e+03
1.000000000000000000e+03
6.162966255132942273e+00
4.242556430717777438e+00
8.296958520834906148e-01
1.928791508020777599e+02
1.955650715865947120e+02
1.000000000000000000e+03
1.000000000000000000e+03
6.162966255132942273e+00
4.242556430717777438e+00
8.296958520834906148e-01
1.928791508020777599e+02
1.955650715865947120e+02
1.000000000000000000e+03
1.000000000000000000e+03
6.162966255132942273e+00
4.242556430717777438e+00
8.296958520834906148e-01
1.928791508020777599e+02
1.955650715865947120e+02
1.000000000000000000e+03
1.000000000000000000e+03
6.162966255132942273e+00
4.242556430717777438e+00
8.296958520834906148e-01
1.928791508020777599e+02
1.955650715865947120e+02
1.000000000000000000e+03
1.000000000000000000e+03
6.162966255132942273e+00
4.242556430717777438e+00
8.296958520834906148e-01
1.928791508020777599e+02
1.955650715865947120e+02
1.000000000000000000e+03
1.000000000000000000e+03
6.162966255132942273e+00
4.242556430717777438e+00
8.296958520834906148e-01
1.928791508020777599e+02
1.955650715865947120e+02
1.000000000000000000e+03
1.000000000000000000e+03
6.162966255132942273e+00
4.242556430717777438e+00
8.296958520834906148e-01
1.955650715865947120e+02
1.955650715865947120e+02
1.000000000000000000e+03
1.000000000000000000e+03
6.162966255132942273e+00
4.242556430717777438e+00
8.296958520834906148e-01
1.955650715865947120e+02
1.955650715865947120e+02
1.000000000000000000e+03
1.000000000000000000e+03
6.162966255132942273e+00
4.242556430717777438e+00
8.296958520834906148e-01
1.955650715865947120e+02
1.982883949127071332e+02
1.000000000000000000e+03
1.000000000000000000e+03
6.162966255132942273e+00
4.242556430717777438e+00
8.296958520834906148e-01
1.955650715865947120e+02
1.982883949127071332e+02
1.000000000000000000e+03
1.000000000000000000e+03
6.162966255132942273e+00
4.242556430717777438e+00
8.296958520834906148e-01
1.955650715865947120e+02
1.982883949127071332e+02
1.000000000000000000e+03
1.000000000000000000e+03
6.162966255132942273e+00
4.242556430717777438e+00
8.296958520834906148e-01
1.955650715865947120e+02
1.982883949127071332e+02
1.000000000000000000e+03
1.000000000000000000e+03
6.162966255132942273e+00
4.242556430717777438e+00
8.296958520834906148e-01
1.955650715865947120e+02
1.982883949127071332e+02
1.000000000000000000e+03
1.000000000000000000e+03
6.162966255132942273e+00
4.242556430717777438e+00
8.296958520834906148e-01
1.955650715865947120e+02
1.982883949127071332e+02
1.000000000000000000e+03
1.000000000000000000e+03
6.162966255132942273e+00
4.242556430717777438e+00
8.296958520834906148e-01
1.982883949127071332e+02
1.982883949127071332e+02
1.000000000000000000e+03
1.000000000000000000e+03
6.162966255132942273e+00
4.301635758106795215e+00
8.296958520834906148e-01
1.982883949127071332e+02
2.010496416260496915e+02
1.000000000000000000e+03
1.000000000000000000e+03
6.162966255132942273e+00
4.301635758106795215e+00
8.296958520834906148e-01
1.982883949127071332e+02
2.010496416260496915e+02
1.000000000000000000e+03
1.000000000000000000e+03
6.162966255132942273e+00
4.301635758106795215e+00
8.296958520834906148e-01
1.982883949127071332e+02
2.010496416260496915e+02
1.000000000000000000e+03
1.000000000000000000e+03
6.162966255132942273e+00
4.301635758106795215e+00
8.296958520834906148e-01
1.982883949127071332e+02
2.010496416260496915e+02
1.000000000000000000e+03
1.000000000000000000e+03
6.162966255132942273e+00
4.301635758106795215e+00
8.296958520834906148e-01
1.982883949127071332e+02
2.010496416260496915e+02
1.000000000000000000e+03
1.000000000000000000e+03
6.162966255132942273e+00
4.301635758106795215e+00
8.296958520834906148e-01
1.982883949127071332e+02
2.010496416260496915e+02
1.000000000000000000e+03
1.000000000000000000e+03
6.162966255132942273e+00
4.301635758106795215e+00
8.183006815867389649e-01
1.982883949127071332e+02
2.010496416260496915e+02
1.000000000000000000e+03
1.000000000000000000e+03
6.248788072006894012e+00
4.301635758106795215e+00
8.183006815867389649e-01
2.010496416260496915e+02
2.010496416260496915e+02
1.000000000000000000e+03
1.000000000000000000e+03
6.248788072006894012e+00
4.301635758106795215e+00
8.183006815867389649e-01
2.010496416260496915e+02
2.038493398252464317e+02
1.000000000000000000e+03
1.000000000000000000e+03
6.248788072006894012e+00
4.301635758106795215e+00
8.183006815867389649e-01
2.010496416260496915e+02
2.038493398252464317e+02
1.000000000000000000e+03
1.000000000000000000e+03
6.248788072006894012e+00
4.301635758106795215e+00
8.183006815867389649e-01
2.010496416260496915e+02
2.038493398252464317e+02
1.000000000000000000e+03
1.000000000000000000e+03
6.248788072006894012e+00
4.301635758106795215e+00
8.183006815867389649e-01
2.010496416260496915e+02
2.038493398252464317e+02
1.000000000000000000e+03
1.000000000000000000e+03
6.248788072006894012e+00
4.301635758106795215e+00
8.183006815867389649e-01
2.010496416260496915e+02
2.038493398252464317e+02
1.000000000000000000e+03
1.000000000000000000e+03
6.248788072006894012e+00
4.301635758106795215e+00
8.183006815867389649e-01
2.010496416260496915e+02
2.038493398252464317e+02
1.000000000000000000e+03
1.000000000000000000e+03
6.248788072006894012e+00
4.301635758106795215e+00
8.183006815867389649e-01
2.010496416260496915e+02
2.038493398252464317e+02
1.000000000000000000e+03
1.000000000000000000e+03
6.248788072006894012e+00
4.301635758106795215e+00
8.183006815867389649e-01
2.038493398252464317e+02
2.038493398252464317e+02
1.000000000000000000e+03
1.000000000000000000e+03
6.248788072006894012e+00
4.301635758106795215e+00
8.183006815867389649e-01
2.038493398252464317e+02
2.038493398252464317e+02
1.000000000000000000e+03
1.000000000000000000e+03
6.248788072006894012e+00
4.301635758106795215e+00
8.183006815867389649e-01
2.038493398252464317e+02
2.066880249629082016e+02
1.000000000000000000e+03
1.000000000000000000e+03
6.248788072006894012e+00
4.301635758106795215e+00
8.183006815867389649e-01
2.038493398252464317e+02
2.066880249629082016e+02
1.000000000000000000e+03
1.000000000000000000e+03
6.248788072006894012e+00
4.301635758106795215e+00
8.183006815867389649e-01
2.038493398252464317e+02
2.066880249629082016e+02
1.000000000000000000e+03
1.000000000000000000e+03
6.248788072006894012e+00
4.301635758106795215e+00
8.183006815867389649e-01
2.038493398252464317e+02
2.066880249629082016e+02
1.000000000000000000e+03
1.000000000000000000e+03
6.248788072006894012e+00
4.301635758106795215e+00
8.183006815867389649e-01
2.038493398252464317e+02
2.066880249629082016e+02
1.000000000000000000e+03
1.000000000000000000e+03
6.248788072006894012e+00
4.301635758106795215e+00
8.183006815867389649e-01
2.038493398252464317e+02
2.066880249629082016e+02
1.000000000000000000e+03
1.000000000000000000e+03
6.248788072006894012e+00
4.301635758106795215e+00
8.183006815867389649e-01
2.038493398252464317e+02
2.066880249629082016e+02
1.000000000000000000e+03
1.000000000000000000e+03
6.248788072006894012e+00
4.301635758106795215e+00
8.183006815867389649e-01
2.066880249629082016e+02
2.066880249629082016e+02
1.000000000000000000e+03
1.000000000000000000e+03
6.248788072006894012e+00
4.301635758106795215e+00
8.183006815867389649e-01
2.066880249629082016e+02
2.095662399480430906e+02
1.000000000000000000e+03
1.000000000000000000e+03
6.248788072006894012e+00
4.301635758106795215e+00
8.183006815867389649e-01
2.066880249629082016e+02
2.095662399480430906e+02
1.000000000000000000e+03
1.000000000000000000e+03
6.248788072006894012e+00
4.301635758106795215e+00
8.183006815867389649e-01
2.066880249629082016e+02
2.095662399480430906e+02
1.000000000000000000e+03
1.000000000000000000e+03
6.248788072006894012e+00
4.301635758106795215e+00
8.070620141149499327e-01
2.066880249629082016e+02
2.095662399480430906e+02
1.000000000000000000e+03
1.000000000000000000e+03
6.248788072006894012e+00
4.301635758106795215e+00
8.070620141149499327e-01
2.066880249629082016e+02
2.095662399480430906e+02
1.000000000000000000e+03
1.000000000000000000e+03
6.248788072006894012e+00
4.301635758106795215e+00
8.070620141149499327e-01
2.066880249629082016e+02
2.095662399480430906e+02
1.000000000000000000e+03
1.000000000000000000e+03
6.248788072006894012e+00
4.301635758106795215e+00
8.070620141149499327e-01
2.066880249629082016e+02
2.095662399480430906e+02
1.000000000000000000e+03
1.000000000000000000e+03
6.248788072006894012e+00
4.301635758106795215e+00
8.070620141149499327e-01
2.095662399480430906e+02
2.095662399480430906e+02
1.000000000000000000e+03
1.000000000000000000e+03
6.248788072006894012e+00
4.301635758106795215e+00
8.070620141149499327e-01
2.095662399480430906e+02
2.124845352498882960e+02
1.000000000000000000e+03
1.000000000000000000e+03
6.248788072006894012e+00
4.301635758106795215e+00
8.070620141149499327e-01
2.095662399480430906e+02
2.124845352498882960e+02
1.000000000000000000e+03
1.000000000000000000e+03
6.248788072006894012e+00
4.301635758106795215e+00
8.070620141149499327e-01
2.095662399480430906e+02
2.124845352498882960e+02
1.000000000000000000e+03
1.000000000000000000e+03
6.248788072006894012e+00
4.301635758106795215e+00
8.070620141149499327e-01
2.095662399480430906e+02
2.124845352498882960e+02
1.000000000000000000e+03
1.000000000000000000e+03
6.248788072006894012e+00
4.301635758106795215e+00
8.070620141149499327e-01
2.095662399480430906e+02
2.124845352498882960e+02
1.000000000000000000e+03
1.000000000000000000e+03
6.248788072006894012e+00
4.301635758106795215e+00
8.070620141149499327e-01
2.095662399480430906e+02
2.124845352498882960e+02
1.000000000000000000e+03
1.000000000000000000e+03
6.248788072006894012e+00
4.301635758106795215e+00
8.070620141149499327e-01
2.095662399480430906e+02
2.124845352498882960e+02
1.000000000000000000e+03
1.000000000000000000e+03
6.248788072006894012e+00
4.301635758106795215e+00
8.070620141149499327e-01
2.095662399480430906e+02
2.124845352498882960e+02
1.000000000000000000e+03
1.000000000000000000e+03
6.248788072006894012e+00
4.301635758106795215e+00
8.070620141149499327e-01
2.124845352498882960e+02
2.124845352498882960e+02
1.000000000000000000e+03
1.000000000000000000e+03
6.248788072006894012e+00
4.301635758106795215e+00
8.070620141149499327e-01
2.124845352498882960e+02
2.154434690031882269e+02
1.000000000000000000e+03
1.000000000000000000e+03
6.248788072006894012e+00
4.301635758106795215e+00
8.070620141149499327e-01
2.124845352498882960e+02
2.154434690031882269e+02
1.000000000000000000e+03
1.000000000000000000e+03
6.248788072006894012e+00
4.361537789208005833e+00
8.070620141149499327e-01
2.124845352498882960e+02
2.154434690031882269e+02
1.000000000000000000e+03
1.000000000000000000e+03
6.335804992658247592e+00
4.361537789208005833e+00
8.070620141149499327e-01
2.124845352498882960e+02
2.154434690031882269e+02
1.000000000000000000e+03
1.000000000000000000e+03
6.335804992658247592e+00
4.361537789208005833e+00
8.070620141149499327e-01
2.124845352498882960e+02
2.154434690031882269e+02
1.000000000000000000e+03
1.000000000000000000e+03
6.335804992658247592e+00
4.361537789208005833e+00
8.070620141149499327e-01
2.124845352498882960e+02
2.154434690031882269e+02
1.000000000000000000e+03
1.000000000000000000e+03
6.335804992658247592e+00
4.361537789208005833e+00
8.070620141149499327e-01
2.124845352498882960e+02
2.154434690031882269e+02
1.000000000000000000e+03
1.000000000000000000e+03
6.335804992658247592e+00
4.361537789208005833e+00
8.070620141149499327e-01
2.124845352498882960e+02
2.154434690031882269e+02
1.000000000000000000e+03
1.000000000000000000e+03
6.335804992658247592e+00
4.361537789208005833e+00
8.070620141149499327e-01
2.154434690031882269e+02
2.184436071149428358e+02
1.000000000000000000e+03
1.000000000000000000e+03
6.335804992658247592e+00
4.361537789208005833e+00
8.070620141149499327e-01
2.154434690031882269e+02
2.184436071149428358e+02
1.000000000000000000e+03
1.000000000000000000e+03
6.335804992658247592e+00
4.361537789208005833e+00
7.959777002314986083e-01
2.154434690031882269e+02
2.184436071149428358e+02
1.000000000000000000e+03
1.000000000000000000e+03
6.335804992658247592e+00
4.361537789208005833e+00
7.959777002314986083e-01
2.154434690031882269e+02
2.184436071149428358e+02
1.000000000000000000e+03
1.000000000000000000e+03
6.335804992658247592e+00
4.361537789208005833e+00
7.959777002314986083e-01
2.154434690031882269e+02
2.184436071149428358e+02
1.000000000000000000e+03
1.000000000000000000e+03
6.335804992658247592e+00
4.361537789208005833e+00
7.959777002314986083e-01
2.154434690031882269e+02
2.184436071149428358e+02
1.000000000000000000e+03
1.000000000000000000e+03
6.335804992658247592e+00
4.361537789208005833e+00
7.959777002314986083e-01
2.154434690031882269e+02
2.184436071149428358e+02
1.000000000000000000e+03
1.000000000000000000e+03
6.335804992658247592e+00
4.361537789208005833e+00
7.959777002314986083e-01
2.154434690031882269e+02
2.184436071149428358e+02
1.000000000000000000e+03
1.000000000000000000e+03
6.335804992658247592e+00
4.361537789208005833e+00
7.959777002314986083e-01
2.154434690031882269e+02
2.184436071149428358e+02
1.000000000000000000e+03
1.000000000000000000e+03
6.335804992658247592e+00
4.361537789208005833e+00
7.959777002314986083e-01
2.184436071149428358e+02
2.214855233726359245e+02
1.000000000000000000e+03
1.000000000000000000e+03
6.335804992658247592e+00
4.361537789208005833e+00
7.959777002314986083e-01
2.184436071149428358e+02
2.214855233726359245e+02
1.000000000000000000e+03
1.000000000000000000e+03
6.335804992658247592e+00
4.361537789208005833e+00
7.959777002314986083e-01
2.184436071149428358e+02
2.214855233726359245e+02
1.000000000000000000e+03
1.000000000000000000e+03
6.335804992658247592e+00
4.361537789208005833e+00
7.959777002314986083e-01
2.184436071149428358e+02
2.214855233726359245e+02
1.000000000000000000e+03
1.000000000000000000e+03
6.335804992658247592e+00
4.361537789208005833e+00
7.959777002314986083e-01
2.184436071149428358e+02
2.214855233726359245e+02
1.000000000000000000e+03
1.000000000000000000e+03
6.335804992658247592e+00
4.361537789208005833e+00
7.959777002314986083e-01
2.184436071149428358e+02
2.214855233726359245e+02
1.000000000000000000e+03
1.000000000000000000e+03
6.335804992658247592e+00
4.361537789208005833e+00
7.959777002314986083e-01
2.184436071149428358e+02
2.214855233726359245e+02
1.000000000000000000e+03
1.000000000000000000e+03
6.335804992658247592e+00
4.361537789208005833e+00
7.959777002314986083e-01
2.184436071149428358e+02
2.214855233726359245e+02
1.000000000000000000e+03
1.000000000000000000e+03
6.335804992658247592e+00
4.361537789208005833e+00
7.959777002314986083e-01
2.184436071149428358e+02
2.214855233726359245e+02
1.000000000000000000e+03
1.000000000000000000e+03
6.335804992658247592e+00
4.361537789208005833e+00
7.959777002314986083e-01
2.214855233726359245e+02
2.245697995539771625e+02
1.000000000000000000e+03
1.000000000000000000e+03
6.335804992658247592e+00
4.361537789208005833e+00
7.959777002314986083e-01
2.214855233726359245e+02
2.245697995539771625e+02
1.000000000000000000e+03
1.000000000000000000e+03
6.335804992658247592e+00
4.361537789208005833e+00
7.959777002314986083e-01
2.214855233726359245e+02
2.245697995539771625e+02
1.000000000000000000e+03
1.000000000000000000e+03
6.335804992658247592e+00
4.361537789208005833e+00
7.959777002314986083e-01
2.214855233726359245e+02
2.245697995539771625e+02
1.000000000000000000e+03
1.000000000000000000e+03
6.335804992658247592e+00
4.361537789208005833e+00
7.959777002314986083e-01
2.214855233726359245e+02
2.245697995539771625e+02
1.000000000000000000e+03
1.000000000000000000e+03
6.335804992658247592e+00
4.361537789208005833e+00
7.959777002314986083e-01
2.214855233726359245e+02
2.245697995539771625e+02
1.000000000000000000e+03
1.000000000000000000e+03
6.335804992658247592e+00
4.361537789208005833e+00
7.959777002314986083e-01
2.214855233726359245e+02
2.245697995539771625e+02
1.000000000000000000e+03
1.000000000000000000e+03
6.335804992658247592e+00
4.361537789208005833e+00
7.959777002314986083e-01
2.214855233726359245e+02
2.245697995539771625e+02
1.000000000000000000e+03
1.000000000000000000e+03
6.335804992658247592e+00
4.361537789208005833e+00
7.959777002314986083e-01
2.214855233726359245e+02
2.245697995539771625e+02
1.000000000000000000e+03
1.000000000000000000e+03
6.335804992658247592e+00
4.361537789208005833e+00
7.850456200204509738e-01
2.245697995539771625e+02
2.276970255381679920e+02
1.000000000000000000e+03
1.000000000000000000e+03
6.335804992658247592e+00
4.361537789208005833e+00
7.850456200204509738e-01
2.245697995539771625e+02
2.276970255381679920e+02
1.000000000000000000e+03
1.000000000000000000e+03
6.335804992658247592e+00
4.361537789208005833e+00
7.850456200204509738e-01
2.245697995539771625e+02
2.276970255381679920e+02
1.000000000000000000e+03
1.000000000000000000e+03
6.335804992658247592e+00
4.361537789208005833e+00
7.850456200204509738e-01
2.245697995539771625e+02
2.276970255381679920e+02
1.000000000000000000e+03
1.000000000000000000e+03
6.335804992658247592e+00
4.361537789208005833e+00
7.850456200204509738e-01
2.245697995539771625e+02
2.276970255381679920e+02
1.000000000000000000e+03
1.000000000000000000e+03
6.335804992658247592e+00
4.361537789208005833e+00
7.850456200204509738e-01
2.245697995539771625e+02
2.276970255381679920e+02
1.000000000000000000e+03
1.000000000000000000e+03
6.335804992658247592e+00
4.361537789208005833e+00
7.850456200204509738e-01
2.245697995539771625e+02
2.276970255381679920e+02
1.000000000000000000e+03
1.000000000000000000e+03
6.335804992658247592e+00
4.361537789208005833e+00
7.850456200204509738e-01
2.245697995539771625e+02
2.276970255381679920e+02
1.000000000000000000e+03
1.000000000000000000e+03
6.335804992658247592e+00
4.361537789208005833e+00
7.850456200204509738e-01
2.245697995539771625e+02
2.276970255381679920e+02
1.000000000000000000e+03
1.000000000000000000e+03
6.424033659394190465e+00
4.361537789208005833e+00
7.850456200204509738e-01
2.245697995539771625e+02
2.276970255381679920e+02
1.000000000000000000e+03
1.000000000000000000e+03
6.424033659394190465e+00
4.361537789208005833e+00
7.850456200204509738e-01
2.276970255381679920e+02
2.308677994187167428e+02
1.000000000000000000e+03
1.000000000000000000e+03
6.424033659394190465e+00
4.361537789208005833e+00
7.850456200204509738e-01
2.276970255381679920e+02
2.308677994187167428e+02
1.000000000000000000e+03
1.000000000000000000e+03
6.424033659394190465e+00
4.361537789208005833e+00
7.850456200204509738e-01
2.276970255381679920e+02
2.308677994187167428e+02
1.000000000000000000e+03
1.000000000000000000e+03
6.424033659394190465e+00
4.361537789208005833e+00
7.850456200204509738e-01
2.276970255381679920e+02
2.308677994187167428e+02
1.000000000000000000e+03
1.000000000000000000e+03
6.424033659394190465e+00
4.361537789208005833e+00
7.850456200204509738e-01
2.276970255381679920e+02
2.308677994187167428e+02
1.000000000000000000e+03
1.000000000000000000e+03
6.424033659394190465e+00
4.361537789208005833e+00
7.850456200204509738e-01
2.276970255381679920e+02
2.308677994187167428e+02
1.000000000000000000e+03
1.000000000000000000e+03
6.424033659394190465e+00
4.422273980505896596e+00
7.850456200204509738e-01
2.276970255381679920e+02
2.308677994187167428e+02
1.000000000000000000e+03
1.000000000000000000e+03
6.424033659394190465e+00
4.422273980505896596e+00
7.850456200204509738e-01
2.276970255381679920e+02
2.308677994187167428e+02
1.000000000000000000e+03
1.000000000000000000e+03
6.424033659394190465e+00
4.422273980505896596e+00
7.850456200204509738e-01
2.276970255381679920e+02
2.308677994187167428e+02
1.000000000000000000e+03
1.000000000000000000e+03
6.424033659394190465e+00
4.422273980505896596e+00
7.850456200204509738e-01
2.308677994187167428e+02
2.340827276178294198e+02
1.000000000000000000e+03
1.000000000000000000e+03
6.424033659394190465e+00
4.422273980505896596e+00
7.850456200204509738e-01
2.308677994187167428e+02
2.340827276178294198e+02
1.000000000000000000e+03
1.000000000000000000e+03
6.424033659394190465e+00
4.422273980505896596e+00
7.850456200204509738e-01
2.308677994187167428e+02
2.340827276178294198e+02
1.000000000000000000e+03
1.000000000000000000e+03
6.424033659394190465e+00
4.422273980505896596e+00
7.850456200204509738e-01
2.308677994187167428e+02
2.340827276178294198e+02
1.000000000000000000e+03
1.000000000000000000e+03
6.424033659394190465e+00
4.422273980505896596e+00
7.850456200204509738e-01
2.308677994187167428e+02
2.340827276178294198e+02
1.000000000000000000e+03
1.000000000000000000e+03
6.424033659394190465e+00
4.422273980505896596e+00
7.850456200204509738e-01
2.308677994187167428e+02
2.340827276178294198e+02
1.000000000000000000e+03
1.000000000000000000e+03
6.424033659394190465e+00
4.422273980505896596e+00
7.850456200204509738e-01
2.308677994187167428e+02
2.340827276178294198e+02
1.000000000000000000e+03
1.000000000000000000e+03
6.424033659394190465e+00
4.422273980505896596e+00
7.742636826811269968e-01
2.308677994187167428e+02
2.340827276178294198e+02
1.000000000000000000e+03
1.000000000000000000e+03
6.424033659394190465e+00
4.422273980505896596e+00
7.742636826811269968e-01
2.308677994187167428e+02
2.340827276178294198e+02
1.000000000000000000e+03
1.000000000000000000e+03
6.424033659394190465e+00
4.422273980505896596e+00
7.742636826811269968e-01
2.308677994187167428e+02
2.340827276178294198e+02
1.000000000000000000e+03
1.000000000000000000e+03
6.424033659394190465e+00
4.422273980505896596e+00
7.742636826811269968e-01
2.340827276178294198e+02
2.373424250023866193e+02
1.000000000000000000e+03
1.000000000000000000e+03
6.424033659394190465e+00
4.422273980505896596e+00
7.742636826811269968e-01
2.340827276178294198e+02
2.373424250023866193e+02
1.000000000000000000e+03
1.000000000000000000e+03
6.424033659394190465e+00
4.422273980505896596e+00
7.742636826811269968e-01
2.340827276178294198e+02
2.373424250023866193e+02
1.000000000000000000e+03
1.000000000000000000e+03
6.424033659394190465e+00
4.422273980505896596e+00
7.742636826811269968e-01
2.340827276178294198e+02
2.373424250023866193e+02
1.000000000000000000e+03
1.000000000000000000e+03
6.424033659394190465e+00
4.422273980505896596e+00
7.742636826811269968e-01
2.340827276178294198e+02
2.373424250023866193e+02
1.000000000000000000e+03
1.000000000000000000e+03
6.424033659394190465e+00
4.422273980505896596e+00
7.742636826811269968e-01
2.340827276178294198e+02
2.373424250023866193e+02
1.000000000000000000e+03
1.000000000000000000e+03
6.424033659394190465e+00
4.422273980505896596e+00
7.742636826811269968e-01
2.340827276178294198e+02
2.373424250023866193e+02
1.000000000000000000e+03
1.000000000000000000e+03
6.424033659394190465e+00
4.422273980505896596e+00
7.742636826811269968e-01
2.340827276178294198e+02
2.373424250023866193e+02
1.000000000000000000e+03
1.000000000000000000e+03
6.424033659394190465e+00
4.422273980505896596e+00
7.742636826811269968e-01
2.340827276178294198e+02
2.373424250023866193e+02
1.000000000000000000e+03
1.000000000000000000e+03
6.424033659394190465e+00
4.422273980505896596e+00
7.742636826811269968e-01
2.340827276178294198e+02
2.373424250023866193e+02
1.000000000000000000e+03
1.000000000000000000e+03
6.424033659394190465e+00
4.422273980505896596e+00
7.742636826811269968e-01
2.373424250023866193e+02
2.406475150015421605e+02
1.000000000000000000e+03
1.000000000000000000e+03
6.424033659394190465e+00
4.422273980505896596e+00
7.742636826811269968e-01
2.373424250023866193e+02
2.406475150015421605e+02
1.000000000000000000e+03
1.000000000000000000e+03
6.424033659394190465e+00
4.422273980505896596e+00
7.742636826811269968e-01
2.373424250023866193e+02
2.406475150015421605e+02
1.000000000000000000e+03
1.000000000000000000e+03
6.424033659394190465e+00
4.422273980505896596e+00
7.742636826811269968e-01
2.373424250023866193e+02
2.406475150015421605e+02
1.000000000000000000e+03
1.000000000000000000e+03
6.424033659394190465e+00
4.422273980505896596e+00
7.742636826811269968e-01
2.373424250023866193e+02
2.406475150015421605e+02
1.000000000000000000e+03
1.000000000000000000e+03
6.424033659394190465e+00
4.422273980505896596e+00
7.742636826811269968e-01
2.373424250023866193e+02
2.406475150015421605e+02
1.000000000000000000e+03
1.000000000000000000e+03
6.424033659394190465e+00
4.422273980505896596e+00
7.742636826811269968e-01
2.373424250023866193e+02
2.406475150015421605e+02
1.000000000000000000e+03
1.000000000000000000e+03
6.424033659394190465e+00
4.422273980505896596e+00
7.742636826811269968e-01
2.373424250023866193e+02
2.406475150015421605e+02
1.000000000000000000e+03
1.000000000000000000e+03
6.424033659394190465e+00
4.422273980505896596e+00
7.742636826811269968e-01
2.373424250023866193e+02
2.406475150015421605e+02
1.000000000000000000e+03
1.000000000000000000e+03
6.424033659394190465e+00
4.422273980505896596e+00
7.742636826811269968e-01
2.373424250023866193e+02
2.439986297259550270e+02
1.000000000000000000e+03
1.000000000000000000e+03
6.424033659394190465e+00
4.422273980505896596e+00
7.742636826811269968e-01
2.406475150015421605e+02
2.439986297259550270e+02
1.000000000000000000e+03
1.000000000000000000e+03
6.424033659394190465e+00
4.422273980505896596e+00
7.742636826811269968e-01
2.406475150015421605e+02
2.439986297259550270e+02
1.000000000000000000e+03
1.000000000000000000e+03
6.424033659394190465e+00
4.422273980505896596e+00
7.742636826811269968e-01
2.406475150015421605e+02
2.439986297259550270e+02
1.000000000000000000e+03
1.000000000000000000e+03
6.424033659394190465e+00
4.422273980505896596e+00
7.742636826811269968e-01
2.406475150015421605e+02
2.439986297259550270e+02
1.000000000000000000e+03
1.000000000000000000e+03
6.424033659394190465e+00
4.422273980505896596e+00
7.742636826811269968e-01
2.406475150015421605e+02
2.439986297259550270e+02
1.000000000000000000e+03
1.000000000000000000e+03
6.513490946272802340e+00
4.422273980505896596e+00
7.636298261282241651e-01
2.406475150015421605e+02
2.439986297259550270e+02
1.000000000000000000e+03
1.000000000000000000e+03
6.513490946272802340e+00
4.422273980505896596e+00
7.636298261282241651e-01
2.406475150015421605e+02
2.439986297259550270e+02
1.000000000000000000e+03
1.000000000000000000e+03
6.513490946272802340e+00
4.422273980505896596e+00
7.636298261282241651e-01
2.406475150015421605e+02
2.439986297259550270e+02
1.000000000000000000e+03
1.000000000000000000e+03
6.513490946272802340e+00
4.422273980505896596e+00
7.636298261282241651e-01
2.406475150015421605e+02
2.439986297259550270e+02
1.000000000000000000e+03
1.000000000000000000e+03
6.513490946272802340e+00
4.422273980505896596e+00
7.636298261282241651e-01
2.406475150015421605e+02
2.439986297259550270e+02
1.000000000000000000e+03
1.000000000000000000e+03
6.513490946272802340e+00
4.422273980505896596e+00
7.636298261282241651e-01
2.439986297259550270e+02
2.473964100886811650e+02
1.000000000000000000e+03
1.000000000000000000e+03
6.513490946272802340e+00
4.422273980505896596e+00
7.636298261282241651e-01
2.439986297259550270e+02
2.473964100886811650e+02
1.000000000000000000e+03
1.000000000000000000e+03
6.513490946272802340e+00
4.422273980505896596e+00
7.636298261282241651e-01
2.439986297259550270e+02
2.473964100886811650e+02
1.000000000000000000e+03
1.000000000000000000e+03
6.513490946272802340e+00
4.422273980505896596e+00
7.636298261282241651e-01
2.439986297259550270e+02
2.473964100886811650e+02
1.000000000000000000e+03
1.000000000000000000e+03
6.513490946272802340e+00
4.422273980505896596e+00
7.636298261282241651e-01
2.439986297259550270e+02
2.473964100886811650e+02
1.000000000000000000e+03
1.000000000000000000e+03
6.513490946272802340e+00
4.422273980505896596e+00
7.636298261282241651e-01
2.439986297259550270e+02
2.473964100886811650e+02
1.000000000000000000e+03
1.000000000000000000e+03
6.513490946272802340e+00
4.422273980505896596e+00
7.636298261282241651e-01
2.439986297259550270e+02
2.473964100886811650e+02
1.000000000000000000e+03
1.000000000000000000e+03
6.513490946272802340e+00
4.422273980505896596e+00
7.636298261282241651e-01
2.439986297259550270e+02
2.473964100886811650e+02
1.000000000000000000e+03
1.000000000000000000e+03
6.513490946272802340e+00
4.422273980505896596e+00
7.636298261282241651e-01
2.439986297259550270e+02
2.473964100886811650e+02
1.000000000000000000e+03
1.000000000000000000e+03
6.513490946272802340e+00
4.422273980505896596e+00
7.636298261282241651e-01
2.439986297259550270e+02
2.473964100886811650e+02
1.000000000000000000e+03
1.000000000000000000e+03
6.513490946272802340e+00
4.483855948021186144e+00
7.636298261282241651e-01
2.439986297259550270e+02
2.508415059277541275e+02
1.000000000000000000e+03
1.000000000000000000e+03
6.513490946272802340e+00
4.483855948021186144e+00
7.636298261282241651e-01
2.473964100886811650e+02
2.508415059277541275e+02
1.000000000000000000e+03
1.000000000000000000e+03
6.513490946272802340e+00
4.483855948021186144e+00
7.636298261282241651e-01
2.473964100886811650e+02
2.508415059277541275e+02
1.000000000000000000e+03
1.000000000000000000e+03
6.513490946272802340e+00
4.483855948021186144e+00
7.636298261282241651e-01
2.473964100886811650e+02
2.508415059277541275e+02
1.000000000000000000e+03
1.000000000000000000e+03
6.513490946272802340e+00
4.483855948021186144e+00
7.636298261282241651e-01
2.473964100886811650e+02
2.508415059277541275e+02
1.000000000000000000e+03
1.000000000000000000e+03
6.513490946272802340e+00
4.483855948021186144e+00
7.636298261282241651e-01
2.473964100886811650e+02
2.508415059277541275e+02
1.000000000000000000e+03
1.000000000000000000e+03
6.513490946272802340e+00
4.483855948021186144e+00
7.636298261282241651e-01
2.473964100886811650e+02
2.508415059277541275e+02
1.000000000000000000e+03
1.000000000000000000e+03
6.513490946272802340e+00
4.483855948021186144e+00
7.636298261282241651e-01
2.473964100886811650e+02
2.508415059277541275e+02
1.000000000000000000e+03
1.000000000000000000e+03
6.513490946272802340e+00
4.483855948021186144e+00
7.636298261282241651e-01
2.473964100886811650e+02
2.508415059277541275e+02
1.000000000000000000e+03
1.000000000000000000e+03
6.513490946272802340e+00
4.483855948021186144e+00
7.636298261282241651e-01
2.473964100886811650e+02
2.508415059277541275e+02
1.000000000000000000e+03
1.000000000000000000e+03
6.513490946272802340e+00
4.483855948021186144e+00
7.636298261282241651e-01
2.473964100886811650e+02
2.543345761304648249e+02
1.000000000000000000e+03
1.000000000000000000e+03
6.513490946272802340e+00
4.483855948021186144e+00
7.636298261282241651e-01
2.473964100886811650e+02
2.543345761304648249e+02
1.000000000000000000e+03
1.000000000000000000e+03
6.513490946272802340e+00
4.483855948021186144e+00
7.636298261282241651e-01
2.508415059277541275e+02
2.543345761304648249e+02
1.000000000000000000e+03
1.000000000000000000e+03
6.513490946272802340e+00
4.483855948021186144e+00
7.531420165974368475e-01
2.508415059277541275e+02
2.543345761304648249e+02
1.000000000000000000e+03
1.000000000000000000e+03
6.513490946272802340e+00
4.483855948021186144e+00
7.531420165974368475e-01
2.508415059277541275e+02
2.543345761304648249e+02
1.000000000000000000e+03
1.000000000000000000e+03
6.513490946272802340e+00
4.483855948021186144e+00
7.531420165974368475e-01
2.508415059277541275e+02
2.543345761304648249e+02
1.000000000000000000e+03
1.000000000000000000e+03
6.513490946272802340e+00
4.483855948021186144e+00
7.531420165974368475e-01
2.508415059277541275e+02
2.543345761304648249e+02
1.000000000000000000e+03
1.000000000000000000e+03
6.513490946272802340e+00
4.483855948021186144e+00
7.531420165974368475e-01
2.508415059277541275e+02
2.543345761304648249e+02
1.000000000000000000e+03
1.000000000000000000e+03
6.513490946272802340e+00
4.483855948021186144e+00
7.531420165974368475e-01
2.508415059277541275e+02
2.543345761304648249e+02
1.000000000000000000e+03
1.000000000000000000e+03
6.513490946272802340e+00
4.483855948021186144e+00
7.531420165974368475e-01
2.508415059277541275e+02
2.543345761304648249e+02
1.000000000000000000e+03
1.000000000000000000e+03
6.513490946272802340e+00
4.483855948021186144e+00
7.531420165974368475e-01
2.508415059277541275e+02
2.543345761304648249e+02
1.000000000000000000e+03
1.000000000000000000e+03
6.513490946272802340e+00
4.483855948021186144e+00
7.531420165974368475e-01
2.508415059277541275e+02
2.578762887593803725e+02
1.000000000000000000e+03
1.000000000000000000e+03
6.513490946272802340e+00
4.483855948021186144e+00
7.531420165974368475e-01
2.508415059277541275e+02
2.578762887593803725e+02
1.000000000000000000e+03
1.000000000000000000e+03
6.513490946272802340e+00
4.483855948021186144e+00
7.531420165974368475e-01
2.543345761304648249e+02
2.578762887593803725e+02
1.000000000000000000e+03
1.000000000000000000e+03
6.513490946272802340e+00
4.483855948021186144e+00
7.531420165974368475e-01
2.543345761304648249e+02
2.578762887593803725e+02
1.000000000000000000e+03
1.000000000000000000e+03
6.513490946272802340e+00
4.483855948021186144e+00
7.531420165974368475e-01
2.543345761304648249e+02
2.578762887593803725e+02
1.000000000000000000e+03
1.000000000000000000e+03
6.513490946272802340e+00
4.483855948021186144e+00
7.531420165974368475e-01
2.543345761304648249e+02
2.578762887593803725e+02
1.000000000000000000e+03
1.000000000000000000e+03
6.513490946272802340e+00
4.483855948021186144e+00
7.531420165974368475e-01
2.543345761304648249e+02
2.578762887593803725e+02
1.000000000000000000e+03
1.000000000000000000e+03
6.513490946272802340e+00
4.483855948021186144e+00
7.531420165974368475e-01
2.543345761304648249e+02
2.578762887593803725e+02
1.000000000000000000e+03
1.000000000000000000e+03
6.513490946272802340e+00
4.483855948021186144e+00
7.531420165974368475e-01
2.543345761304648249e+02
2.578762887593803725e+02
1.000000000000000000e+03
1.000000000000000000e+03
6.513490946272802340e+00
4.483855948021186144e+00
7.531420165974368475e-01
2.543345761304648249e+02
2.578762887593803725e+02
1.000000000000000000e+03
1.000000000000000000e+03
6.513490946272802340e+00
4.483855948021186144e+00
7.531420165974368475e-01
2.543345761304648249e+02
2.578762887593803725e+02
1.000000000000000000e+03
1.000000000000000000e+03
6.513490946272802340e+00
4.483855948021186144e+00
7.531420165974368475e-01
2.543345761304648249e+02
2.614673211801091952e+02
1.000000000000000000e+03
1.000000000000000000e+03
6.513490946272802340e+00
4.483855948021186144e+00
7.531420165974368475e-01
2.543345761304648249e+02
2.614673211801091952e+02
1.000000000000000000e+03
1.000000000000000000e+03
6.604193962330305645e+00
4.483855948021186144e+00
7.531420165974368475e-01
2.578762887593803725e+02
2.614673211801091952e+02
1.000000000000000000e+03
1.000000000000000000e+03
6.604193962330305645e+00
4.483855948021186144e+00
7.531420165974368475e-01
2.578762887593803725e+02
2.614673211801091952e+02
1.000000000000000000e+03
1.000000000000000000e+03
6.604193962330305645e+00
4.483855948021186144e+00
7.531420165974368475e-01
2.578762887593803725e+02
2.614673211801091952e+02
1.000000000000000000e+03
1.000000000000000000e+03
6.604193962330305645e+00
4.483855948021186144e+00
7.531420165974368475e-01
2.578762887593803725e+02
2.614673211801091952e+02
1.000000000000000000e+03
1.000000000000000000e+03
6.604193962330305645e+00
4.483855948021186144e+00
7.531420165974368475e-01
2.578762887593803725e+02
2.614673211801091952e+02
1.000000000000000000e+03
1.000000000000000000e+03
6.604193962330305645e+00
4.483855948021186144e+00
7.531420165974368475e-01
2.578762887593803725e+02
2.614673211801091952e+02
1.000000000000000000e+03
1.000000000000000000e+03
6.604193962330305645e+00
4.483855948021186144e+00
7.531420165974368475e-01
2.578762887593803725e+02
2.614673211801091952e+02
1.000000000000000000e+03
1.000000000000000000e+03
6.604193962330305645e+00
4.483855948021186144e+00
7.531420165974368475e-01
2.578762887593803725e+02
2.614673211801091952e+02
1.000000000000000000e+03
1.000000000000000000e+03
6.604193962330305645e+00
4.483855948021186144e+00
7.531420165974368475e-01
2.578762887593803725e+02
2.614673211801091952e+02
1.000000000000000000e+03
1.000000000000000000e+03
6.604193962330305645e+00
4.483855948021186144e+00
7.427982482564918776e-01
2.578762887593803725e+02
2.651083601908536025e+02
1.000000000000000000e+03
1.000000000000000000e+03
6.604193962330305645e+00
4.483855948021186144e+00
7.427982482564918776e-01
2.578762887593803725e+02
2.651083601908536025e+02
1.000000000000000000e+03
1.000000000000000000e+03
6.604193962330305645e+00
4.483855948021186144e+00
7.427982482564918776e-01
2.614673211801091952e+02
2.651083601908536025e+02
1.000000000000000000e+03
1.000000000000000000e+03
6.604193962330305645e+00
4.483855948021186144e+00
7.427982482564918776e-01
2.614673211801091952e+02
2.651083601908536025e+02
1.000000000000000000e+03
1.000000000000000000e+03
6.604193962330305645e+00
4.483855948021186144e+00
7.427982482564918776e-01
2.614673211801091952e+02
2.651083601908536025e+02
1.000000000000000000e+03
1.000000000000000000e+03
6.604193962330305645e+00
4.483855948021186144e+00
7.427982482564918776e-01
2.614673211801091952e+02
2.651083601908536025e+02
1.000000000000000000e+03
1.000000000000000000e+03
6.604193962330305645e+00
4.483855948021186144e+00
7.427982482564918776e-01
2.614673211801091952e+02
2.651083601908536025e+02
1.000000000000000000e+03
1.000000000000000000e+03
6.604193962330305645e+00
4.483855948021186144e+00
7.427982482564918776e-01
2.614673211801091952e+02
2.651083601908536025e+02
1.000000000000000000e+03
1.000000000000000000e+03
6.604193962330305645e+00
4.483855948021186144e+00
7.427982482564918776e-01
2.614673211801091952e+02
2.651083601908536025e+02
1.000000000000000000e+03
1.000000000000000000e+03
6.604193962330305645e+00
4.483855948021186144e+00
7.427982482564918776e-01
2.614673211801091952e+02
2.651083601908536025e+02
1.000000000000000000e+03
1.000000000000000000e+03
6.604193962330305645e+00
4.483855948021186144e+00
7.427982482564918776e-01
2.614673211801091952e+02
2.651083601908536025e+02
1.000000000000000000e+03
1.000000000000000000e+03
6.604193962330305645e+00
4.483855948021186144e+00
7.427982482564918776e-01
2.614673211801091952e+02
2.688001021537607471e+02
1.000000000000000000e+03
1.000000000000000000e+03
6.604193962330305645e+00
4.483855948021186144e+00
7.427982482564918776e-01
2.614673211801091952e+02
2.688001021537607471e+02
1.000000000000000000e+03
1.000000000000000000e+03
6.604193962330305645e+00
4.483855948021186144e+00
7.427982482564918776e-01
2.651083601908536025e+02
2.688001021537607471e+02
1.000000000000000000e+03
1.000000000000000000e+03
6.604193962330305645e+00
4.483855948021186144e+00
7.427982482564918776e-01
2.651083601908536025e+02
2.688001021537607471e+02
1.000000000000000000e+03
1.000000000000000000e+03
6.604193962330305645e+00
4.546295469532399380e+00
7.427982482564918776e-01
2.651083601908536025e+02
2.688001021537607471e+02
1.000000000000000000e+03
1.000000000000000000e+03
6.604193962330305645e+00
4.546295469532399380e+00
7.427982482564918776e-01
2.651083601908536025e+02
2.688001021537607471e+02
1.000000000000000000e+03
1.000000000000000000e+03
6.604193962330305645e+00
4.546295469532399380e+00
7.427982482564918776e-01
2.651083601908536025e+02
2.688001021537607471e+02
1.000000000000000000e+03
1.000000000000000000e+03
6.604193962330305645e+00
4.546295469532399380e+00
7.427982482564918776e-01
2.651083601908536025e+02
2.688001021537607471e+02
1.000000000000000000e+03
1.000000000000000000e+03
6.604193962330305645e+00
4.546295469532399380e+00
7.427982482564918776e-01
2.651083601908536025e+02
2.688001021537607471e+02
1.000000000000000000e+03
1.000000000000000000e+03
6.604193962330305645e+00
4.546295469532399380e+00
7.427982482564918776e-01
2.651083601908536025e+02
2.688001021537607471e+02
1.000000000000000000e+03
1.000000000000000000e+03
6.604193962330305645e+00
4.546295469532399380e+00
7.427982482564918776e-01
2.651083601908536025e+02
2.688001021537607471e+02
1.000000000000000000e+03
1.000000000000000000e+03
6.604193962330305645e+00
4.546295469532399380e+00
7.427982482564918776e-01
2.651083601908536025e+02
2.725432531281027764e+02
1.000000000000000000e+03
1.000000000000000000e+03
6.604193962330305645e+00
4.546295469532399380e+00
7.427982482564918776e-01
2.651083601908536025e+02
2.725432531281027764e+02
1.000000000000000000e+03
1.000000000000000000e+03
6.604193962330305645e+00
4.546295469532399380e+00
7.427982482564918776e-01
2.651083601908536025e+02
2.725432531281027764e+02
1.000000000000000000e+03
1.000000000000000000e+03
6.604193962330305645e+00
4.546295469532399380e+00
7.427982482564918776e-01
2.688001021537607471e+02
2.725432531281027764e+02
1.000000000000000000e+03
1.000000000000000000e+03
6.604193962330305645e+00
4.546295469532399380e+00
7.427982482564918776e-01
2.688001021537607471e+02
2.725432531281027764e+02
1.000000000000000000e+03
1.000000000000000000e+03
6.604193962330305645e+00
4.546295469532399380e+00
7.427982482564918776e-01
2.688001021537607471e+02
2.725432531281027764e+02
1.000000000000000000e+03
1.000000000000000000e+03
6.604193962330305645e+00
4.546295469532399380e+00
7.427982482564918776e-01
2.688001021537607471e+02
2.725432531281027764e+02
1.000000000000000000e+03
1.000000000000000000e+03
6.604193962330305645e+00
4.546295469532399380e+00
7.427982482564918776e-01
2.688001021537607471e+02
2.725432531281027764e+02
1.000000000000000000e+03
1.000000000000000000e+03
6.604193962330305645e+00
4.546295469532399380e+00
7.427982482564918776e-01
2.688001021537607471e+02
2.725432531281027764e+02
1.000000000000000000e+03
1.000000000000000000e+03
6.604193962330305645e+00
4.546295469532399380e+00
7.427982482564918776e-01
2.688001021537607471e+02
2.725432531281027764e+02
1.000000000000000000e+03
1.000000000000000000e+03
6.604193962330305645e+00
4.546295469532399380e+00
7.325965428215229780e-01
2.688001021537607471e+02
2.725432531281027764e+02
1.000000000000000000e+03
1.000000000000000000e+03
6.604193962330305645e+00
4.546295469532399380e+00
7.325965428215229780e-01
2.688001021537607471e+02
2.725432531281027764e+02
1.000000000000000000e+03
1.000000000000000000e+03
6.604193962330305645e+00
4.546295469532399380e+00
7.325965428215229780e-01
2.688001021537607471e+02
2.763385290053172412e+02
1.000000000000000000e+03
1.000000000000000000e+03
6.604193962330305645e+00
4.546295469532399380e+00
7.325965428215229780e-01
2.688001021537607471e+02
2.763385290053172412e+02
1.000000000000000000e+03
1.000000000000000000e+03
6.604193962330305645e+00
4.546295469532399380e+00
7.325965428215229780e-01
2.688001021537607471e+02
2.763385290053172412e+02
1.000000000000000000e+03
1.000000000000000000e+03
6.604193962330305645e+00
4.546295469532399380e+00
7.325965428215229780e-01
2.725432531281027764e+02
2.763385290053172412e+02
1.000000000000000000e+03
1.000000000000000000e+03
6.604193962330305645e+00
4.546295469532399380e+00
7.325965428215229780e-01
2.725432531281027764e+02
2.763385290053172412e+02
1.000000000000000000e+03
1.000000000000000000e+03
6.604193962330305645e+00
4.546295469532399380e+00
7.325965428215229780e-01
2.725432531281027764e+02
2.763385290053172412e+02
1.000000000000000000e+03
1.000000000000000000e+03
6.604193962330305645e+00
4.546295469532399380e+00
7.325965428215229780e-01
2.725432531281027764e+02
2.763385290053172412e+02
1.000000000000000000e+03
1.000000000000000000e+03
6.604193962330305645e+00
4.546295469532399380e+00
7.325965428215229780e-01
2.725432531281027764e+02
2.763385290053172412e+02
1.000000000000000000e+03
1.000000000000000000e+03
6.604193962330305645e+00
4.546295469532399380e+00
7.325965428215229780e-01
2.725432531281027764e+02
2.763385290053172412e+02
1.000000000000000000e+03
1.000000000000000000e+03
6.604193962330305645e+00
4.546295469532399380e+00
7.325965428215229780e-01
2.725432531281027764e+02
2.763385290053172412e+02
1.000000000000000000e+03
1.000000000000000000e+03
6.696160054853222299e+00
4.546295469532399380e+00
7.325965428215229780e-01
2.725432531281027764e+02
2.763385290053172412e+02
1.000000000000000000e+03
1.000000000000000000e+03
6.696160054853222299e+00
4.546295469532399380e+00
7.325965428215229780e-01
2.725432531281027764e+02
2.763385290053172412e+02
1.000000000000000000e+03
1.000000000000000000e+03
6.696160054853222299e+00
4.546295469532399380e+00
7.325965428215229780e-01
2.725432531281027764e+02
2.801866556459195294e+02
1.000000000000000000e+03
1.000000000000000000e+03
6.696160054853222299e+00
4.546295469532399380e+00
7.325965428215229780e-01
2.725432531281027764e+02
2.801866556459195294e+02
1.000000000000000000e+03
1.000000000000000000e+03
6.696160054853222299e+00
4.546295469532399380e+00
7.325965428215229780e-01
2.725432531281027764e+02
2.801866556459195294e+02
1.000000000000000000e+03
1.000000000000000000e+03
6.696160054853222299e+00
4.546295469532399380e+00
7.325965428215229780e-01
2.763385290053172412e+02
2.801866556459195294e+02
1.000000000000000000e+03
1.000000000000000000e+03
6.696160054853222299e+00
4.546295469532399380e+00
7.325965428215229780e-01
2.763385290053172412e+02
2.801866556459195294e+02
1.000000000000000000e+03
1.000000000000000000e+03
6.696160054853222299e+00
4.546295469532399380e+00
7.325965428215229780e-01
2.763385290053172412e+02
2.801866556459195294e+02
1.000000000000000000e+03
1.000000000000000000e+03
6.696160054853222299e+00
4.546295469532399380e+00
7.325965428215229780e-01
2.763385290053172412e+02
2.801866556459195294e+02
1.000000000000000000e+03
1.000000000000000000e+03
6.696160054853222299e+00
4.546295469532399380e+00
7.325965428215229780e-01
2.763385290053172412e+02
2.801866556459195294e+02
1.000000000000000000e+03
1.000000000000000000e+03
6.696160054853222299e+00
4.546295469532399380e+00
7.325965428215229780e-01
2.763385290053172412e+02
2.801866556459195294e+02
1.000000000000000000e+03
1.000000000000000000e+03
6.696160054853222299e+00
4.546295469532399380e+00
7.325965428215229780e-01
2.763385290053172412e+02
2.801866556459195294e+02
1.000000000000000000e+03
1.000000000000000000e+03
6.696160054853222299e+00
4.546295469532399380e+00
7.325965428215229780e-01
2.763385290053172412e+02
2.801866556459195294e+02
1.000000000000000000e+03
1.000000000000000000e+03
6.696160054853222299e+00
4.546295469532399380e+00
7.325965428215229780e-01
2.763385290053172412e+02
2.840883690183301269e+02
1.000000000000000000e+03
1.000000000000000000e+03
6.696160054853222299e+00
4.546295469532399380e+00
7.325965428215229780e-01
2.763385290053172412e+02
2.840883690183301269e+02
1.000000000000000000e+03
1.000000000000000000e+03
6.696160054853222299e+00
4.546295469532399380e+00
7.325965428215229780e-01
2.763385290053172412e+02
2.840883690183301269e+02
1.000000000000000000e+03
1.000000000000000000e+03
6.696160054853222299e+00
4.546295469532399380e+00
7.325965428215229780e-01
2.763385290053172412e+02
2.840883690183301269e+02
1.000000000000000000e+03
1.000000000000000000e+03
6.696160054853222299e+00
4.546295469532399380e+00
7.325965428215229780e-01
2.801866556459195294e+02
2.840883690183301269e+02
1.000000000000000000e+03
1.000000000000000000e+03
6.696160054853222299e+00
4.546295469532399380e+00
7.325965428215229780e-01
2.801866556459195294e+02
2.840883690183301269e+02
1.000000000000000000e+03
1.000000000000000000e+03
6.696160054853222299e+00
4.546295469532399380e+00
7.325965428215229780e-01
2.801866556459195294e+02
2.840883690183301269e+02
1.000000000000000000e+03
1.000000000000000000e+03
6.696160054853222299e+00
4.546295469532399380e+00
7.325965428215229780e-01
2.801866556459195294e+02
2.840883690183301269e+02
1.000000000000000000e+03
1.000000000000000000e+03
6.696160054853222299e+00
4.546295469532399380e+00
7.225349491787214085e-01
2.801866556459195294e+02
2.840883690183301269e+02
1.000000000000000000e+03
1.000000000000000000e+03
6.696160054853222299e+00
4.546295469532399380e+00
7.225349491787214085e-01
2.801866556459195294e+02
2.840883690183301269e+02
1.000000000000000000e+03
1.000000000000000000e+03
6.696160054853222299e+00
4.546295469532399380e+00
7.225349491787214085e-01
2.801866556459195294e+02
2.840883690183301269e+02
1.000000000000000000e+03
1.000000000000000000e+03
6.696160054853222299e+00
4.546295469532399380e+00
7.225349491787214085e-01
2.801866556459195294e+02
2.840883690183301269e+02
1.000000000000000000e+03
1.000000000000000000e+03
6.696160054853222299e+00
4.546295469532399380e+00
7.225349491787214085e-01
2.801866556459195294e+02
2.840883690183301269e+02
1.000000000000000000e+03
1.000000000000000000e+03
6.696160054853222299e+00
4.546295469532399380e+00
7.225349491787214085e-01
2.801866556459195294e+02
2.880444153396297793e+02
1.000000000000000000e+03
1.000000000000000000e+03
6.696160054853222299e+00
4.546295469532399380e+00
7.225349491787214085e-01
2.801866556459195294e+02
2.880444153396297793e+02
1.000000000000000000e+03
1.000000000000000000e+03
6.696160054853222299e+00
4.546295469532399380e+00
7.225349491787214085e-01
2.801866556459195294e+02
2.880444153396297793e+02
1.000000000000000000e+03
1.000000000000000000e+03
6.696160054853222299e+00
4.546295469532399380e+00
7.225349491787214085e-01
2.801866556459195294e+02
2.880444153396297793e+02
1.000000000000000000e+03
1.000000000000000000e+03
6.696160054853222299e+00
4.546295469532399380e+00
7.225349491787214085e-01
2.840883690183301269e+02
2.880444153396297793e+02
1.000000000000000000e+03
1.000000000000000000e+03
6.696160054853222299e+00
4.546295469532399380e+00
7.225349491787214085e-01
2.840883690183301269e+02
2.880444153396297793e+02
1.000000000000000000e+03
1.000000000000000000e+03
6.696160054853222299e+00
4.546295469532399380e+00
7.225349491787214085e-01
2.840883690183301269e+02
2.880444153396297793e+02
1.000000000000000000e+03
1.000000000000000000e+03
6.696160054853222299e+00
4.546295469532399380e+00
7.225349491787214085e-01
2.840883690183301269e+02
2.880444153396297793e+02
1.000000000000000000e+03
1.000000000000000000e+03
6.696160054853222299e+00
4.546295469532399380e+00
7.225349491787214085e-01
2.840883690183301269e+02
2.880444153396297793e+02
1.000000000000000000e+03
1.000000000000000000e+03
6.696160054853222299e+00
4.609604486828433600e+00
7.225349491787214085e-01
2.840883690183301269e+02
2.880444153396297793e+02
1.000000000000000000e+03
1.000000000000000000e+03
6.696160054853222299e+00
4.609604486828433600e+00
7.225349491787214085e-01
2.840883690183301269e+02
2.880444153396297793e+02
1.000000000000000000e+03
1.000000000000000000e+03
6.696160054853222299e+00
4.609604486828433600e+00
7.225349491787214085e-01
2.840883690183301269e+02
2.880444153396297793e+02
1.000000000000000000e+03
1.000000000000000000e+03
6.696160054853222299e+00
4.609604486828433600e+00
7.225349491787214085e-01
2.840883690183301269e+02
2.920555512182745019e+02
1.000000000000000000e+03
1.000000000000000000e+03
6.696160054853222299e+00
4.609604486828433600e+00
7.225349491787214085e-01
2.840883690183301269e+02
2.920555512182745019e+02
1.000000000000000000e+03
1.000000000000000000e+03
6.696160054853222299e+00
4.609604486828433600e+00
7.225349491787214085e-01
2.840883690183301269e+02
2.920555512182745019e+02
1.000000000000000000e+03
1.000000000000000000e+03
6.696160054853222299e+00
4.609604486828433600e+00
7.225349491787214085e-01
2.840883690183301269e+02
2.920555512182745019e+02
1.000000000000000000e+03
1.000000000000000000e+03
6.696160054853222299e+00
4.609604486828433600e+00
7.225349491787214085e-01
2.880444153396297793e+02
2.920555512182745019e+02
1.000000000000000000e+03
1.000000000000000000e+03
6.696160054853222299e+00
4.609604486828433600e+00
7.225349491787214085e-01
2.880444153396297793e+02
2.920555512182745019e+02
1.000000000000000000e+03
1.000000000000000000e+03
6.696160054853222299e+00
4.609604486828433600e+00
7.225349491787214085e-01
2.880444153396297793e+02
2.920555512182745019e+02
1.000000000000000000e+03
1.000000000000000000e+03
6.696160054853222299e+00
4.609604486828433600e+00
7.225349491787214085e-01
2.880444153396297793e+02
2.920555512182745019e+02
1.000000000000000000e+03
1.000000000000000000e+03
6.696160054853222299e+00
4.609604486828433600e+00
7.225349491787214085e-01
2.880444153396297793e+02
2.920555512182745019e+02
1.000000000000000000e+03
1.000000000000000000e+03
6.696160054853222299e+00
4.609604486828433600e+00
7.225349491787214085e-01
2.880444153396297793e+02
2.920555512182745019e+02
1.000000000000000000e+03
1.000000000000000000e+03
6.696160054853222299e+00
4.609604486828433600e+00
7.225349491787214085e-01
2.880444153396297793e+02
2.920555512182745019e+02
1.000000000000000000e+03
1.000000000000000000e+03
6.696160054853222299e+00
4.609604486828433600e+00
7.225349491787214085e-01
2.880444153396297793e+02
2.920555512182745019e+02
1.000000000000000000e+03
1.000000000000000000e+03
6.696160054853222299e+00
4.609604486828433600e+00
7.225349491787214085e-01
2.880444153396297793e+02
2.920555512182745019e+02
1.000000000000000000e+03
1.000000000000000000e+03
6.696160054853222299e+00
4.609604486828433600e+00
7.225349491787214085e-01
2.880444153396297793e+02
2.961225437988037470e+02
1.000000000000000000e+03
1.000000000000000000e+03
6.696160054853222299e+00
4.609604486828433600e+00
7.225349491787214085e-01
2.880444153396297793e+02
2.961225437988037470e+02
1.000000000000000000e+03
1.000000000000000000e+03
6.696160054853222299e+00
4.609604486828433600e+00
7.225349491787214085e-01
2.880444153396297793e+02
2.961225437988037470e+02
1.000000000000000000e+03
1.000000000000000000e+03
6.696160054853222299e+00
4.609604486828433600e+00
7.225349491787214085e-01
2.880444153396297793e+02
2.961225437988037470e+02
1.000000000000000000e+03
1.000000000000000000e+03
6.696160054853222299e+00
4.609604486828433600e+00
7.126115430111745752e-01
2.920555512182745019e+02
2.961225437988037470e+02
1.000000000000000000e+03
1.000000000000000000e+03
6.696160054853222299e+00
4.609604486828433600e+00
7.126115430111745752e-01
2.920555512182745019e+02
2.961225437988037470e+02
1.000000000000000000e+03
1.000000000000000000e+03
6.696160054853222299e+00
4.609604486828433600e+00
7.126115430111745752e-01
2.920555512182745019e+02
2.961225437988037470e+02
1.000000000000000000e+03
1.000000000000000000e+03
6.696160054853222299e+00
4.609604486828433600e+00
7.126115430111745752e-01
2.920555512182745019e+02
2.961225437988037470e+02
1.000000000000000000e+03
1.000000000000000000e+03
6.789406812696105575e+00
4.609604486828433600e+00
7.126115430111745752e-01
2.920555512182745019e+02
2.961225437988037470e+02
1.000000000000000000e+03
1.000000000000000000e+03
6.789406812696105575e+00
4.609604486828433600e+00
7.126115430111745752e-01
2.920555512182745019e+02
2.961225437988037470e+02
1.000000000000000000e+03
1.000000000000000000e+03
6.789406812696105575e+00
4.609604486828433600e+00
7.126115430111745752e-01
2.920555512182745019e+02
2.961225437988037470e+02
1.000000000000000000e+03
1.000000000000000000e+03
6.789406812696105575e+00
4.609604486828433600e+00
7.126115430111745752e-01
2.920555512182745019e+02
2.961225437988037470e+02
1.000000000000000000e+03
1.000000000000000000e+03
6.789406812696105575e+00
4.609604486828433600e+00
7.126115430111745752e-01
2.920555512182745019e+02
3.002461709085549160e+02
1.000000000000000000e+03
1.000000000000000000e+03
6.789406812696105575e+00
4.609604486828433600e+00
7.126115430111745752e-01
2.920555512182745019e+02
3.002461709085549160e+02
1.000000000000000000e+03
1.000000000000000000e+03
6.789406812696105575e+00
4.609604486828433600e+00
7.126115430111745752e-01
2.920555512182745019e+02
3.002461709085549160e+02
1.000000000000000000e+03
1.000000000000000000e+03
6.789406812696105575e+00
4.609604486828433600e+00
7.126115430111745752e-01
2.920555512182745019e+02
3.002461709085549160e+02
1.000000000000000000e+03
1.000000000000000000e+03
6.789406812696105575e+00
4.609604486828433600e+00
7.126115430111745752e-01
2.920555512182745019e+02
3.002461709085549160e+02
1.000000000000000000e+03
1.000000000000000000e+03
6.789406812696105575e+00
4.609604486828433600e+00
7.126115430111745752e-01
2.920555512182745019e+02
3.002461709085549160e+02
1.000000000000000000e+03
1.000000000000000000e+03
6.789406812696105575e+00
4.609604486828433600e+00
7.126115430111745752e-01
2.961225437988037470e+02
3.002461709085549160e+02
1.000000000000000000e+03
1.000000000000000000e+03
6.789406812696105575e+00
4.609604486828433600e+00
7.126115430111745752e-01
2.961225437988037470e+02
3.002461709085549160e+02
1.000000000000000000e+03
1.000000000000000000e+03
6.789406812696105575e+00
4.609604486828433600e+00
7.126115430111745752e-01
2.961225437988037470e+02
3.002461709085549160e+02
1.000000000000000000e+03
1.000000000000000000e+03
6.789406812696105575e+00
4.609604486828433600e+00
7.126115430111745752e-01
2.961225437988037470e+02
3.002461709085549160e+02
1.000000000000000000e+03
1.000000000000000000e+03
6.789406812696105575e+00
4.609604486828433600e+00
7.126115430111745752e-01
2.961225437988037470e+02
3.002461709085549160e+02
1.000000000000000000e+03
1.000000000000000000e+03
6.789406812696105575e+00
4.609604486828433600e+00
7.126115430111745752e-01
2.961225437988037470e+02
3.002461709085549160e+02
1.000000000000000000e+03
1.000000000000000000e+03
6.789406812696105575e+00
4.609604486828433600e+00
7.126115430111745752e-01
2.961225437988037470e+02
3.002461709085549160e+02
1.000000000000000000e+03
1.000000000000000000e+03
6.789406812696105575e+00
4.609604486828433600e+00
7.126115430111745752e-01
2.961225437988037470e+02
3.044272212064299765e+02
1.000000000000000000e+03
1.000000000000000000e+03
6.789406812696105575e+00
4.609604486828433600e+00
7.126115430111745752e-01
2.961225437988037470e+02
3.044272212064299765e+02
1.000000000000000000e+03
1.000000000000000000e+03
6.789406812696105575e+00
4.609604486828433600e+00
7.126115430111745752e-01
2.961225437988037470e+02
3.044272212064299765e+02
1.000000000000000000e+03
1.000000000000000000e+03
6.789406812696105575e+00
4.609604486828433600e+00
7.126115430111745752e-01
2.961225437988037470e+02
3.044272212064299765e+02
1.000000000000000000e+03
1.000000000000000000e+03
6.789406812696105575e+00
4.609604486828433600e+00
7.126115430111745752e-01
2.961225437988037470e+02
3.044272212064299765e+02
1.000000000000000000e+03
1.000000000000000000e+03
6.789406812696105575e+00
4.609604486828433600e+00
7.126115430111745752e-01
2.961225437988037470e+02
3.044272212064299765e+02
1.000000000000000000e+03
1.000000000000000000e+03
6.789406812696105575e+00
4.609604486828433600e+00
7.126115430111745752e-01
3.002461709085549160e+02
3.044272212064299765e+02
1.000000000000000000e+03
1.000000000000000000e+03
6.789406812696105575e+00
4.609604486828433600e+00
7.126115430111745752e-01
3.002461709085549160e+02
3.044272212064299765e+02
1.000000000000000000e+03
1.000000000000000000e+03
6.789406812696105575e+00
4.609604486828433600e+00
7.126115430111745752e-01
3.002461709085549160e+02
3.044272212064299765e+02
1.000000000000000000e+03
1.000000000000000000e+03
6.789406812696105575e+00
4.609604486828433600e+00
7.126115430111745752e-01
3.002461709085549160e+02
3.044272212064299765e+02
1.000000000000000000e+03
1.000000000000000000e+03
6.789406812696105575e+00
4.609604486828433600e+00
7.126115430111745752e-01
3.002461709085549160e+02
3.044272212064299765e+02
1.000000000000000000e+03
1.000000000000000000e+03
6.789406812696105575e+00
4.609604486828433600e+00
7.126115430111745752e-01
3.002461709085549160e+02
3.044272212064299765e+02
1.000000000000000000e+03
1.000000000000000000e+03
6.789406812696105575e+00
4.609604486828433600e+00
7.126115430111745752e-01
3.002461709085549160e+02
3.044272212064299765e+02
1.000000000000000000e+03
1.000000000000000000e+03
6.789406812696105575e+00
4.609604486828433600e+00
7.126115430111745752e-01
3.002461709085549160e+02
3.044272212064299765e+02
1.000000000000000000e+03
1.000000000000000000e+03
6.789406812696105575e+00
4.609604486828433600e+00
7.126115430111745752e-01
3.002461709085549160e+02
3.086664943337274281e+02
1.000000000000000000e+03
1.000000000000000000e+03
6.789406812696105575e+00
4.609604486828433600e+00
7.126115430111745752e-01
3.002461709085549160e+02
3.086664943337274281e+02
1.000000000000000000e+03
1.000000000000000000e+03
6.789406812696105575e+00
4.609604486828433600e+00
7.028244264308345368e-01
3.002461709085549160e+02
3.086664943337274281e+02
1.000000000000000000e+03
1.000000000000000000e+03
6.789406812696105575e+00
4.609604486828433600e+00
7.028244264308345368e-01
3.002461709085549160e+02
3.086664943337274281e+02
1.000000000000000000e+03
1.000000000000000000e+03
6.789406812696105575e+00
4.609604486828433600e+00
7.028244264308345368e-01
3.002461709085549160e+02
3.086664943337274281e+02
1.000000000000000000e+03
1.000000000000000000e+03
6.789406812696105575e+00
4.609604486828433600e+00
7.028244264308345368e-01
3.002461709085549160e+02
3.086664943337274281e+02
1.000000000000000000e+03
1.000000000000000000e+03
6.789406812696105575e+00
4.609604486828433600e+00
7.028244264308345368e-01
3.044272212064299765e+02
3.086664943337274281e+02
1.000000000000000000e+03
1.000000000000000000e+03
6.789406812696105575e+00
4.609604486828433600e+00
7.028244264308345368e-01
3.044272212064299765e+02
3.086664943337274281e+02
1.000000000000000000e+03
1.000000000000000000e+03
6.789406812696105575e+00
4.609604486828433600e+00
7.028244264308345368e-01
3.044272212064299765e+02
3.086664943337274281e+02
1.000000000000000000e+03
1.000000000000000000e+03
6.789406812696105575e+00
4.609604486828433600e+00
7.028244264308345368e-01
3.044272212064299765e+02
3.086664943337274281e+02
1.000000000000000000e+03
1.000000000000000000e+03
6.789406812696105575e+00
4.609604486828433600e+00
7.028244264308345368e-01
3.044272212064299765e+02
3.086664943337274281e+02
1.000000000000000000e+03
1.000000000000000000e+03
6.789406812696105575e+00
4.609604486828433600e+00
7.028244264308345368e-01
3.044272212064299765e+02
3.086664943337274281e+02
1.000000000000000000e+03
1.000000000000000000e+03
6.789406812696105575e+00
4.609604486828433600e+00
7.028244264308345368e-01
3.044272212064299765e+02
3.086664943337274281e+02
1.000000000000000000e+03
1.000000000000000000e+03
6.789406812696105575e+00
4.609604486828433600e+00
7.028244264308345368e-01
3.044272212064299765e+02
3.129648010670750296e+02
1.000000000000000000e+03
1.000000000000000000e+03
6.789406812696105575e+00
4.609604486828433600e+00
7.028244264308345368e-01
3.044272212064299765e+02
3.129648010670750296e+02
1.000000000000000000e+03
1.000000000000000000e+03
6.789406812696105575e+00
4.673795107992464004e+00
7.028244264308345368e-01
3.044272212064299765e+02
3.129648010670750296e+02
1.000000000000000000e+03
1.000000000000000000e+03
6.789406812696105575e+00
4.673795107992464004e+00
7.028244264308345368e-01
3.044272212064299765e+02
3.129648010670750296e+02
1.000000000000000000e+03
1.000000000000000000e+03
6.789406812696105575e+00
4.673795107992464004e+00
7.028244264308345368e-01
3.044272212064299765e+02
3.129648010670750296e+02
1.000000000000000000e+03
1.000000000000000000e+03
6.789406812696105575e+00
4.673795107992464004e+00
7.028244264308345368e-01
3.044272212064299765e+02
3.129648010670750296e+02
1.000000000000000000e+03
1.000000000000000000e+03
6.789406812696105575e+00
4.673795107992464004e+00
7.028244264308345368e-01
3.044272212064299765e+02
3.129648010670750296e+02
1.000000000000000000e+03
1.000000000000000000e+03
6.789406812696105575e+00
4.673795107992464004e+00
7.028244264308345368e-01
3.086664943337274281e+02
3.129648010670750296e+02
1.000000000000000000e+03
1.000000000000000000e+03
6.789406812696105575e+00
4.673795107992464004e+00
7.028244264308345368e-01
3.086664943337274281e+02
3.129648010670750296e+02
1.000000000000000000e+03
1.000000000000000000e+03
6.789406812696105575e+00
4.673795107992464004e+00
7.028244264308345368e-01
3.086664943337274281e+02
3.129648010670750296e+02
1.000000000000000000e+03
1.000000000000000000e+03
6.789406812696105575e+00
4.673795107992464004e+00
7.028244264308345368e-01
3.086664943337274281e+02
3.129648010670750296e+02
1.000000000000000000e+03
1.000000000000000000e+03
6.789406812696105575e+00
4.673795107992464004e+00
7.028244264308345368e-01
3.086664943337274281e+02
3.129648010670750296e+02
1.000000000000000000e+03
1.000000000000000000e+03
6.789406812696105575e+00
4.673795107992464004e+00
7.028244264308345368e-01
3.086664943337274281e+02
3.129648010670750296e+02
1.000000000000000000e+03
1.000000000000000000e+03
6.789406812696105575e+00
4.673795107992464004e+00
7.028244264308345368e-01
3.086664943337274281e+02
3.129648010670750296e+02
1.000000000000000000e+03
1.000000000000000000e+03
6.789406812696105575e+00
4.673795107992464004e+00
7.028244264308345368e-01
3.086664943337274281e+02
3.173229634734979641e+02
1.000000000000000000e+03
1.000000000000000000e+03
6.789406812696105575e+00
4.673795107992464004e+00
7.028244264308345368e-01
3.086664943337274281e+02
3.173229634734979641e+02
1.000000000000000000e+03
1.000000000000000000e+03
6.789406812696105575e+00
4.673795107992464004e+00
7.028244264308345368e-01
3.086664943337274281e+02
3.173229634734979641e+02
1.000000000000000000e+03
1.000000000000000000e+03
6.789406812696105575e+00
4.673795107992464004e+00
7.028244264308345368e-01
3.086664943337274281e+02
3.173229634734979641e+02
1.000000000000000000e+03
1.000000000000000000e+03
6.789406812696105575e+00
4.673795107992464004e+00
7.028244264308345368e-01
3.086664943337274281e+02
3.173229634734979641e+02
1.000000000000000000e+03
1.000000000000000000e+03
6.789406812696105575e+00
4.673795107992464004e+00
7.028244264308345368e-01
3.086664943337274281e+02
3.173229634734979641e+02
1.000000000000000000e+03
1.000000000000000000e+03
6.883952069645496330e+00
4.673795107992464004e+00
7.028244264308345368e-01
3.086664943337274281e+02
3.173229634734979641e+02
1.000000000000000000e+03
1.000000000000000000e+03
6.883952069645496330e+00
4.673795107992464004e+00
7.028244264308345368e-01
3.129648010670750296e+02
3.173229634734979641e+02
1.000000000000000000e+03
1.000000000000000000e+03
6.883952069645496330e+00
4.673795107992464004e+00
7.028244264308345368e-01
3.129648010670750296e+02
3.173229634734979641e+02
1.000000000000000000e+03
1.000000000000000000e+03
6.883952069645496330e+00
4.673795107992464004e+00
7.028244264308345368e-01
3.129648010670750296e+02
3.173229634734979641e+02
1.000000000000000000e+03
1.000000000000000000e+03
6.883952069645496330e+00
4.673795107992464004e+00
7.028244264308345368e-01
3.129648010670750296e+02
3.173229634734979641e+02
1.000000000000000000e+03
1.000000000000000000e+03
6.883952069645496330e+00
4.673795107992464004e+00
7.028244264308345368e-01
3.129648010670750296e+02
3.173229634734979641e+02
1.000000000000000000e+03
1.000000000000000000e+03
6.883952069645496330e+00
4.673795107992464004e+00
7.028244264308345368e-01
3.129648010670750296e+02
3.173229634734979641e+02
1.000000000000000000e+03
1.000000000000000000e+03
6.883952069645496330e+00
4.673795107992464004e+00
6.931717276155406893e-01
3.129648010670750296e+02
3.217418150676371624e+02
1.000000000000000000e+03
1.000000000000000000e+03
6.883952069645496330e+00
4.673795107992464004e+00
6.931717276155406893e-01
3.129648010670750296e+02
3.217418150676371624e+02
1.000000000000000000e+03
1.000000000000000000e+03
6.883952069645496330e+00
4.673795107992464004e+00
6.931717276155406893e-01
3.129648010670750296e+02
3.217418150676371624e+02
1.000000000000000000e+03
1.000000000000000000e+03
6.883952069645496330e+00
4.673795107992464004e+00
6.931717276155406893e-01
3.129648010670750296e+02
3.217418150676371624e+02
1.000000000000000000e+03
1.000000000000000000e+03
6.883952069645496330e+00
4.673795107992464004e+00
6.931717276155406893e-01
3.129648010670750296e+02
3.217418150676371624e+02
1.000000000000000000e+03
1.000000000000000000e+03
6.883952069645496330e+00
4.673795107992464004e+00
6.931717276155406893e-01
3.129648010670750296e+02
3.217418150676371624e+02
1.000000000000000000e+03
1.000000000000000000e+03
6.883952069645496330e+00
4.673795107992464004e+00
6.931717276155406893e-01
3.129648010670750296e+02
3.217418150676371624e+02
1.000000000000000000e+03
1.000000000000000000e+03
6.883952069645496330e+00
4.673795107992464004e+00
6.931717276155406893e-01
3.129648010670750296e+02
3.217418150676371624e+02
1.000000000000000000e+03
1.000000000000000000e+03
6.883952069645496330e+00
4.673795107992464004e+00
6.931717276155406893e-01
3.173229634734979641e+02
3.217418150676371624e+02
1.000000000000000000e+03
1.000000000000000000e+03
6.883952069645496330e+00
4.673795107992464004e+00
6.931717276155406893e-01
3.173229634734979641e+02
3.217418150676371624e+02
1.000000000000000000e+03
1.000000000000000000e+03
6.883952069645496330e+00
4.673795107992464004e+00
6.931717276155406893e-01
3.173229634734979641e+02
3.217418150676371624e+02
1.000000000000000000e+03
1.000000000000000000e+03
6.883952069645496330e+00
4.673795107992464004e+00
6.931717276155406893e-01
3.173229634734979641e+02
3.217418150676371624e+02
1.000000000000000000e+03
1.000000000000000000e+03
6.883952069645496330e+00
4.673795107992464004e+00
6.931717276155406893e-01
3.173229634734979641e+02
3.217418150676371624e+02
1.000000000000000000e+03
1.000000000000000000e+03
6.883952069645496330e+00
4.673795107992464004e+00
6.931717276155406893e-01
3.173229634734979641e+02
3.217418150676371624e+02
1.000000000000000000e+03
1.000000000000000000e+03
6.883952069645496330e+00
4.673795107992464004e+00
6.931717276155406893e-01
3.173229634734979641e+02
3.217418150676371624e+02
1.000000000000000000e+03
1.000000000000000000e+03
6.883952069645496330e+00
4.673795107992464004e+00
6.931717276155406893e-01
3.173229634734979641e+02
3.262222009711666715e+02
1.000000000000000000e+03
1.000000000000000000e+03
6.883952069645496330e+00
4.673795107992464004e+00
6.931717276155406893e-01
3.173229634734979641e+02
3.262222009711666715e+02
1.000000000000000000e+03
1.000000000000000000e+03
6.883952069645496330e+00
4.673795107992464004e+00
6.931717276155406893e-01
3.173229634734979641e+02
3.262222009711666715e+02
1.000000000000000000e+03
1.000000000000000000e+03
6.883952069645496330e+00
4.673795107992464004e+00
6.931717276155406893e-01
3.173229634734979641e+02
3.262222009711666715e+02
1.000000000000000000e+03
1.000000000000000000e+03
6.883952069645496330e+00
4.673795107992464004e+00
6.931717276155406893e-01
3.173229634734979641e+02
3.262222009711666715e+02
1.000000000000000000e+03
1.000000000000000000e+03
6.883952069645496330e+00
4.673795107992464004e+00
6.931717276155406893e-01
3.173229634734979641e+02
3.262222009711666715e+02
1.000000000000000000e+03
1.000000000000000000e+03
6.883952069645496330e+00
4.673795107992464004e+00
6.931717276155406893e-01
3.173229634734979641e+02
3.262222009711666715e+02
1.000000000000000000e+03
1.000000000000000000e+03
6.883952069645496330e+00
4.673795107992464004e+00
6.931717276155406893e-01
3.173229634734979641e+02
3.262222009711666715e+02
1.000000000000000000e+03
1.000000000000000000e+03
6.883952069645496330e+00
4.673795107992464004e+00
6.931717276155406893e-01
3.217418150676371624e+02
3.262222009711666715e+02
1.000000000000000000e+03
1.000000000000000000e+03
6.883952069645496330e+00
4.673795107992464004e+00
6.931717276155406893e-01
3.217418150676371624e+02
3.262222009711666715e+02
1.000000000000000000e+03
1.000000000000000000e+03
6.883952069645496330e+00
4.673795107992464004e+00
6.931717276155406893e-01
3.217418150676371624e+02
3.262222009711666715e+02
1.000000000000000000e+03
1.000000000000000000e+03
6.883952069645496330e+00
4.673795107992464004e+00
6.931717276155406893e-01
3.217418150676371624e+02
3.262222009711666715e+02
1.000000000000000000e+03
1.000000000000000000e+03
6.883952069645496330e+00
4.673795107992464004e+00
6.931717276155406893e-01
3.217418150676371624e+02
3.262222009711666715e+02
1.000000000000000000e+03
1.000000000000000000e+03
6.883952069645496330e+00
4.673795107992464004e+00
6.931717276155406893e-01
3.217418150676371624e+02
3.262222009711666715e+02
1.000000000000000000e+03
1.000000000000000000e+03
6.883952069645496330e+00
4.673795107992464004e+00
6.931717276155406893e-01
3.217418150676371624e+02
3.307649780744242776e+02
1.000000000000000000e+03
1.000000000000000000e+03
6.883952069645496330e+00
4.673795107992464004e+00
6.931717276155406893e-01
3.217418150676371624e+02
3.307649780744242776e+02
1.000000000000000000e+03
1.000000000000000000e+03
6.883952069645496330e+00
4.673795107992464004e+00
6.931717276155406893e-01
3.217418150676371624e+02
3.307649780744242776e+02
1.000000000000000000e+03
1.000000000000000000e+03
6.883952069645496330e+00
4.673795107992464004e+00
6.931717276155406893e-01
3.217418150676371624e+02
3.307649780744242776e+02
1.000000000000000000e+03
1.000000000000000000e+03
6.883952069645496330e+00
4.673795107992464004e+00
6.931717276155406893e-01
3.217418150676371624e+02
3.307649780744242776e+02
1.000000000000000000e+03
1.000000000000000000e+03
6.883952069645496330e+00
4.673795107992464004e+00
6.931717276155406893e-01
3.217418150676371624e+02
3.307649780744242776e+02
1.000000000000000000e+03
1.000000000000000000e+03
6.883952069645496330e+00
4.673795107992464004e+00
6.931717276155406893e-01
3.217418150676371624e+02
3.307649780744242776e+02
1.000000000000000000e+03
1.000000000000000000e+03
6.883952069645496330e+00
4.673795107992464004e+00
6.931717276155406893e-01
3.217418150676371624e+02
3.307649780744242776e+02
1.000000000000000000e+03
1.000000000000000000e+03
6.883952069645496330e+00
4.673795107992464004e+00
6.931717276155406893e-01
3.217418150676371624e+02
3.307649780744242776e+02
1.000000000000000000e+03
1.000000000000000000e+03
6.883952069645496330e+00
4.673795107992464004e+00
6.931717276155406893e-01
3.262222009711666715e+02
3.307649780744242776e+02
1.000000000000000000e+03
1.000000000000000000e+03
6.883952069645496330e+00
4.673795107992464004e+00
6.836516004510237998e-01
3.262222009711666715e+02
3.307649780744242776e+02
1.000000000000000000e+03
1.000000000000000000e+03
6.883952069645496330e+00
4.673795107992464004e+00
6.836516004510237998e-01
3.262222009711666715e+02
3.307649780744242776e+02
1.000000000000000000e+03
1.000000000000000000e+03
6.883952069645496330e+00
4.673795107992464004e+00
6.836516004510237998e-01
3.262222009711666715e+02
3.307649780744242776e+02
1.000000000000000000e+03
1.000000000000000000e+03
6.883952069645496330e+00
4.673795107992464004e+00
6.836516004510237998e-01
3.262222009711666715e+02
3.307649780744242776e+02
1.000000000000000000e+03
1.000000000000000000e+03
6.883952069645496330e+00
4.673795107992464004e+00
6.836516004510237998e-01
3.262222009711666715e+02
3.307649780744242776e+02
1.000000000000000000e+03
1.000000000000000000e+03
6.883952069645496330e+00
4.673795107992464004e+00
6.836516004510237998e-01
3.262222009711666715e+02
3.353710152002929021e+02
1.000000000000000000e+03
1.000000000000000000e+03
6.883952069645496330e+00
4.673795107992464004e+00
6.836516004510237998e-01
3.262222009711666715e+02
3.353710152002929021e+02
1.000000000000000000e+03
1.000000000000000000e+03
6.883952069645496330e+00
4.673795107992464004e+00
6.836516004510237998e-01
3.262222009711666715e+02
3.353710152002929021e+02
1.000000000000000000e+03
1.000000000000000000e+03
6.883952069645496330e+00
4.673795107992464004e+00
6.836516004510237998e-01
3.262222009711666715e+02
3.353710152002929021e+02
1.000000000000000000e+03
1.000000000000000000e+03
6.883952069645496330e+00
4.673795107992464004e+00
6.836516004510237998e-01
3.262222009711666715e+02
3.353710152002929021e+02
1.000000000000000000e+03
1.000000000000000000e+03
6.883952069645496330e+00
4.673795107992464004e+00
6.836516004510237998e-01
3.262222009711666715e+02
3.353710152002929021e+02
1.000000000000000000e+03
1.000000000000000000e+03
6.883952069645496330e+00
4.673795107992464004e+00
6.836516004510237998e-01
3.262222009711666715e+02
3.353710152002929021e+02
1.000000000000000000e+03
1.000000000000000000e+03
6.883952069645496330e+00
4.673795107992464004e+00
6.836516004510237998e-01
3.262222009711666715e+02
3.353710152002929021e+02
1.000000000000000000e+03
1.000000000000000000e+03
6.883952069645496330e+00
4.738879609717651320e+00
6.836516004510237998e-01
3.262222009711666715e+02
3.353710152002929021e+02
1.000000000000000000e+03
1.000000000000000000e+03
6.883952069645496330e+00
4.738879609717651320e+00
6.836516004510237998e-01
3.307649780744242776e+02
3.353710152002929021e+02
1.000000000000000000e+03
1.000000000000000000e+03
6.883952069645496330e+00
4.738879609717651320e+00
6.836516004510237998e-01
3.307649780744242776e+02
3.353710152002929021e+02
1.000000000000000000e+03
1.000000000000000000e+03
6.883952069645496330e+00
4.738879609717651320e+00
6.836516004510237998e-01
3.307649780744242776e+02
3.353710152002929021e+02
1.000000000000000000e+03
1.000000000000000000e+03
6.883952069645496330e+00
4.738879609717651320e+00
6.836516004510237998e-01
3.307649780744242776e+02
3.353710152002929021e+02
1.000000000000000000e+03
1.000000000000000000e+03
6.883952069645496330e+00
4.738879609717651320e+00
6.836516004510237998e-01
3.307649780744242776e+02
3.353710152002929021e+02
1.000000000000000000e+03
1.000000000000000000e+03
6.883952069645496330e+00
4.738879609717651320e+00
6.836516004510237998e-01
3.307649780744242776e+02
3.400411932703709681e+02
1.000000000000000000e+03
1.000000000000000000e+03
6.883952069645496330e+00
4.738879609717651320e+00
6.836516004510237998e-01
3.307649780744242776e+02
3.400411932703709681e+02
1.000000000000000000e+03
1.000000000000000000e+03
6.883952069645496330e+00
4.738879609717651320e+00
6.836516004510237998e-01
3.307649780744242776e+02
3.400411932703709681e+02
1.000000000000000000e+03
1.000000000000000000e+03
6.883952069645496330e+00
4.738879609717651320e+00
6.836516004510237998e-01
3.307649780744242776e+02
3.400411932703709681e+02
1.000000000000000000e+03
1.000000000000000000e+03
6.883952069645496330e+00
4.738879609717651320e+00
6.836516004510237998e-01
3.307649780744242776e+02
3.400411932703709681e+02
1.000000000000000000e+03
1.000000000000000000e+03
6.979813907830660469e+00
4.738879609717651320e+00
6.836516004510237998e-01
3.307649780744242776e+02
3.400411932703709681e+02
1.000000000000000000e+03
1.000000000000000000e+03
6.979813907830660469e+00
4.738879609717651320e+00
6.836516004510237998e-01
3.307649780744242776e+02
3.400411932703709681e+02
1.000000000000000000e+03
1.000000000000000000e+03
6.979813907830660469e+00
4.738879609717651320e+00
6.836516004510237998e-01
3.307649780744242776e+02
3.400411932703709681e+02
1.000000000000000000e+03
1.000000000000000000e+03
6.979813907830660469e+00
4.738879609717651320e+00
6.836516004510237998e-01
3.307649780744242776e+02
3.400411932703709681e+02
1.000000000000000000e+03
1.000000000000000000e+03
6.979813907830660469e+00
4.738879609717651320e+00
6.836516004510237998e-01
3.307649780744242776e+02
3.400411932703709681e+02
1.000000000000000000e+03
1.000000000000000000e+03
6.979813907830660469e+00
4.738879609717651320e+00
6.836516004510237998e-01
3.353710152002929021e+02
3.400411932703709681e+02
1.000000000000000000e+03
1.000000000000000000e+03
6.979813907830660469e+00
4.738879609717651320e+00
6.836516004510237998e-01
3.353710152002929021e+02
3.400411932703709681e+02
1.000000000000000000e+03
1.000000000000000000e+03
6.979813907830660469e+00
4.738879609717651320e+00
6.836516004510237998e-01
3.353710152002929021e+02
3.400411932703709681e+02
1.000000000000000000e+03
1.000000000000000000e+03
6.979813907830660469e+00
4.738879609717651320e+00
6.836516004510237998e-01
3.353710152002929021e+02
3.400411932703709681e+02
1.000000000000000000e+03
1.000000000000000000e+03
6.979813907830660469e+00
4.738879609717651320e+00
6.836516004510237998e-01
3.353710152002929021e+02
3.400411932703709681e+02
1.000000000000000000e+03
1.000000000000000000e+03
6.979813907830660469e+00
4.738879609717651320e+00
6.836516004510237998e-01
3.353710152002929021e+02
3.447764054734464025e+02
1.000000000000000000e+03
1.000000000000000000e+03
6.979813907830660469e+00
4.738879609717651320e+00
6.836516004510237998e-01
3.353710152002929021e+02
3.447764054734464025e+02
1.000000000000000000e+03
1.000000000000000000e+03
6.979813907830660469e+00
4.738879609717651320e+00
6.836516004510237998e-01
3.353710152002929021e+02
3.447764054734464025e+02
1.000000000000000000e+03
1.000000000000000000e+03
6.979813907830660469e+00
4.738879609717651320e+00
6.836516004510237998e-01
3.353710152002929021e+02
3.447764054734464025e+02
1.000000000000000000e+03
1.000000000000000000e+03
6.979813907830660469e+00
4.738879609717651320e+00
6.836516004510237998e-01
3.353710152002929021e+02
3.447764054734464025e+02
1.000000000000000000e+03
1.000000000000000000e+03
6.979813907830660469e+00
4.738879609717651320e+00
6.836516004510237998e-01
3.353710152002929021e+02
3.447764054734464025e+02
1.000000000000000000e+03
1.000000000000000000e+03
6.979813907830660469e+00
4.738879609717651320e+00
6.836516004510237998e-01
3.353710152002929021e+02
3.447764054734464025e+02
1.000000000000000000e+03
1.000000000000000000e+03
6.979813907830660469e+00
4.738879609717651320e+00
6.836516004510237998e-01
3.353710152002929021e+02
3.447764054734464025e+02
1.000000000000000000e+03
1.000000000000000000e+03
6.979813907830660469e+00
4.738879609717651320e+00
6.742622241778342129e-01
3.353710152002929021e+02
3.447764054734464025e+02
1.000000000000000000e+03
1.000000000000000000e+03
6.979813907830660469e+00
4.738879609717651320e+00
6.742622241778342129e-01
3.353710152002929021e+02
3.447764054734464025e+02
1.000000000000000000e+03
1.000000000000000000e+03
6.979813907830660469e+00
4.738879609717651320e+00
6.742622241778342129e-01
3.353710152002929021e+02
3.447764054734464025e+02
1.000000000000000000e+03
1.000000000000000000e+03
6.979813907830660469e+00
4.738879609717651320e+00
6.742622241778342129e-01
3.400411932703709681e+02
3.447764054734464025e+02
1.000000000000000000e+03
1.000000000000000000e+03
6.979813907830660469e+00
4.738879609717651320e+00
6.742622241778342129e-01
3.400411932703709681e+02
3.447764054734464025e+02
1.000000000000000000e+03
1.000000000000000000e+03
6.979813907830660469e+00
4.738879609717651320e+00
6.742622241778342129e-01
3.400411932703709681e+02
3.447764054734464025e+02
1.000000000000000000e+03
1.000000000000000000e+03
6.979813907830660469e+00
4.738879609717651320e+00
6.742622241778342129e-01
3.400411932703709681e+02
3.447764054734464025e+02
1.000000000000000000e+03
1.000000000000000000e+03
6.979813907830660469e+00
4.738879609717651320e+00
6.742622241778342129e-01
3.400411932703709681e+02
3.447764054734464025e+02
1.000000000000000000e+03
1.000000000000000000e+03
6.979813907830660469e+00
4.738879609717651320e+00
6.742622241778342129e-01
3.400411932703709681e+02
3.495775574363271403e+02
1.000000000000000000e+03
1.000000000000000000e+03
6.979813907830660469e+00
4.738879609717651320e+00
6.742622241778342129e-01
3.400411932703709681e+02
3.495775574363271403e+02
1.000000000000000000e+03
1.000000000000000000e+03
6.979813907830660469e+00
4.738879609717651320e+00
6.742622241778342129e-01
3.400411932703709681e+02
3.495775574363271403e+02
1.000000000000000000e+03
1.000000000000000000e+03
6.979813907830660469e+00
4.738879609717651320e+00
6.742622241778342129e-01
3.400411932703709681e+02
3.495775574363271403e+02
1.000000000000000000e+03
1.000000000000000000e+03
6.979813907830660469e+00
4.738879609717651320e+00
6.742622241778342129e-01
3.400411932703709681e+02
3.495775574363271403e+02
1.000000000000000000e+03
1.000000000000000000e+03
6.979813907830660469e+00
4.738879609717651320e+00
6.742622241778342129e-01
3.400411932703709681e+02
3.495775574363271403e+02
1.000000000000000000e+03
1.000000000000000000e+03
6.979813907830660469e+00
4.738879609717651320e+00
6.742622241778342129e-01
3.400411932703709681e+02
3.495775574363271403e+02
1.000000000000000000e+03
1.000000000000000000e+03
6.979813907830660469e+00
4.738879609717651320e+00
6.742622241778342129e-01
3.400411932703709681e+02
3.495775574363271403e+02
1.000000000000000000e+03
1.000000000000000000e+03
6.979813907830660469e+00
4.738879609717651320e+00
6.742622241778342129e-01
3.400411932703709681e+02
3.495775574363271403e+02
1.000000000000000000e+03
1.000000000000000000e+03
6.979813907830660469e+00
4.738879609717651320e+00
6.742622241778342129e-01
3.400411932703709681e+02
3.495775574363271403e+02
1.000000000000000000e+03
1.000000000000000000e+03
6.979813907830660469e+00
4.738879609717651320e+00
6.742622241778342129e-01
3.400411932703709681e+02
3.495775574363271403e+02
1.000000000000000000e+03
1.000000000000000000e+03
6.979813907830660469e+00
4.738879609717651320e+00
6.742622241778342129e-01
3.447764054734464025e+02
3.495775574363271403e+02
1.000000000000000000e+03
1.000000000000000000e+03
6.979813907830660469e+00
4.738879609717651320e+00
6.742622241778342129e-01
3.447764054734464025e+02
3.495775574363271403e+02
1.000000000000000000e+03
1.000000000000000000e+03
6.979813907830660469e+00
4.738879609717651320e+00
6.742622241778342129e-01
3.447764054734464025e+02
3.495775574363271403e+02
1.000000000000000000e+03
1.000000000000000000e+03
6.979813907830660469e+00
4.738879609717651320e+00
6.742622241778342129e-01
3.447764054734464025e+02
3.495775574363271403e+02
1.000000000000000000e+03
1.000000000000000000e+03
6.979813907830660469e+00
4.738879609717651320e+00
6.742622241778342129e-01
3.447764054734464025e+02
3.544455673970435328e+02
1.000000000000000000e+03
1.000000000000000000e+03
6.979813907830660469e+00
4.738879609717651320e+00
6.742622241778342129e-01
3.447764054734464025e+02
3.544455673970435328e+02
1.000000000000000000e+03
1.000000000000000000e+03
6.979813907830660469e+00
4.738879609717651320e+00
6.742622241778342129e-01
3.447764054734464025e+02
3.544455673970435328e+02
1.000000000000000000e+03
1.000000000000000000e+03
6.979813907830660469e+00
4.738879609717651320e+00
6.742622241778342129e-01
3.447764054734464025e+02
3.544455673970435328e+02
1.000000000000000000e+03
1.000000000000000000e+03
6.979813907830660469e+00
4.738879609717651320e+00
6.742622241778342129e-01
3.447764054734464025e+02
3.544455673970435328e+02
1.000000000000000000e+03
1.000000000000000000e+03
6.979813907830660469e+00
4.738879609717651320e+00
6.742622241778342129e-01
3.447764054734464025e+02
3.544455673970435328e+02
1.000000000000000000e+03
1.000000000000000000e+03
6.979813907830660469e+00
4.738879609717651320e+00
6.742622241778342129e-01
3.447764054734464025e+02
3.544455673970435328e+02
1.000000000000000000e+03
1.000000000000000000e+03
6.979813907830660469e+00
4.738879609717651320e+00
6.742622241778342129e-01
3.447764054734464025e+02
3.544455673970435328e+02
1.000000000000000000e+03
1.000000000000000000e+03
6.979813907830660469e+00
4.738879609717651320e+00
6.742622241778342129e-01
3.447764054734464025e+02
3.544455673970435328e+02
1.000000000000000000e+03
1.000000000000000000e+03
6.979813907830660469e+00
4.738879609717651320e+00
6.742622241778342129e-01
3.447764054734464025e+02
3.544455673970435328e+02
1.000000000000000000e+03
1.000000000000000000e+03
6.979813907830660469e+00
4.738879609717651320e+00
6.742622241778342129e-01
3.447764054734464025e+02
3.544455673970435328e+02
1.000000000000000000e+03
1.000000000000000000e+03
6.979813907830660469e+00
4.738879609717651320e+00
6.742622241778342129e-01
3.447764054734464025e+02
3.544455673970435328e+02
1.000000000000000000e+03
1.000000000000000000e+03
6.979813907830660469e+00
4.738879609717651320e+00
6.742622241778342129e-01
3.495775574363271403e+02
3.544455673970435328e+02
1.000000000000000000e+03
1.000000000000000000e+03
6.979813907830660469e+00
4.738879609717651320e+00
6.742622241778342129e-01
3.495775574363271403e+02
3.544455673970435328e+02
1.000000000000000000e+03
1.000000000000000000e+03
6.979813907830660469e+00
4.738879609717651320e+00
6.742622241778342129e-01
3.495775574363271403e+02
3.544455673970435328e+02
1.000000000000000000e+03
1.000000000000000000e+03
6.979813907830660469e+00
4.738879609717651320e+00
6.742622241778342129e-01
3.495775574363271403e+02
3.544455673970435328e+02
1.000000000000000000e+03
1.000000000000000000e+03
6.979813907830660469e+00
4.738879609717651320e+00
6.742622241778342129e-01
3.495775574363271403e+02
3.593813663804625662e+02
1.000000000000000000e+03
1.000000000000000000e+03
6.979813907830660469e+00
4.738879609717651320e+00
6.742622241778342129e-01
3.495775574363271403e+02
3.593813663804625662e+02
1.000000000000000000e+03
1.000000000000000000e+03
6.979813907830660469e+00
4.738879609717651320e+00
6.742622241778342129e-01
3.495775574363271403e+02
3.593813663804625662e+02
1.000000000000000000e+03
1.000000000000000000e+03
6.979813907830660469e+00
4.738879609717651320e+00
6.742622241778342129e-01
3.495775574363271403e+02
3.593813663804625662e+02
1.000000000000000000e+03
1.000000000000000000e+03
6.979813907830660469e+00
4.738879609717651320e+00
6.742622241778342129e-01
3.495775574363271403e+02
3.593813663804625662e+02
1.000000000000000000e+03
1.000000000000000000e+03
6.979813907830660469e+00
4.738879609717651320e+00
6.650018030431118499e-01
3.495775574363271403e+02
3.593813663804625662e+02
1.000000000000000000e+03
1.000000000000000000e+03
6.979813907830660469e+00
4.738879609717651320e+00
6.650018030431118499e-01
3.495775574363271403e+02
3.593813663804625662e+02
1.000000000000000000e+03
1.000000000000000000e+03
6.979813907830660469e+00
4.738879609717651320e+00
6.650018030431118499e-01
3.495775574363271403e+02
3.593813663804625662e+02
1.000000000000000000e+03
1.000000000000000000e+03
6.979813907830660469e+00
4.738879609717651320e+00
6.650018030431118499e-01
3.495775574363271403e+02
3.593813663804625662e+02
1.000000000000000000e+03
1.000000000000000000e+03
6.979813907830660469e+00
4.738879609717651320e+00
6.650018030431118499e-01
3.495775574363271403e+02
3.593813663804625662e+02
1.000000000000000000e+03
1.000000000000000000e+03
6.979813907830660469e+00
4.738879609717651320e+00
6.650018030431118499e-01
3.495775574363271403e+02
3.593813663804625662e+02
1.000000000000000000e+03
1.000000000000000000e+03
6.979813907830660469e+00
4.738879609717651320e+00
6.650018030431118499e-01
3.495775574363271403e+02
3.593813663804625662e+02
1.000000000000000000e+03
1.000000000000000000e+03
6.979813907830660469e+00
4.738879609717651320e+00
6.650018030431118499e-01
3.495775574363271403e+02
3.593813663804625662e+02
1.000000000000000000e+03
1.000000000000000000e+03
6.979813907830660469e+00
4.738879609717651320e+00
6.650018030431118499e-01
3.544455673970435328e+02
3.593813663804625662e+02
1.000000000000000000e+03
1.000000000000000000e+03
6.979813907830660469e+00
4.738879609717651320e+00
6.650018030431118499e-01
3.544455673970435328e+02
3.593813663804625662e+02
1.000000000000000000e+03
1.000000000000000000e+03
6.979813907830660469e+00
4.738879609717651320e+00
6.650018030431118499e-01
3.544455673970435328e+02
3.593813663804625662e+02
1.000000000000000000e+03
1.000000000000000000e+03
6.979813907830660469e+00
4.738879609717651320e+00
6.650018030431118499e-01
3.544455673970435328e+02
3.643858983763548167e+02
1.000000000000000000e+03
1.000000000000000000e+03
6.979813907830660469e+00
4.804870439655129388e+00
6.650018030431118499e-01
3.544455673970435328e+02
3.643858983763548167e+02
1.000000000000000000e+03
1.000000000000000000e+03
6.979813907830660469e+00
4.804870439655129388e+00
6.650018030431118499e-01
3.544455673970435328e+02
3.643858983763548167e+02
1.000000000000000000e+03
1.000000000000000000e+03
7.077010661181889262e+00
4.804870439655129388e+00
6.650018030431118499e-01
3.544455673970435328e+02
3.643858983763548167e+02
1.000000000000000000e+03
1.000000000000000000e+03
7.077010661181889262e+00
4.804870439655129388e+00
6.650018030431118499e-01
3.544455673970435328e+02
3.643858983763548167e+02
1.000000000000000000e+03
1.000000000000000000e+03
7.077010661181889262e+00
4.804870439655129388e+00
6.650018030431118499e-01
3.544455673970435328e+02
3.643858983763548167e+02
1.000000000000000000e+03
1.000000000000000000e+03
7.077010661181889262e+00
4.804870439655129388e+00
6.650018030431118499e-01
3.544455673970435328e+02
3.643858983763548167e+02
1.000000000000000000e+03
1.000000000000000000e+03
7.077010661181889262e+00
4.804870439655129388e+00
6.650018030431118499e-01
3.544455673970435328e+02
3.643858983763548167e+02
1.000000000000000000e+03
1.000000000000000000e+03
7.077010661181889262e+00
4.804870439655129388e+00
6.650018030431118499e-01
3.544455673970435328e+02
3.643858983763548167e+02
1.000000000000000000e+03
1.000000000000000000e+03
7.077010661181889262e+00
4.804870439655129388e+00
6.650018030431118499e-01
3.544455673970435328e+02
3.643858983763548167e+02
1.000000000000000000e+03
1.000000000000000000e+03
7.077010661181889262e+00
4.804870439655129388e+00
6.650018030431118499e-01
3.544455673970435328e+02
3.643858983763548167e+02
1.000000000000000000e+03
1.000000000000000000e+03
7.077010661181889262e+00
4.804870439655129388e+00
6.650018030431118499e-01
3.544455673970435328e+02
3.643858983763548167e+02
1.000000000000000000e+03
1.000000000000000000e+03
7.077010661181889262e+00
4.804870439655129388e+00
6.650018030431118499e-01
3.544455673970435328e+02
3.643858983763548167e+02
1.000000000000000000e+03
1.000000000000000000e+03
7.077010661181889262e+00
4.804870439655129388e+00
6.650018030431118499e-01
3.544455673970435328e+02
3.643858983763548167e+02
1.000000000000000000e+03
1.000000000000000000e+03
7.077010661181889262e+00
4.804870439655129388e+00
6.650018030431118499e-01
3.593813663804625662e+02
3.643858983763548167e+02
1.000000000000000000e+03
1.000000000000000000e+03
7.077010661181889262e+00
4.804870439655129388e+00
6.650018030431118499e-01
3.593813663804625662e+02
3.643858983763548167e+02
1.000000000000000000e+03
1.000000000000000000e+03
7.077010661181889262e+00
4.804870439655129388e+00
6.650018030431118499e-01
3.593813663804625662e+02
3.643858983763548167e+02
1.000000000000000000e+03
1.000000000000000000e+03
7.077010661181889262e+00
4.804870439655129388e+00
6.650018030431118499e-01
3.593813663804625662e+02
3.694601205199302285e+02
1.000000000000000000e+03
1.000000000000000000e+03
7.077010661181889262e+00
4.804870439655129388e+00
6.650018030431118499e-01
3.593813663804625662e+02
3.694601205199302285e+02
1.000000000000000000e+03
1.000000000000000000e+03
7.077010661181889262e+00
4.804870439655129388e+00
6.650018030431118499e-01
